# Blender 5.2.0 LTS
# www.blender.org
mtllib Esquina_superior.mtl
g Esquina_superior1_Holocron.001
v 0.028448 1.140298 0.946973
v -1.199686 1.157417 -0.204980
v -0.347182 1.146905 0.504360
v -0.768328 1.152702 0.113985
v -1.708700 1.161576 -0.489460
v 0.382852 1.131935 1.505039
v 0.024393 1.251920 0.952358
v -1.203741 1.269042 -0.199595
v -0.351237 1.258525 0.509746
v -0.772383 1.264326 0.119370
v -1.712752 1.273199 -0.484075
v 0.378797 1.243557 1.510424
v 0.254251 1.184499 1.719395
v -0.129004 1.193900 1.092312
v -0.504385 1.200510 0.649470
v 0.181844 1.198315 0.807019
v 0.507398 1.190991 1.296068
v -1.503004 1.219249 -0.604716
v -1.046217 1.215438 -0.345000
v -0.194037 1.204917 0.364636
v 0.812292 1.182556 1.857968
v -1.357210 1.211023 -0.059575
v -1.918448 1.215526 -0.368820
v -0.925772 1.206306 0.259317
v -2.004519 1.222528 -0.830450
v -0.614943 1.210721 -0.025961
v -3.351008 1.303185 -1.039438
v 1.057729 1.313600 -1.037690
v 1.053671 1.234672 3.365054
v 1.299890 1.073328 -1.042358
v 1.303377 -3.330957 -1.105201
v 1.295824 1.002370 3.369198
v 1.060690 1.077432 -1.280813
v -3.357733 1.072442 -1.284831
v 1.064180 -3.326521 -1.345804
v -1.005381 0.078399 -1.154492
v 0.172601 -1.124514 -1.185375
v -0.554823 -0.287575 -1.164855
v -0.155520 -0.700174 -1.175399
v 0.467901 -1.627230 -1.196203
v -1.570921 0.420670 -1.143287
v -1.010157 0.076017 -1.266189
v 0.167825 -1.126897 -1.297074
v -0.559599 -0.289956 -1.276553
v -0.160300 -0.702554 -1.287096
v 0.463125 -1.629611 -1.307901
v -1.575697 0.418289 -1.254984
v -1.782236 0.288394 -1.198962
v -1.147074 -0.081232 -1.211318
v -0.696291 -0.446951 -1.221679
v -0.868468 0.235649 -1.209363
v -1.364386 0.550562 -1.199309
v 0.579008 -1.418233 -1.250018
v 0.309583 -0.967191 -1.240247
v -0.418131 -0.130581 -1.219727
v -1.932699 0.843257 -1.188839
v 0.030843 -1.284220 -1.242203
v 0.352022 -1.838607 -1.254084
v -0.297205 -0.859797 -1.232226
v 0.815412 -1.914712 -1.260144
v -0.018614 -0.542935 -1.230270
v 1.201006 -1.030011 -0.089616
v 1.181379 0.140951 1.120371
v 1.202928 -0.581928 0.279525
v 1.195787 -0.185017 0.694499
v 1.156297 0.434042 1.623868
v 1.186868 -1.592706 -0.436436
v 1.311006 -1.043249 -0.074452
v 1.291380 0.127712 1.135534
v 1.312925 -0.595167 0.294688
v 1.305788 -0.198256 0.709661
v 1.266294 0.420803 1.639032
v 1.296869 -1.605944 -0.421273
v 1.210851 -1.807775 -0.300715
v 1.228212 -1.175776 0.074092
v 1.230177 -0.727469 0.442982
v 1.283804 -0.897484 -0.238161
v 1.272886 -1.390873 -0.556992
v 1.242079 0.540966 1.423547
v 1.264189 0.273542 0.971754
v 1.285677 -0.449624 0.131231
v 1.253546 -1.956446 -0.854512
v 1.208570 -0.004879 1.284153
v 1.180517 0.313876 1.839353
v 1.222994 -0.330774 0.858198
v 1.212591 0.775392 1.920193
v 1.278581 -0.052499 0.545962
v -0.554594 1.149927 0.301048
v -0.152342 1.143680 0.720519
v -0.982786 1.155193 -0.054216
v -1.429293 1.159457 -0.343932
v -2.066614 1.163990 -0.657200
v 0.199415 1.136631 1.191838
v 0.597814 1.125607 1.926163
v -0.558645 1.261549 0.306433
v -0.156397 1.255300 0.725904
v -0.986841 1.266815 -0.048830
v -1.433344 1.271080 -0.338547
v -2.070669 1.275613 -0.651815
v 0.195364 1.248253 1.197223
v 0.593759 1.237230 1.931549
v 0.045507 1.190106 1.345861
v -0.309641 1.197284 0.865715
v 0.349268 1.194782 1.043200
v -1.269293 1.217433 -0.480857
v 0.000898 1.201696 0.580707
v 0.830389 1.174122 2.414336
v -1.593344 1.213104 -0.201623
v -0.711886 1.203533 0.446239
v 0.530699 1.175969 2.287019
v -2.473360 1.222410 -0.836325
v 0.660879 1.186870 1.570693
v -1.749945 1.220922 -0.719831
v -1.140299 1.208795 0.091181
v -2.387339 1.218682 -0.589185
v -0.401358 1.207942 0.161241
v -0.829329 1.213212 -0.194226
v -1.022574 0.836723 -1.237436
v 1.250829 -1.032606 1.009864
v 0.813764 1.233630 1.035827
v -0.415930 -0.428017 0.408109
v -1.146639 1.308393 -1.038564
v 1.055700 1.274137 1.163681
v -1.148669 1.268929 1.162809
v 1.301634 -1.128816 -1.073780
v 1.297853 1.037848 1.163421
v 1.299600 -1.164295 1.131997
v -1.148524 1.074937 -1.282821
v 1.062433 -1.124546 -1.313309
v -1.146776 -1.127041 -1.315318
v -0.407610 -0.388512 -1.208222
v -0.408468 1.197853 0.424789
v 1.203455 -0.411833 0.403968
v -1.020437 1.230386 1.037519
v 1.252496 -1.007601 -0.833668
v 0.821840 -0.999779 -1.264928
v -1.018778 1.259313 -0.797271
v 1.250311 0.804746 1.035837
v -1.022051 -1.000293 -1.265557
v -0.347117 -0.490537 -1.170160
v -0.775107 -0.097455 -1.159615
v 0.017233 -0.910937 -1.180456
v 0.316431 -1.351050 -1.190369
v 0.643255 -1.981410 -1.203470
v -1.253855 0.244039 -1.149334
v -1.996565 0.626497 -1.135651
v -0.351893 -0.492919 -1.281859
v -0.779883 -0.099835 -1.271313
v 0.012453 -0.913317 -1.292156
v 0.311655 -1.353433 -1.302068
v 0.638479 -1.983794 -1.315169
v -1.258635 0.241659 -1.261032
v -2.001341 0.624116 -1.247348
v -1.404307 0.087763 -1.206015
v -0.916659 -0.256927 -1.216441
v -1.108183 0.397931 -1.204347
v 0.450178 -1.187269 -1.245109
v -0.638331 0.059636 -1.214487
v -2.489359 0.849377 -1.182904
v 0.177908 -1.517213 -1.247331
v -0.488665 -0.650007 -1.226987
v -2.355665 0.552534 -1.188876
v 0.831297 -2.383266 -1.267452
v -1.642241 0.698079 -1.194122
v 0.699377 -1.662608 -1.255046
v -0.124518 -1.070632 -1.237283
v 0.582361 -2.302596 -1.263593
v -0.210345 -0.333453 -1.225033
v 0.154203 -0.753623 -1.235327
v 1.200380 -0.375437 0.483780
v 1.203111 -0.800974 0.087912
v 1.189470 -0.013373 0.906128
v 1.171003 0.283746 1.347377
v 1.135809 0.607960 1.978238
v 1.196325 -1.277200 -0.257180
v 1.171041 -2.016324 -0.645942
v 1.310381 -0.388678 0.498944
v 1.313108 -0.814213 0.103076
v 1.299467 -0.026612 0.921292
v 1.281000 0.270506 1.362542
v 1.245809 0.594721 1.993402
v 1.306326 -1.290438 -0.242016
v 1.281042 -2.029561 -0.630780
v 1.223112 -1.431685 -0.096908
v 1.230341 -0.946600 0.251463
v 1.279535 -1.135954 -0.402288
v 1.254183 0.413129 1.192297
v 1.285879 -0.668588 -0.060478
v 1.206499 -2.511045 -0.866734
v 1.197820 0.141123 1.517622
v 1.227613 -0.521059 0.647327
v 1.188211 -2.378508 -0.569876
v 1.166948 0.790174 2.386613
v 1.263872 -1.667377 -0.706846
v 1.227907 0.660347 1.668048
v 1.216661 -0.159193 1.069901
v 1.153711 0.542335 2.303593
v 1.283148 -0.243056 0.335396
v 1.272276 0.119211 0.757521
v -3.839873 1.303373 -1.284192
v 0.200849 1.146596 0.788802
v 0.199045 1.142721 0.790400
v 0.201147 1.145127 0.788510
v 0.200903 1.143876 0.788711
v 0.200166 1.143030 0.789375
v -0.597758 1.155126 -0.042562
v -0.595938 1.159004 -0.044176
v -0.596628 1.155435 -0.043593
v -0.595888 1.156281 -0.044262
v -0.595644 1.157533 -0.044467
v -0.142138 1.137873 1.103532
v -0.144198 1.141813 1.105484
v -0.143282 1.138160 1.104587
v -0.144076 1.139009 1.105330
v -0.144400 1.140291 1.105644
v -0.940966 1.154224 0.272487
v -0.938898 1.150282 0.270530
v -0.941164 1.152702 0.272648
v -0.940844 1.151418 0.272332
v -0.940047 1.150568 0.271588
v -0.175028 1.153195 0.346419
v -0.176832 1.149323 0.348017
v -0.174734 1.151727 0.346127
v -0.174975 1.150476 0.346328
v -0.175711 1.149631 0.346992
v -0.519579 1.148425 0.662642
v -0.517527 1.144485 0.660698
v -0.519778 1.146904 0.662803
v -0.519457 1.145619 0.662490
v -0.518667 1.144770 0.661750
v -1.372401 1.158943 -0.046405
v -1.370299 1.154996 -0.048393
v -1.372599 1.157418 -0.046247
v -1.372271 1.156132 -0.046568
v -1.371462 1.155282 -0.047322
v -1.029074 1.159841 -0.361566
v -1.027216 1.163732 -0.363211
v -1.027930 1.160151 -0.362611
v -1.027174 1.161001 -0.363291
v -1.026926 1.162258 -0.363501
v -1.933638 1.163454 -0.355651
v -1.930544 1.159496 -0.357179
v -1.933760 1.161926 -0.355457
v -1.933214 1.160638 -0.355680
v -1.932085 1.159783 -0.356284
v -1.486853 1.163658 -0.621743
v -1.484015 1.167566 -0.622920
v -1.485331 1.163969 -0.622610
v -1.484255 1.164819 -0.623138
v -1.483793 1.166082 -0.623247
v -2.952955 1.170246 -0.829137
v -2.940295 1.166170 -0.824171
v -2.953478 1.170196 -0.827245
v -2.950102 1.168704 -0.828497
v -2.946696 1.167389 -0.827329
v -2.954275 1.170503 -0.829028
v -2.952322 1.168870 -0.828240
v -2.950102 1.167583 -0.827288
v -2.951582 1.167981 -0.827127
v -2.943556 1.166470 -0.824060
v -2.947207 1.167340 -0.824608
v -2.943251 1.166499 -0.825810
v -2.947138 1.166938 -0.825865
v -2.950320 1.167564 -0.826135
v -2.954561 1.170476 -0.828003
v -2.950690 1.168649 -0.825726
v -2.952601 1.168844 -0.826939
v -2.953635 1.168956 -0.827863
v -1.985537 1.170877 -0.848643
v -1.984324 1.166911 -0.845750
v -1.985007 1.169378 -0.848843
v -1.984587 1.168100 -0.848363
v -1.984350 1.167233 -0.847277
v 0.526396 1.139285 1.277857
v 0.525255 1.135379 1.280531
v 0.526743 1.137809 1.277646
v 0.526647 1.136549 1.278079
v 0.526125 1.135695 1.279093
v 0.240499 1.128489 1.729464
v 0.239057 1.132414 1.732567
v 0.239591 1.128770 1.730960
v 0.238996 1.129613 1.732075
v 0.238809 1.130894 1.732640
v 0.828439 1.126995 1.839110
v 0.831281 1.130872 1.839764
v 0.829962 1.127294 1.838943
v 0.831037 1.128135 1.839009
v 0.831499 1.129393 1.839297
v 0.833299 1.113691 2.979472
v 0.831487 1.113666 2.979988
v 0.827879 1.109903 2.966069
v 0.833227 1.113889 2.980803
v 0.832529 1.112209 2.976427
v 0.832330 1.112326 2.978684
v 0.831991 1.112393 2.980022
v 0.831171 1.111479 2.977856
v 0.829824 1.112190 2.977019
v 0.828554 1.110957 2.973331
v 0.832243 1.113878 2.981082
v 0.831060 1.112318 2.978965
v 0.830145 1.111103 2.976533
v 0.829595 1.110160 2.969174
v 0.831228 1.110969 2.972811
v 0.827871 1.110153 2.969486
v 0.829767 1.110538 2.973213
v 0.831278 1.111109 2.976312
v 0.158216 1.253819 0.829536
v 0.162840 1.250038 0.825236
v 0.159555 1.253545 0.828304
v 0.160902 1.252732 0.827054
v 0.162058 1.251499 0.825977
v -0.633944 1.262443 -0.007744
v -0.638582 1.266226 -0.003428
v -0.634730 1.263904 -0.007001
v -0.635885 1.265136 -0.005921
v -0.637240 1.265953 -0.004666
v -0.113810 1.245987 1.079139
v -0.109415 1.250019 1.075167
v -0.113119 1.247516 1.078528
v -0.112044 1.248819 1.077558
v -0.110743 1.249698 1.076378
v -0.906180 1.262426 0.242168
v -0.910578 1.258392 0.246144
v -0.907507 1.262105 0.243380
v -0.908808 1.261224 0.244562
v -0.909888 1.259922 0.245532
v -0.217661 1.260421 0.387151
v -0.213042 1.256645 0.382855
v -0.216322 1.260149 0.385920
v -0.214976 1.259336 0.384671
v -0.213824 1.258105 0.383595
v -0.484808 1.256629 0.632335
v -0.489187 1.252597 0.636297
v -0.486128 1.256307 0.633542
v -0.487425 1.255429 0.634719
v -0.488501 1.254127 0.635687
v -1.337584 1.267141 -0.076756
v -1.342016 1.263100 -0.072746
v -1.338923 1.266817 -0.075531
v -1.340235 1.265937 -0.074338
v -1.341322 1.264631 -0.073360
v -1.065214 1.267147 -0.326788
v -1.069899 1.270944 -0.322431
v -1.066004 1.268614 -0.326042
v -1.067171 1.269851 -0.324951
v -1.068541 1.270668 -0.323684
v -1.897574 1.271636 -0.385413
v -1.903258 1.267600 -0.381989
v -1.899390 1.271319 -0.384412
v -1.901110 1.270439 -0.383411
v -1.902468 1.269132 -0.382559
v -1.521998 1.270935 -0.586512
v -1.527933 1.274759 -0.582740
v -1.522883 1.272411 -0.585808
v -1.524325 1.273654 -0.584843
v -1.526095 1.274480 -0.583767
v -2.922613 1.274342 -0.855141
v -2.923098 1.274337 -0.853582
v -2.904314 1.278291 -0.851027
v -2.918467 1.275874 -0.855018
v -2.920729 1.275935 -0.854927
v -2.922102 1.275951 -0.854680
v -2.919192 1.276706 -0.854201
v -2.918871 1.275848 -0.852587
v -2.913821 1.277131 -0.851751
v -2.924189 1.274595 -0.854311
v -2.920927 1.275922 -0.853788
v -2.917467 1.277011 -0.853340
v -2.908560 1.278011 -0.852792
v -2.913531 1.277164 -0.854194
v -2.908709 1.277989 -0.851204
v -2.913363 1.277573 -0.853033
v -2.917345 1.277027 -0.854374
v -2.025099 1.278013 -0.806629
v -2.023501 1.274190 -0.812256
v -2.024924 1.277742 -0.808362
v -2.024557 1.276922 -0.810039
v -2.024058 1.275672 -0.811406
v 0.484594 1.246477 1.319939
v 0.488397 1.242704 1.314281
v 0.485616 1.246210 1.318188
v 0.486700 1.245398 1.316499
v 0.487676 1.244167 1.315127
v 0.269441 1.236582 1.706224
v 0.273054 1.240639 1.700806
v 0.270075 1.238116 1.705503
v 0.270983 1.239423 1.704220
v 0.272032 1.240308 1.702570
v 0.793295 1.234247 1.876174
v 0.787657 1.238096 1.878262
v 0.792433 1.235723 1.876750
v 0.791055 1.236972 1.877349
v 0.789381 1.237806 1.877880
v 0.863378 1.217828 2.953168
v 0.859083 1.222095 2.934532
v 0.861871 1.217832 2.953646
v 0.863241 1.219416 2.948930
v 0.862375 1.220787 2.943901
v 0.863191 1.219425 2.951244
v 0.862623 1.220585 2.947802
v 0.862474 1.220236 2.949687
v 0.859327 1.221724 2.938998
v 0.859941 1.220785 2.944199
v 0.860918 1.221727 2.938844
v 0.861231 1.221212 2.943748
v 0.861593 1.220585 2.947931
v 0.862600 1.218025 2.954748
v 0.860838 1.219419 2.949343
v 0.862066 1.219426 2.951443
v 0.862974 1.219416 2.952644
v 0.811155 1.306036 -0.798371
v 0.815412 1.305973 -0.794116
v 0.820001 1.310373 -0.802851
v 0.812784 1.306031 -0.798049
v 0.814169 1.306016 -0.797127
v 0.813101 1.307676 -0.798696
v 0.814127 1.307613 -0.798379
v 0.815462 1.308493 -0.798370
v 0.815763 1.307636 -0.796008
v 0.816755 1.309055 -0.798333
v 0.815088 1.305996 -0.795746
v 0.815443 1.307593 -0.797049
v 0.817888 1.310022 -0.801121
v 0.815466 1.309075 -0.799661
v 0.816831 1.309530 -0.799714
v 1.296514 -2.840681 -0.859543
v 1.296510 -2.841976 -0.856541
v 1.300825 -2.854351 -0.864353
v 1.296514 -2.842824 -0.858689
v 1.298147 -2.843657 -0.859934
v 1.298971 -2.845746 -0.860145
v 1.298147 -2.844747 -0.859024
v 1.299539 -2.848073 -0.861378
v 1.300482 -2.851055 -0.862538
v -2.848738 1.294180 -0.795085
v -2.862353 1.298517 -0.799617
v -2.849985 1.294124 -0.792068
v -2.851706 1.295811 -0.795411
v -2.850138 1.294174 -0.794854
v -2.853792 1.296630 -0.795586
v -2.859072 1.298156 -0.797864
v -2.856768 1.297671 -0.797019
v -2.850813 1.294142 -0.793221
v -2.852804 1.295791 -0.794505
v 0.812097 1.240180 2.866809
v 0.809080 1.240148 2.868056
v 0.816694 1.244179 2.880532
v 0.811212 1.240144 2.868938
v 0.812444 1.241757 2.869802
v 0.812631 1.242536 2.871907
v 0.811540 1.241733 2.870904
v 0.813429 1.243047 2.873469
v 0.815660 1.243915 2.877656
v 0.814081 1.243496 2.874905
v -2.862189 0.836877 -1.281553
v -2.863428 0.833870 -1.281598
v -2.875918 0.841480 -1.285795
v -2.863589 0.836648 -1.281556
v -2.865206 0.837247 -1.283183
v -2.867266 0.837432 -1.284005
v -2.864260 0.835019 -1.281583
v -2.866144 0.836540 -1.283138
v -2.872637 0.839738 -1.285478
v -2.870264 0.838876 -1.285011
v 1.295473 0.825504 -0.807715
v 1.299734 0.834365 -0.812087
v 1.295469 0.829704 -0.803395
v 1.297102 0.827454 -0.808028
v 1.298486 0.829822 -0.808970
v 1.295473 0.827127 -0.807370
v 1.297045 0.828474 -0.807694
v 1.297922 0.829802 -0.807679
v 1.299410 0.832599 -0.810016
v 1.298483 0.831094 -0.807637
v 1.298937 0.831186 -0.809009
v 1.295469 0.829402 -0.805031
v 1.295473 0.828498 -0.806426
v 1.297102 0.830078 -0.805312
v 1.297045 0.829771 -0.806351
v 1.292143 0.779813 2.875148
v 1.296388 0.784131 2.889036
v 1.292143 0.776788 2.876349
v 1.293768 0.780114 2.878208
v 1.294588 0.780248 2.880251
v 1.296068 0.783109 2.886027
v 1.295599 0.781622 2.883293
v 1.292143 0.778904 2.877265
v 1.293768 0.779136 2.879160
v 0.817072 0.837903 -1.280301
v 0.825876 0.842514 -1.284488
v 0.821333 0.833644 -1.280366
v 0.819006 0.838274 -1.281924
v 0.821359 0.839280 -1.283292
v 0.818704 0.837579 -1.280305
v 0.820036 0.837955 -1.281873
v 0.823770 0.840769 -1.284190
v 0.822729 0.839355 -1.283742
v 0.821954 0.837981 -1.283132
v 0.821008 0.835275 -1.280339
v 0.820085 0.836656 -1.280320
v 0.821680 0.835603 -1.281966
v 0.821359 0.836631 -1.281892
v 0.822374 -2.831871 -1.336474
v 0.827017 -2.845477 -1.340894
v 0.819357 -2.833125 -1.336495
v 0.822729 -2.834803 -1.338145
v 0.822145 -2.833272 -1.336497
v 0.822923 -2.836896 -1.338993
v 0.825975 -2.842609 -1.340545
v 0.824384 -2.839866 -1.340042
v 0.820513 -2.833951 -1.336507
v 0.822038 -2.835820 -1.338104
v 1.290643 1.225168 3.849577
v 1.291776 1.221619 3.851976
v 1.295259 1.220628 3.849405
v 1.290132 1.224872 3.850635
v 1.290167 1.224095 3.851461
v 1.292410 1.224817 3.849550
v 1.292181 1.224374 3.851470
v 1.292143 1.223736 3.852713
v 1.293318 1.223182 3.852635
v 1.293108 1.220617 3.851907
v 1.294241 1.220077 3.851392
v 1.290743 1.222954 3.851932
v 1.292528 1.222383 3.852596
v 1.293886 1.222013 3.852682
v 1.294904 1.222362 3.849458
v 1.293905 1.223832 3.849508
v 1.294992 1.220081 3.850514
v 1.294500 1.222090 3.851410
v -3.842036 1.304414 -1.280410
v -3.839625 1.307856 -1.279239
v -3.840632 1.302875 -1.283624
v -3.839571 1.305144 -1.283506
v -3.841501 1.304897 -1.283115
v -3.842753 1.304836 -1.282510
v -3.842695 1.305993 -1.281928
v -3.841974 1.305727 -1.279357
v -3.841494 1.306840 -1.278764
v -3.841974 1.303419 -1.281753
v -3.842654 1.305189 -1.281150
v -3.842760 1.306533 -1.280748
v -3.839609 1.307551 -1.281001
v -3.839590 1.306599 -1.282499
v -3.840670 1.307590 -1.278724
v -3.841521 1.307145 -1.280778
v 1.295461 1.316829 -1.272538
v 1.300039 1.312273 -1.272615
v 1.295500 1.312345 -1.277137
v 1.297212 1.316476 -1.272542
v 1.298700 1.315486 -1.272559
v 1.295469 1.316506 -1.274278
v 1.297159 1.315998 -1.274225
v 1.298509 1.315322 -1.274192
v 1.298105 1.314929 -1.275172
v 1.299696 1.312301 -1.274343
v 1.298715 1.312323 -1.275810
v 1.299692 1.314010 -1.272584
v 1.299188 1.313979 -1.274255
v 1.298517 1.313957 -1.275594
v 1.295488 1.314078 -1.276767
v 1.295477 1.315539 -1.275762
v 1.297239 1.312338 -1.276790
v 1.297170 1.314010 -1.276265
v 1.297121 1.315343 -1.275573
v 1.305929 -3.807576 -1.346057
v 1.302488 -3.810100 -1.347234
v 1.301336 -3.807565 -1.350713
v 1.305677 -3.808671 -1.345556
v 1.304937 -3.809535 -1.345605
v 1.305593 -3.807561 -1.347827
v 1.305197 -3.809506 -1.347625
v 1.304594 -3.810771 -1.347606
v 1.304025 -3.810695 -1.348788
v 1.301454 -3.810009 -1.348566
v 1.300871 -3.809496 -1.349695
v 1.303816 -3.810037 -1.346194
v 1.303236 -3.810678 -1.347995
v 1.302850 -3.810757 -1.349360
v 1.303106 -3.807557 -1.350345
v 1.304601 -3.807556 -1.349332
v 1.300833 -3.808639 -1.350448
v 1.302885 -3.809493 -1.349961
v -2.848711 1.217972 -0.796081
v -2.849959 1.217931 -0.793063
v -2.842695 1.213657 -0.791882
v -2.850573 1.217969 -0.796041
v -2.851462 1.217964 -0.795453
v -2.847792 1.216335 -0.795589
v -2.849623 1.216293 -0.795491
v -2.849264 1.215491 -0.794576
v -2.848948 1.216298 -0.792801
v -2.847208 1.214910 -0.792485
v -2.851248 1.217948 -0.794408
v -2.850172 1.216274 -0.794164
v -2.848673 1.215145 -0.793835
v -2.844538 1.213998 -0.793317
v -2.846327 1.214940 -0.794618
v -2.845015 1.213984 -0.792162
v -2.846979 1.214395 -0.793645
v 0.811178 1.219062 -0.799550
v 0.811178 1.214745 -0.795348
v 0.815435 1.219006 -0.795294
v 0.811178 1.217428 -0.799248
v 0.811178 1.216033 -0.798343
v 0.812811 1.219058 -0.799227
v 0.812849 1.217381 -0.798858
v 0.812765 1.216247 -0.798125
v 0.812807 1.215069 -0.795344
v 0.814188 1.215994 -0.795334
v 0.811178 1.215091 -0.796973
v 0.812849 1.215484 -0.797010
v 0.813974 1.216232 -0.796917
v 0.815115 1.219028 -0.796924
v 0.814192 1.219047 -0.798305
v 0.815115 1.217374 -0.795316
v 0.814722 1.217358 -0.796988
v 0.813974 1.217458 -0.798110
v 0.812120 1.169363 2.865905
v 0.807867 1.165183 2.859832
v 0.809107 1.169345 2.867152
v 0.811609 1.167744 2.864965
v 0.810617 1.166382 2.863482
v 0.812082 1.169338 2.867767
v 0.811510 1.167679 2.866796
v 0.810583 1.166895 2.866424
v 0.808153 1.165476 2.862156
v 0.808485 1.166370 2.864364
v 0.809305 1.165482 2.861679
v 0.809641 1.165842 2.864126
v 0.809839 1.166568 2.865831
v 0.810449 1.169328 2.868441
v 0.811495 1.169325 2.868657
v 0.808820 1.167727 2.866117
v 0.810182 1.167671 2.867344
v 1.208479 0.825478 -0.807795
v 1.208475 0.829681 -0.803473
v 1.204214 0.825418 -0.803536
v 1.208479 0.827104 -0.807447
v 1.208479 0.828474 -0.806504
v 1.206850 0.825474 -0.807473
v 1.206808 0.827140 -0.807056
v 1.206892 0.828254 -0.806293
v 1.206846 0.829355 -0.803481
v 1.205465 0.828432 -0.803494
v 1.208479 0.829378 -0.805109
v 1.206808 0.828988 -0.805157
v 1.205683 0.828237 -0.805085
v 1.204542 0.825441 -0.805167
v 1.205469 0.825461 -0.806550
v 1.204542 0.827049 -0.803514
v 1.204935 0.827113 -0.805183
v 1.205683 0.827046 -0.806311
v 1.209520 -2.840703 -0.859620
v 1.205255 -2.834761 -0.855279
v 1.209520 -2.841999 -0.856622
v 1.207891 -2.839796 -0.859092
v 1.206506 -2.838346 -0.858083
v 1.209524 -2.842566 -0.859607
v 1.207849 -2.841628 -0.859023
v 1.207060 -2.841280 -0.858092
v 1.205580 -2.837073 -0.855596
v 1.206503 -2.839262 -0.855963
v 1.205583 -2.836577 -0.856745
v 1.205972 -2.839014 -0.857115
v 1.206724 -2.840703 -0.857340
v 1.209520 -2.843266 -0.857983
v 1.209524 -2.843463 -0.859032
v 1.207887 -2.840991 -0.856323
v 1.207849 -2.842195 -0.857704
v 1.205148 0.779789 2.875071
v 1.205148 0.776767 2.876271
v 1.200895 0.775612 2.868956
v 1.205148 0.779542 2.876468
v 1.203523 0.779484 2.873676
v 1.203577 0.779106 2.875367
v 1.203619 0.778584 2.876439
v 1.202699 0.778111 2.875254
v 1.203520 0.776031 2.875047
v 1.202139 0.775556 2.873226
v 1.205148 0.777904 2.877117
v 1.203577 0.777467 2.876019
v 1.202318 0.777155 2.874725
v 1.201219 0.777221 2.870366
v 1.202139 0.778583 2.872024
v 1.201219 0.775406 2.871087
v 1.201689 0.777128 2.872773
v 1.202322 0.778448 2.874212
v -2.862215 0.835546 -1.194570
v -2.856165 0.831223 -1.190376
v -2.863459 0.832539 -1.194618
v -2.860831 0.835198 -1.192945
v -2.859194 0.834255 -1.191577
v -2.863619 0.835317 -1.194576
v -2.862528 0.834844 -1.193010
v -2.861380 0.834150 -1.191760
v -2.862429 0.833835 -1.192148
v -2.858301 0.831053 -1.190702
v -2.860434 0.831243 -1.191625
v -2.857554 0.832858 -1.190675
v -2.859961 0.832802 -1.191148
v -2.861914 0.832864 -1.191779
v -2.864290 0.833690 -1.194600
v -2.862246 0.831765 -1.192998
v -2.863199 0.833213 -1.193034
v -2.863604 0.834335 -1.193055
v 0.817041 0.836572 -1.193321
v 0.821306 0.832313 -1.193383
v 0.817041 0.832246 -1.189124
v 0.818674 0.836248 -1.193324
v 0.820055 0.835325 -1.193338
v 0.817041 0.836223 -1.191695
v 0.818716 0.835832 -1.191659
v 0.819837 0.835083 -1.191755
v 0.820982 0.832288 -1.191755
v 0.820055 0.832266 -1.190370
v 0.820982 0.833944 -1.193357
v 0.820589 0.833958 -1.191686
v 0.819837 0.833856 -1.190564
v 0.817041 0.833883 -1.189424
v 0.817041 0.835278 -1.190328
v 0.818674 0.832252 -1.189449
v 0.818716 0.833929 -1.189813
v 0.818628 0.835065 -1.190545
v 0.822347 -2.833200 -1.249492
v 0.819326 -2.834455 -1.249511
v 0.818083 -2.827270 -1.245143
v 0.822305 -2.835062 -1.249521
v 0.821722 -2.835955 -1.249534
v 0.821829 -2.832314 -1.247849
v 0.821733 -2.834143 -1.247835
v 0.820806 -2.833797 -1.247041
v 0.819044 -2.833469 -1.247865
v 0.818704 -2.831758 -1.246458
v 0.820673 -2.835741 -1.249532
v 0.820406 -2.834692 -1.247844
v 0.820062 -2.833217 -1.246697
v 0.819525 -2.829102 -1.245496
v 0.820837 -2.830873 -1.246444
v 0.818369 -2.829583 -1.245503
v 0.819860 -2.831533 -1.245922
v -0.850901 0.254207 -1.157257
v -0.852480 0.252309 -1.153419
v -0.850622 0.254485 -1.155782
v -0.850825 0.254220 -1.154534
v -0.851477 0.253457 -1.153705
v -0.002642 -0.526292 -1.174324
v -0.001047 -0.524376 -1.178166
v -0.001635 -0.525138 -1.174610
v -0.000979 -0.524369 -1.175442
v -0.000773 -0.524101 -1.176689
v -1.158270 -0.095494 -1.155565
v -1.160162 -0.097534 -1.159547
v -1.159300 -0.096657 -1.155875
v -1.160021 -0.097453 -1.156739
v -1.160322 -0.097761 -1.158028
v -0.310290 -0.876098 -1.180456
v -0.308398 -0.874052 -1.176471
v -0.310454 -0.876324 -1.178939
v -0.310152 -0.876015 -1.177647
v -0.309427 -0.875216 -1.176782
v -0.400564 -0.112023 -1.167619
v -0.402144 -0.113921 -1.163783
v -0.400286 -0.111744 -1.166145
v -0.400488 -0.112009 -1.164899
v -0.401140 -0.112773 -1.164068
v -0.709379 -0.463254 -1.169908
v -0.707499 -0.461222 -1.165927
v -0.709540 -0.463480 -1.168391
v -0.709242 -0.463174 -1.167102
v -0.708525 -0.462380 -1.166236
v 0.017759 -1.300521 -1.190439
v 0.019682 -1.298440 -1.186449
v 0.017599 -1.300746 -1.188918
v 0.017908 -1.300428 -1.187627
v 0.018640 -1.299619 -1.186758
v 0.325517 -0.950593 -1.184303
v 0.327139 -0.948640 -1.188156
v 0.326540 -0.949422 -1.184590
v 0.327207 -0.948640 -1.185423
v 0.327417 -0.948365 -1.186674
v 0.338934 -1.854907 -1.202328
v 0.340379 -1.851843 -1.198312
v 0.338739 -1.855058 -1.200803
v 0.338941 -1.854528 -1.199504
v 0.339517 -1.853401 -1.198630
v 0.595426 -1.402614 -1.194094
v 0.596559 -1.399691 -1.197952
v 0.596262 -1.401069 -1.194375
v 0.596769 -1.399971 -1.195207
v 0.596876 -1.399487 -1.196463
v 0.834108 -2.863677 -1.222955
v 0.828851 -2.851192 -1.218703
v 0.832227 -2.864242 -1.222924
v 0.833399 -2.860867 -1.221370
v 0.832151 -2.857504 -1.220007
v 0.834028 -2.864996 -1.223233
v 0.833189 -2.863087 -1.221573
v 0.832186 -2.860908 -1.220256
v 0.832056 -2.862387 -1.220679
v 0.828813 -2.854452 -1.219054
v 0.829443 -2.858076 -1.219980
v 0.830557 -2.854107 -1.219071
v 0.830694 -2.857985 -1.219570
v 0.831037 -2.861153 -1.220245
v 0.833009 -2.865303 -1.223214
v 0.830641 -2.861514 -1.221339
v 0.831896 -2.863392 -1.221555
v 0.832842 -2.864405 -1.221681
v 0.832952 -1.896181 -1.208106
v 0.830015 -1.895092 -1.204139
v 0.833135 -1.895668 -1.206601
v 0.832643 -1.895280 -1.205320
v 0.831548 -1.895079 -1.204455
v -1.346823 0.569116 -1.147218
v -1.349493 0.567855 -1.143345
v -1.346628 0.569444 -1.145737
v -1.347063 0.569318 -1.144480
v -1.348070 0.568761 -1.143640
v -1.792269 0.273540 -1.143230
v -1.795321 0.272092 -1.147192
v -1.793745 0.272603 -1.143531
v -1.794844 0.272001 -1.144390
v -1.795397 0.271820 -1.145676
v -1.914450 0.858915 -1.132934
v -1.915148 0.861802 -1.136771
v -1.914313 0.860445 -1.133208
v -1.914400 0.861530 -1.134033
v -1.914690 0.862009 -1.135285
v -3.054705 0.839296 -1.125259
v -3.055182 0.837472 -1.125266
v -3.041209 0.834101 -1.121491
v -3.056032 0.839197 -1.125468
v -3.051649 0.838568 -1.123775
v -3.053904 0.838323 -1.123908
v -3.055235 0.837957 -1.123986
v -3.053053 0.837169 -1.123074
v -3.052187 0.835850 -1.123803
v -3.048479 0.834639 -1.122571
v -3.056292 0.838211 -1.125472
v -3.054159 0.837049 -1.123921
v -3.051714 0.836164 -1.122709
v -3.044348 0.835758 -1.121736
v -3.048014 0.837324 -1.122537
v -3.044623 0.834026 -1.121759
v -3.048388 0.835847 -1.122132
v -3.051516 0.837303 -1.122694
v -0.890215 0.212440 -1.265348
v -0.886034 0.217091 -1.261472
v -0.889014 0.213798 -1.265046
v -0.887797 0.215161 -1.264204
v -0.886748 0.216316 -1.262949
v -0.036181 -0.561491 -1.282377
v -0.040377 -0.566160 -1.286256
v -0.036898 -0.562268 -1.283856
v -0.037947 -0.563427 -1.285112
v -0.039168 -0.564795 -1.285954
v -1.133986 -0.064928 -1.263090
v -1.130091 -0.060387 -1.267031
v -1.133383 -0.064199 -1.264604
v -1.132429 -0.063080 -1.265886
v -1.131274 -0.061743 -1.266738
v -0.280218 -0.838948 -1.287937
v -0.284121 -0.843493 -1.283994
v -0.281405 -0.840305 -1.287645
v -0.282561 -0.841644 -1.286791
v -0.283514 -0.842765 -1.285509
v -0.439879 -0.153786 -1.275714
v -0.435702 -0.149140 -1.271841
v -0.438677 -0.152429 -1.275413
v -0.437460 -0.151068 -1.274572
v -0.436415 -0.149914 -1.273318
v -0.679316 -0.426116 -1.277394
v -0.683203 -0.430647 -1.273453
v -0.680498 -0.427468 -1.277099
v -0.681650 -0.428803 -1.276247
v -0.682600 -0.429919 -1.274966
v 0.047865 -1.263336 -1.297917
v 0.043928 -1.267920 -1.293967
v 0.046667 -1.264706 -1.297621
v 0.045500 -1.266059 -1.296767
v 0.044538 -1.267188 -1.295483
v 0.292021 -0.985746 -1.292341
v 0.287782 -0.990460 -1.296232
v 0.291296 -0.986527 -1.293823
v 0.290239 -0.987697 -1.295083
v 0.289003 -0.989079 -1.295930
v 0.368425 -1.816491 -1.309770
v 0.365106 -1.822309 -1.305843
v 0.367460 -1.818335 -1.309487
v 0.366491 -1.820086 -1.308638
v 0.365663 -1.821483 -1.307360
v 0.561453 -1.436779 -1.302091
v 0.557829 -1.442730 -1.306030
v 0.560774 -1.437656 -1.303584
v 0.559847 -1.439095 -1.304858
v 0.558813 -1.440878 -1.305714
v 0.859941 -2.831130 -1.326424
v 0.858392 -2.831646 -1.326434
v 0.855455 -2.812860 -1.330105
v 0.859983 -2.832438 -1.326701
v 0.859735 -2.826961 -1.327893
v 0.859693 -2.829226 -1.327988
v 0.859476 -2.830603 -1.328028
v 0.858938 -2.827692 -1.328739
v 0.857313 -2.827422 -1.327884
v 0.856378 -2.822368 -1.329090
v 0.858560 -2.829446 -1.327986
v 0.858045 -2.825984 -1.329023
v 0.857309 -2.817073 -1.329881
v 0.858812 -2.822023 -1.329108
v 0.855726 -2.817255 -1.329870
v 0.857652 -2.821877 -1.329520
v 0.859075 -2.825836 -1.329027
v 0.792295 -1.934904 -1.316067
v 0.797865 -1.933248 -1.312193
v 0.794019 -1.934699 -1.315786
v 0.795686 -1.934311 -1.314951
v 0.797037 -1.933803 -1.313689
v -1.387503 0.528150 -1.255268
v -1.381949 0.532010 -1.251407
v -1.385779 0.529205 -1.254976
v -1.384115 0.530308 -1.254139
v -1.382769 0.531293 -1.252886
v -1.769148 0.304698 -1.250731
v -1.763788 0.308490 -1.254702
v -1.768435 0.305370 -1.252249
v -1.767164 0.306325 -1.253536
v -1.765532 0.307422 -1.254398
v -1.950255 0.824710 -1.240917
v -1.952204 0.819091 -1.244862
v -1.950804 0.823860 -1.242408
v -1.951369 0.822493 -1.243682
v -1.951861 0.820817 -1.244544
v -3.028563 0.871593 -1.228773
v -3.009821 0.867764 -1.233015
v -3.029009 0.870075 -1.228803
v -3.024317 0.871568 -1.230343
v -3.019263 0.870834 -1.231701
v -3.029886 0.871606 -1.228974
v -3.026629 0.871472 -1.230364
v -3.023169 0.870996 -1.231514
v -3.025053 0.870799 -1.231177
v -3.014292 0.867906 -1.232662
v -3.019511 0.868396 -1.231739
v -3.014174 0.869497 -1.232639
v -3.019083 0.869699 -1.232144
v -3.023276 0.869964 -1.231530
v -3.024679 0.869156 -1.230383
v -3.026804 0.870344 -1.230383
v -3.028025 0.871224 -1.230365
v 1.235658 -0.875998 -0.262413
v 1.231519 -0.877281 -0.260984
v 1.234251 -0.875607 -0.262855
v 1.232969 -0.875713 -0.262740
v 1.232008 -0.876300 -0.262082
v 1.226293 -0.032311 0.523156
v 1.230436 -0.031013 0.521709
v 1.226785 -0.031327 0.522052
v 1.227747 -0.030734 0.521389
v 1.229028 -0.030623 0.521269
v 1.170500 -1.182726 0.081739
v 1.174066 -1.184914 0.084204
v 1.170595 -1.183777 0.082920
v 1.171304 -1.184563 0.083801
v 1.172525 -1.184962 0.084253
v 1.168852 -0.339913 0.868309
v 1.165285 -0.337719 0.865838
v 1.167310 -0.339961 0.868358
v 1.166090 -0.339559 0.867907
v 1.165380 -0.338774 0.867020
v 1.237528 -0.428136 0.106977
v 1.233392 -0.429420 0.108407
v 1.236120 -0.427747 0.106535
v 1.234842 -0.427855 0.106651
v 1.233885 -0.428442 0.107309
v 1.176031 -0.736607 0.453094
v 1.172464 -0.734428 0.450636
v 1.174490 -0.736656 0.453145
v 1.173269 -0.736259 0.452694
v 1.172559 -0.735477 0.451814
v 1.154432 -0.014018 1.294262
v 1.150865 -0.011795 1.291756
v 1.152891 -0.014065 1.294310
v 1.151670 -0.013659 1.293850
v 1.150961 -0.012861 1.292953
v 1.211889 0.293693 0.948987
v 1.216055 0.295022 0.947507
v 1.212385 0.294691 0.947868
v 1.213354 0.295294 0.947193
v 1.214639 0.295411 0.947067
v 1.126386 0.304739 1.849462
v 1.122869 0.306487 1.845973
v 1.124845 0.304656 1.849435
v 1.123632 0.304960 1.848762
v 1.122942 0.305603 1.847547
v 1.189726 0.561598 1.401760
v 1.193968 0.562439 1.399312
v 1.190244 0.562412 1.400267
v 1.191232 0.562858 1.399277
v 1.192541 0.562866 1.398942
v 1.067644 0.795839 2.858723
v 1.064478 0.790936 2.845780
v 1.067404 0.793966 2.859262
v 1.066343 0.795257 2.855742
v 1.065286 0.794121 2.852234
v 1.067758 0.795740 2.860067
v 1.066274 0.795032 2.857968
v 1.065145 0.794132 2.855643
v 1.065382 0.793970 2.857158
v 1.064447 0.790869 2.849058
v 1.064993 0.791420 2.852772
v 1.064630 0.792605 2.848736
v 1.064691 0.792702 2.852648
v 1.065019 0.792988 2.855873
v 1.067632 0.794724 2.860358
v 1.066030 0.792508 2.856355
v 1.066122 0.793741 2.858259
v 1.066206 0.794676 2.859286
v 1.164507 0.796851 1.895972
v 1.160482 0.794224 1.894405
v 1.163088 0.797147 1.895292
v 1.161825 0.796752 1.894756
v 1.160909 0.795725 1.894444
v 1.224752 -1.369391 -0.581240
v 1.220571 -1.371759 -0.580458
v 1.223337 -1.369081 -0.581734
v 1.222044 -1.369422 -0.581757
v 1.221075 -1.370365 -0.581310
v 1.153181 -1.813567 -0.292469
v 1.156709 -1.816915 -0.290606
v 1.153261 -1.815063 -0.291519
v 1.153959 -1.816224 -0.290831
v 1.155168 -1.816874 -0.290510
v 1.201353 -1.933991 -0.876314
v 1.205435 -1.934974 -0.878748
v 1.201811 -1.933875 -0.877803
v 1.202745 -1.934020 -0.878785
v 1.204019 -1.934404 -0.879120
v 1.105715 -3.070398 -0.868897
v 1.105474 -3.070878 -0.867090
v 1.102400 -3.056661 -0.864037
v 1.105810 -3.071741 -0.868788
v 1.104391 -3.067244 -0.868315
v 1.104322 -3.069499 -0.868078
v 1.104257 -3.070833 -0.867718
v 1.103430 -3.068591 -0.867018
v 1.104063 -3.067780 -0.865618
v 1.102983 -3.063991 -0.864520
v 1.105680 -3.072000 -0.867810
v 1.104170 -3.069755 -0.866812
v 1.103052 -3.067225 -0.866050
v 1.102594 -3.059809 -0.865685
v 1.103296 -3.063522 -0.867187
v 1.102396 -3.060083 -0.863965
v 1.102693 -3.063867 -0.865772
v 1.103185 -3.067027 -0.867179
v 1.334940 -0.923440 -0.208882
v 1.331953 -0.918972 -0.213907
v 1.334890 -0.922218 -0.210255
v 1.334303 -0.920939 -0.211692
v 1.333273 -0.919799 -0.212974
v 1.326730 -0.073986 0.570215
v 1.329717 -0.078470 0.575258
v 1.328050 -0.074815 0.571149
v 1.329080 -0.075958 0.572436
v 1.329664 -0.077242 0.573878
v 1.282354 -1.166634 0.063982
v 1.287077 -1.163044 0.059962
v 1.283987 -1.166148 0.063438
v 1.285455 -1.165294 0.062483
v 1.286539 -1.164204 0.061264
v 1.281858 -0.318037 0.844064
v 1.277136 -0.321634 0.848087
v 1.281324 -0.319199 0.845366
v 1.280237 -0.320290 0.846588
v 1.278764 -0.321145 0.847543
v 1.336813 -0.475579 0.160507
v 1.333830 -0.471114 0.155488
v 1.336763 -0.474357 0.159136
v 1.336179 -0.473078 0.157701
v 1.335150 -0.471941 0.156419
v 1.289037 -0.714747 0.428864
v 1.284319 -0.718329 0.432870
v 1.288503 -0.715902 0.430160
v 1.287416 -0.716988 0.431377
v 1.285948 -0.717841 0.432328
v 1.267442 0.007887 1.269982
v 1.262705 0.004259 1.274042
v 1.266901 0.006714 1.271298
v 1.265814 0.005610 1.272532
v 1.264337 0.004749 1.273495
v 1.312322 0.252061 0.996001
v 1.315313 0.247532 1.001091
v 1.313646 0.251225 0.996940
v 1.314680 0.250074 0.998239
v 1.315267 0.248777 0.999695
v 1.239458 0.326033 1.823947
v 1.234648 0.323017 1.829244
v 1.238893 0.325094 1.825736
v 1.237779 0.324190 1.827371
v 1.236288 0.323461 1.828602
v 1.290193 0.519493 1.447785
v 1.293134 0.515573 1.454114
v 1.291521 0.518703 1.448822
v 1.292543 0.517681 1.450389
v 1.293112 0.516582 1.452248
v 1.175825 0.813785 2.838546
v 1.175661 0.812241 2.839046
v 1.181242 0.809055 2.820778
v 1.177744 0.813476 2.834572
v 1.177576 0.813425 2.836831
v 1.177438 0.813202 2.838202
v 1.178442 0.812616 2.835387
v 1.177503 0.811060 2.835002
v 1.179209 0.810039 2.830112
v 1.175863 0.812971 2.840147
v 1.177461 0.812294 2.837039
v 1.178850 0.811702 2.833714
v 1.180673 0.810915 2.824956
v 1.179449 0.812467 2.829800
v 1.180521 0.809337 2.825117
v 1.179785 0.811279 2.829687
v 1.178949 0.812731 2.833578
v 1.263910 0.748078 1.946454
v 1.260683 0.753930 1.944419
v 1.263784 0.749821 1.946234
v 1.263128 0.751547 1.945770
v 1.262037 0.752988 1.945133
v 1.323988 -1.418196 -0.528520
v 1.321024 -1.412357 -0.532744
v 1.323950 -1.416450 -0.529586
v 1.323370 -1.414728 -0.530762
v 1.322347 -1.413291 -0.531871
v 1.264993 -1.798635 -0.310828
v 1.269769 -1.793591 -0.314084
v 1.266630 -1.798038 -0.311313
v 1.268110 -1.796866 -0.312103
v 1.269212 -1.795306 -0.313075
v 1.301664 -1.977920 -0.830272
v 1.304777 -1.980168 -0.824255
v 1.303003 -1.978581 -0.829259
v 1.304064 -1.979241 -0.827761
v 1.304689 -1.979797 -0.826003
v 1.213934 -3.052152 -0.888818
v 1.219103 -3.033788 -0.884342
v 1.213754 -3.052598 -0.887312
v 1.215803 -3.048038 -0.888572
v 1.217447 -3.043099 -0.887635
v 1.215643 -3.050343 -0.888497
v 1.216985 -3.046980 -0.887858
v 1.216486 -3.048832 -0.887717
v 1.218435 -3.038220 -0.884567
v 1.217184 -3.043352 -0.885210
v 1.218603 -3.038095 -0.886151
v 1.217767 -3.042953 -0.886455
v 1.216875 -3.047091 -0.886832
v 1.213938 -3.053727 -0.888005
v 1.215540 -3.048401 -0.886173
v 1.215517 -3.050519 -0.887375
v 1.215509 -3.051733 -0.888263
v -0.384161 1.152349 0.144628
v -0.382349 1.156223 0.143024
v -0.383036 1.152656 0.143601
v -0.382300 1.153501 0.142935
v -0.382056 1.154752 0.142733
v -0.322779 1.141260 0.876941
v -0.324831 1.145199 0.878887
v -0.323920 1.141544 0.877995
v -0.324713 1.142395 0.878735
v -0.325033 1.143678 0.879048
v 0.018102 1.146101 0.564086
v 0.019907 1.149974 0.562490
v 0.019224 1.146410 0.563062
v 0.019960 1.147255 0.562399
v 0.020200 1.148507 0.562198
v -0.725020 1.147508 0.457462
v -0.727080 1.151448 0.459411
v -0.726164 1.147792 0.458517
v -0.726958 1.148642 0.459258
v -0.727278 1.149927 0.459572
v -1.153410 1.152771 0.102380
v -1.155493 1.156716 0.104351
v -1.154566 1.153056 0.103444
v -1.155367 1.153907 0.104192
v -1.155691 1.155190 0.104510
v -0.812163 1.157617 -0.210812
v -0.810324 1.161501 -0.212441
v -0.811026 1.157928 -0.211850
v -0.810278 1.158775 -0.212523
v -0.810030 1.160030 -0.212730
v -1.252287 1.161841 -0.497468
v -1.250300 1.165740 -0.499065
v -1.251093 1.162151 -0.498495
v -1.250292 1.163000 -0.499160
v -1.250014 1.164262 -0.499359
v -1.606299 1.157078 -0.190394
v -1.608534 1.161029 -0.188454
v -1.607512 1.157365 -0.189341
v -1.608362 1.158216 -0.188603
v -1.608721 1.159504 -0.188291
v -2.462301 1.166541 -0.834960
v -2.471483 1.170732 -0.838818
v -2.465769 1.166877 -0.836497
v -2.468733 1.167793 -0.837770
v -2.470740 1.169146 -0.838584
v -1.735941 1.165346 -0.737833
v -1.730959 1.169255 -0.738030
v -1.733599 1.165653 -0.738327
v -1.731829 1.166502 -0.738539
v -1.730898 1.167766 -0.738432
v -2.397303 1.162636 -0.576562
v -2.402529 1.166612 -0.576016
v -2.399660 1.162932 -0.576044
v -2.401484 1.163789 -0.575757
v -2.402491 1.165082 -0.575747
v 0.032297 1.134081 1.356934
v 0.030313 1.138021 1.359033
v 0.031179 1.134365 1.358046
v 0.030412 1.135213 1.358836
v 0.030107 1.136497 1.359183
v 0.366556 1.139183 1.026722
v 0.368273 1.143067 1.024985
v 0.367643 1.139494 1.025643
v 0.368353 1.140340 1.024934
v 0.368574 1.141595 1.024704
v 0.828157 1.118445 2.402835
v 0.832266 1.122458 2.411843
v 0.829778 1.118709 2.406222
v 0.831125 1.119566 2.409123
v 0.831999 1.120882 2.411097
v 0.515795 1.119995 2.294672
v 0.515508 1.123886 2.300190
v 0.515329 1.120262 2.297094
v 0.515108 1.121092 2.298993
v 0.515173 1.122368 2.300080
v 0.679914 1.131225 1.557300
v 0.679872 1.135174 1.552485
v 0.680334 1.131555 1.555040
v 0.680471 1.132419 1.553332
v 0.680311 1.133690 1.552435
v -0.420363 1.259670 0.179459
v -0.424986 1.263447 0.183762
v -0.421145 1.261129 0.180200
v -0.422301 1.262359 0.181278
v -0.423647 1.263175 0.182528
v -0.294443 1.249374 0.852543
v -0.290060 1.253403 0.848579
v -0.293753 1.250902 0.851932
v -0.292677 1.252204 0.850964
v -0.291380 1.253083 0.849787
v -0.018107 1.253421 0.598926
v -0.022722 1.257200 0.603221
v -0.018889 1.254880 0.599667
v -0.020041 1.256112 0.600742
v -0.021387 1.256927 0.601990
v -0.696692 1.255620 0.433068
v -0.692305 1.259651 0.429100
v -0.696001 1.257149 0.432456
v -0.694922 1.258451 0.431488
v -0.693625 1.259330 0.430309
v -1.125109 1.260879 0.078010
v -1.120695 1.264915 0.074017
v -1.124415 1.262408 0.077396
v -1.123331 1.263713 0.076422
v -1.122027 1.264595 0.075236
v -0.848330 1.264929 -0.176012
v -0.852988 1.268716 -0.171678
v -0.849116 1.266393 -0.175268
v -0.850275 1.267625 -0.174183
v -0.851637 1.268444 -0.172923
v -1.288290 1.269135 -0.462648
v -1.293146 1.272941 -0.458351
v -1.289095 1.270605 -0.461905
v -1.290297 1.271844 -0.460826
v -1.291720 1.272665 -0.459579
v -1.578154 1.265181 -0.214793
v -1.573550 1.269222 -0.218739
v -1.577444 1.266714 -0.215403
v -1.576323 1.268020 -0.216368
v -1.574953 1.268901 -0.217540
v -2.475237 1.274069 -0.833833
v -2.464689 1.278152 -0.828827
v -2.474482 1.275652 -0.833391
v -2.472208 1.276986 -0.832283
v -2.468771 1.277862 -0.830681
v -1.768931 1.272601 -0.701630
v -1.777601 1.276454 -0.699097
v -1.770025 1.274080 -0.701019
v -1.772059 1.275333 -0.700323
v -1.774718 1.276166 -0.699649
v -2.372149 1.270753 -0.602352
v -2.363764 1.274774 -0.604529
v -2.371153 1.272285 -0.602828
v -2.369211 1.273588 -0.603409
v -2.366614 1.274462 -0.604006
v 0.060701 1.242189 1.332689
v 0.064993 1.246225 1.328532
v 0.061384 1.243719 1.332064
v 0.062441 1.245021 1.331055
v 0.063707 1.245903 1.329814
v 0.330267 1.246501 1.061416
v 0.325750 1.250284 1.065894
v 0.329492 1.247965 1.062170
v 0.328359 1.249196 1.063286
v 0.327047 1.250012 1.064594
v 0.828512 1.225771 2.416828
v 0.823396 1.230089 2.406754
v 0.828077 1.227375 2.416123
v 0.826952 1.228760 2.413961
v 0.825308 1.229712 2.410672
v 0.545892 1.228052 2.273848
v 0.548071 1.232154 2.265433
v 0.546415 1.229587 2.272898
v 0.547014 1.230908 2.270966
v 0.547594 1.231807 2.268344
v 0.641878 1.238573 1.588903
v 0.639517 1.242315 1.597182
v 0.641264 1.240038 1.589949
v 0.640600 1.241263 1.591890
v 0.639986 1.242061 1.594429
v 0.846678 1.165749 2.966817
v 0.848341 1.165758 2.966318
v 0.847360 1.165730 2.967971
v -2.938288 1.222266 -0.840413
v -2.937781 1.222291 -0.842144
v -2.939451 1.222276 -0.841093
v -1.272078 1.312344 -1.275899
v -1.272085 1.307887 -1.280504
v -1.272818 1.312027 -1.277650
v -1.273077 1.311071 -1.279136
v -1.272822 1.309615 -1.280139
v 1.302984 -1.247726 -1.309348
v 1.298429 -1.247655 -1.313924
v 1.302648 -1.248432 -1.311103
v 1.301660 -1.248665 -1.312588
v 1.300180 -1.248393 -1.313579
v -1.269781 -1.252837 -1.313821
v -1.269099 -1.252041 -1.317290
v -1.270262 -1.253291 -1.315160
v -1.270300 -1.253299 -1.316291
v 1.297647 1.266459 1.288509
v 1.293066 1.271000 1.288550
v 1.297300 1.268180 1.289265
v 1.296304 1.269645 1.289537
v 1.294821 1.270636 1.289286
v -1.275133 1.263017 1.285778
v -1.274431 1.266511 1.285180
v -1.275618 1.264340 1.286282
v -1.275656 1.265468 1.286344
v 1.297132 -1.294238 1.252375
v 1.300592 -1.293414 1.251693
v 1.298464 -1.294714 1.252849
v 1.299589 -1.294724 1.252885
v -1.018790 1.300107 -0.796729
v -1.021197 1.304444 -0.801223
v -1.018976 1.301744 -0.797052
v -1.019495 1.303142 -0.798022
v -1.020277 1.304092 -0.799485
v 0.818334 1.277277 1.038814
v 0.813757 1.273077 1.036346
v 0.816583 1.276975 1.037887
v 0.815096 1.276072 1.037092
v 0.814104 1.274702 1.036551
v -1.022902 1.271350 1.040433
v -1.020453 1.267135 1.037994
v -1.021967 1.271043 1.039516
v -1.021170 1.270134 1.038732
v -1.020640 1.268762 1.038197
v 1.295995 -1.007589 -0.833630
v 1.300279 -1.009901 -0.838208
v 1.297624 -1.007764 -0.833976
v 1.299017 -1.008265 -0.834969
v 1.299948 -1.009016 -0.836452
v 1.293806 0.804760 1.035876
v 1.298063 0.809242 1.038331
v 1.295435 0.805101 1.036064
v 1.296819 0.806073 1.036597
v 1.297739 0.807525 1.037394
v 1.298605 -1.035181 1.012309
v 1.294325 -1.032593 1.009904
v 1.298273 -1.034191 1.011388
v 1.297346 -1.033351 1.010611
v 1.295957 -1.032789 1.010088
v -1.024962 0.841988 -1.285142
v -1.022558 0.837391 -1.280927
v -1.024042 0.840248 -1.284835
v -1.023260 0.838764 -1.283925
v -1.022742 0.837760 -1.282554
v 0.826437 -1.001436 -1.312691
v 0.821855 -0.999112 -1.308419
v 0.824682 -1.000527 -1.312363
v 0.823198 -0.999765 -1.311436
v 0.822202 -0.999269 -1.310052
v -1.024458 -1.002037 -1.313348
v -1.022036 -0.999628 -1.309048
v -1.023531 -1.001094 -1.313006
v -1.022745 -1.000306 -1.312070
v -1.022219 -0.999790 -1.310681
v -1.016642 1.214199 -0.793614
v -1.018767 1.218517 -0.797816
v -1.017454 1.214547 -0.795240
v -1.018145 1.215489 -0.796609
v -1.018603 1.216883 -0.797514
v 0.813780 1.194185 1.035306
v 0.809522 1.189952 1.033122
v 0.813455 1.192556 1.035123
v 0.812532 1.191181 1.034643
v 0.811151 1.190266 1.033940
v -1.020426 1.193639 1.037045
v -1.017412 1.189420 1.033977
v -1.020197 1.192011 1.036794
v -1.019545 1.190638 1.036123
v -1.018564 1.189728 1.035134
v 1.204736 -1.005548 -0.829421
v 1.209001 -1.007612 -0.833708
v 1.205061 -1.006340 -0.831063
v 1.205988 -1.007008 -0.832454
v 1.207369 -1.007455 -0.833383
v 1.202554 0.800502 1.033596
v 1.206812 0.804737 1.035797
v 1.202879 0.802122 1.034437
v 1.203802 0.803495 1.035151
v 1.205183 0.804412 1.035629
v 1.207334 -1.032616 1.009824
v 1.203077 -1.029567 1.006846
v 1.205705 -1.032383 1.009597
v 1.204321 -1.031723 1.008950
v 1.203401 -1.030733 1.007984
v -1.022589 0.836059 -1.193946
v -1.020449 0.831737 -1.189750
v -1.022425 0.835713 -1.192321
v -1.021963 0.834766 -1.190952
v -1.021269 0.833371 -1.190049
v 0.821825 -1.000445 -1.221438
v 0.817564 -0.998390 -1.217149
v 0.821501 -1.000308 -1.219805
v 0.820577 -0.999869 -1.218417
v 0.819193 -0.999197 -1.217483
v -1.022066 -1.000959 -1.222066
v -1.019049 -0.998017 -1.217759
v -1.021837 -1.000755 -1.220433
v -1.021181 -1.000123 -1.219041
v -1.020205 -0.999163 -1.218102
v 0.811167 1.262549 -0.798960
v 0.815424 1.262490 -0.794703
v 0.812799 1.262547 -0.798637
v 0.814180 1.262534 -0.797715
v 0.815103 1.262514 -0.796334
v 0.809091 1.204746 2.867604
v 0.812109 1.204773 2.866357
v 0.810247 1.204736 2.868433
v 0.811880 1.204750 2.867759
v 1.253015 -2.840692 -0.859581
v 1.253015 -2.841988 -0.856581
v 1.253019 -2.842095 -0.859371
v 1.253015 -2.842799 -0.857747
v 1.248647 0.779802 2.875110
v 1.248647 0.776779 2.876310
v 1.248644 0.778890 2.877225
v 0.821321 0.832979 -1.236875
v 0.817056 0.837238 -1.236810
v 0.820993 0.834609 -1.236848
v 0.820070 0.835992 -1.236829
v 0.818689 0.836915 -1.236814
v -2.863444 0.833205 -1.238107
v -2.862204 0.836212 -1.238063
v -2.864275 0.834354 -1.238092
v -2.863604 0.835983 -1.238065
v -2.848723 1.256076 -0.795583
v -2.849974 1.256027 -0.792565
v -2.850123 1.256070 -0.795352
v -2.850802 1.256044 -0.793719
v 1.251974 0.829694 -0.803433
v 1.251978 0.825490 -0.807755
v 1.251974 0.829390 -0.805070
v 1.251974 0.828487 -0.806464
v 1.251974 0.827117 -0.807408
v 0.819341 -2.833789 -1.293003
v 0.822359 -2.832537 -1.292982
v 0.820497 -2.834618 -1.293017
v 0.822130 -2.833939 -1.293006
v -0.194361 -0.316799 -1.169088
v -0.192778 -0.314893 -1.172922
v -0.193358 -0.315650 -1.169372
v -0.192702 -0.314883 -1.170203
v -0.192499 -0.314618 -1.171448
v -0.927862 -0.271197 -1.160688
v -0.929747 -0.273229 -1.164669
v -0.928889 -0.272357 -1.160998
v -0.929610 -0.273150 -1.161863
v -0.929911 -0.273456 -1.163152
v -0.622339 0.076299 -1.158543
v -0.620760 0.078196 -1.162380
v -0.621336 0.077445 -1.158829
v -0.620688 0.078210 -1.159659
v -0.620486 0.078472 -1.160905
v -0.499865 -0.664272 -1.171232
v -0.501749 -0.666307 -1.175215
v -0.500895 -0.665433 -1.171541
v -0.501612 -0.666228 -1.172407
v -0.501913 -0.666536 -1.173697
v -0.135695 -1.084870 -1.181529
v -0.137602 -1.086932 -1.185519
v -0.136732 -1.086042 -1.181840
v -0.137461 -1.086845 -1.182707
v -0.137766 -1.087159 -1.183997
v 0.170156 -0.737002 -1.179384
v 0.171766 -0.735069 -1.183228
v 0.171171 -0.735840 -1.179670
v 0.171835 -0.735065 -1.180502
v 0.172041 -0.734793 -1.181752
v 0.466161 -1.170804 -1.189171
v 0.467733 -1.168720 -1.193032
v 0.467165 -1.169582 -1.189457
v 0.467817 -1.168757 -1.190292
v 0.468015 -1.168454 -1.191544
v 0.166700 -1.531301 -1.191574
v 0.164827 -1.533514 -1.195569
v 0.165674 -1.532530 -1.191887
v 0.164961 -1.533383 -1.192755
v 0.164659 -1.533729 -1.194049
v 0.829435 -2.373136 -1.211419
v 0.833505 -2.382164 -1.215738
v 0.831045 -2.376564 -1.211806
v 0.832388 -2.379484 -1.212761
v 0.833250 -2.381452 -1.214143
v 0.716814 -1.649119 -1.199164
v 0.716921 -1.644069 -1.202989
v 0.717260 -1.646759 -1.199428
v 0.717436 -1.644970 -1.200249
v 0.717317 -1.644024 -1.201502
v 0.569692 -2.313721 -1.207775
v 0.569277 -2.318892 -1.211837
v 0.569227 -2.316082 -1.208111
v 0.568983 -2.317894 -1.208999
v 0.568998 -2.318882 -1.210307
v -1.415358 0.073423 -1.150265
v -1.417395 0.071461 -1.154247
v -1.416445 0.072289 -1.150574
v -1.417212 0.071519 -1.151438
v -1.417547 0.071227 -1.152728
v -1.092337 0.414676 -1.148402
v -1.090620 0.416488 -1.152249
v -1.091280 0.415791 -1.148689
v -1.090582 0.416528 -1.149521
v -1.090349 0.416774 -1.150770
v -2.478075 0.846504 -1.127209
v -2.487150 0.850480 -1.131203
v -2.481493 0.848051 -1.127466
v -2.484419 0.849351 -1.128315
v -2.486403 0.850204 -1.129627
v -2.363261 0.536576 -1.133187
v -2.368754 0.536231 -1.137108
v -2.365668 0.536062 -1.133472
v -2.367560 0.535816 -1.134317
v -2.368643 0.535875 -1.135594
v -1.629515 0.716505 -1.138116
v -1.624682 0.716628 -1.142041
v -1.627264 0.716976 -1.138428
v -1.625555 0.717166 -1.139283
v -1.624651 0.717042 -1.140551
v -0.227911 -0.352010 -1.277143
v -0.232096 -0.356666 -1.281018
v -0.228628 -0.352786 -1.278620
v -0.229674 -0.353943 -1.279875
v -0.230894 -0.355305 -1.280717
v -0.903570 -0.240623 -1.268214
v -0.899679 -0.236090 -1.272155
v -0.902968 -0.239894 -1.269728
v -0.902018 -0.238780 -1.271010
v -0.900862 -0.237443 -1.271861
v -0.655897 0.041078 -1.266600
v -0.660074 0.036432 -1.270473
v -0.656615 0.040305 -1.268078
v -0.657660 0.039150 -1.269332
v -0.658873 0.037789 -1.270172
v -0.475577 -0.633700 -1.278756
v -0.471686 -0.629167 -1.282698
v -0.474974 -0.632974 -1.280271
v -0.474024 -0.631858 -1.281553
v -0.472868 -0.630520 -1.282405
v -0.111429 -1.054330 -1.289050
v -0.107516 -1.049768 -1.292997
v -0.110827 -1.053599 -1.290567
v -0.109869 -1.052476 -1.291848
v -0.108706 -1.051131 -1.292702
v 0.136636 -0.772179 -1.287430
v 0.132421 -0.776868 -1.291313
v 0.135919 -0.772956 -1.288910
v 0.134863 -0.774121 -1.290168
v 0.133634 -0.775496 -1.291012
v 0.432623 -1.205818 -1.297197
v 0.428446 -1.210702 -1.301100
v 0.431902 -1.206612 -1.298682
v 0.430856 -1.207821 -1.299947
v 0.429643 -1.209258 -1.300794
v 0.190996 -1.500916 -1.299093
v 0.194860 -1.496164 -1.303038
v 0.191595 -1.500171 -1.300609
v 0.192541 -1.499004 -1.301894
v 0.193689 -1.497601 -1.302747
v 0.829084 -2.384368 -1.319144
v 0.823873 -2.373868 -1.323086
v 0.828634 -2.383597 -1.320719
v 0.827486 -2.381330 -1.322019
v 0.825811 -2.377913 -1.322850
v 0.681825 -1.681149 -1.307105
v 0.679495 -1.689807 -1.311108
v 0.681242 -1.682236 -1.308607
v 0.680597 -1.684260 -1.309895
v 0.679983 -1.686921 -1.310775
v 0.595445 -2.286296 -1.315349
v 0.597460 -2.277801 -1.319227
v 0.595903 -2.285266 -1.316866
v 0.596449 -2.283290 -1.318134
v 0.596994 -2.280671 -1.318962
v -1.391218 0.104067 -1.257787
v -1.387137 0.108508 -1.261733
v -1.390600 0.104788 -1.259302
v -1.389609 0.105884 -1.260585
v -1.388392 0.107191 -1.261439
v -1.125750 0.379377 -1.256453
v -1.130110 0.374830 -1.260331
v -1.126478 0.378608 -1.257932
v -1.127566 0.377474 -1.259188
v -1.128840 0.376148 -1.260031
v -2.491572 0.848276 -1.234584
v -2.481371 0.843444 -1.238934
v -2.490851 0.847881 -1.236193
v -2.488657 0.846823 -1.237584
v -2.485331 0.845267 -1.238548
v -2.342581 0.568836 -1.240645
v -2.334193 0.571256 -1.244669
v -2.341635 0.569402 -1.242166
v -2.339709 0.570062 -1.243467
v -2.337095 0.570712 -1.244345
v -1.659800 0.679529 -1.246211
v -1.668009 0.677054 -1.250032
v -1.660826 0.678918 -1.247690
v -1.662745 0.678232 -1.248935
v -1.665266 0.677576 -1.249757
v -3.042097 0.853773 -1.177035
v -3.041632 0.855447 -1.177013
v -3.043265 0.854429 -1.177012
v 0.845312 -2.847945 -1.274678
v 0.847028 -2.847402 -1.274688
v 0.846014 -2.849092 -1.274702
v 1.230863 -0.222858 0.312578
v 1.234998 -0.221568 0.311142
v 1.231352 -0.221876 0.311480
v 1.232313 -0.221286 0.310819
v 1.233591 -0.221179 0.310702
v 1.172628 -0.953557 0.259118
v 1.176199 -0.955739 0.261575
v 1.172724 -0.954607 0.260295
v 1.173437 -0.955390 0.261177
v 1.174654 -0.955788 0.261625
v 1.233591 -0.648379 -0.083304
v 1.237730 -0.647099 -0.084732
v 1.234083 -0.647402 -0.084401
v 1.235040 -0.646815 -0.085058
v 1.236322 -0.646708 -0.085174
v 1.169904 -0.528016 0.654977
v 1.173471 -0.530199 0.657439
v 1.169996 -0.529064 0.656157
v 1.170709 -0.529849 0.657038
v 1.171930 -0.530247 0.657489
v 1.158956 -0.166125 1.077524
v 1.162523 -0.168332 1.080010
v 1.159048 -0.167184 1.078713
v 1.159757 -0.167976 1.079603
v 1.160978 -0.168379 1.080059
v 1.219984 0.139383 0.734734
v 1.224134 0.140694 0.733273
v 1.220480 0.140373 0.733623
v 1.221441 0.140971 0.732955
v 1.222723 0.141084 0.732831
v 1.201875 0.433330 1.169668
v 1.206060 0.434605 1.168056
v 1.202375 0.434309 1.168497
v 1.203348 0.434894 1.167779
v 1.204641 0.434998 1.167625
v 1.140127 0.134159 1.525092
v 1.143690 0.131985 1.527732
v 1.140215 0.133112 1.526340
v 1.140924 0.132332 1.527280
v 1.142145 0.131937 1.527769
v 1.112478 0.792581 2.370087
v 1.116018 0.796304 2.379592
v 1.112585 0.794155 2.373552
v 1.113294 0.795417 2.376575
v 1.114500 0.796171 2.378696
v 1.175428 0.681988 1.648396
v 1.179807 0.681811 1.643819
v 1.175993 0.682415 1.646085
v 1.177027 0.682531 1.644405
v 1.178365 0.682320 1.643610
v 1.096189 0.533926 2.308101
v 1.099584 0.533197 2.313702
v 1.096212 0.533432 2.310483
v 1.096868 0.533121 2.312383
v 1.098051 0.533038 2.313513
v 1.165411 -1.438488 -0.089184
v 1.168970 -1.440824 -0.086797
v 1.165502 -1.439598 -0.088032
v 1.166212 -1.440432 -0.087173
v 1.167429 -1.440863 -0.086740
v 1.227243 -1.115893 -0.425196
v 1.231394 -1.114472 -0.426538
v 1.227735 -1.114861 -0.426261
v 1.228700 -1.114227 -0.426891
v 1.229982 -1.114089 -0.426988
v 1.151853 -2.495572 -0.870172
v 1.155584 -2.504919 -0.873753
v 1.152029 -2.498999 -0.871716
v 1.152799 -2.501976 -0.872938
v 1.154051 -2.504055 -0.873652
v 1.130640 -2.381873 -0.560503
v 1.134073 -2.387647 -0.559767
v 1.130682 -2.384295 -0.559984
v 1.131349 -2.386246 -0.559660
v 1.132540 -2.387422 -0.559583
v 1.211485 -1.650422 -0.731462
v 1.215750 -1.645902 -0.731087
v 1.212019 -1.648201 -0.731873
v 1.213014 -1.646562 -0.731945
v 1.214323 -1.645752 -0.731672
v 1.331297 -0.264544 0.359652
v 1.334284 -0.269017 0.364680
v 1.332617 -0.265372 0.360584
v 1.333647 -0.266512 0.361867
v 1.334234 -0.267792 0.363307
v 1.284487 -0.937460 0.241353
v 1.289205 -0.933877 0.237342
v 1.286115 -0.936972 0.240810
v 1.287584 -0.936120 0.239857
v 1.288667 -0.935032 0.238639
v 1.334028 -0.690075 -0.036221
v 1.337015 -0.694540 -0.031202
v 1.335348 -0.690903 -0.035290
v 1.336378 -0.692041 -0.034008
v 1.336965 -0.693320 -0.032573
v 1.281755 -0.511919 0.637217
v 1.286478 -0.508334 0.633205
v 1.283388 -0.511433 0.636674
v 1.284857 -0.510579 0.635720
v 1.285940 -0.509491 0.634502
v 1.270799 -0.150053 1.059789
v 1.275530 -0.146442 1.055750
v 1.272432 -0.149563 1.059244
v 1.273905 -0.148705 1.058285
v 1.274992 -0.147609 1.057058
v 1.320417 0.097726 0.781772
v 1.323408 0.093221 0.786835
v 1.321741 0.096893 0.782708
v 1.322771 0.095748 0.784000
v 1.323358 0.094457 0.785449
v 1.302309 0.391652 1.216541
v 1.305296 0.387188 1.221802
v 1.303636 0.390821 1.217495
v 1.304670 0.389681 1.218830
v 1.305254 0.388405 1.220342
v 1.251955 0.150262 1.507512
v 1.256704 0.153823 1.503287
v 1.253591 0.150749 1.506953
v 1.255068 0.151596 1.505954
v 1.256159 0.152675 1.504666
v 1.217855 0.784050 2.393631
v 1.222578 0.778566 2.383601
v 1.219469 0.783481 2.393040
v 1.220934 0.782238 2.390926
v 1.222025 0.780513 2.387612
v 1.276014 0.638877 1.692281
v 1.278803 0.636241 1.701319
v 1.277330 0.638183 1.693525
v 1.278326 0.637437 1.695680
v 1.278841 0.636757 1.698417
v 1.207838 0.551471 2.293484
v 1.212812 0.553196 2.285511
v 1.209493 0.551819 2.292639
v 1.211019 0.552269 2.290827
v 1.212183 0.552754 2.288324
v 1.277258 -1.422544 -0.107018
v 1.281984 -1.418768 -0.110936
v 1.278887 -1.422041 -0.107553
v 1.280359 -1.421147 -0.108487
v 1.281446 -1.419999 -0.109674
v 1.327680 -1.157443 -0.378036
v 1.330667 -1.162092 -0.373116
v 1.329000 -1.158283 -0.377110
v 1.330030 -1.159462 -0.375851
v 1.330618 -1.160800 -0.374449
v 1.257395 -2.517169 -0.859719
v 1.261911 -2.507335 -0.854319
v 1.258997 -2.516572 -0.859133
v 1.260416 -2.514493 -0.857902
v 1.261442 -2.511250 -0.856211
v 1.242353 -2.369369 -0.579987
v 1.247251 -2.361310 -0.581846
v 1.243997 -2.368539 -0.580365
v 1.245504 -2.366716 -0.580852
v 1.246649 -2.364180 -0.581373
v 1.312002 -1.688858 -0.682600
v 1.314886 -1.697336 -0.679781
v 1.313322 -1.689992 -0.681834
v 1.314329 -1.692004 -0.681027
v 1.314878 -1.694580 -0.680309
v 1.159616 -3.061738 -0.877199
v 1.159822 -3.061274 -0.878863
v 1.159582 -3.062901 -0.877867
v 1.121530 0.803102 2.849154
v 1.121732 0.804819 2.848632
v 1.121477 0.803801 2.850303
v 1.295206 0.781018 2.881921
v 1.299406 -2.846646 -0.860625
v -2.854716 1.297057 -0.796040
v -2.868166 0.837887 -1.284429
v 0.823389 -2.837818 -1.339424
v -3.842100 1.302417 -1.283231
vn 0.0822 -0.9942 -0.0692
vn 0.0003 -0.9999 -0.0152
vn 0.0784 -0.9942 -0.0737
vn 0.7133 0.3614 -0.6005
vn 0.6466 0.4536 -0.6133
vn 0.6828 0.4528 -0.5733
vn -0.0677 -0.9965 0.0500
vn -0.6136 0.2608 0.7453
vn -0.5534 0.3523 0.7547
vn -0.5720 0.2573 0.7789
vn 0.0581 -0.9939 -0.0940
vn 0.0620 -0.9940 -0.0898
vn 0.7472 0.3618 -0.5575
vn 0.7162 0.4508 -0.5327
vn -0.7731 0.2635 0.5769
vn -0.7911 0.3565 0.4971
vn -0.7471 0.3594 0.5592
vn -0.6940 0.2651 0.6694
vn -0.6315 0.3581 0.6878
vn -0.6532 0.2624 0.7103
vn 0.0657 -0.9941 -0.0864
vn 0.0699 -0.9942 -0.0819
vn -0.0636 -0.9965 0.0538
vn -0.5072 0.3474 0.7887
vn -0.5236 0.2533 0.8134
vn 0.4657 0.3504 -0.8126
vn 0.4918 0.4444 -0.7487
vn 0.5129 0.3547 -0.7817
vn 0.5574 0.3591 -0.7486
vn 0.5730 0.4514 -0.6840
vn 0.5982 0.3614 -0.7153
vn -0.4554 0.3408 0.8225
vn -0.4694 0.2477 0.8476
vn -0.4140 0.3348 0.8465
vn -0.4263 0.2424 0.8715
vn 0.3885 0.3423 -0.8555
vn 0.4042 0.4324 -0.8060
vn 0.4210 0.3445 -0.8391
vn 0.0535 -0.9938 -0.0976
vn -0.3945 0.3318 0.8569
vn -0.4060 0.2408 0.8816
vn -0.4312 0.3373 0.8368
vn -0.5234 0.0761 0.8487
vn 0.1790 0.2852 -0.9416
vn 0.3735 0.4272 -0.8234
vn 0.0451 -0.9932 -0.1075
vn 0.0489 -0.9936 -0.1019
vn 0.7793 0.3580 -0.5142
vn 0.7473 0.4476 -0.4912
vn 0.8066 0.3550 -0.4727
vn 0.7743 0.4435 -0.4514
vn -0.8549 0.2593 0.4494
vn -0.8441 0.3491 0.4069
vn -0.8274 0.3520 0.4375
vn -0.0713 -0.9964 0.0456
vn 0.8236 0.3545 -0.4427
vn 0.7919 0.4401 -0.4233
vn 0.9275 0.3035 -0.2184
vn 0.8911 0.3987 -0.2168
vn -0.8709 0.2591 0.4176
vn -0.8261 0.3522 0.4398
vn -0.0789 -0.9963 0.0348
vn 0.6186 0.5242 -0.5853
vn 0.6529 0.5241 -0.5469
vn -0.0003 0.9999 0.0152
vn 0.0481 0.9975 -0.0509
vn -0.5934 0.3557 0.7221
vn -0.5322 0.4330 0.7275
vn -0.0461 0.9953 0.0848
vn -0.0417 0.9952 0.0882
vn 0.6851 0.5218 -0.5083
vn 0.7149 0.5191 -0.4686
vn -0.6708 0.3597 0.6486
vn -0.6819 0.4396 0.5846
vn -0.6451 0.4394 0.6252
vn -0.6071 0.4385 0.6627
vn -0.7090 0.3601 0.6063
vn -0.7184 0.4400 0.5388
vn 0.6095 0.4531 -0.6505
vn 0.5343 0.4487 -0.7164
vn 0.5481 0.5230 -0.6527
vn 0.5113 0.5204 -0.6840
vn -0.4386 0.4200 0.7945
vn -0.0495 0.9955 0.0813
vn 0.4470 0.4388 -0.7795
vn 0.4716 0.5152 -0.7157
vn 0.4286 0.5104 -0.7455
vn -0.3807 0.4094 0.8291
vn -0.0389 0.9950 0.0921
vn 0.3885 0.5030 -0.7721
vn 0.1822 0.3807 -0.9066
vn 0.3596 0.4971 -0.7897
vn -0.3992 0.4495 0.7992
vn 0.0650 0.9973 -0.0339
vn -0.7613 0.4367 0.4793
vn -0.7977 0.4305 0.4223
vn 0.7409 0.5148 -0.4313
vn 0.7593 0.5091 -0.4053
vn 0.0722 0.9970 -0.0270
vn 0.0680 0.9972 -0.0300
vn -0.8143 0.4268 0.3933
vn -0.7844 0.4653 0.4102
vn 0.8548 0.4709 -0.2181
vn -0.7335 0.2656 0.6256
vn 0.9977 -0.0650 -0.0170
vn 0.9981 0.0386 -0.0471
vn 0.9881 0.1403 -0.0625
vn -0.0626 0.9957 0.0680
vn -0.0656 0.9958 0.0638
vn -0.5706 0.4358 0.6960
vn -0.0594 0.9956 0.0718
vn -0.0857 -0.9958 0.0307
vn 0.0744 -0.9942 -0.0779
vn -0.0752 0.9956 0.0552
vn -0.0051 -0.0535 -0.9986
vn -0.2797 -0.1511 -0.9481
vn 0.0288 0.0493 -0.9984
vn -0.1604 0.1644 -0.9733
vn 0.0475 0.1494 -0.9876
vn 0.0450 0.9975 -0.0552
vn 0.6365 0.3622 -0.6809
vn 0.0617 0.9974 -0.0374
vn 0.5829 0.5244 -0.6207
vn 0.0960 -0.9953 -0.0150
vn -0.0905 -0.9955 0.0288
vn 0.1076 -0.9932 -0.0445
vn 0.0903 -0.9939 -0.0631
vn 0.0901 0.9959 -0.0115
vn 0.0758 0.9968 -0.0255
vn -0.0792 0.9954 0.0534
vn 0.0948 0.9955 0.0087
vn 0.0430 -0.9927 -0.1124
vn -0.0562 -0.9965 0.0614
vn -0.4880 0.4282 0.7606
vn 0.0355 0.9972 -0.0663
vn -0.0004 0.9999 0.0153
vn -0.0602 -0.9965 0.0577
vn -0.0521 -0.9966 0.0644
vn -0.0561 0.9956 0.0752
vn -0.8181 0.2621 0.5119
vn 0.0006 0.0906 0.9959
vn -0.0971 -0.0135 0.9952
vn -0.0703 0.1169 0.9907
vn -0.0695 0.9958 0.0588
vn 0.0004 -0.9999 -0.0152
vn 0.0257 -0.9920 -0.1238
vn -0.0428 -0.9961 0.0773
vn -0.0017 -0.9939 -0.1107
vn -0.0379 0.9947 0.0953
vn 0.0043 0.9968 -0.0796
vn -0.0330 0.9995 -0.0004
vn 0.0229 0.9967 -0.0779
vn 0.9455 -0.2049 0.2530
vn 0.8943 -0.4399 0.0824
vn 0.0863 -0.9941 -0.0650
vn 0.9782 0.1412 0.1522
vn 0.0372 0.9974 -0.0621
vn 0.6753 0.3629 -0.6421
vn -0.0529 0.9955 0.0783
vn 0.0410 0.9974 -0.0586
vn -0.0474 -0.9965 0.0692
vn -0.3991 0.4135 0.8184
vn 0.1870 0.4558 -0.8702
vn 0.0517 0.9975 -0.0478
vn 0.0547 0.9975 -0.0443
vn 0.0581 0.9975 -0.0409
vn -0.0756 -0.9963 0.0414
vn -0.0438 -0.9964 0.0732
vn 0.0148 0.0100 -0.9998
vn 0.0007 0.0151 -0.9999
vn 0.0053 0.0141 -0.9999
vn -0.9900 0.0562 -0.1296
vn -1.0000 -0.0003 -0.0004
vn -0.9945 0.0013 -0.1048
vn -0.9869 0.0176 -0.1605
vn -0.9952 0.0012 -0.0981
vn -0.0969 -0.0819 -0.9919
vn 0.0003 0.0153 -0.9999
vn 0.0004 -0.0827 -0.9966
vn 0.9999 -0.0037 -0.0110
vn 1.0000 0.0048 -0.0032
vn 0.9925 0.0878 -0.0851
vn 0.0450 0.0831 0.9955
vn 0.0009 -0.0133 0.9999
vn 0.0003 -0.9999 -0.0136
vn 0.1598 -0.9802 -0.1165
vn 0.0989 -0.9950 -0.0134
vn 0.0696 0.0848 -0.9940
vn 0.0740 -0.0154 -0.9971
vn -0.0019 1.0000 0.0073
vn -0.0023 0.9998 0.0174
vn -0.0006 0.9998 0.0193
vn 0.0947 0.0913 0.9913
vn -0.0009 -0.0141 0.9999
vn -0.0009 0.0671 0.9977
vn -0.0984 0.9951 0.0134
vn 0.0690 0.9961 -0.0558
vn -0.0307 0.9977 -0.0604
vn -0.0009 -0.1118 0.9937
vn 0.0971 -0.0140 0.9952
vn -0.0005 0.9998 0.0179
vn -0.1518 0.9740 0.1683
vn 1.0000 0.0047 0.0012
vn 0.9676 -0.1807 0.1765
vn 0.9881 -0.1424 -0.0582
vn 1.0000 0.0011 0.0007
vn 0.7049 0.0881 -0.7038
vn 0.7625 0.0087 -0.6470
vn 0.7390 0.1109 -0.6645
vn -0.9944 0.1057 0.0010
vn -0.9953 -0.0016 0.0967
vn -1.0000 -0.0003 -0.0009
vn 0.0012 0.0144 -0.9999
vn 0.1024 0.0146 -0.9946
vn 0.0052 0.0150 -0.9999
vn -0.1844 -0.1725 -0.9676
vn -0.2159 0.2030 -0.9551
vn -0.0228 0.9991 0.0361
vn -0.0028 0.9998 0.0181
vn -0.0031 0.9940 0.1096
vn 0.6284 0.0840 -0.7733
vn 0.7072 0.0094 -0.7069
vn -0.4646 -0.4793 0.7446
vn -0.5768 -0.5876 0.5675
vn -0.5150 -0.6165 0.5956
vn 1.0000 0.0006 0.0014
vn 0.9957 0.0023 -0.0930
vn 0.9904 0.1008 -0.0947
vn 0.0007 0.0108 -0.9999
vn 0.0004 -0.0821 -0.9966
vn 0.0038 0.9998 0.0179
vn -0.0993 0.9949 0.0178
vn -0.0019 0.9968 -0.0801
vn -0.1973 0.9803 0.0015
vn 0.0010 0.1092 -0.9940
vn 0.1040 -0.9945 -0.0134
vn 0.0002 -0.9964 0.0850
vn 0.1304 -0.9898 0.0577
vn 0.0728 0.7843 -0.6161
vn 0.0004 0.7180 -0.6960
vn 0.0816 0.7156 -0.6937
vn 0.0014 0.0110 -0.9999
vn 0.0615 -0.1469 -0.9872
vn 0.0778 0.6393 -0.7650
vn -0.0013 0.5697 -0.8219
vn 0.0963 -0.9882 -0.1192
vn 0.0009 0.9999 0.0162
vn 0.1002 0.9948 0.0179
vn 0.0982 0.9917 -0.0826
vn 0.9999 0.0145 0.0058
vn 1.0000 0.0005 0.0055
vn 0.9952 -0.0011 0.0976
vn -0.0207 -0.0057 -0.9998
vn 0.0181 0.9749 0.2217
vn 0.0822 -0.0130 0.9965
vn 0.0009 0.0995 0.9950
vn -0.9951 -0.0989 -0.0018
vn -0.9890 -0.0687 -0.1313
vn 0.7034 0.7075 -0.0686
vn 0.7607 0.6491 0.0102
vn 0.7056 0.7085 0.0111
vn -0.6045 -0.6146 0.5067
vn -0.6042 -0.5291 0.5958
vn -0.7496 -0.4765 0.4595
vn 0.6683 0.7435 -0.0243
vn 0.6466 0.7627 0.0119
vn 0.0003 -0.9929 -0.1189
vn -0.0972 -0.9952 -0.0153
vn 0.0003 -0.9999 -0.0153
vn 0.9949 0.1011 0.0027
vn 1.0000 0.0004 0.0009
vn 0.1033 -0.0140 0.9945
vn 0.9869 0.0608 0.1493
vn -0.4631 -0.7617 0.4531
vn 0.0977 0.1111 -0.9890
vn -0.9904 -0.0973 -0.0986
vn 0.6849 0.7131 -0.1499
vn 0.7022 0.7066 -0.0870
vn -0.9907 0.0955 0.0972
vn -0.9938 0.1111 0.0006
vn 0.7096 0.1694 -0.6840
vn 0.6473 0.0100 -0.7622
vn 0.7039 0.1073 -0.7022
vn 0.1609 0.7203 -0.6748
vn 0.0986 0.7146 -0.6926
vn 0.0977 -0.9917 0.0839
vn 0.1596 0.6328 -0.7577
vn 0.0091 0.9997 0.0226
vn 0.0834 0.9941 -0.0688
vn -0.9900 0.0955 -0.1038
vn -0.9967 0.0007 -0.0813
vn -0.9883 0.1518 -0.0150
vn -0.0960 0.0834 0.9919
vn 0.9995 -0.0203 0.0224
vn 0.9907 -0.0962 0.0962
vn 1.0000 0.0003 0.0009
vn 0.9951 -0.0011 0.0984
vn 0.9951 0.0721 -0.0674
vn 0.9967 0.0737 0.0328
vn -0.0858 0.0152 -0.9962
vn -0.0038 0.0229 -0.9997
vn -0.0973 0.0152 -0.9951
vn -0.0306 0.0892 -0.9955
vn -0.0966 -0.9890 -0.1120
vn 0.0003 -0.9937 -0.1123
vn -0.0002 0.9937 0.1117
vn 0.0736 0.9963 0.0435
vn -0.0972 0.9891 0.1104
vn -0.0003 0.9999 0.0136
vn 0.9957 -0.0926 -0.0003
vn 0.9950 -0.0996 -0.0004
vn 0.9968 -0.0300 -0.0737
vn 0.1599 0.0025 0.9871
vn 0.0855 0.1007 -0.9912
vn 0.0536 -0.9883 -0.1428
vn 0.0811 -0.9966 -0.0152
vn 0.1039 -0.9791 -0.1747
vn 0.0626 0.0674 0.9958
vn 0.0105 -0.0154 0.9998
vn 0.0671 0.0636 0.9957
vn 0.5868 0.7314 -0.3475
vn 0.6015 0.6667 -0.4402
vn 0.5607 0.7020 -0.4391
vn -0.0533 -0.0848 0.9950
vn -0.7308 -0.6250 -0.2743
vn -0.7411 -0.5637 -0.3648
vn -0.7651 -0.5841 -0.2710
vn 0.0877 0.0440 0.9952
vn 0.0839 0.0480 0.9953
vn 0.5433 0.7647 -0.3465
vn 0.5194 0.7345 -0.4367
vn -0.5589 -0.7809 -0.2789
vn -0.4784 -0.7957 -0.3715
vn -0.5414 -0.7530 -0.3740
vn -0.6534 -0.7039 -0.2785
vn -0.6724 -0.6401 -0.3716
vn -0.6946 -0.6638 -0.2773
vn 0.0801 0.0518 0.9954
vn 0.0757 0.0557 0.9956
vn -0.0574 -0.0810 0.9951
vn -0.7761 -0.5182 -0.3594
vn -0.8010 -0.5367 -0.2653
vn 0.8042 0.4885 -0.3385
vn 0.7401 0.5147 -0.4328
vn 0.7722 0.5350 -0.3429
vn 0.7383 0.5790 -0.3459
vn 0.6737 0.5946 -0.4389
vn 0.7041 0.6189 -0.3480
vn -0.8110 -0.4673 -0.3521
vn -0.8361 -0.4832 -0.2598
vn -0.8358 -0.4265 -0.3456
vn -0.8613 -0.4409 -0.2526
vn 0.8484 0.4119 -0.3325
vn 0.7992 0.4281 -0.4219
vn 0.8313 0.4441 -0.3343
vn 0.0920 0.0397 0.9950
vn -0.8467 -0.4073 -0.3423
vn -0.8717 -0.4210 -0.2510
vn -0.8258 -0.4434 -0.3485
vn -0.8382 -0.5380 -0.0893
vn 0.9387 0.2034 -0.2783
vn 0.8172 0.3977 -0.4171
vn 0.1016 0.0314 0.9943
vn 0.0963 0.0352 0.9947
vn 0.4989 0.7954 -0.3440
vn 0.4772 0.7646 -0.4332
vn 0.4569 0.8219 -0.3402
vn 0.4368 0.7907 -0.4289
vn -0.4298 -0.8599 -0.2753
vn -0.3872 -0.8469 -0.3646
vn -0.4181 -0.8308 -0.3673
vn -0.0492 -0.0887 0.9948
vn 0.4268 0.8387 -0.3383
vn 0.4083 0.8077 -0.4253
vn 0.1998 0.9366 -0.2879
vn 0.1996 0.9018 -0.3833
vn -0.3977 -0.8755 -0.2744
vn -0.4206 -0.8295 -0.3675
vn -0.0382 -0.0963 0.9946
vn 0.5743 0.6390 -0.5117
vn 0.5355 0.6729 -0.5104
vn -0.0105 0.0154 -0.9998
vn 0.0547 0.0653 -0.9964
vn -0.7076 -0.6028 -0.3687
vn -0.7143 -0.5409 -0.4441
vn -0.0794 -0.0320 -0.9963
vn -0.0825 -0.0276 -0.9962
vn 0.4959 0.7039 -0.5085
vn 0.4559 0.7331 -0.5047
vn -0.6325 -0.6786 -0.3736
vn -0.5674 -0.6866 -0.4545
vn -0.6089 -0.6507 -0.4537
vn -0.6477 -0.6141 -0.4510
vn -0.5893 -0.7159 -0.3744
vn -0.5214 -0.7225 -0.4540
vn 0.6395 0.6304 -0.4401
vn 0.7069 0.5566 -0.4365
vn 0.6436 0.5703 -0.5104
vn 0.6758 0.5344 -0.5077
vn -0.7829 -0.4486 -0.4311
vn -0.0760 -0.0356 -0.9965
vn 0.7718 0.4705 -0.4277
vn 0.7075 0.4943 -0.5051
vn 0.7387 0.4525 -0.4996
vn -0.8192 -0.3918 -0.4188
vn -0.0105 0.0153 -0.9998
vn -0.0872 -0.0251 -0.9959
vn 0.7657 0.4127 -0.4934
vn 0.9042 0.2075 -0.3732
vn 0.7843 0.3841 -0.4872
vn -0.6173 -0.5769 -0.5348
vn 0.0374 0.0820 -0.9959
vn -0.4608 -0.7641 -0.4514
vn -0.4032 -0.7996 -0.4451
vn 0.4179 0.7585 -0.5001
vn 0.3913 0.7756 -0.4953
vn 0.0301 0.0888 -0.9956
vn 0.0334 0.0849 -0.9958
vn -0.3740 -0.8161 -0.4406
vn -0.5657 -0.6203 -0.5434
vn 0.2019 0.8666 -0.4563
vn -0.6087 -0.7425 -0.2798
vn -0.0046 0.9968 0.0799
vn 0.0260 0.9994 -0.0225
vn 0.0420 0.9916 -0.1225
vn -0.0621 -0.0482 -0.9969
vn -0.0580 -0.0512 -0.9970
vn -0.6814 -0.5781 -0.4488
vn -0.0659 -0.0451 -0.9968
vn -0.0334 -0.1019 0.9942
vn 0.0715 0.0599 0.9956
vn -0.0486 -0.0598 -0.9970
vn 0.9982 0.0153 0.0582
vn 0.9530 -0.2605 0.1548
vn 0.9977 0.0508 -0.0438
vn 0.9959 0.0264 0.0863
vn 0.9871 0.0709 -0.1435
vn 0.0583 0.0617 -0.9964
vn 0.6685 0.6564 -0.3496
vn 0.0409 0.0786 -0.9961
vn 0.6106 0.6044 -0.5117
vn 0.0083 0.0812 0.9967
vn -0.0314 -0.1070 0.9938
vn 0.0375 0.0925 0.9950
vn 0.0566 0.0758 0.9955
vn 0.0141 0.1059 -0.9943
vn 0.0286 0.0923 -0.9953
vn -0.0468 -0.0642 -0.9968
vn -0.0061 0.1100 -0.9939
vn 0.0105 -0.0153 0.9998
vn 0.1054 0.0290 0.9940
vn -0.0648 -0.0739 0.9952
vn -0.7483 -0.4972 -0.4392
vn 0.0699 0.0527 -0.9962
vn -0.0106 0.0153 -0.9998
vn -0.0616 -0.0779 0.9951
vn -0.0683 -0.0693 0.9953
vn -0.0692 -0.0416 -0.9967
vn -0.4929 -0.8244 -0.2781
vn -0.9737 0.1381 -0.1810
vn -0.9913 0.0863 -0.0996
vn -0.9739 0.1424 -0.1767
vn -0.0524 -0.0544 -0.9971
vn 0.0106 -0.0153 0.9998
vn 0.1196 0.0127 0.9927
vn -0.0810 -0.0603 0.9949
vn 0.1071 -0.0153 0.9941
vn -0.0899 -0.0240 -0.9957
vn 0.0844 0.0220 -0.9962
vn 0.0055 -0.0170 -0.9998
vn 0.0810 0.0405 -0.9959
vn -0.2723 0.9362 0.2223
vn -0.1036 0.8837 0.4565
vn 0.0585 0.0717 0.9957
vn 0.0033 0.9913 0.1317
vn 0.0668 0.0549 -0.9963
vn 0.6290 0.6942 -0.3501
vn -0.0722 -0.0383 -0.9967
vn 0.0625 0.0583 -0.9963
vn -0.0729 -0.0648 0.9952
vn -0.8078 -0.4098 -0.4237
vn 0.8683 0.2129 -0.4479
vn 0.0515 0.0688 -0.9963
vn 0.0481 0.0719 -0.9963
vn 0.0447 0.0754 -0.9962
vn -0.0443 -0.0922 0.9948
vn -0.0773 -0.0615 0.9951
vn 0.4737 0.5592 -0.6804
vn 0.5582 0.5671 -0.6057
vn 0.5581 0.5265 -0.6413
vn -0.9993 0.0223 -0.0308
vn 0.1446 -0.7502 0.6452
vn 0.2406 -0.7672 0.5946
vn 0.1430 -0.7849 0.6028
vn -0.9741 0.1623 -0.1576
vn -0.9741 0.1586 -0.1615
vn 0.4724 0.5162 -0.7144
vn 0.5564 0.4856 -0.6743
vn 0.1447 -0.5793 0.8022
vn 0.2401 -0.5061 0.8284
vn 0.2428 -0.5690 0.7857
vn 0.1462 -0.6733 0.7247
vn 0.2436 -0.6994 0.6720
vn 0.1456 -0.7141 0.6848
vn -0.9739 0.1564 -0.1647
vn -0.9738 0.1515 -0.1695
vn -0.9992 0.0182 -0.0345
vn 0.2378 -0.8017 0.5485
vn 0.1413 -0.8193 0.5557
vn 0.4518 0.7769 -0.4385
vn 0.5437 0.7057 -0.4542
vn 0.4594 0.7445 -0.4844
vn 0.4655 0.7106 -0.5276
vn 0.5540 0.6391 -0.5335
vn 0.4697 0.6761 -0.5677
vn 0.2339 -0.8358 0.4967
vn 0.1376 -0.8543 0.5012
vn 0.2302 -0.8601 0.4552
vn 0.1358 -0.8782 0.4585
vn 0.4400 0.8217 -0.3623
vn 0.5274 0.7653 -0.3689
vn 0.4444 0.8042 -0.3947
vn -0.9741 0.1666 -0.1530
vn 0.2283 -0.8707 0.4356
vn 0.1345 -0.8887 0.4384
vn 0.2317 -0.8504 0.4724
vn -0.0376 -0.8414 0.5391
vn 0.3695 0.9152 -0.1609
vn 0.5205 0.7836 -0.3391
vn -0.9733 0.1784 -0.1445
vn -0.9739 0.1715 -0.1484
vn 0.4695 0.4724 -0.7459
vn 0.5532 0.4438 -0.7050
vn 0.4665 0.4306 -0.7727
vn 0.5489 0.4039 -0.7318
vn 0.1413 -0.4503 0.8816
vn 0.2342 -0.4146 0.8793
vn 0.2365 -0.4456 0.8634
vn -0.9993 0.0269 -0.0269
vn 0.4646 0.4013 -0.7894
vn 0.5452 0.3758 -0.7494
vn 0.4081 0.1785 -0.8953
vn 0.4988 0.1709 -0.8497
vn 0.1413 -0.4183 0.8973
vn 0.2366 -0.4481 0.8621
vn -0.9991 0.0368 -0.0193
vn 0.6237 0.5346 -0.5703
vn 0.6237 0.4958 -0.6043
vn 0.9913 -0.0863 0.0996
vn 0.9985 -0.0213 0.0502
vn 0.2424 -0.7341 0.6343
vn 0.3243 -0.7463 0.5812
vn 0.9771 -0.1549 0.1456
vn 0.9772 -0.1584 0.1415
vn 0.6220 0.4567 -0.6360
vn 0.6190 0.4170 -0.6656
vn 0.2441 -0.6597 0.7108
vn 0.3279 -0.6016 0.7284
vn 0.3284 -0.6422 0.6926
vn 0.3274 -0.6804 0.6557
vn 0.2439 -0.6168 0.7484
vn 0.3266 -0.5552 0.7649
vn 0.5567 0.6049 -0.5693
vn 0.5497 0.6724 -0.4957
vn 0.6203 0.6031 -0.5015
vn 0.6159 0.6356 -0.4655
vn 0.3165 -0.8139 0.4872
vn 0.9773 -0.1503 0.1491
vn 0.5360 0.7377 -0.4105
vn 0.6103 0.6678 -0.4260
vn 0.6025 0.6992 -0.3849
vn 0.3086 -0.8488 0.4293
vn 0.9770 -0.1622 0.1385
vn 0.5935 0.7268 -0.3459
vn 0.4617 0.8735 -0.1544
vn 0.5867 0.7446 -0.3184
vn 0.3500 -0.8206 0.4517
vn 0.9987 -0.0386 0.0340
vn 0.3243 -0.4945 0.8064
vn 0.3180 -0.4366 0.8416
vn 0.6143 0.3795 -0.6919
vn 0.6095 0.3535 -0.7096
vn 0.9986 -0.0453 0.0265
vn 0.9987 -0.0421 0.0304
vn 0.3139 -0.4072 0.8577
vn 0.3560 -0.4274 0.8310
vn 0.5671 0.1676 -0.8064
vn 0.1457 -0.6289 0.7637
vn 0.0351 0.0026 -0.9994
vn 0.1395 0.0253 -0.9899
vn 0.2394 0.0336 -0.9703
vn 0.9771 -0.1379 0.1623
vn 0.9772 -0.1338 0.1648
vn 0.3261 -0.7145 0.6189
vn 0.9773 -0.1410 0.1583
vn -0.9990 0.0427 -0.0137
vn -0.9738 0.1472 -0.1736
vn 0.9770 -0.1231 0.1739
vn 0.0191 0.9997 -0.0121
vn -0.1078 0.9615 0.2526
vn 0.1243 0.9916 -0.0356
vn 0.2173 0.9622 0.1640
vn 0.2248 0.9734 -0.0442
vn 0.9984 -0.0171 0.0540
vn 0.4722 0.6405 -0.6056
vn 0.9987 -0.0343 0.0370
vn 0.6225 0.5707 -0.5355
vn -0.9772 0.0840 -0.1948
vn -0.9990 0.0433 -0.0084
vn -0.9721 0.1129 -0.2056
vn -0.9730 0.1317 -0.1894
vn 0.9981 -0.0608 0.0089
vn 0.9986 -0.0476 0.0230
vn 0.9762 -0.1232 0.1785
vn 0.9967 -0.0814 0.0050
vn -0.9735 0.1793 -0.1419
vn -0.9991 0.0114 -0.0417
vn 0.3210 -0.7803 0.5368
vn 0.9980 -0.0056 0.0629
vn 0.9913 -0.0864 0.0997
vn -0.9992 0.0138 -0.0379
vn -0.9989 0.0060 -0.0461
vn 0.9771 -0.1449 0.1557
vn 0.1437 -0.5135 0.8460
vn 0.9774 -0.1281 0.1684
vn -0.9913 0.0863 -0.0997
vn -0.9729 0.1942 -0.1255
vn -0.9985 -0.0025 -0.0554
vn -0.9784 0.1817 -0.0981
vn 0.9765 -0.1659 0.1378
vn 0.9956 0.0085 0.0936
vn 0.9886 -0.0725 0.1319
vn 0.9972 0.0040 0.0751
vn -0.1288 -0.2562 -0.9580
vn -0.3570 -0.0679 -0.9316
vn -0.9735 0.1340 -0.1853
vn 0.2277 -0.1801 -0.9569
vn 0.9981 -0.0071 0.0609
vn 0.4741 0.6007 -0.6437
vn 0.9771 -0.1490 0.1521
vn 0.9982 -0.0142 0.0579
vn -0.9987 0.0032 -0.0510
vn 0.3121 -0.8377 0.4482
vn 0.5339 0.8319 -0.1513
vn 0.9987 -0.0219 0.0469
vn 0.9987 -0.0274 0.0438
vn 0.9987 -0.0308 0.0402
vn -0.9992 0.0312 -0.0232
vn -0.9985 -0.0028 -0.0539
vn -0.1166 -0.4044 -0.9071
vn -0.1894 -0.7105 -0.6777
vn -0.5488 -0.6255 -0.5545
vn -0.0623 -0.5921 -0.8034
vn -0.1659 -0.9050 -0.3917
vn -0.3601 -0.6998 -0.6170
vn -0.8173 -0.5242 -0.2391
vn -0.2667 -0.8747 -0.4047
vn -0.1949 -0.9373 0.2891
vn -0.0563 -0.9623 -0.2661
vn -0.0464 -0.9989 -0.0106
vn -0.2442 -0.9154 0.3201
vn -0.1621 -0.9866 -0.0173
vn -0.0463 -0.8375 -0.5445
vn -0.2214 -0.9751 -0.0139
vn -0.5700 -0.4544 0.6845
vn -0.4674 -0.1734 0.8669
vn -0.6251 -0.2743 0.7308
vn -0.6327 -0.4124 0.6555
vn -0.4713 -0.4878 0.7348
vn -0.3986 -0.3293 0.8560
vn -0.5443 -0.7322 0.4094
vn 0.6576 -0.7382 0.1506
vn 0.7854 -0.6181 0.0327
vn 0.5312 -0.6767 0.5097
vn 0.6008 -0.7373 0.3090
vn 0.3706 -0.9191 0.1337
vn 0.5240 -0.8515 0.0201
vn 0.3867 -0.8932 0.2295
vn -0.8476 0.0919 0.5226
vn -0.6974 -0.4529 0.5555
vn -0.7442 -0.2678 0.6119
vn -0.8692 -0.1563 0.4691
vn -0.7499 -0.4746 0.4608
vn -0.6695 -0.4099 0.6194
vn -0.4172 -0.7472 0.5173
vn 0.2473 -0.9683 0.0344
vn -0.3032 -0.9355 0.1813
vn -0.0060 -0.9995 0.0299
vn 0.0002 -0.9900 0.1409
vn -0.3305 -0.9161 0.2269
vn 0.0001 -0.9806 0.1958
vn -0.1022 0.5031 -0.8582
vn 0.0162 0.2390 -0.9709
vn -0.3056 0.3883 -0.8694
vn -0.1773 0.0071 -0.9841
vn -0.0026 0.5171 -0.8559
vn 0.0053 0.7329 -0.6804
vn -0.1830 0.8414 -0.5085
vn -0.3466 0.7518 0.5610
vn -0.4312 0.4726 0.7686
vn -0.3390 0.6288 0.6998
vn -0.2365 0.9192 0.3150
vn -0.3716 0.7731 0.5141
vn -0.2972 0.9098 0.2898
vn -0.0260 0.9519 -0.3054
vn -0.1380 0.9644 0.2257
vn -0.1150 0.9929 -0.0294
vn -0.2338 0.8508 0.4707
vn -0.1410 0.9894 -0.0362
vn 0.8728 0.4790 0.0939
vn 0.8826 0.3647 0.2967
vn 0.9790 0.2017 -0.0288
vn 0.8707 0.4918 -0.0059
vn 0.9874 -0.0331 0.1544
vn 0.5289 0.8277 0.1876
vn 0.6341 0.7662 0.1040
vn -0.2101 0.9657 0.1526
vn 0.3233 0.9457 0.0336
vn 0.0149 0.9988 0.0468
vn -0.4526 0.8566 0.2477
vn 0.0458 0.9909 0.1264
vn 0.6959 0.7181 -0.0070
vn -0.2972 0.9216 0.2497
vn 0.0513 0.9870 0.1524
vn -0.5428 0.7594 0.3588
vn -0.6834 0.6398 0.3515
vn -0.7559 0.4827 0.4422
vn -0.5018 0.7747 0.3847
vn -0.2768 0.9088 0.3122
vn -0.3438 0.2315 0.9101
vn -0.1057 0.4973 0.8611
vn -0.5983 0.5260 0.6045
vn -0.3883 0.6368 0.6661
vn -0.1718 0.8494 0.4989
vn -0.6598 0.6390 0.3954
vn -0.4252 0.7973 0.4284
vn -0.8533 0.5091 0.1124
vn -0.9066 0.2381 0.3483
vn -0.9888 0.1304 0.0729
vn -0.5426 0.8219 0.1734
vn -0.1948 0.9490 0.2479
vn -0.1273 0.9794 0.1565
vn 0.6723 0.3277 0.6638
vn 0.7488 0.3855 0.5392
vn 0.6670 0.2759 0.6921
vn 0.9152 0.3366 0.2216
vn 0.9216 0.3419 0.1840
vn 0.7132 0.6516 -0.2582
vn 0.4315 -0.3292 0.8399
vn 0.6656 -0.2134 0.7152
vn 0.6989 -0.1925 0.6888
vn 0.4315 0.6330 0.6428
vn 0.2014 0.4827 0.8523
vn 0.1439 0.4387 0.8870
vn 0.3129 0.8768 0.3651
vn 0.2494 0.8973 0.3642
vn 0.2628 0.8616 0.4342
vn 0.5268 0.8170 0.2347
vn 0.5268 0.8170 0.2345
vn 0.5268 0.8169 0.2348
vn 0.7773 0.2980 -0.5540
vn 0.6420 0.4494 -0.6212
vn -0.1017 0.7130 0.6938
vn -0.1526 0.6665 0.7297
vn -0.6588 0.6800 -0.3219
vn -0.5258 0.7635 -0.3749
vn -0.6853 0.6750 -0.2734
vn 0.0025 0.9380 -0.3466
vn 0.0958 0.9309 -0.3525
vn 0.2642 0.7266 -0.6343
vn 0.2644 0.7265 -0.6343
vn 0.2642 0.7266 -0.6342
vn -0.6411 0.7642 0.0705
vn -0.6410 0.7643 0.0705
vn 0.1872 -0.8459 -0.4994
vn 0.1935 -0.7842 -0.5896
vn 0.5215 -0.2038 -0.8285
vn 0.5214 -0.2041 -0.8286
vn 0.3460 -0.2121 -0.9139
vn 0.3528 -0.1652 -0.9210
vn 0.7400 0.6721 -0.0270
vn 0.6224 0.6188 -0.4793
vn 0.7862 0.5739 -0.2291
vn -0.1784 -0.8078 -0.5618
vn -0.2624 -0.8439 -0.4681
vn -0.0400 -0.7226 -0.6901
vn 0.5061 -0.1185 0.8543
vn 0.2424 -0.3576 0.9019
vn 0.1282 -0.0847 0.9881
vn 0.8196 -0.1709 0.5469
vn 0.6449 -0.3989 0.6519
vn 0.5336 -0.6067 0.5892
vn 0.8034 -0.4286 0.4134
vn 0.6446 -0.6642 0.3787
vn 0.8549 -0.4928 0.1624
vn 0.9517 -0.2418 0.1894
vn 0.9818 -0.1449 0.1225
vn 0.2428 -0.9112 0.3327
vn 0.5090 -0.8556 0.0943
vn 0.7694 -0.4786 -0.4230
vn 0.6800 -0.6436 -0.3512
vn 0.6721 -0.6809 -0.2910
vn 0.9315 -0.2757 -0.2372
vn 0.8181 -0.4190 -0.3940
vn 0.7113 0.2792 -0.6450
vn 0.9376 -0.2617 -0.2290
vn -0.0958 -0.8711 -0.4817
vn -0.3453 -0.9024 -0.2576
vn -0.0707 -0.9868 -0.1455
vn -0.1935 -0.4523 -0.8706
vn -0.3876 -0.6468 -0.6568
vn -0.1613 -0.6393 -0.7519
vn -0.5972 -0.5891 -0.5443
vn 0.4976 -0.5599 -0.6625
vn 0.4975 -0.5600 -0.6625
vn -0.3026 -0.1269 -0.9446
vn -0.1288 -0.1166 -0.9848
vn -0.9066 -0.3405 -0.2492
vn -0.9375 -0.1007 -0.3332
vn -0.7160 -0.3764 -0.5880
vn -0.5627 -0.3088 -0.7668
vn -0.7951 0.1911 -0.5755
vn -0.8548 0.1927 -0.4818
vn -0.1973 0.3538 -0.9143
vn -0.5382 0.3339 -0.7739
vn -0.2154 0.5258 -0.8229
vn 0.5637 0.7939 -0.2278
vn 0.6105 0.6338 -0.4749
vn -0.8131 -0.1857 -0.5518
vn -0.8452 -0.2700 -0.4611
vn -0.8482 -0.2802 -0.4494
vn -0.7487 -0.0674 -0.6594
vn -0.2246 0.8270 0.5153
vn 0.3712 0.9178 0.1411
vn -0.2629 0.7368 0.6230
vn 0.2465 0.8932 0.3761
vn 0.6983 0.7028 0.1356
vn 0.4082 0.8063 0.4282
vn 0.6638 0.6634 0.3453
vn -0.2180 -0.2345 0.9474
vn -0.5815 -0.2047 0.7874
vn -0.1769 -0.5962 0.7831
vn -0.0730 -0.3167 0.9457
vn -0.3027 -0.0981 0.9480
vn -0.6594 -0.0234 0.7514
vn -0.0155 -0.0336 0.9993
vn 0.9178 0.3754 0.1290
vn 0.8694 -0.2234 0.4407
vn 0.8992 0.2492 0.3597
vn 0.7676 -0.2592 0.5862
vn 0.8125 0.4084 0.4160
vn -0.3419 0.3539 -0.8706
vn -0.1099 0.4724 -0.8745
vn -0.2871 -0.0016 -0.9579
vn -0.3613 -0.1307 -0.9232
vn -0.1230 0.7146 -0.6886
vn -0.4262 0.3079 -0.8506
vn -0.3345 0.6776 -0.6549
vn -0.9469 -0.2324 0.2220
vn -0.7709 -0.5174 0.3716
vn -0.7879 -0.2060 0.5804
vn -0.9465 -0.1002 0.3068
vn -0.9464 -0.2689 0.1787
vn -0.7090 -0.5542 0.4361
vn -0.9992 -0.0323 0.0254
vn -0.1234 0.9275 -0.3529
vn -0.4838 0.8320 0.2716
vn -0.3607 0.9036 -0.2309
vn -0.6084 0.7438 0.2770
vn -0.4127 0.8198 -0.3969
vn 0.3870 0.9155 -0.1097
vn 0.1248 0.9186 -0.3751
vn 0.7008 0.7068 -0.0961
vn 0.3621 0.8639 -0.3500
vn 0.1085 0.7123 -0.6934
vn 0.5753 0.5874 -0.5693
vn 0.3258 0.6780 -0.6589
vn 0.9132 0.1324 -0.3854
vn 0.9125 0.3915 -0.1182
vn 0.7017 0.1206 -0.7022
vn 0.8573 0.3709 -0.3571
vn 0.6668 0.6749 -0.3161
vn 0.1253 0.4002 -0.9078
vn 0.3862 0.1385 -0.9120
vn 0.3617 0.3760 -0.8531
vn 0.6669 0.3393 -0.6635
vn 0.8677 -0.4478 0.2161
vn 0.9226 -0.1132 -0.3688
vn 0.7643 -0.5970 0.2440
vn 0.9027 -0.3479 -0.2531
vn 0.7067 -0.1109 -0.6988
vn 0.8155 -0.4003 -0.4179
vn 0.6714 -0.3204 -0.6682
vn -0.2162 -0.9544 0.2058
vn -0.1843 -0.8009 0.5697
vn -0.5798 -0.7951 0.1778
vn -0.3028 -0.9506 0.0691
vn -0.0768 -0.9541 0.2895
vn -0.0006 -0.7597 0.6503
vn -0.0139 -0.9999 0.0052
vn 0.3800 -0.1112 -0.9183
vn -0.2262 -0.4525 -0.8626
vn 0.2545 -0.3477 -0.9024
vn -0.2570 -0.5999 -0.7577
vn 0.4186 -0.3994 -0.8156
vn 0.0250 0.1427 0.9895
vn 0.0326 0.3155 0.9484
vn 0.0633 0.5147 0.8551
vn 0.5599 0.6059 0.5651
vn 0.4384 0.7644 0.4728
vn 0.4718 0.5071 0.7213
vn 0.1173 0.7693 0.6280
vn 0.0970 0.7256 0.6813
vn -0.1972 0.6915 0.6949
vn 0.6732 0.4893 -0.5545
vn 0.8481 0.0910 -0.5219
vn 0.6413 0.4671 -0.6087
vn 0.5701 0.7017 -0.4273
vn 0.8410 0.5149 -0.1662
vn 0.6146 0.7788 -0.1258
vn 0.0675 0.9388 0.3377
vn 0.2770 0.9458 -0.1697
vn 0.1861 0.7988 0.5721
vn 0.3733 0.8957 -0.2415
vn 0.5004 0.7430 -0.4444
vn -0.0965 0.3659 0.9257
vn -0.3778 0.0849 0.9220
vn -0.0914 0.6947 0.7135
vn -0.3728 0.3622 0.8543
vn -0.7040 0.0825 0.7054
vn -0.3545 0.6524 0.6698
vn -0.6613 0.3453 0.6660
vn -0.3789 0.9189 0.1095
vn -0.0973 0.9154 0.3907
vn -0.7045 0.7025 0.1010
vn -0.3729 0.8446 0.3842
vn -0.6614 0.6564 0.3630
vn -0.9207 0.0924 0.3791
vn -0.9203 0.3777 0.1019
vn -0.8492 0.3683 0.3783
vn -0.9445 0.3273 -0.0277
vn -0.9907 0.1348 -0.0195
vn -0.8469 0.5288 -0.0560
vn -0.6171 0.7796 -0.1068
vn -0.4619 0.7766 -0.4284
vn -0.5583 0.6194 -0.5520
vn -0.7160 0.5210 -0.4646
vn -0.6850 0.6984 0.2074
vn -0.2770 0.6964 -0.6621
vn 0.1820 0.9470 -0.2646
vn -0.3263 0.9437 -0.0548
vn 0.4542 0.7439 -0.4901
vn 0.2543 0.8967 -0.3622
vn -0.5629 0.8076 -0.1761
vn -0.6730 0.7345 -0.0873
vn 0.6865 0.1697 -0.7071
vn 0.5605 0.4930 -0.6654
vn 0.6146 0.4676 -0.6353
vn 0.1747 0.5223 -0.8347
vn 0.4361 0.7041 -0.5604
vn 0.1363 0.7869 -0.6019
vn 0.0965 -0.3914 0.9152
vn 0.3779 -0.1106 0.9192
vn 0.0959 -0.1112 0.9892
vn 0.0912 -0.7139 0.6943
vn 0.3724 -0.3852 0.8444
vn 0.7037 -0.1016 0.7032
vn 0.3540 -0.6703 0.6522
vn 0.6612 -0.3634 0.6563
vn 0.3788 -0.9216 0.0851
vn 0.0974 -0.9255 0.3659
vn 0.7040 -0.7053 0.0827
vn 0.3727 -0.8546 0.3614
vn 0.6614 -0.6653 0.3462
vn 0.9199 -0.1030 0.3784
vn 0.9211 -0.3782 0.0925
vn 0.8495 -0.3775 0.3685
vn 0.3273 0.0188 0.9447
vn 0.1350 0.0076 0.9908
vn 0.5406 0.0502 0.8398
vn 0.7779 0.1092 0.6188
vn 0.7701 0.4322 0.4692
vn 0.6105 0.5526 0.5674
vn 0.5124 0.4611 0.7245
vn 0.7103 -0.1893 0.6780
vn 0.6874 0.6670 0.2873
vn 0.9434 0.2805 -0.1769
vn 0.9428 0.0626 0.3273
vn 0.7367 0.5084 -0.4459
vn 0.8918 0.3785 -0.2479
vn 0.8052 0.1780 0.5656
vn 0.7339 0.0874 0.6736
vn 0.4831 0.6813 -0.5500
vn 0.4593 0.6514 -0.6039
vn 0.5142 0.8427 -0.1594
vn 0.6966 0.5767 -0.4267
vn 0.7794 0.6138 -0.1254
vn 0.5483 -0.7838 -0.2914
vn 0.4237 -0.9010 -0.0929
vn 0.1904 -0.4703 -0.8617
vn 0.5177 -0.6438 -0.5635
vn 0.8293 -0.4943 -0.2607
vn 0.7662 -0.6380 -0.0759
vn 0.8072 -0.2179 -0.5485
vn 0.5488 0.3689 -0.7502
vn 0.2195 0.5359 -0.8152
vn 0.4242 0.5913 -0.6858
vn 0.8298 0.1801 -0.5281
vn 0.5957 0.2645 -0.7584
vn 0.9440 -0.3169 -0.0915
vn 0.9440 0.1682 -0.2838
vn 0.9618 -0.1016 -0.2541
vn 0.7671 0.4114 -0.4923
vn 0.2825 -0.7787 -0.5601
vn 0.1597 -0.9736 -0.1633
vn 0.0817 -0.8954 -0.4376
vn 0.2547 -0.4847 -0.8368
vn 0.8568 -0.4793 -0.1903
vn 0.5564 -0.6428 -0.5266
vn 0.9200 -0.3781 -0.1033
vn 0.5466 -0.2136 -0.8097
vn 0.2873 0.1776 -0.9412
vn 0.0884 -0.3033 -0.9488
vn 0.4991 0.4171 -0.7596
vn 0.2538 -0.0897 -0.9631
vn 0.0683 -0.6276 -0.7755
vn 0.5322 0.1850 -0.8262
vn 0.7664 0.6247 -0.1497
vn 0.7556 0.3675 -0.5422
vn 0.6941 0.5886 -0.4146
vn 0.8200 0.5315 -0.2123
vn 0.7616 0.2664 -0.5907
vn -0.3781 -0.9191 -0.1111
vn -0.0966 -0.9147 -0.3924
vn -0.7036 -0.7031 -0.1028
vn -0.3735 -0.8433 -0.3864
vn -0.0910 -0.6936 -0.7146
vn -0.6609 -0.6555 -0.3654
vn -0.3543 -0.6511 -0.6712
vn -0.9206 -0.0918 -0.3795
vn -0.9201 -0.3778 -0.1036
vn -0.7036 -0.0812 -0.7059
vn -0.8492 -0.3668 -0.3800
vn -0.6610 -0.3444 -0.6667
vn -0.0966 -0.3647 -0.9261
vn -0.3778 -0.0828 -0.9222
vn -0.3729 -0.3600 -0.8552
vn -0.9439 0.0350 -0.3283
vn -0.8382 0.0701 -0.5408
vn -0.5581 0.5711 -0.6020
vn -0.4630 0.4504 -0.7634
vn -0.7158 0.4828 -0.5044
vn -0.6167 0.1285 -0.7767
vn -0.6718 0.1073 -0.7329
vn -0.6795 -0.1863 -0.7096
vn 0.5596 0.6812 -0.4720
vn 0.5217 0.8502 -0.0712
vn 0.6134 0.6497 -0.4489
vn 0.4354 0.5823 -0.6865
vn 0.1709 0.8478 -0.5020
vn 0.1711 0.8478 -0.5019
vn 0.1710 0.8479 -0.5019
vn 0.1363 0.6260 -0.7679
vn -0.3253 0.0815 -0.9421
vn 0.1818 0.2921 -0.9390
vn -0.5620 0.1983 -0.8030
vn 0.2541 0.3885 -0.8857
vn 0.4535 0.5130 -0.7288
vn 0.9076 -0.1041 0.4068
vn 0.6783 -0.1848 0.7112
vn 0.5632 -0.5491 0.6175
vn 0.8022 -0.0539 0.5946
vn 0.3915 -0.1720 0.9039
vn 0.6221 -0.3574 0.6966
vn 0.2539 -0.8231 0.5079
vn 0.4062 -0.2738 0.8718
vn -0.2882 -0.2156 0.9330
vn 0.2629 -0.0660 0.9626
vn 0.0070 -0.0616 0.9981
vn -0.3180 -0.2646 0.9104
vn 0.0158 -0.1775 0.9840
vn 0.5416 -0.0481 0.8393
vn 0.0136 -0.2368 0.9715
vn -0.6741 -0.5923 0.4413
vn -0.8575 -0.4885 0.1614
vn -0.7204 -0.6430 0.2601
vn -0.6444 -0.6532 0.3977
vn -0.7267 -0.4944 0.4770
vn -0.8491 -0.4216 0.3183
vn -0.3998 -0.5640 0.7226
vn -0.1681 0.6406 0.7492
vn -0.0522 0.7731 0.6322
vn -0.5224 0.5101 0.6833
vn -0.3260 0.5816 0.7453
vn -0.1461 0.3536 0.9239
vn -0.0351 0.5078 0.8607
vn -0.2419 0.3656 0.8988
vn -0.5036 -0.8569 -0.1097
vn -0.5446 -0.7162 0.4364
vn -0.5971 -0.7615 0.2520
vn -0.4514 -0.8812 0.1403
vn -0.4473 -0.7670 0.4600
vn -0.6075 -0.6884 0.3963
vn -0.5161 -0.4377 0.7362
vn -0.0442 0.2308 0.9720
vn -0.1791 -0.3219 0.9297
vn -0.0344 -0.0224 0.9992
vn -0.1461 -0.0197 0.9891
vn -0.2254 -0.3512 0.9088
vn -0.2006 -0.0208 0.9795
vn 0.8607 -0.0481 -0.5068
vn 0.9715 0.0403 -0.2336
vn 0.9965 -0.0243 0.0802
vn 0.8301 -0.1190 -0.5447
vn 0.8588 0.0242 -0.5118
vn 0.6831 0.0315 -0.7296
vn 0.5156 -0.1587 -0.8420
vn -0.5432 -0.3715 -0.7529
vn -0.4785 -0.6923 -0.5401
vn -0.6894 -0.3441 -0.6374
vn -0.3041 -0.2279 -0.9250
vn -0.6994 -0.5350 -0.4739
vn -0.2786 -0.2891 -0.9159
vn -0.4020 -0.2881 -0.8691
vn 0.3101 -0.0043 -0.9507
vn -0.2184 -0.1275 -0.9675
vn 0.0364 -0.0988 -0.9944
vn -0.4618 -0.2298 -0.8567
vn 0.0453 -0.1233 -0.9913
vn -0.0869 0.8780 -0.4707
vn -0.0435 0.9897 0.1364
vn 0.0091 0.9817 -0.1900
vn -0.0101 0.8809 -0.4733
vn -0.1518 0.8534 -0.4987
vn -0.1946 0.5366 -0.8211
vn -0.1436 -0.1981 -0.9696
vn -0.0361 0.3369 -0.9409
vn -0.0424 0.0301 -0.9986
vn -0.2340 -0.4452 -0.8643
vn -0.1229 0.0585 -0.9907
vn -0.0044 0.7095 -0.7047
vn -0.2392 -0.2878 -0.9273
vn -0.1500 0.0634 -0.9867
vn -0.3670 -0.5341 -0.7616
vn -0.3339 -0.6801 -0.6526
vn -0.6861 -0.4930 -0.5350
vn -0.5152 -0.7002 -0.4943
vn -0.3003 -0.2709 -0.9146
vn -0.3477 0.9354 0.0638
vn -0.6736 0.7311 0.1089
vn -0.6341 0.6077 0.4782
vn -0.5363 0.8440 -0.0064
vn -0.8859 0.4585 0.0707
vn -0.6839 0.6732 0.2812
vn -0.5806 0.2909 0.7604
vn -0.8643 0.4721 0.1737
vn -0.9705 -0.2177 0.1039
vn -0.9413 0.3348 -0.0425
vn -0.9950 0.0838 -0.0535
vn -0.9570 -0.2448 0.1555
vn -0.9937 0.0929 0.0633
vn -0.7963 0.6034 -0.0432
vn -0.9882 0.0906 0.1233
vn -0.5558 -0.6409 0.5295
vn -0.2811 -0.8434 0.4579
vn -0.3866 -0.6970 0.6040
vn -0.5172 -0.6145 0.5958
vn -0.5838 -0.6895 0.4288
vn -0.4275 -0.8231 0.3738
vn -0.8114 -0.3405 0.4751
vn -0.6805 -0.1108 -0.7243
vn -0.5414 -0.0032 -0.8407
vn -0.6579 -0.4683 -0.5898
vn -0.6955 -0.2685 -0.6665
vn -0.8853 -0.0757 -0.4588
vn -0.7963 0.0312 -0.6041
vn -0.8655 -0.1733 -0.4700
vn -0.0274 -0.5122 0.8584
vn -0.5560 -0.5091 0.6571
vn -0.3810 -0.5783 0.7214
vn -0.2747 -0.4409 0.8545
vn -0.5774 -0.4109 0.7055
vn -0.5181 -0.5754 0.6329
vn -0.8190 -0.4545 0.3503
vn -0.9393 0.0301 -0.3419
vn -0.9715 -0.1081 0.2111
vn -0.9948 0.0415 -0.0933
vn -0.9928 -0.0709 -0.0962
vn -0.9579 -0.1561 0.2411
vn -0.9872 -0.1278 -0.0951
vn 0.5499 0.8232 0.1410
vn 0.3093 0.9510 -0.0039
vn 0.4179 0.8460 0.3312
vn 0.0613 0.9844 0.1648
vn 0.5746 0.8173 0.0436
vn 0.7789 0.6243 0.0594
vn 0.8517 0.4559 0.2585
vn 0.6687 -0.6101 0.4250
vn 0.3710 -0.7920 0.4849
vn 0.5395 -0.7366 0.4079
vn 0.8656 -0.3771 0.3296
vn 0.6877 -0.5702 0.4494
vn 0.8540 -0.3444 0.3899
vn 0.9641 0.2384 0.1168
vn 0.9272 -0.2910 0.2357
vn 0.9763 -0.0398 0.2125
vn 0.7878 -0.5250 0.3221
vn 0.9706 -0.0367 0.2377
vn 0.5526 -0.1443 -0.8209
vn 0.4315 -0.3384 -0.8362
vn 0.3011 -0.0040 -0.9536
vn 0.5699 -0.0445 -0.8205
vn 0.0562 -0.1694 -0.9839
vn 0.8612 -0.2550 -0.4397
vn 0.8141 -0.1710 -0.5549
vn 0.9270 -0.2160 0.3066
vn 0.9681 -0.1062 -0.2271
vn 0.9895 -0.1170 0.0844
vn 0.7870 -0.2999 0.5391
vn 0.9786 -0.1987 0.0539
vn 0.7796 -0.0572 -0.6236
vn 0.8678 -0.3081 0.3897
vn 0.9734 -0.2237 0.0492
vn 0.6730 -0.4023 0.6207
vn 0.5429 -0.3832 0.7473
vn 0.3730 -0.4604 0.8055
vn 0.6927 -0.4287 0.5800
vn 0.8530 -0.3699 0.3683
vn 0.2942 -0.8964 -0.3315
vn 0.3115 -0.8974 -0.3125
vn 0.4372 -0.7593 -0.4820
vn 0.4616 -0.7618 -0.4545
vn 0.6982 -0.2418 -0.6739
vn 0.6802 0.0144 -0.7329
vn 0.7218 0.0151 -0.6919
vn 0.2764 -0.8962 -0.3470
vn 0.4109 -0.7592 -0.5048
vn 0.6577 -0.2405 -0.7138
vn 0.6390 0.0140 -0.7691
vn -0.3007 -0.9132 0.2750
vn -0.3175 -0.9132 0.2556
vn -0.4518 -0.7858 0.4224
vn -0.7226 -0.3303 0.6073
vn -0.7198 -0.0847 0.6890
vn -0.6842 -0.3299 0.6504
vn -0.3346 -0.9127 0.2348
vn -0.4774 -0.7862 0.3924
vn -0.7606 -0.3286 0.5599
vn -0.7609 -0.0842 0.6433
vn 0.3471 -0.8968 -0.2745
vn 0.3304 -0.8970 -0.2935
vn 0.5123 -0.7608 -0.3983
vn 0.7380 -0.2414 -0.6301
vn 0.7987 0.0146 -0.6016
vn 0.7736 -0.2422 -0.5856
vn 0.4891 -0.7605 -0.4272
vn 0.7623 0.0137 -0.6471
vn -0.2830 -0.9136 0.2920
vn -0.2673 -0.9129 0.3084
vn -0.4244 -0.7869 0.4480
vn -0.3997 -0.7856 0.4723
vn -0.6053 -0.3300 0.7244
vn -0.6768 -0.0849 0.7312
vn -0.6355 -0.0865 0.7672
vn -0.6445 -0.3268 0.6913
vn -0.2493 -0.9126 0.3242
vn -0.2289 -0.9126 0.3388
vn -0.3722 -0.7846 0.4960
vn -0.3403 -0.7841 0.5191
vn -0.5166 -0.3297 0.7902
vn -0.5917 -0.0897 0.8012
vn -0.5407 -0.0899 0.8364
vn -0.5632 -0.3328 0.7563
vn 0.2581 -0.8951 -0.3635
vn 0.3837 -0.7579 -0.5275
vn 0.6172 -0.2413 -0.7489
vn 0.5951 0.0125 -0.8035
vn 0.2378 -0.8940 -0.3798
vn 0.3542 -0.7561 -0.5504
vn 0.5741 -0.2429 -0.7819
vn 0.5468 0.0111 -0.8372
vn 0.2163 -0.8925 -0.3958
vn 0.3236 -0.7525 -0.5736
vn 0.5270 -0.2414 -0.8149
vn 0.4960 0.0112 -0.8683
vn 0.1979 -0.8879 -0.4153
vn 0.2974 -0.7457 -0.5962
vn 0.4769 -0.2381 -0.8461
vn 0.4478 0.0106 -0.8941
vn -0.2079 -0.9109 0.3565
vn -0.1915 -0.9076 0.3735
vn -0.3061 -0.7799 0.5460
vn -0.2813 -0.7726 0.5692
vn -0.4223 -0.3244 0.8465
vn -0.4836 -0.0916 0.8705
vn -0.4386 -0.0909 0.8941
vn -0.4639 -0.3283 0.8228
vn 0.1055 -0.8810 -0.4611
vn -0.0080 -0.9195 -0.3929
vn 0.1787 -0.5268 -0.8310
vn -0.0151 -0.6940 -0.7198
vn 0.1907 -0.0491 -0.9804
vn -0.0195 -0.3522 -0.9357
vn 0.1868 -0.8823 -0.4321
vn 0.2788 -0.7351 -0.6180
vn 0.4282 -0.2315 -0.8735
vn 0.4126 0.0167 -0.9108
vn 0.3952 -0.2158 -0.8929
vn -0.1844 -0.9049 0.3837
vn -0.2704 -0.7700 0.5779
vn -0.4182 -0.0872 0.9042
vn -0.4017 -0.3195 0.8582
vn -0.3548 -0.9115 0.2080
vn -0.5029 -0.7860 0.3595
vn -0.8041 -0.3244 0.4982
vn -0.8012 -0.0855 0.5922
vn -0.3777 -0.9072 0.1856
vn -0.5388 -0.7796 0.3193
vn -0.8391 -0.3212 0.4391
vn -0.8477 -0.0834 0.5238
vn 0.3814 -0.8935 -0.2370
vn 0.3634 -0.8961 -0.2547
vn 0.5594 -0.7526 -0.3474
vn 0.8075 -0.2380 -0.5398
vn 0.8596 0.0142 -0.5107
vn 0.8374 -0.2331 -0.4943
vn 0.5362 -0.7581 -0.3712
vn 0.8318 0.0144 -0.5549
vn 0.3808 -0.9246 -0.0139
vn 0.7115 -0.7026 -0.0108
vn 0.9318 -0.3628 -0.0063
vn 0.4421 -0.8863 -0.1377
vn 0.8165 -0.5314 -0.2258
vn 0.9700 -0.0405 -0.2396
vn -0.3956 -0.9015 0.1758
vn -0.5697 -0.7728 0.2796
vn -0.8610 -0.3027 0.4086
vn -0.8851 -0.0797 0.4585
vn -0.9019 -0.0677 0.4266
vn -0.5892 -0.7632 0.2652
vn -0.8618 -0.3108 0.4008
vn 0.3969 -0.8894 -0.2269
vn 0.8579 -0.2219 -0.4634
vn 0.5781 -0.7464 -0.3298
vn 0.8779 0.0203 -0.4784
vn 0.5234 0.6959 -0.4916
vn 0.4932 0.6963 -0.5215
vn 0.3779 0.8573 -0.3498
vn 0.3574 0.8563 -0.3729
vn 0.2100 0.9596 -0.1871
vn 0.1985 0.9595 -0.2000
vn 0.4641 0.6950 -0.5492
vn 0.3366 0.8557 -0.3931
vn 0.1868 0.9594 -0.2114
vn -0.5831 0.6370 0.5041
vn -0.5514 0.6372 0.5384
vn -0.4226 0.8271 0.3705
vn -0.3995 0.8270 0.3955
vn -0.2318 0.9497 0.2107
vn -0.2193 0.9495 0.2244
vn -0.6138 0.6385 0.4643
vn -0.4457 0.8269 0.3429
vn -0.2443 0.9498 0.1955
vn 0.5530 0.6948 -0.4598
vn 0.5803 0.6936 -0.4267
vn 0.4004 0.8559 -0.3273
vn 0.4198 0.8554 -0.3035
vn 0.2226 0.9591 -0.1746
vn 0.2338 0.9588 -0.1615
vn -0.4886 0.6335 0.5999
vn -0.5190 0.6366 0.5704
vn -0.3554 0.8237 0.4418
vn -0.3767 0.8260 0.4193
vn -0.1960 0.9483 0.2497
vn -0.2069 0.9491 0.2376
vn -0.4191 0.6273 0.6564
vn -0.4561 0.6314 0.6272
vn -0.3056 0.8200 0.4839
vn -0.3323 0.8223 0.4619
vn -0.1687 0.9471 0.2730
vn -0.1828 0.9479 0.2609
vn 0.4333 0.6932 -0.5760
vn 0.3143 0.8548 -0.4131
vn 0.1746 0.9591 -0.2229
vn 0.4003 0.6884 -0.6048
vn 0.2903 0.8529 -0.4339
vn 0.1616 0.9584 -0.2352
vn 0.3647 0.6845 -0.6313
vn 0.2654 0.8498 -0.4553
vn 0.1480 0.9574 -0.2479
vn 0.3320 0.6770 -0.6568
vn 0.2427 0.8450 -0.4765
vn 0.1356 0.9558 -0.2611
vn -0.3453 0.6118 0.7117
vn -0.3777 0.6196 0.6880
vn -0.2547 0.8095 0.5290
vn -0.2767 0.8156 0.5082
vn -0.1419 0.9432 0.3005
vn -0.1530 0.9457 0.2867
vn 0.0440 0.4310 -0.9013
vn 0.1672 0.6465 -0.7444
vn 0.0335 0.7383 -0.6737
vn 0.1250 0.8298 -0.5439
vn 0.0179 0.9350 -0.3541
vn 0.0733 0.9504 -0.3023
vn 0.3089 0.6697 -0.6753
vn 0.2278 0.8386 -0.4948
vn 0.1282 0.9533 -0.2733
vn -0.3306 0.6062 0.7234
vn -0.2450 0.8048 0.5405
vn -0.1370 0.9413 0.3085
vn -0.6520 0.6350 0.4144
vn -0.4737 0.8254 0.3070
vn -0.2597 0.9494 0.1765
vn -0.6872 0.6267 0.3675
vn -0.5026 0.8196 0.2750
vn -0.2767 0.9476 0.1596
vn 0.6064 0.6909 -0.3937
vn 0.6299 0.6868 -0.3627
vn 0.4400 0.8532 -0.2801
vn 0.4600 0.8493 -0.2590
vn 0.2454 0.9580 -0.1486
vn 0.2577 0.9564 -0.1371
vn 0.9061 0.4196 -0.0534
vn 0.6855 0.7273 -0.0346
vn 0.3703 0.9289 -0.0106
vn 0.7310 0.6559 -0.1884
vn 0.5367 0.8330 -0.1344
vn 0.3072 0.9490 -0.0714
vn -0.7054 0.6194 0.3446
vn -0.5212 0.8127 0.2604
vn -0.2903 0.9446 0.1530
vn 0.6484 0.6801 -0.3423
vn 0.4759 0.8446 -0.2452
vn 0.2684 0.9545 -0.1304
vn -0.8027 0.3553 0.4790
vn 0.8809 -0.1398 0.4522
vn 0.8814 -0.1401 0.4511
vn -0.7993 0.3558 0.4844
vn 0.2682 0.1624 0.9496
vn 0.2683 0.1624 0.9496
vn 0.8556 -0.1208 0.5034
vn -0.4718 0.3429 0.8123
vn -0.4777 0.3435 0.8086
vn -0.9439 0.2096 -0.2550
vn -0.9439 0.2096 -0.2552
vn -0.5287 -0.0587 -0.8468
vn -0.1183 -0.1932 -0.9740
vn -0.4758 -0.0801 -0.8759
vn -0.0011 0.9305 -0.3664
vn -0.0003 0.7182 -0.6958
vn 0.0006 0.3950 -0.9187
vn 0.9251 0.0065 -0.3796
vn 0.3859 0.0137 -0.9225
vn 0.7088 0.0109 -0.7053
vn -0.6825 -0.6897 0.2420
vn -0.6576 -0.7533 -0.0033
vn -0.3573 -0.3480 -0.8667
vn -0.7046 -0.7090 0.0300
vn -0.3844 -0.3758 -0.8432
vn 0.9226 0.3858 0.0078
vn 0.7041 0.7100 0.0134
vn 0.3817 0.9241 0.0169
vn -0.6821 -0.2736 0.6782
vn -0.7512 -0.0221 0.6597
vn -0.2959 0.9034 0.3105
vn -0.7057 -0.0663 0.7054
vn -0.2453 -0.6979 0.6729
vn 0.0167 -0.6713 0.7410
vn 0.8695 -0.3544 0.3441
vn -0.0287 -0.7204 0.6930
vn -0.0004 0.3900 0.9208
vn -0.0004 0.4106 0.9118
vn -0.0017 0.7199 0.6941
vn -0.0021 0.8050 0.5933
vn -0.0027 0.9273 0.3743
vn 0.1250 0.9921 0.0101
vn -0.0445 0.9960 -0.0778
vn -0.3347 0.9422 0.0167
vn -0.5041 0.8635 0.0151
vn -0.6701 0.7422 0.0128
vn -0.8451 0.5345 0.0088
vn -0.9144 0.4048 0.0064
vn 0.2999 0.9099 -0.2865
vn 0.4255 0.8050 -0.4134
vn 0.5547 0.6403 -0.5314
vn 0.6747 0.3100 -0.6698
vn 0.4381 0.7916 -0.4260
vn 0.6562 0.3833 -0.6500
vn 0.4004 -0.0128 0.9162
vn 0.7258 -0.0095 0.6878
vn 0.9301 -0.0049 0.3674
vn 0.4209 -0.0126 0.9070
vn 0.8234 -0.0078 0.5674
vn 0.9914 0.1304 -0.0091
vn 0.4008 -0.9161 -0.0121
vn 0.5029 -0.8643 -0.0113
vn 0.7259 -0.6878 -0.0087
vn 0.8932 -0.4497 -0.0052
vn 0.9307 -0.3659 -0.0041
vn 0.9932 -0.0686 -0.0937
vn 0.8955 0.3196 -0.3097
vn 0.7955 0.4359 -0.4210
vn 0.6418 0.5513 -0.5330
vn 0.3426 0.6730 -0.6555
vn 0.3281 0.6789 -0.6568
vn 0.7847 0.4452 -0.4314
vn 0.4352 0.6464 -0.6268
vn 0.1203 0.0160 -0.9926
vn 0.0004 -0.3543 -0.9351
vn 0.0005 -0.5593 -0.8290
vn 0.0004 -0.6775 -0.7355
vn 0.0004 -0.9100 -0.4146
vn -0.3569 0.0142 -0.9341
vn -0.5183 0.0128 -0.8551
vn -0.8113 0.0087 -0.5846
vn -0.9139 0.0060 -0.4059
vn -0.0662 0.1078 -0.9920
vn -0.3759 0.0139 -0.9265
vn -0.5246 0.0128 -0.8513
vn 0.3167 0.3313 -0.8888
vn 0.5385 0.4557 -0.7087
vn 0.5443 0.5561 -0.6281
vn 0.6679 0.6754 -0.3127
vn 0.3404 0.3552 -0.8706
vn 0.0001 0.9185 0.3954
vn 0.0005 0.6976 0.7165
vn 0.0008 0.3827 0.9239
vn -0.9252 0.3794 -0.0085
vn -0.7063 0.7078 0.0089
vn -0.3831 0.9236 0.0122
vn 0.6533 0.3917 -0.6479
vn 0.5006 0.7132 -0.4907
vn 0.2710 0.9273 -0.2582
vn 0.9235 -0.0051 0.3835
vn 0.7064 -0.0098 0.7077
vn 0.3822 -0.0129 0.9240
vn 0.9238 -0.3828 -0.0044
vn 0.7082 -0.7059 -0.0089
vn 0.3836 -0.9234 -0.0122
vn 0.3834 0.6630 -0.6430
vn 0.7081 0.5064 -0.4921
vn 0.9240 0.2753 -0.2655
vn 0.0004 -0.9181 -0.3964
vn 0.0004 -0.6961 -0.7180
vn 0.0004 -0.3686 -0.9296
vn -0.9239 0.0057 -0.3826
vn -0.7067 0.0107 -0.7075
vn -0.3822 0.0140 -0.9240
vn 0.6518 0.6603 -0.3731
vn 0.4991 0.5117 -0.6993
vn 0.2709 0.2858 -0.9192
vn -0.3821 -0.0126 0.9240
vn -0.7070 -0.0098 0.7071
vn -0.7069 -0.0098 0.7072
vn -0.9243 -0.0054 0.3816
vn 0.5788 0.0102 -0.8154
vn 0.5240 0.0941 -0.8465
vn 0.2026 0.0009 -0.9793
vn -0.8242 -0.0057 -0.5662
vn -0.3867 0.0021 -0.9222
vn -0.8344 -0.0050 -0.5512
vn -0.9865 0.0016 -0.1638
vn -0.3817 0.0021 -0.9243
vn -0.3816 0.0236 -0.9240
vn -0.0011 0.1494 0.9888
vn -0.0084 0.3696 0.9292
vn 0.0091 0.9176 0.3973
vn -0.0083 0.9159 0.4013
vn -0.0083 0.9179 0.3968
vn -0.0000 0.8238 -0.5669
vn -0.0074 0.9297 -0.3681
vn -0.0108 0.5508 0.8346
vn -0.0095 0.9821 -0.1880
vn 0.0848 0.8556 -0.5107
vn 0.0004 0.7720 -0.6357
vn -0.0014 -0.9782 -0.2076
vn 0.1473 -0.9732 -0.1769
vn 0.0107 -0.3684 -0.9296
vn 0.1047 -0.3668 -0.9244
vn -0.0031 -0.9183 -0.3958
vn -0.0030 0.3976 -0.9175
vn -0.7074 -0.7068 -0.0111
vn -0.7076 -0.7065 -0.0110
vn -0.9237 -0.3830 -0.0062
vn -0.3818 -0.9241 -0.0143
vn 0.9240 -0.3823 -0.0055
vn 0.1614 -0.9868 -0.0151
vn 0.8112 0.5847 0.0092
vn 0.9241 -0.3822 -0.0055
vn 0.9258 -0.3780 -0.0055
vn 0.1603 -0.9870 -0.0149
vn 0.1608 -0.0129 0.9869
vn 0.0212 0.1231 0.9922
vn 0.9219 -0.0191 0.3869
vn 0.5650 -0.0221 0.8248
vn 0.5512 -0.0217 0.8341
vn 0.9795 -0.0076 -0.2013
vn 0.8134 0.0077 -0.5816
vn 0.1623 -0.0129 0.9867
vn 0.9241 -0.0046 0.3820
vn 0.9238 -0.0191 0.3823
vn -0.0001 -0.9289 0.3703
vn -0.0004 -0.7168 0.6972
vn -0.0004 -0.7172 0.6968
vn -0.0007 -0.3956 0.9184
vn 0.5823 0.8128 0.0128
vn -0.3840 0.9232 0.0140
vn -0.3881 0.9212 0.0265
vn -0.9874 0.1583 0.0022
vn -0.9864 0.1644 0.0021
vn 0.2014 0.9792 0.0247
vn -0.8241 0.5662 0.0182
vn -0.3840 0.9229 0.0265
vn -0.9967 0.0807 0.0009
vn 0.3197 0.2861 0.9033
vn 0.3021 0.3045 0.9033
vn 0.4678 0.4342 0.7698
vn 0.4417 0.4605 0.7699
vn 0.6573 0.7085 0.2569
vn 0.7182 0.6959 -0.0006
vn 0.6764 0.7366 -0.0005
vn 0.3373 0.2697 0.9019
vn 0.4925 0.4094 0.7680
vn 0.6980 0.6687 0.2562
vn 0.7552 0.6555 0.0004
vn -0.2724 -0.3210 0.9071
vn -0.2533 -0.3378 0.9065
vn -0.4152 -0.4725 0.7774
vn -0.5938 -0.7405 0.3147
vn -0.6739 -0.7355 0.0700
vn -0.6376 -0.7032 0.3147
vn -0.2316 -0.3537 0.9062
vn -0.3857 -0.4981 0.7766
vn -0.5451 -0.7777 0.3133
vn -0.6274 -0.7757 0.0692
vn 0.2625 0.3380 0.9038
vn 0.2822 0.3218 0.9038
vn 0.3844 0.5088 0.7703
vn 0.6131 0.7472 0.2565
vn 0.5847 0.8113 0.0017
vn 0.5681 0.7818 0.2570
vn 0.4119 0.4845 0.7718
vn 0.6308 0.7759 0.0010
vn -0.2907 -0.3043 0.9071
vn -0.3068 -0.2879 0.9072
vn -0.4430 -0.4468 0.7773
vn -0.4661 -0.4206 0.7783
vn -0.7130 -0.6254 0.3171
vn -0.7167 -0.6937 0.0713
vn -0.7539 -0.6530 0.0728
vn -0.6779 -0.6635 0.3165
vn -0.3221 -0.2707 0.9072
vn -0.3380 -0.2509 0.9071
vn -0.4911 -0.3948 0.7765
vn -0.5152 -0.3643 0.7758
vn -0.7801 -0.5383 0.3189
vn -0.7889 -0.6099 0.0752
vn -0.8250 -0.5597 0.0783
vn -0.7459 -0.5848 0.3187
vn 0.3532 0.2509 0.9013
vn 0.5155 0.3825 0.7667
vn 0.7339 0.6293 0.2557
vn 0.7907 0.6122 0.0007
vn 0.3705 0.2315 0.8995
vn 0.5394 0.3536 0.7642
vn 0.7686 0.5868 0.2547
vn 0.8253 0.5647 0.0015
vn 0.3881 0.2111 0.8971
vn 0.5637 0.3243 0.7596
vn 0.8024 0.5402 0.2536
vn 0.8576 0.5144 0.0022
vn 0.4072 0.1927 0.8928
vn 0.5872 0.2982 0.7525
vn 0.8343 0.4909 0.2510
vn 0.8843 0.4669 0.0006
vn -0.3569 -0.2297 0.9055
vn -0.3736 -0.2139 0.9026
vn -0.5433 -0.3302 0.7719
vn -0.5651 -0.3050 0.7666
vn -0.8387 -0.4454 0.3134
vn -0.8603 -0.5034 0.0800
vn -0.8849 -0.4589 0.0794
vn -0.8144 -0.4861 0.3170
vn 0.4550 0.1018 0.8846
vn 0.3891 -0.0144 0.9211
vn 0.8246 0.1879 0.5336
vn 0.7167 -0.0109 0.6973
vn 0.9759 0.2107 0.0565
vn 0.9343 -0.0052 0.3566
vn 0.1925 0.0734 0.9786
vn 0.6084 0.2800 0.7426
vn 0.8630 0.4429 0.2428
vn 0.9018 0.4321 -0.0064
vn 0.6213 0.2754 0.7336
vn 0.8832 0.4107 0.2264
vn -0.3842 -0.2071 0.8997
vn -0.5770 -0.2956 0.7614
vn -0.8953 -0.4387 0.0769
vn -0.8508 -0.4253 0.3086
vn -0.2046 -0.3736 0.9048
vn -0.3526 -0.5232 0.7758
vn -0.4819 -0.8193 0.3108
vn -0.5752 -0.8150 0.0692
vn -0.1818 -0.3960 0.9001
vn -0.3102 -0.5563 0.7709
vn -0.4230 -0.8544 0.3017
vn -0.5060 -0.8599 0.0675
vn 0.2247 0.3720 0.9006
vn 0.2427 0.3542 0.9031
vn 0.3314 0.5535 0.7641
vn 0.5212 0.8141 0.2562
vn 0.4922 0.8705 0.0008
vn 0.4752 0.8437 0.2497
vn 0.3553 0.5311 0.7692
vn 0.5372 0.8434 0.0025
vn 0.0015 0.3665 0.9304
vn -0.0076 0.7004 0.7137
vn -0.0153 0.9261 0.3769
vn 0.1239 0.4303 0.8942
vn 0.2056 0.8131 0.5446
vn 0.2183 0.9744 0.0546
vn -0.1711 -0.4124 0.8948
vn -0.2714 -0.5889 0.7613
vn -0.3914 -0.8731 0.2908
vn -0.4400 -0.8959 0.0616
vn -0.4075 -0.9116 0.0542
vn -0.2567 -0.6082 0.7511
vn -0.3838 -0.8751 0.2949
vn 0.2144 0.3876 0.8965
vn 0.4448 0.8646 0.2338
vn 0.3143 0.5736 0.7564
vn 0.4596 0.8881 -0.0053
vn 0.4835 0.5449 -0.6850
vn 0.5145 0.5156 -0.6852
vn 0.3461 0.3995 -0.8489
vn 0.3687 0.3785 -0.8490
vn 0.1874 0.2296 -0.9551
vn 0.1999 0.2178 -0.9553
vn 0.5429 0.4872 -0.6841
vn 0.3894 0.3580 -0.8487
vn 0.2116 0.2064 -0.9553
vn -0.4880 -0.5832 -0.6494
vn -0.5232 -0.5522 -0.6491
vn -0.3576 -0.4171 -0.8355
vn -0.3833 -0.3950 -0.8349
vn -0.2009 -0.2205 -0.9545
vn -0.2154 -0.2090 -0.9539
vn -0.4486 -0.6139 -0.6495
vn -0.3295 -0.4397 -0.8355
vn -0.1857 -0.2328 -0.9546
vn 0.4507 0.5736 -0.6840
vn 0.4175 0.6004 -0.6820
vn 0.3222 0.4203 -0.8483
vn 0.2984 0.4402 -0.8469
vn 0.1740 0.2411 -0.9548
vn 0.1611 0.2528 -0.9540
vn -0.5859 -0.4907 -0.6449
vn -0.5570 -0.5215 -0.6464
vn -0.4297 -0.3513 -0.8318
vn -0.4077 -0.3727 -0.8336
vn -0.2407 -0.1851 -0.9528
vn -0.2282 -0.1964 -0.9536
vn -0.6447 -0.4227 -0.6369
vn -0.6147 -0.4594 -0.6412
vn -0.4735 -0.3028 -0.8271
vn -0.4504 -0.3284 -0.8302
vn -0.2656 -0.1594 -0.9508
vn -0.2528 -0.1733 -0.9519
vn 0.5707 0.4570 -0.6822
vn 0.4098 0.3363 -0.8479
vn 0.2233 0.1944 -0.9552
vn 0.5988 0.4238 -0.6795
vn 0.4317 0.3132 -0.8459
vn 0.2359 0.1817 -0.9546
vn 0.6266 0.3891 -0.6753
vn 0.4534 0.2887 -0.8432
vn 0.2489 0.1684 -0.9538
vn 0.6526 0.3567 -0.6684
vn 0.4754 0.2664 -0.8385
vn 0.2627 0.1564 -0.9521
vn -0.7013 -0.3505 -0.6207
vn -0.6767 -0.3823 -0.6293
vn -0.5198 -0.2530 -0.8160
vn -0.4983 -0.2744 -0.8224
vn -0.2927 -0.1331 -0.9469
vn -0.2792 -0.1440 -0.9494
vn 0.9023 0.0701 -0.4254
vn 0.7440 0.1932 -0.6396
vn 0.6761 0.0596 -0.7344
vn 0.5448 0.1498 -0.8251
vn 0.3584 0.0404 -0.9327
vn 0.3050 0.0948 -0.9476
vn 0.6718 0.3338 -0.6613
vn 0.4939 0.2518 -0.8322
vn 0.2743 0.1489 -0.9500
vn -0.7135 -0.3363 -0.6147
vn -0.5309 -0.2434 -0.8117
vn -0.3009 -0.1284 -0.9450
vn -0.3976 -0.6508 -0.6468
vn -0.2933 -0.4675 -0.8339
vn -0.1660 -0.2474 -0.9546
vn -0.3499 -0.6849 -0.6391
vn -0.2606 -0.4956 -0.8285
vn -0.1497 -0.2652 -0.9525
vn 0.3840 0.6257 -0.6789
vn 0.3528 0.6490 -0.6740
vn 0.2748 0.4598 -0.8444
vn 0.2531 0.4789 -0.8406
vn 0.1480 0.2641 -0.9531
vn 0.1361 0.2760 -0.9515
vn 0.0360 0.9135 -0.4052
vn 0.0233 0.6965 -0.7172
vn 0.0071 0.3838 -0.9234
vn 0.1759 0.7453 -0.6431
vn 0.1268 0.5530 -0.8235
vn 0.0690 0.3229 -0.9439
vn -0.3267 -0.7031 -0.6316
vn -0.2455 -0.5137 -0.8221
vn -0.1422 -0.2780 -0.9500
vn 0.3316 0.6664 -0.6678
vn 0.2392 0.4947 -0.8355
vn 0.1293 0.2867 -0.9493
vn -0.4643 -0.8044 -0.3707
vn -0.4656 -0.8035 -0.3709
vn -0.9559 0.2450 -0.1623
vn -0.9559 0.2449 -0.1624
vn -0.5213 0.8425 0.1358
vn -0.7976 -0.4872 -0.3555
vn -0.7977 -0.4868 -0.3560
vn 0.2753 -0.9350 -0.2237
vn 0.2753 -0.9349 -0.2238
vn 0.2756 -0.9349 -0.2237
vn 0.8563 -0.5132 0.0579
vn 0.9755 -0.0995 0.1962
vn -0.8371 0.3885 -0.3851
vn -0.8367 0.3708 -0.4031
vn -0.6772 0.5247 -0.5158
vn -0.6765 0.5000 -0.5407
vn -0.1224 0.6769 -0.7259
vn 0.1348 0.7168 -0.6841
vn 0.1366 0.6751 -0.7250
vn -0.8378 0.4034 -0.3680
vn -0.6769 0.5494 -0.4900
vn -0.1232 0.7162 -0.6870
vn 0.1325 0.7532 -0.6443
vn -0.9561 -0.2028 0.2117
vn -0.9563 -0.1823 0.2286
vn -0.8560 -0.3543 0.3763
vn -0.4411 -0.5695 0.6936
vn -0.2044 -0.6675 0.7160
vn -0.4417 -0.6125 0.6556
vn -0.9556 -0.1640 0.2450
vn -0.8567 -0.3239 0.4014
vn -0.4415 -0.5199 0.7313
vn -0.2046 -0.6218 0.7560
vn -0.8366 0.3305 -0.4369
vn -0.8371 0.3489 -0.4213
vn -0.6752 0.4424 -0.5903
vn -0.1221 0.6307 -0.7663
vn 0.1366 0.5839 -0.8002
vn -0.1208 0.5867 -0.8007
vn -0.6773 0.4684 -0.5673
vn 0.1364 0.6298 -0.7647
vn -0.9554 -0.2218 0.1948
vn -0.9550 -0.2367 0.1788
vn -0.8546 -0.3843 0.3492
vn -0.8549 -0.4049 0.3244
vn -0.4415 -0.6858 0.5786
vn -0.2045 -0.7100 0.6738
vn -0.2051 -0.7464 0.6331
vn -0.4398 -0.6544 0.6150
vn -0.9539 -0.2530 0.1611
vn -0.9525 -0.2694 0.1419
vn -0.8517 -0.4315 0.2973
vn -0.8489 -0.4560 0.2672
vn -0.4360 -0.7545 0.4906
vn -0.2041 -0.7824 0.5883
vn -0.2039 -0.8174 0.5388
vn -0.4385 -0.7205 0.5372
vn -0.8374 0.4200 -0.3498
vn -0.6773 0.5717 -0.4631
vn -0.1257 0.7504 -0.6489
vn 0.1296 0.7891 -0.6004
vn -0.8357 0.4397 -0.3290
vn -0.6734 0.6000 -0.4318
vn -0.1276 0.7862 -0.6046
vn 0.1256 0.8237 -0.5529
vn -0.8345 0.4561 -0.3090
vn -0.6719 0.6207 -0.4042
vn -0.1287 0.8203 -0.5572
vn 0.1215 0.8551 -0.5040
vn -0.8307 0.4753 -0.2897
vn -0.6681 0.6412 -0.3774
vn -0.1294 0.8507 -0.5095
vn 0.1205 0.8827 -0.4543
vn -0.9506 -0.2862 0.1206
vn -0.9459 -0.3069 0.1049
vn -0.8439 -0.4827 0.2343
vn -0.8350 -0.5091 0.2090
vn -0.4269 -0.8115 0.3990
vn -0.2019 -0.8528 0.4817
vn -0.1984 -0.8761 0.4394
vn -0.4312 -0.7886 0.4384
vn -0.8306 0.5205 -0.1980
vn -0.8849 0.4574 -0.0878
vn -0.4464 0.8619 -0.2405
vn -0.6397 0.7661 -0.0624
vn 0.0409 0.9776 -0.2065
vn -0.2831 0.9587 -0.0267
vn -0.9464 0.2659 -0.1833
vn -0.6576 0.6626 -0.3585
vn -0.1224 0.8806 -0.4578
vn 0.1229 0.8997 -0.4189
vn -0.6462 0.6778 -0.3508
vn -0.1113 0.8983 -0.4250
vn -0.9437 -0.3155 0.0989
vn -0.8335 -0.5145 0.2014
vn -0.1932 -0.8879 0.4175
vn -0.4176 -0.8268 0.3768
vn -0.9547 -0.1362 0.2646
vn -0.8543 -0.2959 0.4273
vn -0.4376 -0.4580 0.7738
vn -0.2052 -0.5693 0.7961
vn -0.9511 -0.1118 0.2879
vn -0.8516 -0.2510 0.4602
vn -0.4298 -0.3995 0.8097
vn -0.2032 -0.5009 0.8413
vn -0.8322 0.2938 -0.4702
vn -0.8350 0.3111 -0.4538
vn -0.6683 0.3901 -0.6334
vn -0.1208 0.5407 -0.8325
vn 0.1366 0.4918 -0.8599
vn -0.1142 0.4937 -0.8621
vn -0.6733 0.4135 -0.6130
vn 0.1352 0.5374 -0.8325
vn -0.8793 0.0725 -0.4708
vn -0.6260 0.0472 -0.7784
vn -0.2674 0.0144 -0.9635
vn -0.8270 0.1919 -0.5285
vn -0.4291 0.2473 -0.8687
vn 0.0752 0.2231 -0.9719
vn -0.9466 -0.1038 0.3053
vn -0.8424 -0.2126 0.4951
vn -0.4182 -0.3691 0.8300
vn -0.1976 -0.4346 0.8787
vn -0.1887 -0.4033 0.8954
vn -0.8333 -0.2002 0.5153
vn -0.4220 -0.3619 0.8312
vn -0.8268 0.2824 -0.4865
vn -0.1002 0.4619 -0.8813
vn -0.6593 0.3700 -0.6546
vn 0.1415 0.4589 -0.8771
vn 0.7777 0.4308 -0.4577
vn 0.7766 0.4624 -0.4279
vn 0.9126 0.2821 -0.2959
vn 0.9122 0.3039 -0.2750
vn 0.9864 0.1158 -0.1164
vn 0.9863 0.1274 -0.1048
vn 0.7751 0.4895 -0.3996
vn 0.9112 0.3242 -0.2543
vn 0.9857 0.1403 -0.0933
vn 0.5393 -0.5377 0.6482
vn 0.5403 -0.5709 0.6182
vn 0.7525 -0.4210 0.5065
vn 0.7529 -0.4451 0.4848
vn 0.9045 -0.2734 0.3274
vn 0.9046 -0.2872 0.3151
vn 0.5391 -0.4968 0.6802
vn 0.7525 -0.3921 0.5292
vn 0.9047 -0.2578 0.3393
vn 0.7776 0.3983 -0.4866
vn 0.7764 0.3651 -0.5137
vn 0.9126 0.2578 -0.3173
vn 0.9118 0.2341 -0.3373
vn 0.9865 0.1018 -0.1281
vn 0.9862 0.0885 -0.1397
vn 0.5373 -0.6344 0.5557
vn 0.5391 -0.6043 0.5866
vn 0.7510 -0.4919 0.4404
vn 0.7523 -0.4701 0.4617
vn 0.9041 -0.3133 0.2908
vn 0.9043 -0.3007 0.3030
vn 0.5325 -0.6925 0.4867
vn 0.5359 -0.6620 0.5240
vn 0.7492 -0.5343 0.3914
vn 0.7504 -0.5125 0.4174
vn 0.9041 -0.3355 0.2648
vn 0.9045 -0.3226 0.2790
vn 0.7719 0.5173 -0.3696
vn 0.9099 0.3432 -0.2330
vn 0.9855 0.1490 -0.0813
vn 0.7670 0.5460 -0.3370
vn 0.9063 0.3670 -0.2097
vn 0.9842 0.1633 -0.0683
vn 0.7606 0.5743 -0.3029
vn 0.9025 0.3887 -0.1855
vn 0.9830 0.1754 -0.0548
vn 0.7528 0.5998 -0.2711
vn 0.8972 0.4103 -0.1634
vn 0.9804 0.1921 -0.0432
vn 0.5221 -0.7460 0.4133
vn 0.5278 -0.7234 0.4451
vn 0.7399 -0.5805 0.3400
vn 0.7457 -0.5593 0.3621
vn 0.9004 -0.3640 0.2381
vn 0.9027 -0.3507 0.2494
vn 0.4979 0.8672 -0.0118
vn 0.7126 0.6928 -0.1110
vn 0.7841 0.6198 0.0319
vn 0.8761 0.4798 -0.0485
vn 0.9549 0.2883 0.0705
vn 0.9727 0.2312 0.0177
vn 0.7445 0.6193 -0.2493
vn 0.8908 0.4291 -0.1493
vn 0.9792 0.1998 -0.0361
vn 0.5167 -0.7582 0.3976
vn 0.7356 -0.5917 0.3297
vn 0.8983 -0.3723 0.2334
vn 0.5360 -0.4461 0.7167
vn 0.7503 -0.3560 0.5570
vn 0.9044 -0.2382 0.3540
vn 0.5278 -0.3981 0.7503
vn 0.7440 -0.3232 0.5849
vn 0.9016 -0.2211 0.3719
vn 0.7739 0.3318 -0.5394
vn 0.7691 0.3013 -0.5636
vn 0.9103 0.2101 -0.3567
vn 0.9068 0.1895 -0.3766
vn 0.9855 0.0757 -0.1515
vn 0.9845 0.0635 -0.1635
vn 0.5099 0.0061 -0.8602
vn 0.7925 -0.0304 -0.6091
vn 0.9595 -0.0626 -0.2748
vn 0.7364 0.1274 -0.6645
vn 0.8890 0.0646 -0.4533
vn 0.9773 -0.0024 -0.2118
vn 0.5201 -0.3743 0.7677
vn 0.7365 -0.3080 0.6022
vn 0.8975 -0.2161 0.3844
vn 0.7634 0.2806 -0.5818
vn 0.9028 0.1755 -0.3927
vn 0.9831 0.0562 -0.1743
vn 0.2390 -0.4873 0.8399
vn -0.0857 -0.4579 -0.8849
vn -0.0859 -0.4568 -0.8854
vn 0.2393 -0.4938 0.8360
vn 0.1179 -0.9640 -0.2384
vn 0.1182 -0.9639 -0.2384
vn -0.0724 -0.5102 -0.8570
vn 0.2354 -0.8251 0.5136
vn 0.2355 -0.8209 0.5202
vn 0.1359 0.2563 0.9570
vn 0.1360 0.2562 0.9570
vn -0.0477 0.8581 0.5113
vn -0.1329 0.9875 0.0845
vn -0.0625 0.8884 0.4548
vn 0.6797 0.4964 -0.5400
vn 0.6041 0.6456 -0.4672
vn 0.6041 0.6455 -0.4673
vn 0.6042 0.6455 -0.4673
vn 0.0606 -0.7750 -0.6291
vn 0.0606 -0.7750 -0.6290
vn -0.4828 -0.4419 0.7561
vn 0.6886 0.5448 -0.4787
vn 0.6886 0.5447 -0.4787
vn 0.0613 0.5957 0.8009
vn 0.0614 0.5957 0.8009
vn 0.0614 0.5956 0.8009
vn 0.2284 -0.5895 0.7748
vn -0.1015 0.7814 -0.6157
vn 0.8061 0.3788 0.4547
vn 0.0021 -0.4521 0.8920
vn 0.4731 0.6551 0.5891
vn -0.4583 0.8128 -0.3597
vn 0.3436 -0.5053 -0.7916
vn -0.2727 -0.8473 -0.4558
vn -0.1392 0.3628 -0.9214
vn -0.1237 0.8847 0.4494
vn 0.8973 -0.1195 0.4250
vn -0.4339 0.8901 0.1398
vn 0.8972 -0.4278 0.1099
vn -0.1174 -0.4232 -0.8984
vn 0.6695 0.6849 0.2876
vn -0.9904 0.0214 -0.1364
vn -0.2782 0.6815 -0.6768
vn -0.7804 0.2068 0.5901
vn -0.2946 -0.3895 -0.8726
vn -0.6219 -0.7319 -0.2785
vn 0.8101 0.5606 0.1715
vn 0.9662 -0.2415 0.0898
vn -0.4748 -0.0805 -0.8764
vn -0.8823 0.0071 -0.4706
vn 0.3822 0.0028 -0.9241
vn -0.9234 -0.0046 -0.3839
vn -0.0104 0.5386 0.8425
vn 0.0006 -0.9189 -0.3945
vn 0.0007 0.3974 -0.9177
vn 0.9258 -0.3779 -0.0055
vn 0.9242 -0.0046 0.3820
vn -0.8321 0.5544 0.0175
vn -0.1117 0.9603 0.2558
vn -0.1508 -0.0914 -0.9843
vn -0.0628 0.8890 0.4537
vt 0.757132 0.733556
vt 0.752506 0.733510
vt 0.754280 0.730986
vt 0.886390 0.772512
vt 0.877609 0.764021
vt 0.887680 0.770496
vt 0.749512 0.731053
vt 0.744544 0.731235
vt 0.746388 0.728734
vt 0.870592 0.730758
vt 0.860394 0.725417
vt 0.861781 0.723540
vt 0.739912 0.724618
vt 0.738620 0.720459
vt 0.741791 0.722179
vt 0.896698 0.778578
vt 0.897962 0.776543
vt 0.910657 0.757571
vt 0.920912 0.765513
vt 0.909452 0.759571
vt 0.889971 0.744909
vt 0.878720 0.739866
vt 0.880040 0.737940
vt 0.745013 0.724120
vt 0.748215 0.726255
vt 0.741286 0.729057
vt 0.743159 0.726579
vt 0.852104 0.718039
vt 0.853531 0.716179
vt 0.832507 0.730177
vt 0.841726 0.735736
vt 0.840304 0.737666
vt 0.848469 0.744903
vt 0.858534 0.750071
vt 0.857166 0.752035
vt 0.843771 0.710006
vt 0.845218 0.708176
vt 0.833234 0.699034
vt 0.834677 0.697242
vt 0.817397 0.713721
vt 0.826399 0.720355
vt 0.824906 0.722245
vt 0.736722 0.722877
vt 0.735473 0.718946
vt 0.818715 0.683568
vt 0.820126 0.681775
vt 0.801509 0.665837
vt 0.802900 0.663936
vt 0.810032 0.704694
vt 0.818939 0.711862
vt 0.730270 0.719974
vt 0.728991 0.716442
vt 0.732289 0.717617
vt 0.907230 0.784255
vt 0.908471 0.782201
vt 0.918324 0.789704
vt 0.919540 0.787627
vt 0.938353 0.770662
vt 0.961431 0.782291
vt 0.937262 0.772698
vt 0.747697 0.733576
vt 0.930272 0.795041
vt 0.931461 0.792951
vt 0.942687 0.800232
vt 0.943857 0.798131
vt 0.962505 0.780269
vt 0.989872 0.793735
vt 0.758779 0.739686
vt 0.753761 0.738872
vt 0.755450 0.736200
vt 0.878919 0.762031
vt 0.888965 0.768485
vt 0.863874 0.741382
vt 0.851419 0.740746
vt 0.855110 0.734205
vt 0.869239 0.732661
vt 0.859004 0.727303
vt 0.850507 0.720178
vt 0.838857 0.719152
vt 0.842160 0.712120
vt 0.899223 0.774513
vt 0.909708 0.780151
vt 0.888686 0.746859
vt 0.897704 0.755424
vt 0.887397 0.748813
vt 0.877396 0.741798
vt 0.898956 0.753443
vt 0.908243 0.761579
vt 0.867834 0.757150
vt 0.849863 0.742957
vt 0.859899 0.748113
vt 0.851253 0.741017
vt 0.842317 0.711841
vt 0.858837 0.727573
vt 0.846888 0.726914
vt 0.833962 0.728265
vt 0.843145 0.733814
vt 0.835414 0.726361
vt 0.817306 0.685355
vt 0.829865 0.709660
vt 0.831670 0.701138
vt 0.827889 0.718474
vt 0.811711 0.702988
vt 0.820475 0.710016
vt 0.800241 0.667864
vt 0.899399 0.774251
vt 0.893309 0.761992
vt 0.903705 0.768085
vt 0.919757 0.767553
vt 0.936171 0.774741
vt 0.920750 0.785555
vt 0.932649 0.790865
vt 0.914698 0.773889
vt 0.920990 0.785323
vt 0.909894 0.779893
vt 0.960360 0.784315
vt 0.988609 0.795765
vt 0.945025 0.796029
vt 0.900203 0.751471
vt 0.767523 0.749427
vt 0.766197 0.742507
vt 0.768164 0.749265
vt 0.766928 0.742514
vt 0.768804 0.749102
vt 0.897530 0.755688
vt 0.908068 0.761843
vt 0.867883 0.734571
vt 0.887226 0.749078
vt 0.762809 0.744326
vt 0.757638 0.743033
vt 0.751311 0.728552
vt 0.935932 0.774971
vt 0.946594 0.787498
vt 0.928433 0.780152
vt 0.715995 0.715107
vt 0.709801 0.715105
vt 0.715895 0.714427
vt 0.709887 0.714382
vt 0.715797 0.713744
vt 0.843309 0.733541
vt 0.866491 0.759131
vt 0.889138 0.768222
vt 0.883134 0.755462
vt 0.869173 0.755175
vt 0.767412 0.749340
vt 0.763004 0.749199
vt 0.765394 0.742513
vt 0.762775 0.739439
vt 0.945103 0.795732
vt 0.933004 0.790682
vt 0.959995 0.784487
vt 0.966617 0.795898
vt 0.726348 0.718590
vt 0.725540 0.715407
vt 0.734802 0.725305
vt 0.733557 0.721346
vt 0.850672 0.719905
vt 0.820521 0.709606
vt 0.819058 0.697582
vt 0.738011 0.727074
vt 0.731620 0.723755
vt 0.873265 0.748526
vt 0.877227 0.742064
vt 0.922061 0.763483
vt 0.833162 0.866832
vt 0.791764 0.875765
vt 0.790988 0.874899
vt 0.919572 0.767811
vt 0.721461 0.717036
vt 0.722220 0.714532
vt 0.717287 0.718529
vt 0.716122 0.715178
vt 0.817281 0.685753
vt 0.806914 0.684932
vt 0.800567 0.668607
vt 0.813604 0.701168
vt 0.770094 0.756050
vt 0.769420 0.756347
vt 0.759948 0.736351
vt 0.770696 0.755693
vt 0.828013 0.718155
vt 0.876293 0.766019
vt 0.867715 0.734839
vt 0.835572 0.726080
vt 0.802666 0.686362
vt 0.728228 0.722335
vt 0.831787 0.700825
vt 0.804580 0.685501
vt 0.813357 0.701328
vt 0.860067 0.747845
vt 0.869342 0.754909
vt 0.879090 0.761766
vt 0.750718 0.736059
vt 0.723682 0.720711
vt 0.878237 0.828860
vt 0.812367 0.776866
vt 0.895708 0.833456
vt 0.729319 0.780727
vt 0.759256 0.822470
vt 0.758412 0.823120
vt 0.733092 0.782809
vt 0.760106 0.821822
vt 0.787730 0.852526
vt 0.798884 0.818715
vt 0.821484 0.835441
vt 0.736358 0.957321
vt 0.691143 0.886406
vt 0.696625 0.885335
vt 0.884011 0.862979
vt 0.833295 0.867824
vt 0.757155 0.909449
vt 0.736381 0.951903
vt 0.756168 0.909046
vt 0.804453 0.801833
vt 0.855206 0.818373
vt 0.768720 0.967084
vt 0.846059 0.936278
vt 0.755763 0.979947
vt 0.703455 0.804000
vt 0.741818 0.838150
vt 0.704411 0.806152
vt 0.791192 0.915253
vt 0.829192 0.917019
vt 0.789478 0.953253
vt 0.770870 0.869012
vt 0.741086 0.838927
vt 0.899090 0.850986
vt 0.850194 0.940767
vt 0.698268 0.785739
vt 0.685114 0.887580
vt 0.693640 0.767613
vt 0.738981 0.974888
vt 0.842081 0.931952
vt 0.882371 0.864210
vt 0.884123 0.863203
vt 0.778414 0.916213
vt 0.791635 0.875882
vt 0.779355 0.916444
vt 0.784852 0.861386
vt 0.746500 0.825710
vt 0.752670 0.824319
vt 0.814201 0.771051
vt 0.913548 0.838407
vt 0.790748 0.874768
vt 0.835034 0.861249
vt 0.833201 0.866641
vt 0.769307 0.966496
vt 0.841292 0.931080
vt 0.638140 0.976056
vt 0.683661 0.955591
vt 0.685668 0.985005
vt 0.777916 0.867615
vt 0.746311 0.825879
vt 0.783060 0.866534
vt 0.832756 0.850255
vt 0.828948 0.846133
vt 0.772653 0.917482
vt 0.778221 0.916232
vt 0.836966 0.855179
vt 0.913631 0.838784
vt 0.836914 0.854931
vt 0.758144 0.909848
vt 0.770907 0.869182
vt 0.772047 0.868939
vt 0.703231 0.804117
vt 0.698320 0.884971
vt 0.696955 0.885267
vt 0.711581 0.773758
vt 0.693927 0.767353
vt 0.736226 0.956482
vt 0.736198 0.954044
vt 0.736484 0.956493
vt 0.786839 0.870501
vt 0.766410 0.918759
vt 0.783269 0.866601
vt 0.703010 0.803312
vt 0.744319 0.831826
vt 0.742634 0.837198
vt 0.786636 0.855910
vt 0.742284 0.992981
vt 0.882253 0.864011
vt 0.833424 0.868818
vt 0.786996 0.854528
vt 0.786629 0.855636
vt 0.810596 0.782469
vt 0.874988 0.828401
vt 0.810166 0.783796
vt 0.706421 0.945358
vt 0.658893 0.936409
vt 0.679646 0.896762
vt 0.729457 0.780517
vt 0.731467 0.781675
vt 0.828834 0.845973
vt 0.787160 0.854582
vt 0.828533 0.844949
vt 0.766169 0.918681
vt 0.761980 0.914133
vt 0.742553 0.837375
vt 0.741921 0.992859
vt 0.733196 0.993955
vt 0.783222 0.866387
vt 0.787346 0.853463
vt 0.733199 0.782620
vt 0.809739 0.785108
vt 0.792388 0.876714
vt 0.780298 0.916673
vt 0.880890 0.865108
vt 0.770422 0.964947
vt 0.840511 0.930213
vt 0.704986 0.808070
vt 0.699672 0.884679
vt 0.769808 0.869416
vt 0.736172 0.951907
vt 0.884766 0.862688
vt 0.842306 0.932199
vt 0.769092 0.966357
vt 0.770233 0.964807
vt 0.771230 0.963513
vt 0.792512 0.876602
vt 0.772279 0.868797
vt 0.768106 0.869843
vt 0.734091 0.877988
vt 0.736569 0.850405
vt 0.717109 0.882054
vt 0.705062 0.830986
vt 0.758226 0.823182
vt 0.728685 0.780218
vt 0.770707 0.818894
vt 0.753700 0.785294
vt 0.787505 0.853515
vt 0.828229 0.843928
vt 0.830925 0.879001
vt 0.868905 0.880785
vt 0.792908 0.877216
vt 0.817109 0.903764
vt 0.758292 0.909977
vt 0.748621 0.901497
vt 0.729156 0.933121
vt 0.705186 0.807982
vt 0.810698 0.782148
vt 0.877405 0.828903
vt 0.874960 0.828650
vt 0.872835 0.828382
vt 0.736932 0.717212
vt 0.741545 0.717309
vt 0.739761 0.719815
vt 0.868636 0.799794
vt 0.860055 0.791540
vt 0.869896 0.797832
vt 0.744521 0.719758
vt 0.749443 0.719542
vt 0.747646 0.722042
vt 0.852625 0.758926
vt 0.842383 0.753927
vt 0.843695 0.752020
vt 0.754172 0.726002
vt 0.755588 0.730098
vt 0.752368 0.728489
vt 0.878627 0.805771
vt 0.879884 0.803802
vt 0.892608 0.785243
vt 0.902654 0.793245
vt 0.891395 0.787212
vt 0.872090 0.772644
vt 0.860866 0.767780
vt 0.862141 0.765850
vt 0.749094 0.726625
vt 0.745852 0.724538
vt 0.752699 0.721637
vt 0.750893 0.724133
vt 0.833929 0.746975
vt 0.835256 0.745098
vt 0.815138 0.759540
vt 0.824348 0.764677
vt 0.823017 0.766610
vt 0.831224 0.773441
vt 0.841202 0.778233
vt 0.839910 0.780187
vt 0.825471 0.739400
vt 0.826823 0.737556
vt 0.814760 0.729036
vt 0.816110 0.727226
vt 0.799780 0.743951
vt 0.808819 0.750134
vt 0.807422 0.752036
vt 0.757398 0.727632
vt 0.758771 0.731498
vt 0.799949 0.714427
vt 0.801261 0.712592
vt 0.782287 0.697885
vt 0.783438 0.696014
vt 0.792285 0.735375
vt 0.801225 0.742081
vt 0.763910 0.730298
vt 0.765305 0.733765
vt 0.761984 0.732712
vt 0.888794 0.811481
vt 0.890049 0.809500
vt 0.899489 0.817096
vt 0.900738 0.815091
vt 0.919687 0.798824
vt 0.941576 0.811330
vt 0.918543 0.800781
vt 0.746312 0.717253
vt 0.911049 0.822699
vt 0.912277 0.820650
vt 0.923282 0.827991
vt 0.924288 0.825912
vt 0.942741 0.809429
vt 0.968349 0.824433
vt 0.735387 0.711056
vt 0.740352 0.711987
vt 0.738643 0.714602
vt 0.861320 0.789588
vt 0.871156 0.795871
vt 0.846242 0.769581
vt 0.833994 0.769289
vt 0.837434 0.762758
vt 0.851332 0.760844
vt 0.841067 0.755837
vt 0.832442 0.749131
vt 0.820980 0.748528
vt 0.823968 0.741527
vt 0.881140 0.801833
vt 0.891302 0.807519
vt 0.870828 0.774588
vt 0.879784 0.783046
vt 0.869566 0.776533
vt 0.859587 0.769714
vt 0.881027 0.781089
vt 0.890178 0.789187
vt 0.850437 0.784951
vt 0.832533 0.771497
vt 0.842493 0.776283
vt 0.833840 0.769558
vt 0.824112 0.741248
vt 0.840912 0.756109
vt 0.829123 0.755863
vt 0.816497 0.757618
vt 0.825677 0.762748
vt 0.817855 0.755705
vt 0.798633 0.716262
vt 0.811841 0.739549
vt 0.813303 0.731153
vt 0.810212 0.748241
vt 0.793867 0.733657
vt 0.802662 0.740223
vt 0.781618 0.699886
vt 0.881315 0.801580
vt 0.875432 0.789514
vt 0.885617 0.795568
vt 0.901472 0.795238
vt 0.917404 0.802743
vt 0.901983 0.813087
vt 0.913491 0.818624
vt 0.896335 0.801436
vt 0.902224 0.812866
vt 0.891489 0.807271
vt 0.940426 0.813225
vt 0.966583 0.826400
vt 0.925275 0.823877
vt 0.882267 0.779136
vt 0.945722 0.829624
vt 0.945917 0.827622
vt 0.946116 0.825617
vt 0.879613 0.783307
vt 0.890003 0.789445
vt 0.850037 0.762765
vt 0.869399 0.776796
vt 0.731426 0.706246
vt 0.736592 0.707746
vt 0.742732 0.722259
vt 0.917162 0.802958
vt 0.927091 0.815666
vt 0.909658 0.807913
vt 0.778275 0.734638
vt 0.784376 0.734424
vt 0.778396 0.735300
vt 0.784286 0.735145
vt 0.778513 0.735964
vt 0.825829 0.762476
vt 0.849161 0.786903
vt 0.871326 0.795614
vt 0.865408 0.783120
vt 0.851713 0.783001
vt 0.727025 0.700828
vt 0.731384 0.701270
vt 0.728741 0.708016
vt 0.731400 0.711212
vt 0.925363 0.823599
vt 0.913840 0.818455
vt 0.940064 0.813368
vt 0.945732 0.825335
vt 0.767858 0.731537
vt 0.768773 0.734673
vt 0.759225 0.725156
vt 0.760595 0.729047
vt 0.832594 0.748858
vt 0.802693 0.739821
vt 0.800829 0.728135
vt 0.755987 0.723513
vt 0.762438 0.726588
vt 0.855620 0.776416
vt 0.859424 0.769981
vt 0.903835 0.791259
vt 0.721309 0.739146
vt 0.725901 0.739230
vt 0.724124 0.741723
vt 0.901285 0.795489
vt 0.772773 0.732912
vt 0.772104 0.735427
vt 0.776876 0.731282
vt 0.778146 0.734572
vt 0.798623 0.716649
vt 0.788630 0.716236
vt 0.781952 0.700599
vt 0.795652 0.731820
vt 0.966950 0.828632
vt 0.967377 0.830719
vt 0.734168 0.714363
vt 0.966533 0.826547
vt 0.810323 0.747925
vt 0.858786 0.793497
vt 0.849878 0.763034
vt 0.818000 0.755424
vt 0.784541 0.717762
vt 0.765857 0.727879
vt 0.813406 0.730843
vt 0.786377 0.716863
vt 0.795416 0.731984
vt 0.842650 0.776017
vt 0.851874 0.782738
vt 0.861486 0.789328
vt 0.743332 0.714798
vt 0.770435 0.729334
vt 0.911917 0.674709
vt 0.919998 0.683458
vt 0.910528 0.676582
vt 0.728858 0.741683
vt 0.733775 0.741509
vt 0.731953 0.743986
vt 0.926283 0.716223
vt 0.936262 0.721536
vt 0.934894 0.723378
vt 0.738397 0.748034
vt 0.739720 0.752153
vt 0.736551 0.750471
vt 0.902426 0.668015
vt 0.901014 0.669869
vt 0.887247 0.689318
vt 0.877220 0.681375
vt 0.888456 0.687361
vt 0.907429 0.702049
vt 0.918409 0.707175
vt 0.917085 0.709049
vt 0.733333 0.748562
vt 0.730141 0.746449
vt 0.737001 0.743650
vt 0.735161 0.746112
vt 0.944389 0.728745
vt 0.943001 0.730559
vt 0.963497 0.716906
vt 0.954499 0.711523
vt 0.955878 0.709652
vt 0.947990 0.702604
vt 0.938273 0.697486
vt 0.939629 0.695597
vt 0.952502 0.736586
vt 0.951089 0.738364
vt 0.962704 0.747308
vt 0.961301 0.749043
vt 0.978259 0.732927
vt 0.969465 0.726478
vt 0.970923 0.724630
vt 0.741584 0.749729
vt 0.742869 0.753626
vt 0.976669 0.762257
vt 0.975308 0.764002
vt 0.993637 0.779136
vt 0.992417 0.781271
vt 0.985354 0.741755
vt 0.976746 0.734753
vt 0.748051 0.752540
vt 0.749364 0.756059
vt 0.746058 0.754917
vt 0.892861 0.661450
vt 0.891425 0.663285
vt 0.882912 0.654790
vt 0.881440 0.656610
vt 0.859991 0.676118
vt 0.836917 0.664390
vt 0.861090 0.674097
vt 0.730662 0.739192
vt 0.872325 0.647758
vt 0.870817 0.649564
vt 0.861327 0.640413
vt 0.859798 0.642224
vt 0.835847 0.666425
vt 0.808106 0.653272
vt 0.719715 0.733018
vt 0.724699 0.733903
vt 0.722999 0.736534
vt 0.918627 0.685356
vt 0.909135 0.678459
vt 0.932970 0.705884
vt 0.945099 0.706619
vt 0.941469 0.712964
vt 0.927630 0.714366
vt 0.937633 0.719689
vt 0.945946 0.726659
vt 0.957304 0.727668
vt 0.954077 0.734535
vt 0.899598 0.671727
vt 0.889985 0.665125
vt 0.908721 0.700151
vt 0.899974 0.691593
vt 0.910018 0.698249
vt 0.919736 0.705296
vt 0.898714 0.693525
vt 0.889672 0.685396
vt 0.929346 0.690440
vt 0.946625 0.704482
vt 0.936920 0.699373
vt 0.945262 0.706358
vt 0.953923 0.734805
vt 0.937798 0.719425
vt 0.949473 0.720097
vt 0.962079 0.718775
vt 0.953121 0.713389
vt 0.960664 0.720636
vt 0.978022 0.760537
vt 0.966050 0.736924
vt 0.964225 0.745277
vt 0.968010 0.728317
vt 0.983757 0.743384
vt 0.975251 0.736554
vt 0.994693 0.776764
vt 0.898527 0.672995
vt 0.904397 0.685171
vt 0.894213 0.679032
vt 0.878383 0.679370
vt 0.862194 0.672069
vt 0.879964 0.658438
vt 0.869307 0.651378
vt 0.883427 0.673187
vt 0.877321 0.661852
vt 0.888221 0.667324
vt 0.837990 0.662350
vt 0.809238 0.651302
vt 0.858270 0.644037
vt 0.897461 0.695450
vt 0.711235 0.722909
vt 0.712130 0.729981
vt 0.710581 0.723034
vt 0.711395 0.729925
vt 0.709925 0.723158
vt 0.900148 0.691335
vt 0.889847 0.685138
vt 0.928979 0.712505
vt 0.910190 0.697991
vt 0.715705 0.728242
vt 0.720905 0.729688
vt 0.727064 0.744159
vt 0.862434 0.671842
vt 0.851934 0.659336
vt 0.869907 0.666847
vt 0.992555 0.759242
vt 0.997240 0.776739
vt 0.990715 0.760070
vt 0.994812 0.776675
vt 0.988883 0.760902
vt 0.952961 0.713655
vt 0.930696 0.688545
vt 0.908605 0.679070
vt 0.914329 0.691763
vt 0.927997 0.692335
vt 0.711339 0.723002
vt 0.715750 0.723330
vt 0.712939 0.730031
vt 0.715703 0.733226
vt 0.853532 0.651238
vt 0.865499 0.656430
vt 0.838356 0.662174
vt 0.831782 0.651288
vt 0.751997 0.753883
vt 0.752839 0.757089
vt 0.743461 0.747292
vt 0.744752 0.751214
vt 0.945784 0.726925
vt 0.975207 0.736953
vt 0.976514 0.748672
vt 0.740255 0.745584
vt 0.746651 0.748788
vt 0.923885 0.698761
vt 0.919906 0.705037
vt 0.876064 0.683369
vt 0.878568 0.679117
vt 0.756954 0.755396
vt 0.756243 0.757998
vt 0.761065 0.753735
vt 0.762327 0.757069
vt 0.978041 0.760156
vt 0.988496 0.760616
vt 0.994364 0.776085
vt 0.981958 0.745136
vt 0.709076 0.716171
vt 0.709779 0.715928
vt 0.718531 0.736339
vt 0.708453 0.716490
vt 0.967889 0.728628
vt 0.921367 0.681563
vt 0.929147 0.712244
vt 0.960510 0.720910
vt 0.750064 0.750144
vt 0.964111 0.745579
vt 0.982195 0.744980
vt 0.936754 0.699631
vt 0.927827 0.692591
vt 0.918451 0.685610
vt 0.727688 0.736721
vt 0.754645 0.751712
vt 0.709768 0.715829
vt 0.709778 0.715848
vt 0.709751 0.715831
vt 0.709806 0.715846
vt 0.709807 0.715867
vt 0.709763 0.715852
vt 0.709741 0.715834
vt 0.709788 0.715867
vt 0.709898 0.715907
vt 0.709900 0.715883
vt 0.709940 0.715901
vt 0.709844 0.715906
vt 0.709846 0.715887
vt 0.709851 0.715865
vt 0.709803 0.715881
vt 0.802965 0.663923
vt 0.803035 0.663985
vt 0.709769 0.715868
vt 0.709791 0.715892
vt 0.769396 0.756342
vt 0.769388 0.756312
vt 0.769425 0.756365
vt 0.769399 0.756359
vt 0.769366 0.756317
vt 0.769353 0.756272
vt 0.769373 0.756337
vt 0.991006 0.791684
vt 0.990988 0.791616
vt 0.991053 0.791715
vt 0.769345 0.756342
vt 0.769352 0.756325
vt 0.769380 0.756357
vt 0.769414 0.756378
vt 0.769319 0.756233
vt 0.769300 0.756242
vt 0.769288 0.756201
vt 0.769335 0.756282
vt 0.769320 0.756289
vt 0.709909 0.714358
vt 0.709939 0.714356
vt 0.800158 0.667833
vt 0.800191 0.667946
vt 0.800184 0.668006
vt 0.800193 0.668119
vt 0.800262 0.668154
vt 0.800321 0.668301
vt 0.800245 0.668072
vt 0.800245 0.667983
vt 0.800187 0.667838
vt 0.800325 0.668050
vt 0.800302 0.668135
vt 0.800448 0.668472
vt 0.800504 0.668446
vt 0.800372 0.668291
vt 0.800417 0.668253
vt 0.770709 0.755664
vt 0.770703 0.755708
vt 0.988375 0.795902
vt 0.988316 0.795850
vt 0.988484 0.795874
vt 0.770715 0.755682
vt 0.988401 0.795839
vt 0.988549 0.795851
vt 0.987946 0.795734
vt 0.987944 0.795796
vt 0.987769 0.795735
vt 0.988162 0.795743
vt 0.988144 0.795800
vt 0.988154 0.795850
vt 0.988320 0.795806
vt 0.988488 0.795810
vt 0.988390 0.795755
vt 0.988675 0.795823
vt 0.790947 0.874918
vt 0.790921 0.874871
vt 0.790910 0.874946
vt 0.790893 0.874885
vt 0.790845 0.874839
vt 0.790871 0.874904
vt 0.790845 0.874858
vt 0.790833 0.874951
vt 0.790878 0.874981
vt 0.790854 0.875019
vt 0.790809 0.874872
vt 0.790851 0.874924
vt 0.790809 0.874835
vt 0.790787 0.874804
vt 0.790780 0.874811
vt 0.703371 0.803982
vt 0.703301 0.803803
vt 0.703166 0.803648
vt 0.703137 0.803585
vt 0.703205 0.803806
vt 0.703268 0.804033
vt 0.703113 0.803554
vt 0.703187 0.803812
vt 0.884249 0.862912
vt 0.884089 0.863014
vt 0.884431 0.862869
vt 0.884284 0.862934
vt 0.884300 0.862957
vt 0.884130 0.863057
vt 0.884142 0.863115
vt 0.884335 0.862984
vt 0.884324 0.862970
vt 0.884464 0.862854
vt 0.884539 0.862824
vt 0.884402 0.862890
vt 0.769119 0.966441
vt 0.768997 0.966591
vt 0.768931 0.966785
vt 0.768891 0.966840
vt 0.769047 0.966674
vt 0.769215 0.966506
vt 0.769060 0.966687
vt 0.768919 0.966798
vt 0.877466 0.828836
vt 0.877664 0.828865
vt 0.877486 0.828779
vt 0.877685 0.828834
vt 0.877871 0.828827
vt 0.877931 0.828835
vt 0.877419 0.828643
vt 0.877708 0.828781
vt 0.877474 0.828719
vt 0.877711 0.828762
vt 0.877888 0.828831
vt 0.772079 0.868779
vt 0.772030 0.868802
vt 0.772008 0.868762
vt 0.772159 0.868798
vt 0.772093 0.868807
vt 0.772044 0.868847
vt 0.772135 0.868828
vt 0.772100 0.868835
vt 0.772169 0.868845
vt 0.772191 0.868816
vt 0.772229 0.868813
vt 0.772227 0.868803
vt 0.772050 0.868894
vt 0.772104 0.868895
vt 0.772105 0.868864
vt 0.736420 0.956748
vt 0.736413 0.956546
vt 0.736363 0.956948
vt 0.736388 0.956765
vt 0.736296 0.956544
vt 0.736314 0.956780
vt 0.736334 0.956780
vt 0.736353 0.957046
vt 0.786752 0.855745
vt 0.786756 0.855691
vt 0.786802 0.855692
vt 0.786696 0.855805
vt 0.786721 0.855743
vt 0.786693 0.855735
vt 0.786710 0.855681
vt 0.786647 0.855858
vt 0.786666 0.855781
vt 0.786664 0.855824
vt 0.786657 0.855861
vt 0.786667 0.855662
vt 0.786639 0.855708
vt 0.786666 0.855725
vt 0.786649 0.855790
vt 0.729142 0.780556
vt 0.729310 0.780642
vt 0.729012 0.780419
vt 0.729144 0.780514
vt 0.729156 0.780488
vt 0.729327 0.780585
vt 0.729370 0.780545
vt 0.729160 0.780444
vt 0.729154 0.780460
vt 0.728982 0.780397
vt 0.728917 0.780347
vt 0.729045 0.780432
vt 0.742308 0.993066
vt 0.742188 0.992962
vt 0.742296 0.993162
vt 0.742158 0.993087
vt 0.742097 0.992936
vt 0.742112 0.993172
vt 0.742052 0.993074
vt 0.741879 0.993606
vt 0.741997 0.993247
vt 0.742237 0.993302
vt 0.741768 0.993152
vt 0.741946 0.993119
vt 0.742032 0.993136
vt 0.742009 0.992900
vt 0.741850 0.992917
vt 0.741959 0.993022
vt 0.741803 0.993003
vt 0.913706 0.838463
vt 0.913581 0.838500
vt 0.913702 0.838304
vt 0.913612 0.838342
vt 0.913606 0.838592
vt 0.913803 0.838461
vt 0.913747 0.838561
vt 0.914298 0.838444
vt 0.913926 0.838524
vt 0.913853 0.838285
vt 0.913955 0.838771
vt 0.913839 0.838631
vt 0.913811 0.838548
vt 0.913622 0.838685
vt 0.913714 0.838817
vt 0.913750 0.838668
vt 0.913810 0.838815
vt 0.783212 0.866594
vt 0.783267 0.866545
vt 0.783160 0.866580
vt 0.783215 0.866543
vt 0.783259 0.866492
vt 0.783183 0.866508
vt 0.783213 0.866501
vt 0.783094 0.866489
vt 0.783110 0.866561
vt 0.783132 0.866450
vt 0.783137 0.866517
vt 0.783174 0.866536
vt 0.783244 0.866440
vt 0.783174 0.866417
vt 0.783198 0.866462
vt 0.783163 0.866485
vt 0.693553 0.767591
vt 0.693705 0.767538
vt 0.693476 0.767531
vt 0.693609 0.767447
vt 0.693772 0.767470
vt 0.693558 0.767364
vt 0.693675 0.767361
vt 0.693300 0.766947
vt 0.693552 0.767225
vt 0.693385 0.767410
vt 0.693752 0.767079
vt 0.693690 0.767246
vt 0.693631 0.767313
vt 0.693846 0.767409
vt 0.693914 0.767264
vt 0.693767 0.767306
vt 0.693863 0.767183
vt 0.880779 0.864921
vt 0.880791 0.865002
vt 0.880726 0.864983
vt 0.880871 0.864988
vt 0.880845 0.864961
vt 0.880738 0.865041
vt 0.880666 0.865043
vt 0.880773 0.865042
vt 0.880817 0.865050
vt 0.880883 0.865024
vt 0.880795 0.865116
vt 0.880753 0.865071
vt 0.880817 0.865019
vt 0.880600 0.865102
vt 0.880621 0.865143
vt 0.881860 0.865620
vt 0.880689 0.865084
vt 0.880708 0.865127
vt 0.792529 0.876642
vt 0.792475 0.876624
vt 0.792539 0.876682
vt 0.792493 0.876661
vt 0.792443 0.876650
vt 0.792482 0.876693
vt 0.792468 0.876678
vt 0.792504 0.876759
vt 0.792545 0.876722
vt 0.791289 0.875384
vt 0.792464 0.876749
vt 0.792505 0.876719
vt 0.792476 0.876714
vt 0.792503 0.876689
vt 0.792414 0.876679
vt 0.792426 0.876734
vt 0.792449 0.876701
vt 0.771310 0.963534
vt 0.771262 0.963584
vt 0.771297 0.963467
vt 0.771354 0.963485
vt 0.771287 0.963612
vt 0.771351 0.963520
vt 0.771323 0.963562
vt 0.771469 0.963379
vt 0.771430 0.963354
vt 0.771819 0.964636
vt 0.771443 0.963463
vt 0.771402 0.963440
vt 0.771364 0.963413
vt 0.771405 0.963644
vt 0.771354 0.963565
vt 0.771423 0.963550
vt 0.771321 0.963628
vt 0.771382 0.963503
vt 0.769790 0.869292
vt 0.769736 0.869276
vt 0.769773 0.869253
vt 0.769801 0.869332
vt 0.769754 0.869312
vt 0.769704 0.869301
vt 0.769765 0.869340
vt 0.769729 0.869329
vt 0.769765 0.869411
vt 0.769807 0.869373
vt 0.769726 0.869401
vt 0.769767 0.869370
vt 0.769744 0.869345
vt 0.769676 0.869331
vt 0.769688 0.869385
vt 0.771467 0.868969
vt 0.769710 0.869352
vt 0.769737 0.869365
vt 0.705128 0.808042
vt 0.705108 0.807976
vt 0.705193 0.808064
vt 0.705149 0.808105
vt 0.705072 0.807983
vt 0.705120 0.808085
vt 0.705097 0.808040
vt 0.705185 0.808257
vt 0.705225 0.808235
vt 0.703891 0.807946
vt 0.705123 0.808192
vt 0.705164 0.808169
vt 0.705207 0.808148
vt 0.705079 0.808065
vt 0.705059 0.808132
vt 0.705040 0.808005
vt 0.705119 0.808120
vt 0.736318 0.951854
vt 0.736365 0.951807
vt 0.736320 0.951931
vt 0.736280 0.951876
vt 0.736306 0.951789
vt 0.736346 0.951723
vt 0.736281 0.951820
vt 0.736241 0.951853
vt 0.736238 0.951933
vt 0.736196 0.951801
vt 0.736258 0.951787
vt 0.736324 0.951644
vt 0.736257 0.951640
vt 0.735394 0.952356
vt 0.736286 0.951721
vt 0.736225 0.951717
vt 0.872792 0.828315
vt 0.872868 0.828324
vt 0.872740 0.828358
vt 0.872728 0.828297
vt 0.872817 0.828279
vt 0.872879 0.828285
vt 0.872762 0.828275
vt 0.872585 0.828233
vt 0.872582 0.828300
vt 0.873404 0.827471
vt 0.872664 0.828209
vt 0.872662 0.828270
vt 0.872658 0.828330
vt 0.872731 0.828249
vt 0.872858 0.828175
vt 0.872798 0.828239
vt 0.872751 0.828189
vt 0.787462 0.853509
vt 0.787504 0.853471
vt 0.787422 0.853499
vt 0.787463 0.853469
vt 0.787498 0.853431
vt 0.787434 0.853463
vt 0.787462 0.853438
vt 0.787372 0.853428
vt 0.787384 0.853484
vt 0.787401 0.853399
vt 0.787407 0.853450
vt 0.787440 0.853443
vt 0.787486 0.853391
vt 0.787433 0.853374
vt 0.786882 0.855096
vt 0.787451 0.853410
vt 0.787426 0.853427
vt 0.733157 0.782758
vt 0.733173 0.782824
vt 0.733104 0.782696
vt 0.733093 0.782732
vt 0.733217 0.782785
vt 0.733254 0.782846
vt 0.733200 0.782754
vt 0.733185 0.782712
vt 0.733129 0.782667
vt 0.733253 0.782698
vt 0.733235 0.782757
vt 0.733158 0.782727
vt 0.733338 0.782874
vt 0.733364 0.782835
vt 0.733171 0.781541
vt 0.733279 0.782806
vt 0.733306 0.782768
vt 0.784459 0.733698
vt 0.784448 0.733678
vt 0.784477 0.733698
vt 0.784418 0.733682
vt 0.784415 0.733661
vt 0.784465 0.733673
vt 0.784486 0.733694
vt 0.784436 0.733660
vt 0.784321 0.733626
vt 0.784320 0.733649
vt 0.784280 0.733633
vt 0.784373 0.733625
vt 0.784373 0.733644
vt 0.784370 0.733666
vt 0.784418 0.733645
vt 0.783497 0.695996
vt 0.783568 0.696049
vt 0.783370 0.695976
vt 0.783453 0.695961
vt 0.783605 0.696016
vt 0.783714 0.696109
vt 0.783547 0.695979
vt 0.725189 0.693440
vt 0.725213 0.693445
vt 0.725220 0.693475
vt 0.725184 0.693424
vt 0.725211 0.693427
vt 0.725241 0.693471
vt 0.725254 0.693515
vt 0.725235 0.693451
vt 0.969540 0.822433
vt 0.969528 0.822366
vt 0.969582 0.822464
vt 0.969449 0.822319
vt 0.969462 0.822270
vt 0.969580 0.822393
vt 0.969520 0.822310
vt 0.725289 0.693556
vt 0.725311 0.693546
vt 0.725321 0.693591
vt 0.725273 0.693504
vt 0.725288 0.693497
vt 0.725254 0.693463
vt 0.781502 0.699937
vt 0.781567 0.700023
vt 0.781568 0.700129
vt 0.781545 0.699862
vt 0.781573 0.699968
vt 0.781639 0.700165
vt 0.781702 0.700308
vt 0.781624 0.700085
vt 0.781623 0.700001
vt 0.781570 0.699865
vt 0.781700 0.700063
vt 0.781679 0.700145
vt 0.781831 0.700471
vt 0.781885 0.700444
vt 0.781752 0.700297
vt 0.781795 0.700258
vt 0.966427 0.826479
vt 0.966605 0.826519
vt 0.966330 0.826485
vt 0.966283 0.826435
vt 0.966488 0.826466
vt 0.966358 0.826436
vt 0.965953 0.826307
vt 0.965947 0.826364
vt 0.965787 0.826297
vt 0.966151 0.826330
vt 0.966131 0.826380
vt 0.966137 0.826425
vt 0.966290 0.826397
vt 0.966443 0.826419
vt 0.966359 0.826357
vt 0.966638 0.826495
vt 0.768521 0.756118
vt 0.768494 0.756107
vt 0.768538 0.756101
vt 0.768465 0.756131
vt 0.768453 0.756106
vt 0.768505 0.756092
vt 0.768542 0.756087
vt 0.768473 0.756095
vt 0.768359 0.756079
vt 0.768358 0.756101
vt 0.768318 0.756085
vt 0.768408 0.756077
vt 0.768409 0.756095
vt 0.768407 0.756116
vt 0.768451 0.756090
vt 0.768510 0.756071
vt 0.768488 0.756084
vt 0.768459 0.756075
vt 0.709802 0.715936
vt 0.709807 0.715964
vt 0.709776 0.715910
vt 0.709802 0.715919
vt 0.709829 0.715961
vt 0.709839 0.716005
vt 0.709823 0.715942
vt 0.709807 0.715903
vt 0.709818 0.715924
vt 0.709789 0.715898
vt 0.709850 0.715936
vt 0.709843 0.715953
vt 0.709871 0.716045
vt 0.709890 0.716037
vt 0.709900 0.716078
vt 0.709857 0.715996
vt 0.709873 0.715990
vt 0.994720 0.776604
vt 0.994698 0.776516
vt 0.994797 0.776779
vt 0.994726 0.776660
vt 0.994638 0.776490
vt 0.994587 0.776362
vt 0.994660 0.776556
vt 0.994671 0.776635
vt 0.994760 0.776781
vt 0.994591 0.776581
vt 0.994606 0.776508
vt 0.994474 0.776210
vt 0.994424 0.776233
vt 0.994543 0.776371
vt 0.994504 0.776405
vt 0.708439 0.716518
vt 0.708447 0.716475
vt 0.708446 0.716546
vt 0.708433 0.716563
vt 0.708434 0.716500
vt 0.708430 0.716539
vt 0.809869 0.651303
vt 0.809870 0.651237
vt 0.810053 0.651299
vt 0.809650 0.651300
vt 0.809666 0.651243
vt 0.708428 0.716619
vt 0.708442 0.716613
vt 0.708439 0.716681
vt 0.809492 0.651247
vt 0.809492 0.651204
vt 0.809340 0.651256
vt 0.809431 0.651299
vt 0.809175 0.651253
vt 0.809285 0.651225
vt 0.809414 0.651223
vt 0.745026 0.724103
vt 0.748227 0.726238
vt 0.745036 0.724089
vt 0.748237 0.726224
vt 0.745045 0.724075
vt 0.748247 0.726210
vt 0.866455 0.759182
vt 0.876258 0.766071
vt 0.741803 0.722162
vt 0.741813 0.722148
vt 0.741822 0.722134
vt 0.857129 0.752086
vt 0.744531 0.731252
vt 0.747685 0.733594
vt 0.744520 0.731267
vt 0.747674 0.733608
vt 0.744510 0.731282
vt 0.890007 0.744856
vt 0.750706 0.736076
vt 0.750695 0.736091
vt 0.747663 0.733623
vt 0.900237 0.751416
vt 0.754292 0.730969
vt 0.751323 0.728536
vt 0.754302 0.730955
vt 0.751333 0.728522
vt 0.754313 0.730942
vt 0.896665 0.778632
vt 0.751344 0.728508
vt 0.886357 0.772565
vt 0.741273 0.729074
vt 0.737998 0.727090
vt 0.741262 0.729089
vt 0.737987 0.727105
vt 0.741252 0.729104
vt 0.737978 0.727121
vt 0.880078 0.737888
vt 0.870630 0.730706
vt 0.734788 0.725322
vt 0.731607 0.723772
vt 0.734777 0.725337
vt 0.731596 0.723787
vt 0.853615 0.716091
vt 0.861821 0.723489
vt 0.853573 0.716130
vt 0.734768 0.725352
vt 0.738633 0.720442
vt 0.738643 0.720428
vt 0.738652 0.720413
vt 0.848430 0.744953
vt 0.735486 0.718930
vt 0.735496 0.718916
vt 0.735504 0.718901
vt 0.840264 0.737715
vt 0.732303 0.717600
vt 0.732313 0.717586
vt 0.732321 0.717571
vt 0.832466 0.730225
vt 0.729009 0.716428
vt 0.729023 0.716415
vt 0.729033 0.716400
vt 0.824860 0.722290
vt 0.728214 0.722351
vt 0.723663 0.720726
vt 0.728202 0.722366
vt 0.723648 0.720739
vt 0.834774 0.697171
vt 0.845262 0.708128
vt 0.834722 0.697198
vt 0.845307 0.708093
vt 0.722217 0.714513
vt 0.716075 0.715162
vt 0.722213 0.714495
vt 0.716035 0.715145
vt 0.722209 0.714478
vt 0.716007 0.715127
vt 0.722200 0.714459
vt 0.725569 0.715396
vt 0.725592 0.715386
vt 0.725608 0.715372
vt 0.809993 0.704748
vt 0.817344 0.713759
vt 0.717257 0.718539
vt 0.717232 0.718549
vt 0.803179 0.664053
vt 0.820176 0.681736
vt 0.820242 0.681725
vt 0.753749 0.738890
vt 0.753739 0.738905
vt 0.750683 0.736105
vt 0.910689 0.757515
vt 0.757631 0.743056
vt 0.757624 0.743074
vt 0.753727 0.738919
vt 0.922091 0.763426
vt 0.759955 0.736330
vt 0.757143 0.733538
vt 0.759961 0.736312
vt 0.757153 0.733524
vt 0.759971 0.736297
vt 0.918298 0.789762
vt 0.757164 0.733510
vt 0.907199 0.784310
vt 0.767444 0.749375
vt 0.767475 0.749405
vt 0.767501 0.749424
vt 0.765412 0.742506
vt 0.765429 0.742501
vt 0.765446 0.742497
vt 0.765466 0.742497
vt 0.763006 0.749231
vt 0.763007 0.749258
vt 0.757614 0.743090
vt 0.962520 0.780206
vt 0.938376 0.770602
vt 0.763003 0.749279
vt 0.990902 0.791574
vt 0.762774 0.739409
vt 0.762774 0.739383
vt 0.942651 0.800287
vt 0.762779 0.739364
vt 0.930254 0.795102
vt 0.878960 0.761968
vt 0.869214 0.755113
vt 0.879005 0.761899
vt 0.869258 0.755044
vt 0.879049 0.761830
vt 0.869302 0.754973
vt 0.859941 0.748051
vt 0.859985 0.747982
vt 0.860028 0.747911
vt 0.897663 0.755487
vt 0.887356 0.748875
vt 0.897618 0.755555
vt 0.887312 0.748944
vt 0.897573 0.755624
vt 0.887267 0.749013
vt 0.908203 0.761643
vt 0.908158 0.761711
vt 0.908112 0.761780
vt 0.889006 0.768422
vt 0.899264 0.774450
vt 0.889051 0.768353
vt 0.899309 0.774382
vt 0.889096 0.768285
vt 0.899356 0.774314
vt 0.867841 0.734633
vt 0.877355 0.741860
vt 0.867797 0.734703
vt 0.877310 0.741929
vt 0.867754 0.734773
vt 0.877267 0.741999
vt 0.850629 0.719967
vt 0.858961 0.727365
vt 0.850585 0.720037
vt 0.858917 0.727434
vt 0.850544 0.720110
vt 0.858875 0.727505
vt 0.851295 0.740955
vt 0.851339 0.740884
vt 0.851381 0.740813
vt 0.843188 0.733752
vt 0.843231 0.733681
vt 0.843273 0.733608
vt 0.835457 0.726299
vt 0.835499 0.726226
vt 0.835538 0.726151
vt 0.827930 0.718409
vt 0.827965 0.718328
vt 0.827993 0.718240
vt 0.831747 0.700889
vt 0.842273 0.711903
vt 0.831714 0.700967
vt 0.842232 0.711974
vt 0.831688 0.701053
vt 0.842193 0.712049
vt 0.806579 0.684634
vt 0.813411 0.701280
vt 0.806676 0.684696
vt 0.813473 0.701234
vt 0.806790 0.684802
vt 0.813539 0.701196
vt 0.715805 0.713721
vt 0.820511 0.709944
vt 0.820529 0.709844
vt 0.820532 0.709726
vt 0.817274 0.685425
vt 0.817261 0.685522
vt 0.817265 0.685636
vt 0.919717 0.767617
vt 0.919671 0.767685
vt 0.919620 0.767751
vt 0.936129 0.774803
vt 0.936071 0.774864
vt 0.936002 0.774921
vt 0.909749 0.780087
vt 0.920794 0.785493
vt 0.909797 0.780020
vt 0.920854 0.785431
vt 0.909847 0.779953
vt 0.920922 0.785373
vt 0.770700 0.755636
vt 0.967010 0.796101
vt 0.966919 0.796034
vt 0.966780 0.795965
vt 0.967041 0.796168
vt 0.945052 0.795959
vt 0.945075 0.795882
vt 0.945092 0.795804
vt 0.960308 0.784372
vt 0.960223 0.784421
vt 0.960113 0.784459
vt 0.932702 0.790807
vt 0.932787 0.790755
vt 0.932892 0.790713
vt 0.989924 0.793760
vt 0.988657 0.795801
vt 0.770099 0.756077
vt 0.769424 0.756375
vt 0.770098 0.756068
vt 0.801464 0.665799
vt 0.802853 0.663905
vt 0.709783 0.715109
vt 0.709870 0.714381
vt 0.836979 0.855111
vt 0.836975 0.855047
vt 0.836953 0.854987
vt 0.746341 0.825817
vt 0.746435 0.825733
vt 0.746382 0.825768
vt 0.814355 0.770561
vt 0.814316 0.770684
vt 0.814239 0.770930
vt 0.814278 0.770806
vt 0.766221 0.918726
vt 0.766278 0.918754
vt 0.766341 0.918764
vt 0.850539 0.941146
vt 0.850454 0.941051
vt 0.850280 0.940860
vt 0.850368 0.940956
vt 0.684612 0.887679
vt 0.684737 0.887653
vt 0.684990 0.887604
vt 0.684863 0.887628
vt 0.833161 0.866786
vt 0.833169 0.866739
vt 0.884499 0.862833
vt 0.833183 0.866691
vt 0.884625 0.862756
vt 0.768803 0.966951
vt 0.778273 0.916219
vt 0.778321 0.916210
vt 0.778369 0.916207
vt 0.884653 0.862760
vt 0.842247 0.932135
vt 0.842191 0.932073
vt 0.842137 0.932014
vt 0.768803 0.966980
vt 0.768876 0.966878
vt 0.742581 0.837338
vt 0.742603 0.837295
vt 0.742619 0.837249
vt 0.703084 0.803452
vt 0.758185 0.909870
vt 0.758223 0.909900
vt 0.736364 0.957013
vt 0.758257 0.909936
vt 0.736369 0.957162
vt 0.736351 0.957180
vt 0.696711 0.885318
vt 0.696793 0.885301
vt 0.696873 0.885285
vt 0.703060 0.803439
vt 0.878079 0.828854
vt 0.828910 0.846094
vt 0.828878 0.846056
vt 0.828852 0.846016
vt 0.758279 0.823173
vt 0.758327 0.823161
vt 0.758372 0.823144
vt 0.728816 0.780306
vt 0.728947 0.780377
vt 0.728804 0.780280
vt 0.810672 0.782232
vt 0.810646 0.782311
vt 0.810621 0.782389
vt 0.878101 0.828839
vt 0.877969 0.828827
vt 0.833407 0.868955
vt 0.833419 0.868908
vt 0.833426 0.868862
vt 0.833096 0.872076
vt 0.780342 0.916679
vt 0.780389 0.916678
vt 0.780437 0.916670
vt 0.783514 0.916671
vt 0.840457 0.930153
vt 0.840403 0.930094
vt 0.840350 0.930034
vt 0.837562 0.926921
vt 0.739541 0.841757
vt 0.741019 0.839049
vt 0.741037 0.839003
vt 0.741058 0.838962
vt 0.756057 0.908962
vt 0.756092 0.908996
vt 0.756128 0.909025
vt 0.753570 0.907017
vt 0.699751 0.884661
vt 0.699829 0.884644
vt 0.699907 0.884627
vt 0.703981 0.883770
vt 0.828212 0.843886
vt 0.828188 0.843847
vt 0.828157 0.843809
vt 0.826507 0.841088
vt 0.760144 0.821798
vt 0.760187 0.821781
vt 0.760234 0.821768
vt 0.763055 0.820526
vt 0.809714 0.785185
vt 0.809690 0.785260
vt 0.809664 0.785337
vt 0.808415 0.789376
vt 0.791731 0.875794
vt 0.791699 0.875823
vt 0.791667 0.875852
vt 0.770366 0.964905
vt 0.770327 0.964876
vt 0.770289 0.964848
vt 0.704347 0.806180
vt 0.704303 0.806199
vt 0.704260 0.806218
vt 0.704197 0.806246
vt 0.736451 0.954040
vt 0.736325 0.954042
vt 0.736279 0.951938
vt 0.736375 0.954041
vt 0.736274 0.954043
vt 0.787078 0.854555
vt 0.787037 0.854541
vt 0.787119 0.854568
vt 0.872878 0.828243
vt 0.874969 0.828576
vt 0.874979 0.828476
vt 0.874974 0.828526
vt 0.882288 0.864069
vt 0.882336 0.864150
vt 0.882312 0.864109
vt 0.770898 0.869139
vt 0.770889 0.869097
vt 0.770880 0.869054
vt 0.731434 0.781735
vt 0.731388 0.781817
vt 0.731411 0.781776
vt 0.731355 0.781877
vt 0.749082 0.726642
vt 0.745840 0.724555
vt 0.749072 0.726656
vt 0.745830 0.724569
vt 0.858723 0.793591
vt 0.849127 0.786954
vt 0.858752 0.793548
vt 0.752356 0.728506
vt 0.752346 0.728520
vt 0.849096 0.786996
vt 0.839875 0.780237
vt 0.749456 0.719525
vt 0.882358 0.778984
vt 0.872156 0.772544
vt 0.872188 0.772497
vt 0.882330 0.779033
vt 0.872125 0.772591
vt 0.746325 0.717236
vt 0.892690 0.785087
vt 0.892666 0.785138
vt 0.882301 0.779082
vt 0.739749 0.719832
vt 0.742720 0.722275
vt 0.739738 0.719846
vt 0.868576 0.799891
vt 0.878595 0.805824
vt 0.878570 0.805870
vt 0.742710 0.722290
vt 0.868603 0.799846
vt 0.752711 0.721620
vt 0.755999 0.723495
vt 0.852737 0.758789
vt 0.862211 0.765752
vt 0.852698 0.758831
vt 0.862177 0.765797
vt 0.852662 0.758874
vt 0.862247 0.765708
vt 0.759238 0.725139
vt 0.762451 0.726570
vt 0.835379 0.744971
vt 0.843771 0.751927
vt 0.835335 0.745009
vt 0.843733 0.751969
vt 0.835295 0.745048
vt 0.843813 0.751888
vt 0.755576 0.730115
vt 0.755566 0.730130
vt 0.755558 0.730145
vt 0.752338 0.728535
vt 0.831187 0.773491
vt 0.758759 0.731515
vt 0.758749 0.731529
vt 0.758742 0.731545
vt 0.822980 0.766660
vt 0.761971 0.732728
vt 0.761961 0.732743
vt 0.761954 0.732758
vt 0.815099 0.759588
vt 0.765287 0.733780
vt 0.765274 0.733793
vt 0.765264 0.733809
vt 0.807379 0.752081
vt 0.765870 0.727862
vt 0.770453 0.729319
vt 0.765881 0.727847
vt 0.770468 0.729305
vt 0.816203 0.727153
vt 0.826864 0.737508
vt 0.816153 0.727181
vt 0.762461 0.726555
vt 0.826906 0.737472
vt 0.772107 0.735447
vt 0.778193 0.734587
vt 0.772112 0.735464
vt 0.778234 0.734602
vt 0.772117 0.735482
vt 0.778262 0.734619
vt 0.772127 0.735500
vt 0.768744 0.734685
vt 0.768721 0.734697
vt 0.768706 0.734710
vt 0.792249 0.735430
vt 0.799730 0.743990
vt 0.776906 0.731271
vt 0.776930 0.731261
vt 0.801309 0.712551
vt 0.801373 0.712537
vt 0.743344 0.714781
vt 0.903902 0.791096
vt 0.903886 0.791151
vt 0.892640 0.785188
vt 0.740364 0.711969
vt 0.919718 0.798649
vt 0.919721 0.798711
vt 0.903865 0.791203
vt 0.734160 0.714384
vt 0.736921 0.717229
vt 0.734153 0.714402
vt 0.888741 0.811582
vt 0.899462 0.817152
vt 0.899450 0.817205
vt 0.736911 0.717244
vt 0.888762 0.811534
vt 0.726994 0.700789
vt 0.726964 0.700757
vt 0.726938 0.700737
vt 0.726915 0.700732
vt 0.728722 0.708023
vt 0.728705 0.708027
vt 0.728687 0.708028
vt 0.945689 0.829686
vt 0.736600 0.707724
vt 0.942711 0.809228
vt 0.942747 0.809304
vt 0.919712 0.798767
vt 0.942760 0.809369
vt 0.731383 0.701238
vt 0.969221 0.822089
vt 0.969333 0.822201
vt 0.731400 0.711242
vt 0.911041 0.822822
vt 0.923253 0.828048
vt 0.923215 0.828089
vt 0.731400 0.711268
vt 0.911030 0.822759
vt 0.861360 0.789527
vt 0.851752 0.782939
vt 0.861403 0.789459
vt 0.851794 0.782871
vt 0.861446 0.789391
vt 0.851836 0.782801
vt 0.842532 0.776222
vt 0.842574 0.776152
vt 0.842614 0.776082
vt 0.879744 0.783108
vt 0.869526 0.776595
vt 0.879700 0.783176
vt 0.869483 0.776664
vt 0.879655 0.783244
vt 0.869439 0.776732
vt 0.890138 0.789249
vt 0.890093 0.789316
vt 0.890047 0.789383
vt 0.871196 0.795810
vt 0.881180 0.801772
vt 0.871240 0.795743
vt 0.881225 0.801706
vt 0.871285 0.795676
vt 0.881272 0.801640
vt 0.849997 0.762827
vt 0.859547 0.769777
vt 0.849956 0.762897
vt 0.859505 0.769846
vt 0.849915 0.762968
vt 0.859463 0.769915
vt 0.832554 0.748920
vt 0.841027 0.755900
vt 0.832514 0.748990
vt 0.840986 0.755970
vt 0.832476 0.749063
vt 0.840947 0.756042
vt 0.833879 0.769496
vt 0.833920 0.769426
vt 0.833959 0.769355
vt 0.825716 0.762686
vt 0.825756 0.762616
vt 0.825795 0.762543
vt 0.817894 0.755642
vt 0.817933 0.755570
vt 0.817969 0.755495
vt 0.810250 0.748176
vt 0.810282 0.748096
vt 0.810306 0.748009
vt 0.813369 0.730906
vt 0.824072 0.741310
vt 0.813339 0.730984
vt 0.824033 0.741382
vt 0.813318 0.731070
vt 0.823999 0.741456
vt 0.788295 0.715958
vt 0.795467 0.731935
vt 0.788391 0.716015
vt 0.795527 0.731889
vt 0.788506 0.716114
vt 0.795590 0.731849
vt 0.784235 0.735173
vt 0.778506 0.735986
vt 0.802694 0.740152
vt 0.802709 0.740053
vt 0.802707 0.739938
vt 0.798604 0.716331
vt 0.798595 0.716425
vt 0.798603 0.716536
vt 0.901432 0.795300
vt 0.901384 0.795366
vt 0.901333 0.795430
vt 0.917360 0.802802
vt 0.917301 0.802859
vt 0.917232 0.802912
vt 0.891343 0.807458
vt 0.902028 0.813028
vt 0.891391 0.807393
vt 0.902088 0.812968
vt 0.891442 0.807329
vt 0.902156 0.812913
vt 0.946091 0.825552
vt 0.946009 0.825482
vt 0.945882 0.825409
vt 0.925303 0.823812
vt 0.925329 0.823740
vt 0.925350 0.823667
vt 0.940373 0.813276
vt 0.940287 0.813318
vt 0.940179 0.813348
vt 0.913543 0.818568
vt 0.913627 0.818520
vt 0.913730 0.818482
vt 0.968401 0.824466
vt 0.966625 0.826458
vt 0.723789 0.693886
vt 0.724497 0.693669
vt 0.723793 0.693903
vt 0.724497 0.693642
vt 0.725184 0.693414
vt 0.724497 0.693651
vt 0.782241 0.697857
vt 0.783393 0.695990
vt 0.782187 0.697847
vt 0.783344 0.695968
vt 0.784394 0.734420
vt 0.784304 0.735146
vt 0.733321 0.748579
vt 0.730129 0.746465
vt 0.921466 0.681430
vt 0.930765 0.688455
vt 0.921434 0.681471
vt 0.930733 0.688496
vt 0.921403 0.681513
vt 0.736539 0.750488
vt 0.930800 0.688416
vt 0.939700 0.695509
vt 0.939666 0.695548
vt 0.733788 0.741492
vt 0.730674 0.739175
vt 0.733798 0.741477
vt 0.730685 0.739160
vt 0.733809 0.741463
vt 0.907393 0.702101
vt 0.727700 0.736704
vt 0.727711 0.736689
vt 0.730696 0.739146
vt 0.897426 0.695504
vt 0.724112 0.741740
vt 0.912012 0.674573
vt 0.902491 0.667922
vt 0.902518 0.667877
vt 0.911983 0.674617
vt 0.902462 0.667966
vt 0.727052 0.744175
vt 0.911953 0.674659
vt 0.737014 0.743633
vt 0.740268 0.745567
vt 0.737025 0.743618
vt 0.740278 0.745553
vt 0.737035 0.743603
vt 0.740288 0.745537
vt 0.917048 0.709100
vt 0.926245 0.716273
vt 0.743474 0.747275
vt 0.746664 0.748771
vt 0.743484 0.747260
vt 0.746675 0.748756
vt 0.743494 0.747244
vt 0.746683 0.748740
vt 0.934854 0.723427
vt 0.942960 0.730608
vt 0.739708 0.752170
vt 0.939737 0.695472
vt 0.948064 0.702518
vt 0.948028 0.702555
vt 0.742857 0.753642
vt 0.948104 0.702483
vt 0.955955 0.709568
vt 0.955917 0.709604
vt 0.746044 0.754933
vt 0.955997 0.709537
vt 0.963578 0.716825
vt 0.963537 0.716859
vt 0.749346 0.756074
vt 0.749332 0.756087
vt 0.746034 0.754947
vt 0.970967 0.724586
vt 0.750078 0.750127
vt 0.754664 0.751697
vt 0.750089 0.750112
vt 0.754678 0.751683
vt 0.750098 0.750096
vt 0.754689 0.751668
vt 0.754695 0.751649
vt 0.750104 0.750076
vt 0.756246 0.758018
vt 0.762375 0.757083
vt 0.756250 0.758036
vt 0.762415 0.757097
vt 0.756258 0.758053
vt 0.992602 0.759191
vt 0.985397 0.741708
vt 0.762443 0.757114
vt 0.999536 0.776525
vt 0.752809 0.757100
vt 0.752786 0.757111
vt 0.971016 0.724560
vt 0.978310 0.732890
vt 0.978374 0.732883
vt 0.761094 0.753724
vt 0.761119 0.753713
vt 0.761135 0.753700
vt 0.761143 0.753682
vt 0.724711 0.733886
vt 0.724721 0.733870
vt 0.727723 0.736675
vt 0.887215 0.689373
vt 0.720912 0.729666
vt 0.720920 0.729647
vt 0.724733 0.733857
vt 0.876034 0.683426
vt 0.718523 0.736360
vt 0.892946 0.661307
vt 0.882964 0.654687
vt 0.882972 0.654631
vt 0.892924 0.661355
vt 0.882946 0.654738
vt 0.721298 0.739163
vt 0.892897 0.661400
vt 0.711310 0.722965
vt 0.711282 0.722934
vt 0.711257 0.722914
vt 0.712920 0.730038
vt 0.712903 0.730041
vt 0.712885 0.730042
vt 0.712865 0.730040
vt 0.715749 0.723298
vt 0.715749 0.723271
vt 0.720930 0.729632
vt 0.835832 0.666488
vt 0.859967 0.676177
vt 0.715754 0.723250
vt 0.807106 0.655405
vt 0.872332 0.647563
vt 0.861416 0.640334
vt 0.861463 0.640304
vt 0.872352 0.647638
vt 0.861372 0.640368
vt 0.715704 0.733257
vt 0.872353 0.647701
vt 0.918585 0.685415
vt 0.927956 0.692395
vt 0.918538 0.685481
vt 0.927911 0.692461
vt 0.918493 0.685548
vt 0.927867 0.692529
vt 0.936879 0.699432
vt 0.936835 0.699500
vt 0.936792 0.699568
vt 0.900015 0.691531
vt 0.910059 0.698188
vt 0.900060 0.691464
vt 0.910104 0.698121
vt 0.900106 0.691397
vt 0.910149 0.698054
vt 0.889712 0.685333
vt 0.889757 0.685267
vt 0.889804 0.685200
vt 0.909091 0.678518
vt 0.899553 0.671785
vt 0.909042 0.678582
vt 0.899502 0.671847
vt 0.708515 0.745386
vt 0.707383 0.748932
vt 0.708491 0.745377
vt 0.898570 0.672934
vt 0.707407 0.748941
vt 0.706078 0.752436
vt 0.908647 0.679008
vt 0.929021 0.712445
vt 0.919777 0.705235
vt 0.929065 0.712377
vt 0.919822 0.705168
vt 0.929108 0.712308
vt 0.919865 0.705100
vt 0.945827 0.726865
vt 0.937675 0.719629
vt 0.945869 0.726797
vt 0.937719 0.719561
vt 0.945910 0.726726
vt 0.937760 0.719491
vt 0.945221 0.706418
vt 0.945178 0.706486
vt 0.945136 0.706555
vt 0.953079 0.713449
vt 0.953037 0.713518
vt 0.952997 0.713589
vt 0.960622 0.720696
vt 0.960581 0.720767
vt 0.960543 0.720841
vt 0.967970 0.728381
vt 0.967936 0.728459
vt 0.967909 0.728545
vt 0.964150 0.745518
vt 0.953965 0.734746
vt 0.964183 0.745442
vt 0.954006 0.734676
vt 0.964207 0.745359
vt 0.954044 0.734604
vt 0.988815 0.760898
vt 0.982143 0.745027
vt 0.988723 0.760839
vt 0.982084 0.745072
vt 0.988614 0.760739
vt 0.982020 0.745109
vt 0.975216 0.736624
vt 0.975198 0.736722
vt 0.975196 0.736836
vt 0.978052 0.760469
vt 0.978063 0.760376
vt 0.978058 0.760267
vt 0.878422 0.679308
vt 0.878469 0.679242
vt 0.878520 0.679177
vt 0.862237 0.672008
vt 0.862296 0.671947
vt 0.862364 0.671891
vt 0.889938 0.665181
vt 0.879912 0.658491
vt 0.889884 0.665241
vt 0.879846 0.658544
vt 0.710186 0.738017
vt 0.709410 0.741771
vt 0.710163 0.738002
vt 0.877389 0.661804
vt 0.709434 0.741781
vt 0.888268 0.667265
vt 0.709907 0.723172
vt 0.709892 0.723205
vt 0.709881 0.723252
vt 0.708431 0.716740
vt 0.711372 0.729924
vt 0.711347 0.729923
vt 0.853543 0.651166
vt 0.831616 0.651219
vt 0.838041 0.662292
vt 0.838128 0.662243
vt 0.838238 0.662203
vt 0.869246 0.651425
vt 0.858226 0.644096
vt 0.710803 0.734012
vt 0.710781 0.733984
vt 0.711322 0.729923
vt 0.710825 0.734033
vt 0.865610 0.656402
vt 0.808056 0.653249
vt 0.809193 0.651272
vt 0.806953 0.655264
vt 0.709073 0.716143
vt 0.709778 0.715899
vt 0.709074 0.716152
vt 0.993689 0.779170
vt 0.992471 0.781295
vt 0.769542 0.756637
vt 0.997258 0.776795
vt 0.999516 0.776652
vt 0.999523 0.776707
vt 0.994808 0.776742
vt 0.728890 0.780342
vt 0.736362 0.957077
vt 0.884557 0.862802
vt 0.703109 0.803526
vt 0.768854 0.966893
vt 0.877997 0.828839
vt 0.806506 0.684630
vt 0.788224 0.715956
vt 0.806999 0.655295
vt 0.790829 0.874873
vt 0.703262 0.803799
vt 0.703161 0.803632
vt 0.769014 0.966627
vt 0.772148 0.868814
vt 0.772152 0.868835
vt 0.736364 0.956964
vt 0.786687 0.855787
vt 0.781521 0.699876
vt 0.768531 0.756078
vt 0.861862 0.723449
vt 0.768822 0.749087
vt 0.839843 0.780278
vt 0.963624 0.716796
vt 0.746690 0.748720
vt 0.985424 0.741656
vt 0.706102 0.752445
vt 0.709871 0.723306
vt 0.710210 0.738030
s 1
g off
g Esquina_superior1_Holocron_Corners.001
usemtl Holocron_Corners.001
f 1222/1/1 1/2/2 202/3/3
f 1173/4/4 20/5/5 106/6/6
f 89/7/2 227/8/7 3/9/2
f 216/10/8 114/11/9 1183/12/10
f 4/13/2 1187/14/11 206/15/12
f 201/16/13 106/6/6 16/17/14
f 212/18/15 102/19/16 14/20/17
f 226/21/18 109/22/19 1178/23/20
f 3/9/2 1162/24/21 222/25/22
f 1177/26/23 4/13/2 88/27/2
f 1183/12/10 22/28/24 231/29/25
f 1193/30/26 19/31/27 237/32/28
f 1188/33/29 26/34/30 207/35/31
f 231/29/25 108/36/32 1198/37/33
f 1198/37/33 23/38/34 241/39/35
f 1208/40/36 18/41/37 247/42/38
f 90/43/2 236/44/39 1187/14/11
f 241/39/35 115/45/40 1213/46/41
f 1213/46/41 1325/47/42 253/48/43
f 269/49/44 113/50/45 1208/40/36
f 91/51/2 246/52/46 1192/53/47
f 1223/54/48 16/17/14 104/55/49
f 274/56/50 104/55/49 17/57/51
f 280/58/52 110/59/53 13/60/54
f 1/2/2 1167/61/55 89/7/2
f 1238/62/56 17/57/51 112/63/57
f 285/64/58 112/63/57 21/65/59
f 1233/66/60 1322/67/61 110/59/53
f 6/68/2 1217/69/62 93/70/2
f 106/6/6 328/71/63 1252/72/64
f 10/73/65 1268/74/66 97/75/65
f 24/76/67 1262/77/68 114/11/9
f 337/78/69 98/79/65 1278/80/70
f 104/55/49 308/81/71 1302/82/72
f 15/83/73 1247/84/74 333/85/75
f 15/83/73 1257/86/76 109/22/19
f 103/87/77 317/88/78 1247/84/74
f 116/89/79 328/71/63 20/5/5
f 117/90/80 312/91/81 26/34/30
f 19/31/27 1267/92/82 117/90/80
f 22/28/24 1277/93/83 108/36/32
f 1263/94/84 8/95/65 337/78/69
f 105/96/85 342/97/86 19/31/27
f 18/41/37 1272/98/87 105/96/85
f 23/38/34 1292/99/88 115/45/40
f 1278/80/70 11/100/65 347/101/89
f 113/50/45 352/102/90 18/41/37
f 25/103/91 1287/104/92 113/50/45
f 115/45/40 358/105/93 1325/47/42
f 307/106/94 96/107/65 7/108/65
f 14/20/17 1297/109/95 317/88/78
f 102/19/16 384/110/96 1297/109/95
f 112/63/57 380/111/97 1317/112/98
f 100/113/65 379/114/99 1303/115/100
f 13/60/54 1312/116/101 384/110/96
f 110/59/53 396/117/102 1312/116/101
f 21/65/59 1317/112/98 389/118/103
f 1168/119/104 14/20/17 103/87/77
f 1228/120/105 21/121/59 107/122/106
f 107/122/106 389/123/103 1307/124/107
f 7/108/65 1248/125/108 318/126/109
f 227/8/7 88/27/2 3/9/2
f 1178/23/20 24/76/67 216/10/8
f 109/22/19 323/127/110 24/76/67
f 96/107/65 332/128/111 1248/125/108
f 94/129/2 279/130/112 6/68/2
f 202/3/3 89/7/2 1172/131/113
f 16/17/14 1252/72/64 308/81/71
f 385/132/114 101/133/65 12/134/65
f 237/32/28 117/90/80 1188/33/29
f 1203/135/115 1326/136/116 111/137/117
f 111/137/117 357/138/118 1282/139/119
f 97/75/65 343/140/120 8/95/65
f 207/35/31 116/89/79 1163/141/121
f 226/21/18 103/87/77 15/83/73
f 1253/142/122 9/143/65 96/107/65
f 26/34/30 1242/144/123 116/89/79
f 1227/145/124 1232/146/125 94/129/2
f 284/147/126 94/129/2 1237/148/127
f 101/133/65 390/149/128 1318/150/129
f 1313/151/130 1308/152/131 101/133/65
f 5/153/2 1207/154/132 246/52/46
f 1182/155/133 2/156/2 90/43/2
f 114/11/9 338/157/134 22/28/24
f 11/100/65 1288/158/135 99/159/136
f 217/160/137 90/43/2 4/13/2
f 232/161/138 91/51/2 2/156/2
f 95/162/65 332/128/111 9/143/65
f 10/73/65 1258/163/139 95/162/65
f 1218/164/140 13/60/54 102/19/16
f 7/108/65 1303/115/100 307/106/94
s 2
f 1355/165/141 1445/166/142 411/167/143
s 1
f 1298/168/144 12/134/65 100/113/65
f 92/169/145 270/170/146 1207/154/132
f 1212/171/147 1202/172/148 92/169/145
f 1293/173/149 1283/174/150 359/175/151
f 99/159/136 374/176/152 1283/174/150
f 1228/120/105 1323/177/153 289/178/154
f 275/179/155 93/70/2 1222/1/1
f 17/57/51 1302/82/72 380/111/97
f 107/122/106 394/180/156 1323/177/153
f 247/42/38 105/96/85 1193/30/26
f 1237/148/127 6/68/2 275/179/155
f 12/134/65 1318/150/129 379/114/99
f 98/79/65 353/181/157 11/100/65
f 2/156/2 1192/53/47 236/44/39
f 1163/141/121 20/5/5 221/182/158
f 322/183/159 97/75/65 1263/94/84
f 8/95/65 1273/184/160 98/79/65
f 1203/185/115 25/103/91 269/49/44
f 1197/186/161 5/153/2 91/51/2
f 108/36/32 348/187/162 23/38/34
f 111/188/117 375/189/163 25/103/91
f 1172/131/113 3/9/2 222/25/22
f 88/27/2 206/15/12 1162/24/21
f 313/190/164 95/162/65 1243/191/165
f 1243/191/165 9/143/65 327/192/166
f 93/70/2 211/193/167 1/2/2
f 242/194/168 92/169/145 5/153/2
f 347/101/89 99/159/136 1293/173/149
f 318/126/109 100/113/65 7/108/65
s 2
f 457/195/169 130/196/170 34/197/171
f 503/198/172 136/199/173 1391/200/174
f 136/199/173 725/201/175 1435/202/176
f 709/203/177 131/204/178 1431/205/179
f 481/206/180 127/207/181 1380/208/182
f 435/209/183 137/210/184 1355/165/141
f 138/211/185 671/212/186 1421/213/187
f 1431/205/179 1441/214/188 690/215/189
f 447/216/190 124/217/191 29/218/192
f 426/219/193 135/220/194 1454/221/195
f 1406/222/196 1411/223/197 620/224/198
f 1475/225/199 1416/226/200 135/220/194
f 27/227/201 1348/228/202 124/217/191
f 31/229/203 1352/230/204 566/231/205
f 32/232/206 1352/230/204 127/207/181
f 1366/233/207 1471/234/208 437/235/209
f 1361/236/210 1446/237/211 120/238/212
f 33/239/213 1334/240/214 129/241/215
f 34/197/171 1339/242/216 200/243/217
f 413/244/218 122/245/219 1356/246/220
f 446/247/221 134/248/222 1366/233/207
s 3
f 514/249/223 121/250/224 1351/251/225
s 2
f 30/252/226 1333/253/227 548/254/228
f 457/195/169 128/255/229 1385/256/230
f 447/216/190 123/257/231 1360/258/232
f 27/227/201 1328/259/233 532/260/234
f 34/197/171 1329/261/235 128/255/229
f 1375/262/236 1474/263/237 467/264/238
f 427/265/239 119/266/240 1381/267/241
f 35/268/242 1339/242/216 130/196/170
f 35/268/242 1334/240/214 568/269/243
f 482/270/244 119/266/240 1459/271/245
f 480/272/246 138/211/185 1375/262/236
f 28/273/247 1343/274/248 547/275/249
f 29/218/192 1343/274/248 123/257/231
f 428/276/250 125/277/251 1371/278/252
f 490/279/253 128/255/229 33/239/213
f 29/218/192 1348/228/202 513/280/254
f 1470/281/255 1401/282/256 137/210/184
f 1391/200/174 1461/283/257 491/284/258
f 1396/285/259 1466/286/260 139/287/261
s 3
f 1338/288/262 1347/289/263 531/290/264
s 2
f 28/273/247 1328/259/233 122/245/219
f 505/291/265 139/287/261 1479/292/266
f 1386/293/267 1462/294/268 118/295/269
f 30/252/226 1342/296/270 126/297/271
f 31/229/203 1333/253/227 125/277/251
f 1370/298/272 1475/225/199 135/220/194
f 32/232/206 1342/296/270 515/299/273
s 3
f 1351/251/225 1338/288/262 567/300/274
s 2
f 33/239/213 1329/261/235 549/301/275
f 1461/283/257 1435/202/176 708/302/276
f 139/287/261 726/303/277 1479/292/266
f 1466/286/260 1440/304/278 139/287/261
f 120/238/212 603/305/279 1405/306/280
f 134/248/222 585/307/281 1471/234/208
f 1450/308/282 1410/309/283 134/248/222
f 119/266/240 656/310/284 1425/311/285
f 1474/263/237 1421/213/187 637/312/286
f 1459/271/245 1425/311/285 672/313/287
f 436/314/288 124/217/191 1365/315/289
f 445/316/290 120/238/212 1451/317/291
f 1451/317/291 1405/306/280 619/318/292
f 137/210/184 601/319/293 1445/166/142
f 428/276/250 127/207/181 31/229/203
f 466/320/294 125/277/251 30/252/226
f 638/321/295 133/322/296 1415/323/297
f 1415/323/297 1426/324/298 655/325/299
f 490/279/253 129/241/215 1390/326/300
f 504/327/301 129/241/215 35/268/242
f 1441/214/188 1436/328/302 727/329/303
f 118/295/269 707/330/304 1430/331/305
f 413/244/218 123/257/231 28/273/247
f 436/314/288 122/245/219 27/227/201
f 1411/223/197 1400/332/306 586/333/307
f 602/334/308 132/335/309 1406/222/196
f 466/320/294 126/297/271 1376/336/310
f 481/206/180 126/297/271 32/232/206
f 1426/324/298 1420/337/311 673/338/312
f 135/220/194 654/339/313 1454/221/195
f 504/327/301 130/196/170 1395/340/314
f 455/341/315 118/295/269 1467/342/316
f 118/295/269 689/343/317 1467/342/316
s 4
f 1543/344/318 36/345/319 743/346/320
f 1494/347/321 55/348/322 158/349/323
f 141/350/319 768/351/324 38/352/319
f 757/353/325 166/354/326 1504/355/327
f 39/356/319 1508/357/328 747/358/329
f 742/359/330 158/349/323 51/360/331
f 753/361/332 154/362/333 49/363/334
f 767/364/335 161/365/336 1499/366/337
f 38/352/319 1483/367/338 763/368/339
f 1498/369/340 39/356/319 140/370/319
f 1504/355/327 57/371/341 772/372/342
f 1514/373/343 54/374/344 778/375/345
f 1509/376/346 61/377/347 748/378/348
f 772/372/342 160/379/349 1519/380/350
f 1519/380/350 58/381/351 782/382/352
f 1529/383/353 53/384/354 788/385/355
f 142/386/319 777/387/356 1508/357/328
f 782/382/352 167/388/357 1534/389/358
f 1534/389/358 1646/390/359 794/391/360
f 810/392/361 165/393/362 1529/383/353
f 143/394/319 787/395/363 1513/396/364
f 1544/397/365 51/360/331 156/398/366
f 815/399/367 156/398/366 52/400/368
f 821/401/369 162/402/370 48/403/371
f 36/345/319 1488/404/372 141/350/319
f 1559/405/373 52/400/368 164/406/374
f 826/407/375 164/406/374 56/408/376
f 1554/409/377 1643/410/378 162/402/370
f 41/411/319 1538/412/379 145/413/319
f 158/349/323 869/414/380 1573/415/381
f 45/416/382 1589/417/383 149/418/382
f 59/419/384 1583/420/385 166/354/326
f 878/421/386 150/422/382 1599/423/387
f 156/398/366 849/424/388 1623/425/389
f 50/426/390 1568/427/391 874/428/392
f 50/426/390 1578/429/393 161/365/336
f 155/430/394 858/431/395 1568/427/391
f 168/432/396 869/414/380 55/348/322
f 169/433/397 853/434/398 61/377/347
f 54/374/344 1588/435/399 169/433/397
f 57/371/341 1598/436/400 160/379/349
f 1584/437/401 43/438/382 878/421/386
f 157/439/402 883/440/403 54/374/344
f 53/384/354 1593/441/404 157/439/402
f 58/381/351 1613/442/405 167/388/357
f 1599/423/387 46/443/406 888/444/407
f 165/393/362 893/445/408 53/384/354
f 60/446/409 1608/447/410 165/393/362
f 167/388/357 899/448/411 1646/390/359
f 848/449/412 148/450/382 42/451/382
f 49/363/334 1618/452/413 858/431/395
f 154/362/333 925/453/414 1618/452/413
f 164/406/374 921/454/415 1638/455/416
f 152/456/382 920/457/417 1624/458/418
f 48/403/371 1633/459/419 925/453/414
f 162/402/370 937/460/420 1633/459/419
f 56/408/376 1638/455/416 930/461/421
f 1489/462/422 49/363/334 155/430/394
f 1549/463/423 56/408/376 159/464/424
f 159/464/424 930/461/421 1628/465/425
f 42/451/382 1569/466/426 859/467/427
f 768/351/324 140/370/319 38/352/319
f 1499/366/337 59/419/384 757/353/325
f 161/365/336 864/468/428 59/419/384
f 148/450/382 873/469/429 1569/466/426
f 146/470/319 820/471/430 41/411/319
f 743/346/320 141/350/319 1493/472/431
f 51/360/331 1573/415/381 849/424/388
f 926/473/432 153/474/382 47/475/382
f 778/375/345 169/433/397 1509/376/346
f 1524/476/433 1647/477/434 163/478/435
f 163/478/435 898/479/436 1603/480/437
f 149/418/382 884/481/438 43/438/382
f 748/378/348 168/432/396 1484/482/439
f 767/364/335 155/430/394 50/426/390
f 1574/483/440 44/484/382 148/450/382
f 61/377/347 1563/485/441 168/432/396
f 1548/486/442 1553/487/443 146/470/319
f 825/488/444 146/470/319 1558/489/445
f 153/474/382 931/490/446 1639/491/447
f 1634/492/448 1629/493/449 153/474/382
f 40/494/450 1528/495/451 787/395/363
f 1503/496/452 37/497/319 142/386/319
f 166/354/326 879/498/453 57/371/341
f 46/443/406 1609/499/454 151/500/455
f 758/501/456 142/386/319 39/356/319
f 773/502/457 143/394/319 37/497/319
f 147/503/382 873/469/429 44/484/382
f 45/416/382 1579/504/458 147/503/382
f 1539/505/459 48/403/371 154/362/333
f 42/451/382 1624/458/418 848/449/412
s 5
f 1709/506/460 62/507/461 953/508/462
s 4
f 1619/509/463 47/475/382 152/456/382
f 144/510/464 811/511/465 1528/495/451
f 1533/512/466 1523/513/467 144/510/464
f 1614/514/468 1604/515/469 900/516/470
f 151/500/455 915/517/471 1604/515/469
f 1549/463/423 1644/518/472 830/519/473
f 816/520/474 145/413/319 1543/344/318
f 52/400/368 1623/425/389 921/454/415
f 159/464/424 935/521/475 1644/518/472
f 788/385/355 157/439/402 1514/373/343
f 1558/489/445 41/411/319 816/520/474
f 47/475/382 1639/491/447 920/457/417
f 150/422/382 894/522/476 46/443/406
f 37/497/319 1513/396/364 777/387/356
f 1484/482/439 55/348/322 762/523/477
f 863/524/478 149/418/382 1584/437/401
f 43/438/382 1594/525/479 150/422/382
f 1524/526/433 60/446/409 810/392/361
f 1518/527/480 40/494/450 143/394/319
f 160/379/349 889/528/481 58/381/351
f 163/529/435 916/530/482 60/446/409
f 1493/472/431 38/352/319 763/368/339
f 140/370/319 747/358/329 1483/367/338
f 854/531/483 147/503/382 1564/532/484
f 1564/532/484 44/484/382 868/533/485
f 145/413/319 752/534/486 36/345/319
f 783/535/487 144/510/464 40/494/450
f 888/444/407 151/500/455 1614/514/468
f 859/467/427 152/456/382 42/451/382
s 5
f 1660/536/488 81/537/489 188/538/490
f 171/539/461 978/540/491 64/541/461
f 967/542/492 196/543/493 1670/544/494
f 65/545/461 1674/546/495 957/547/496
f 952/548/497 188/538/490 77/549/498
f 963/550/499 184/551/500 75/552/501
f 977/553/502 191/554/503 1665/555/504
f 64/541/461 1649/556/505 973/557/506
f 1664/558/507 65/545/461 170/559/461
f 1670/544/494 83/560/508 982/561/509
f 1680/562/510 80/563/511 988/564/512
f 1675/565/513 87/566/514 958/567/515
f 982/561/509 190/568/516 1685/569/517
f 1685/569/517 84/570/518 992/571/519
f 1695/572/520 79/573/521 998/574/522
f 172/575/461 987/576/523 1674/546/495
f 992/571/519 197/577/524 1700/578/525
f 1700/578/525 1812/579/526 1004/580/527
f 1020/581/528 195/582/529 1695/572/520
f 173/583/461 997/584/530 1679/585/531
f 1710/586/532 77/549/498 186/587/533
f 1025/588/534 186/587/533 78/589/535
f 1031/590/536 192/591/537 74/592/538
f 62/507/461 1654/593/539 171/539/461
f 1725/594/540 78/589/535 194/595/541
f 1036/596/542 194/595/541 82/597/543
f 1720/598/544 1809/599/545 192/591/537
f 67/600/461 1704/601/546 175/602/461
f 188/538/490 1079/603/547 1739/604/548
f 71/605/549 1755/606/550 179/607/549
f 85/608/551 1749/609/552 196/543/493
f 1088/610/553 180/611/549 1765/612/554
f 186/587/533 1059/613/555 1789/614/556
f 76/615/557 1734/616/558 1084/617/559
f 76/615/557 1744/618/560 191/554/503
f 185/619/561 1068/620/562 1734/616/558
f 198/621/563 1079/603/547 81/537/489
f 199/622/564 1063/623/565 87/566/514
f 80/563/511 1754/624/566 199/622/564
f 83/560/508 1764/625/567 190/568/516
f 1750/626/568 69/627/549 1088/610/553
f 187/628/569 1093/629/570 80/563/511
f 79/573/521 1759/630/571 187/628/569
f 84/570/518 1779/631/572 197/577/524
f 1765/612/554 72/632/549 1098/633/573
f 195/582/529 1103/634/574 79/573/521
f 86/635/575 1774/636/576 195/582/529
f 197/577/524 1109/637/577 1812/579/526
f 1058/638/578 178/639/549 68/640/549
f 75/552/501 1784/641/579 1068/620/562
f 184/551/500 1135/642/580 1784/641/579
f 194/595/541 1131/643/581 1804/644/582
f 182/645/549 1130/646/583 1790/647/584
f 74/592/538 1799/648/585 1135/642/580
f 192/591/537 1147/649/586 1799/648/585
f 82/597/543 1804/644/582 1140/650/587
f 1655/651/588 75/552/501 185/619/561
f 1715/652/589 82/653/543 189/654/590
f 189/654/590 1140/655/587 1794/656/591
f 68/640/549 1735/657/592 1069/658/593
f 978/540/491 170/559/461 64/541/461
f 1665/555/504 85/608/551 967/542/492
f 191/554/503 1074/659/594 85/608/551
f 178/639/549 1083/660/595 1735/657/592
f 176/661/461 1030/662/596 67/600/461
f 953/508/462 171/539/461 1659/663/597
f 77/549/498 1739/604/548 1059/613/555
f 1136/664/598 183/665/549 73/666/549
f 988/564/512 199/622/564 1675/565/513
f 1690/667/599 1813/668/600 193/669/601
f 193/669/601 1108/670/602 1769/671/603
f 179/607/549 1094/672/604 69/627/549
f 958/567/515 198/621/563 1650/673/605
f 977/553/502 185/619/561 76/615/557
f 1740/674/606 70/675/549 178/639/549
f 87/566/514 1729/676/607 198/621/563
f 1714/677/608 1719/678/609 176/661/461
f 1035/679/610 176/661/461 1724/680/611
f 183/665/549 1141/681/612 1805/682/613
f 1800/683/614 1795/684/615 183/665/549
f 66/685/461 1694/686/616 997/584/530
f 1669/687/617 63/688/461 172/575/461
f 196/543/493 1089/689/618 83/560/508
f 72/632/549 1775/690/619 181/691/620
f 968/692/621 172/575/461 65/545/461
f 983/693/622 173/583/461 63/688/461
f 177/694/549 1083/660/595 70/675/549
f 71/605/549 1745/695/623 177/694/549
f 1705/696/624 74/592/538 184/551/500
f 68/640/549 1790/647/584 1058/638/578
f 1785/697/625 73/666/549 182/645/549
f 174/698/626 1021/699/627 1694/686/616
f 1699/700/628 1689/701/629 174/698/626
f 1780/702/630 1770/703/631 1110/704/632
f 181/691/620 1125/705/633 1770/703/631
f 1715/652/589 1810/706/634 1040/707/635
f 1026/708/636 175/602/461 1709/506/460
f 78/589/535 1789/614/556 1131/643/581
f 189/654/590 1145/709/637 1810/706/634
f 998/574/522 187/628/569 1680/562/510
f 1724/680/611 67/600/461 1026/708/636
f 73/666/549 1805/682/613 1130/646/583
f 180/611/549 1104/710/638 72/632/549
f 63/688/461 1679/585/531 987/576/523
f 1650/673/605 81/537/489 972/711/639
f 1073/712/640 179/607/549 1750/626/568
f 69/627/549 1760/713/641 180/611/549
f 1690/667/599 86/635/575 1020/581/528
f 1684/714/642 66/685/461 173/583/461
f 190/568/516 1099/715/643 84/570/518
f 193/669/601 1126/716/644 86/635/575
f 1659/663/597 64/541/461 973/557/506
f 170/559/461 957/547/496 1649/556/505
f 1064/717/645 177/694/549 1730/718/646
f 1730/718/646 70/675/549 1078/719/647
f 175/602/461 962/720/648 62/507/461
f 993/721/649 174/698/626 66/685/461
f 1098/633/573 181/691/620 1780/702/630
f 1069/658/593 182/645/549 68/640/549
s 1
f 251/722/650 257/723/651 256/724/652
f 254/725/653 258/726/654 257/723/651
f 256/724/652 268/727/655 265/728/656
f 257/723/651 259/729/657 268/727/655
f 260/730/658 262/731/659 252/732/660
f 261/733/661 263/734/662 260/730/658
f 263/734/662 255/735/663 262/731/659
f 264/736/664 258/726/654 263/734/662
f 253/48/43 267/737/665 266/738/666
f 265/728/667 268/727/668 267/739/665
f 266/740/666 264/736/669 261/733/670
f 267/739/665 259/729/671 264/736/669
f 289/178/154 294/741/672 293/742/673
f 292/743/674 295/744/675 294/741/672
f 293/742/673 306/745/676 303/746/677
f 294/741/672 296/747/678 306/745/676
f 290/748/679 300/749/680 299/750/681
f 297/751/682 301/752/683 300/753/680
f 299/754/681 300/753/680 295/744/684
f 300/753/680 296/747/685 295/744/684
f 302/755/686 304/756/687 291/757/688
f 303/746/677 305/758/689 302/755/686
f 305/758/689 298/759/690 304/756/687
f 306/745/676 301/752/691 305/758/689
f 357/138/118 361/760/692 360/761/693
f 366/762/694 362/763/695 361/764/692
f 360/765/693 373/766/696 370/767/697
f 361/764/692 363/768/698 373/766/696
f 358/105/93 367/769/699 366/770/700
f 364/771/701 368/772/702 367/769/699
f 366/770/700 367/769/699 362/763/703
f 367/769/699 363/768/704 362/763/703
f 369/773/705 371/774/706 359/175/151
f 370/767/697 372/775/707 369/773/705
f 372/775/707 365/776/708 371/774/706
f 373/766/709 368/772/702 372/775/707
f 394/180/156 399/777/710 407/778/711
f 397/779/712 400/780/713 399/781/710
f 407/778/711 399/777/710 410/782/714
f 399/781/710 401/783/715 410/784/716
f 402/785/717 404/786/718 395/787/719
f 403/788/720 405/789/721 402/785/717
f 405/789/721 398/790/722 404/786/718
f 406/791/723 400/780/724 405/789/721
f 396/117/102 409/792/725 408/793/726
f 407/794/727 410/784/728 409/792/725
f 408/793/726 406/791/723 403/788/720
f 409/792/725 401/783/729 406/791/723
s 2
f 414/795/730 416/796/731 411/167/143
f 415/797/732 417/798/733 414/795/730
f 417/798/733 424/799/734 416/796/731
f 417/798/733 422/800/735 418/801/736
f 419/802/737 421/803/738 412/804/739
f 420/805/740 422/806/735 419/802/737
f 421/803/738 422/800/735 415/797/732
f 424/799/734 425/807/741 423/808/742
f 425/807/741 420/805/740 423/809/742
s 6
f 429/810/743 430/811/744 426/219/745
f 430/811/744 431/812/746 1816/813/747
s 7
f 427/265/748 432/814/748 429/815/748
s 8
f 433/816/749 431/812/750 432/817/751
s 9
f 438/818/752 439/819/753 435/209/754
s 10
f 438/818/755 440/820/756 444/821/757
s 11
f 439/819/758 444/822/759 443/823/760
s 2
f 437/235/209 443/824/761 444/825/762
s 10
f 444/826/757 1817/827/763 442/828/764
f 444/822/757 440/829/756 1817/827/763
s 12
f 448/830/765 449/831/766 445/316/767
f 449/831/766 450/832/768 452/833/769
s 13
f 446/247/770 451/834/771 448/835/772
s 14
f 451/836/773 452/837/774 450/832/774
s 2
f 458/838/775 459/839/776 455/341/315
s 15
f 458/838/777 461/840/777 462/841/778
s 2
f 459/839/776 460/842/779 1818/843/780
f 456/844/781 462/845/782 461/846/783
s 16
f 462/847/784 1818/848/785 460/842/786
s 2
f 468/849/787 470/850/788 465/851/789
f 469/852/790 471/853/791 468/849/787
f 471/853/791 477/854/792 470/850/788
f 471/853/791 472/855/793 479/856/794
f 474/857/795 475/858/796 473/859/797
f 475/858/796 469/852/790 473/860/797
f 476/861/798 478/862/799 467/264/238
f 476/861/798 477/854/792 479/863/794
f 479/863/794 474/857/795 478/862/799
s 17
f 483/864/800 487/865/801 480/272/802
f 483/864/800 484/866/803 488/867/804
s 18
f 482/270/805 487/868/805 488/869/805
s 17
f 488/870/804 484/866/803 1815/871/806
s 2
f 492/872/807 494/873/808 489/874/809
f 493/875/810 495/876/811 492/872/812
f 494/873/808 495/877/811 500/878/813
s 19
f 496/879/814 498/880/815 497/881/814
s 2
f 497/881/816 493/875/810 496/882/817
f 499/883/818 501/884/819 491/284/258
f 500/878/813 502/885/820 499/883/818
f 501/884/819 502/885/820 498/886/821
f 502/885/820 495/877/811 498/880/821
f 506/887/822 507/888/823 503/198/172
f 506/887/822 508/889/824 512/890/825
s 20
f 507/888/826 512/891/826 511/892/826
s 2
f 505/291/265 511/893/827 512/894/828
s 21
f 512/895/829 1819/896/830 510/897/831
f 512/891/829 508/898/832 1819/896/830
s 2
f 516/899/833 518/900/834 513/280/254
f 517/901/835 519/902/836 516/899/833
f 519/902/836 528/903/837 518/900/834
f 519/902/836 520/904/838 521/905/839
s 3
f 514/906/223 525/907/840 524/908/841
f 522/909/842 526/910/843 525/907/840
f 524/908/841 520/904/844 517/901/845
f 525/907/840 521/911/846 520/904/844
s 2
f 527/912/847 529/913/848 515/299/273
f 528/903/837 530/914/849 527/912/847
f 530/914/849 523/915/850 529/913/848
f 530/914/849 521/911/839 526/910/851
f 200/243/217 535/916/852 534/917/853
f 1820/918/854 535/916/852 533/919/855
f 535/916/852 544/920/856 534/917/853
f 535/916/852 536/921/857 537/922/858
s 3
f 531/923/264 541/924/859 540/925/860
f 538/926/861 542/927/862 541/924/859
f 540/925/860 536/921/863 1820/918/864
f 541/924/859 537/928/865 536/921/863
s 2
f 543/929/866 545/930/867 532/260/234
f 544/920/856 546/931/868 543/929/866
f 546/931/868 539/932/869 545/930/867
f 546/931/868 537/928/858 542/927/870
f 550/933/871 552/934/872 547/275/249
f 551/935/873 553/936/874 550/933/871
f 553/936/874 562/937/875 552/934/872
f 553/936/874 555/938/876 565/939/877
f 556/940/878 558/941/879 548/254/228
f 557/942/880 559/943/881 556/940/878
f 559/943/881 551/935/873 558/941/879
f 559/943/881 555/938/876 554/944/882
f 561/945/883 563/946/884 549/301/275
f 562/937/875 564/947/885 561/945/883
f 564/947/885 557/942/880 563/946/884
f 564/947/885 555/938/876 560/948/886
f 569/949/887 571/950/888 566/231/205
f 570/951/889 572/952/890 569/949/887
f 572/952/890 581/953/891 571/950/888
f 572/952/890 573/954/892 574/955/893
s 3
f 567/956/274 578/957/894 577/958/895
f 575/959/896 579/960/897 578/957/894
f 577/958/895 573/954/898 570/951/899
f 578/957/894 574/961/900 573/954/898
s 2
f 580/962/901 582/963/902 568/269/243
f 581/953/891 583/964/903 580/962/901
f 583/964/903 576/965/904 582/963/902
f 583/964/903 574/961/893 579/960/905
f 584/966/906 590/967/907 589/968/908
f 588/969/909 590/967/910 587/970/911
f 589/968/908 596/971/912 598/972/913
f 590/967/910 591/973/914 596/971/912
f 585/307/281 595/974/915 594/975/916
f 592/976/917 596/977/918 595/974/915
s 22
f 594/975/919 595/978/919 588/969/919
s 2
f 595/974/915 596/977/918 591/973/920
f 597/979/921 599/980/922 586/981/307
f 598/972/913 600/982/923 597/979/921
f 600/982/924 593/983/925 599/980/922
f 604/984/926 606/985/927 601/319/293
f 605/986/928 607/987/929 604/984/926
f 607/987/929 615/988/930 606/985/927
f 607/987/929 608/989/931 618/990/932
f 609/991/933 611/992/934 602/993/308
f 610/994/935 612/995/936 609/991/933
f 612/995/936 605/986/928 611/992/934
f 612/995/936 613/996/937 608/997/931
f 614/998/938 616/999/939 603/305/279
f 615/988/930 617/1000/940 614/998/938
f 617/1000/940 610/994/935 616/999/939
f 618/990/932 613/996/937 617/1000/940
f 619/318/292 625/1001/941 624/1002/942
f 622/1003/943 631/1004/944 625/1001/945
f 625/1001/945 633/1005/946 624/1002/947
f 625/1001/945 626/1006/948 635/1007/949
f 627/1008/950 629/1009/951 620/1010/198
f 628/1011/952 630/1012/953 627/1008/950
f 630/1012/954 623/1013/955 629/1009/951
f 621/1014/956 635/1015/957 634/1016/958
s 23
f 632/1017/959 633/1005/959 635/1015/959
s 2
f 634/1016/958 631/1018/960 628/1011/952
f 635/1007/957 626/1006/961 631/1018/960
f 639/1019/962 641/1020/963 636/1021/964
f 640/1022/965 642/1023/966 639/1019/962
f 642/1023/966 650/1024/967 641/1020/963
f 643/1025/968 653/1026/969 642/1023/966
f 644/1027/970 646/1028/971 637/312/286
f 645/1029/972 647/1030/973 644/1027/970
f 647/1030/973 640/1022/965 646/1028/971
f 647/1030/973 648/1031/974 643/1025/968
f 649/1032/975 651/1033/976 638/1034/295
f 650/1024/967 652/1035/977 649/1032/975
f 652/1035/977 645/1029/972 651/1033/976
f 652/1035/977 653/1026/969 648/1036/974
f 654/339/313 660/1037/978 659/1038/979
f 657/1039/980 666/1040/981 660/1037/982
f 660/1037/982 668/1041/983 659/1038/984
f 660/1037/982 661/1042/985 670/1043/986
f 662/1044/987 664/1045/988 655/1046/299
f 663/1047/989 665/1048/990 662/1044/987
f 665/1048/991 658/1049/992 664/1045/988
f 656/310/284 670/1050/993 669/1051/994
s 24
f 667/1052/995 668/1041/995 670/1050/995
s 2
f 669/1051/994 666/1053/996 663/1047/989
f 670/1043/993 661/1042/997 666/1053/996
f 671/212/186 676/1054/998 675/1055/999
f 674/1056/1000 677/1057/1001 676/1054/998
f 675/1055/999 688/1058/1002 685/1059/1003
f 676/1054/998 678/1060/1004 688/1058/1002
f 672/313/287 682/1061/1005 681/1062/1006
f 679/1063/1007 683/1064/1008 682/1061/1005
f 681/1062/1006 682/1061/1005 677/1057/1009
f 682/1061/1005 678/1060/1004 677/1057/1009
f 684/1065/1010 686/1066/1011 673/1067/312
f 685/1059/1003 687/1068/1012 684/1065/1010
f 687/1068/1012 680/1069/1013 686/1066/1011
f 688/1058/1002 683/1064/1008 687/1068/1012
f 689/343/317 695/1070/1014 694/1071/1015
f 692/1072/1016 696/1073/1017 695/1070/1014
f 694/1071/1018 706/1074/1019 703/1075/1020
f 695/1070/1014 697/1076/1021 706/1074/1019
f 698/1077/1022 700/1078/1023 690/1079/189
f 699/1080/1024 701/1081/1025 698/1077/1022
f 701/1081/1025 693/1082/1026 700/1078/1023
f 702/1083/1027 696/1073/1017 701/1081/1025
f 691/1084/1028 705/1085/1029 704/1086/1030
f 703/1075/1031 706/1074/1032 705/1085/1029
f 704/1086/1030 702/1083/1027 699/1080/1024
f 705/1085/1029 697/1076/1021 702/1083/1027
f 710/1087/1033 712/1088/1034 707/330/304
f 711/1089/1035 713/1090/1036 710/1087/1033
f 713/1090/1036 721/1091/1037 712/1088/1034
f 714/1092/1038 724/1093/1039 713/1090/1036
f 715/1094/1040 717/1095/1041 708/302/276
f 716/1096/1042 718/1097/1043 715/1094/1040
f 718/1097/1043 711/1089/1035 717/1095/1041
f 718/1097/1043 719/1098/1044 714/1092/1038
f 720/1099/1045 722/1100/1046 709/1101/177
f 721/1091/1037 723/1102/1047 720/1099/1045
f 723/1102/1047 716/1096/1042 722/1100/1046
f 723/1102/1047 724/1093/1039 719/1103/1044
f 725/201/175 731/1104/1048 730/1105/1049
f 729/1106/1050 731/1104/1051 728/1107/1052
f 730/1105/1049 737/1108/1053 739/1109/1054
f 731/1104/1051 732/1110/1055 737/1108/1053
f 726/303/277 736/1111/1056 735/1112/1057
f 733/1113/1058 737/1114/1059 736/1111/1056
s 25
f 735/1112/1060 736/1115/1061 729/1106/1062
s 2
f 736/1111/1056 737/1114/1059 732/1110/1063
f 738/1116/1064 740/1117/1065 727/1118/303
f 739/1109/1054 741/1119/1066 738/1116/1064
f 741/1119/1067 734/1120/1068 740/1117/1065
s 4
f 792/1121/1069 798/1122/1070 797/1123/1071
f 795/1124/1072 799/1125/1073 798/1122/1070
f 797/1123/1071 809/1126/1074 806/1127/1075
f 798/1122/1070 800/1128/1076 809/1126/1074
f 801/1129/1077 803/1130/1078 793/1131/1079
f 802/1132/1080 804/1133/1081 801/1129/1077
f 804/1133/1081 796/1134/1082 803/1130/1078
f 805/1135/1083 799/1125/1073 804/1133/1081
f 794/391/360 808/1136/1084 807/1137/1085
f 806/1138/1086 809/1139/1087 808/1136/1084
f 807/1137/1085 805/1140/1088 802/1141/1089
f 808/1136/1084 800/1142/1090 805/1140/1088
f 830/1143/473 835/1144/1091 834/1145/1092
f 833/1146/1093 836/1147/1094 835/1144/1091
f 834/1145/1092 847/1148/1095 844/1149/1096
f 835/1144/1091 837/1150/1097 847/1148/1095
f 831/1151/1098 841/1152/1099 840/1153/1100
f 838/1154/1101 842/1155/1102 841/1152/1099
f 840/1153/1100 841/1152/1099 836/1156/1103
f 841/1152/1099 837/1157/1104 836/1156/1103
f 843/1158/1105 845/1159/1106 832/1160/1107
f 844/1149/1096 846/1161/1108 843/1158/1105
f 846/1161/1108 839/1162/1109 845/1159/1106
f 847/1148/1095 842/1163/1110 846/1161/1108
f 898/1164/436 903/1165/1111 902/1166/1112
f 901/1167/1113 904/1168/1114 903/1165/1111
f 902/1166/1112 914/1169/1115 911/1170/1116
f 903/1165/1111 905/1171/1117 914/1169/1115
f 899/448/411 908/1172/1118 901/1173/1119
f 906/1174/1120 909/1175/1121 908/1172/1118
f 901/1173/1119 908/1172/1118 904/1168/1122
f 908/1172/1118 905/1171/1123 904/1168/1124
f 910/1176/1125 912/1177/1126 900/516/470
f 911/1170/1116 913/1178/1127 910/1176/1125
f 913/1178/1127 907/1179/1128 912/1177/1126
f 914/1169/1129 909/1175/1121 913/1178/1127
f 935/521/475 941/1180/1130 940/1181/1131
f 938/1182/1132 942/1183/1133 941/1180/1130
f 940/1181/1131 941/1180/1130 951/1184/1134
f 941/1180/1130 943/1185/1135 951/1184/1134
f 944/1186/1136 946/1187/1137 936/1188/1138
f 945/1189/1139 947/1190/1140 944/1186/1136
f 947/1190/1140 939/1191/1141 946/1187/1137
f 948/1192/1142 942/1183/1143 947/1190/1140
f 937/460/420 950/1193/1144 949/1194/1145
f 940/1195/1146 951/1184/1147 950/1193/1144
f 949/1194/1145 948/1192/1142 945/1189/1139
f 950/1193/1144 943/1185/1148 948/1192/1142
s 5
f 1002/1196/1149 1008/1197/1150 1007/1198/1151
f 1005/1199/1152 1009/1200/1153 1008/1197/1150
f 1007/1198/1151 1019/1201/1154 1016/1202/1155
f 1008/1197/1150 1010/1203/1156 1019/1201/1154
f 1011/1204/1157 1013/1205/1158 1003/1206/1159
f 1012/1207/1160 1014/1208/1161 1011/1204/1157
f 1014/1208/1161 1006/1209/1162 1013/1205/1158
f 1015/1210/1163 1009/1200/1153 1014/1208/1161
f 1004/1211/527 1018/1212/1164 1017/1213/1165
f 1016/1202/1166 1019/1201/1167 1018/1212/1164
f 1017/1213/1165 1015/1210/1168 1012/1207/1169
f 1018/1212/1164 1010/1203/1170 1015/1210/1168
f 1040/707/635 1045/1214/1171 1044/1215/1172
f 1043/1216/1173 1046/1217/1174 1045/1214/1171
f 1044/1215/1172 1057/1218/1175 1054/1219/1176
f 1045/1214/1171 1047/1220/1177 1057/1218/1175
f 1041/1221/1178 1051/1222/1179 1050/1223/1180
f 1048/1224/1181 1052/1225/1182 1051/1222/1179
f 1050/1223/1180 1051/1222/1179 1046/1217/1183
f 1051/1222/1179 1047/1220/1184 1046/1217/1183
f 1053/1226/1185 1055/1227/1186 1042/1228/1187
f 1054/1219/1176 1056/1229/1188 1053/1226/1185
f 1056/1229/1188 1049/1230/1189 1055/1227/1186
f 1057/1218/1175 1052/1225/1190 1056/1229/1188
f 1108/670/602 1112/1231/1191 1111/1232/1192
f 1117/1233/1193 1113/1234/1194 1112/1231/1191
f 1111/1232/1192 1124/1235/1195 1121/1236/1196
f 1112/1231/1191 1114/1237/1197 1124/1235/1195
f 1109/637/577 1118/1238/1198 1117/1239/1199
f 1115/1240/1200 1119/1241/1201 1118/1238/1198
f 1117/1239/1199 1118/1238/1198 1113/1234/1202
f 1118/1238/1198 1114/1237/1203 1113/1234/1202
f 1120/1242/1204 1122/1243/1205 1110/704/632
f 1121/1236/1196 1123/1244/1206 1120/1242/1204
f 1123/1244/1206 1116/1245/1207 1122/1243/1205
f 1124/1235/1208 1119/1241/1201 1123/1244/1206
f 1145/709/637 1150/1246/1209 1158/1247/1210
f 1148/1248/1211 1151/1249/1212 1150/1246/1209
f 1158/1247/1210 1150/1246/1209 1161/1250/1213
f 1150/1246/1209 1152/1251/1214 1161/1250/1215
f 1153/1252/1216 1155/1253/1217 1146/1254/1218
f 1154/1255/1219 1156/1256/1220 1153/1252/1216
f 1156/1257/1220 1149/1258/1221 1155/1259/1217
f 1157/1260/1222 1151/1261/1223 1156/1256/1220
f 1147/649/586 1160/1262/1224 1159/1263/1225
f 1158/1264/1226 1161/1265/1227 1160/1262/1224
f 1159/1263/1225 1157/1260/1222 1154/1255/1219
f 1160/1262/1224 1152/1266/1228 1157/1260/1222
s 1
f 222/25/22 1164/1267/1229 225/1268/1230
f 225/1268/1230 1165/1269/1231 224/1270/1232
f 224/1270/1233 1166/1271/1234 223/1272/1235
f 1166/1273/1234 221/182/158 223/1274/1235
f 1162/24/21 208/1275/1236 1164/1267/1229
f 1164/1267/1229 209/1276/1237 1165/1269/1231
f 1165/1269/1238 210/1277/1239 1166/1271/1234
f 210/1278/1239 1163/141/121 1166/1273/1234
f 1167/61/55 230/1279/1240 227/8/7
f 1169/1280/1241 229/1281/1242 230/1279/1240
f 1170/1282/1243 228/1283/1244 229/1281/1245
f 228/1284/1244 1168/119/104 226/21/18
f 211/193/167 1169/1280/1241 1167/61/55
f 213/1285/1246 1170/1282/1247 1169/1280/1241
f 214/1286/1248 1171/1287/1249 1170/1282/1243
f 1171/1288/1249 212/18/15 1168/119/104
f 1172/131/113 205/1289/1250 202/3/3
f 1174/1290/1251 204/1291/1252 205/1289/1250
f 1175/1292/1253 203/1293/1254 204/1291/1255
f 203/1294/1254 1173/4/4 201/16/13
f 222/25/22 1174/1290/1251 1172/131/113
f 225/1268/1230 1175/1292/1256 1174/1290/1251
f 224/1270/1233 1176/1295/1257 1175/1292/1253
f 1176/1296/1257 221/182/158 1173/4/4
f 217/160/137 1179/1297/1258 220/1298/1259
f 220/1298/1259 1180/1299/1260 219/1300/1261
f 219/1300/1262 1181/1301/1263 218/1302/1264
f 1181/1303/1263 216/10/8 218/1304/1264
f 1177/26/23 230/1279/1240 1179/1297/1258
f 1179/1297/1258 229/1281/1242 1180/1299/1260
f 1180/1299/1265 228/1283/1244 1181/1301/1263
f 228/1284/1244 1178/23/20 1181/1303/1263
f 232/161/138 1184/1305/1266 235/1306/1267
f 235/1306/1267 1185/1307/1268 234/1308/1269
f 234/1309/1270 1186/1310/1271 233/1311/1272
f 1186/1310/1271 231/29/25 233/1311/1272
f 1182/155/133 220/1298/1259 1184/1305/1266
f 1184/1305/1266 219/1300/1261 1185/1307/1268
f 1185/1307/1273 218/1302/1264 1186/1312/1271
f 218/1304/1264 1183/12/10 1186/1310/1271
f 206/15/12 1189/1313/1274 208/1275/1236
f 208/1275/1236 1190/1314/1275 209/1276/1237
f 209/1276/1276 1191/1315/1277 210/1277/1239
f 1191/1316/1277 207/35/31 210/1278/1239
f 1187/14/11 238/1317/1278 1189/1313/1274
f 1189/1313/1274 239/1318/1279 1190/1314/1275
f 1190/1314/1280 240/1319/1281 1191/1315/1277
f 240/1320/1281 1188/33/29 1191/1316/1277
f 236/44/39 1194/1321/1282 238/1317/1278
f 238/1317/1278 1195/1322/1283 239/1318/1279
f 239/1318/1284 1196/1323/1285 240/1319/1281
f 1196/1324/1285 237/32/28 240/1320/1281
f 1192/53/47 248/1325/1286 1194/1321/1282
f 1194/1321/1282 249/1326/1287 1195/1322/1283
f 1195/1322/1288 250/1327/1289 1196/1323/1285
f 250/1328/1289 1193/30/26 1196/1324/1285
f 242/194/168 1199/1329/1290 245/1330/1291
f 245/1330/1291 1200/1331/1292 244/1332/1293
f 244/1333/1294 1201/1334/1295 243/1335/1296
f 1201/1334/1295 241/39/35 243/1335/1296
f 1197/186/161 235/1306/1267 1199/1329/1290
f 1199/1329/1290 234/1308/1269 1200/1331/1292
f 1200/1336/1297 233/1311/1272 1201/1334/1295
f 233/1311/1272 1198/37/33 1201/1334/1295
f 1202/172/148 273/1337/1298 270/170/146
f 1204/1338/1299 272/1339/1300 273/1337/1298
f 1205/1340/1301 271/1341/1302 272/1339/1300
f 1206/1342/1303 269/1343/44 271/1341/1302
f 252/732/660 1204/1338/1299 1202/172/148
f 262/731/659 1205/1340/1301 1204/1338/1299
f 255/735/663 1206/1342/1303 1205/1340/1301
f 254/725/653 1203/135/115 1206/1342/1303
f 246/52/46 1209/1344/1304 248/1325/1286
f 248/1325/1286 1210/1345/1305 249/1326/1287
f 249/1326/1306 1211/1346/1307 250/1327/1289
f 250/1328/1289 1208/40/36 247/42/38
f 1207/154/132 273/1337/1298 1209/1344/1304
f 1209/1344/1304 272/1339/1300 1210/1345/1305
f 1210/1345/1308 271/1341/1302 1211/1346/1307
f 271/1347/1302 1208/40/36 1211/1348/1307
f 252/732/660 1214/1349/1309 260/730/658
f 260/730/658 1215/1350/1310 261/733/661
f 261/1351/670 1216/1352/1311 266/738/666
f 266/738/666 1213/46/41 253/48/43
f 1212/171/147 245/1330/1291 1214/1349/1309
f 1214/1349/1309 244/1332/1293 1215/1350/1310
f 1215/1353/1312 243/1335/1296 1216/1352/1311
f 1216/1352/1311 241/39/35 1213/46/41
f 1217/69/62 213/1285/1246 211/193/167
f 1219/1354/1313 214/1286/1314 213/1285/1246
f 1220/1355/1315 215/1356/1316 214/1286/1248
f 215/1357/1316 1218/164/140 212/18/15
f 279/130/112 1219/1354/1313 1217/69/62
f 281/1358/1317 1220/1355/1318 1219/1354/1313
f 282/1359/1319 1221/1360/1320 1220/1355/1315
f 1221/1361/1320 280/58/52 1218/164/140
f 1222/1/1 278/1362/1321 275/179/155
f 1224/1363/1322 277/1364/1323 278/1362/1321
f 1225/1365/1324 276/1366/1325 277/1364/1326
f 276/1367/1325 1223/54/48 274/56/50
f 202/3/3 1224/1363/1322 1222/1/1
f 205/1289/1250 1225/1365/1327 1224/1363/1322
f 204/1291/1255 1226/1368/1328 1225/1365/1324
f 1226/1369/1328 201/16/13 1223/54/48
f 291/757/688 1229/1370/1329 302/755/686
f 302/755/686 1230/1371/1330 303/746/677
f 303/746/677 1231/1372/1331 293/742/673
f 293/742/673 1228/120/105 289/178/154
f 1227/145/124 286/1373/1332 1229/1370/1329
f 1229/1370/1329 287/1374/1333 1230/1371/1330
f 1230/1371/1330 288/1375/1334 1231/1372/1331
f 1231/1372/1331 285/1376/58 1228/120/105
f 1232/146/125 281/1358/1317 279/130/112
f 1234/1377/1335 282/1359/1336 281/1358/1317
f 1235/1378/1337 283/1379/1338 282/1359/1319
f 1236/1380/1339 280/58/52 283/1381/1338
f 291/757/688 1234/1377/1335 1232/146/125
f 304/756/687 1235/1378/1340 1234/1377/1335
f 298/759/1341 1236/1382/1339 1235/1378/1337
f 297/1383/682 1233/66/60 1236/1380/1339
f 1237/148/127 286/1373/1332 284/147/126
f 1239/1384/1342 287/1374/1333 286/1373/1332
f 1240/1385/1343 288/1375/1334 287/1374/1333
f 288/1386/1334 1238/62/56 285/64/58
f 275/179/155 1239/1384/1342 1237/148/127
f 278/1362/1321 1240/1385/1344 1239/1384/1342
f 277/1364/1326 1241/1387/1345 1240/1385/1343
f 276/1367/1325 1238/62/56 1241/1388/1345
f 1242/144/123 331/1389/1346 328/71/63
f 1244/1390/1347 330/1391/1348 331/1389/1346
f 1245/1392/1349 329/1393/1350 330/1391/1348
f 1246/1394/1351 327/192/166 329/1393/1350
f 312/91/81 1244/1390/1347 1242/144/123
f 314/1395/1352 1245/1392/1349 1244/1390/1347
f 315/1396/1353 1246/1394/1351 1245/1392/1349
f 316/1397/1354 1243/191/165 1246/1394/1351
f 333/85/75 1249/1398/1355 336/1399/1356
f 336/1399/1356 1250/1400/1357 335/1401/1358
f 335/1401/1358 1251/1402/1359 334/1403/1360
f 334/1403/1360 1248/125/108 332/128/111
f 1247/84/74 319/1404/1361 1249/1398/1355
f 1249/1398/1355 320/1405/1362 1250/1400/1357
f 1250/1400/1357 321/1406/1363 1251/1402/1359
f 1251/1402/1359 318/126/109 1248/125/108
f 308/81/71 1254/1407/1364 311/1408/1365
f 311/1408/1365 1255/1409/1366 310/1410/1367
f 310/1410/1367 1256/1411/1368 309/1412/1369
f 309/1412/1369 1253/142/122 307/106/94
f 1252/72/64 331/1389/1346 1254/1407/1364
f 1254/1407/1364 330/1391/1348 1255/1409/1366
f 1255/1409/1366 329/1393/1350 1256/1411/1368
f 1256/1411/1368 327/192/166 1253/142/122
f 1257/86/76 326/1413/1370 323/127/110
f 1259/1414/1371 325/1415/1372 326/1413/1370
f 1260/1416/1373 324/1417/1374 325/1415/1372
f 1261/1418/1375 322/183/159 324/1417/1374
f 333/85/75 1259/1414/1371 1257/86/76
f 336/1399/1356 1260/1416/1373 1259/1414/1371
f 335/1401/1358 1261/1418/1375 1260/1416/1373
f 334/1403/1360 1258/163/139 1261/1418/1375
f 1262/77/68 341/1419/1376 338/157/134
f 1264/1420/1377 340/1421/1378 341/1419/1376
f 1265/1422/1379 339/1423/1380 340/1421/1378
f 1266/1424/1381 337/78/69 339/1423/1380
f 323/127/110 1264/1420/1377 1262/77/68
f 326/1413/1370 1265/1422/1379 1264/1420/1377
f 325/1415/1372 1266/1424/1381 1265/1422/1379
f 324/1417/1374 1263/94/84 1266/1424/1381
f 1267/92/82 314/1395/1352 312/91/81
f 1269/1425/1382 315/1396/1353 314/1395/1352
f 1270/1426/1383 316/1397/1354 315/1396/1353
f 1271/1427/1384 313/190/164 316/1397/1354
f 342/97/86 1269/1425/1382 1267/92/82
f 344/1428/1385 1270/1426/1383 1269/1425/1382
f 345/1429/1386 1271/1427/1384 1270/1426/1383
f 346/1430/1387 1268/74/66 1271/1427/1384
f 1272/98/87 344/1428/1385 342/97/86
f 1274/1431/1388 345/1429/1386 344/1428/1385
f 1275/1432/1389 346/1430/1387 345/1429/1386
f 1276/1433/1390 343/140/120 346/1430/1387
f 352/102/90 1274/1431/1388 1272/98/87
f 354/1434/1391 1275/1432/1389 1274/1431/1388
f 355/1435/1392 1276/1433/1390 1275/1432/1389
f 356/1436/1393 1273/184/160 1276/1433/1390
f 1277/93/83 351/1437/1394 348/187/162
f 1279/1438/1395 350/1439/1396 351/1437/1394
f 1280/1440/1397 349/1441/1398 350/1439/1396
f 1281/1442/1399 347/101/89 349/1441/1398
f 338/157/134 1279/1438/1395 1277/93/83
f 341/1419/1376 1280/1440/1397 1279/1438/1395
f 340/1421/1378 1281/1442/1399 1280/1440/1397
f 339/1423/1380 1278/80/70 1281/1442/1399
f 375/189/163 1284/1443/1400 378/1444/1401
f 378/1444/1401 1285/1445/1402 377/1446/1403
f 377/1446/1403 1286/1447/1404 376/1448/1405
f 376/1448/1405 1283/174/150 374/176/152
f 1282/139/119 360/761/693 1284/1449/1400
f 1284/1443/1400 370/767/697 1285/1445/1402
f 1285/1445/1402 369/773/705 1286/1447/1404
f 1286/1447/1404 359/175/151 1283/174/150
f 1287/104/92 354/1434/1391 352/102/90
f 1289/1450/1406 355/1435/1392 354/1434/1391
f 1290/1451/1407 356/1436/1393 355/1435/1392
f 1291/1452/1408 353/181/157 356/1436/1393
f 375/189/163 1289/1450/1406 1287/104/92
f 378/1444/1401 1290/1451/1407 1289/1450/1406
f 377/1446/1403 1291/1452/1408 1290/1451/1407
f 376/1448/1405 1288/158/135 1291/1452/1408
f 1292/99/88 364/771/701 358/105/93
f 1294/1453/1409 365/776/708 364/771/701
f 1295/1454/1410 371/774/706 365/776/708
f 1296/1455/1411 359/175/151 371/774/706
f 348/187/162 1294/1453/1409 1292/99/88
f 351/1437/1394 1295/1454/1410 1294/1453/1409
f 350/1439/1396 1296/1455/1411 1295/1454/1410
f 349/1441/1398 1293/173/149 1296/1455/1411
f 317/88/78 1299/1456/1412 319/1404/1361
f 319/1404/1361 1300/1457/1413 320/1405/1362
f 320/1405/1362 1301/1458/1414 321/1406/1363
f 321/1406/1363 1298/168/144 318/126/109
f 1297/109/95 386/1459/1415 1299/1456/1412
f 1299/1456/1412 387/1460/1416 1300/1457/1413
f 1300/1457/1413 388/1461/1417 1301/1458/1414
f 1301/1458/1414 385/132/114 1298/168/144
f 380/111/97 1304/1462/1418 383/1463/1419
f 383/1463/1419 1305/1464/1420 382/1465/1421
f 382/1465/1421 1306/1466/1422 381/1467/1423
f 381/1467/1423 1303/115/100 379/114/99
f 1302/82/72 311/1408/1365 1304/1462/1418
f 1304/1462/1418 310/1410/1367 1305/1464/1420
f 1305/1464/1420 309/1412/1369 1306/1466/1422
f 1306/1466/1422 307/106/94 1303/115/100
f 1307/124/107 397/1468/712 394/180/156
f 1309/1469/1424 398/790/722 397/779/712
f 1310/1470/1425 404/786/718 398/790/722
f 1311/1471/1426 395/787/719 404/786/718
f 389/118/103 1309/1469/1424 1307/1472/107
f 391/1473/1427 1310/1470/1425 1309/1469/1424
f 392/1474/1428 1311/1471/1426 1310/1470/1425
f 393/1475/1429 1308/152/131 1311/1471/1426
f 384/110/96 1314/1476/1430 386/1459/1415
f 386/1459/1415 1315/1477/1431 387/1460/1416
f 387/1460/1416 1316/1478/1432 388/1461/1417
f 388/1461/1417 1313/151/130 385/132/114
f 1312/116/101 408/793/726 1314/1476/1430
f 1314/1476/1430 403/788/720 1315/1477/1431
f 1315/1477/1431 402/785/717 1316/1478/1432
f 1316/1478/1432 395/787/719 1313/151/130
f 389/118/103 1319/1479/1433 391/1473/1427
f 391/1473/1427 1320/1480/1434 392/1474/1428
f 392/1474/1428 1321/1481/1435 393/1475/1429
f 393/1475/1429 1318/150/129 390/149/128
f 1317/112/98 383/1463/1419 1319/1479/1433
f 1319/1479/1433 382/1465/1421 1320/1480/1434
f 1320/1480/1434 381/1467/1423 1321/1481/1435
f 1321/1481/1435 379/114/99 1318/150/129
f 396/117/102 1324/1482/1436 407/1483/727
f 407/778/1437 1323/177/153 394/180/1438
f 1322/67/61 299/750/1439 1324/1482/1436
s 26
f 1324/1484/1440 299/1485/1441 292/743/1440
s 1
f 1324/1486/1442 289/178/154 1323/177/153
f 253/48/43 1327/1487/1443 265/1488/1444
s 27
f 265/728/1445 1327/1489/1445 256/724/1446
s 1
f 1327/1489/1447 251/722/650 256/724/1448
f 1325/47/42 366/770/700 1327/1487/1443
f 366/1490/1449 1326/136/116 1327/1489/1447
s 2
f 532/260/234 1330/1491/1450 543/929/866
f 543/929/866 1331/1492/1451 544/920/856
f 1331/1492/1451 534/917/853 544/920/856
f 1332/1493/1452 200/243/217 534/917/853
f 1328/259/233 552/934/872 1330/1491/1450
f 1330/1491/1450 562/937/875 1331/1492/1451
f 562/937/875 1332/1493/1452 1331/1492/1451
f 561/945/883 1329/261/235 1332/1493/1452
f 1333/253/227 556/940/878 548/254/228
f 1335/1494/1453 557/942/880 556/940/878
f 557/942/880 1337/1495/1454 563/946/884
f 563/946/884 1334/240/214 549/301/275
f 566/231/205 1335/1494/1453 1333/253/227
f 571/950/888 1336/1496/1455 1335/1494/1453
f 1336/1496/1455 580/962/901 1337/1495/1454
f 1337/1495/1454 568/269/243 1334/240/214
s 3
f 1338/1497/262 575/959/896 567/956/274
f 1340/1498/1456 576/965/1457 575/959/896
s 2
f 576/965/904 1341/1499/1458 582/963/902
f 1341/1499/1458 568/269/243 582/963/902
s 3
f 1338/1497/262 540/925/860 1340/1498/1456
f 1340/1498/1456 1820/918/864 1341/1500/1459
s 2
f 1341/1500/1458 1820/918/854 533/919/855
f 1341/1499/1458 200/243/1460 1339/242/216
f 515/299/273 1344/1501/1461 527/912/847
f 527/912/847 1345/1502/1462 528/903/837
f 1345/1502/1462 518/900/834 528/903/837
f 1346/1503/1463 513/280/254 518/900/834
f 1342/296/270 558/941/879 1344/1501/1461
f 1344/1501/1461 551/935/873 1345/1502/1462
f 551/935/873 1346/1503/1463 1345/1502/1462
f 550/933/871 1343/274/248 1346/1503/1463
s 3
f 1347/1504/263 538/926/861 531/923/264
f 1349/1505/1464 539/932/1465 538/926/861
s 2
f 539/932/869 1350/1506/1466 545/930/867
f 1350/1506/1466 532/260/234 545/930/867
s 3
f 1347/1504/263 524/908/841 1349/1505/1464
f 1349/1505/1464 517/901/845 1350/1507/1467
s 2
f 1350/1507/1466 517/901/835 516/899/833
f 1350/1506/1466 513/280/254 1348/228/202
s 3
f 1351/1508/225 522/909/842 514/906/223
f 1353/1509/1468 523/915/1469 522/909/842
s 2
f 523/915/850 1354/1510/1470 529/913/848
f 1354/1510/1470 515/299/273 529/913/848
s 3
f 1351/1508/225 577/958/895 1353/1509/1468
f 1353/1509/1468 570/951/899 1354/1511/1471
s 2
f 1354/1511/1470 570/951/889 569/949/887
f 1354/1510/1470 566/231/205 1352/230/204
f 435/209/183 1357/1512/1472 438/818/1473
f 438/818/1473 1358/1513/1474 1817/1514/1475
f 1817/1514/1475 1359/1515/1476 441/1516/1477
f 441/1516/1477 1356/246/220 436/314/288
f 411/167/143 1357/1512/1472 1355/165/141
f 416/796/731 1358/1513/1474 1357/1512/1472
f 424/799/734 1359/1515/1476 1358/1513/1474
f 423/808/742 1356/246/220 1359/1515/1476
f 1360/258/232 453/1517/1478 447/216/190
f 1362/1518/1479 452/833/1480 453/1517/1478
f 1363/1519/1481 449/831/1482 452/833/1480
f 1364/1520/1483 445/316/290 449/831/1482
f 1360/258/232 423/809/742 1362/1518/1479
f 1362/1518/1479 420/805/740 1363/1519/1481
f 1363/1519/1481 419/802/737 1364/1520/1483
f 1364/1520/1483 412/804/739 1361/236/210
f 1365/315/289 441/1521/1477 436/314/288
f 1367/1522/1484 442/828/1485 441/1521/1477
f 1368/1523/1486 444/825/762 442/828/1485
f 1369/1524/1487 437/235/209 444/825/762
f 1365/315/289 453/1525/1478 1367/1522/1484
f 1367/1522/1484 452/1526/1488 1368/1523/1486
f 1368/1523/1486 451/836/1489 1369/1524/1487
f 1369/1524/1487 446/247/221 1366/233/207
f 465/851/789 1372/1527/1490 468/849/787
f 468/849/787 1373/1528/1491 469/852/790
f 469/852/790 1374/1529/1492 473/860/797
f 473/860/797 1371/278/252 466/320/294
f 426/219/193 1372/1527/1490 1370/298/272
f 430/811/1493 1373/1528/1491 1372/1527/1490
f 1816/813/1494 1374/1529/1492 1373/1528/1491
f 434/1530/1495 1371/278/252 1374/1529/1492
f 480/272/246 1377/1531/1496 483/864/1497
f 483/864/1497 1378/1532/1498 1815/1533/1499
f 1815/1533/1499 1379/1534/1500 485/1535/1501
f 485/1535/1501 1376/336/310 481/206/180
f 467/264/238 1377/1531/1496 1375/262/236
f 478/862/799 1378/1532/1498 1377/1531/1496
f 474/857/795 1379/1534/1500 1378/1532/1498
f 473/859/797 1376/336/310 1379/1534/1500
f 1380/208/182 485/1536/1501 481/206/180
f 1382/1537/1502 1815/871/1503 485/1536/1501
f 1383/1538/1504 488/869/1505 1815/871/1503
f 1384/1539/1506 482/270/244 488/869/1505
f 1380/208/182 434/1540/1495 1382/1537/1502
f 1382/1537/1502 433/816/1507 1383/1538/1504
f 1383/1538/1504 432/817/1508 1384/1539/1506
f 1384/1539/1506 427/265/239 1381/267/241
f 1385/256/230 463/1541/1509 457/195/169
f 1387/1542/1510 1818/843/1511 463/1541/1509
f 1388/1543/1512 459/839/776 1818/843/1511
f 1389/1544/1513 455/341/315 459/839/776
f 1385/256/230 496/882/817 1387/1542/1510
f 1387/1542/1510 493/875/810 1388/1543/1512
f 1388/1543/1512 492/872/807 1389/1544/1513
f 1389/1544/1513 489/874/809 1386/293/267
f 1390/326/300 496/879/817 490/279/253
f 1392/1545/1514 498/886/1515 496/879/817
f 1393/1546/1516 501/884/819 498/886/821
f 1394/1547/1517 491/284/258 501/884/819
f 1390/326/300 509/1548/1518 1392/1545/1514
f 1392/1545/1514 1819/1549/1519 1393/1546/1520
f 1393/1546/1516 506/887/822 1394/1547/1517
f 1394/1547/1517 503/198/172 1391/200/174
f 1395/340/314 509/1550/1518 504/327/301
f 1397/1551/1521 510/897/1522 509/1550/1518
f 1398/1552/1523 512/894/828 510/897/1522
f 1399/1553/1524 505/291/265 512/894/828
f 1395/340/314 463/1554/1509 1397/1551/1521
f 1397/1551/1521 464/1555/1525 1398/1552/1523
f 1398/1552/1523 462/847/782 1399/1553/1524
f 1399/1553/1524 456/844/781 1396/285/259
f 586/981/307 1402/1556/1526 597/979/921
f 597/979/921 1403/1557/1527 598/972/913
f 598/972/913 1404/1558/1528 589/968/908
f 589/968/908 1401/282/256 584/966/906
f 1400/1559/306 611/992/934 1402/1556/1526
f 1402/1556/1526 605/986/928 1403/1557/1527
f 1403/1557/1527 604/984/926 1404/1558/1528
f 1404/1558/1528 601/319/293 1401/282/256
f 1405/306/280 622/1003/943 619/318/292
f 1407/1560/1529 623/1013/955 622/1003/943
f 1408/1561/1530 629/1009/951 623/1013/955
f 1409/1562/1531 620/1010/198 629/1009/951
f 603/305/279 1407/1560/1529 1405/306/280
f 616/999/939 1408/1561/1530 1407/1560/1529
f 610/994/935 1409/1562/1531 1408/1561/1530
f 609/991/933 1406/1563/196 1409/1562/1531
f 1410/309/283 592/976/917 585/307/281
f 1412/1564/1532 593/983/925 592/976/917
f 1413/1565/1533 599/980/922 593/983/925
f 1414/1566/1534 586/981/307 599/980/922
f 1410/309/283 634/1016/958 1412/1564/1532
f 1412/1564/1532 628/1011/952 1413/1565/1533
f 1413/1565/1533 627/1008/950 1414/1566/1534
f 1414/1566/1534 620/1010/198 1411/1567/197
f 1415/1568/297 649/1032/975 638/1034/295
f 1417/1569/1535 650/1024/967 649/1032/975
f 1418/1570/1536 641/1020/963 650/1024/967
f 1419/1571/1537 636/1021/964 641/1020/963
f 655/1046/299 1417/1569/1535 1415/1568/297
f 664/1045/988 1418/1570/1536 1417/1569/1535
f 658/1049/992 1419/1571/1537 1418/1570/1536
f 657/1039/980 1416/226/200 1419/1571/1537
f 673/1067/312 1422/1572/1538 684/1065/1010
f 684/1065/1010 1423/1573/1539 685/1059/1003
f 685/1059/1003 1424/1574/1540 675/1055/999
f 675/1055/999 1421/213/187 671/212/186
f 1420/1575/311 651/1033/976 1422/1572/1538
f 1422/1572/1538 645/1029/972 1423/1573/1539
f 1423/1573/1539 644/1027/970 1424/1574/1540
f 1424/1574/1540 637/312/286 1421/213/187
f 1425/311/285 679/1063/1007 672/313/287
f 1427/1576/1541 680/1069/1013 679/1063/1007
f 1428/1577/1542 686/1066/1011 680/1069/1013
f 1429/1578/1543 673/1067/312 686/1066/1011
f 1425/311/285 669/1051/994 1427/1576/1541
f 1427/1576/1541 663/1047/989 1428/1577/1542
f 1428/1577/1542 662/1044/987 1429/1578/1543
f 1429/1578/1543 655/1046/299 1426/1579/298
f 1430/331/305 692/1072/1016 689/343/317
f 1432/1580/1544 693/1082/1026 692/1072/1016
f 1433/1581/1545 700/1078/1023 693/1082/1026
f 1434/1582/1546 690/1079/189 700/1078/1023
f 707/330/304 1432/1580/1544 1430/331/305
f 712/1088/1034 1433/1581/1545 1432/1580/1544
f 721/1091/1037 1434/1582/1546 1433/1581/1545
f 720/1099/1045 1431/1583/179 1434/1582/1546
f 708/302/276 1437/1584/1547 715/1094/1040
f 715/1094/1040 1438/1585/1548 716/1096/1042
f 716/1096/1042 1439/1586/1549 722/1100/1046
f 722/1100/1046 1436/1587/302 709/1101/177
f 1435/202/176 730/1105/1049 1437/1584/1547
f 1437/1584/1547 739/1109/1054 1438/1585/1548
f 1438/1585/1548 738/1116/1064 1439/1586/1549
f 1439/1586/1549 727/1118/303 1436/1587/302
f 1440/304/278 733/1113/1058 726/303/277
f 1442/1588/1550 734/1120/1068 733/1113/1058
f 1443/1589/1551 740/1117/1065 734/1120/1068
f 1444/1590/1552 727/1118/303 740/1117/1065
f 1440/304/278 704/1086/1030 1442/1588/1550
f 1442/1588/1550 699/1080/1024 1443/1589/1551
f 1443/1589/1551 698/1077/1022 1444/1590/1552
f 1444/1590/1552 690/1079/189 1441/1591/188
f 411/167/143 1447/1592/1553 414/795/730
f 1447/1592/1553 415/797/1554 414/795/730
f 1448/1593/1555 421/803/738 415/797/1554
f 1449/1594/1556 412/804/739 421/803/738
f 1445/166/142 606/985/927 1447/1592/1553
f 1447/1592/1553 615/988/930 1448/1593/1555
f 615/988/930 1449/1594/1556 1448/1593/1555
f 614/998/938 1446/237/211 1449/1594/1556
f 621/1014/956 1452/1595/1557 632/1017/1558
f 632/1017/1558 1452/1596/1557 633/1005/1559
s 28
f 633/1005/1560 1453/1597/1561 624/1002/1562
s 2
f 1453/1597/1563 619/318/292 624/1002/942
f 446/247/221 1452/1595/1557 1450/308/282
s 28
f 1452/1596/1564 448/830/1565 1453/1597/1561
s 2
f 1453/1597/1563 445/316/290 1451/317/291
f 426/219/193 1456/1598/1566 429/810/1567
s 29
f 429/810/1568 1456/1598/1569 1457/1599/1570
s 2
f 1457/1600/1571 427/265/239 429/815/1572
f 654/339/313 1456/1598/1566 1454/221/195
s 29
f 1456/1598/1569 668/1041/1573 1457/1599/1570
s 2
f 1457/1599/1571 668/1041/1574 667/1052/1575
f 1457/1600/1571 656/310/284 1455/1601/1576
f 1458/1602/1577 674/1056/1578 671/212/186
f 674/1056/1000 1460/1603/1579 681/1604/1580
f 681/1062/1006 1459/271/245 672/313/287
f 480/272/246 1460/1605/1581 1458/1602/1577
f 1460/1606/1582 482/270/244 1459/271/245
f 1461/283/257 499/883/818 491/284/258
f 499/883/818 1464/1607/1583 500/878/1584
f 1464/1607/1583 494/873/808 500/878/1584
f 494/873/808 1462/294/268 489/874/809
f 708/302/276 1463/1608/1585 1461/283/257
f 1463/1608/1585 711/1089/1035 1464/1607/1583
f 711/1089/1035 1465/1609/1586 1464/1607/1583
f 1465/1609/1586 707/330/304 1462/294/268
f 1466/286/260 703/1610/1031 691/1084/1028
f 703/1075/1020 1469/1611/1587 694/1071/1018
f 1469/1611/1588 689/343/317 694/1071/1015
f 456/844/781 1468/1612/1589 1466/286/260
f 1468/1613/1590 458/838/1591 1469/1611/1587
f 458/838/1592 1467/342/316 1469/1611/1588
f 584/966/906 1472/1614/1593 587/970/1594
s 30
f 1472/1614/1595 588/969/1596 587/970/1597
s 2
f 588/969/1598 1473/1615/1599 594/975/916
f 1473/1615/1599 585/307/281 594/975/916
f 1470/281/255 439/819/1600 1472/1614/1593
s 30
f 1472/1614/1595 443/823/1601 1473/1616/1602
s 2
f 1473/1615/1599 437/235/209 1471/234/208
f 467/264/238 1476/1617/1603 476/861/798
f 1476/1617/1603 477/854/1604 476/861/798
f 1477/1618/1605 470/850/788 477/854/1604
f 470/850/788 1475/225/199 465/851/789
f 637/312/286 1476/1617/1603 1474/263/237
f 646/1028/971 1477/1618/1605 1476/1617/1603
f 640/1022/965 1478/1619/1606 1477/1618/1605
f 1478/1619/1606 636/1021/964 1475/225/199
f 505/291/265 1481/1620/1607 511/893/827
s 31
f 511/892/1608 1482/1621/1609 507/888/1608
s 2
f 1482/1621/1610 503/198/172 507/888/1611
f 726/303/277 1481/1620/1607 1479/292/266
f 1481/1620/1607 735/1112/1057 729/1106/1612
s 31
f 729/1106/1613 1482/1621/1609 1481/1622/1614
s 2
f 1482/1621/1610 725/201/175 1480/1623/1615
s 4
f 763/368/339 1485/1624/1616 766/1625/1617
f 766/1625/1617 1486/1626/1618 765/1627/1619
f 765/1628/1620 1487/1629/1621 764/1630/1622
f 1487/1629/1621 762/523/477 764/1630/1622
f 1483/367/338 749/1631/1623 1485/1624/1616
f 1485/1624/1616 750/1632/1624 1486/1626/1618
f 1486/1633/1625 751/1634/1626 1487/1629/1621
f 751/1634/1626 1484/482/439 1487/1629/1621
f 1488/404/372 771/1635/1627 768/351/324
f 1490/1636/1628 770/1637/1629 771/1638/1627
f 1491/1639/1630 769/1640/1631 770/1637/1632
f 769/1640/1631 1489/462/422 767/364/335
f 752/534/486 1490/1641/1628 1488/404/372
f 754/1642/1633 1491/1639/1634 1490/1636/1628
f 755/1643/1635 1492/1644/1636 1491/1639/1630
f 1492/1644/1636 753/361/332 1489/462/422
f 1493/472/431 746/1645/1637 743/346/320
f 1495/1646/1638 745/1647/1639 746/1645/1637
f 1496/1648/1640 744/1649/1641 745/1650/1642
f 744/1649/1641 1494/347/321 742/359/330
f 763/368/339 1495/1646/1638 1493/472/431
f 766/1625/1617 1496/1651/1643 1495/1646/1638
f 765/1628/1620 1497/1652/1644 1496/1648/1640
f 1497/1652/1644 762/523/477 1494/347/321
f 758/501/456 1500/1653/1645 761/1654/1646
f 761/1655/1646 1501/1656/1647 760/1657/1648
f 760/1657/1649 1502/1658/1650 759/1659/1651
f 1502/1658/1650 757/353/325 759/1659/1651
f 1498/369/340 771/1635/1627 1500/1653/1645
f 1500/1660/1645 770/1637/1629 1501/1656/1647
f 1501/1656/1652 769/1640/1631 1502/1658/1650
f 769/1640/1631 1499/366/337 1502/1658/1650
f 773/502/457 1505/1661/1653 776/1662/1654
f 776/1663/1654 1506/1664/1655 775/1665/1656
f 775/1665/1657 1507/1666/1658 774/1667/1659
f 1507/1666/1658 772/372/342 774/1667/1659
f 1503/496/452 761/1654/1646 1505/1661/1653
f 1505/1668/1653 760/1657/1648 1506/1664/1655
f 1506/1664/1660 759/1659/1651 1507/1666/1658
f 759/1659/1651 1504/355/327 1507/1666/1658
f 747/358/329 1510/1669/1661 749/1631/1623
f 749/1631/1623 1511/1670/1662 750/1632/1624
f 750/1632/1663 1512/1671/1664 751/1672/1626
f 1512/1673/1664 748/378/348 751/1634/1626
f 1508/357/328 779/1674/1665 1510/1669/1661
f 1510/1669/1661 780/1675/1666 1511/1670/1662
f 1511/1670/1667 781/1676/1668 1512/1671/1664
f 781/1677/1668 1509/376/346 1512/1673/1664
f 777/387/356 1515/1678/1669 779/1674/1665
f 779/1674/1665 1516/1679/1670 780/1675/1666
f 780/1675/1671 1517/1680/1672 781/1676/1668
f 1517/1681/1672 778/375/345 781/1677/1668
f 1513/396/364 789/1682/1673 1515/1678/1669
f 1515/1678/1669 790/1683/1674 1516/1679/1670
f 1516/1679/1675 791/1684/1676 1517/1680/1672
f 791/1685/1676 1514/373/343 1517/1681/1672
f 783/535/487 1520/1686/1677 786/1687/1678
f 786/1687/1678 1521/1688/1679 785/1689/1680
f 785/1690/1681 1522/1691/1682 784/1692/1683
f 1522/1691/1682 782/382/352 784/1692/1683
f 1518/527/480 776/1662/1654 1520/1686/1677
f 1520/1686/1677 775/1693/1656 1521/1688/1679
f 1521/1694/1684 774/1667/1659 1522/1691/1682
f 774/1667/1659 1519/380/350 1522/1691/1682
f 1523/513/467 814/1695/1685 811/511/465
f 1525/1696/1686 813/1697/1687 814/1695/1685
f 1526/1698/1688 812/1699/1689 813/1697/1687
f 1527/1700/1690 810/1701/361 812/1699/1689
f 793/1131/1079 1525/1696/1686 1523/513/467
f 803/1130/1078 1526/1698/1688 1525/1696/1686
f 796/1134/1082 1527/1700/1690 1526/1698/1688
f 795/1124/1072 1524/476/433 1527/1700/1690
f 787/395/363 1530/1702/1691 789/1682/1673
f 789/1682/1673 1531/1703/1692 790/1683/1674
f 790/1683/1693 1532/1704/1694 791/1684/1676
f 791/1685/1676 1529/383/353 788/385/355
f 1528/495/451 814/1695/1685 1530/1702/1691
f 1530/1702/1695 813/1697/1687 1531/1703/1692
f 1531/1703/1696 812/1699/1689 1532/1704/1694
f 812/1705/1689 1529/383/353 1532/1706/1694
f 793/1131/1079 1535/1707/1697 801/1129/1077
f 801/1129/1077 1536/1708/1698 802/1132/1080
f 802/1141/1089 1537/1709/1699 807/1137/1085
f 807/1137/1085 1534/389/358 794/391/360
f 1533/512/466 786/1687/1678 1535/1707/1697
f 1535/1707/1697 785/1689/1680 1536/1708/1698
f 1536/1710/1700 784/1692/1683 1537/1709/1699
f 1537/1709/1699 782/382/352 1534/389/358
f 1538/412/379 754/1711/1633 752/534/486
f 1540/1712/1701 755/1643/1702 754/1642/1633
f 1541/1713/1703 756/1714/1704 755/1643/1635
f 756/1714/1704 1539/505/459 753/361/332
f 820/471/430 1540/1715/1701 1538/412/379
f 822/1716/1705 1541/1713/1706 1540/1712/1701
f 823/1717/1707 1542/1718/1708 1541/1713/1703
f 1542/1718/1708 821/401/369 1539/505/459
f 1543/344/318 819/1719/1709 816/520/474
f 1545/1720/1710 818/1721/1711 819/1719/1709
f 1546/1722/1712 817/1723/1713 818/1724/1714
f 817/1723/1713 1544/397/365 815/399/367
f 743/346/320 1545/1720/1710 1543/344/318
f 746/1645/1637 1546/1725/1715 1545/1720/1710
f 745/1650/1642 1547/1726/1716 1546/1722/1712
f 1547/1726/1716 742/359/330 1544/397/365
f 832/1160/1107 1550/1727/1717 843/1158/1105
f 843/1158/1105 1551/1728/1718 844/1149/1096
f 844/1149/1096 1552/1729/1719 834/1145/1092
f 834/1145/1092 1549/1730/423 830/1143/473
f 1548/486/442 827/1731/1720 1550/1727/1717
f 1550/1727/1717 828/1732/1721 1551/1728/1718
f 1551/1728/1718 829/1733/1722 1552/1729/1719
f 1552/1734/1719 826/407/375 1549/463/423
f 1553/487/443 822/1735/1705 820/471/430
f 1555/1736/1723 823/1717/1724 822/1716/1705
f 1556/1737/1725 824/1738/1726 823/1717/1707
f 1557/1739/1727 821/401/369 824/1738/1726
f 832/1160/1107 1555/1740/1723 1553/487/443
f 845/1741/1106 1556/1737/1728 1555/1736/1723
f 839/1742/1729 1557/1739/1727 1556/1737/1725
f 838/1154/1101 1554/409/377 1557/1739/1727
f 1558/489/445 827/1731/1720 825/488/444
f 1560/1743/1730 828/1732/1721 827/1731/1720
f 1561/1744/1731 829/1745/1722 828/1746/1721
f 829/1745/1722 1559/405/373 826/407/375
f 816/520/474 1560/1743/1730 1558/489/445
f 819/1719/1709 1561/1747/1732 1560/1743/1730
f 818/1724/1714 1562/1748/1733 1561/1744/1731
f 817/1723/1713 1559/405/373 1562/1748/1733
f 1563/485/441 872/1749/1734 869/414/380
f 1565/1750/1735 871/1751/1736 872/1749/1734
f 1566/1752/1737 870/1753/1738 871/1751/1736
f 1567/1754/1739 868/533/485 870/1753/1738
f 853/434/398 1565/1750/1735 1563/485/441
f 855/1755/1740 1566/1752/1737 1565/1750/1735
f 856/1756/1741 1567/1754/1739 1566/1752/1737
f 857/1757/1742 1564/532/484 1567/1754/1739
f 874/428/392 1570/1758/1743 877/1759/1744
f 877/1759/1744 1571/1760/1745 876/1761/1746
f 876/1761/1746 1572/1762/1747 875/1763/1748
f 875/1763/1748 1569/466/426 873/469/429
f 1568/427/391 860/1764/1749 1570/1758/1743
f 1570/1758/1743 861/1765/1750 1571/1760/1745
f 1571/1760/1745 862/1766/1751 1572/1762/1747
f 1572/1762/1747 859/467/427 1569/466/426
f 849/424/388 1575/1767/1752 852/1768/1753
f 852/1768/1753 1576/1769/1754 851/1770/1755
f 851/1770/1755 1577/1771/1756 850/1772/1757
f 850/1772/1757 1574/483/440 848/449/412
f 1573/415/381 872/1749/1734 1575/1767/1752
f 1575/1767/1752 871/1751/1736 1576/1769/1754
f 1576/1769/1754 870/1753/1738 1577/1771/1756
f 1577/1771/1756 868/533/485 1574/483/440
f 1578/429/393 867/1773/1758 864/468/428
f 1580/1774/1759 866/1775/1760 867/1773/1758
f 1581/1776/1761 865/1777/1762 866/1775/1760
f 1582/1778/1763 863/524/478 865/1777/1762
f 874/428/392 1580/1774/1759 1578/429/393
f 877/1759/1744 1581/1776/1761 1580/1774/1759
f 876/1761/1746 1582/1778/1763 1581/1776/1761
f 875/1763/1748 1579/504/458 1582/1778/1763
f 1583/420/385 882/1779/1764 879/498/453
f 1585/1780/1765 881/1781/1766 882/1779/1764
f 1586/1782/1767 880/1783/1768 881/1781/1766
f 1587/1784/1769 878/421/386 880/1783/1768
f 864/468/428 1585/1780/1765 1583/420/385
f 867/1773/1758 1586/1782/1767 1585/1780/1765
f 866/1775/1760 1587/1784/1769 1586/1782/1767
f 865/1777/1762 1584/437/401 1587/1784/1769
f 1588/435/399 855/1755/1740 853/434/398
f 1590/1785/1770 856/1756/1741 855/1755/1740
f 1591/1786/1771 857/1757/1742 856/1756/1741
f 1592/1787/1772 854/531/483 857/1757/1742
f 883/440/403 1590/1785/1770 1588/435/399
f 885/1788/1773 1591/1786/1771 1590/1785/1770
f 886/1789/1774 1592/1787/1772 1591/1786/1771
f 887/1790/1775 1589/417/383 1592/1787/1772
f 1593/441/404 885/1788/1773 883/440/403
f 1595/1791/1776 886/1789/1774 885/1788/1773
f 1596/1792/1777 887/1790/1775 886/1789/1774
f 1597/1793/1778 884/481/438 887/1790/1775
f 893/445/408 1595/1791/1776 1593/441/404
f 895/1794/1779 1596/1792/1777 1595/1791/1776
f 896/1795/1780 1597/1793/1778 1596/1792/1777
f 897/1796/1781 1594/525/479 1597/1793/1778
f 1598/436/400 892/1797/1782 889/528/481
f 1600/1798/1783 891/1799/1784 892/1797/1782
f 1601/1800/1785 890/1801/1786 891/1799/1784
f 1602/1802/1787 888/444/407 890/1801/1786
f 879/498/453 1600/1798/1783 1598/436/400
f 882/1779/1764 1601/1800/1785 1600/1798/1783
f 881/1781/1766 1602/1802/1787 1601/1800/1785
f 880/1783/1768 1599/423/387 1602/1802/1787
f 916/530/482 1605/1803/1788 919/1804/1789
f 919/1804/1789 1606/1805/1790 918/1806/1791
f 918/1806/1791 1607/1807/1792 917/1808/1793
f 917/1808/1793 1604/515/469 915/517/471
f 1603/480/437 902/1809/1112 1605/1810/1788
f 1605/1803/1788 911/1170/1116 1606/1805/1790
f 1606/1805/1790 910/1176/1125 1607/1807/1792
f 1607/1807/1792 900/516/470 1604/515/469
f 1608/447/410 895/1794/1779 893/445/408
f 1610/1811/1794 896/1795/1780 895/1794/1779
f 1611/1812/1795 897/1796/1781 896/1795/1780
f 1612/1813/1796 894/522/476 897/1796/1781
f 916/530/482 1610/1811/1794 1608/447/410
f 919/1804/1789 1611/1812/1795 1610/1811/1794
f 918/1806/1791 1612/1813/1796 1611/1812/1795
f 917/1808/1793 1609/499/454 1612/1813/1796
f 1613/442/405 906/1174/1120 899/448/411
f 1615/1814/1797 907/1179/1128 906/1174/1120
f 1616/1815/1798 912/1177/1126 907/1179/1128
f 1617/1816/1799 900/516/470 912/1177/1126
f 889/528/481 1615/1814/1797 1613/442/405
f 892/1797/1782 1616/1815/1798 1615/1814/1797
f 891/1799/1784 1617/1816/1799 1616/1815/1798
f 890/1801/1786 1614/514/468 1617/1816/1799
f 858/431/395 1620/1817/1800 860/1764/1749
f 860/1764/1749 1621/1818/1801 861/1765/1750
f 861/1765/1750 1622/1819/1802 862/1766/1751
f 862/1766/1751 1619/509/463 859/467/427
f 1618/452/413 927/1820/1803 1620/1817/1800
f 1620/1817/1800 928/1821/1804 1621/1818/1801
f 1621/1818/1801 929/1822/1805 1622/1819/1802
f 1622/1819/1802 926/473/432 1619/509/463
f 921/454/415 1625/1823/1806 924/1824/1807
f 924/1824/1807 1626/1825/1808 923/1826/1809
f 923/1826/1809 1627/1827/1810 922/1828/1811
f 922/1828/1811 1624/458/418 920/457/417
f 1623/425/389 852/1768/1753 1625/1823/1806
f 1625/1823/1806 851/1770/1755 1626/1825/1808
f 1626/1825/1808 850/1772/1757 1627/1827/1810
f 1627/1827/1810 848/449/412 1624/458/418
f 1628/465/425 938/1182/1132 935/521/475
f 1630/1829/1812 939/1191/1141 938/1182/1132
f 1631/1830/1813 946/1187/1137 939/1191/1141
f 1632/1831/1814 936/1188/1138 946/1187/1137
f 930/461/421 1630/1829/1812 1628/465/425
f 932/1832/1815 1631/1830/1813 1630/1829/1812
f 933/1833/1816 1632/1831/1814 1631/1830/1813
f 934/1834/1817 1629/493/449 1632/1831/1814
f 925/453/414 1635/1835/1818 927/1820/1803
f 927/1820/1803 1636/1836/1819 928/1821/1804
f 928/1821/1804 1637/1837/1820 929/1822/1805
f 929/1822/1805 1634/492/448 926/473/432
f 1633/459/419 949/1194/1145 1635/1835/1818
f 1635/1835/1818 945/1189/1139 1636/1836/1819
f 1636/1836/1819 944/1186/1136 1637/1837/1820
f 1637/1837/1820 936/1188/1138 1634/492/448
f 930/461/421 1640/1838/1821 932/1832/1815
f 932/1832/1815 1641/1839/1822 933/1833/1816
f 933/1833/1816 1642/1840/1823 934/1834/1817
f 934/1834/1817 1639/491/447 931/490/446
f 1638/455/416 924/1824/1807 1640/1838/1821
f 1640/1838/1821 923/1826/1809 1641/1839/1822
f 1641/1839/1822 922/1828/1811 1642/1840/1823
f 1642/1840/1823 920/457/417 1639/491/447
f 937/460/420 1645/1841/1824 940/1842/1146
f 940/1843/1131 1644/1844/472 935/1845/475
f 1643/410/378 840/1153/1825 1645/1841/1824
s 32
f 1645/1846/1826 840/1847/1827 833/1146/1827
s 4
f 1645/1848/1828 830/1143/473 1644/1844/472
f 794/391/360 1648/1849/1829 806/1850/1830
s 33
f 806/1138/1831 1648/1851/1832 797/1852/1833
s 4
f 1648/1853/1834 792/1121/1069 797/1123/1835
f 899/448/411 1648/1849/1829 1646/390/359
f 901/1854/1113 1647/477/434 1648/1853/1834
s 5
f 973/557/506 1651/1855/1836 976/1856/1837
f 976/1857/1837 1652/1858/1838 975/1859/1839
f 975/1859/1840 1653/1860/1841 974/1861/1842
f 1653/1860/1841 972/711/639 974/1861/1842
f 1649/556/505 959/1862/1843 1651/1855/1836
f 1651/1863/1836 960/1864/1844 1652/1858/1838
f 1652/1858/1845 961/1865/1846 1653/1860/1841
f 961/1865/1846 1650/673/605 1653/1860/1841
f 1654/593/539 981/1866/1847 978/540/491
f 1656/1867/1848 980/1868/1849 981/1866/1847
f 1657/1869/1850 979/1870/1851 980/1868/1852
f 979/1871/1851 1655/651/588 977/553/502
f 962/720/648 1656/1867/1848 1654/593/539
f 964/1872/1853 1657/1869/1854 1656/1867/1848
f 965/1873/1855 1658/1874/1856 1657/1869/1850
f 1658/1875/1856 963/550/499 1655/651/588
f 1659/663/597 956/1876/1857 953/508/462
f 1661/1877/1858 955/1878/1859 956/1879/1857
f 1662/1880/1860 954/1881/1861 955/1878/1862
f 954/1881/1861 1660/536/488 952/548/497
f 973/557/506 1661/1882/1858 1659/663/597
f 976/1857/1837 1662/1880/1863 1661/1877/1858
f 975/1859/1840 1663/1883/1864 1662/1880/1860
f 1663/1883/1864 972/711/639 1660/536/488
f 968/692/621 1666/1884/1865 971/1885/1866
f 971/1885/1866 1667/1886/1867 970/1887/1868
f 970/1887/1869 1668/1888/1870 969/1889/1871
f 1668/1890/1870 967/542/492 969/1891/1871
f 1664/558/507 981/1866/1847 1666/1884/1865
f 1666/1884/1865 980/1868/1849 1667/1886/1867
f 1667/1886/1872 979/1870/1851 1668/1888/1870
f 979/1871/1851 1665/555/504 1668/1890/1870
f 983/693/622 1671/1892/1873 986/1893/1874
f 986/1893/1874 1672/1894/1875 985/1895/1876
f 985/1895/1877 1673/1896/1878 984/1897/1879
f 1673/1898/1878 982/561/509 984/1899/1879
f 1669/687/617 971/1885/1866 1671/1892/1873
f 1671/1892/1873 970/1887/1868 1672/1894/1875
f 1672/1894/1880 969/1889/1871 1673/1896/1878
f 969/1891/1871 1670/544/494 1673/1898/1878
f 957/547/496 1676/1900/1881 959/1862/1843
f 959/1901/1843 1677/1902/1882 960/1864/1844
f 960/1864/1883 1678/1903/1884 961/1865/1846
f 1678/1903/1884 958/567/515 961/1865/1846
f 1674/546/495 989/1904/1885 1676/1900/1881
f 1676/1905/1881 990/1906/1886 1677/1902/1882
f 1677/1902/1887 991/1907/1888 1678/1903/1884
f 991/1907/1888 1675/565/513 1678/1903/1884
f 987/576/523 1681/1908/1889 989/1904/1885
f 989/1909/1885 1682/1910/1890 990/1906/1886
f 990/1906/1891 1683/1911/1892 991/1907/1888
f 1683/1911/1892 988/564/512 991/1907/1888
f 1679/585/531 999/1912/1893 1681/1908/1889
f 1681/1908/1889 1000/1913/1894 1682/1914/1890
f 1682/1910/1895 1001/1915/1896 1683/1911/1892
f 1001/1915/1896 1680/562/510 1683/1911/1892
f 993/721/649 1686/1916/1897 996/1917/1898
f 996/1917/1898 1687/1918/1899 995/1919/1900
f 995/1919/1901 1688/1920/1902 994/1921/1903
f 1688/1920/1902 992/1922/519 994/1921/1903
f 1684/714/642 986/1893/1874 1686/1916/1897
f 1686/1916/1897 985/1895/1876 1687/1918/1899
f 1687/1918/1904 984/1897/1879 1688/1920/1902
f 984/1897/1879 1685/1923/517 1688/1920/1902
f 1689/701/629 1024/1924/1905 1021/699/627
f 1691/1925/1906 1023/1926/1907 1024/1924/1905
f 1692/1927/1908 1022/1928/1909 1023/1926/1907
f 1693/1929/1910 1020/581/528 1022/1930/1909
f 1003/1206/1159 1691/1925/1906 1689/701/629
f 1013/1205/1158 1692/1927/1908 1691/1925/1906
f 1006/1209/1162 1693/1931/1910 1692/1927/1908
f 1005/1932/1152 1690/667/599 1693/1929/1910
f 997/584/530 1696/1933/1911 999/1912/1893
f 999/1912/1893 1697/1934/1912 1000/1913/1894
f 1000/1935/1913 1698/1936/1914 1001/1915/1896
f 1001/1915/1896 1695/572/520 998/574/522
f 1694/686/616 1024/1924/1905 1696/1933/1911
f 1696/1933/1915 1023/1926/1907 1697/1934/1912
f 1697/1937/1916 1022/1930/1909 1698/1936/1914
f 1022/1930/1909 1695/572/520 1698/1936/1914
f 1003/1206/1159 1701/1938/1917 1011/1204/1157
f 1011/1204/1157 1702/1939/1918 1012/1207/1160
f 1012/1207/1169 1703/1940/1919 1017/1213/1165
f 1017/1213/1165 1700/1941/525 1004/1211/527
f 1699/700/628 996/1917/1898 1701/1938/1917
f 1701/1938/1917 995/1919/1900 1702/1939/1918
f 1702/1939/1920 994/1921/1903 1703/1940/1919
f 1703/1940/1919 992/1922/519 1700/1941/525
f 1704/601/546 964/1872/1853 962/720/648
f 1706/1942/1921 965/1873/1922 964/1872/1853
f 1707/1943/1923 966/1944/1924 965/1873/1855
f 966/1945/1924 1705/696/624 963/550/499
f 1030/662/596 1706/1942/1921 1704/601/546
f 1032/1946/1925 1707/1943/1926 1706/1942/1921
f 1033/1947/1927 1708/1948/1928 1707/1943/1923
f 1708/1949/1928 1031/590/536 1705/696/624
f 1709/506/460 1029/1950/1929 1026/708/636
f 1711/1951/1930 1028/1952/1931 1029/1953/1929
f 1712/1954/1932 1027/1955/1933 1028/1952/1934
f 1027/1955/1933 1710/586/532 1025/588/534
f 953/508/462 1711/1956/1930 1709/506/460
f 956/1879/1857 1712/1954/1935 1711/1951/1930
f 955/1878/1862 1713/1957/1936 1712/1954/1932
f 1713/1957/1936 952/548/497 1710/586/532
f 1042/1228/1187 1716/1958/1937 1053/1226/1185
f 1053/1226/1185 1717/1959/1938 1054/1219/1176
f 1054/1219/1176 1718/1960/1939 1044/1215/1172
f 1044/1215/1172 1715/652/589 1040/707/635
f 1714/677/608 1037/1961/1940 1716/1958/1937
f 1716/1958/1937 1038/1962/1941 1717/1959/1938
f 1717/1959/1938 1039/1963/1942 1718/1960/1939
f 1718/1960/1939 1036/1964/542 1715/652/589
f 1719/678/609 1032/1946/1925 1030/662/596
f 1721/1965/1943 1033/1947/1944 1032/1946/1925
f 1722/1966/1945 1034/1967/1946 1033/1947/1927
f 1723/1968/1947 1031/590/536 1034/1969/1946
f 1042/1228/1187 1721/1965/1943 1719/678/609
f 1055/1227/1186 1722/1966/1948 1721/1965/1943
f 1049/1230/1949 1723/1970/1947 1722/1966/1945
f 1048/1971/1181 1720/598/544 1723/1968/1947
f 1724/680/611 1037/1961/1940 1035/679/610
f 1726/1972/1950 1038/1973/1941 1037/1974/1940
f 1727/1975/1951 1039/1976/1942 1038/1973/1941
f 1039/1976/1942 1725/594/540 1036/596/542
f 1026/708/636 1726/1977/1950 1724/680/611
f 1029/1953/1929 1727/1975/1952 1726/1972/1950
f 1028/1952/1934 1728/1978/1953 1727/1975/1951
f 1027/1955/1933 1725/594/540 1728/1978/1953
f 1729/676/607 1082/1979/1954 1079/603/547
f 1731/1980/1955 1081/1981/1956 1082/1979/1954
f 1732/1982/1957 1080/1983/1958 1081/1981/1956
f 1733/1984/1959 1078/719/647 1080/1983/1958
f 1063/623/565 1731/1980/1955 1729/676/607
f 1065/1985/1960 1732/1982/1957 1731/1980/1955
f 1066/1986/1961 1733/1984/1959 1732/1982/1957
f 1067/1987/1962 1730/718/646 1733/1984/1959
f 1084/617/559 1736/1988/1963 1087/1989/1964
f 1087/1989/1964 1737/1990/1965 1086/1991/1966
f 1086/1991/1966 1738/1992/1967 1085/1993/1968
f 1085/1993/1968 1735/657/592 1083/660/595
f 1734/616/558 1070/1994/1969 1736/1988/1963
f 1736/1988/1963 1071/1995/1970 1737/1990/1965
f 1737/1990/1965 1072/1996/1971 1738/1992/1967
f 1738/1992/1967 1069/658/593 1735/657/592
f 1059/613/555 1741/1997/1972 1062/1998/1973
f 1062/1998/1973 1742/1999/1974 1061/2000/1975
f 1061/2001/1975 1743/2002/1976 1060/2003/1977
f 1060/2004/1977 1740/674/606 1058/638/578
f 1739/604/548 1082/1979/1954 1741/1997/1972
f 1741/1997/1972 1081/1981/1956 1742/1999/1974
f 1742/2005/1974 1080/2006/1958 1743/2002/1976
f 1743/2007/1976 1078/719/647 1740/674/606
f 1744/618/560 1077/2008/1978 1074/659/594
f 1746/2009/1979 1076/2010/1980 1077/2008/1978
f 1747/2011/1981 1075/2012/1982 1076/2010/1980
f 1748/2013/1983 1073/712/640 1075/2012/1982
f 1084/617/559 1746/2009/1979 1744/618/560
f 1087/1989/1964 1747/2011/1981 1746/2009/1979
f 1086/1991/1966 1748/2013/1983 1747/2011/1981
f 1085/1993/1968 1745/695/623 1748/2013/1983
f 1749/609/552 1092/2014/1984 1089/689/618
f 1751/2015/1985 1091/2016/1986 1092/2014/1984
f 1752/2017/1987 1090/2018/1988 1091/2016/1986
f 1753/2019/1989 1088/610/553 1090/2018/1988
f 1074/659/594 1751/2015/1985 1749/609/552
f 1077/2008/1978 1752/2017/1987 1751/2015/1985
f 1076/2010/1980 1753/2019/1989 1752/2017/1987
f 1075/2012/1982 1750/626/568 1753/2019/1989
f 1754/624/566 1065/1985/1960 1063/623/565
f 1756/2020/1990 1066/1986/1961 1065/1985/1960
f 1757/2021/1991 1067/1987/1962 1066/1986/1961
f 1758/2022/1992 1064/717/645 1067/1987/1962
f 1093/629/570 1756/2020/1990 1754/624/566
f 1095/2023/1993 1757/2021/1991 1756/2020/1990
f 1096/2024/1994 1758/2022/1992 1757/2021/1991
f 1097/2025/1995 1755/606/550 1758/2022/1992
f 1759/630/571 1095/2023/1993 1093/629/570
f 1761/2026/1996 1096/2024/1994 1095/2023/1993
f 1762/2027/1997 1097/2025/1995 1096/2024/1994
f 1763/2028/1998 1094/672/604 1097/2025/1995
f 1103/634/574 1761/2026/1996 1759/630/571
f 1105/2029/1999 1762/2027/1997 1761/2026/1996
f 1106/2030/2000 1763/2028/1998 1762/2027/1997
f 1107/2031/2001 1760/713/641 1763/2028/1998
f 1764/625/567 1102/2032/2002 1099/715/643
f 1766/2033/2003 1101/2034/2004 1102/2032/2002
f 1767/2035/2005 1100/2036/2006 1101/2034/2004
f 1768/2037/2007 1098/633/573 1100/2036/2006
f 1089/689/618 1766/2033/2003 1764/625/567
f 1092/2014/1984 1767/2035/2005 1766/2033/2003
f 1091/2016/1986 1768/2037/2007 1767/2035/2005
f 1090/2018/1988 1765/612/554 1768/2037/2007
f 1126/716/644 1771/2038/2008 1129/2039/2009
f 1129/2039/2009 1772/2040/2010 1128/2041/2011
f 1128/2041/2011 1773/2042/2012 1127/2043/2013
f 1127/2043/2013 1770/703/631 1125/705/633
f 1769/671/603 1111/1232/1192 1771/2038/2008
f 1771/2038/2008 1121/1236/1196 1772/2040/2010
f 1772/2040/2010 1120/1242/1204 1773/2042/2012
f 1773/2042/2012 1110/704/632 1770/703/631
f 1774/636/576 1105/2029/1999 1103/634/574
f 1776/2044/2014 1106/2030/2000 1105/2029/1999
f 1777/2045/2015 1107/2031/2001 1106/2030/2000
f 1778/2046/2016 1104/710/638 1107/2031/2001
f 1126/716/644 1776/2044/2014 1774/636/576
f 1129/2039/2009 1777/2045/2015 1776/2044/2014
f 1128/2041/2011 1778/2046/2016 1777/2045/2015
f 1127/2043/2013 1775/690/619 1778/2046/2016
f 1779/631/572 1115/1240/1200 1109/637/577
f 1781/2047/2017 1116/1245/1207 1115/1240/1200
f 1782/2048/2018 1122/1243/1205 1116/1245/1207
f 1783/2049/2019 1110/704/632 1122/1243/1205
f 1099/715/643 1781/2047/2017 1779/631/572
f 1102/2032/2002 1782/2048/2018 1781/2047/2017
f 1101/2034/2004 1783/2049/2019 1782/2048/2018
f 1100/2036/2006 1780/702/630 1783/2049/2019
f 1068/620/562 1786/2050/2020 1070/1994/1969
f 1070/1994/1969 1787/2051/2021 1071/1995/1970
f 1071/1995/1970 1788/2052/2022 1072/1996/1971
f 1072/1996/1971 1785/697/625 1069/658/593
f 1784/641/579 1137/2053/2023 1786/2050/2020
f 1786/2050/2020 1138/2054/2024 1787/2051/2021
f 1787/2051/2021 1139/2055/2025 1788/2052/2022
f 1788/2052/2022 1136/664/598 1785/697/625
f 1131/643/581 1791/2056/2026 1134/2057/2027
f 1134/2057/2027 1792/2058/2028 1133/2059/2029
f 1133/2060/2029 1793/2061/2030 1132/2062/2031
f 1132/2063/2031 1790/647/584 1130/646/583
f 1789/614/556 1062/1998/1973 1791/2056/2026
f 1791/2056/2026 1061/2000/1975 1792/2058/2028
f 1792/2064/2028 1060/2003/1977 1793/2061/2030
f 1793/2065/2030 1058/638/578 1790/647/584
f 1794/656/591 1148/1248/1211 1145/709/637
f 1796/2066/2032 1149/1258/1221 1148/1248/1211
f 1797/2067/2033 1155/1259/1217 1149/1258/1221
f 1798/2068/2034 1146/2069/1218 1155/1259/1217
f 1140/655/587 1796/2066/2032 1794/656/591
f 1142/2070/2035 1797/2067/2033 1796/2066/2032
f 1143/2071/2036 1798/2068/2034 1797/2067/2033
f 1144/2072/2037 1795/684/615 1798/2073/2034
f 1135/642/580 1801/2074/2038 1137/2053/2023
f 1137/2053/2023 1802/2075/2039 1138/2054/2024
f 1138/2054/2024 1803/2076/2040 1139/2055/2025
f 1139/2055/2025 1800/683/614 1136/664/598
f 1799/648/585 1159/1263/1225 1801/2074/2038
f 1801/2074/2038 1154/1255/1219 1802/2075/2039
f 1802/2075/2039 1153/1252/1216 1803/2076/2040
f 1803/2076/2040 1146/1254/1218 1800/683/614
f 1140/650/587 1806/2077/2041 1142/2078/2035
f 1142/2070/2035 1807/2079/2042 1143/2071/2036
f 1143/2071/2036 1808/2080/2043 1144/2081/2037
f 1144/2072/2037 1805/682/613 1141/681/612
f 1804/644/582 1134/2057/2027 1806/2077/2041
f 1806/2082/2041 1133/2060/2029 1807/2079/2042
f 1807/2079/2042 1132/2062/2031 1808/2080/2043
f 1808/2083/2043 1130/646/583 1805/682/613
f 1147/649/586 1811/2084/2044 1158/2085/1226
f 1158/1247/2045 1810/706/634 1145/709/2046
f 1809/599/545 1050/2086/2047 1811/2084/2044
s 34
f 1811/2087/2048 1050/2088/2048 1043/1216/2049
s 5
f 1811/2089/2050 1040/707/635 1810/706/634
f 1004/580/527 1814/2090/2051 1016/2091/2052
s 35
f 1016/1202/2053 1814/2092/2053 1007/1198/2054
s 5
f 1814/2093/2055 1002/2094/1149 1007/2095/2056
f 1812/579/526 1117/1239/1199 1814/2090/2051
f 1117/2096/2057 1813/668/600 1814/2093/2055
s 2
f 509/1548/1518 510/2097/1522 1819/1549/2058
s 36
f 485/1535/2059 486/2098/2060 1815/1533/2061
s 37
f 441/1516/2062 442/2099/2063 1817/1514/2063
s 38
f 434/1530/2064 1816/813/2064 433/2100/2064
s 39
f 453/1517/2065 452/833/2066 454/2101/2065
s 40
f 463/1541/2067 1818/843/2068 464/2102/2069
s 1
f 212/18/15 1218/164/140 102/19/16
f 231/29/25 22/28/24 108/36/32
f 1198/37/33 108/36/32 23/38/34
f 241/39/35 23/38/34 115/45/40
f 10/73/65 313/190/164 1268/74/66
f 24/76/67 323/127/110 1262/77/68
f 337/78/69 8/95/65 98/79/65
f 15/83/73 103/87/77 1247/84/74
f 15/83/73 333/85/75 1257/86/76
f 103/87/77 14/20/17 317/88/78
f 22/28/24 338/157/134 1277/93/83
f 1263/94/84 97/75/65 8/95/65
f 23/38/34 348/187/162 1292/99/88
f 1278/80/70 98/79/65 11/100/65
f 115/45/40 1292/99/88 358/105/93
f 307/106/94 1253/142/122 96/107/65
f 14/20/17 102/19/16 1297/109/95
f 102/19/16 13/60/54 384/110/96
f 100/113/65 12/134/65 379/114/99
f 13/60/54 110/59/53 1312/116/101
f 110/59/53 1322/67/61 396/117/102
f 7/108/65 96/107/65 1248/125/108
f 109/22/19 1257/86/76 323/127/110
f 96/107/65 9/143/65 332/128/111
f 385/132/114 1313/151/130 101/133/65
f 97/75/65 1268/74/66 343/140/120
f 226/21/18 1168/119/104 103/87/77
f 1253/142/122 327/192/166 9/143/65
f 101/133/65 1308/152/131 390/149/128
f 1313/151/130 395/787/719 1308/152/131
f 114/11/9 1262/77/68 338/157/134
f 11/100/65 353/181/157 1288/158/135
f 95/162/65 1258/163/139 332/128/111
f 10/73/65 322/183/159 1258/163/139
f 1218/164/140 280/58/52 13/60/54
f 7/108/65 100/113/65 1303/115/100
s 2
f 1355/165/141 137/210/184 1445/166/142
s 1
f 1298/168/144 385/132/114 12/134/65
f 1293/173/149 99/159/136 1283/174/150
f 99/159/136 1288/158/135 374/176/152
f 17/57/51 104/55/49 1302/82/72
f 12/134/65 101/133/65 1318/150/129
f 98/79/65 1273/184/160 353/181/157
f 322/183/159 10/73/65 97/75/65
f 8/95/65 343/140/120 1273/184/160
f 108/36/32 1277/93/83 348/187/162
f 313/190/164 10/73/65 95/162/65
f 1243/191/165 95/162/65 9/143/65
f 347/101/89 11/100/65 99/159/136
f 318/126/109 1298/168/144 100/113/65
s 2
f 435/209/183 1470/281/255 137/210/184
f 447/216/190 1365/315/289 124/217/191
f 1406/222/196 132/335/309 1411/223/197
f 27/227/201 532/260/234 1348/228/202
f 1361/236/210 412/804/739 1446/237/211
f 413/244/218 28/273/247 122/245/219
f 446/247/221 1450/308/282 134/248/222
s 3
f 514/249/223 1347/289/263 121/250/224
s 2
f 447/216/190 29/218/192 123/257/231
f 27/227/201 122/245/219 1328/259/233
f 28/273/247 123/257/231 1343/274/248
f 29/218/192 513/280/254 1343/274/248
f 29/218/192 124/217/191 1348/228/202
f 1470/281/255 584/966/906 1401/282/256
s 3
f 1338/288/262 121/250/224 1347/289/263
s 2
f 28/273/247 547/275/249 1328/259/233
f 30/252/226 548/254/228 1342/296/270
f 32/232/206 126/297/271 1342/296/270
f 33/239/213 128/255/229 1329/261/235
f 120/238/212 1446/237/211 603/305/279
f 436/314/288 27/227/201 124/217/191
f 445/316/290 1361/236/210 120/238/212
f 1451/317/291 120/238/212 1405/306/280
f 137/210/184 1401/282/256 601/319/293
f 413/244/218 1360/258/232 123/257/231
f 436/314/288 1356/246/220 122/245/219
f 1411/223/197 132/335/309 1400/332/306
f 602/334/308 1400/332/306 132/335/309
s 1
f 333/85/75 1247/84/74 1249/1398/1355
f 335/1401/1358 1250/1400/1357 1251/1402/1359
f 309/1412/1369 1256/1411/1368 1253/142/122
f 1264/1420/1377 1265/1422/1379 340/1421/1378
f 1281/1442/1399 1278/80/70 347/101/89
f 348/187/162 351/1437/1394 1294/1453/1409
f 349/1441/1398 347/101/89 1293/173/149
f 317/88/78 1297/109/95 1299/1456/1412
f 1301/1458/1414 388/1461/1417 385/132/114
f 387/1460/1416 1315/1477/1431 1316/1478/1432
f 1314/1476/1430 408/793/726 403/788/720
s 2
f 550/933/871 547/275/249 1343/274/248
s 3
f 1347/1504/263 1349/1505/1464 538/926/861
f 1349/1505/1464 1350/1507/1467 539/932/1465
s 2
f 1350/1506/1466 1348/228/202 532/260/234
s 3
f 1347/1504/263 514/906/223 524/908/841
f 1349/1505/1464 524/908/841 517/901/845
s 2
f 1350/1506/1466 516/899/833 513/280/254
f 435/209/183 1355/165/141 1357/1512/1472
f 1817/1514/1475 1358/1513/1474 1359/1515/1476
f 411/167/143 416/796/731 1357/1512/1472
f 424/799/734 423/808/742 1359/1515/1476
f 1360/258/232 1362/1518/1479 453/1517/1478
f 1362/1518/1479 1363/1519/1481 452/833/1480
f 1363/1519/1481 1364/1520/1483 449/831/1482
f 1364/1520/1483 1361/236/210 445/316/290
f 1360/258/232 413/244/218 423/809/742
f 1363/1519/1481 420/805/740 419/802/737
f 1367/1522/1484 1368/1523/1486 442/828/1485
f 1369/1524/1487 1366/233/207 437/235/209
f 1368/1523/1486 452/1526/1488 451/836/1489
f 589/968/908 1404/1558/1528 1401/282/256
f 1400/1559/306 602/993/308 611/992/934
f 1402/1556/1526 611/992/934 605/986/928
f 1403/1557/1527 605/986/928 604/984/926
f 1404/1558/1528 604/984/926 601/319/293
f 1405/306/280 1407/1560/1529 622/1003/943
f 603/305/279 616/999/939 1407/1560/1529
f 616/999/939 610/994/935 1408/1561/1530
s 1
f 1222/1/1 93/70/2 1/2/2
f 1173/4/4 221/182/158 20/5/5
f 89/7/2 1167/61/55 227/8/7
f 216/10/8 24/76/67 114/11/9
f 4/13/2 90/43/2 1187/14/11
f 201/16/13 1173/4/4 106/6/6
f 226/21/18 15/83/73 109/22/19
f 3/9/2 88/27/2 1162/24/21
f 1177/26/23 217/160/137 4/13/2
f 1183/12/10 114/11/9 22/28/24
f 1193/30/26 105/96/85 19/31/27
f 1188/33/29 117/90/80 26/34/30
f 1208/40/36 113/50/45 18/41/37
f 90/43/2 2/156/2 236/44/39
f 1213/46/41 115/45/40 1325/47/42
f 269/49/44 25/103/91 113/50/45
f 91/51/2 5/153/2 246/52/46
f 1223/54/48 201/16/13 16/17/14
f 274/56/50 1223/54/48 104/55/49
f 280/58/52 1233/66/60 110/59/53
f 1/2/2 211/193/167 1167/61/55
f 1238/62/56 274/56/50 17/57/51
f 285/64/58 1238/62/56 112/63/57
f 1233/66/60 290/748/679 1322/67/61
f 6/68/2 279/130/112 1217/69/62
f 106/6/6 20/5/5 328/71/63
f 104/55/49 16/17/14 308/81/71
f 116/89/79 1242/144/123 328/71/63
f 117/90/80 1267/92/82 312/91/81
f 19/31/27 342/97/86 1267/92/82
f 105/96/85 1272/98/87 342/97/86
f 18/41/37 352/102/90 1272/98/87
f 113/50/45 1287/104/92 352/102/90
f 25/103/91 375/189/163 1287/104/92
f 112/63/57 17/57/51 380/111/97
f 21/65/59 112/63/57 1317/112/98
f 1168/119/104 212/18/15 14/20/17
f 1228/120/105 285/1376/58 21/121/59
f 107/122/106 21/121/59 389/123/103
f 227/8/7 1177/26/23 88/27/2
f 1178/23/20 109/22/19 24/76/67
f 94/129/2 1232/146/125 279/130/112
f 202/3/3 1/2/2 89/7/2
f 16/17/14 106/6/6 1252/72/64
f 237/32/28 19/31/27 117/90/80
f 1203/135/115 251/722/650 1326/136/116
f 111/137/117 1326/136/116 357/138/118
f 207/35/31 26/34/30 116/89/79
f 26/34/30 312/91/81 1242/144/123
f 1227/145/124 291/757/688 1232/146/125
f 284/147/126 1227/145/124 94/129/2
f 5/153/2 92/169/145 1207/154/132
f 1182/155/133 232/161/138 2/156/2
f 217/160/137 1182/155/133 90/43/2
f 232/161/138 1197/186/161 91/51/2
f 92/169/145 1202/172/148 270/170/146
f 1212/171/147 252/732/660 1202/172/148
f 1228/120/105 107/122/106 1323/177/153
f 275/179/155 6/68/2 93/70/2
f 107/122/106 1307/124/107 394/180/156
f 247/42/38 18/41/37 105/96/85
f 1237/148/127 94/129/2 6/68/2
f 2/156/2 91/51/2 1192/53/47
f 1163/141/121 116/89/79 20/5/5
f 1203/185/115 111/188/117 25/103/91
f 1197/186/161 242/194/168 5/153/2
f 111/188/117 1282/2103/119 375/189/163
f 1172/131/113 89/7/2 3/9/2
f 88/27/2 4/13/2 206/15/12
f 93/70/2 1217/69/62 211/193/167
f 242/194/168 1212/171/147 92/169/145
s 2
f 457/195/169 1395/340/314 130/196/170
f 503/198/172 1480/1623/1615 136/199/173
f 136/199/173 1480/1623/1615 725/201/175
f 709/203/177 1436/328/302 131/204/178
f 481/206/180 32/232/206 127/207/181
f 138/211/185 1458/1602/1577 671/212/186
f 1431/205/179 131/204/178 1441/214/188
f 426/219/193 1370/298/272 135/220/194
f 1475/225/199 636/1021/964 1416/226/200
f 31/229/203 127/207/181 1352/230/204
f 32/232/206 515/299/273 1352/230/204
f 1366/233/207 134/248/222 1471/234/208
f 33/239/213 549/301/275 1334/240/214
f 34/197/171 130/196/170 1339/242/216
f 30/252/226 125/277/251 1333/253/227
f 457/195/169 34/197/171 128/255/229
f 34/197/171 200/243/217 1329/261/235
f 1375/262/236 138/211/185 1474/263/237
f 427/265/239 1455/1601/1576 119/266/240
f 35/268/242 568/269/243 1339/242/216
f 35/268/242 129/241/215 1334/240/214
f 482/270/244 1381/267/241 119/266/240
f 480/272/246 1458/1602/1577 138/211/185
f 428/276/250 31/229/203 125/277/251
f 490/279/253 1385/256/230 128/255/229
f 1391/200/174 136/199/173 1461/283/257
f 1396/285/259 456/844/781 1466/286/260
f 505/291/265 1396/285/259 139/287/261
f 1386/293/267 489/874/809 1462/294/268
f 31/229/203 566/231/205 1333/253/227
f 1370/298/272 465/851/789 1475/225/199
s 3
f 1351/251/225 121/250/224 1338/288/262
s 2
f 1461/283/257 136/199/173 1435/202/176
f 139/287/261 1440/304/278 726/303/277
f 1466/286/260 691/1084/1028 1440/304/278
f 134/248/222 1410/309/283 585/307/281
f 1450/308/282 621/1014/956 1410/309/283
f 119/266/240 1455/1601/1576 656/310/284
f 1474/263/237 138/211/185 1421/213/187
f 1459/271/245 119/266/240 1425/311/285
f 428/276/250 1380/208/182 127/207/181
f 466/320/294 1371/278/252 125/277/251
f 638/321/295 1420/337/311 133/322/296
f 1415/323/297 133/322/296 1426/324/298
f 490/279/253 33/239/213 129/241/215
f 504/327/301 1390/326/300 129/241/215
f 1441/214/188 131/204/178 1436/328/302
f 118/295/269 1462/294/268 707/330/304
f 466/320/294 30/252/226 126/297/271
f 481/206/180 1376/336/310 126/297/271
f 1426/324/298 133/322/296 1420/337/311
f 135/220/194 1416/226/200 654/339/313
f 504/327/301 35/268/242 130/196/170
f 455/341/315 1386/293/267 118/295/269
f 118/295/269 1430/331/305 689/343/317
s 4
f 1543/344/318 145/413/319 36/345/319
f 1494/347/321 762/523/477 55/348/322
f 141/350/319 1488/404/372 768/351/324
f 757/353/325 59/419/384 166/354/326
f 39/356/319 142/386/319 1508/357/328
f 742/359/330 1494/347/321 158/349/323
f 753/361/332 1539/505/459 154/362/333
f 767/364/335 50/426/390 161/365/336
f 38/352/319 140/370/319 1483/367/338
f 1498/369/340 758/501/456 39/356/319
f 1504/355/327 166/354/326 57/371/341
f 1514/373/343 157/439/402 54/374/344
f 1509/376/346 169/433/397 61/377/347
f 772/372/342 57/371/341 160/379/349
f 1519/380/350 160/379/349 58/381/351
f 1529/383/353 165/393/362 53/384/354
f 142/386/319 37/497/319 777/387/356
f 782/382/352 58/381/351 167/388/357
f 1534/389/358 167/388/357 1646/390/359
f 810/392/361 60/446/409 165/393/362
f 143/394/319 40/494/450 787/395/363
f 1544/397/365 742/359/330 51/360/331
f 815/399/367 1544/397/365 156/398/366
f 821/401/369 1554/409/377 162/402/370
f 36/345/319 752/534/486 1488/404/372
f 1559/405/373 815/399/367 52/400/368
f 826/407/375 1559/405/373 164/406/374
f 1554/409/377 831/1151/1098 1643/410/378
f 41/411/319 820/471/430 1538/412/379
f 158/349/323 55/348/322 869/414/380
f 45/416/382 854/531/483 1589/417/383
f 59/419/384 864/468/428 1583/420/385
f 878/421/386 43/438/382 150/422/382
f 156/398/366 51/360/331 849/424/388
f 50/426/390 155/430/394 1568/427/391
f 50/426/390 874/428/392 1578/429/393
f 155/430/394 49/363/334 858/431/395
f 168/432/396 1563/485/441 869/414/380
f 169/433/397 1588/435/399 853/434/398
f 54/374/344 883/440/403 1588/435/399
f 57/371/341 879/498/453 1598/436/400
f 1584/437/401 149/418/382 43/438/382
f 157/439/402 1593/441/404 883/440/403
f 53/384/354 893/445/408 1593/441/404
f 58/381/351 889/528/481 1613/442/405
f 1599/423/387 150/422/382 46/443/406
f 165/393/362 1608/447/410 893/445/408
f 60/446/409 916/530/482 1608/447/410
f 167/388/357 1613/442/405 899/448/411
f 848/449/412 1574/483/440 148/450/382
f 49/363/334 154/362/333 1618/452/413
f 154/362/333 48/403/371 925/453/414
f 164/406/374 52/400/368 921/454/415
f 152/456/382 47/475/382 920/457/417
f 48/403/371 162/402/370 1633/459/419
f 162/402/370 1643/410/378 937/460/420
f 56/408/376 164/406/374 1638/455/416
f 1489/462/422 753/361/332 49/363/334
f 1549/463/423 826/407/375 56/408/376
f 159/464/424 56/408/376 930/461/421
f 42/451/382 148/450/382 1569/466/426
f 768/351/324 1498/369/340 140/370/319
f 1499/366/337 161/365/336 59/419/384
f 161/365/336 1578/429/393 864/468/428
f 148/450/382 44/484/382 873/469/429
f 146/470/319 1553/487/443 820/471/430
f 743/346/320 36/345/319 141/350/319
f 51/360/331 158/349/323 1573/415/381
f 926/473/432 1634/492/448 153/474/382
f 778/375/345 54/374/344 169/433/397
f 1524/476/433 792/1121/1069 1647/477/434
f 163/478/435 1647/477/434 898/479/436
f 149/418/382 1589/417/383 884/481/438
f 748/378/348 61/377/347 168/432/396
f 767/364/335 1489/462/422 155/430/394
f 1574/483/440 868/533/485 44/484/382
f 61/377/347 853/434/398 1563/485/441
f 1548/486/442 832/1160/1107 1553/487/443
f 825/488/444 1548/486/442 146/470/319
f 153/474/382 1629/493/449 931/490/446
f 1634/492/448 936/1188/1138 1629/493/449
f 40/494/450 144/510/464 1528/495/451
f 1503/496/452 773/502/457 37/497/319
f 166/354/326 1583/420/385 879/498/453
f 46/443/406 894/522/476 1609/499/454
f 758/501/456 1503/496/452 142/386/319
f 773/502/457 1518/527/480 143/394/319
f 147/503/382 1579/504/458 873/469/429
f 45/416/382 863/524/478 1579/504/458
f 1539/505/459 821/401/369 48/403/371
f 42/451/382 152/456/382 1624/458/418
s 5
f 1709/506/460 175/602/461 62/507/461
s 4
f 1619/509/463 926/473/432 47/475/382
f 144/510/464 1523/513/467 811/511/465
f 1533/512/466 793/1131/1079 1523/513/467
f 1614/514/468 151/500/455 1604/515/469
f 151/500/455 1609/499/454 915/517/471
f 1549/463/423 159/464/424 1644/518/472
f 816/520/474 41/411/319 145/413/319
f 52/400/368 156/398/366 1623/425/389
f 159/464/424 1628/465/425 935/521/475
f 788/385/355 53/384/354 157/439/402
f 1558/489/445 146/470/319 41/411/319
f 47/475/382 153/474/382 1639/491/447
f 150/422/382 1594/525/479 894/522/476
f 37/497/319 143/394/319 1513/396/364
f 1484/482/439 168/432/396 55/348/322
f 863/524/478 45/416/382 149/418/382
f 43/438/382 884/481/438 1594/525/479
f 1524/526/433 163/529/435 60/446/409
f 1518/527/480 783/535/487 40/494/450
f 160/379/349 1598/436/400 889/528/481
f 163/529/435 1603/2104/437 916/530/482
f 1493/472/431 141/350/319 38/352/319
f 140/370/319 39/356/319 747/358/329
f 854/531/483 45/416/382 147/503/382
f 1564/532/484 147/503/382 44/484/382
f 145/413/319 1538/412/379 752/534/486
f 783/535/487 1533/512/466 144/510/464
f 888/444/407 46/443/406 151/500/455
f 859/467/427 1619/509/463 152/456/382
s 5
f 1660/536/488 972/711/639 81/537/489
f 171/539/461 1654/593/539 978/540/491
f 967/542/492 85/608/551 196/543/493
f 65/545/461 172/575/461 1674/546/495
f 952/548/497 1660/536/488 188/538/490
f 963/550/499 1705/696/624 184/551/500
f 977/553/502 76/615/557 191/554/503
f 64/541/461 170/559/461 1649/556/505
f 1664/558/507 968/692/621 65/545/461
f 1670/544/494 196/543/493 83/560/508
f 1680/562/510 187/628/569 80/563/511
f 1675/565/513 199/622/564 87/566/514
f 982/561/509 83/560/508 190/568/516
f 1685/569/517 190/568/516 84/570/518
f 1695/572/520 195/582/529 79/573/521
f 172/575/461 63/688/461 987/576/523
f 992/571/519 84/570/518 197/577/524
f 1700/578/525 197/577/524 1812/579/526
f 1020/581/528 86/635/575 195/582/529
f 173/583/461 66/685/461 997/584/530
f 1710/586/532 952/548/497 77/549/498
f 1025/588/534 1710/586/532 186/587/533
f 1031/590/536 1720/598/544 192/591/537
f 62/507/461 962/720/648 1654/593/539
f 1725/594/540 1025/588/534 78/589/535
f 1036/596/542 1725/594/540 194/595/541
f 1720/598/544 1041/2105/1178 1809/599/545
f 67/600/461 1030/662/596 1704/601/546
f 188/538/490 81/537/489 1079/603/547
f 71/605/549 1064/717/645 1755/606/550
f 85/608/551 1074/659/594 1749/609/552
f 1088/610/553 69/627/549 180/611/549
f 186/587/533 77/549/498 1059/613/555
f 76/615/557 185/619/561 1734/616/558
f 76/615/557 1084/617/559 1744/618/560
f 185/619/561 75/552/501 1068/620/562
f 198/621/563 1729/676/607 1079/603/547
f 199/622/564 1754/624/566 1063/623/565
f 80/563/511 1093/629/570 1754/624/566
f 83/560/508 1089/689/618 1764/625/567
f 1750/626/568 179/607/549 69/627/549
f 187/628/569 1759/630/571 1093/629/570
f 79/573/521 1103/634/574 1759/630/571
f 84/570/518 1099/715/643 1779/631/572
f 1765/612/554 180/611/549 72/632/549
f 195/582/529 1774/636/576 1103/634/574
f 86/635/575 1126/716/644 1774/636/576
f 197/577/524 1779/631/572 1109/637/577
f 1058/638/578 1740/674/606 178/639/549
f 75/552/501 184/551/500 1784/641/579
f 184/551/500 74/592/538 1135/642/580
f 194/595/541 78/589/535 1131/643/581
f 182/645/549 73/666/549 1130/646/583
f 74/592/538 192/591/537 1799/648/585
f 192/591/537 1809/599/545 1147/649/586
f 82/597/543 194/595/541 1804/644/582
f 1655/651/588 963/550/499 75/552/501
f 1715/652/589 1036/1964/542 82/653/543
f 189/654/590 82/653/543 1140/655/587
f 68/640/549 178/639/549 1735/657/592
f 978/540/491 1664/558/507 170/559/461
f 1665/555/504 191/554/503 85/608/551
f 191/554/503 1744/618/560 1074/659/594
f 178/639/549 70/675/549 1083/660/595
f 176/661/461 1719/678/609 1030/662/596
f 953/508/462 62/507/461 171/539/461
f 77/549/498 188/538/490 1739/604/548
f 1136/664/598 1800/683/614 183/665/549
f 988/564/512 80/563/511 199/622/564
f 1690/667/599 1002/2094/1149 1813/668/600
f 193/669/601 1813/668/600 1108/670/602
f 179/607/549 1755/606/550 1094/672/604
f 958/567/515 87/566/514 198/621/563
f 977/553/502 1655/651/588 185/619/561
f 1740/674/606 1078/719/647 70/675/549
f 87/566/514 1063/623/565 1729/676/607
f 1714/677/608 1042/1228/1187 1719/678/609
f 1035/679/610 1714/677/608 176/661/461
f 183/665/549 1795/684/615 1141/681/612
f 1800/683/614 1146/1254/1218 1795/684/615
f 66/685/461 174/698/626 1694/686/616
f 1669/687/617 983/693/622 63/688/461
f 196/543/493 1749/609/552 1089/689/618
f 72/632/549 1104/710/638 1775/690/619
f 968/692/621 1669/687/617 172/575/461
f 983/693/622 1684/714/642 173/583/461
f 177/694/549 1745/695/623 1083/660/595
f 71/605/549 1073/712/640 1745/695/623
f 1705/696/624 1031/590/536 74/592/538
f 68/640/549 182/645/549 1790/647/584
f 1785/697/625 1136/664/598 73/666/549
f 174/698/626 1689/701/629 1021/699/627
f 1699/700/628 1003/1206/1159 1689/701/629
f 1780/702/630 181/691/620 1770/703/631
f 181/691/620 1775/690/619 1125/705/633
f 1715/652/589 189/654/590 1810/706/634
f 1026/708/636 67/600/461 175/602/461
f 78/589/535 186/587/533 1789/614/556
f 189/654/590 1794/656/591 1145/709/637
f 998/574/522 79/573/521 187/628/569
f 1724/680/611 176/661/461 67/600/461
f 73/666/549 183/665/549 1805/682/613
f 180/611/549 1760/713/641 1104/710/638
f 63/688/461 173/583/461 1679/585/531
f 1650/673/605 198/621/563 81/537/489
f 1073/712/640 71/605/549 179/607/549
f 69/627/549 1094/672/604 1760/713/641
f 1690/667/599 193/669/601 86/635/575
f 1684/714/642 993/721/649 66/685/461
f 190/568/516 1764/625/567 1099/715/643
f 193/669/601 1769/671/603 1126/716/644
f 1659/663/597 171/539/461 64/541/461
f 170/559/461 65/545/461 957/547/496
f 1064/717/645 71/605/549 177/694/549
f 1730/718/646 177/694/549 70/675/549
f 175/602/461 1704/601/546 962/720/648
f 993/721/649 1699/700/628 174/698/626
f 1098/633/573 72/632/549 181/691/620
f 1069/658/593 1785/697/625 182/645/549
s 1
f 251/722/650 254/725/653 257/723/651
f 254/725/653 255/735/663 258/726/654
f 256/724/652 257/723/651 268/727/655
f 257/723/651 258/726/654 259/729/657
f 260/730/658 263/734/662 262/731/659
f 261/733/661 264/736/664 263/734/662
f 263/734/662 258/726/654 255/735/663
f 264/736/664 259/729/657 258/726/654
f 253/48/43 265/1488/667 267/737/665
f 266/740/666 267/739/665 264/736/669
f 267/739/665 268/727/668 259/729/671
f 289/178/154 292/743/674 294/741/672
f 292/743/674 299/1485/2070 295/744/675
f 293/742/673 294/741/672 306/745/676
f 294/741/672 295/744/675 296/747/678
f 290/748/679 297/1383/682 300/749/680
f 297/751/682 298/759/1341 301/752/683
f 300/753/680 301/752/683 296/747/685
f 302/755/686 305/758/689 304/756/687
f 303/746/677 306/745/676 305/758/689
f 305/758/689 301/752/691 298/759/690
f 306/745/676 296/747/678 301/752/691
f 357/138/118 366/1490/694 361/760/692
f 360/765/693 361/764/692 373/766/696
f 361/764/692 362/763/2071 363/768/698
f 358/105/93 364/771/701 367/769/699
f 364/771/701 365/776/708 368/772/702
f 367/769/699 368/772/702 363/768/704
f 369/773/705 372/775/707 371/774/706
f 370/767/697 373/766/709 372/775/707
f 372/775/707 368/772/702 365/776/708
f 373/766/709 363/768/704 368/772/702
f 394/180/156 397/1468/712 399/777/710
f 397/779/712 398/790/722 400/780/713
f 399/781/710 400/780/713 401/783/715
f 402/785/717 405/789/721 404/786/718
f 403/788/720 406/791/723 405/789/721
f 405/789/721 400/780/724 398/790/722
f 406/791/723 401/783/729 400/780/724
f 396/117/102 407/1483/727 409/792/725
f 408/793/726 409/792/725 406/791/723
f 409/792/725 410/784/728 401/783/729
s 2
f 414/795/730 417/798/733 416/796/731
f 415/797/732 422/800/735 417/798/733
f 417/798/733 418/801/736 424/799/734
f 419/802/737 422/806/735 421/803/738
f 420/805/740 418/2106/736 422/806/735
f 424/799/734 418/801/736 425/807/741
f 425/807/741 418/2106/736 420/805/740
s 6
f 429/810/743 432/2107/2072 430/811/744
f 430/811/744 432/2107/2072 431/812/746
s 8
f 433/816/749 1816/2108/2073 431/812/750
s 9
f 438/818/752 444/821/2074 439/819/753
s 10
f 438/818/755 1817/827/763 440/820/756
s 12
f 448/830/765 451/2109/2075 449/831/766
f 449/831/766 451/2109/2075 450/832/768
s 2
f 458/838/775 462/841/2076 459/839/776
f 459/839/776 462/841/2076 460/842/779
s 16
f 462/847/784 464/1555/2077 1818/848/785
s 2
f 468/849/787 471/853/791 470/850/788
f 469/852/790 472/2110/793 471/853/791
f 471/853/791 479/856/794 477/854/792
f 474/857/795 472/2111/793 475/858/796
f 475/858/796 472/2110/793 469/852/790
f 476/861/798 479/863/794 478/862/799
f 479/863/794 472/2111/793 474/857/795
s 17
f 483/864/800 488/867/804 487/865/801
f 483/864/800 1815/2112/806 484/866/803
s 2
f 492/872/807 495/876/811 494/873/808
f 493/875/810 498/2113/821 495/876/811
f 497/881/816 498/2113/821 493/875/810
f 499/883/818 502/885/820 501/884/819
f 500/878/813 495/877/811 502/885/820
f 506/887/822 512/890/825 507/888/823
f 506/887/822 1819/896/2078 508/889/824
f 516/899/833 519/902/836 518/900/834
f 517/901/835 520/904/2079 519/902/836
f 519/902/836 521/905/839 528/903/837
s 3
f 514/906/223 522/909/842 525/907/840
f 522/909/842 523/915/1469 526/910/843
f 524/908/841 525/907/840 520/904/844
f 525/907/840 526/910/843 521/911/846
s 2
f 527/912/847 530/914/849 529/913/848
f 528/903/837 521/905/839 530/914/849
f 530/914/849 526/910/2080 523/915/850
f 200/243/217 533/919/855 535/916/852
f 1820/918/854 536/921/857 535/916/852
f 535/916/852 537/922/858 544/920/856
s 3
f 531/923/264 538/926/861 541/924/859
f 538/926/861 539/932/1465 542/927/862
f 540/925/860 541/924/859 536/921/863
f 541/924/859 542/927/862 537/928/865
s 2
f 543/929/866 546/931/868 545/930/867
f 544/920/856 537/922/858 546/931/868
f 546/931/868 542/927/2081 539/932/869
f 550/933/871 553/936/874 552/934/872
f 551/935/873 554/944/882 553/936/874
f 553/936/874 565/939/877 562/937/875
f 553/936/874 554/944/882 555/938/876
f 556/940/878 559/943/881 558/941/879
f 557/942/880 560/948/886 559/943/881
f 559/943/881 554/944/882 551/935/873
f 559/943/881 560/948/886 555/938/876
f 561/945/883 564/947/885 563/946/884
f 562/937/875 565/939/877 564/947/885
f 564/947/885 560/948/886 557/942/880
f 564/947/885 565/939/877 555/938/876
f 569/949/887 572/952/890 571/950/888
f 570/951/889 573/954/2082 572/952/890
f 572/952/890 574/955/893 581/953/891
s 3
f 567/956/274 575/959/896 578/957/894
f 575/959/896 576/965/1457 579/960/897
f 577/958/895 578/957/894 573/954/898
f 578/957/894 579/960/897 574/961/900
s 2
f 580/962/901 583/964/903 582/963/902
f 581/953/891 574/955/893 583/964/903
f 583/964/903 579/960/2083 576/965/904
f 584/966/906 587/970/1594 590/967/907
f 588/969/909 595/978/2084 590/967/910
f 589/968/908 590/967/910 596/971/912
f 590/967/910 595/978/2084 591/973/914
f 585/307/281 592/976/917 595/974/915
f 592/976/917 593/983/925 596/977/918
f 597/979/921 600/982/924 599/980/922
f 598/972/913 596/971/912 600/982/923
f 600/982/924 596/977/918 593/983/925
f 604/984/926 607/987/929 606/985/927
f 605/986/928 608/997/931 607/987/929
f 607/987/929 618/990/932 615/988/930
f 609/991/933 612/995/936 611/992/934
f 610/994/935 613/996/937 612/995/936
f 612/995/936 608/997/931 605/986/928
f 614/998/938 617/1000/940 616/999/939
f 615/988/930 618/990/932 617/1000/940
f 617/1000/940 613/996/937 610/994/935
f 618/990/932 608/989/931 613/996/937
f 619/318/292 622/1003/943 625/1001/941
f 622/1003/943 623/1013/955 631/1004/944
f 625/1001/945 635/1007/949 633/1005/946
f 625/1001/945 631/1004/944 626/1006/948
f 627/1008/950 630/1012/953 629/1009/951
f 628/1011/952 631/1018/960 630/1012/953
f 630/1012/954 631/1004/944 623/1013/955
f 621/1014/956 632/1017/1558 635/1015/957
f 634/1016/958 635/1015/957 631/1018/960
f 639/1019/962 642/1023/966 641/1020/963
f 640/1022/965 643/1025/968 642/1023/966
f 642/1023/966 653/1026/969 650/1024/967
f 643/1025/968 648/1031/974 653/1026/969
f 644/1027/970 647/1030/973 646/1028/971
f 645/1029/972 648/1036/974 647/1030/973
f 647/1030/973 643/1025/968 640/1022/965
f 649/1032/975 652/1035/977 651/1033/976
f 650/1024/967 653/1026/969 652/1035/977
f 652/1035/977 648/1036/974 645/1029/972
f 654/339/313 657/1039/980 660/1037/978
f 657/1039/980 658/1049/992 666/1040/981
f 660/1037/982 670/1043/986 668/1041/983
f 660/1037/982 666/1040/981 661/1042/985
f 662/1044/987 665/1048/990 664/1045/988
f 663/1047/989 666/1053/996 665/1048/990
f 665/1048/991 666/1040/981 658/1049/992
f 656/310/284 667/1052/1575 670/1050/993
f 669/1051/994 670/1050/993 666/1053/996
f 671/212/186 674/1056/1578 676/1054/998
f 674/1056/1000 681/1604/1580 677/1057/1001
f 675/1055/999 676/1054/998 688/1058/1002
f 676/1054/998 677/1057/1001 678/1060/1004
f 672/313/287 679/1063/1007 682/1061/1005
f 679/1063/1007 680/1069/1013 683/1064/1008
f 682/1061/1005 683/1064/1008 678/1060/1004
f 684/1065/1010 687/1068/1012 686/1066/1011
f 685/1059/1003 688/1058/1002 687/1068/1012
f 687/1068/1012 683/1064/1008 680/1069/1013
f 688/1058/1002 678/1060/1004 683/1064/1008
f 689/343/317 692/1072/1016 695/1070/1014
f 692/1072/1016 693/1082/1026 696/1073/1017
f 694/1071/1018 695/1070/1014 706/1074/1019
f 695/1070/1014 696/1073/1017 697/1076/1021
f 698/1077/1022 701/1081/1025 700/1078/1023
f 699/1080/1024 702/1083/1027 701/1081/1025
f 701/1081/1025 696/1073/1017 693/1082/1026
f 702/1083/1027 697/1076/1021 696/1073/1017
f 691/1084/1028 703/1610/1031 705/1085/1029
f 704/1086/1030 705/1085/1029 702/1083/1027
f 705/1085/1029 706/1074/1032 697/1076/1021
f 710/1087/1033 713/1090/1036 712/1088/1034
f 711/1089/1035 714/1092/1038 713/1090/1036
f 713/1090/1036 724/1093/1039 721/1091/1037
f 714/1092/1038 719/1098/1044 724/1093/1039
f 715/1094/1040 718/1097/1043 717/1095/1041
f 716/1096/1042 719/1103/1044 718/1097/1043
f 718/1097/1043 714/1092/1038 711/1089/1035
f 720/1099/1045 723/1102/1047 722/1100/1046
f 721/1091/1037 724/1093/1039 723/1102/1047
f 723/1102/1047 719/1103/1044 716/1096/1042
f 725/201/175 728/1107/2085 731/1104/1048
f 729/1106/1050 736/1115/2086 731/1104/1051
f 730/1105/1049 731/1104/1051 737/1108/1053
f 731/1104/1051 736/1115/2086 732/1110/1055
f 726/303/277 733/1113/1058 736/1111/1056
f 733/1113/1058 734/1120/1068 737/1114/1059
f 738/1116/1064 741/1119/1067 740/1117/1065
f 739/1109/1054 737/1108/1053 741/1119/1066
f 741/1119/1067 737/1114/1059 734/1120/1068
s 4
f 792/1121/1069 795/1124/1072 798/1122/1070
f 795/1124/1072 796/1134/1082 799/1125/1073
f 797/1123/1071 798/1122/1070 809/1126/1074
f 798/1122/1070 799/1125/1073 800/1128/1076
f 801/1129/1077 804/1133/1081 803/1130/1078
f 802/1132/1080 805/1135/1083 804/1133/1081
f 804/1133/1081 799/1125/1073 796/1134/1082
f 805/1135/1083 800/1128/1076 799/1125/1073
f 794/391/360 806/1850/1086 808/1136/1084
f 807/1137/1085 808/1136/1084 805/1140/1088
f 808/1136/1084 809/1139/1087 800/1142/1090
f 830/1143/473 833/1146/1093 835/1144/1091
f 833/1146/1093 840/1847/2087 836/1147/1094
f 834/1145/1092 835/1144/1091 847/1148/1095
f 835/1144/1091 836/1147/1094 837/1150/1097
f 831/1151/1098 838/1154/1101 841/1152/1099
f 838/1154/1101 839/1742/1729 842/1155/1102
f 841/1152/1099 842/1155/1102 837/1157/1104
f 843/1158/1105 846/1161/1108 845/1159/1106
f 844/1149/1096 847/1148/1095 846/1161/1108
f 846/1161/1108 842/1163/1110 839/1162/1109
f 847/1148/1095 837/1150/1097 842/1163/1110
f 898/1164/436 901/2114/1113 903/1165/1111
f 902/1166/1112 903/1165/1111 914/1169/1115
f 903/1165/1111 904/1168/1114 905/1171/1117
f 899/448/411 906/1174/1120 908/1172/1118
f 906/1174/1120 907/1179/1128 909/1175/1121
f 908/1172/1118 909/1175/1121 905/1171/1123
f 910/1176/1125 913/1178/1127 912/1177/1126
f 911/1170/1116 914/1169/1129 913/1178/1127
f 913/1178/1127 909/1175/1121 907/1179/1128
f 914/1169/1129 905/1171/1123 909/1175/1121
f 935/521/475 938/1182/1132 941/1180/1130
f 938/1182/1132 939/1191/1141 942/1183/1133
f 941/1180/1130 942/1183/1133 943/1185/1135
f 944/1186/1136 947/1190/1140 946/1187/1137
f 945/1189/1139 948/1192/1142 947/1190/1140
f 947/1190/1140 942/1183/1143 939/1191/1141
f 948/1192/1142 943/1185/1148 942/1183/1143
f 937/460/420 940/1842/1146 950/1193/1144
f 949/1194/1145 950/1193/1144 948/1192/1142
f 950/1193/1144 951/1184/2088 943/1185/1148
s 5
f 1002/1196/1149 1005/1199/1152 1008/1197/1150
f 1005/1199/1152 1006/1209/1162 1009/1200/1153
f 1007/1198/1151 1008/1197/1150 1019/1201/1154
f 1008/1197/1150 1009/1200/1153 1010/1203/1156
f 1011/1204/1157 1014/1208/1161 1013/1205/1158
f 1012/1207/1160 1015/1210/1163 1014/1208/1161
f 1014/1208/1161 1009/1200/1153 1006/1209/1162
f 1015/1210/1163 1010/1203/1156 1009/1200/1153
f 1004/1211/527 1016/2115/1166 1018/1212/1164
f 1017/1213/1165 1018/1212/1164 1015/1210/1168
f 1018/1212/1164 1019/1201/1167 1010/1203/1170
f 1040/707/635 1043/1216/1173 1045/1214/1171
f 1043/1216/1173 1050/2088/2089 1046/1217/1174
f 1044/1215/1172 1045/1214/1171 1057/1218/1175
f 1045/1214/1171 1046/1217/1174 1047/1220/1177
f 1041/1221/1178 1048/1224/1181 1051/1222/1179
f 1048/1224/1181 1049/1230/1949 1052/1225/1182
f 1051/1222/1179 1052/1225/1182 1047/1220/1184
f 1053/1226/1185 1056/1229/1188 1055/1227/1186
f 1054/1219/1176 1057/1218/1175 1056/1229/1188
f 1056/1229/1188 1052/1225/1190 1049/1230/1189
f 1057/1218/1175 1047/1220/1177 1052/1225/1190
f 1108/670/602 1117/2096/1193 1112/1231/1191
f 1111/1232/1192 1112/1231/1191 1124/1235/1195
f 1112/1231/1191 1113/1234/2090 1114/1237/1197
f 1109/637/577 1115/1240/1200 1118/1238/1198
f 1115/1240/1200 1116/1245/1207 1119/1241/1201
f 1118/1238/1198 1119/1241/1201 1114/1237/1203
f 1120/1242/1204 1123/1244/1206 1122/1243/1205
f 1121/1236/1196 1124/1235/1208 1123/1244/1206
f 1123/1244/1206 1119/1241/1201 1116/1245/1207
f 1124/1235/1208 1114/1237/1203 1119/1241/1201
f 1145/709/637 1148/1248/1211 1150/1246/1209
f 1148/1248/1211 1149/1258/1221 1151/1249/1212
f 1150/1246/1209 1151/1249/1212 1152/1251/1214
f 1153/1252/1216 1156/1256/1220 1155/1253/1217
f 1154/1255/1219 1157/1260/1222 1156/1256/1220
f 1156/1257/1220 1151/1249/1223 1149/1258/1221
f 1157/1260/1222 1152/1266/1228 1151/1261/1223
f 1147/649/586 1158/2085/1226 1160/1262/1224
f 1159/1263/1225 1160/1262/1224 1157/1260/1222
f 1160/1262/1224 1161/1265/1227 1152/1266/1228
s 1
f 222/25/22 1162/24/21 1164/1267/1229
f 225/1268/1230 1164/1267/1229 1165/1269/1231
f 224/1270/1233 1165/1269/1238 1166/1271/1234
f 1166/1273/1234 1163/141/121 221/182/158
f 1162/24/21 206/15/12 208/1275/1236
f 1164/1267/1229 208/1275/1236 209/1276/1237
f 1165/1269/1238 209/1276/1276 210/1277/1239
f 210/1278/1239 207/35/31 1163/141/121
f 1167/61/55 1169/1280/1241 230/1279/1240
f 1169/1280/1241 1170/1282/1247 229/1281/1242
f 1170/1282/1243 1171/1287/1249 228/1283/1244
f 228/1284/1244 1171/1288/1249 1168/119/104
f 211/193/167 213/1285/1246 1169/1280/1241
f 213/1285/1246 214/1286/1314 1170/1282/1247
f 214/1286/1248 215/1356/1316 1171/1287/1249
f 1171/1288/1249 215/1357/1316 212/18/15
f 1172/131/113 1174/1290/1251 205/1289/1250
f 1174/1290/1251 1175/1292/1256 204/1291/1252
f 1175/1292/1253 1176/1295/1257 203/1293/1254
f 203/1294/1254 1176/1296/1257 1173/4/4
f 222/25/22 225/1268/1230 1174/1290/1251
f 225/1268/1230 224/1270/1232 1175/1292/1256
f 224/1270/1233 223/1272/1235 1176/1295/1257
f 1176/1296/1257 223/1274/1235 221/182/158
f 217/160/137 1177/26/23 1179/1297/1258
f 220/1298/1259 1179/1297/1258 1180/1299/1260
f 219/1300/1262 1180/1299/1265 1181/1301/1263
f 1181/1303/1263 1178/23/20 216/10/8
f 1177/26/23 227/8/7 230/1279/1240
f 1179/1297/1258 230/1279/1240 229/1281/1242
f 1180/1299/1265 229/1281/1245 228/1283/1244
f 228/1284/1244 226/21/18 1178/23/20
f 232/161/138 1182/155/133 1184/1305/1266
f 235/1306/1267 1184/1305/1266 1185/1307/1268
f 234/1309/1270 1185/2116/1273 1186/1310/1271
f 1186/1310/1271 1183/12/10 231/29/25
f 1182/155/133 217/160/137 220/1298/1259
f 1184/1305/1266 220/1298/1259 219/1300/1261
f 1185/1307/1273 219/1300/1262 218/1302/1264
f 218/1304/1264 216/10/8 1183/12/10
f 206/15/12 1187/14/11 1189/1313/1274
f 208/1275/1236 1189/1313/1274 1190/1314/1275
f 209/1276/1276 1190/1314/1280 1191/1315/1277
f 1191/1316/1277 1188/33/29 207/35/31
f 1187/14/11 236/44/39 238/1317/1278
f 1189/1313/1274 238/1317/1278 239/1318/1279
f 1190/1314/1280 239/1318/1284 240/1319/1281
f 240/1320/1281 237/32/28 1188/33/29
f 236/44/39 1192/53/47 1194/1321/1282
f 238/1317/1278 1194/1321/1282 1195/1322/1283
f 239/1318/1284 1195/1322/1288 1196/1323/1285
f 1196/1324/1285 1193/30/26 237/32/28
f 1192/53/47 246/52/46 248/1325/1286
f 1194/1321/1282 248/1325/1286 249/1326/1287
f 1195/1322/1288 249/1326/1306 250/1327/1289
f 250/1328/1289 247/42/38 1193/30/26
f 242/194/168 1197/186/161 1199/1329/1290
f 245/1330/1291 1199/1329/1290 1200/1331/1292
f 244/1333/1294 1200/1336/1297 1201/1334/1295
f 1201/1334/1295 1198/37/33 241/39/35
f 1197/186/161 232/161/138 235/1306/1267
f 1199/1329/1290 235/1306/1267 234/1308/1269
f 1200/1336/1297 234/1309/1270 233/1311/1272
f 233/1311/1272 231/29/25 1198/37/33
f 1202/172/148 1204/1338/1299 273/1337/1298
f 1204/1338/1299 1205/1340/1301 272/1339/1300
f 1205/1340/1301 1206/1342/1303 271/1341/1302
f 1206/1342/1303 1203/135/115 269/1343/44
f 252/732/660 262/731/659 1204/1338/1299
f 262/731/659 255/735/663 1205/1340/1301
f 255/735/663 254/725/653 1206/1342/1303
f 254/725/653 251/722/650 1203/135/115
f 246/52/46 1207/154/132 1209/1344/1304
f 248/1325/1286 1209/1344/1304 1210/1345/1305
f 249/1326/1306 1210/1345/1308 1211/1346/1307
f 250/1328/1289 1211/1348/1307 1208/40/36
f 1207/154/132 270/170/146 273/1337/1298
f 1209/1344/1304 273/1337/1298 272/1339/1300
f 1210/1345/1308 272/1339/1300 271/1341/1302
f 271/1347/1302 269/49/44 1208/40/36
f 252/732/660 1212/171/147 1214/1349/1309
f 260/730/658 1214/1349/1309 1215/1350/1310
f 261/1351/670 1215/1353/1312 1216/1352/1311
f 266/738/666 1216/1352/1311 1213/46/41
f 1212/171/147 242/194/168 245/1330/1291
f 1214/1349/1309 245/1330/1291 244/1332/1293
f 1215/1353/1312 244/1333/1294 243/1335/1296
f 1216/1352/1311 243/1335/1296 241/39/35
f 1217/69/62 1219/1354/1313 213/1285/1246
f 1219/1354/1313 1220/1355/1318 214/1286/1314
f 1220/1355/1315 1221/1360/1320 215/1356/1316
f 215/1357/1316 1221/1361/1320 1218/164/140
f 279/130/112 281/1358/1317 1219/1354/1313
f 281/1358/1317 282/1359/1336 1220/1355/1318
f 282/1359/1319 283/1379/1338 1221/1360/1320
f 1221/1361/1320 283/1381/1338 280/58/52
f 1222/1/1 1224/1363/1322 278/1362/1321
f 1224/1363/1322 1225/1365/1327 277/1364/1323
f 1225/1365/1324 1226/1368/1328 276/1366/1325
f 276/1367/1325 1226/1369/1328 1223/54/48
f 202/3/3 205/1289/1250 1224/1363/1322
f 205/1289/1250 204/1291/1252 1225/1365/1327
f 204/1291/1255 203/1293/1254 1226/1368/1328
f 1226/1369/1328 203/1294/1254 201/16/13
f 291/757/688 1227/145/124 1229/1370/1329
f 302/755/686 1229/1370/1329 1230/1371/1330
f 303/746/677 1230/1371/1330 1231/1372/1331
f 293/742/673 1231/1372/1331 1228/120/105
f 1227/145/124 284/147/126 286/1373/1332
f 1229/1370/1329 286/1373/1332 287/1374/1333
f 1230/1371/1330 287/1374/1333 288/1375/1334
f 1231/1372/1331 288/1375/1334 285/1376/58
f 1232/146/125 1234/1377/1335 281/1358/1317
f 1234/1377/1335 1235/1378/1340 282/1359/1336
f 1235/1378/1337 1236/1382/1339 283/1379/1338
f 1236/1380/1339 1233/66/60 280/58/52
f 291/757/688 304/756/687 1234/1377/1335
f 304/756/687 298/759/690 1235/1378/1340
f 298/759/1341 297/751/682 1236/1382/1339
f 297/1383/682 290/748/679 1233/66/60
f 1237/148/127 1239/1384/1342 286/1373/1332
f 1239/1384/1342 1240/1385/1344 287/1374/1333
f 1240/1385/1343 1241/1387/1345 288/1375/1334
f 288/1386/1334 1241/1388/1345 1238/62/56
f 275/179/155 278/1362/1321 1239/1384/1342
f 278/1362/1321 277/1364/1323 1240/1385/1344
f 277/1364/1326 276/1366/1325 1241/1387/1345
f 276/1367/1325 274/56/50 1238/62/56
f 1242/144/123 1244/1390/1347 331/1389/1346
f 1244/1390/1347 1245/1392/1349 330/1391/1348
f 1245/1392/1349 1246/1394/1351 329/1393/1350
f 1246/1394/1351 1243/191/165 327/192/166
f 312/91/81 314/1395/1352 1244/1390/1347
f 314/1395/1352 315/1396/1353 1245/1392/1349
f 315/1396/1353 316/1397/1354 1246/1394/1351
f 316/1397/1354 313/190/164 1243/191/165
f 336/1399/1356 1249/1398/1355 1250/1400/1357
f 334/1403/1360 1251/1402/1359 1248/125/108
f 1247/84/74 317/88/78 319/1404/1361
f 1249/1398/1355 319/1404/1361 320/1405/1362
f 1250/1400/1357 320/1405/1362 321/1406/1363
f 1251/1402/1359 321/1406/1363 318/126/109
f 308/81/71 1252/72/64 1254/1407/1364
f 311/1408/1365 1254/1407/1364 1255/1409/1366
f 310/1410/1367 1255/1409/1366 1256/1411/1368
f 1252/72/64 328/71/63 331/1389/1346
f 1254/1407/1364 331/1389/1346 330/1391/1348
f 1255/1409/1366 330/1391/1348 329/1393/1350
f 1256/1411/1368 329/1393/1350 327/192/166
f 1257/86/76 1259/1414/1371 326/1413/1370
f 1259/1414/1371 1260/1416/1373 325/1415/1372
f 1260/1416/1373 1261/1418/1375 324/1417/1374
f 1261/1418/1375 1258/163/139 322/183/159
f 333/85/75 336/1399/1356 1259/1414/1371
f 336/1399/1356 335/1401/1358 1260/1416/1373
f 335/1401/1358 334/1403/1360 1261/1418/1375
f 334/1403/1360 332/128/111 1258/163/139
f 1262/77/68 1264/1420/1377 341/1419/1376
f 1265/1422/1379 1266/1424/1381 339/1423/1380
f 1266/1424/1381 1263/94/84 337/78/69
f 323/127/110 326/1413/1370 1264/1420/1377
f 326/1413/1370 325/1415/1372 1265/1422/1379
f 325/1415/1372 324/1417/1374 1266/1424/1381
f 324/1417/1374 322/183/159 1263/94/84
f 1267/92/82 1269/1425/1382 314/1395/1352
f 1269/1425/1382 1270/1426/1383 315/1396/1353
f 1270/1426/1383 1271/1427/1384 316/1397/1354
f 1271/1427/1384 1268/74/66 313/190/164
f 342/97/86 344/1428/1385 1269/1425/1382
f 344/1428/1385 345/1429/1386 1270/1426/1383
f 345/1429/1386 346/1430/1387 1271/1427/1384
f 346/1430/1387 343/140/120 1268/74/66
f 1272/98/87 1274/1431/1388 344/1428/1385
f 1274/1431/1388 1275/1432/1389 345/1429/1386
f 1275/1432/1389 1276/1433/1390 346/1430/1387
f 1276/1433/1390 1273/184/160 343/140/120
f 352/102/90 354/1434/1391 1274/1431/1388
f 354/1434/1391 355/1435/1392 1275/1432/1389
f 355/1435/1392 356/1436/1393 1276/1433/1390
f 356/1436/1393 353/181/157 1273/184/160
f 1277/93/83 1279/1438/1395 351/1437/1394
f 1279/1438/1395 1280/1440/1397 350/1439/1396
f 1280/1440/1397 1281/1442/1399 349/1441/1398
f 338/157/134 341/1419/1376 1279/1438/1395
f 341/1419/1376 340/1421/1378 1280/1440/1397
f 340/1421/1378 339/1423/1380 1281/1442/1399
f 339/1423/1380 337/78/69 1278/80/70
f 375/189/163 1282/2103/119 1284/1443/1400
f 378/1444/1401 1284/1443/1400 1285/1445/1402
f 377/1446/1403 1285/1445/1402 1286/1447/1404
f 376/1448/1405 1286/1447/1404 1283/174/150
f 1282/139/119 357/138/118 360/761/693
f 1284/1443/1400 360/765/693 370/767/697
f 1285/1445/1402 370/767/697 369/773/705
f 1286/1447/1404 369/773/705 359/175/151
f 1287/104/92 1289/1450/1406 354/1434/1391
f 1289/1450/1406 1290/1451/1407 355/1435/1392
f 1290/1451/1407 1291/1452/1408 356/1436/1393
f 1291/1452/1408 1288/158/135 353/181/157
f 375/189/163 378/1444/1401 1289/1450/1406
f 378/1444/1401 377/1446/1403 1290/1451/1407
f 377/1446/1403 376/1448/1405 1291/1452/1408
f 376/1448/1405 374/176/152 1288/158/135
f 1292/99/88 1294/1453/1409 364/771/701
f 1294/1453/1409 1295/1454/1410 365/776/708
f 1295/1454/1410 1296/1455/1411 371/774/706
f 1296/1455/1411 1293/173/149 359/175/151
f 351/1437/1394 350/1439/1396 1295/1454/1410
f 350/1439/1396 349/1441/1398 1296/1455/1411
f 319/1404/1361 1299/1456/1412 1300/1457/1413
f 320/1405/1362 1300/1457/1413 1301/1458/1414
f 321/1406/1363 1301/1458/1414 1298/168/144
f 1297/109/95 384/110/96 386/1459/1415
f 1299/1456/1412 386/1459/1415 387/1460/1416
f 1300/1457/1413 387/1460/1416 388/1461/1417
f 380/111/97 1302/82/72 1304/1462/1418
f 383/1463/1419 1304/1462/1418 1305/1464/1420
f 382/1465/1421 1305/1464/1420 1306/1466/1422
f 381/1467/1423 1306/1466/1422 1303/115/100
f 1302/82/72 308/81/71 311/1408/1365
f 1304/1462/1418 311/1408/1365 310/1410/1367
f 1305/1464/1420 310/1410/1367 309/1412/1369
f 1306/1466/1422 309/1412/1369 307/106/94
f 1307/124/107 1309/2117/1424 397/1468/712
f 1309/1469/1424 1310/1470/1425 398/790/722
f 1310/1470/1425 1311/1471/1426 404/786/718
f 1311/1471/1426 1308/152/131 395/787/719
f 389/118/103 391/1473/1427 1309/1469/1424
f 391/1473/1427 392/1474/1428 1310/1470/1425
f 392/1474/1428 393/1475/1429 1311/1471/1426
f 393/1475/1429 390/149/128 1308/152/131
f 384/110/96 1312/116/101 1314/1476/1430
f 386/1459/1415 1314/1476/1430 1315/1477/1431
f 388/1461/1417 1316/1478/1432 1313/151/130
f 1312/116/101 396/117/102 408/793/726
f 1315/1477/1431 403/788/720 402/785/717
f 1316/1478/1432 402/785/717 395/787/719
f 389/118/103 1317/112/98 1319/1479/1433
f 391/1473/1427 1319/1479/1433 1320/1480/1434
f 392/1474/1428 1320/1480/1434 1321/1481/1435
f 393/1475/1429 1321/1481/1435 1318/150/129
f 1317/112/98 380/111/97 383/1463/1419
f 1319/1479/1433 383/1463/1419 382/1465/1421
f 1320/1480/1434 382/1465/1421 381/1467/1423
f 1321/1481/1435 381/1467/1423 379/114/99
f 396/117/102 1322/67/61 1324/1482/1436
f 407/778/1437 1324/1486/1442 1323/177/153
f 1322/67/61 290/748/679 299/750/1439
f 1324/1486/1442 292/743/2091 289/178/154
f 253/48/43 1325/47/42 1327/1487/1443
f 1327/1489/1447 1326/136/116 251/722/650
f 1325/47/42 358/105/93 366/770/700
f 366/1490/1449 357/138/2092 1326/136/116
s 2
f 532/260/234 1328/259/233 1330/1491/1450
f 543/929/866 1330/1491/1450 1331/1492/1451
f 1331/1492/1451 1332/1493/1452 534/917/853
f 1332/1493/1452 1329/261/235 200/243/217
f 1328/259/233 547/275/249 552/934/872
f 1330/1491/1450 552/934/872 562/937/875
f 562/937/875 561/945/883 1332/1493/1452
f 561/945/883 549/301/275 1329/261/235
f 1333/253/227 1335/1494/1453 556/940/878
f 1335/1494/1453 1336/1496/1455 557/942/880
f 557/942/880 1336/1496/1455 1337/1495/1454
f 563/946/884 1337/1495/1454 1334/240/214
f 566/231/205 571/950/888 1335/1494/1453
f 571/950/888 581/953/891 1336/1496/1455
f 1336/1496/1455 581/953/891 580/962/901
f 1337/1495/1454 580/962/901 568/269/243
s 3
f 1338/1497/262 1340/1498/1456 575/959/896
f 1340/1498/1456 1341/1500/1459 576/965/1457
s 2
f 1341/1499/1458 1339/242/216 568/269/243
s 3
f 1338/1497/262 531/923/264 540/925/860
f 1340/1498/1456 540/925/860 1820/918/864
s 2
f 1341/1499/1458 533/919/855 200/243/1460
f 515/299/273 1342/296/270 1344/1501/1461
f 527/912/847 1344/1501/1461 1345/1502/1462
f 1345/1502/1462 1346/1503/1463 518/900/834
f 1346/1503/1463 1343/274/248 513/280/254
f 1342/296/270 548/254/228 558/941/879
f 1344/1501/1461 558/941/879 551/935/873
f 551/935/873 550/933/871 1346/1503/1463
s 3
f 1351/1508/225 1353/1509/1468 522/909/842
f 1353/1509/1468 1354/1511/1471 523/915/1469
s 2
f 1354/1510/1470 1352/230/204 515/299/273
s 3
f 1351/1508/225 567/956/274 577/958/895
f 1353/1509/1468 577/958/895 570/951/899
s 2
f 1354/1510/1470 569/949/887 566/231/205
f 438/818/1473 1357/1512/1472 1358/1513/1474
f 441/1516/1477 1359/1515/1476 1356/246/220
f 416/796/731 424/799/734 1358/1513/1474
f 423/808/742 413/244/218 1356/246/220
f 1362/1518/1479 423/809/742 420/805/740
f 1364/1520/1483 419/802/737 412/804/739
f 1365/315/289 1367/1522/1484 441/1521/1477
f 1368/1523/1486 1369/1524/1487 444/825/762
f 1365/315/289 447/216/190 453/1525/1478
f 1367/1522/1484 453/1525/1478 452/1526/1488
f 1369/1524/1487 451/836/1489 446/247/221
f 465/851/789 1370/298/272 1372/1527/1490
f 468/849/787 1372/1527/1490 1373/1528/1491
f 469/852/790 1373/1528/1491 1374/1529/1492
f 473/860/797 1374/1529/1492 1371/278/252
f 426/219/193 430/811/1493 1372/1527/1490
f 430/811/1493 1816/813/1494 1373/1528/1491
f 1816/813/1494 434/1530/1495 1374/1529/1492
f 434/1530/1495 428/276/250 1371/278/252
f 480/272/246 1375/262/236 1377/1531/1496
f 483/864/1497 1377/1531/1496 1378/1532/1498
f 1815/1533/1499 1378/1532/1498 1379/1534/1500
f 485/1535/1501 1379/1534/1500 1376/336/310
f 467/264/238 478/862/799 1377/1531/1496
f 478/862/799 474/857/795 1378/1532/1498
f 474/857/795 473/859/797 1379/1534/1500
f 473/859/797 466/320/294 1376/336/310
f 1380/208/182 1382/1537/1502 485/1536/1501
f 1382/1537/1502 1383/1538/1504 1815/871/1503
f 1383/1538/1504 1384/1539/1506 488/869/1505
f 1384/1539/1506 1381/267/241 482/270/244
f 1380/208/182 428/276/250 434/1540/1495
f 1382/1537/1502 434/1540/1495 433/816/1507
f 1383/1538/1504 433/816/1507 432/817/1508
f 1384/1539/1506 432/817/1508 427/265/239
f 1385/256/230 1387/1542/1510 463/1541/1509
f 1387/1542/1510 1388/1543/1512 1818/843/1511
f 1388/1543/1512 1389/1544/1513 459/839/776
f 1389/1544/1513 1386/293/267 455/341/315
f 1385/256/230 490/279/253 496/882/817
f 1387/1542/1510 496/882/817 493/875/810
f 1388/1543/1512 493/875/810 492/872/807
f 1389/1544/1513 492/872/807 489/874/809
f 1390/326/300 1392/1545/1514 496/879/817
f 1392/1545/1514 1393/1546/1520 498/886/1515
f 1393/1546/1516 1394/1547/1517 501/884/819
f 1394/1547/1517 1391/200/174 491/284/258
f 1390/326/300 504/327/301 509/1548/1518
f 1392/1545/1514 509/1548/1518 1819/1549/1519
f 1393/1546/1516 1819/1549/2093 506/887/822
f 1394/1547/1517 506/887/822 503/198/172
f 1395/340/314 1397/1551/1521 509/1550/1518
f 1397/1551/1521 1398/1552/1523 510/897/1522
f 1398/1552/1523 1399/1553/1524 512/894/828
f 1399/1553/1524 1396/285/259 505/291/265
f 1395/340/314 457/195/169 463/1554/1509
f 1397/1551/1521 463/1554/1509 464/1555/1525
f 1398/1552/1523 464/1555/1525 462/847/782
f 1399/1553/1524 462/847/782 456/844/781
f 586/981/307 1400/1559/306 1402/1556/1526
f 597/979/921 1402/1556/1526 1403/1557/1527
f 598/972/913 1403/1557/1527 1404/1558/1528
f 1407/1560/1529 1408/1561/1530 623/1013/955
f 1408/1561/1530 1409/1562/1531 629/1009/951
f 1409/1562/1531 1406/1563/196 620/1010/198
f 610/994/935 609/991/933 1409/1562/1531
f 609/991/933 602/993/308 1406/1563/196
f 1410/309/283 1412/1564/1532 592/976/917
f 1412/1564/1532 1413/1565/1533 593/983/925
f 1413/1565/1533 1414/1566/1534 599/980/922
f 1414/1566/1534 1411/1567/197 586/981/307
f 1410/309/283 621/1014/956 634/1016/958
f 1412/1564/1532 634/1016/958 628/1011/952
f 1413/1565/1533 628/1011/952 627/1008/950
f 1414/1566/1534 627/1008/950 620/1010/198
f 1415/1568/297 1417/1569/1535 649/1032/975
f 1417/1569/1535 1418/1570/1536 650/1024/967
f 1418/1570/1536 1419/1571/1537 641/1020/963
f 1419/1571/1537 1416/226/200 636/1021/964
f 655/1046/299 664/1045/988 1417/1569/1535
f 664/1045/988 658/1049/992 1418/1570/1536
f 658/1049/992 657/1039/980 1419/1571/1537
f 657/1039/980 654/339/313 1416/226/200
f 673/1067/312 1420/1575/311 1422/1572/1538
f 684/1065/1010 1422/1572/1538 1423/1573/1539
f 685/1059/1003 1423/1573/1539 1424/1574/1540
f 675/1055/999 1424/1574/1540 1421/213/187
f 1420/1575/311 638/1034/295 651/1033/976
f 1422/1572/1538 651/1033/976 645/1029/972
f 1423/1573/1539 645/1029/972 644/1027/970
f 1424/1574/1540 644/1027/970 637/312/286
f 1425/311/285 1427/1576/1541 679/1063/1007
f 1427/1576/1541 1428/1577/1542 680/1069/1013
f 1428/1577/1542 1429/1578/1543 686/1066/1011
f 1429/1578/1543 1426/1579/298 673/1067/312
f 1425/311/285 656/310/284 669/1051/994
f 1427/1576/1541 669/1051/994 663/1047/989
f 1428/1577/1542 663/1047/989 662/1044/987
f 1429/1578/1543 662/1044/987 655/1046/299
f 1430/331/305 1432/1580/1544 692/1072/1016
f 1432/1580/1544 1433/1581/1545 693/1082/1026
f 1433/1581/1545 1434/1582/1546 700/1078/1023
f 1434/1582/1546 1431/1583/179 690/1079/189
f 707/330/304 712/1088/1034 1432/1580/1544
f 712/1088/1034 721/1091/1037 1433/1581/1545
f 721/1091/1037 720/1099/1045 1434/1582/1546
f 720/1099/1045 709/1101/177 1431/1583/179
f 708/302/276 1435/202/176 1437/1584/1547
f 715/1094/1040 1437/1584/1547 1438/1585/1548
f 716/1096/1042 1438/1585/1548 1439/1586/1549
f 722/1100/1046 1439/1586/1549 1436/1587/302
f 1435/202/176 725/201/175 730/1105/1049
f 1437/1584/1547 730/1105/1049 739/1109/1054
f 1438/1585/1548 739/1109/1054 738/1116/1064
f 1439/1586/1549 738/1116/1064 727/1118/303
f 1440/304/278 1442/1588/1550 733/1113/1058
f 1442/1588/1550 1443/1589/1551 734/1120/1068
f 1443/1589/1551 1444/1590/1552 740/1117/1065
f 1444/1590/1552 1441/1591/188 727/1118/303
f 1440/304/278 691/1084/1028 704/1086/1030
f 1442/1588/1550 704/1086/1030 699/1080/1024
f 1443/1589/1551 699/1080/1024 698/1077/1022
f 1444/1590/1552 698/1077/1022 690/1079/189
f 411/167/143 1445/166/142 1447/1592/1553
f 1447/1592/1553 1448/1593/1555 415/797/1554
f 1448/1593/1555 1449/1594/1556 421/803/738
f 1449/1594/1556 1446/237/211 412/804/739
f 1445/166/142 601/319/293 606/985/927
f 1447/1592/1553 606/985/927 615/988/930
f 615/988/930 614/998/938 1449/1594/1556
f 614/998/938 603/305/279 1446/237/211
f 621/1014/956 1450/308/282 1452/1595/1557
s 28
f 633/1005/1560 1452/1596/1564 1453/1597/1561
s 2
f 1453/1597/1563 1451/317/291 619/318/292
f 446/247/221 448/835/2094 1452/1595/1557
f 1453/1597/1563 448/830/2095 445/316/290
f 426/219/193 1454/221/195 1456/1598/1566
f 1457/1600/1571 1455/1601/1576 427/265/239
f 654/339/313 659/1038/979 1456/1598/1566
s 29
f 1456/1598/1569 659/1038/2096 668/1041/1573
s 2
f 1457/1600/1571 667/1052/1575 656/310/284
f 1458/1602/1577 1460/1605/1581 674/1056/1578
f 681/1062/1006 1460/1606/1582 1459/271/245
f 480/272/246 487/865/2097 1460/1605/1581
f 1460/1606/1582 487/868/2098 482/270/244
f 1461/283/257 1463/1608/1585 499/883/818
f 499/883/818 1463/1608/1585 1464/1607/1583
f 1464/1607/1583 1465/1609/1586 494/873/808
f 494/873/808 1465/1609/1586 1462/294/268
f 708/302/276 717/1095/1041 1463/1608/1585
f 1463/1608/1585 717/1095/1041 711/1089/1035
f 711/1089/1035 710/1087/1033 1465/1609/1586
f 1465/1609/1586 710/1087/1033 707/330/304
f 1466/286/260 1468/1612/1589 703/1610/1031
f 703/1075/1020 1468/1613/1590 1469/1611/1587
f 1469/1611/1588 1467/342/316 689/343/317
f 456/844/781 461/846/783 1468/1612/1589
f 1468/1613/1590 461/840/2099 458/838/1591
f 458/838/1592 455/341/315 1467/342/316
f 584/966/906 1470/281/255 1472/1614/1593
s 30
f 1472/1614/1595 1473/1616/1602 588/969/1596
s 2
f 1473/1615/1599 1471/234/208 585/307/281
f 1470/281/255 435/209/183 439/819/1600
s 30
f 1472/1614/1595 439/819/2100 443/823/1601
s 2
f 1473/1615/1599 443/824/761 437/235/209
f 467/264/238 1474/263/237 1476/1617/1603
f 1476/1617/1603 1477/1618/1605 477/854/1604
f 1477/1618/1605 1478/1619/1606 470/850/788
f 470/850/788 1478/1619/1606 1475/225/199
f 637/312/286 646/1028/971 1476/1617/1603
f 646/1028/971 640/1022/965 1477/1618/1605
f 640/1022/965 639/1019/962 1478/1619/1606
f 1478/1619/1606 639/1019/962 636/1021/964
f 505/291/265 1479/292/266 1481/1620/1607
s 31
f 511/892/1608 1481/1622/1614 1482/1621/1609
s 2
f 1482/1621/1610 1480/1623/1615 503/198/172
f 726/303/277 735/1112/1057 1481/1620/1607
s 31
f 729/1106/1613 728/1107/2101 1482/1621/1609
s 2
f 1482/1621/1610 728/1107/2085 725/201/175
s 4
f 763/368/339 1483/367/338 1485/1624/1616
f 766/1625/1617 1485/1624/1616 1486/1626/1618
f 765/1628/1620 1486/1633/1625 1487/1629/1621
f 1487/1629/1621 1484/482/439 762/523/477
f 1483/367/338 747/358/329 749/1631/1623
f 1485/1624/1616 749/1631/1623 750/1632/1624
f 1486/1633/1625 750/2118/1663 751/1634/1626
f 751/1634/1626 748/378/348 1484/482/439
f 1488/404/372 1490/1641/1628 771/1635/1627
f 1490/1636/1628 1491/1639/1634 770/1637/1629
f 1491/1639/1630 1492/1644/1636 769/1640/1631
f 769/1640/1631 1492/1644/1636 1489/462/422
f 752/534/486 754/1711/1633 1490/1641/1628
f 754/1642/1633 755/1643/1702 1491/1639/1634
f 755/1643/1635 756/1714/1704 1492/1644/1636
f 1492/1644/1636 756/1714/1704 753/361/332
f 1493/472/431 1495/1646/1638 746/1645/1637
f 1495/1646/1638 1496/1651/1643 745/1647/1639
f 1496/1648/1640 1497/1652/1644 744/1649/1641
f 744/1649/1641 1497/1652/1644 1494/347/321
f 763/368/339 766/1625/1617 1495/1646/1638
f 766/1625/1617 765/1627/1619 1496/1651/1643
f 765/1628/1620 764/1630/1622 1497/1652/1644
f 1497/1652/1644 764/1630/1622 762/523/477
f 758/501/456 1498/369/340 1500/1653/1645
f 761/1655/1646 1500/1660/1645 1501/1656/1647
f 760/1657/1649 1501/1656/1652 1502/1658/1650
f 1502/1658/1650 1499/366/337 757/353/325
f 1498/369/340 768/351/324 771/1635/1627
f 1500/1660/1645 771/1638/1627 770/1637/1629
f 1501/1656/1652 770/1637/1632 769/1640/1631
f 769/1640/1631 767/364/335 1499/366/337
f 773/502/457 1503/496/452 1505/1661/1653
f 776/1663/1654 1505/1668/1653 1506/1664/1655
f 775/1665/1657 1506/1664/1660 1507/1666/1658
f 1507/1666/1658 1504/355/327 772/372/342
f 1503/496/452 758/501/456 761/1654/1646
f 1505/1668/1653 761/1655/1646 760/1657/1648
f 1506/1664/1660 760/1657/1649 759/1659/1651
f 759/1659/1651 757/353/325 1504/355/327
f 747/358/329 1508/357/328 1510/1669/1661
f 749/1631/1623 1510/1669/1661 1511/1670/1662
f 750/1632/1663 1511/1670/1667 1512/1671/1664
f 1512/1673/1664 1509/376/346 748/378/348
f 1508/357/328 777/387/356 779/1674/1665
f 1510/1669/1661 779/1674/1665 780/1675/1666
f 1511/1670/1667 780/1675/1671 781/1676/1668
f 781/1677/1668 778/375/345 1509/376/346
f 777/387/356 1513/396/364 1515/1678/1669
f 779/1674/1665 1515/1678/1669 1516/1679/1670
f 780/1675/1671 1516/1679/1675 1517/1680/1672
f 1517/1681/1672 1514/373/343 778/375/345
f 1513/396/364 787/395/363 789/1682/1673
f 1515/1678/1669 789/1682/1673 790/1683/1674
f 1516/1679/1675 790/1683/1693 791/1684/1676
f 791/1685/1676 788/385/355 1514/373/343
f 783/535/487 1518/527/480 1520/1686/1677
f 786/1687/1678 1520/1686/1677 1521/1688/1679
f 785/1690/1681 1521/1694/1684 1522/1691/1682
f 1522/1691/1682 1519/380/350 782/382/352
f 1518/527/480 773/502/457 776/1662/1654
f 1520/1686/1677 776/1662/1654 775/1693/1656
f 1521/1694/1684 775/1665/1657 774/1667/1659
f 774/1667/1659 772/372/342 1519/380/350
f 1523/513/467 1525/1696/1686 814/1695/1685
f 1525/1696/1686 1526/1698/1688 813/1697/1687
f 1526/1698/1688 1527/1700/1690 812/1699/1689
f 1527/1700/1690 1524/476/433 810/1701/361
f 793/1131/1079 803/1130/1078 1525/1696/1686
f 803/1130/1078 796/1134/1082 1526/1698/1688
f 796/1134/1082 795/1124/1072 1527/1700/1690
f 795/1124/1072 792/1121/1069 1524/476/433
f 787/395/363 1528/495/451 1530/1702/1691
f 789/1682/1673 1530/1702/1695 1531/1703/1692
f 790/1683/1693 1531/1703/1696 1532/1704/1694
f 791/1685/1676 1532/1706/1694 1529/383/353
f 1528/495/451 811/511/465 814/1695/1685
f 1530/1702/1695 814/1695/1685 813/1697/1687
f 1531/1703/1696 813/1697/1687 812/1699/1689
f 812/1705/1689 810/392/361 1529/383/353
f 793/1131/1079 1533/512/466 1535/1707/1697
f 801/1129/1077 1535/1707/1697 1536/1708/1698
f 802/1141/1089 1536/1710/1700 1537/1709/1699
f 807/1137/1085 1537/1709/1699 1534/389/358
f 1533/512/466 783/535/487 786/1687/1678
f 1535/1707/1697 786/1687/1678 785/1689/1680
f 1536/1710/1700 785/1690/1681 784/1692/1683
f 1537/1709/1699 784/1692/1683 782/382/352
f 1538/412/379 1540/1715/1701 754/1711/1633
f 1540/1712/1701 1541/1713/1706 755/1643/1702
f 1541/1713/1703 1542/1718/1708 756/1714/1704
f 756/1714/1704 1542/1718/1708 1539/505/459
f 820/471/430 822/1735/1705 1540/1715/1701
f 822/1716/1705 823/1717/1724 1541/1713/1706
f 823/1717/1707 824/1738/1726 1542/1718/1708
f 1542/1718/1708 824/1738/1726 821/401/369
f 1543/344/318 1545/1720/1710 819/1719/1709
f 1545/1720/1710 1546/1725/1715 818/1721/1711
f 1546/1722/1712 1547/1726/1716 817/1723/1713
f 817/1723/1713 1547/1726/1716 1544/397/365
f 743/346/320 746/1645/1637 1545/1720/1710
f 746/1645/1637 745/1647/1639 1546/1725/1715
f 745/1650/1642 744/1649/1641 1547/1726/1716
f 1547/1726/1716 744/1649/1641 742/359/330
f 832/1160/1107 1548/486/442 1550/1727/1717
f 843/1158/1105 1550/1727/1717 1551/1728/1718
f 844/1149/1096 1551/1728/1718 1552/1729/1719
f 834/1145/1092 1552/1729/1719 1549/1730/423
f 1548/486/442 825/488/444 827/1731/1720
f 1550/1727/1717 827/1731/1720 828/1732/1721
f 1551/1728/1718 828/1732/1721 829/1733/1722
f 1552/1734/1719 829/1745/1722 826/407/375
f 1553/487/443 1555/1740/1723 822/1735/1705
f 1555/1736/1723 1556/1737/1728 823/1717/1724
f 1556/1737/1725 1557/1739/1727 824/1738/1726
f 1557/1739/1727 1554/409/377 821/401/369
f 832/1160/1107 845/1159/1106 1555/1740/1723
f 845/1741/1106 839/1742/1109 1556/1737/1728
f 839/1742/1729 838/1154/1101 1557/1739/1727
f 838/1154/1101 831/1151/1098 1554/409/377
f 1558/489/445 1560/1743/1730 827/1731/1720
f 1560/1743/1730 1561/1747/1732 828/1732/1721
f 1561/1744/1731 1562/1748/1733 829/1745/1722
f 829/1745/1722 1562/1748/1733 1559/405/373
f 816/520/474 819/1719/1709 1560/1743/1730
f 819/1719/1709 818/1721/1711 1561/1747/1732
f 818/1724/1714 817/1723/1713 1562/1748/1733
f 817/1723/1713 815/399/367 1559/405/373
f 1563/485/441 1565/1750/1735 872/1749/1734
f 1565/1750/1735 1566/1752/1737 871/1751/1736
f 1566/1752/1737 1567/1754/1739 870/1753/1738
f 1567/1754/1739 1564/532/484 868/533/485
f 853/434/398 855/1755/1740 1565/1750/1735
f 855/1755/1740 856/1756/1741 1566/1752/1737
f 856/1756/1741 857/1757/1742 1567/1754/1739
f 857/1757/1742 854/531/483 1564/532/484
f 874/428/392 1568/427/391 1570/1758/1743
f 877/1759/1744 1570/1758/1743 1571/1760/1745
f 876/1761/1746 1571/1760/1745 1572/1762/1747
f 875/1763/1748 1572/1762/1747 1569/466/426
f 1568/427/391 858/431/395 860/1764/1749
f 1570/1758/1743 860/1764/1749 861/1765/1750
f 1571/1760/1745 861/1765/1750 862/1766/1751
f 1572/1762/1747 862/1766/1751 859/467/427
f 849/424/388 1573/415/381 1575/1767/1752
f 852/1768/1753 1575/1767/1752 1576/1769/1754
f 851/1770/1755 1576/1769/1754 1577/1771/1756
f 850/1772/1757 1577/1771/1756 1574/483/440
f 1573/415/381 869/414/380 872/1749/1734
f 1575/1767/1752 872/1749/1734 871/1751/1736
f 1576/1769/1754 871/1751/1736 870/1753/1738
f 1577/1771/1756 870/1753/1738 868/533/485
f 1578/429/393 1580/1774/1759 867/1773/1758
f 1580/1774/1759 1581/1776/1761 866/1775/1760
f 1581/1776/1761 1582/1778/1763 865/1777/1762
f 1582/1778/1763 1579/504/458 863/524/478
f 874/428/392 877/1759/1744 1580/1774/1759
f 877/1759/1744 876/1761/1746 1581/1776/1761
f 876/1761/1746 875/1763/1748 1582/1778/1763
f 875/1763/1748 873/469/429 1579/504/458
f 1583/420/385 1585/1780/1765 882/1779/1764
f 1585/1780/1765 1586/1782/1767 881/1781/1766
f 1586/1782/1767 1587/1784/1769 880/1783/1768
f 1587/1784/1769 1584/437/401 878/421/386
f 864/468/428 867/1773/1758 1585/1780/1765
f 867/1773/1758 866/1775/1760 1586/1782/1767
f 866/1775/1760 865/1777/1762 1587/1784/1769
f 865/1777/1762 863/524/478 1584/437/401
f 1588/435/399 1590/1785/1770 855/1755/1740
f 1590/1785/1770 1591/1786/1771 856/1756/1741
f 1591/1786/1771 1592/1787/1772 857/1757/1742
f 1592/1787/1772 1589/417/383 854/531/483
f 883/440/403 885/1788/1773 1590/1785/1770
f 885/1788/1773 886/1789/1774 1591/1786/1771
f 886/1789/1774 887/1790/1775 1592/1787/1772
f 887/1790/1775 884/481/438 1589/417/383
f 1593/441/404 1595/1791/1776 885/1788/1773
f 1595/1791/1776 1596/1792/1777 886/1789/1774
f 1596/1792/1777 1597/1793/1778 887/1790/1775
f 1597/1793/1778 1594/525/479 884/481/438
f 893/445/408 895/1794/1779 1595/1791/1776
f 895/1794/1779 896/1795/1780 1596/1792/1777
f 896/1795/1780 897/1796/1781 1597/1793/1778
f 897/1796/1781 894/522/476 1594/525/479
f 1598/436/400 1600/1798/1783 892/1797/1782
f 1600/1798/1783 1601/1800/1785 891/1799/1784
f 1601/1800/1785 1602/1802/1787 890/1801/1786
f 1602/1802/1787 1599/423/387 888/444/407
f 879/498/453 882/1779/1764 1600/1798/1783
f 882/1779/1764 881/1781/1766 1601/1800/1785
f 881/1781/1766 880/1783/1768 1602/1802/1787
f 880/1783/1768 878/421/386 1599/423/387
f 916/530/482 1603/2104/437 1605/1803/1788
f 919/1804/1789 1605/1803/1788 1606/1805/1790
f 918/1806/1791 1606/1805/1790 1607/1807/1792
f 917/1808/1793 1607/1807/1792 1604/515/469
f 1603/480/437 898/479/436 902/1809/1112
f 1605/1803/1788 902/1166/1112 911/1170/1116
f 1606/1805/1790 911/1170/1116 910/1176/1125
f 1607/1807/1792 910/1176/1125 900/516/470
f 1608/447/410 1610/1811/1794 895/1794/1779
f 1610/1811/1794 1611/1812/1795 896/1795/1780
f 1611/1812/1795 1612/1813/1796 897/1796/1781
f 1612/1813/1796 1609/499/454 894/522/476
f 916/530/482 919/1804/1789 1610/1811/1794
f 919/1804/1789 918/1806/1791 1611/1812/1795
f 918/1806/1791 917/1808/1793 1612/1813/1796
f 917/1808/1793 915/517/471 1609/499/454
f 1613/442/405 1615/1814/1797 906/1174/1120
f 1615/1814/1797 1616/1815/1798 907/1179/1128
f 1616/1815/1798 1617/1816/1799 912/1177/1126
f 1617/1816/1799 1614/514/468 900/516/470
f 889/528/481 892/1797/1782 1615/1814/1797
f 892/1797/1782 891/1799/1784 1616/1815/1798
f 891/1799/1784 890/1801/1786 1617/1816/1799
f 890/1801/1786 888/444/407 1614/514/468
f 858/431/395 1618/452/413 1620/1817/1800
f 860/1764/1749 1620/1817/1800 1621/1818/1801
f 861/1765/1750 1621/1818/1801 1622/1819/1802
f 862/1766/1751 1622/1819/1802 1619/509/463
f 1618/452/413 925/453/414 927/1820/1803
f 1620/1817/1800 927/1820/1803 928/1821/1804
f 1621/1818/1801 928/1821/1804 929/1822/1805
f 1622/1819/1802 929/1822/1805 926/473/432
f 921/454/415 1623/425/389 1625/1823/1806
f 924/1824/1807 1625/1823/1806 1626/1825/1808
f 923/1826/1809 1626/1825/1808 1627/1827/1810
f 922/1828/1811 1627/1827/1810 1624/458/418
f 1623/425/389 849/424/388 852/1768/1753
f 1625/1823/1806 852/1768/1753 851/1770/1755
f 1626/1825/1808 851/1770/1755 850/1772/1757
f 1627/1827/1810 850/1772/1757 848/449/412
f 1628/465/425 1630/1829/1812 938/1182/1132
f 1630/1829/1812 1631/1830/1813 939/1191/1141
f 1631/1830/1813 1632/1831/1814 946/1187/1137
f 1632/1831/1814 1629/493/449 936/1188/1138
f 930/461/421 932/1832/1815 1630/1829/1812
f 932/1832/1815 933/1833/1816 1631/1830/1813
f 933/1833/1816 934/1834/1817 1632/1831/1814
f 934/1834/1817 931/490/446 1629/493/449
f 925/453/414 1633/459/419 1635/1835/1818
f 927/1820/1803 1635/1835/1818 1636/1836/1819
f 928/1821/1804 1636/1836/1819 1637/1837/1820
f 929/1822/1805 1637/1837/1820 1634/492/448
f 1633/459/419 937/460/420 949/1194/1145
f 1635/1835/1818 949/1194/1145 945/1189/1139
f 1636/1836/1819 945/1189/1139 944/1186/1136
f 1637/1837/1820 944/1186/1136 936/1188/1138
f 930/461/421 1638/455/416 1640/1838/1821
f 932/1832/1815 1640/1838/1821 1641/1839/1822
f 933/1833/1816 1641/1839/1822 1642/1840/1823
f 934/1834/1817 1642/1840/1823 1639/491/447
f 1638/455/416 921/454/415 924/1824/1807
f 1640/1838/1821 924/1824/1807 923/1826/1809
f 1641/1839/1822 923/1826/1809 922/1828/1811
f 1642/1840/1823 922/1828/1811 920/457/417
f 937/460/420 1643/410/378 1645/1841/1824
f 940/1843/1131 1645/1848/1828 1644/1844/472
f 1643/410/378 831/1151/1098 840/1153/1825
f 1645/1848/1828 833/1146/2102 830/1143/473
f 794/391/360 1646/390/359 1648/1849/1829
f 1648/1853/1834 1647/477/434 792/1121/1069
f 899/448/411 901/1173/1119 1648/1849/1829
f 901/1854/1113 898/479/436 1647/477/434
s 5
f 973/557/506 1649/556/505 1651/1855/1836
f 976/1857/1837 1651/1863/1836 1652/1858/1838
f 975/1859/1840 1652/1858/1845 1653/1860/1841
f 1653/1860/1841 1650/673/605 972/711/639
f 1649/556/505 957/547/496 959/1862/1843
f 1651/1863/1836 959/1901/1843 960/1864/1844
f 1652/1858/1845 960/1864/1883 961/1865/1846
f 961/1865/1846 958/567/515 1650/673/605
f 1654/593/539 1656/1867/1848 981/1866/1847
f 1656/1867/1848 1657/1869/1854 980/1868/1849
f 1657/1869/1850 1658/1874/1856 979/1870/1851
f 979/1871/1851 1658/1875/1856 1655/651/588
f 962/720/648 964/1872/1853 1656/1867/1848
f 964/1872/1853 965/1873/1922 1657/1869/1854
f 965/1873/1855 966/1944/1924 1658/1874/1856
f 1658/1875/1856 966/1945/1924 963/550/499
f 1659/663/597 1661/1882/1858 956/1876/1857
f 1661/1877/1858 1662/1880/1863 955/1878/1859
f 1662/1880/1860 1663/1883/1864 954/1881/1861
f 954/1881/1861 1663/1883/1864 1660/536/488
f 973/557/506 976/1856/1837 1661/1882/1858
f 976/1857/1837 975/1859/1839 1662/1880/1863
f 975/1859/1840 974/1861/1842 1663/1883/1864
f 1663/1883/1864 974/1861/1842 972/711/639
f 968/692/621 1664/558/507 1666/1884/1865
f 971/1885/1866 1666/1884/1865 1667/1886/1867
f 970/1887/1869 1667/1886/1872 1668/1888/1870
f 1668/1890/1870 1665/555/504 967/542/492
f 1664/558/507 978/540/491 981/1866/1847
f 1666/1884/1865 981/1866/1847 980/1868/1849
f 1667/1886/1872 980/1868/1852 979/1870/1851
f 979/1871/1851 977/553/502 1665/555/504
f 983/693/622 1669/687/617 1671/1892/1873
f 986/1893/1874 1671/1892/1873 1672/1894/1875
f 985/1895/1877 1672/1894/1880 1673/1896/1878
f 1673/1898/1878 1670/544/494 982/561/509
f 1669/687/617 968/692/621 971/1885/1866
f 1671/1892/1873 971/1885/1866 970/1887/1868
f 1672/1894/1880 970/1887/1869 969/1889/1871
f 969/1891/1871 967/542/492 1670/544/494
f 957/547/496 1674/546/495 1676/1900/1881
f 959/1901/1843 1676/1905/1881 1677/1902/1882
f 960/1864/1883 1677/1902/1887 1678/1903/1884
f 1678/1903/1884 1675/565/513 958/567/515
f 1674/546/495 987/576/523 989/1904/1885
f 1676/1905/1881 989/1909/1885 990/1906/1886
f 1677/1902/1887 990/1906/1891 991/1907/1888
f 991/1907/1888 988/564/512 1675/565/513
f 987/576/523 1679/585/531 1681/1908/1889
f 989/1909/1885 1681/2119/1889 1682/1910/1890
f 990/1906/1891 1682/1910/1895 1683/1911/1892
f 1683/1911/1892 1680/562/510 988/564/512
f 1679/585/531 997/584/530 999/1912/1893
f 1681/1908/1889 999/1912/1893 1000/1913/1894
f 1682/1910/1895 1000/1935/1913 1001/1915/1896
f 1001/1915/1896 998/574/522 1680/562/510
f 993/721/649 1684/714/642 1686/1916/1897
f 996/1917/1898 1686/1916/1897 1687/1918/1899
f 995/1919/1901 1687/1918/1904 1688/1920/1902
f 1688/1920/1902 1685/1923/517 992/1922/519
f 1684/714/642 983/693/622 986/1893/1874
f 1686/1916/1897 986/1893/1874 985/1895/1876
f 1687/1918/1904 985/1895/1877 984/1897/1879
f 984/1897/1879 982/2120/509 1685/1923/517
f 1689/701/629 1691/1925/1906 1024/1924/1905
f 1691/1925/1906 1692/1927/1908 1023/1926/1907
f 1692/1927/1908 1693/1931/1910 1022/1928/1909
f 1693/1929/1910 1690/667/599 1020/581/528
f 1003/1206/1159 1013/1205/1158 1691/1925/1906
f 1013/1205/1158 1006/1209/1162 1692/1927/1908
f 1006/1209/1162 1005/1199/1152 1693/1931/1910
f 1005/1932/1152 1002/2094/1149 1690/667/599
f 997/584/530 1694/686/616 1696/1933/1911
f 999/1912/1893 1696/1933/1915 1697/1934/1912
f 1000/1935/1913 1697/1937/1916 1698/1936/1914
f 1001/1915/1896 1698/1936/1914 1695/572/520
f 1694/686/616 1021/699/627 1024/1924/1905
f 1696/1933/1915 1024/1924/1905 1023/1926/1907
f 1697/1937/1916 1023/2121/1907 1022/1930/1909
f 1022/1930/1909 1020/581/528 1695/572/520
f 1003/1206/1159 1699/700/628 1701/1938/1917
f 1011/1204/1157 1701/1938/1917 1702/1939/1918
f 1012/1207/1169 1702/1939/1920 1703/1940/1919
f 1017/1213/1165 1703/1940/1919 1700/1941/525
f 1699/700/628 993/721/649 996/1917/1898
f 1701/1938/1917 996/1917/1898 995/1919/1900
f 1702/1939/1920 995/1919/1901 994/1921/1903
f 1703/1940/1919 994/1921/1903 992/1922/519
f 1704/601/546 1706/1942/1921 964/1872/1853
f 1706/1942/1921 1707/1943/1926 965/1873/1922
f 1707/1943/1923 1708/1948/1928 966/1944/1924
f 966/1945/1924 1708/1949/1928 1705/696/624
f 1030/662/596 1032/1946/1925 1706/1942/1921
f 1032/1946/1925 1033/1947/1944 1707/1943/1926
f 1033/1947/1927 1034/1967/1946 1708/1948/1928
f 1708/1949/1928 1034/1969/1946 1031/590/536
f 1709/506/460 1711/1956/1930 1029/1950/1929
f 1711/1951/1930 1712/1954/1935 1028/1952/1931
f 1712/1954/1932 1713/1957/1936 1027/1955/1933
f 1027/1955/1933 1713/1957/1936 1710/586/532
f 953/508/462 956/1876/1857 1711/1956/1930
f 956/1879/1857 955/1878/1859 1712/1954/1935
f 955/1878/1862 954/1881/1861 1713/1957/1936
f 1713/1957/1936 954/1881/1861 952/548/497
f 1042/1228/1187 1714/677/608 1716/1958/1937
f 1053/1226/1185 1716/1958/1937 1717/1959/1938
f 1054/1219/1176 1717/1959/1938 1718/1960/1939
f 1044/1215/1172 1718/1960/1939 1715/652/589
f 1714/677/608 1035/679/610 1037/1961/1940
f 1716/1958/1937 1037/1961/1940 1038/1962/1941
f 1717/1959/1938 1038/1962/1941 1039/1963/1942
f 1718/1960/1939 1039/1963/1942 1036/1964/542
f 1719/678/609 1721/1965/1943 1032/1946/1925
f 1721/1965/1943 1722/1966/1948 1033/1947/1944
f 1722/1966/1945 1723/1970/1947 1034/1967/1946
f 1723/1968/1947 1720/598/544 1031/590/536
f 1042/1228/1187 1055/1227/1186 1721/1965/1943
f 1055/1227/1186 1049/1230/1189 1722/1966/1948
f 1049/1230/1949 1048/1224/1181 1723/1970/1947
f 1048/1971/1181 1041/2105/1178 1720/598/544
f 1724/680/611 1726/1977/1950 1037/1961/1940
f 1726/1972/1950 1727/1975/1952 1038/1973/1941
f 1727/1975/1951 1728/1978/1953 1039/1976/1942
f 1039/1976/1942 1728/1978/1953 1725/594/540
f 1026/708/636 1029/1950/1929 1726/1977/1950
f 1029/1953/1929 1028/1952/1931 1727/1975/1952
f 1028/1952/1934 1027/1955/1933 1728/1978/1953
f 1027/1955/1933 1025/588/534 1725/594/540
f 1729/676/607 1731/1980/1955 1082/1979/1954
f 1731/1980/1955 1732/1982/1957 1081/1981/1956
f 1732/1982/1957 1733/1984/1959 1080/1983/1958
f 1733/1984/1959 1730/718/646 1078/719/647
f 1063/623/565 1065/1985/1960 1731/1980/1955
f 1065/1985/1960 1066/1986/1961 1732/1982/1957
f 1066/1986/1961 1067/1987/1962 1733/1984/1959
f 1067/1987/1962 1064/717/645 1730/718/646
f 1084/617/559 1734/616/558 1736/1988/1963
f 1087/1989/1964 1736/1988/1963 1737/1990/1965
f 1086/1991/1966 1737/1990/1965 1738/1992/1967
f 1085/1993/1968 1738/1992/1967 1735/657/592
f 1734/616/558 1068/620/562 1070/1994/1969
f 1736/1988/1963 1070/1994/1969 1071/1995/1970
f 1737/1990/1965 1071/1995/1970 1072/1996/1971
f 1738/1992/1967 1072/1996/1971 1069/658/593
f 1059/613/555 1739/604/548 1741/1997/1972
f 1062/1998/1973 1741/1997/1972 1742/1999/1974
f 1061/2001/1975 1742/2005/1974 1743/2002/1976
f 1060/2004/1977 1743/2007/1976 1740/674/606
f 1739/604/548 1079/603/547 1082/1979/1954
f 1741/1997/1972 1082/1979/1954 1081/1981/1956
f 1742/2005/1974 1081/2122/1956 1080/2006/1958
f 1743/2007/1976 1080/1983/1958 1078/719/647
f 1744/618/560 1746/2009/1979 1077/2008/1978
f 1746/2009/1979 1747/2011/1981 1076/2010/1980
f 1747/2011/1981 1748/2013/1983 1075/2012/1982
f 1748/2013/1983 1745/695/623 1073/712/640
f 1084/617/559 1087/1989/1964 1746/2009/1979
f 1087/1989/1964 1086/1991/1966 1747/2011/1981
f 1086/1991/1966 1085/1993/1968 1748/2013/1983
f 1085/1993/1968 1083/660/595 1745/695/623
f 1749/609/552 1751/2015/1985 1092/2014/1984
f 1751/2015/1985 1752/2017/1987 1091/2016/1986
f 1752/2017/1987 1753/2019/1989 1090/2018/1988
f 1753/2019/1989 1750/626/568 1088/610/553
f 1074/659/594 1077/2008/1978 1751/2015/1985
f 1077/2008/1978 1076/2010/1980 1752/2017/1987
f 1076/2010/1980 1075/2012/1982 1753/2019/1989
f 1075/2012/1982 1073/712/640 1750/626/568
f 1754/624/566 1756/2020/1990 1065/1985/1960
f 1756/2020/1990 1757/2021/1991 1066/1986/1961
f 1757/2021/1991 1758/2022/1992 1067/1987/1962
f 1758/2022/1992 1755/606/550 1064/717/645
f 1093/629/570 1095/2023/1993 1756/2020/1990
f 1095/2023/1993 1096/2024/1994 1757/2021/1991
f 1096/2024/1994 1097/2025/1995 1758/2022/1992
f 1097/2025/1995 1094/672/604 1755/606/550
f 1759/630/571 1761/2026/1996 1095/2023/1993
f 1761/2026/1996 1762/2027/1997 1096/2024/1994
f 1762/2027/1997 1763/2028/1998 1097/2025/1995
f 1763/2028/1998 1760/713/641 1094/672/604
f 1103/634/574 1105/2029/1999 1761/2026/1996
f 1105/2029/1999 1106/2030/2000 1762/2027/1997
f 1106/2030/2000 1107/2031/2001 1763/2028/1998
f 1107/2031/2001 1104/710/638 1760/713/641
f 1764/625/567 1766/2033/2003 1102/2032/2002
f 1766/2033/2003 1767/2035/2005 1101/2034/2004
f 1767/2035/2005 1768/2037/2007 1100/2036/2006
f 1768/2037/2007 1765/612/554 1098/633/573
f 1089/689/618 1092/2014/1984 1766/2033/2003
f 1092/2014/1984 1091/2016/1986 1767/2035/2005
f 1091/2016/1986 1090/2018/1988 1768/2037/2007
f 1090/2018/1988 1088/610/553 1765/612/554
f 1126/716/644 1769/671/603 1771/2038/2008
f 1129/2039/2009 1771/2038/2008 1772/2040/2010
f 1128/2041/2011 1772/2040/2010 1773/2042/2012
f 1127/2043/2013 1773/2042/2012 1770/703/631
f 1769/671/603 1108/670/602 1111/1232/1192
f 1771/2038/2008 1111/1232/1192 1121/1236/1196
f 1772/2040/2010 1121/1236/1196 1120/1242/1204
f 1773/2042/2012 1120/1242/1204 1110/704/632
f 1774/636/576 1776/2044/2014 1105/2029/1999
f 1776/2044/2014 1777/2045/2015 1106/2030/2000
f 1777/2045/2015 1778/2046/2016 1107/2031/2001
f 1778/2046/2016 1775/690/619 1104/710/638
f 1126/716/644 1129/2039/2009 1776/2044/2014
f 1129/2039/2009 1128/2041/2011 1777/2045/2015
f 1128/2041/2011 1127/2043/2013 1778/2046/2016
f 1127/2043/2013 1125/705/633 1775/690/619
f 1779/631/572 1781/2047/2017 1115/1240/1200
f 1781/2047/2017 1782/2048/2018 1116/1245/1207
f 1782/2048/2018 1783/2049/2019 1122/1243/1205
f 1783/2049/2019 1780/702/630 1110/704/632
f 1099/715/643 1102/2032/2002 1781/2047/2017
f 1102/2032/2002 1101/2034/2004 1782/2048/2018
f 1101/2034/2004 1100/2036/2006 1783/2049/2019
f 1100/2036/2006 1098/633/573 1780/702/630
f 1068/620/562 1784/641/579 1786/2050/2020
f 1070/1994/1969 1786/2050/2020 1787/2051/2021
f 1071/1995/1970 1787/2051/2021 1788/2052/2022
f 1072/1996/1971 1788/2052/2022 1785/697/625
f 1784/641/579 1135/642/580 1137/2053/2023
f 1786/2050/2020 1137/2053/2023 1138/2054/2024
f 1787/2051/2021 1138/2054/2024 1139/2055/2025
f 1788/2052/2022 1139/2055/2025 1136/664/598
f 1131/643/581 1789/614/556 1791/2056/2026
f 1134/2057/2027 1791/2056/2026 1792/2058/2028
f 1133/2060/2029 1792/2064/2028 1793/2061/2030
f 1132/2063/2031 1793/2065/2030 1790/647/584
f 1789/614/556 1059/613/555 1062/1998/1973
f 1791/2056/2026 1062/1998/1973 1061/2000/1975
f 1792/2064/2028 1061/2001/1975 1060/2003/1977
f 1793/2065/2030 1060/2004/1977 1058/638/578
f 1794/656/591 1796/2066/2032 1148/1248/1211
f 1796/2066/2032 1797/2067/2033 1149/1258/1221
f 1797/2067/2033 1798/2068/2034 1155/1259/1217
f 1798/2068/2034 1795/2123/615 1146/2069/1218
f 1140/655/587 1142/2070/2035 1796/2066/2032
f 1142/2070/2035 1143/2071/2036 1797/2067/2033
f 1143/2071/2036 1144/2081/2037 1798/2068/2034
f 1144/2072/2037 1141/681/612 1795/684/615
f 1135/642/580 1799/648/585 1801/2074/2038
f 1137/2053/2023 1801/2074/2038 1802/2075/2039
f 1138/2054/2024 1802/2075/2039 1803/2076/2040
f 1139/2055/2025 1803/2076/2040 1800/683/614
f 1799/648/585 1147/649/586 1159/1263/1225
f 1801/2074/2038 1159/1263/1225 1154/1255/1219
f 1802/2075/2039 1154/1255/1219 1153/1252/1216
f 1803/2076/2040 1153/1252/1216 1146/1254/1218
f 1140/650/587 1804/644/582 1806/2077/2041
f 1142/2070/2035 1806/2082/2041 1807/2079/2042
f 1143/2071/2036 1807/2079/2042 1808/2080/2043
f 1144/2072/2037 1808/2083/2043 1805/682/613
f 1804/644/582 1131/643/581 1134/2057/2027
f 1806/2082/2041 1134/2124/2027 1133/2060/2029
f 1807/2079/2042 1133/2060/2029 1132/2062/2031
f 1808/2083/2043 1132/2063/2031 1130/646/583
f 1147/649/586 1809/599/545 1811/2084/2044
f 1158/1247/2045 1811/2089/2050 1810/706/634
f 1809/599/545 1041/2105/1178 1050/2086/2047
f 1811/2089/2050 1043/1216/2103 1040/707/635
f 1004/580/527 1812/579/526 1814/2090/2051
f 1814/2093/2055 1813/668/600 1002/2094/1149
f 1812/579/526 1109/637/577 1117/1239/1199
f 1117/2096/2057 1108/670/2104 1813/668/600
