# Blender 5.2.0 LTS
# www.blender.org
mtllib Esquina_inferior.mtl
o Esquina_inferior
v 0.025727 0.945369 -1.132869
v -1.204239 -0.204436 -1.159906
v -0.350609 0.503428 -1.143260
v -0.772377 0.113789 -1.152423
v -1.713703 -0.488059 -1.166564
v 0.381020 1.502779 -1.119762
v 0.021710 0.951693 -1.244444
v -1.208256 -0.198113 -1.271480
v -0.354622 0.509752 -1.254836
v -0.776394 0.120113 -1.263997
v -1.717720 -0.481735 -1.278138
v 0.377003 1.509103 -1.231337
v 0.252774 1.717772 -1.170569
v -0.131477 1.091402 -1.185297
v -0.507564 0.649231 -1.195694
v 0.178917 0.805660 -1.192016
v 0.505245 1.294111 -1.180530
v -1.508178 -0.603156 -1.225144
v -1.050976 -0.344212 -1.219054
v -0.197666 0.363948 -1.202402
v 0.811035 1.855432 -1.167331
v -1.361519 -0.058337 -1.212331
v -1.923248 -0.366636 -1.219557
v -0.929573 0.259814 -1.204851
v -2.010051 -0.828055 -1.230430
v -0.619194 -0.025913 -1.211569
v -3.351036 -1.031530 -1.322291
v 1.051884 -1.039420 -1.322476
v 1.056931 3.377489 -1.225907
v 1.293972 -1.046480 -1.082189
v 1.308785 -1.125878 3.301022
v 1.299027 3.379101 -0.985425
v 1.054394 -1.284509 -1.088341
v -3.349815 -1.274205 -1.090206
v 1.076855 -1.344531 3.322524
v -1.011730 -1.163229 -0.088803
v 0.165890 -1.206032 1.114103
v -0.561287 -1.177364 0.277184
v -0.162109 -1.191990 0.689779
v 0.461041 -1.221525 1.616782
v -1.577163 -1.148263 -0.431106
v -1.016685 -1.274935 -0.087355
v 0.160935 -1.317737 1.115552
v -0.566238 -1.289072 0.278631
v -0.167064 -1.303696 0.691227
v 0.460354 -1.326197 1.625332
v -1.582119 -1.259969 -0.429659
v -1.788601 -1.204702 -0.299352
v -1.153557 -1.221158 0.070314
v -0.702884 -1.235292 0.436044
v -0.874862 -1.217004 -0.246469
v -1.370682 -1.203531 -0.561413
v 0.576386 -1.270254 1.409913
v 0.302822 -1.259805 0.956361
v -0.424640 -1.231144 0.119769
v -1.938904 -1.189710 -0.854148
v 0.023998 -1.263964 1.273294
v 0.345013 -1.277466 1.832199
v -0.303924 -1.249919 0.848887
v -0.025245 -1.245765 0.532119
v 1.196064 -0.111168 1.028998
v 1.178673 1.108580 -0.131827
v 1.198693 0.261697 0.584013
v 1.192318 0.679979 0.190578
v 1.154473 1.614545 -0.420712
v 1.181229 -0.462648 1.588776
v 1.306084 -0.096289 1.042390
v 1.288693 1.123457 -0.118435
v 1.308712 0.276573 0.597405
v 1.302338 0.694856 0.203970
v 1.264492 1.629422 -0.407320
v 1.291249 -0.447770 1.602168
v 1.205372 -0.328764 1.804976
v 1.223492 0.051277 1.176132
v 1.226162 0.423890 0.730920
v 1.278660 -0.258732 0.895257
v 1.267105 -0.581653 1.385967
v 1.239960 1.414986 -0.529284
v 1.261280 0.960943 -0.265632
v 1.281239 0.114381 0.450498
v 1.247143 -0.883850 1.949030
v 1.206085 1.271096 0.015372
v 1.179001 1.828981 -0.298747
v 1.219746 0.842414 0.337703
v 1.211327 1.913619 -0.759564
v 1.274906 0.532423 0.056845
v -0.558342 0.300480 -1.148032
v -0.155422 0.719241 -1.138186
v -0.987098 -0.054043 -1.156369
v -1.434067 -0.343000 -1.163163
v -2.071888 -0.655201 -1.170467
v 0.197083 1.189922 -1.127119
v 0.596653 1.923493 -1.109870
v -0.562359 0.306804 -1.259607
v -0.159439 0.725563 -1.249761
v -0.991119 -0.047720 -1.267943
v -1.438083 -0.336677 -1.274737
v -2.075905 -0.648877 -1.282041
v 0.193070 1.196245 -1.238692
v 0.592636 1.929817 -1.221444
v 0.043438 1.344633 -1.179342
v -0.312473 0.865131 -1.190617
v 0.346718 1.041534 -1.186469
v -1.274273 -0.479691 -1.222240
v -0.002388 0.579674 -1.197331
v 0.830017 2.411681 -1.154251
v -1.597877 -0.199985 -1.215660
v -0.715385 0.446364 -1.200464
v 0.530125 2.284863 -1.157233
v -2.478904 -0.833179 -1.230478
v 0.659165 1.568446 -1.174079
v -1.755302 -0.717859 -1.227840
v -1.144367 0.092047 -1.208796
v -2.392486 -0.586217 -1.224668
v -0.405311 0.160917 -1.207176
v -0.833851 -0.193809 -1.215517
v -1.024658 -1.237432 -0.848793
v 1.251553 0.986225 1.030492
v 0.811211 1.033846 -1.229311
v -0.411480 0.421751 0.421077
v -1.149578 -1.035475 -1.322382
v 1.054405 1.169034 -1.274191
v -1.147053 1.172980 -1.274098
v 1.301377 -1.086179 1.109417
v 1.296501 1.166311 -1.033808
v 1.303906 1.126612 1.157798
v -1.147709 -1.279358 -1.089274
v 1.065624 -1.314522 1.117091
v -1.136482 -1.309368 1.116159
v -0.414169 -1.221809 0.377793
v -0.412010 0.424382 -1.194889
v 1.199463 0.387555 0.414962
v -1.022987 1.038514 -1.229201
v 1.250286 -0.857034 0.990104
v 0.822769 -1.276767 0.992581
v -1.024250 -0.796076 -1.269390
v 1.247639 1.029478 -0.796288
v -1.016922 -1.272068 0.991638
v -0.353637 -1.184696 0.480146
v -0.781509 -1.170188 0.087060
v 0.010582 -1.199082 0.900534
v 0.309654 -1.213148 1.340623
v 0.636292 -1.232028 1.970933
v -1.260154 -1.156291 -0.254453
v -2.002739 -1.138230 -0.636967
v -0.358597 -1.296401 0.481594
v -0.786464 -1.281894 0.088507
v 0.005627 -1.310788 0.901982
v 0.305229 -1.323973 1.342960
v 0.644676 -1.321751 1.994573
v -1.265110 -1.267997 -0.253005
v -2.007698 -1.249935 -0.635518
v -1.410736 -1.214036 -0.098696
v -0.923195 -1.228116 0.246018
v -1.114528 -1.210253 -0.408765
v 0.443886 -1.266291 1.176741
v -0.644779 -1.223966 -0.070451
v -2.495552 -1.182834 -0.860355
v 0.170998 -1.270830 1.506842
v -0.495319 -1.242624 0.639099
v -2.361946 -1.191499 -0.563539
v 0.836933 -1.278557 2.393592
v -1.648491 -1.196669 -0.708947
v 0.705754 -1.270040 1.659670
v -0.131298 -1.257014 1.059714
v 0.575215 -1.283739 2.305835
v -0.216915 -1.238473 0.322641
v 0.147507 -1.252857 0.742802
v 1.196526 0.467672 0.379235
v 1.198509 0.068261 0.801453
v 1.186383 0.893044 0.020704
v 1.168694 1.336787 -0.272725
v 1.134594 1.970388 -0.591671
v 1.191052 -0.280780 1.274782
v 1.164959 -0.675657 2.010626
v 1.306545 0.482548 0.392627
v 1.308529 0.083140 0.814845
v 1.296398 0.907923 0.034095
v 1.278713 1.351664 -0.259334
v 1.244614 1.985264 -0.578279
v 1.301071 -0.265901 1.288173
v 1.274979 -0.660779 2.024018
v 1.218056 -0.121844 1.430604
v 1.225964 0.230550 0.948446
v 1.274067 -0.424836 1.132350
v 1.251660 1.182659 -0.403377
v 1.281075 -0.079149 0.667852
v 1.199932 -0.900624 2.503497
v 1.195748 1.505792 -0.128682
v 1.223980 0.629955 0.526223
v 1.182156 -0.602643 2.373436
v 1.166432 2.380217 -0.770466
v 1.257778 -0.733794 1.661209
v 1.226212 1.660497 -0.646621
v 1.213795 1.055551 0.167893
v 1.152996 2.295153 -0.523329
v 1.279087 0.320267 0.245639
v 1.268982 0.745416 -0.113095
v -2.857845 -1.274244 -0.853608
v 0.197880 0.786981 -1.140446
v 0.196076 0.788549 -1.136556
v 0.198174 0.786676 -1.138978
v 0.197933 0.786868 -1.137723
v 0.197197 0.787525 -1.136874
v -0.602054 -0.043004 -1.156109
v -0.600235 -0.044588 -1.160000
v -0.600929 -0.044036 -1.156428
v -0.600185 -0.044699 -1.157279
v -0.599941 -0.044892 -1.158532
v -0.144607 1.102176 -1.129183
v -0.146667 1.104163 -1.133106
v -0.145752 1.103236 -1.129460
v -0.146545 1.103986 -1.130304
v -0.146866 1.104312 -1.131584
v -0.944759 0.272574 -1.152662
v -0.942695 0.270582 -1.148737
v -0.944957 0.272722 -1.151138
v -0.944637 0.272395 -1.149857
v -0.943844 0.271644 -1.149014
v -0.178703 0.345270 -1.150829
v -0.180507 0.346837 -1.146943
v -0.178413 0.344966 -1.149362
v -0.178650 0.345158 -1.148109
v -0.179386 0.345815 -1.147259
v -0.522751 0.661992 -1.143503
v -0.520702 0.660012 -1.139579
v -0.522949 0.662141 -1.141980
v -0.522632 0.661817 -1.140700
v -0.521843 0.661070 -1.139857
v -1.376701 -0.045578 -1.160150
v -1.374607 -0.047604 -1.156218
v -1.376899 -0.045433 -1.158623
v -1.376571 -0.045766 -1.157340
v -1.375763 -0.046529 -1.156495
v -1.033874 -0.361270 -1.163593
v -1.032020 -0.362884 -1.167498
v -1.032734 -0.362314 -1.163912
v -1.031978 -0.362987 -1.164766
v -1.031730 -0.363189 -1.166025
v -1.938431 -0.353878 -1.167381
v -1.935341 -0.355447 -1.163434
v -1.938553 -0.353699 -1.165851
v -1.938007 -0.353931 -1.164565
v -1.936882 -0.354545 -1.163715
v -1.492065 -0.620672 -1.169694
v -1.489231 -0.621821 -1.173610
v -1.490547 -0.621541 -1.170009
v -1.489475 -0.622064 -1.170866
v -1.489013 -0.622162 -1.172129
v -2.958496 -0.825661 -1.178374
v -2.945827 -0.820749 -1.174253
v -2.959018 -0.823768 -1.178308
v -2.955646 -0.825042 -1.176827
v -2.952240 -0.823889 -1.175500
v -2.959820 -0.825548 -1.178631
v -2.957863 -0.824779 -1.176990
v -2.955642 -0.823840 -1.175695
v -2.957123 -0.823674 -1.176093
v -2.949093 -0.820633 -1.174553
v -2.952747 -0.821164 -1.175429
v -2.948791 -0.822383 -1.174596
v -2.952678 -0.822427 -1.175038
v -2.955860 -0.822685 -1.175665
v -2.960102 -0.824522 -1.178594
v -2.956234 -0.822265 -1.176748
v -2.958141 -0.823475 -1.176953
v -2.959175 -0.824396 -1.177075
v -1.991115 -0.846706 -1.178929
v -1.989895 -0.843849 -1.174940
v -1.990585 -0.846921 -1.177435
v -1.990165 -0.846453 -1.176151
v -1.989925 -0.845373 -1.175276
v 0.524204 1.275437 -1.128973
v 0.523064 1.278081 -1.125046
v 0.524548 1.275213 -1.127499
v 0.524452 1.275638 -1.126235
v 0.523930 1.276645 -1.125374
v 0.239025 1.727396 -1.114479
v 0.237587 1.730533 -1.118379
v 0.238117 1.728896 -1.114746
v 0.237526 1.730019 -1.115583
v 0.237339 1.730592 -1.116857
v 0.827141 1.836086 -1.111925
v 0.829979 1.836768 -1.115799
v 0.828663 1.835918 -1.112224
v 0.829735 1.835990 -1.113065
v 0.830200 1.836287 -1.114320
v 0.833813 2.976287 -1.089104
v 0.832001 2.976804 -1.089078
v 0.828369 2.962860 -1.085429
v 0.833740 2.977619 -1.089295
v 0.833039 2.973230 -1.087649
v 0.832840 2.975487 -1.087748
v 0.832508 2.976828 -1.087804
v 0.831681 2.974654 -1.086908
v 0.830330 2.973829 -1.087626
v 0.829056 2.970132 -1.086424
v 0.832760 2.977901 -1.089279
v 0.831574 2.975773 -1.087736
v 0.830651 2.973333 -1.086542
v 0.830090 2.965965 -1.085662
v 0.831730 2.969607 -1.086439
v 0.828366 2.966282 -1.085652
v 0.830269 2.970008 -1.086005
v 0.831784 2.973108 -1.086549
v 0.155342 0.828678 -1.247336
v 0.159954 0.824339 -1.243590
v 0.156677 0.827441 -1.247073
v 0.158020 0.826183 -1.246268
v 0.159172 0.825093 -1.245045
v -0.638157 -0.007233 -1.263142
v -0.642788 -0.002879 -1.266890
v -0.638939 -0.006479 -1.264597
v -0.640095 -0.005386 -1.265821
v -0.641449 -0.004120 -1.266626
v -0.116291 1.078641 -1.237488
v -0.111904 1.074697 -1.241552
v -0.115600 1.078042 -1.239022
v -0.114525 1.077081 -1.240333
v -0.113228 1.075906 -1.241220
v -0.909996 0.243103 -1.261105
v -0.914387 0.247053 -1.257039
v -0.911319 0.244316 -1.260775
v -0.912620 0.245491 -1.259886
v -0.913696 0.246453 -1.258574
v -0.221241 0.386964 -1.257723
v -0.216633 0.382629 -1.253981
v -0.219906 0.385729 -1.257459
v -0.218563 0.384471 -1.256655
v -0.217411 0.383382 -1.255433
v -0.487999 0.632535 -1.251949
v -0.492378 0.636470 -1.247886
v -0.489319 0.633742 -1.251618
v -0.490612 0.634913 -1.250729
v -0.491688 0.635871 -1.249419
v -1.341903 -0.075081 -1.268586
v -1.346332 -0.071096 -1.264515
v -1.343242 -0.073858 -1.268256
v -1.344555 -0.072670 -1.267366
v -1.345638 -0.071701 -1.266051
v -1.069935 -0.325539 -1.270614
v -1.074611 -0.321141 -1.274373
v -1.070720 -0.324779 -1.272074
v -1.071888 -0.323676 -1.273301
v -1.073253 -0.322401 -1.274109
v -1.902382 -0.382794 -1.275799
v -1.908062 -0.379393 -1.271735
v -1.904197 -0.381792 -1.275472
v -1.905918 -0.380795 -1.274585
v -1.907276 -0.379954 -1.273273
v -1.527130 -0.584491 -1.276683
v -1.533058 -0.580678 -1.280476
v -1.528015 -0.583772 -1.278151
v -1.529449 -0.582797 -1.279389
v -1.531223 -0.581709 -1.280205
v -2.928173 -0.850843 -1.282678
v -2.928653 -0.849283 -1.282658
v -2.909866 -0.846727 -1.286588
v -2.929485 -0.850852 -1.282933
v -2.924022 -0.850713 -1.284208
v -2.926285 -0.850619 -1.284267
v -2.927658 -0.850368 -1.284282
v -2.924751 -0.849891 -1.285033
v -2.924427 -0.848284 -1.284160
v -2.919372 -0.847445 -1.285436
v -2.926483 -0.849480 -1.284246
v -2.923023 -0.849030 -1.285330
v -2.914116 -0.848486 -1.286324
v -2.919086 -0.849886 -1.285488
v -2.914261 -0.846900 -1.286288
v -2.918918 -0.848723 -1.285887
v -2.922901 -0.850062 -1.285352
v -2.030578 -0.803736 -1.285720
v -2.028991 -0.809397 -1.281945
v -2.030407 -0.805473 -1.285464
v -2.030044 -0.807158 -1.284655
v -2.029548 -0.808538 -1.283420
v 0.482498 1.318479 -1.235820
v 0.486290 1.312786 -1.232093
v 0.483517 1.316725 -1.235567
v 0.484596 1.315027 -1.234770
v 0.485569 1.313643 -1.233550
v 0.267960 1.705013 -1.222757
v 0.271565 1.699621 -1.226856
v 0.268589 1.704303 -1.224294
v 0.269497 1.703029 -1.225612
v 0.270542 1.701385 -1.226514
v 0.792084 1.874099 -1.218875
v 0.786446 1.876228 -1.222706
v 0.791222 1.874688 -1.220346
v 0.789845 1.875299 -1.221590
v 0.788170 1.875840 -1.222419
v 0.863880 2.950805 -1.193450
v 0.859558 2.932213 -1.197873
v 0.862374 2.951287 -1.193451
v 0.863735 2.946580 -1.195074
v 0.862862 2.941562 -1.196485
v 0.863690 2.948895 -1.195064
v 0.863117 2.945463 -1.196252
v 0.862969 2.947345 -1.195885
v 0.859806 2.936678 -1.197466
v 0.860428 2.941869 -1.196481
v 0.861393 2.936517 -1.197468
v 0.861717 2.941416 -1.196913
v 0.862087 2.945595 -1.196250
v 0.863106 2.952388 -1.193633
v 0.861328 2.947001 -1.195071
v 0.862564 2.949095 -1.195062
v 0.863472 2.950296 -1.195042
v 0.805691 -0.799781 -1.312987
v 0.809952 -0.795532 -1.312895
v 0.814514 -0.804220 -1.317345
v 0.807320 -0.799461 -1.312979
v 0.808701 -0.798539 -1.312960
v 0.807636 -0.800092 -1.314625
v 0.808663 -0.799776 -1.314560
v 0.810299 -0.797416 -1.314566
v 0.811287 -0.799728 -1.315997
v 0.809628 -0.797160 -1.312929
v 0.809979 -0.798453 -1.314532
v 0.812413 -0.802494 -1.316982
v 0.811363 -0.801097 -1.316481
v 0.809998 -0.800341 -1.315832
v 1.305519 -0.903796 2.793347
v 1.305710 -0.900762 2.794838
v 1.309761 -0.908300 2.805621
v 1.305905 -0.903626 2.794714
v 1.306076 -0.902989 2.795477
v 1.307152 -0.904293 2.796349
v 1.307270 -0.903185 2.796854
v 1.306008 -0.901984 2.795521
v 1.309448 -0.906730 2.802991
v 1.308533 -0.905326 2.799735
v 1.308998 -0.905854 2.800470
v 1.308422 -0.904831 2.798448
v -2.854191 -0.790468 -1.312769
v -2.867859 -0.794970 -1.317127
v -2.855434 -0.787449 -1.312702
v -2.855591 -0.790233 -1.312763
v -2.857620 -0.790573 -1.314345
v -2.859253 -0.790943 -1.315232
v -2.864547 -0.793213 -1.316767
v -2.862240 -0.792372 -1.316275
v -2.856262 -0.788599 -1.312727
v 0.812470 2.865130 -1.232699
v 0.809456 2.866382 -1.232671
v 0.817021 2.878935 -1.236659
v 0.812241 2.866532 -1.232667
v 0.812817 2.868178 -1.234263
v 0.812989 2.870257 -1.235038
v 0.814160 2.872579 -1.235551
v 0.810608 2.867209 -1.232651
v 0.812104 2.869119 -1.234185
v 0.815968 2.875998 -1.236399
v -2.852489 -1.271481 -0.852545
v -2.853790 -1.271577 -0.849532
v -2.865581 -1.275687 -0.857462
v -2.853882 -1.271679 -0.852332
v -2.855358 -1.273094 -0.853018
v -2.856376 -1.273140 -0.852165
v -2.854584 -1.271732 -0.850702
v -2.862442 -1.275371 -0.855677
v -2.858848 -1.274462 -0.854117
v -2.860107 -1.274913 -0.854811
v 1.289887 -0.813919 -0.832417
v 1.294125 -0.817959 -0.841049
v 1.289871 -0.809554 -0.836582
v 1.291512 -0.814193 -0.834387
v 1.292885 -0.815057 -0.836718
v 1.289883 -0.813553 -0.834040
v 1.291451 -0.813844 -0.835379
v 1.292324 -0.813810 -0.836682
v 1.292881 -0.813767 -0.837927
v 1.293804 -0.816380 -0.839058
v 1.293335 -0.815076 -0.838019
v 1.289875 -0.811191 -0.836294
v 1.289879 -0.812596 -0.835402
v 1.291500 -0.811489 -0.836951
v 1.291447 -0.812506 -0.836649
v 1.292404 2.868448 -0.755995
v 1.296711 2.882540 -0.760361
v 1.292416 2.869602 -0.752984
v 1.292408 2.869841 -0.755738
v 1.294865 2.873577 -0.756434
v 1.296368 2.879516 -0.759352
v 1.295429 2.875995 -0.757594
v 1.292416 2.870465 -0.754109
v 1.293946 2.872121 -0.755767
v 0.810715 -1.285597 -0.848883
v 0.819466 -1.289772 -0.853472
v 0.815014 -1.285673 -0.844618
v 0.812649 -1.287226 -0.849262
v 0.814987 -1.288592 -0.850268
v 0.812351 -1.285600 -0.848554
v 0.813679 -1.287171 -0.848940
v 0.815010 -1.288052 -0.848959
v 0.816303 -1.288614 -0.848935
v 0.817383 -1.289486 -0.851744
v 0.816357 -1.289043 -0.850331
v 0.814675 -1.285641 -0.846249
v 0.813740 -1.285615 -0.847632
v 0.815338 -1.287273 -0.846568
v 0.815010 -1.287194 -0.847608
v 0.843937 -1.337653 2.834168
v 0.850525 -1.341581 2.848947
v 0.840382 -1.337267 2.835051
v 0.845051 -1.339144 2.837458
v 0.843437 -1.337174 2.835470
v 0.845406 -1.339700 2.839629
v 0.849091 -1.341244 2.845685
v 0.845963 -1.340111 2.840576
v 0.841515 -1.336962 2.835948
v 0.842587 -1.336931 2.836095
v 0.843914 -1.338733 2.838213
v 1.296818 3.875988 -1.215152
v 1.297924 3.878466 -1.211619
v 1.301346 3.875643 -1.210482
v 1.296295 3.877081 -1.214865
v 1.296326 3.877936 -1.214091
v 1.298561 3.875926 -1.214801
v 1.298332 3.877887 -1.214350
v 1.298290 3.879162 -1.213710
v 1.299248 3.878338 -1.210568
v 1.300366 3.877756 -1.209983
v 1.296898 3.878421 -1.212950
v 1.298676 3.879042 -1.212346
v 1.300022 3.879084 -1.211949
v 1.301010 3.875739 -1.212271
v 1.300034 3.875838 -1.213788
v 1.301102 3.876812 -1.209954
v 1.300621 3.877756 -1.212008
v 1.299870 3.878257 -1.213570
v -3.834060 -1.272724 -1.322958
v -3.836647 -1.269253 -1.323995
v -3.834224 -1.268094 -1.327452
v -3.835167 -1.272481 -1.322431
v -3.836048 -1.271735 -1.322445
v -3.834099 -1.272367 -1.324709
v -3.836056 -1.271971 -1.324468
v -3.837330 -1.271364 -1.324414
v -3.837280 -1.270782 -1.325579
v -3.836590 -1.268208 -1.325306
v -3.836113 -1.267620 -1.326422
v -3.836567 -1.270602 -1.322993
v -3.837250 -1.270001 -1.324767
v -3.837360 -1.269599 -1.326119
v -3.834186 -1.269862 -1.327143
v -3.834144 -1.271361 -1.326180
v -3.835281 -1.267580 -1.327175
v -3.836113 -1.269635 -1.326731
v 1.289257 -1.274627 -1.327606
v 1.293820 -1.274898 -1.323223
v 1.289299 -1.279248 -1.323189
v 1.291004 -1.274677 -1.327273
v 1.292485 -1.274745 -1.326323
v 1.289265 -1.276364 -1.327299
v 1.290947 -1.276342 -1.326811
v 1.292294 -1.276342 -1.326159
v 1.291889 -1.277303 -1.325772
v 1.293476 -1.276550 -1.323225
v 1.292500 -1.277958 -1.323221
v 1.293473 -1.274823 -1.324900
v 1.292973 -1.276434 -1.324854
v 1.292301 -1.277728 -1.324819
v 1.289288 -1.278863 -1.324909
v 1.289276 -1.277850 -1.326352
v 1.291031 -1.278904 -1.323206
v 1.290962 -1.278376 -1.324856
v 1.290909 -1.277681 -1.326170
v 1.307804 -1.343381 3.796256
v 1.304306 -1.343951 3.798874
v 1.303223 -1.347485 3.796189
v 1.307530 -1.342788 3.797527
v 1.306771 -1.342687 3.798471
v 1.307442 -1.344929 3.796231
v 1.307038 -1.344661 3.798274
v 1.306427 -1.344559 3.799601
v 1.305863 -1.345666 3.799456
v 1.303295 -1.345290 3.798786
v 1.302735 -1.346433 3.798245
v 1.305634 -1.343096 3.798944
v 1.305073 -1.344839 3.799498
v 1.304695 -1.346162 3.799507
v 1.304962 -1.347152 3.796195
v 1.306446 -1.346254 3.796209
v 1.302712 -1.347203 3.797334
v 1.304737 -1.346764 3.798185
v 1.306278 -1.346081 3.798631
v -2.854191 -0.792371 -1.225798
v -2.855434 -0.789354 -1.225733
v -2.848171 -0.788222 -1.221443
v -2.856048 -0.792329 -1.225798
v -2.856941 -0.791740 -1.225785
v -2.853271 -0.791896 -1.224158
v -2.855102 -0.791794 -1.224114
v -2.854740 -0.790889 -1.223303
v -2.854419 -0.789106 -1.224097
v -2.852684 -0.788804 -1.222706
v -2.856724 -0.790695 -1.225762
v -2.855648 -0.790467 -1.224085
v -2.850013 -0.789648 -1.221800
v -2.851803 -0.790938 -1.222754
v -2.850490 -0.788492 -1.221775
v -2.852455 -0.789969 -1.222199
v -2.853798 -0.791007 -1.222971
v 0.805691 -0.801684 -1.226014
v 0.805695 -0.797518 -1.221663
v 0.809952 -0.797436 -1.225922
v 0.805691 -0.801396 -1.224378
v 0.805691 -0.800501 -1.222975
v 0.807320 -0.801364 -1.226010
v 0.807362 -0.801008 -1.224329
v 0.807278 -0.800284 -1.223189
v 0.807324 -0.797516 -1.221987
v 0.808705 -0.797498 -1.222910
v 0.805691 -0.799140 -1.222021
v 0.807362 -0.799176 -1.222414
v 0.808487 -0.799078 -1.223162
v 0.809628 -0.799064 -1.225958
v 0.808705 -0.800443 -1.225989
v 0.809628 -0.797470 -1.224293
v 0.809235 -0.799139 -1.224289
v 0.808487 -0.800261 -1.224398
v 0.812470 2.863226 -1.145728
v 0.808205 2.857122 -1.141600
v 0.809456 2.864477 -1.145701
v 0.811955 2.862272 -1.144118
v 0.810963 2.860777 -1.142768
v 0.812432 2.865088 -1.145686
v 0.811859 2.864104 -1.144036
v 0.810932 2.863724 -1.143256
v 0.808495 2.859448 -1.141873
v 0.808830 2.861663 -1.142749
v 0.809647 2.858968 -1.141885
v 0.809986 2.861418 -1.142222
v 0.810189 2.863129 -1.142932
v 0.810803 2.865764 -1.145673
v 0.811848 2.865977 -1.145667
v 0.809170 2.863428 -1.144091
v 0.810536 2.864653 -1.144025
v 1.202873 -0.813846 -0.832415
v 1.202877 -0.809493 -0.836580
v 1.198616 -0.809586 -0.832321
v 1.202873 -0.813486 -0.834038
v 1.202877 -0.812531 -0.835398
v 1.201245 -0.813522 -0.832407
v 1.201203 -0.813093 -0.834070
v 1.201290 -0.812320 -0.835179
v 1.201248 -0.809499 -0.836256
v 1.199864 -0.809518 -0.835333
v 1.202877 -0.811130 -0.836292
v 1.201206 -0.811179 -0.835901
v 1.200081 -0.811108 -0.835150
v 1.198941 -0.811215 -0.832358
v 1.199864 -0.812599 -0.832388
v 1.198941 -0.809550 -0.833952
v 1.199333 -0.811219 -0.834028
v 1.200081 -0.812346 -0.833967
v 1.202866 -0.896558 2.831354
v 1.198624 -0.891869 2.827297
v 1.202683 -0.893502 2.832965
v 1.201241 -0.896083 2.830410
v 1.199864 -0.895025 2.829308
v 1.203167 -0.896377 2.832751
v 1.201424 -0.895778 2.832255
v 1.200066 -0.894971 2.831615
v 1.200482 -0.894683 2.832614
v 1.198933 -0.891657 2.829213
v 1.199810 -0.891892 2.830963
v 1.198944 -0.893545 2.828215
v 1.199398 -0.893522 2.830549
v 1.200043 -0.893635 2.832322
v 1.203068 -0.894724 2.833623
v 1.203240 -0.895733 2.833548
v 1.201130 -0.892541 2.832280
v 1.201367 -0.894097 2.833143
v 1.201512 -0.895284 2.833441
v 1.205410 2.868507 -0.755995
v 1.205410 2.869683 -0.752963
v 1.201145 2.862364 -0.751868
v 1.205410 2.869902 -0.755736
v 1.203778 2.867112 -0.755700
v 1.203835 2.868801 -0.755309
v 1.203877 2.869868 -0.754779
v 1.202961 2.868680 -0.754317
v 1.203781 2.868456 -0.752238
v 1.202397 2.866634 -0.751776
v 1.205410 2.870539 -0.754094
v 1.203839 2.869438 -0.753665
v 1.202576 2.868146 -0.753363
v 1.201470 2.863787 -0.753466
v 1.202393 2.865454 -0.754813
v 1.201470 2.864495 -0.751645
v 1.201943 2.866194 -0.753352
v 1.202576 2.867643 -0.754660
v -2.867523 -1.194012 -0.846922
v -2.862373 -1.189871 -0.842354
v -2.868839 -1.194025 -0.843897
v -2.866340 -1.192395 -0.846480
v -2.864944 -1.191041 -0.845455
v -2.868103 -1.192537 -0.846134
v -2.867191 -1.191235 -0.845358
v -2.868206 -1.191649 -0.845059
v -2.864395 -1.190191 -0.842150
v -2.866333 -1.191095 -0.842375
v -2.863556 -1.190154 -0.844008
v -2.865925 -1.190617 -0.843953
v -2.867782 -1.191259 -0.844042
v -2.869655 -1.194258 -0.846053
v -2.867893 -1.192441 -0.842986
v -2.868839 -1.192556 -0.844475
v -2.869220 -1.192622 -0.845623
v 0.810826 -1.198641 -0.846823
v 0.815087 -1.198746 -0.842562
v 0.810833 -1.194482 -0.842463
v 0.812458 -1.198650 -0.846499
v 0.813839 -1.198674 -0.845576
v 0.810829 -1.197017 -0.846461
v 0.812500 -1.196988 -0.846068
v 0.813622 -1.197091 -0.845320
v 0.814762 -1.197117 -0.842523
v 0.813843 -1.195732 -0.842491
v 0.814762 -1.198707 -0.844193
v 0.814373 -1.197034 -0.844195
v 0.813626 -1.195911 -0.844084
v 0.810829 -1.194766 -0.844098
v 0.810829 -1.195657 -0.845503
v 0.812462 -1.194807 -0.842470
v 0.812500 -1.195160 -0.844149
v 0.812416 -1.195882 -0.845292
v 0.817040 -1.284989 2.823161
v 0.813843 -1.285403 2.824205
v 0.810829 -1.281038 2.816458
v 0.816616 -1.284697 2.824499
v 0.815857 -1.284672 2.825168
v 0.815972 -1.283502 2.821637
v 0.815544 -1.283468 2.823233
v 0.815006 -1.283497 2.824260
v 0.814213 -1.282772 2.823017
v 0.812599 -1.283775 2.822995
v 0.811592 -1.282374 2.821099
v 0.814884 -1.284922 2.825064
v 0.813935 -1.283602 2.823873
v 0.813168 -1.282497 2.822495
v 0.812611 -1.281364 2.818010
v 0.814415 -1.282229 2.819829
v 0.810971 -1.281410 2.818803
v 0.812828 -1.281879 2.820480
v 0.814377 -1.282433 2.821954
v -0.857208 -1.164771 -0.264589
v -0.858780 -1.160948 -0.262657
v -0.856926 -1.163294 -0.264852
v -0.857128 -1.162051 -0.264579
v -0.857776 -1.161225 -0.263807
v -0.009182 -1.189709 0.515950
v -0.007591 -1.193527 0.514000
v -0.008171 -1.189985 0.514794
v -0.007515 -1.190809 0.514015
v -0.007313 -1.192052 0.513737
v -1.164669 -1.165509 0.085038
v -1.166565 -1.169505 0.087044
v -1.165699 -1.165825 0.086198
v -1.166420 -1.166696 0.086987
v -1.166725 -1.167987 0.087284
v -0.316932 -1.198265 0.865616
v -0.315033 -1.194269 0.863605
v -0.317093 -1.196750 0.865856
v -0.316787 -1.195459 0.865558
v -0.316063 -1.194587 0.864768
v -0.406982 -1.178905 0.101648
v -0.408558 -1.175089 0.103582
v -0.406704 -1.177431 0.101385
v -0.406906 -1.176189 0.101660
v -0.407554 -1.175364 0.102431
v -0.715893 -1.183638 0.452776
v -0.714004 -1.179642 0.450779
v -0.716057 -1.182121 0.453016
v -0.715751 -1.180829 0.452720
v -0.715034 -1.179958 0.451935
v 0.010990 -1.212314 1.290022
v 0.012924 -1.208310 1.287976
v 0.010834 -1.210797 1.290259
v 0.011147 -1.209502 1.289954
v 0.011879 -1.208629 1.289151
v 0.318852 -1.203751 0.940233
v 0.320477 -1.207575 0.938244
v 0.319874 -1.204028 0.939060
v 0.320542 -1.204851 0.938270
v 0.320751 -1.206097 0.937985
v 0.332081 -1.229368 1.844621
v 0.333458 -1.225303 1.841340
v 0.331856 -1.227835 1.844688
v 0.332039 -1.226527 1.844087
v 0.332600 -1.225635 1.842912
v 0.588627 -1.217746 1.392222
v 0.589981 -1.221582 1.389546
v 0.589478 -1.218017 1.390696
v 0.590035 -1.218841 1.389652
v 0.590214 -1.220092 1.389248
v 0.827488 -1.259162 2.855439
v 0.821636 -1.254816 2.840602
v 0.825543 -1.259341 2.855720
v 0.826550 -1.257569 2.852051
v 0.825112 -1.256182 2.848042
v 0.827179 -1.258822 2.856709
v 0.826241 -1.257512 2.854085
v 0.825154 -1.256400 2.851330
v 0.825058 -1.256740 2.852911
v 0.821778 -1.255221 2.844314
v 0.822571 -1.256221 2.848487
v 0.823384 -1.255215 2.844022
v 0.823647 -1.255768 2.848087
v 0.824074 -1.256418 2.851519
v 0.826126 -1.258918 2.856862
v 0.823891 -1.257667 2.852494
v 0.824993 -1.257561 2.854292
v 0.825855 -1.257510 2.855308
v 0.828137 -1.236746 1.894678
v 0.825611 -1.236368 1.883040
v 0.823071 -1.232273 1.884658
v 0.827950 -1.236668 1.891925
v 0.827400 -1.236569 1.888744
v 0.827503 -1.235088 1.892396
v 0.827206 -1.235068 1.889706
v 0.826920 -1.235038 1.887338
v 0.826466 -1.234121 1.886627
v 0.825737 -1.234803 1.883107
v 0.825295 -1.233474 1.883438
v 0.826580 -1.236465 1.885625
v 0.826340 -1.234927 1.885198
v 0.825989 -1.233700 1.885023
v 0.824761 -1.232668 1.886973
v 0.826317 -1.233656 1.889690
v 0.824364 -1.232587 1.883982
v 0.825451 -1.233104 1.885851
v 0.826443 -1.233782 1.887749
v -1.353035 -1.151311 -0.579524
v -1.355694 -1.147446 -0.578232
v -1.352833 -1.149827 -0.579839
v -1.353267 -1.148573 -0.579704
v -1.354275 -1.147735 -0.579139
v -1.798549 -1.149081 -0.284037
v -1.801609 -1.153050 -0.282623
v -1.800026 -1.149387 -0.283102
v -1.801124 -1.150250 -0.282505
v -1.801681 -1.151535 -0.282337
v -1.920563 -1.133704 -0.869334
v -1.921261 -1.137514 -0.872253
v -1.920425 -1.133963 -0.870865
v -1.920509 -1.134780 -0.871958
v -1.920803 -1.136027 -0.872446
v -3.060806 -1.124371 -0.849933
v -3.061283 -1.124395 -0.848110
v -3.047306 -1.120670 -0.844704
v -3.062694 -1.124658 -0.849456
v -3.057750 -1.122900 -0.849191
v -3.060005 -1.123030 -0.848948
v -3.061332 -1.123109 -0.848584
v -3.059154 -1.122209 -0.847788
v -3.058288 -1.122947 -0.846475
v -3.054577 -1.121733 -0.845252
v -3.060257 -1.123052 -0.847674
v -3.057811 -1.121851 -0.846779
v -3.050445 -1.120897 -0.846362
v -3.054115 -1.121678 -0.847938
v -3.050720 -1.120930 -0.844631
v -3.054485 -1.121284 -0.846458
v -3.057613 -1.121829 -0.847917
v -0.896702 -1.273145 -0.223738
v -0.892517 -1.269244 -0.228350
v -0.895500 -1.272834 -0.225093
v -0.894283 -1.271984 -0.226445
v -0.893238 -1.270722 -0.227588
v -0.042907 -1.298015 0.550243
v -0.047092 -1.301907 0.554859
v -0.043625 -1.299492 0.551004
v -0.044674 -1.300750 0.552148
v -0.045891 -1.301598 0.553502
v -1.140545 -1.272813 0.053582
v -1.136654 -1.276721 0.049008
v -1.139946 -1.274324 0.052841
v -1.138992 -1.275595 0.051713
v -1.137840 -1.276440 0.050366
v -0.287018 -1.305485 0.827575
v -0.290916 -1.301570 0.832156
v -0.288204 -1.305200 0.828935
v -0.289360 -1.304356 0.830283
v -0.290313 -1.303084 0.831414
v -0.446476 -1.287285 0.142495
v -0.442299 -1.283391 0.137892
v -0.445274 -1.286977 0.141143
v -0.444061 -1.286127 0.139794
v -0.443016 -1.284870 0.138652
v -0.685989 -1.290858 0.414749
v -0.689876 -1.286948 0.419314
v -0.687172 -1.290573 0.416103
v -0.688328 -1.289730 0.417446
v -0.689274 -1.288457 0.418573
v 0.040940 -1.319527 1.251942
v 0.037007 -1.315605 1.256565
v 0.039742 -1.319241 1.253318
v 0.038571 -1.318395 1.254679
v 0.037609 -1.317119 1.255820
v 0.285164 -1.312055 0.974485
v 0.280949 -1.315947 0.979132
v 0.284443 -1.313529 0.975248
v 0.283390 -1.314790 0.976400
v 0.282162 -1.315637 0.977763
v 0.361386 -1.329478 1.814224
v 0.357941 -1.325561 1.819780
v 0.360398 -1.329202 1.816033
v 0.359394 -1.328360 1.817724
v 0.358536 -1.327083 1.819039
v 0.562775 -1.318966 1.430294
v 0.559380 -1.322915 1.436335
v 0.562187 -1.320452 1.431250
v 0.561333 -1.321725 1.432735
v 0.560345 -1.322590 1.434520
v 0.852200 -1.320217 2.871965
v 0.850300 -1.320229 2.872192
v 0.849350 -1.324130 2.857970
v 0.851906 -1.319835 2.873226
v 0.852440 -1.321675 2.868729
v 0.852127 -1.321494 2.871020
v 0.851715 -1.321408 2.872345
v 0.851544 -1.322411 2.870098
v 0.849633 -1.321799 2.869049
v 0.849221 -1.323091 2.865242
v 0.850880 -1.319842 2.873349
v 0.850807 -1.321553 2.871170
v 0.850758 -1.322861 2.868670
v 0.850899 -1.323790 2.861155
v 0.851986 -1.322929 2.864934
v 0.849121 -1.323909 2.861353
v 0.850792 -1.323439 2.865281
v 0.851929 -1.322792 2.868539
v 0.839920 -1.298163 1.955618
v 0.836441 -1.302924 1.954529
v 0.837288 -1.298593 1.944901
v 0.839886 -1.299806 1.955344
v 0.839211 -1.301288 1.955041
v 0.839718 -1.298282 1.953063
v 0.839554 -1.299837 1.953393
v 0.839195 -1.301113 1.953554
v 0.838974 -1.300772 1.952094
v 0.837059 -1.302474 1.952163
v 0.837437 -1.301493 1.949503
v 0.838001 -1.302383 1.954755
v 0.838257 -1.301856 1.952957
v 0.838425 -1.301205 1.951135
v 0.838295 -1.298517 1.947262
v 0.839150 -1.298406 1.950128
v 0.837517 -1.300133 1.946952
v 0.838413 -1.299995 1.949314
v 0.839176 -1.299867 1.951407
v -1.393890 -1.259636 -0.539473
v -1.388332 -1.255758 -0.543297
v -1.392166 -1.259339 -0.540524
v -1.390503 -1.258498 -0.541620
v -1.389156 -1.257239 -0.542593
v -1.775593 -1.256355 -0.316082
v -1.770237 -1.260301 -0.319908
v -1.774879 -1.257869 -0.316767
v -1.773609 -1.259149 -0.317734
v -1.771980 -1.260003 -0.318837
v -1.956547 -1.241915 -0.836041
v -1.958492 -1.245902 -0.830456
v -1.957100 -1.243409 -0.835201
v -1.957660 -1.244694 -0.833845
v -1.958153 -1.245569 -0.832178
v -3.034820 -1.227656 -0.883085
v -3.016083 -1.231957 -0.879287
v -3.035270 -1.227696 -0.881567
v -3.030578 -1.229232 -0.883074
v -3.025524 -1.230603 -0.882347
v -3.032890 -1.229249 -0.882978
v -3.029430 -1.230409 -0.882509
v -3.031315 -1.230069 -0.882310
v -3.020553 -1.231600 -0.879427
v -3.025772 -1.230662 -0.879908
v -3.020435 -1.231561 -0.881018
v -3.025345 -1.231057 -0.881217
v -3.029541 -1.230433 -0.881478
v -3.036384 -1.227876 -0.882279
v -3.030937 -1.229293 -0.880661
v -3.033066 -1.229278 -0.881849
v -3.034286 -1.229249 -0.882728
v 1.230480 -0.282728 0.873557
v 1.226341 -0.281301 0.874852
v 1.229073 -0.283163 0.873163
v 1.227791 -0.283046 0.873271
v 1.226830 -0.282392 0.873864
v 1.222588 0.509870 0.036455
v 1.226731 0.508426 0.035145
v 1.223080 0.508773 0.035461
v 1.224041 0.508114 0.034863
v 1.225323 0.507992 0.034752
v 1.165795 0.058957 1.183133
v 1.169361 0.061398 1.185342
v 1.165890 0.060129 1.184194
v 1.166600 0.061004 1.184988
v 1.167820 0.061449 1.185390
v 1.165619 0.852535 0.346913
v 1.162049 0.850087 0.344699
v 1.164074 0.852586 0.346962
v 1.162853 0.852139 0.346557
v 1.162144 0.851262 0.345763
v 1.233055 0.090382 0.428796
v 1.228924 0.091809 0.430090
v 1.231648 0.089946 0.428402
v 1.230370 0.090064 0.428510
v 1.229412 0.090718 0.429103
v 1.172032 0.434011 0.740130
v 1.168461 0.431579 0.737929
v 1.170491 0.434064 0.740179
v 1.169270 0.433621 0.739778
v 1.168556 0.432749 0.738988
v 1.151966 1.281215 0.024581
v 1.148392 1.278734 0.022336
v 1.150421 1.281264 0.024626
v 1.149201 1.280810 0.024215
v 1.148487 1.279921 0.023411
v 1.208950 0.938427 -0.285987
v 1.213112 0.936953 -0.287327
v 1.209446 0.937317 -0.286994
v 1.210411 0.936647 -0.287602
v 1.211701 0.936519 -0.287719
v 1.124886 1.839099 -0.289539
v 1.121365 1.835631 -0.291316
v 1.123345 1.839072 -0.289458
v 1.122135 1.838405 -0.289767
v 1.121437 1.837197 -0.290419
v 1.187577 1.393456 -0.550108
v 1.191815 1.391008 -0.550968
v 1.188095 1.391969 -0.550935
v 1.189083 1.390981 -0.551389
v 1.190392 1.390644 -0.551401
v 1.067879 2.852515 -0.772216
v 1.064694 2.839536 -0.767420
v 1.067642 2.853039 -0.770337
v 1.066578 2.849529 -0.771658
v 1.065514 2.846016 -0.770551
v 1.068001 2.853858 -0.772103
v 1.066509 2.851754 -0.771414
v 1.065377 2.849425 -0.770532
v 1.065621 2.850939 -0.770358
v 1.064667 2.842814 -0.767325
v 1.065220 2.846531 -0.767844
v 1.064854 2.842507 -0.769064
v 1.064919 2.846419 -0.769129
v 1.065251 2.849644 -0.769386
v 1.067871 2.854140 -0.771085
v 1.066265 2.850122 -0.768903
v 1.066361 2.852036 -0.770119
v 1.066445 2.853070 -0.771044
v 1.163208 1.889653 -0.781235
v 1.159180 1.888072 -0.778624
v 1.161789 1.888979 -0.781539
v 1.160527 1.888440 -0.781149
v 1.159611 1.888123 -0.780124
v 1.218941 -0.605642 1.364273
v 1.214756 -0.604874 1.366645
v 1.217522 -0.606130 1.363958
v 1.216229 -0.606156 1.364299
v 1.215260 -0.605716 1.365242
v 1.147713 -0.320473 1.810823
v 1.151245 -0.318642 1.814186
v 1.147797 -0.319536 1.812326
v 1.148495 -0.318859 1.813493
v 1.149704 -0.318548 1.814147
v 1.194920 -0.905381 1.926381
v 1.198998 -0.907828 1.927345
v 1.195378 -0.906865 1.926253
v 1.196312 -0.907854 1.926391
v 1.197586 -0.908192 1.926775
v 1.098999 -0.907293 3.062789
v 1.098763 -0.905488 3.063282
v 1.095696 -0.902314 3.049090
v 1.099095 -0.907193 3.064130
v 1.097676 -0.906680 3.059636
v 1.097611 -0.906464 3.061894
v 1.097546 -0.906118 3.063230
v 1.096718 -0.905398 3.060994
v 1.097355 -0.903990 3.060199
v 1.096276 -0.902858 3.056418
v 1.098969 -0.906217 3.064397
v 1.097458 -0.905200 3.062161
v 1.096340 -0.904413 3.059638
v 1.095890 -0.903987 3.052222
v 1.096585 -0.905521 3.055926
v 1.095692 -0.902272 3.052517
v 1.095986 -0.904107 3.056281
v 1.096474 -0.905544 3.059428
v 1.329834 -0.229752 0.921471
v 1.326844 -0.234734 0.916959
v 1.329785 -0.231116 0.920236
v 1.329197 -0.232541 0.918945
v 1.328163 -0.233813 0.917794
v 1.323090 0.556418 0.078545
v 1.326081 0.561419 0.083073
v 1.324410 0.557344 0.079382
v 1.325444 0.558617 0.080536
v 1.326031 0.560048 0.081832
v 1.277622 0.041154 1.166921
v 1.282337 0.037157 1.163298
v 1.279251 0.040613 1.166430
v 1.280720 0.039662 1.165568
v 1.281803 0.038449 1.164468
v 1.278591 0.828293 0.324865
v 1.273873 0.832293 0.328493
v 1.278057 0.829585 0.326037
v 1.276974 0.830800 0.327138
v 1.275505 0.831750 0.328001
v 1.332417 0.143358 0.476708
v 1.329426 0.138380 0.472201
v 1.332363 0.141997 0.475475
v 1.331776 0.140573 0.474185
v 1.330746 0.139303 0.473036
v 1.285004 0.409783 0.718096
v 1.280293 0.413768 0.721710
v 1.284470 0.411072 0.719262
v 1.283390 0.412281 0.720359
v 1.281922 0.413228 0.721218
v 1.264939 1.256939 0.002502
v 1.260208 1.260976 0.006162
v 1.264401 1.258246 0.003686
v 1.263314 1.259472 0.004798
v 1.261841 1.260430 0.005667
v 1.309448 0.984932 -0.243938
v 1.312447 0.989978 -0.239368
v 1.310772 0.985862 -0.243096
v 1.311806 0.987148 -0.241932
v 1.312393 0.988592 -0.240623
v 1.237923 1.813583 -0.311017
v 1.233116 1.818862 -0.307956
v 1.237358 1.815364 -0.310063
v 1.236248 1.816994 -0.309145
v 1.234757 1.818221 -0.308406
v 1.288109 1.438968 -0.507597
v 1.291058 1.445259 -0.503624
v 1.289437 1.439996 -0.506798
v 1.290463 1.441552 -0.505763
v 1.291035 1.443400 -0.504648
v 1.176037 2.832316 -0.790302
v 1.175869 2.832803 -0.788751
v 1.181423 2.814501 -0.785719
v 1.177948 2.828335 -0.790024
v 1.177784 2.830595 -0.789953
v 1.177651 2.831964 -0.789720
v 1.178646 2.829144 -0.789158
v 1.177704 2.828747 -0.787605
v 1.179405 2.823847 -0.786626
v 1.176075 2.833911 -0.789473
v 1.177670 2.830795 -0.788820
v 1.179051 2.827460 -0.788257
v 1.180863 2.818693 -0.787543
v 1.179642 2.823552 -0.789056
v 1.180710 2.818844 -0.785963
v 1.179981 2.823431 -0.787866
v 1.179154 2.827334 -0.789286
v 1.262680 1.939568 -0.732017
v 1.259453 1.937587 -0.737887
v 1.262554 1.939362 -0.733763
v 1.261898 1.938915 -0.735492
v 1.260807 1.938292 -0.736940
v 1.318241 -0.553489 1.413537
v 1.315277 -0.557660 1.407664
v 1.318203 -0.554540 1.411783
v 1.317627 -0.555702 1.410051
v 1.316597 -0.556795 1.408604
v 1.259499 -0.338886 1.795766
v 1.264271 -0.342109 1.790694
v 1.261132 -0.339370 1.795165
v 1.262612 -0.340153 1.793989
v 1.263714 -0.341112 1.792419
v 1.295296 -0.859867 1.970718
v 1.298416 -0.853876 1.973019
v 1.296631 -0.858863 1.971390
v 1.297695 -0.857371 1.972063
v 1.298325 -0.855621 1.972635
v 1.207192 -0.927234 3.044402
v 1.212372 -0.922614 3.026079
v 1.207016 -0.925731 3.044863
v 1.209065 -0.926958 3.040293
v 1.210709 -0.925984 3.035366
v 1.207291 -0.927247 3.045734
v 1.208901 -0.926902 3.042598
v 1.210247 -0.926235 3.039243
v 1.209748 -0.926111 3.041094
v 1.211701 -0.922875 3.030508
v 1.210449 -0.923559 3.035632
v 1.211869 -0.924461 3.030377
v 1.211029 -0.924803 3.035228
v 1.210137 -0.925210 3.039358
v 1.208802 -0.924564 3.040674
v 1.208779 -0.925780 3.042782
v 1.208767 -0.926677 3.043990
v -0.388157 0.143815 -1.151717
v -0.386348 0.142238 -1.155604
v -0.387035 0.142786 -1.152034
v -0.386299 0.142127 -1.152884
v -0.386059 0.141934 -1.154138
v -0.325611 0.875910 -1.134503
v -0.327659 0.877890 -1.138427
v -0.326751 0.876968 -1.134781
v -0.327541 0.877715 -1.135624
v -0.327862 0.878039 -1.136904
v 0.014775 0.562562 -1.141872
v 0.016575 0.560995 -1.145756
v 0.015892 0.561539 -1.142189
v 0.016629 0.560883 -1.143039
v 0.016869 0.560691 -1.144292
v -0.728519 0.457142 -1.144349
v -0.730575 0.459125 -1.148274
v -0.729664 0.458201 -1.144626
v -0.730453 0.458950 -1.145468
v -0.730774 0.459274 -1.146749
v -1.157474 0.102802 -1.152682
v -1.159553 0.104809 -1.156610
v -1.158626 0.103867 -1.152959
v -1.159427 0.104626 -1.153803
v -1.159752 0.104954 -1.155085
v -0.816723 -0.210885 -1.160057
v -0.814892 -0.212483 -1.163954
v -0.815590 -0.211923 -1.160376
v -0.814842 -0.212591 -1.161227
v -0.814598 -0.212787 -1.162484
v -1.257305 -0.496792 -1.166780
v -1.255317 -0.498358 -1.170694
v -1.256111 -0.497818 -1.167099
v -1.255314 -0.498479 -1.167955
v -1.255035 -0.498666 -1.169218
v -1.610828 -0.189203 -1.159545
v -1.613060 -0.187227 -1.163481
v -1.612041 -0.188147 -1.159825
v -1.612888 -0.187399 -1.160670
v -1.613247 -0.187077 -1.161954
v -2.467857 -0.832299 -1.174597
v -2.477043 -0.836108 -1.178820
v -2.471328 -0.833830 -1.174947
v -2.474293 -0.835089 -1.175873
v -2.476299 -0.835889 -1.177233
v -1.741344 -0.736346 -1.172412
v -1.736358 -0.736516 -1.176321
v -1.738998 -0.736842 -1.172722
v -1.737228 -0.737049 -1.173573
v -1.736301 -0.736935 -1.174836
v -2.402447 -0.574049 -1.168522
v -2.407673 -0.573459 -1.172493
v -2.404804 -0.573521 -1.168812
v -2.406624 -0.573225 -1.169669
v -2.407631 -0.573204 -1.170962
v 0.030228 1.355260 -1.123231
v 0.028252 1.357394 -1.127153
v 0.029114 1.356374 -1.123506
v 0.028347 1.357173 -1.124348
v 0.028046 1.357529 -1.125629
v 0.363961 1.024565 -1.131007
v 0.365677 1.022859 -1.134905
v 0.365048 1.023487 -1.131325
v 0.365757 1.022784 -1.132178
v 0.365978 1.022564 -1.133434
v 0.827755 2.399719 -1.098672
v 0.831875 2.408754 -1.102609
v 0.829376 2.403105 -1.098909
v 0.830731 2.406010 -1.099739
v 0.831608 2.407994 -1.101040
v 0.515221 2.292072 -1.101204
v 0.514939 2.297623 -1.105046
v 0.514755 2.294496 -1.101447
v 0.514542 2.296402 -1.102265
v 0.514603 2.297500 -1.103527
v 0.678166 1.554558 -1.118544
v 0.678116 1.549777 -1.122533
v 0.678578 1.552302 -1.118893
v 0.678715 1.550600 -1.119772
v 0.678551 1.549713 -1.121051
v -0.424278 0.179597 -1.258752
v -0.428894 0.183939 -1.262496
v -0.425056 0.180351 -1.260207
v -0.426208 0.181441 -1.261429
v -0.427559 0.182702 -1.262233
v -0.297287 0.852368 -1.242810
v -0.292907 0.848431 -1.246872
v -0.296600 0.851769 -1.244343
v -0.295524 0.850811 -1.245653
v -0.294227 0.849638 -1.246541
v -0.021351 0.598354 -1.248907
v -0.025963 0.602689 -1.252651
v -0.022133 0.599108 -1.250361
v -0.023285 0.600196 -1.251583
v -0.024627 0.601452 -1.252387
v -0.700203 0.433603 -1.252655
v -0.695820 0.429664 -1.256719
v -0.699512 0.433004 -1.254188
v -0.698436 0.432047 -1.255500
v -0.697140 0.430872 -1.256388
v -1.129181 0.079286 -1.260982
v -1.124775 0.075322 -1.265051
v -1.128490 0.078685 -1.262517
v -1.127411 0.077722 -1.263829
v -1.126106 0.076539 -1.264719
v -0.852810 -0.175132 -1.267083
v -0.857460 -0.170759 -1.270837
v -0.853592 -0.174376 -1.268541
v -0.854751 -0.173279 -1.269767
v -0.856109 -0.172009 -1.270572
v -1.293224 -0.461022 -1.273791
v -1.298073 -0.456684 -1.277560
v -1.294025 -0.460265 -1.275254
v -1.295231 -0.459175 -1.276486
v -1.296650 -0.457917 -1.277296
v -1.582695 -0.212743 -1.267840
v -1.578094 -0.216665 -1.271913
v -1.581985 -0.213340 -1.269377
v -1.580864 -0.214298 -1.270692
v -1.579498 -0.215463 -1.271581
v -2.480762 -0.830254 -1.282114
v -2.470207 -0.825231 -1.286154
v -2.480003 -0.829799 -1.283694
v -2.477733 -0.828685 -1.285015
v -2.474293 -0.827083 -1.285879
v -1.774246 -0.699198 -1.279368
v -1.782909 -0.696619 -1.283202
v -1.775341 -0.698573 -1.280844
v -1.777374 -0.697862 -1.282091
v -1.780029 -0.697176 -1.282919
v -2.377308 -0.598976 -1.276844
v -2.368923 -0.601132 -1.280882
v -2.376312 -0.599440 -1.278381
v -2.374370 -0.600014 -1.279689
v -2.371773 -0.600607 -1.280566
v 0.058625 1.331872 -1.231533
v 0.062908 1.327742 -1.235602
v 0.059307 1.331258 -1.233068
v 0.060360 1.330258 -1.234380
v 0.061623 1.329022 -1.235270
v 0.327755 1.060213 -1.238039
v 0.323250 1.064729 -1.241786
v 0.326981 1.060979 -1.239495
v 0.325855 1.062109 -1.240718
v 0.324543 1.063426 -1.241523
v 0.828156 2.414606 -1.205876
v 0.823029 2.404578 -1.210280
v 0.827721 2.413916 -1.207487
v 0.826592 2.411767 -1.208891
v 0.824944 2.408488 -1.209871
v 0.545311 2.272103 -1.209420
v 0.547478 2.263719 -1.213592
v 0.545834 2.271164 -1.210964
v 0.546429 2.269242 -1.212299
v 0.547005 2.266627 -1.213220
v 0.640209 1.587116 -1.225634
v 0.637860 1.595428 -1.229307
v 0.639595 1.588175 -1.227089
v 0.638935 1.590127 -1.228297
v 0.638329 1.592674 -1.229077
v 0.847187 2.964046 -1.141262
v 0.848850 2.963543 -1.141275
v 0.847870 2.965197 -1.141237
v -2.943836 -0.836527 -1.230482
v -2.943332 -0.838259 -1.230525
v -2.944999 -0.837204 -1.230499
v -1.272533 -1.271374 -1.327528
v -1.272480 -1.275987 -1.323084
v -1.273254 -1.273119 -1.327223
v -1.273498 -1.274608 -1.326267
v -1.273224 -1.275614 -1.324816
v 1.300812 -1.309138 1.236616
v 1.296273 -1.313370 1.236667
v 1.300461 -1.310748 1.237355
v 1.299477 -1.312120 1.237627
v 1.298004 -1.313039 1.237385
v -1.266178 -1.306603 1.237432
v -1.265327 -1.310106 1.236667
v -1.266647 -1.307948 1.237882
v -1.266651 -1.309086 1.237896
v 1.297585 1.300602 -1.266857
v 1.293049 1.300662 -1.271380
v 1.297245 1.301397 -1.268572
v 1.296265 1.301686 -1.270033
v 1.294789 1.301428 -1.271019
v -1.269367 1.304600 -1.267809
v -1.268749 1.303856 -1.271305
v -1.269855 1.305096 -1.269129
v -1.269909 1.305127 -1.270258
v 1.301113 1.267261 1.293623
v 1.304577 1.266244 1.292753
v 1.302441 1.267709 1.294099
v 1.303566 1.267674 1.294103
v 1.304314 1.267160 1.293630
v -1.024250 -0.795124 -1.312878
v -1.026623 -0.799582 -1.317236
v -1.024429 -0.795433 -1.314514
v -1.024944 -0.796389 -1.315920
v -1.025715 -0.797847 -1.316876
v 0.815758 1.037399 -1.277003
v 0.811211 1.034800 -1.272795
v 0.814015 1.036432 -1.276697
v 0.812542 1.035600 -1.275791
v 0.811558 1.035027 -1.274420
v -1.025348 1.042097 -1.276892
v -1.022987 1.039468 -1.272688
v -1.024444 1.041119 -1.276589
v -1.023681 1.040276 -1.275683
v -1.023170 1.039696 -1.274313
v 1.297699 -0.858849 0.980662
v 1.301945 -0.863135 0.982167
v 1.299328 -0.859224 0.980516
v 1.300705 -0.860171 0.980752
v 1.301625 -0.861542 0.981330
v 1.291138 1.029447 -0.796288
v 1.295418 1.031989 -0.800703
v 1.292771 1.029640 -0.796623
v 1.294155 1.030191 -0.797581
v 1.295086 1.031015 -0.799013
v 1.303234 0.986953 1.022815
v 1.299027 0.984408 1.021038
v 1.302910 0.985929 1.021880
v 1.301998 0.985086 1.021213
v 1.300633 0.984554 1.020916
v -1.022938 -1.282727 -0.855456
v -1.020904 -1.278537 -0.850720
v -1.022041 -1.282429 -0.853705
v -1.021339 -1.281527 -0.852188
v -1.020942 -1.280161 -0.851141
v 0.834984 -1.315674 0.997519
v 0.829621 -1.311510 0.994888
v 0.833184 -1.315364 0.996597
v 0.831536 -1.314463 0.995773
v 0.830281 -1.313111 0.995174
v -1.007648 -1.308633 0.995662
v -1.006405 -1.304425 0.993044
v -1.006756 -1.308307 0.994716
v -1.006206 -1.307393 0.993887
v -1.006080 -1.306031 0.993300
v -1.022117 -0.792866 -1.221552
v -1.024250 -0.797028 -1.225907
v -1.022934 -0.794488 -1.221914
v -1.023624 -0.795848 -1.222868
v -1.024090 -0.796739 -1.224270
v 0.811211 1.032896 -1.185826
v 0.806950 1.030683 -1.181610
v 0.810887 1.032698 -1.184199
v 0.809963 1.032209 -1.182825
v 0.808579 1.031501 -1.181917
v -1.022987 1.037561 -1.185715
v -1.019981 1.034450 -1.181521
v -1.022758 1.037296 -1.184092
v -1.022106 1.036612 -1.182722
v -1.021129 1.035612 -1.181822
v 1.198620 -0.850747 0.998366
v 1.202873 -0.855216 0.999548
v 1.198941 -0.852405 0.999077
v 1.199864 -0.853839 0.999552
v 1.201245 -0.854827 0.999718
v 1.199883 1.027277 -0.792074
v 1.204144 1.029508 -0.796286
v 1.200207 1.028131 -0.793688
v 1.201130 1.028855 -0.795054
v 1.202515 1.029338 -0.795965
v 1.204087 0.988044 1.039945
v 1.199883 0.985256 1.037708
v 1.202477 0.987882 1.040032
v 1.201115 0.987294 1.039636
v 1.200203 0.986372 1.038821
v -1.028408 -1.196327 -0.846865
v -1.026661 -1.192174 -0.842407
v -1.028393 -1.194705 -0.846464
v -1.028057 -1.193347 -0.845476
v -1.027447 -1.192458 -0.844052
v 0.815918 -1.242022 0.990275
v 0.810829 -1.237779 0.987875
v 0.815277 -1.240415 0.990007
v 0.814083 -1.239044 0.989456
v 0.812523 -1.238119 0.988709
v -1.027435 -1.239718 0.990234
v -1.025779 -1.235453 0.987044
v -1.027725 -1.238107 0.989935
v -1.027515 -1.236731 0.989225
v -1.026832 -1.235799 0.988209
v 0.805691 -0.800730 -1.269499
v 0.809952 -0.796482 -1.269407
v 0.807320 -0.800410 -1.269493
v 0.808705 -0.799491 -1.269472
v 0.809628 -0.798112 -1.269444
v 0.809456 2.865430 -1.189185
v 0.812470 2.864178 -1.189212
v 0.810612 2.866256 -1.189166
v 0.812241 2.865578 -1.189181
v 1.254189 -0.900175 2.812351
v 1.254196 -0.897134 2.813902
v 1.254193 -0.899976 2.813859
v 1.254196 -0.899329 2.814683
v 1.248905 2.868478 -0.755995
v 1.248913 2.869643 -0.752972
v 1.248909 2.870584 -0.755072
v 0.815048 -1.242210 -0.843592
v 0.810772 -1.242121 -0.847853
v 0.814720 -1.242178 -0.845220
v 0.813790 -1.242150 -0.846604
v 0.812401 -1.242130 -0.847529
v -2.861316 -1.232800 -0.846716
v -2.860004 -1.232748 -0.849735
v -2.862186 -1.232757 -0.848850
v -2.854191 -0.791421 -1.269283
v -2.855434 -0.788402 -1.269217
v -2.855591 -0.791187 -1.269277
v -2.856262 -0.789552 -1.269242
v 1.246376 -0.809523 -0.836580
v 1.246380 -0.813883 -0.832415
v 1.246372 -0.811159 -0.836292
v 1.246376 -0.812562 -0.835398
v 1.246376 -0.813518 -0.834036
v 0.827111 -1.311330 2.829626
v 0.830487 -1.311321 2.828664
v 0.828408 -1.311352 2.830591
v 0.830235 -1.311346 2.830070
v -0.200836 -1.182419 0.306460
v -0.199257 -1.186233 0.304520
v -0.199833 -1.182694 0.305307
v -0.199180 -1.183517 0.304535
v -0.198978 -1.184759 0.304257
v -0.934311 -1.172464 0.260748
v -0.936203 -1.176460 0.262747
v -0.935341 -1.172782 0.261905
v -0.936062 -1.173654 0.262693
v -0.936363 -1.174945 0.262987
v -0.628696 -1.167910 -0.086642
v -0.627125 -1.171727 -0.088571
v -0.627693 -1.168187 -0.087790
v -0.627044 -1.169011 -0.088560
v -0.626846 -1.170254 -0.088834
v -0.506435 -1.186973 0.653828
v -0.508327 -1.190970 0.655831
v -0.507465 -1.187290 0.654987
v -0.508186 -1.188161 0.655774
v -0.508487 -1.189452 0.656070
v -0.142391 -1.201362 1.074416
v -0.144306 -1.205363 1.076443
v -0.143429 -1.201681 1.075585
v -0.144157 -1.202554 1.076380
v -0.144466 -1.203847 1.076682
v 0.163555 -1.196800 0.726651
v 0.165161 -1.200619 0.724683
v 0.164570 -1.197078 0.725487
v 0.165230 -1.197902 0.724704
v 0.165440 -1.199146 0.724423
v 0.459431 -1.210679 1.160431
v 0.461029 -1.214507 1.158341
v 0.460438 -1.210956 1.159209
v 0.461094 -1.211782 1.158383
v 0.461304 -1.213027 1.158077
v 0.159870 -1.215615 1.520821
v 0.157997 -1.219629 1.523030
v 0.158844 -1.215935 1.522050
v 0.158131 -1.216811 1.522903
v 0.157833 -1.218107 1.523246
v 0.822354 -1.243544 2.362624
v 0.827832 -1.247949 2.374188
v 0.824074 -1.243962 2.366245
v 0.825718 -1.244941 2.369714
v 0.827038 -1.246342 2.372503
v 0.709942 -1.225066 1.638706
v 0.710873 -1.228942 1.634701
v 0.710449 -1.225321 1.636428
v 0.710804 -1.226144 1.634865
v 0.710953 -1.227416 1.634259
v 0.562634 -1.238990 2.303176
v 0.562485 -1.243181 2.309258
v 0.562187 -1.239349 2.305609
v 0.562001 -1.240270 2.307619
v 0.562104 -1.241618 2.308900
v -1.421699 -1.158389 -0.083894
v -1.423744 -1.162382 -0.081964
v -1.422786 -1.158705 -0.082763
v -1.423557 -1.159576 -0.082000
v -1.423893 -1.160867 -0.081720
v -1.098591 -1.154193 -0.425034
v -1.096878 -1.158024 -0.426881
v -1.097534 -1.154473 -0.426153
v -1.096836 -1.155299 -0.426896
v -1.096603 -1.156546 -0.427152
v -2.484180 -1.127185 -0.857013
v -2.493259 -1.131129 -0.861025
v -2.487598 -1.127423 -0.858564
v -2.490524 -1.128257 -0.859873
v -2.492512 -1.129558 -0.860736
v -2.369453 -1.135931 -0.547120
v -2.374954 -1.139845 -0.546810
v -2.371864 -1.136216 -0.546608
v -2.373756 -1.137062 -0.546369
v -2.374840 -1.138337 -0.546441
v -1.635673 -1.140530 -0.726901
v -1.630844 -1.144460 -0.727055
v -1.633423 -1.140843 -0.727373
v -1.631714 -1.141700 -0.727570
v -1.630810 -1.142968 -0.727457
v -0.234573 -1.290721 0.340766
v -0.238754 -1.294615 0.345372
v -0.235290 -1.292197 0.341526
v -0.236336 -1.293457 0.342667
v -0.237552 -1.294305 0.344019
v -0.910183 -1.279769 0.229285
v -0.906299 -1.283679 0.224721
v -0.909584 -1.281278 0.228545
v -0.908634 -1.282553 0.227419
v -0.907482 -1.283395 0.226074
v -0.662437 -1.276208 -0.052328
v -0.666614 -1.280107 -0.047725
v -0.663154 -1.277686 -0.051567
v -0.664200 -1.278946 -0.050425
v -0.665413 -1.279798 -0.049076
v -0.482311 -1.294276 0.622368
v -0.478424 -1.298188 0.617799
v -0.481712 -1.295786 0.621628
v -0.480758 -1.297059 0.620500
v -0.479606 -1.297902 0.619156
v -0.118290 -1.308660 1.042986
v -0.114376 -1.312578 1.038386
v -0.117687 -1.310175 1.042241
v -0.116729 -1.311448 1.041106
v -0.115570 -1.312292 1.039753
v 0.129845 -1.305104 0.760925
v 0.125645 -1.309000 0.765556
v 0.129128 -1.306582 0.761688
v 0.128075 -1.307840 0.762836
v 0.126854 -1.308690 0.764195
v 0.426735 -1.318097 1.195149
v 0.422615 -1.322000 1.199982
v 0.426033 -1.319576 1.195936
v 0.425003 -1.320836 1.197131
v 0.423802 -1.321689 1.198552
v 0.183991 -1.322027 1.490656
v 0.187874 -1.325949 1.485901
v 0.184597 -1.323542 1.489909
v 0.185547 -1.324819 1.488743
v 0.186699 -1.325666 1.487335
v 0.846031 -1.309152 2.412988
v 0.842892 -1.313489 2.406534
v 0.846169 -1.310756 2.413305
v 0.845623 -1.312144 2.412189
v 0.844471 -1.313102 2.409812
v 0.700623 -1.311231 1.684697
v 0.698960 -1.315288 1.693611
v 0.700348 -1.312743 1.686104
v 0.699932 -1.314043 1.688294
v 0.699448 -1.314938 1.690930
v 0.587952 -1.324319 2.302411
v 0.590470 -1.328205 2.295145
v 0.588532 -1.325851 2.301754
v 0.589215 -1.327129 2.300142
v 0.589894 -1.327955 2.297821
v -1.397728 -1.265691 -0.115425
v -1.393646 -1.269605 -0.119900
v -1.397110 -1.267200 -0.116158
v -1.396118 -1.268474 -0.117267
v -1.394905 -1.269317 -0.118581
v -1.132183 -1.262485 -0.390646
v -1.136547 -1.266389 -0.386139
v -1.132915 -1.263967 -0.389892
v -1.134002 -1.265229 -0.388770
v -1.135277 -1.266080 -0.387453
v -2.497844 -1.234522 -0.859685
v -2.487652 -1.238926 -0.854888
v -2.497127 -1.236133 -0.859303
v -2.494938 -1.237536 -0.858257
v -2.491611 -1.238517 -0.856707
v -2.348938 -1.243148 -0.580269
v -2.340557 -1.247166 -0.582721
v -2.347996 -1.244667 -0.580848
v -2.346069 -1.245964 -0.581517
v -2.343456 -1.246842 -0.582176
v -1.666137 -1.248884 -0.690834
v -1.674347 -1.252710 -0.688394
v -1.667164 -1.250366 -0.690236
v -1.669086 -1.251613 -0.689563
v -1.671608 -1.252435 -0.688916
v -3.048275 -1.176045 -0.864838
v -3.047813 -1.176012 -0.866513
v -3.049446 -1.176016 -0.865495
v 0.837910 -1.289752 2.863947
v 0.839848 -1.289690 2.863703
v 0.838658 -1.289760 2.865208
v 0.839707 -1.289727 2.865076
v 0.831421 -1.267371 1.913865
v 0.834030 -1.267462 1.925156
v 0.832409 -1.267362 1.916319
v 0.833252 -1.267374 1.919325
v 0.833821 -1.267411 1.922428
v 1.226773 0.297701 0.225237
v 1.230908 0.296270 0.223937
v 1.227261 0.296608 0.224247
v 1.228218 0.295955 0.223653
v 1.229500 0.295835 0.223544
v 1.168263 0.238237 0.955453
v 1.171833 0.240671 0.957656
v 1.168362 0.239407 0.956512
v 1.169075 0.240281 0.957302
v 1.170296 0.240724 0.957705
v 1.228760 -0.101723 0.647443
v 1.232895 -0.103146 0.646150
v 1.229248 -0.102812 0.646456
v 1.230206 -0.103465 0.645864
v 1.231488 -0.103581 0.645757
v 1.166279 0.637639 0.533228
v 1.169850 0.640076 0.535433
v 1.166374 0.638810 0.534288
v 1.167088 0.639684 0.535080
v 1.168308 0.640129 0.535482
v 1.156101 1.063208 0.174874
v 1.159672 1.065670 0.177102
v 1.156197 1.064389 0.175943
v 1.156906 1.065270 0.176742
v 1.158127 1.065721 0.177149
v 1.216660 0.722882 -0.133468
v 1.220810 0.721425 -0.134791
v 1.217156 0.721780 -0.134467
v 1.218117 0.721115 -0.135070
v 1.219399 0.720991 -0.135184
v 1.199326 1.160281 -0.423779
v 1.203507 1.158675 -0.425068
v 1.199826 1.159118 -0.424768
v 1.200794 1.158405 -0.425360
v 1.202088 1.158249 -0.425465
v 1.138066 1.513297 -0.121669
v 1.141629 1.515912 -0.119472
v 1.138157 1.514536 -0.120611
v 1.138863 1.515468 -0.119823
v 1.140087 1.515951 -0.119423
v 1.111939 2.363799 -0.773021
v 1.115494 2.373329 -0.776665
v 1.112049 2.367277 -0.774567
v 1.112767 2.370309 -0.775802
v 1.113976 2.372434 -0.776540
v 1.173706 1.641109 -0.668441
v 1.178078 1.636524 -0.668301
v 1.174271 1.638803 -0.668885
v 1.175301 1.637122 -0.669016
v 1.176636 1.636321 -0.668809
v 1.095482 2.299683 -0.514898
v 1.098885 2.305271 -0.514121
v 1.095509 2.302059 -0.514384
v 1.096165 2.303956 -0.514056
v 1.097351 2.305084 -0.513963
v 1.160362 -0.114085 1.437458
v 1.163925 -0.111723 1.439814
v 1.160454 -0.112944 1.438575
v 1.161167 -0.112094 1.439415
v 1.162384 -0.111666 1.439850
v 1.221745 -0.447492 1.112086
v 1.225891 -0.448829 1.110652
v 1.222237 -0.448550 1.111044
v 1.223198 -0.449176 1.110406
v 1.224480 -0.449273 1.110270
v 1.145287 -0.903848 2.487981
v 1.149010 -0.907510 2.497299
v 1.145458 -0.905419 2.491393
v 1.146225 -0.906667 2.494364
v 1.147473 -0.907400 2.496436
v 1.124596 -0.593207 2.376865
v 1.128029 -0.592521 2.382646
v 1.124638 -0.592707 2.379293
v 1.125305 -0.592402 2.381244
v 1.126496 -0.592335 2.382422
v 1.205357 -0.758185 1.644035
v 1.209625 -0.757777 1.639519
v 1.205887 -0.758577 1.641811
v 1.206887 -0.758638 1.640172
v 1.208199 -0.758358 1.639366
v 1.327275 0.344264 0.267341
v 1.330265 0.349251 0.271855
v 1.328594 0.345188 0.268177
v 1.329624 0.346460 0.269328
v 1.330212 0.347885 0.270620
v 1.280094 0.220428 0.939235
v 1.284809 0.216439 0.935619
v 1.281723 0.219887 0.938743
v 1.283192 0.218939 0.937883
v 1.284275 0.217728 0.936786
v 1.329262 -0.055150 0.689555
v 1.332253 -0.050172 0.694062
v 1.330582 -0.054228 0.690389
v 1.331612 -0.052959 0.691539
v 1.332203 -0.051533 0.692828
v 1.278111 0.619833 0.517012
v 1.282826 0.615845 0.513394
v 1.279740 0.619292 0.516521
v 1.281208 0.618344 0.515660
v 1.282292 0.617133 0.514562
v 1.267922 1.045429 0.158683
v 1.272644 1.041412 0.155041
v 1.269554 1.044885 0.158189
v 1.271023 1.043930 0.157324
v 1.272110 1.042712 0.156218
v 1.317162 0.769409 -0.091396
v 1.320156 0.774431 -0.086849
v 1.318482 0.770337 -0.090557
v 1.319515 0.771618 -0.089398
v 1.320103 0.773055 -0.088096
v 1.299820 1.206644 -0.381686
v 1.302819 1.211863 -0.377177
v 1.301148 1.207589 -0.380848
v 1.302185 1.208914 -0.379696
v 1.302773 1.210414 -0.378408
v 1.249867 1.495673 -0.137891
v 1.254612 1.491470 -0.141485
v 1.251503 1.495115 -0.138382
v 1.252976 1.494119 -0.139236
v 1.254071 1.492841 -0.140326
v 1.217346 2.387102 -0.764268
v 1.222054 2.377020 -0.758867
v 1.218960 2.386506 -0.763705
v 1.220421 2.384379 -0.762480
v 1.221508 2.381049 -0.760781
v 1.274349 1.684473 -0.624940
v 1.277153 1.693483 -0.622228
v 1.275669 1.685710 -0.624235
v 1.276665 1.687858 -0.623471
v 1.277188 1.690587 -0.622767
v 1.207112 2.285033 -0.532537
v 1.212071 2.277068 -0.534328
v 1.208763 2.284189 -0.532891
v 1.210285 2.282378 -0.533355
v 1.211449 2.279877 -0.533859
v 1.272187 -0.131966 1.421393
v 1.276909 -0.135859 1.417585
v 1.273815 -0.132500 1.420888
v 1.275284 -0.133427 1.419986
v 1.276371 -0.134607 1.418827
v 1.322243 -0.400843 1.154050
v 1.325238 -0.395965 1.158741
v 1.323567 -0.399927 1.154901
v 1.324600 -0.398677 1.156090
v 1.325188 -0.397287 1.157438
v 1.250836 -0.893742 2.509694
v 1.255364 -0.888269 2.499904
v 1.252438 -0.893156 2.509103
v 1.253865 -0.891908 2.507035
v 1.254891 -0.890195 2.503806
v 1.236283 -0.612763 2.364226
v 1.241177 -0.614563 2.356154
v 1.237923 -0.613138 2.363396
v 1.239434 -0.613611 2.361569
v 1.240574 -0.614113 2.359027
v 1.305943 -0.709806 1.682901
v 1.308827 -0.707063 1.691402
v 1.307259 -0.709048 1.684043
v 1.308274 -0.708263 1.686060
v 1.308823 -0.707564 1.688643
v 1.152889 -0.915611 3.054072
v 1.153095 -0.917269 3.053593
v 1.152878 -0.916837 3.055544
v 1.121758 2.842921 -0.779545
v 1.121956 2.842413 -0.781265
v 1.121704 2.844074 -0.780235
v 0.847397 -1.340761 2.842890
v 0.846619 -1.340420 2.841465
v -2.860180 -0.791397 -1.315661
v 0.813439 2.871165 -1.235444
v 1.295285 2.874523 -0.756871
vn 0.0813 -0.0773 0.9937
vn -0.0000 -0.0235 0.9997
vn 0.0777 -0.0819 0.9936
vn 0.7119 -0.5982 -0.3679
vn 0.6457 -0.6106 -0.4586
vn 0.6820 -0.5706 -0.4574
vn -0.0680 0.0420 0.9968
vn -0.6123 0.7485 -0.2544
vn -0.5521 0.7585 -0.3462
vn -0.5707 0.7820 -0.2507
vn 0.0577 -0.1023 0.9931
vn 0.0619 -0.0986 0.9932
vn 0.7466 -0.5558 -0.3657
vn 0.7155 -0.5301 -0.4551
vn -0.7720 0.5801 -0.2598
vn -0.7902 0.5013 -0.3525
vn -0.7461 0.5634 -0.3549
vn -0.6929 0.6729 -0.2588
vn -0.6303 0.6917 -0.3525
vn -0.6520 0.7133 -0.2570
vn 0.0655 -0.0944 0.9934
vn 0.0695 -0.0903 0.9935
vn -0.0641 0.0458 0.9969
vn -0.5058 0.7924 -0.3409
vn -0.5222 0.8164 -0.2464
vn 0.4645 -0.8105 -0.3568
vn 0.4907 -0.7458 -0.4505
vn 0.5116 -0.7794 -0.3617
vn 0.5563 -0.7463 -0.3655
vn 0.5720 -0.6811 -0.4570
vn 0.5969 -0.7131 -0.3678
vn -0.4540 0.8260 -0.3341
vn -0.4680 0.8504 -0.2405
vn -0.4126 0.8499 -0.3279
vn -0.4249 0.8743 -0.2346
vn 0.3871 -0.8530 -0.3500
vn 0.4030 -0.8030 -0.4390
vn 0.4197 -0.8367 -0.3518
vn 0.0532 -0.1063 0.9929
vn -0.3931 0.8603 -0.3247
vn -0.4046 0.8842 -0.2334
vn -0.4305 0.8397 -0.3311
vn -0.5223 0.8499 -0.0691
vn 0.1775 -0.9393 -0.2936
vn 0.3723 -0.8204 -0.4340
vn 0.0442 -0.1148 0.9924
vn 0.0486 -0.1105 0.9927
vn 0.7785 -0.5124 -0.3624
vn 0.7466 -0.4886 -0.4515
vn 0.8059 -0.4710 -0.3586
vn 0.7737 -0.4489 -0.4471
vn -0.8541 0.4529 -0.2559
vn -0.8434 0.4112 -0.3459
vn -0.8267 0.4418 -0.3486
vn -0.0720 0.0378 0.9967
vn 0.8230 -0.4410 -0.3580
vn 0.7914 -0.4209 -0.4434
vn 0.9270 -0.2173 -0.3056
vn 0.8909 -0.2149 -0.4002
vn -0.8703 0.4212 -0.2552
vn -0.8247 0.4454 -0.3484
vn -0.0793 0.0268 0.9965
vn 0.6176 -0.5818 -0.5293
vn 0.6521 -0.5435 -0.5285
vn -0.0000 0.0235 -0.9997
vn 0.0486 -0.0431 -0.9979
vn -0.5921 0.7260 -0.3498
vn -0.5312 0.7322 -0.4263
vn -0.0452 0.0927 -0.9947
vn -0.0414 0.0968 -0.9944
vn 0.6843 -0.5049 -0.5261
vn 0.7144 -0.4656 -0.5224
vn -0.6696 0.6527 -0.3544
vn -0.6807 0.5891 -0.4354
vn -0.6436 0.6295 -0.4353
vn -0.6058 0.6673 -0.4332
vn -0.7080 0.6104 -0.3552
vn -0.7175 0.5438 -0.4354
vn 0.6086 -0.6477 -0.4584
vn 0.5333 -0.7135 -0.4545
vn 0.5474 -0.6495 -0.5278
vn 0.5107 -0.6809 -0.5249
vn -0.4371 0.7984 -0.4142
vn -0.0494 0.0900 -0.9947
vn 0.4459 -0.7765 -0.4452
vn 0.4701 -0.7120 -0.5215
vn 0.4275 -0.7420 -0.5165
vn -0.3794 0.8332 -0.4023
vn -0.0001 0.0235 -0.9997
vn -0.0387 0.1008 -0.9942
vn 0.3872 -0.7681 -0.5100
vn 0.1809 -0.9036 -0.3882
vn 0.3585 -0.7861 -0.5036
vn -0.5714 0.6370 -0.5174
vn 0.0651 -0.0256 -0.9975
vn -0.7604 0.4841 -0.4329
vn -0.7970 0.4271 -0.4270
vn 0.7407 -0.4283 -0.5175
vn 0.7582 -0.4019 -0.5134
vn 0.0726 -0.0189 -0.9972
vn 0.0688 -0.0222 -0.9974
vn -0.8143 0.3984 -0.4222
vn -0.7827 0.4154 -0.4634
vn 0.8545 -0.2154 -0.4728
vn -0.7326 0.6290 -0.2600
vn 0.9978 -0.0191 0.0639
vn 0.9981 -0.0484 -0.0387
vn 0.9883 -0.0629 -0.1391
vn -0.0624 0.0765 -0.9951
vn -0.0657 0.0725 -0.9952
vn -0.5694 0.7005 -0.4301
vn -0.0590 0.0801 -0.9950
vn -0.0856 0.0225 0.9961
vn 0.0738 -0.0862 0.9935
vn -0.0739 0.0631 -0.9953
vn -0.0067 -0.9990 0.0452
vn -0.2798 -0.9488 0.1464
vn 0.0272 -0.9980 -0.0576
vn 0.0054 -0.9974 0.0719
vn 0.0459 -0.9864 -0.1578
vn 0.0447 -0.0462 -0.9979
vn 0.6355 -0.6787 -0.3680
vn 0.0621 -0.0294 -0.9976
vn 0.5823 -0.6175 -0.5288
vn 0.0965 -0.0235 0.9951
vn -0.0897 0.0200 0.9958
vn 0.1067 -0.0528 0.9929
vn 0.0904 -0.0718 0.9933
vn 0.0902 -0.0033 -0.9959
vn 0.0756 -0.0171 -0.9970
vn -0.0790 0.0617 -0.9950
vn 0.0951 0.0169 -0.9953
vn 0.0001 -0.0235 0.9997
vn 0.0424 -0.1199 0.9919
vn -0.0566 0.0530 0.9970
vn -0.4866 0.7650 -0.4219
vn 0.0356 -0.0578 -0.9977
vn -0.0001 0.0236 -0.9997
vn -0.0604 0.0495 0.9969
vn -0.0522 0.0566 0.9970
vn -0.0558 0.0837 -0.9949
vn -0.8173 0.5153 -0.2580
vn -0.0685 0.9918 -0.1076
vn 0.0025 0.9998 0.0219
vn -0.0956 0.9952 0.0218
vn -0.0690 0.0671 -0.9954
vn 0.0001 -0.0236 0.9997
vn 0.0256 -0.1336 0.9907
vn -0.0425 0.0683 0.9968
vn -0.0022 -0.1189 0.9929
vn -0.0375 0.1038 -0.9939
vn 0.0044 -0.0714 -0.9974
vn -0.0327 0.0082 -0.9994
vn 0.0230 -0.0686 -0.9974
vn 0.9458 0.2500 0.2070
vn 0.8933 0.0752 0.4431
vn 0.0862 -0.0737 0.9936
vn 0.9782 0.1506 -0.1427
vn 0.0375 -0.0541 -0.9978
vn 0.6743 -0.6401 -0.3683
vn -0.0524 0.0867 -0.9949
vn 0.0408 -0.0497 -0.9979
vn -0.0478 0.0613 0.9970
vn -0.3977 0.8224 -0.4068
vn 0.1859 -0.8671 -0.4622
vn 0.0519 -0.0397 -0.9979
vn 0.0551 -0.0364 -0.9978
vn 0.0588 -0.0331 -0.9977
vn -0.0753 0.0329 0.9966
vn -0.0440 0.0651 0.9969
vn 0.0103 -0.9999 -0.0079
vn -0.0052 -0.9999 -0.0116
vn 0.0002 -0.9999 -0.0126
vn -0.9549 -0.2970 0.0022
vn -0.9134 -0.3984 -0.0832
vn -0.9793 -0.2026 0.0003
vn -0.8475 -0.5238 -0.0856
vn -0.9585 -0.2851 -0.0051
vn -0.0973 -0.9926 0.0730
vn -0.0013 -0.9997 -0.0236
vn -0.0012 -0.9973 0.0739
vn 0.9998 -0.0179 0.0012
vn 1.0000 -0.0010 -0.0040
vn 0.9932 -0.0774 -0.0869
vn 0.0547 0.9973 -0.0498
vn 0.0025 0.9966 -0.0824
vn -0.0000 -0.0219 0.9998
vn 0.1592 -0.1248 0.9793
vn 0.0982 -0.0219 0.9949
vn 0.0692 -0.9931 -0.0942
vn 0.0768 -0.9970 0.0073
vn -0.0048 0.0095 -0.9999
vn 0.0003 0.0216 -0.9998
vn -0.0000 0.0216 -0.9998
vn 0.1414 0.9898 -0.0146
vn 0.0430 0.9988 0.0236
vn 0.0502 0.9973 -0.0541
vn -0.0984 0.0219 -0.9949
vn 0.0697 -0.0481 -0.9964
vn -0.0310 -0.0520 -0.9982
vn 0.0975 0.9881 0.1193
vn 0.1396 0.9899 0.0226
vn -0.0000 0.0218 -0.9998
vn -0.1857 0.2062 -0.9607
vn 1.0000 -0.0021 0.0006
vn 0.9950 0.0702 0.0707
vn 0.9861 -0.0867 0.1419
vn 1.0000 -0.0057 -0.0025
vn 0.7304 -0.6622 0.1674
vn 0.7061 -0.7079 -0.0155
vn 0.7610 -0.6486 -0.0142
vn -0.9945 0.0030 -0.1047
vn -0.9953 0.0969 0.0022
vn -1.0000 0.0007 -0.0000
vn 0.0042 -0.9999 -0.0164
vn 0.1030 -0.9946 -0.0137
vn 0.0122 -0.9998 -0.0139
vn -0.1482 -0.9798 0.1341
vn -0.1851 -0.9823 -0.0293
vn -0.0215 0.0423 -0.9989
vn 0.0002 0.1129 -0.9936
vn 0.7038 -0.7039 -0.0961
vn 0.6460 -0.7632 -0.0167
vn -0.6066 0.5935 0.5290
vn -0.5118 0.5945 0.6203
vn -0.4572 0.7515 0.4757
vn 1.0000 0.0004 -0.0010
vn 0.9939 -0.1105 -0.0045
vn 0.9868 -0.1118 -0.1174
vn -0.0030 -0.9999 -0.0128
vn -0.0035 -0.9970 0.0769
vn -0.0003 0.0219 -0.9998
vn -0.0929 0.0219 -0.9954
vn -0.0001 -0.0755 -0.9971
vn -0.1578 -0.0388 -0.9867
vn -0.0018 -0.9937 -0.1121
vn 0.1022 -0.0219 0.9945
vn 0.0001 0.0761 0.9971
vn 0.1248 0.0493 0.9910
vn -0.2316 -0.6346 -0.7373
vn -0.1685 -0.6779 -0.7156
vn -0.0807 -0.6838 -0.7252
vn 0.0012 -1.0000 -0.0088
vn 0.0131 -0.9829 0.1837
vn -0.0013 -0.8138 -0.5812
vn -0.0723 -0.7200 -0.6902
vn -0.0233 -0.0723 0.9971
vn 0.0974 0.0216 -0.9950
vn 0.0919 -0.0748 -0.9930
vn 0.9999 0.0030 -0.0112
vn 1.0000 -0.0048 -0.0039
vn 0.9953 0.0973 -0.0019
vn -0.0195 -0.9998 0.0040
vn 0.0648 0.1740 -0.9826
vn 0.0840 0.9962 0.0218
vn 0.0026 0.9971 -0.0765
vn -0.9852 -0.1537 0.0763
vn -0.9938 -0.0458 0.1014
vn 0.7330 0.1156 -0.6704
vn 0.6944 0.1956 -0.6925
vn 0.7017 0.1264 -0.7012
vn -0.6071 0.5012 0.6166
vn -0.7530 0.4542 0.4762
vn 0.6447 0.1713 -0.7450
vn 0.6668 0.1136 -0.7365
vn -0.0014 -0.1469 0.9892
vn -0.0982 -0.0290 0.9947
vn -0.0006 -0.0469 0.9989
vn 0.9955 0.0008 -0.0950
vn 1.0000 -0.0010 0.0041
vn 0.1351 0.9905 0.0237
vn 0.0010 0.9925 0.1226
vn 0.9903 0.1284 -0.0530
vn -0.4671 0.4495 0.7614
vn -0.5786 0.5643 0.5889
vn 0.0969 -0.9885 -0.1160
vn -0.9884 -0.1185 0.0953
vn 0.6612 0.0461 -0.7488
vn 0.8178 0.1957 -0.5412
vn 0.7036 0.0960 -0.7041
vn -0.9903 0.1013 -0.0952
vn -0.9952 0.0028 -0.0979
vn 0.7073 -0.6849 -0.1751
vn 0.7027 -0.7024 -0.1134
vn -0.3313 -0.4969 -0.8021
vn -0.0699 -0.6876 -0.7227
vn 0.0970 0.0751 0.9924
vn 0.1577 -0.7517 -0.6403
vn 0.0098 0.0263 -0.9996
vn 0.0846 -0.0631 -0.9944
vn -0.9904 -0.0500 -0.1290
vn -0.9968 -0.0795 -0.0017
vn -0.9870 -0.0120 -0.1606
vn -0.0948 0.9927 -0.0752
vn 0.9995 0.0221 0.0219
vn 0.9906 0.0945 0.0990
vn 1.0000 -0.0007 -0.0000
vn 0.9952 0.0975 0.0022
vn 0.9949 -0.0696 -0.0723
vn 0.9961 0.0322 -0.0818
vn -0.0750 -0.9971 -0.0132
vn -0.0040 -0.9998 -0.0185
vn -0.0936 -0.9953 -0.0235
vn -0.0161 -0.9954 -0.0948
vn -0.0974 -0.1258 0.9873
vn -0.0003 -0.1417 0.9899
vn 0.0002 0.1203 -0.9927
vn 0.0742 0.0527 -0.9958
vn -0.0967 0.1182 -0.9883
vn -0.0000 0.0219 -0.9998
vn 0.9952 -0.0028 0.0976
vn 0.9952 -0.0028 0.0977
vn 0.9968 -0.0750 0.0291
vn 0.2032 0.9741 -0.0991
vn 0.0791 -0.9922 -0.0964
vn 0.0391 -0.1531 0.9874
vn 0.1900 -0.0298 0.9813
vn 0.2150 -0.1799 0.9599
vn 0.0643 0.9962 -0.0591
vn 0.0121 0.9996 0.0237
vn 0.0685 0.9961 -0.0550
vn 0.5863 -0.3429 -0.7340
vn 0.6010 -0.4356 -0.6702
vn 0.5602 -0.4341 -0.7055
vn -0.0514 0.9944 0.0927
vn -0.7310 -0.2803 0.6222
vn -0.7418 -0.3683 0.5604
vn -0.7658 -0.2744 0.5817
vn 0.0893 0.9954 -0.0356
vn 0.0849 0.9956 -0.0391
vn 0.5429 -0.3409 -0.7675
vn 0.5189 -0.4314 -0.7380
vn -0.5595 -0.2850 0.7783
vn -0.4792 -0.3773 0.7924
vn -0.5422 -0.3794 0.7497
vn -0.6536 -0.2856 0.7009
vn -0.6732 -0.3758 0.6368
vn -0.6958 -0.2789 0.6619
vn 0.0810 0.9958 -0.0429
vn 0.0768 0.9959 -0.0468
vn -0.0558 0.9944 0.0893
vn -0.7771 -0.3619 0.5149
vn -0.8019 -0.2673 0.5344
vn 0.8040 -0.3348 -0.4914
vn 0.7395 -0.4297 -0.5182
vn 0.7722 -0.3383 -0.5379
vn 0.7380 -0.3418 -0.5818
vn 0.6732 -0.4350 -0.5981
vn 0.7037 -0.3441 -0.6216
vn -0.8135 -0.3507 0.4639
vn -0.8376 -0.2590 0.4810
vn -0.8425 -0.3320 0.4242
vn -0.8649 -0.2424 0.4396
vn 0.8653 -0.2666 -0.4244
vn 0.8023 -0.4063 -0.4373
vn 0.8349 -0.3176 -0.4494
vn 0.0931 0.9952 -0.0311
vn -0.8600 -0.3061 0.4082
vn -0.8795 -0.2189 0.4225
vn -0.8855 -0.0997 0.4539
vn -0.8589 -0.2374 0.4537
vn 0.9104 -0.1413 -0.3888
vn 0.8346 -0.3578 -0.4189
vn 0.1030 0.9944 -0.0230
vn 0.0975 0.9949 -0.0267
vn 0.4986 -0.3378 -0.7983
vn 0.4767 -0.4275 -0.7681
vn 0.4566 -0.3340 -0.8246
vn 0.4364 -0.4229 -0.7942
vn -0.4303 -0.2828 0.8572
vn -0.3880 -0.3710 0.8437
vn -0.4189 -0.3736 0.8276
vn -0.0476 0.9942 0.0969
vn 0.4265 -0.3324 -0.8412
vn 0.4079 -0.4192 -0.8111
vn 0.1998 -0.2797 -0.9391
vn 0.1992 -0.3761 -0.9049
vn -0.3984 -0.2809 0.8731
vn -0.4219 -0.3725 0.8266
vn -0.0366 0.9939 0.1044
vn 0.5737 -0.5072 -0.6431
vn 0.5346 -0.5061 -0.6768
vn -0.0121 -0.9996 -0.0237
vn 0.0533 -0.9959 -0.0737
vn -0.7083 -0.3726 0.5996
vn -0.7152 -0.4473 0.5370
vn -0.0794 -0.9965 0.0244
vn -0.0013 -0.9999 -0.0160
vn -0.0744 -0.9969 0.0257
vn 0.4951 -0.5039 -0.7078
vn 0.4553 -0.4993 -0.7372
vn -0.6332 -0.3782 0.6753
vn -0.5684 -0.4589 0.6829
vn -0.6097 -0.4582 0.6467
vn -0.6486 -0.4550 0.6101
vn -0.5901 -0.3794 0.7126
vn -0.5225 -0.4586 0.7188
vn 0.6389 -0.4358 -0.6339
vn 0.7063 -0.4330 -0.5600
vn 0.6429 -0.5067 -0.5744
vn 0.6741 -0.5064 -0.5377
vn -0.7854 -0.4305 0.4448
vn -0.0775 -0.9966 0.0272
vn -0.0107 -0.9997 -0.0226
vn 0.7714 -0.4237 -0.4748
vn 0.7067 -0.5022 -0.4983
vn 0.7380 -0.4963 -0.4573
vn -0.8347 -0.3851 0.3936
vn 0.0245 -0.9997 -0.0089
vn -0.0616 -0.9976 0.0303
vn 0.7689 -0.4793 -0.4231
vn 0.8865 -0.2334 -0.3996
vn 0.8036 -0.4327 -0.4088
vn -0.7609 -0.4380 0.4787
vn 0.0357 -0.9953 -0.0902
vn -0.4616 -0.4573 0.7601
vn -0.4040 -0.4514 0.7956
vn 0.4173 -0.4942 -0.7626
vn 0.3907 -0.4893 -0.7797
vn 0.0285 -0.9949 -0.0969
vn 0.0319 -0.9951 -0.0933
vn -0.3750 -0.4465 0.8124
vn -0.3924 -0.4870 0.7803
vn 0.2013 -0.4503 -0.8699
vn -0.6093 -0.2847 0.7400
vn -0.0042 0.0883 -0.9961
vn 0.0262 -0.0142 -0.9996
vn 0.0421 -0.1146 -0.9925
vn -0.0637 -0.9972 0.0398
vn -0.0590 -0.9974 0.0423
vn -0.6817 -0.4539 0.5738
vn -0.0674 -0.9971 0.0366
vn -0.0319 0.9934 0.1101
vn 0.0729 0.9960 -0.0513
vn -0.0503 -0.9974 0.0516
vn 0.8713 0.4885 0.0473
vn 0.9584 0.2854 0.0007
vn 0.9291 0.3696 0.0072
vn 0.9211 0.3859 0.0521
vn 0.9823 0.1875 -0.0066
vn 0.0581 -0.9959 -0.0690
vn 0.6683 -0.3447 -0.6592
vn 0.0392 -0.9955 -0.0866
vn 0.6097 -0.5083 -0.6082
vn 0.0099 0.9973 -0.0726
vn -0.0297 0.9929 0.1150
vn 0.0389 0.9958 -0.0833
vn 0.0585 0.9960 -0.0680
vn 0.0127 -0.9933 -0.1147
vn 0.0270 -0.9946 -0.1006
vn -0.0484 -0.9973 0.0559
vn -0.0076 -0.9929 -0.1189
vn 0.1077 0.9940 -0.0210
vn -0.0632 0.9946 0.0821
vn -0.7494 -0.4416 0.4933
vn 0.1566 -0.9864 -0.0504
vn 0.0631 -0.9979 -0.0131
vn -0.0598 0.9945 0.0860
vn -0.0669 0.9947 0.0777
vn -0.0713 -0.9969 0.0337
vn -0.4937 -0.2837 0.8221
vn -0.9740 -0.1783 -0.1399
vn -0.9914 -0.0973 -0.0874
vn -0.9741 -0.1743 -0.1440
vn -0.0544 -0.9974 0.0468
vn 0.0121 0.9996 0.0236
vn 0.1472 0.9891 0.0018
vn -0.0794 0.9945 0.0686
vn 0.1009 0.9946 0.0236
vn -0.0349 -0.9991 0.0241
vn 0.1812 -0.9832 -0.0227
vn 0.0800 -0.9966 0.0173
vn 0.2419 -0.9686 -0.0571
vn -0.2736 0.2267 -0.9347
vn -0.1881 0.4608 -0.8674
vn 0.0601 0.9962 -0.0634
vn -0.1719 -0.1211 -0.9776
vn 0.1008 -0.9939 -0.0450
vn 0.6288 -0.3443 -0.6972
vn -0.0744 -0.9968 0.0305
vn 0.0703 -0.9959 -0.0578
vn 0.9873 0.1551 -0.0354
vn 0.9683 0.2484 -0.0255
vn -0.0714 0.9948 0.0732
vn -0.8135 -0.4157 0.4068
vn 0.9963 0.0795 -0.0327
vn 0.0497 -0.9958 -0.0769
vn 0.0466 -0.9957 -0.0803
vn 0.0427 -0.9956 -0.0832
vn -0.0424 0.9941 0.1001
vn -0.0768 0.9945 0.0707
vn 0.4727 -0.6761 -0.5652
vn 0.5574 -0.6018 -0.5720
vn 0.5572 -0.6378 -0.5317
vn -0.9993 -0.0299 -0.0230
vn 0.1455 0.6387 0.7556
vn 0.2413 0.5878 0.7722
vn 0.1439 0.5970 0.7892
vn -0.9742 -0.1537 -0.1650
vn -0.9741 -0.1586 -0.1610
vn 0.4712 -0.7109 -0.5221
vn 0.5554 -0.6711 -0.4910
vn 0.1458 0.7971 0.5860
vn 0.2413 0.8238 0.5130
vn 0.2439 0.7805 0.5756
vn 0.1473 0.7188 0.6794
vn 0.2444 0.6657 0.7050
vn 0.1468 0.6782 0.7201
vn -0.9743 -0.1620 -0.1566
vn -0.9743 -0.1655 -0.1526
vn -0.9993 -0.0329 -0.0189
vn 0.2384 0.5414 0.8063
vn 0.1413 0.5487 0.8240
vn 0.4516 -0.4333 -0.7799
vn 0.5432 -0.4492 -0.7093
vn 0.4590 -0.4788 -0.7484
vn 0.4645 -0.5229 -0.7147
vn 0.5533 -0.5291 -0.6434
vn 0.4687 -0.5628 -0.6808
vn 0.2344 0.4893 0.8400
vn 0.1383 0.4943 0.8582
vn 0.2307 0.4476 0.8639
vn 0.1357 0.4510 0.8822
vn 0.4391 -0.3567 -0.8246
vn 0.5270 -0.3634 -0.7683
vn 0.4451 -0.3884 -0.8069
vn -0.9740 -0.1509 -0.1691
vn 0.2288 0.4280 0.8743
vn 0.1352 0.4318 0.8918
vn 0.2323 0.4652 0.8542
vn -0.0367 0.5319 0.8460
vn 0.3700 -0.1538 -0.9162
vn 0.5202 -0.3334 -0.7863
vn -0.9737 -0.1416 -0.1784
vn -0.9742 -0.1449 -0.1733
vn 0.4684 -0.7424 -0.4790
vn 0.5522 -0.7022 -0.4495
vn 0.4650 -0.7699 -0.4370
vn 0.5478 -0.7293 -0.4098
vn 0.1415 0.8777 0.4578
vn 0.2355 0.8755 0.4220
vn 0.2377 0.8593 0.4529
vn -0.9993 -0.0246 -0.0265
vn 0.4640 -0.7868 -0.4070
vn 0.5441 -0.7471 -0.3819
vn 0.4062 -0.8947 -0.1860
vn 0.4974 -0.8491 -0.1779
vn 0.1425 0.8935 0.4258
vn 0.2426 0.8180 0.5216
vn -0.9991 -0.0174 -0.0379
vn 0.6231 -0.5667 -0.5391
vn 0.6231 -0.6006 -0.5010
vn 0.9914 0.0973 0.0874
vn 0.9986 0.0490 0.0214
vn 0.2432 0.6277 0.7395
vn 0.3250 0.5744 0.7512
vn 0.9775 0.1424 0.1559
vn 0.9775 0.1381 0.1597
vn 0.6209 -0.6333 -0.4620
vn 0.6177 -0.6632 -0.4225
vn 0.2451 0.7049 0.6657
vn 0.3289 0.7236 0.6068
vn 0.3293 0.6865 0.6483
vn 0.3282 0.6492 0.6862
vn 0.2449 0.7428 0.6231
vn 0.3276 0.7597 0.5617
vn 0.5560 -0.5651 -0.6095
vn 0.5491 -0.4910 -0.6763
vn 0.6187 -0.4989 -0.6069
vn 0.6159 -0.4609 -0.6390
vn 0.3175 0.4803 0.8176
vn 0.9773 0.1469 0.1526
vn 0.5356 -0.4052 -0.7409
vn 0.6098 -0.4215 -0.6712
vn 0.6021 -0.3799 -0.7022
vn 0.3097 0.4220 0.8521
vn 0.9771 0.1357 0.1637
vn 0.5933 -0.3407 -0.7293
vn 0.4616 -0.1478 -0.8747
vn 0.5857 -0.3126 -0.7478
vn 0.3497 0.4442 0.8249
vn 0.9987 0.0326 0.0395
vn 0.3254 0.8015 0.5017
vn 0.3199 0.8372 0.4436
vn 0.6143 -0.6884 -0.3857
vn 0.6081 -0.7083 -0.3586
vn 0.9986 0.0242 0.0460
vn 0.9987 0.0289 0.0429
vn 0.3155 0.8536 0.4144
vn 0.4244 0.6681 0.6111
vn 0.5667 -0.8053 -0.1741
vn 0.1470 0.7582 0.6352
vn 0.0341 -0.9994 -0.0108
vn 0.1380 -0.9899 -0.0335
vn 0.2373 -0.9705 -0.0417
vn 0.9774 0.1592 0.1391
vn 0.9775 0.1622 0.1349
vn 0.3271 0.6126 0.7195
vn 0.9774 0.1559 0.1428
vn -0.9990 -0.0130 -0.0421
vn -0.9740 -0.1709 -0.1487
vn 0.9771 0.1716 0.1262
vn 0.0195 -0.0038 -0.9998
vn -0.1071 0.2608 -0.9594
vn 0.1245 -0.0275 -0.9918
vn 0.2189 0.1710 -0.9607
vn 0.2244 -0.0363 -0.9738
vn 0.9985 0.0515 0.0172
vn 0.4715 -0.6006 -0.6457
vn 0.9988 0.0352 0.0354
vn 0.6224 -0.5310 -0.5750
vn -0.9775 -0.1924 -0.0859
vn -0.9990 -0.0052 -0.0443
vn -0.9723 -0.2034 -0.1151
vn -0.9727 -0.1897 -0.1337
vn 0.9981 0.0048 0.0614
vn 0.9986 0.0216 0.0477
vn 0.9766 0.1756 0.1241
vn 0.9967 0.0029 0.0817
vn -0.9734 -0.1391 -0.1822
vn -0.9991 -0.0404 -0.0114
vn 0.3220 0.5300 0.7845
vn 0.9981 0.0613 0.0068
vn 0.9914 0.0974 0.0875
vn -0.9992 -0.0372 -0.0150
vn -0.9990 -0.0443 -0.0075
vn 0.9775 0.1515 0.1464
vn 0.1440 0.8416 0.5206
vn 0.9775 0.1661 0.1299
vn -0.9914 -0.0974 -0.0874
vn -0.9728 -0.1226 -0.1966
vn -0.9985 -0.0540 0.0042
vn -0.9787 -0.0950 -0.1821
vn 0.9769 0.1336 0.1666
vn 0.9957 0.0921 -0.0071
vn 0.9890 0.1299 0.0713
vn 0.9973 0.0735 -0.0047
vn -0.1635 -0.9829 0.0843
vn -0.3616 -0.9305 0.0590
vn -0.9735 -0.1838 -0.1358
vn -0.0168 -0.9996 -0.0221
vn 0.9982 0.0596 0.0108
vn 0.4727 -0.6396 -0.6062
vn 0.9774 0.1494 0.1495
vn 0.9983 0.0559 0.0145
vn -0.9988 -0.0491 -0.0034
vn 0.3124 0.4403 0.8418
vn 0.5340 -0.1452 -0.8329
vn 0.9987 0.0449 0.0250
vn 0.9987 0.0417 0.0279
vn 0.9988 0.0383 0.0314
vn -0.9993 -0.0217 -0.0319
vn -0.9986 -0.0526 0.0009
vn -0.1173 -0.9113 0.3948
vn -0.1912 -0.6828 0.7051
vn -0.5520 -0.5572 0.6203
vn -0.0641 -0.8086 0.5849
vn -0.1670 -0.3989 0.9017
vn -0.3633 -0.6207 0.6948
vn -0.8208 -0.2358 0.5203
vn -0.2677 -0.4116 0.8712
vn -0.1940 0.2802 0.9401
vn -0.0571 -0.2738 0.9601
vn -0.0464 -0.0182 0.9988
vn -0.2432 0.3118 0.9185
vn -0.1624 -0.0253 0.9864
vn -0.0474 -0.5514 0.8329
vn -0.2216 -0.0216 0.9749
vn -0.5687 0.6817 0.4602
vn -0.4664 0.8659 0.1806
vn -0.6245 0.7291 0.2799
vn -0.6312 0.6541 0.4169
vn -0.4704 0.7307 0.4948
vn -0.3970 0.8539 0.3366
vn -0.5449 0.3998 0.7371
vn 0.6567 0.1417 0.7407
vn 0.7833 0.0265 0.6210
vn 0.5315 0.5018 0.6824
vn 0.6018 0.2997 0.7403
vn 0.3712 0.1259 0.9200
vn 0.5225 0.0119 0.8526
vn 0.3864 0.2206 0.8956
vn -0.8478 0.5226 -0.0905
vn -0.6977 0.5533 0.4550
vn -0.7453 0.6093 0.2708
vn -0.8685 0.4691 0.1599
vn -0.7500 0.4584 0.4768
vn -0.6686 0.6166 0.4156
vn -0.4184 0.5138 0.7490
vn 0.2470 0.0258 0.9687
vn -0.3034 0.1742 0.9368
vn -0.0050 0.0215 0.9998
vn -0.0008 0.1330 0.9911
vn -0.3324 0.2212 0.9168
vn 0.0009 0.1875 0.9823
vn -0.0784 -0.8524 -0.5171
vn 0.0149 -0.9688 -0.2473
vn -0.0424 -0.9969 0.0665
vn -0.1440 -0.8195 -0.5547
vn -0.0035 -0.8521 -0.5234
vn 0.0043 -0.6735 -0.7392
vn -0.1829 -0.5004 -0.8462
vn -0.3701 0.5622 -0.7396
vn -0.6910 0.4999 -0.5221
vn -0.3376 0.7055 -0.6231
vn -0.2355 0.3214 -0.9172
vn -0.5276 0.7159 -0.4573
vn -0.2967 0.2950 -0.9083
vn -0.2908 0.4218 -0.8588
vn -0.0264 -0.2978 -0.9543
vn -0.1376 0.2342 -0.9624
vn -0.1150 -0.0212 -0.9931
vn -0.2328 0.4783 -0.8467
vn -0.1402 -0.0286 -0.9897
vn 0.8735 0.0969 -0.4772
vn 0.8820 0.2973 -0.3658
vn 0.9783 -0.0286 -0.2054
vn 0.8728 -0.0027 -0.4880
vn 0.9874 0.1551 0.0330
vn 0.5267 0.1941 -0.8276
vn 0.6346 0.1102 -0.7650
vn -0.2093 0.1610 -0.9645
vn 0.3236 0.0408 -0.9453
vn 0.0164 0.0547 -0.9984
vn -0.4532 0.2557 -0.8540
vn 0.0467 0.1344 -0.9898
vn 0.6982 -0.0026 -0.7159
vn -0.2961 0.2580 -0.9197
vn 0.0512 0.1618 -0.9855
vn -0.5429 0.3668 -0.7554
vn -0.6825 0.3582 -0.6371
vn -0.7549 0.4468 -0.4801
vn -0.5015 0.3909 -0.7718
vn -0.2749 0.3198 -0.9067
vn -0.3438 0.9120 -0.2237
vn -0.1043 0.9455 -0.3085
vn -0.5967 0.6089 -0.5227
vn -0.3851 0.7283 -0.5669
vn -0.3309 0.5517 -0.7656
vn -0.8785 0.1054 -0.4659
vn -0.9059 0.3517 -0.2358
vn -0.9888 0.0745 -0.1295
vn -0.3243 0.3902 -0.8618
vn -0.6579 0.4010 -0.6375
vn -0.6526 0.1801 -0.7360
vn -0.2013 0.1880 -0.9613
vn -0.2377 0.1858 -0.9534
vn 0.7152 0.6390 -0.2831
vn 0.7517 0.5631 -0.3433
vn 0.7881 0.2737 -0.5513
vn 0.7465 0.1952 -0.6362
vn 0.2264 -0.9018 -0.3682
vn 0.7787 0.1360 -0.6125
vn 0.6068 -0.1983 -0.7697
vn 0.5378 -0.3132 -0.7828
vn 0.8834 0.2172 -0.4153
vn 0.7701 0.6301 0.0997
vn 0.8629 0.1344 -0.4871
vn -0.5077 -0.8223 -0.2570
vn -0.6095 -0.7757 -0.1637
vn -0.6200 -0.7695 -0.1532
vn 0.0139 0.8833 -0.4686
vn 0.1601 0.9594 -0.2322
vn 0.5068 -0.2490 -0.8253
vn 0.8119 -0.5836 0.0166
vn 0.7087 -0.6456 0.2847
vn 0.5686 0.2488 -0.7841
vn -0.4893 0.7120 0.5037
vn -0.4893 0.7119 0.5037
vn -0.8544 -0.1728 -0.4901
vn -0.7920 -0.1804 -0.5833
vn -0.2156 -0.5014 -0.8379
vn -0.2157 -0.5013 -0.8379
vn -0.2157 -0.5013 -0.8380
vn -0.2185 -0.3283 -0.9190
vn -0.1694 -0.3357 -0.9266
vn 0.6680 -0.7421 -0.0545
vn 0.6069 -0.6109 -0.5085
vn 0.5635 -0.7849 -0.2576
vn -0.8870 0.4491 -0.1073
vn -0.8484 0.3382 -0.4072
vn -0.8393 0.3277 -0.4339
vn 0.3376 -0.7153 0.6118
vn 0.4267 -0.7161 0.5523
vn 0.2034 -0.5885 0.7825
vn 0.5063 -0.8409 0.1910
vn 0.4870 -0.7909 0.3705
vn 0.3496 -0.8966 0.2720
vn 0.4587 -0.7380 -0.4948
vn 0.4480 -0.6585 -0.6047
vn 0.7464 -0.4970 -0.4426
vn 0.7464 -0.4971 -0.4426
vn -0.2278 -0.6456 0.7289
vn -0.1031 -0.7360 0.6691
vn 0.4939 0.8598 0.1301
vn 0.2394 0.8986 0.3676
vn 0.1241 0.9877 0.0950
vn 0.8435 0.5038 0.1863
vn 0.6361 0.6533 0.4106
vn 0.5260 0.5875 0.6150
vn 0.8129 0.1559 0.5612
vn 0.9471 0.2444 0.2082
vn 0.9801 0.1484 0.1319
vn 0.2390 0.3261 0.9146
vn 0.4944 0.0909 0.8645
vn 0.6357 0.3804 0.6717
vn 0.7958 0.4165 0.4396
vn 0.0334 -0.0759 0.9966
vn 0.1721 -0.1822 0.9681
vn 0.0174 -0.4443 -0.8957
vn 0.0174 -0.4438 -0.8960
vn 0.0174 -0.4441 -0.8958
vn 0.8125 -0.5456 0.2053
vn 0.8127 -0.5453 0.2054
vn 0.1199 -0.7886 -0.6032
vn -0.0647 -0.7219 -0.6890
vn -0.0617 0.4430 0.8944
vn -0.0582 0.4431 0.8946
vn 0.0276 0.4390 0.8981
vn -0.1055 -0.5258 0.8441
vn -0.3446 -0.2624 0.9013
vn -0.0726 -0.1601 0.9844
vn -0.1898 -0.8673 0.4603
vn -0.3880 -0.6552 0.6482
vn -0.5970 -0.5430 0.5905
vn -0.4337 -0.7987 0.4171
vn -0.6598 -0.6485 0.3796
vn -0.1924 -0.9678 0.1626
vn -0.4935 -0.8534 0.1678
vn -0.1843 -0.9601 0.2102
vn -0.9044 -0.2475 0.3475
vn -0.8545 -0.5090 0.1033
vn -0.5890 -0.7942 -0.1496
vn -0.7219 -0.6330 -0.2796
vn -0.8478 -0.5287 -0.0405
vn -0.1254 -0.9584 -0.2563
vn -0.4775 -0.8363 -0.2694
vn -0.5740 -0.6116 -0.5446
vn 0.4730 0.8759 0.0951
vn 0.4731 0.8759 0.0951
vn 0.6253 -0.0268 -0.7799
vn 0.6869 -0.1952 -0.7000
vn 0.1156 -0.7176 -0.6868
vn 0.1157 -0.7174 -0.6870
vn -0.7900 -0.4378 0.4292
vn -0.7901 -0.4376 0.4293
vn -0.2170 0.4693 -0.8559
vn 0.3852 0.1412 -0.9120
vn -0.2431 0.6119 -0.7527
vn 0.2075 0.3551 -0.9115
vn 0.7166 0.0990 -0.6904
vn 0.1214 0.4485 -0.8855
vn 0.3948 0.2334 -0.8886
vn -0.2992 0.8962 0.3277
vn -0.5778 0.7922 0.1962
vn -0.1642 0.7841 0.5985
vn -0.0555 0.8906 0.4514
vn -0.4272 0.8992 0.0944
vn -0.6589 0.7522 0.0099
vn 0.3151 0.9086 -0.2742
vn 0.3167 0.9086 -0.2724
vn 0.4977 0.8649 -0.0644
vn 0.9265 0.1181 -0.3572
vn 0.8824 0.4163 0.2193
vn 0.9287 0.3226 -0.1831
vn 0.7924 0.5586 0.2450
vn 0.9047 0.2197 -0.3651
vn 0.9050 0.4133 -0.1006
vn -0.4782 -0.8547 0.2019
vn -0.1194 -0.9165 -0.3819
vn -0.5890 -0.7708 0.2429
vn -0.3518 -0.8994 -0.2596
vn -0.1228 -0.6930 -0.7104
vn -0.4039 -0.8122 -0.4209
vn -0.3323 -0.6583 -0.6754
vn -0.9502 0.2105 0.2299
vn -0.7911 0.1669 0.5884
vn -0.7921 0.5754 0.2037
vn -0.9499 0.2974 0.0960
vn -0.9486 0.0655 0.3098
vn -0.7491 -0.0251 0.6620
vn -0.9996 0.0101 0.0282
vn -0.1245 -0.3567 -0.9259
vn -0.4606 0.2441 -0.8534
vn -0.3599 -0.2355 -0.9028
vn -0.6087 0.2741 -0.7445
vn -0.4115 -0.4027 -0.8176
vn 0.3729 -0.1062 -0.9218
vn 0.1176 -0.3665 -0.9230
vn 0.6884 -0.0972 -0.7187
vn 0.3464 -0.3472 -0.8715
vn 0.1019 -0.6873 -0.7192
vn 0.5590 -0.5740 -0.5983
vn 0.3113 -0.6575 -0.6861
vn 0.8566 -0.3569 -0.3727
vn 0.9095 -0.1372 -0.3924
vn 0.6879 -0.7146 -0.1272
vn 0.9096 -0.3866 -0.1521
vn 0.6540 -0.3189 -0.6860
vn 0.1190 -0.9056 -0.4071
vn 0.3759 -0.9156 -0.1425
vn 0.3484 -0.8551 -0.3840
vn 0.6539 -0.6716 -0.3484
vn 0.8932 0.1665 0.4177
vn 0.9005 -0.4187 0.1173
vn 0.8049 0.2145 0.5533
vn 0.9147 -0.2333 0.3299
vn 0.6675 -0.7402 0.0805
vn 0.8656 -0.1963 0.4606
vn 0.8496 -0.4261 0.3108
vn -0.2132 0.1677 0.9625
vn -0.1413 0.5602 0.8162
vn -0.5829 0.1585 0.7969
vn -0.2942 0.0217 0.9555
vn -0.0425 0.2402 0.9698
vn 0.0929 0.6351 0.7668
vn -0.0045 -0.0550 0.9985
vn 0.3500 -0.9304 0.1089
vn -0.2504 -0.8506 0.4624
vn 0.1665 -0.9314 0.3238
vn -0.2620 -0.7718 0.5794
vn 0.3482 -0.8857 0.3071
vn 0.1342 -0.8829 0.4501
vn 0.0185 0.9902 -0.1388
vn 0.0813 0.8827 -0.4628
vn 0.0214 0.8982 -0.4391
vn 0.4741 0.7258 -0.4984
vn 0.4742 0.7260 -0.4981
vn 0.0960 0.7279 -0.6790
vn 0.0341 0.6918 -0.7213
vn 0.3379 0.5494 -0.7642
vn 0.6882 -0.6403 -0.3412
vn 0.7107 -0.6872 -0.1505
vn 0.6363 -0.5381 -0.5527
vn 0.5185 -0.3373 -0.7858
vn 0.6370 -0.0028 -0.7709
vn 0.7911 0.0140 -0.6115
vn 0.8407 -0.1611 -0.5169
vn 0.3446 -0.5947 -0.7264
vn 0.6714 0.2905 -0.6818
vn 0.0683 0.3460 -0.9358
vn 0.2779 -0.1624 -0.9468
vn 0.0854 0.4647 -0.8814
vn 0.5287 -0.2491 -0.8115
vn 0.5430 -0.3915 -0.7429
vn -0.0954 0.9288 -0.3582
vn -0.3764 0.9232 -0.0771
vn -0.0905 0.7195 -0.6886
vn -0.3723 0.8573 -0.3555
vn -0.7032 0.7069 -0.0768
vn -0.3539 0.6760 -0.6464
vn -0.6604 0.6692 -0.3406
vn -0.3779 0.1176 -0.9184
vn -0.0964 0.3982 -0.9122
vn -0.7043 0.1080 -0.7017
vn -0.3729 0.3924 -0.8408
vn -0.6604 0.3711 -0.6528
vn -0.9203 0.3810 -0.0895
vn -0.9205 0.1063 -0.3761
vn -0.8490 0.3818 -0.3653
vn -0.9443 -0.0238 -0.3283
vn -0.9905 -0.0172 -0.1365
vn -0.8389 -0.0496 -0.5420
vn -0.5963 -0.1616 -0.7863
vn -0.5538 0.0113 -0.8325
vn -0.7200 -0.4534 -0.5254
vn -0.7200 -0.4535 -0.5253
vn -0.6588 0.5459 -0.5177
vn 0.1814 -0.2568 -0.9493
vn -0.3253 -0.0464 -0.9445
vn 0.4538 -0.4852 -0.7475
vn 0.2537 -0.3548 -0.8999
vn -0.5619 -0.1686 -0.8098
vn -0.6717 -0.0796 -0.7365
vn 0.6853 -0.7066 -0.1760
vn 0.6213 -0.6540 -0.4316
vn 0.6146 -0.6310 -0.4733
vn -0.0026 -0.7791 -0.6269
vn -0.1552 -0.6867 -0.7102
vn 0.1706 -0.8313 -0.5290
vn 0.4954 -0.5385 -0.6816
vn -0.0270 -0.6461 -0.7628
vn 0.1325 -0.5999 -0.7890
vn 0.0978 0.9117 0.3990
vn 0.3784 0.9181 0.1177
vn 0.0919 0.6888 0.7191
vn 0.3741 0.8403 0.3924
vn 0.7049 0.7010 0.1079
vn 0.3548 0.6459 0.6760
vn 0.6612 0.6525 0.3702
vn 0.3779 0.0769 0.9226
vn 0.0975 0.3582 0.9285
vn 0.7039 0.0765 0.7062
vn 0.3735 0.3545 0.8572
vn 0.6611 0.3408 0.6684
vn 0.9214 0.3740 0.1059
vn 0.9205 0.0886 0.3806
vn 0.8489 0.3653 0.3820
vn 0.4984 0.8172 -0.2894
vn 0.1109 0.9010 -0.4194
vn 0.4646 0.8832 -0.0638
vn 0.7992 0.5348 -0.2743
vn 0.4858 0.7703 -0.4130
vn 0.0515 0.7751 -0.6297
vn 0.6269 0.6684 -0.4002
vn 0.9294 -0.1711 -0.3271
vn 0.9436 0.3204 -0.0839
vn 0.6768 -0.4343 -0.5944
vn 0.9538 0.1346 -0.2685
vn 0.7739 0.6310 -0.0533
vn 0.9234 0.1080 -0.3684
vn -0.1256 -0.5676 -0.8136
vn 0.3170 -0.2975 -0.9005
vn 0.1930 -0.5895 -0.7843
vn -0.1243 -0.2342 -0.9642
vn 0.2963 -0.1317 -0.9460
vn 0.4592 -0.3428 -0.8195
vn 0.5419 -0.0615 -0.8382
vn 0.5487 -0.2993 0.7806
vn 0.4237 -0.1008 0.9002
vn 0.1891 -0.8657 0.4634
vn 0.5170 -0.5712 0.6376
vn 0.8289 -0.2664 0.4919
vn 0.7661 -0.0823 0.6375
vn 0.8056 -0.5526 0.2136
vn 0.5477 -0.7478 -0.3752
vn 0.2184 -0.8103 -0.5439
vn 0.4230 -0.6808 -0.5980
vn 0.8285 -0.5288 -0.1844
vn 0.5961 -0.7560 -0.2704
vn 0.9441 -0.0955 0.3155
vn 0.9437 -0.2840 -0.1695
vn 0.9615 -0.2564 0.0987
vn 0.7652 -0.4916 -0.4156
vn 0.3280 -0.5120 0.7939
vn 0.3921 -0.1509 0.9074
vn 0.0830 -0.4728 0.8773
vn 0.2728 -0.8293 0.4876
vn 0.3935 -0.4867 0.7799
vn 0.4079 -0.6846 0.6041
vn 0.3066 -0.9314 -0.1965
vn 0.0887 -0.9513 0.2951
vn 0.5448 -0.7074 -0.4502
vn 0.2642 -0.9603 0.0899
vn 0.0668 -0.7877 0.6125
vn 0.3556 -0.9334 0.0492
vn 0.8480 0.0308 -0.5290
vn 0.8570 -0.3840 -0.3436
vn 0.7381 -0.2857 -0.6112
vn 0.9331 0.0608 -0.3544
vn 0.9008 -0.3315 -0.2806
vn 0.7445 -0.5410 -0.3912
vn 0.7671 -0.6273 -0.1347
vn -0.3785 -0.1185 0.9180
vn -0.0981 -0.4038 0.9096
vn -0.7044 -0.1080 0.7015
vn -0.3742 -0.3927 0.8401
vn -0.0931 -0.7221 0.6855
vn -0.6614 -0.3696 0.6526
vn -0.3556 -0.6761 0.6453
vn -0.9214 -0.3786 0.0879
vn -0.9207 -0.1048 0.3759
vn -0.7004 -0.7092 0.0804
vn -0.8497 -0.3810 0.3644
vn -0.6624 -0.6678 0.3396
vn -0.0986 -0.9292 0.3563
vn -0.3701 -0.9259 0.0754
vn -0.3741 -0.8575 0.3533
vn -0.5684 -0.7943 -0.2143
vn -0.6929 -0.7170 -0.0761
vn -0.6908 -0.6133 -0.3829
vn -0.4857 -0.8137 -0.3194
vn -0.3384 -0.9172 -0.2103
vn -0.4626 -0.8837 -0.0719
vn -0.1046 -0.8727 -0.4768
vn 0.4455 -0.4818 -0.7546
vn 0.4235 -0.1883 -0.8861
vn 0.6334 -0.2575 -0.7297
vn 0.2505 -0.8058 -0.5366
vn 0.3057 -0.5609 -0.7694
vn 0.1658 -0.2852 -0.9440
vn -0.2324 -0.9674 -0.1006
vn 0.1872 -0.9294 -0.3181
vn -0.0493 -0.9649 -0.2578
vn 0.4505 -0.7029 -0.5505
vn 0.6099 0.7830 0.1225
vn 0.8707 0.4849 0.0819
vn 0.7422 0.6688 0.0424
vn 0.3376 0.9319 0.1325
vn 0.1817 0.7972 0.5758
vn 0.4889 0.8338 0.2564
vn 0.0283 0.7427 0.6691
vn 0.3195 0.9244 0.2083
vn -0.2821 0.9351 0.2144
vn 0.2367 0.9689 0.0720
vn 0.0019 0.9976 0.0692
vn -0.6172 0.7026 0.3542
vn -0.0100 0.9846 0.1748
vn 0.4889 0.8709 0.0490
vn -0.0211 0.9797 0.1993
vn -0.7308 0.4707 0.4943
vn -0.8647 0.2169 0.4532
vn -0.8615 -0.0432 0.5059
vn -0.6537 0.5395 0.5307
vn -0.7519 0.4949 0.4357
vn -0.4095 0.7905 0.4555
vn 0.9793 0.1629 -0.1202
vn 0.8761 0.4809 -0.0333
vn 0.9775 0.0633 -0.2013
vn 0.9232 0.3715 -0.0983
vn 0.6858 0.7277 -0.0008
vn 0.9562 0.2299 -0.1813
vn 0.7724 0.6321 -0.0619
vn 0.9522 0.1415 -0.2709
vn 0.9489 -0.0434 -0.3127
vn 0.9237 0.1476 -0.3534
vn 0.8269 0.5285 -0.1921
vn 0.8765 0.4505 -0.1696
vn 0.5675 0.8204 -0.0696
vn 0.4282 0.8992 -0.0901
vn 0.3772 0.9260 -0.0124
vn 0.6062 0.7678 -0.2075
vn -0.1778 0.7495 -0.6377
vn -0.0508 0.6389 -0.7676
vn -0.2618 0.6540 -0.7098
vn -0.2290 0.6926 -0.6840
vn -0.1444 0.9268 -0.3468
vn -0.0334 0.8647 -0.5012
vn -0.2409 0.9017 -0.3591
vn -0.5999 -0.0658 0.7973
vn -0.5537 0.4266 0.7151
vn -0.6720 0.2354 0.7021
vn -0.4517 0.1339 0.8821
vn -0.4476 0.4517 0.7718
vn -0.6442 0.1365 0.7526
vn -0.5153 0.7311 0.4473
vn -0.4813 0.7021 0.5248
vn -0.0422 0.9738 -0.2233
vn -0.1777 0.9274 0.3291
vn -0.0323 0.9990 0.0293
vn -0.1443 0.9892 0.0274
vn -0.2242 0.9060 0.3591
vn -0.1991 0.9796 0.0273
vn 0.9849 0.0683 0.1593
vn 0.8670 -0.4419 0.2302
vn 0.9870 -0.1509 0.0546
vn 0.3209 -0.4907 0.8101
vn 0.8027 -0.4179 0.4254
vn 0.8750 -0.4721 0.1074
vn 0.7570 -0.6530 0.0225
vn 0.6218 -0.7176 0.3138
vn -0.5346 -0.7185 0.4450
vn -0.7559 -0.4016 0.5170
vn -0.7069 -0.5973 0.3789
vn -0.2661 -0.9162 0.2997
vn -0.5253 -0.6958 0.4898
vn -0.2564 -0.8779 0.4044
vn 0.3972 -0.9174 0.0256
vn -0.1740 -0.9748 0.1397
vn 0.1008 -0.9867 0.1278
vn -0.4577 -0.8516 0.2556
vn 0.1236 -0.9738 0.1909
vn 0.9731 -0.2185 -0.0726
vn 0.9907 -0.0176 -0.1351
vn 0.8174 -0.5725 -0.0646
vn 0.9595 -0.2308 -0.1614
vn 0.9278 -0.2859 -0.2398
vn 0.9618 -0.1325 -0.2394
vn 0.8516 -0.4767 -0.2183
vn 0.5991 -0.7824 -0.1701
vn 0.5033 -0.8585 -0.0984
vn 0.4411 -0.8877 -0.1323
vn 0.7384 -0.6224 -0.2595
vn 0.8438 -0.5171 -0.1437
vn 0.9195 -0.2347 -0.3153
vn 0.7932 -0.5064 -0.3383
vn 0.8624 -0.3144 -0.3968
vn 0.8607 -0.4113 -0.2999
vn 0.6470 -0.7104 -0.2769
vn -0.1112 -0.4575 -0.8823
vn -0.3134 -0.3500 -0.8828
vn 0.0089 -0.1823 -0.9832
vn -0.0109 -0.4677 -0.8838
vn -0.1753 0.0520 -0.9831
vn -0.1954 -0.8172 -0.5422
vn -0.1157 -0.7519 -0.6490
vn -0.1450 -0.9712 0.1891
vn -0.0372 -0.9376 -0.3458
vn -0.0435 -0.9983 -0.0392
vn -0.2359 -0.8673 0.4383
vn -0.1244 -0.9899 -0.0677
vn -0.0053 -0.6990 -0.7152
vn -0.2407 -0.9295 0.2793
vn -0.1513 -0.9859 -0.0709
vn -0.3457 -0.7728 0.5322
vn -0.3350 -0.6581 0.6743
vn -0.4252 -0.5034 0.7522
vn -0.3719 -0.7884 0.4900
vn -0.3023 -0.9172 0.2595
vn -0.3463 0.0737 -0.9352
vn -0.6747 0.1172 -0.7287
vn -0.6327 0.4842 -0.6043
vn -0.5350 0.0028 -0.8448
vn -0.8857 0.0767 -0.4578
vn -0.6845 0.2885 -0.6695
vn -0.5802 0.7623 -0.2868
vn -0.8646 0.1783 -0.4697
vn -0.9706 0.1035 0.2172
vn -0.9416 -0.0380 -0.3347
vn -0.9952 -0.0513 -0.0832
vn -0.9562 0.1538 0.2491
vn -0.9938 0.0656 -0.0898
vn -0.7964 -0.0370 -0.6037
vn -0.9884 0.1250 -0.0865
vn -0.5558 0.5259 0.6438
vn -0.2807 0.4503 0.8476
vn -0.3858 0.5986 0.7020
vn -0.5180 0.5918 0.6177
vn -0.5836 0.4245 0.6922
vn -0.4279 0.3643 0.8271
vn -0.8080 0.4761 0.3472
vn -0.6826 -0.7234 0.1035
vn -0.5429 -0.8398 -0.0039
vn -0.4810 -0.8140 0.3255
vn -0.6960 -0.6687 0.2618
vn -0.8875 -0.4554 0.0710
vn -0.7958 -0.6044 -0.0361
vn -0.8666 -0.4697 0.1682
vn -0.0272 0.8537 0.5201
vn -0.5587 0.6474 0.5184
vn -0.3801 0.7180 0.5830
vn -0.2732 0.8518 0.4470
vn -0.5770 0.7013 0.4186
vn -0.5183 0.6294 0.5790
vn -0.8207 0.3351 0.4628
vn -0.9402 -0.3390 -0.0331
vn -0.9713 0.2109 0.1097
vn -0.9949 -0.0911 -0.0428
vn -0.9930 -0.0957 0.0693
vn -0.9573 0.2421 0.1578
vn -0.9884 -0.0869 0.1248
vn 0.5515 0.1471 -0.8211
vn 0.3102 0.0031 -0.9507
vn 0.4188 0.3368 -0.8433
vn 0.0581 0.1722 -0.9833
vn 0.5748 0.0485 -0.8168
vn 0.7783 0.0629 -0.6247
vn 0.8544 0.2635 -0.4479
vn 0.6712 0.4199 0.6110
vn 0.3716 0.4785 0.7956
vn 0.5402 0.4008 0.7399
vn 0.8667 0.3260 0.3775
vn 0.6935 0.4479 0.5643
vn 0.8534 0.3848 0.3515
vn 0.9646 0.1168 -0.2364
vn 0.9273 0.2320 0.2937
vn 0.9767 0.2106 0.0409
vn 0.7872 0.3173 0.5287
vn 0.9708 0.2374 0.0334
vn 0.5634 -0.8180 0.1160
vn -0.0264 -0.9994 0.0208
vn 0.3003 -0.9538 -0.0036
vn 0.5713 -0.8199 0.0387
vn 0.5815 -0.7928 0.1827
vn 0.8642 -0.4349 0.2529
vn 0.9271 0.3035 0.2197
vn 0.9677 -0.2290 0.1055
vn 0.9896 0.0813 0.1190
vn 0.7878 0.5356 0.3042
vn 0.9788 0.0503 0.1984
vn 0.7795 -0.6243 0.0524
vn 0.8679 0.3861 0.3125
vn 0.9733 0.0447 0.2251
vn 0.6666 0.6090 0.4299
vn 0.5444 0.7428 0.3896
vn 0.4206 0.5397 0.7293
vn 0.3711 0.7422 0.5580
vn 0.8526 0.3665 0.3726
vn 0.2934 -0.3388 0.8939
vn 0.3114 -0.3208 0.8945
vn 0.4358 -0.4884 0.7560
vn 0.4620 -0.4620 0.7571
vn 0.6973 -0.6766 0.2365
vn 0.6791 -0.7338 -0.0209
vn 0.7207 -0.6929 -0.0205
vn 0.2755 -0.3549 0.8934
vn 0.4093 -0.5111 0.7558
vn 0.6565 -0.7164 0.2361
vn 0.6378 -0.7699 -0.0207
vn -0.3005 0.2675 0.9155
vn -0.3178 0.2489 0.9149
vn -0.4506 0.4154 0.7902
vn -0.7219 0.6064 0.3335
vn -0.7187 0.6895 0.0901
vn -0.6831 0.6492 0.3345
vn -0.3342 0.2275 0.9146
vn -0.4765 0.3863 0.7897
vn -0.7600 0.5584 0.3325
vn -0.7599 0.6439 0.0891
vn 0.3461 -0.2823 0.8947
vn 0.3294 -0.3017 0.8947
vn 0.5117 -0.4056 0.7574
vn 0.7366 -0.6333 0.2374
vn 0.7976 -0.6030 -0.0185
vn 0.7724 -0.5889 0.2380
vn 0.4876 -0.4340 0.7575
vn 0.7610 -0.6485 -0.0196
vn -0.2830 0.2850 0.9158
vn -0.2665 0.3009 0.9156
vn -0.4238 0.4420 0.7906
vn -0.3982 0.4658 0.7902
vn -0.6037 0.7227 0.3365
vn -0.6759 0.7313 0.0917
vn -0.6343 0.7675 0.0932
vn -0.6430 0.6887 0.3350
vn -0.2486 0.3155 0.9158
vn -0.2287 0.3316 0.9153
vn -0.3705 0.4879 0.7904
vn -0.3396 0.5130 0.7883
vn -0.5153 0.7882 0.3365
vn -0.5904 0.8015 0.0952
vn -0.5394 0.8365 0.0972
vn -0.5629 0.7553 0.3357
vn 0.2569 -0.3709 0.8924
vn 0.3822 -0.5339 0.7542
vn 0.6160 -0.7516 0.2359
vn 0.5939 -0.8043 -0.0203
vn 0.2369 -0.3878 0.8908
vn 0.3530 -0.5575 0.7514
vn 0.5732 -0.7853 0.2338
vn 0.5454 -0.8380 -0.0185
vn 0.2158 -0.4042 0.8889
vn 0.3223 -0.5799 0.7482
vn 0.5255 -0.8177 0.2348
vn 0.4945 -0.8690 -0.0181
vn 0.1971 -0.4231 0.8844
vn 0.2967 -0.6041 0.7396
vn 0.4756 -0.8489 0.2306
vn 0.4463 -0.8947 -0.0184
vn -0.2073 0.3499 0.9135
vn -0.1911 0.3662 0.9107
vn -0.3055 0.5400 0.7843
vn -0.2802 0.5624 0.7780
vn -0.4209 0.8445 0.3310
vn -0.4823 0.8705 0.0986
vn -0.4372 0.8940 0.0983
vn -0.4627 0.8208 0.3349
vn 0.1047 -0.4688 0.8771
vn -0.0089 -0.4007 0.9162
vn 0.1771 -0.8356 0.5200
vn -0.0165 -0.7256 0.6879
vn 0.1892 -0.9811 0.0405
vn -0.0210 -0.9386 0.3444
vn 0.0847 -0.2081 0.9744
vn 0.2778 -0.6249 0.7296
vn 0.4268 -0.8761 0.2241
vn 0.4111 -0.9112 -0.0251
vn 0.2724 -0.6369 0.7213
vn 0.3938 -0.8952 0.2088
vn -0.1841 0.3766 0.9079
vn -0.2706 0.5739 0.7729
vn -0.4168 0.9041 0.0943
vn -0.4006 0.8564 0.3258
vn -0.3537 0.2004 0.9137
vn -0.5033 0.3544 0.7881
vn -0.8039 0.4968 0.3271
vn -0.8005 0.5927 0.0890
vn -0.3782 0.1790 0.9083
vn -0.5363 0.3120 0.7843
vn -0.8398 0.4384 0.3204
vn -0.8469 0.5246 0.0867
vn 0.3807 -0.2450 0.8916
vn 0.3623 -0.2625 0.8943
vn 0.5570 -0.3536 0.7514
vn 0.8056 -0.5429 0.2371
vn 0.8589 -0.5119 -0.0182
vn 0.8363 -0.4975 0.2305
vn 0.5348 -0.3776 0.7560
vn 0.8308 -0.5562 -0.0175
vn 0.3802 -0.0223 0.9246
vn 0.7113 -0.0178 0.7027
vn 0.9322 -0.0108 0.3617
vn 0.4407 -0.1454 0.8858
vn 0.8168 -0.2315 0.5285
vn 0.9698 -0.2414 0.0360
vn -0.3944 0.1685 0.9033
vn -0.5712 0.2750 0.7734
vn -0.8590 0.4070 0.3104
vn -0.8845 0.4594 0.0815
vn -0.9010 0.4274 0.0745
vn -0.5906 0.2604 0.7638
vn -0.8611 0.3992 0.3149
vn 0.3967 -0.2352 0.8873
vn 0.8574 -0.4672 0.2157
vn 0.5781 -0.3375 0.7429
vn 0.8771 -0.4796 -0.0251
vn 0.5227 -0.4865 -0.7001
vn 0.4928 -0.5167 -0.7002
vn 0.3782 -0.3437 -0.8595
vn 0.3564 -0.3655 -0.8599
vn 0.2106 -0.1801 -0.9608
vn 0.1980 -0.1919 -0.9612
vn 0.4637 -0.5445 -0.6990
vn 0.3354 -0.3858 -0.8594
vn 0.1864 -0.2033 -0.9612
vn -0.5819 0.5097 -0.6338
vn -0.5499 0.5441 -0.6337
vn -0.4218 0.3781 -0.8241
vn -0.3990 0.4033 -0.8235
vn -0.2311 0.2189 -0.9480
vn -0.2190 0.2329 -0.9475
vn -0.6135 0.4712 -0.6337
vn -0.4448 0.3504 -0.8243
vn -0.2437 0.2039 -0.9482
vn 0.5519 -0.4540 -0.6995
vn 0.5796 -0.4217 -0.6973
vn 0.3996 -0.3204 -0.8589
vn 0.4203 -0.2973 -0.8573
vn 0.2226 -0.1671 -0.9605
vn 0.2341 -0.1541 -0.9599
vn -0.4875 0.6058 -0.6287
vn -0.5183 0.5770 -0.6312
vn -0.3541 0.4484 -0.8207
vn -0.3762 0.4271 -0.8223
vn -0.1943 0.2574 -0.9466
vn -0.2061 0.2456 -0.9472
vn -0.4178 0.6629 -0.6212
vn -0.4553 0.6337 -0.6253
vn -0.3048 0.4915 -0.8158
vn -0.3312 0.4691 -0.8186
vn -0.1675 0.2808 -0.9450
vn -0.1821 0.2691 -0.9457
vn 0.4332 -0.5719 -0.6966
vn 0.3137 -0.4062 -0.8583
vn 0.1744 -0.2150 -0.9609
vn 0.3992 -0.5990 -0.6941
vn 0.2899 -0.4274 -0.8563
vn 0.1614 -0.2273 -0.9604
vn 0.3640 -0.6263 -0.6894
vn 0.2651 -0.4488 -0.8534
vn 0.1475 -0.2395 -0.9596
vn 0.3312 -0.6515 -0.6825
vn 0.2423 -0.4702 -0.8487
vn 0.1352 -0.2528 -0.9580
vn -0.3439 0.7173 -0.6060
vn -0.3763 0.6933 -0.6145
vn -0.2536 0.5363 -0.8050
vn -0.2756 0.5152 -0.8116
vn -0.1410 0.3082 -0.9408
vn -0.1523 0.2950 -0.9433
vn 0.0427 -0.8977 -0.4386
vn 0.1661 -0.7396 -0.6523
vn 0.0326 -0.6680 -0.7434
vn 0.1243 -0.5368 -0.8345
vn 0.0176 -0.3474 -0.9376
vn 0.0731 -0.2948 -0.9527
vn 0.3079 -0.6700 -0.6755
vn 0.2271 -0.4878 -0.8429
vn 0.1279 -0.2653 -0.9556
vn -0.3294 0.7291 -0.5999
vn -0.2439 0.5473 -0.8006
vn -0.1362 0.3163 -0.9388
vn -0.6514 0.4208 -0.6313
vn -0.4733 0.3148 -0.8227
vn -0.2587 0.1845 -0.9482
vn -0.6863 0.3738 -0.6239
vn -0.5024 0.2829 -0.8170
vn -0.2766 0.1684 -0.9461
vn 0.6061 -0.3891 -0.6937
vn 0.6303 -0.3585 -0.6886
vn 0.4400 -0.2739 -0.8552
vn 0.4598 -0.2527 -0.8513
vn 0.2456 -0.1411 -0.9591
vn 0.2578 -0.1296 -0.9575
vn 0.9061 -0.0514 -0.4199
vn 0.6842 -0.0295 -0.7287
vn 0.3688 -0.0034 -0.9295
vn 0.7304 -0.1840 -0.6578
vn 0.5363 -0.1282 -0.8343
vn 0.3070 -0.0638 -0.9496
vn -0.7050 0.3509 -0.6163
vn -0.5204 0.2680 -0.8108
vn -0.2896 0.1613 -0.9435
vn 0.6475 -0.3373 -0.6833
vn 0.4764 -0.2395 -0.8460
vn 0.2689 -0.1232 -0.9553
vn -0.8005 0.4859 -0.3508
vn 0.8805 0.4517 0.1438
vn 0.8809 0.4508 0.1442
vn -0.7987 0.4881 -0.3518
vn 0.2699 0.9505 -0.1540
vn 0.2703 0.9504 -0.1539
vn 0.2698 0.9505 -0.1541
vn 0.8563 0.5011 0.1251
vn -0.4755 0.8122 -0.3381
vn -0.4761 0.8122 -0.3370
vn -0.9449 -0.2484 -0.2133
vn -0.5309 -0.8456 0.0549
vn -0.1189 -0.9756 0.1845
vn -0.0005 -0.3633 -0.9317
vn -0.0009 -0.6945 -0.7195
vn -0.0012 -0.9176 -0.3975
vn 0.9126 -0.4087 -0.0079
vn 0.3697 -0.9291 -0.0134
vn 0.6835 -0.7299 -0.0101
vn -0.6852 0.2303 0.6910
vn -0.6578 -0.0381 0.7523
vn -0.2859 -0.9183 0.2736
vn -0.7057 0.0141 0.7084
vn 0.9243 0.0070 -0.3817
vn 0.7060 0.0144 -0.7080
vn 0.3810 0.0196 -0.9244
vn -0.6855 0.6779 0.2657
vn -0.7538 0.6567 0.0229
vn -0.3589 0.3766 -0.8540
vn -0.7076 0.7046 0.0526
vn -0.2173 0.6751 0.7050
vn 0.0274 0.7343 0.6783
vn 0.6824 0.5049 0.5286
vn 0.9795 0.1409 0.1439
vn 0.0192 0.6922 0.7214
vn 0.0023 0.9240 -0.3823
vn 0.0017 0.7007 -0.7134
vn 0.0014 0.5820 -0.8132
vn 0.0009 0.3821 -0.9241
vn 0.1144 0.0204 -0.9932
vn 0.0011 0.4722 -0.8815
vn -0.1117 0.1611 -0.9806
vn -0.0662 -0.0798 -0.9946
vn -0.3645 0.0207 -0.9310
vn -0.3875 0.0206 -0.9216
vn -0.6864 0.0164 -0.7270
vn -0.8949 0.0103 -0.4461
vn -0.9155 0.0094 -0.4022
vn -0.6713 0.0168 -0.7410
vn 0.3163 -0.2975 -0.9008
vn 0.3310 -0.3124 -0.8904
vn 0.5449 -0.5322 -0.6480
vn 0.4907 -0.4760 -0.7298
vn 0.6682 -0.6627 -0.3380
vn 0.4670 -0.4517 -0.7602
vn 0.4033 0.9148 0.0210
vn 0.7090 0.7051 0.0144
vn 0.9224 0.3862 0.0056
vn 0.5240 0.8515 0.0189
vn 0.7970 0.6039 0.0117
vn 0.9891 -0.0164 -0.1465
vn 0.3967 -0.0204 0.9177
vn 0.6541 -0.0171 0.7562
vn 0.7213 -0.0157 0.6924
vn 0.8849 -0.0107 0.4656
vn 0.9283 -0.0088 0.3716
vn 0.9924 -0.1075 0.0598
vn 0.8917 -0.3086 -0.3313
vn 0.7515 -0.4533 -0.4793
vn 0.5903 -0.5515 -0.5894
vn 0.6630 -0.5117 -0.5464
vn 0.2030 -0.6707 -0.7134
vn 0.8052 -0.4073 -0.4311
vn 0.3762 -0.6334 -0.6762
vn 0.1393 -0.9897 -0.0333
vn -0.0040 -0.9384 0.3455
vn -0.0038 -0.8312 0.5560
vn -0.0036 -0.7482 0.6634
vn -0.0030 -0.5642 0.8257
vn -0.0031 -0.4381 0.8989
vn -0.1096 -0.9864 0.1222
vn -0.3023 -0.9532 -0.0108
vn -0.6084 -0.7936 0.0096
vn -0.8341 -0.5516 -0.0011
vn -0.0394 -0.9944 -0.0984
vn 0.3288 -0.8790 -0.3454
vn 0.3627 -0.8514 -0.3788
vn 0.6593 -0.3465 -0.6673
vn 0.6848 -0.2313 -0.6910
vn 0.6977 -0.1422 -0.7021
vn 0.3863 -0.8301 -0.4022
vn 0.4750 -0.7315 -0.4892
vn 0.6863 -0.2236 -0.6920
vn 0.0010 0.4034 -0.9150
vn 0.0018 0.7226 -0.6912
vn 0.0024 0.9320 -0.3624
vn -0.9241 0.0089 -0.3820
vn -0.7072 0.0159 -0.7068
vn -0.3826 0.0205 -0.9237
vn 0.6525 -0.6458 -0.3966
vn 0.4991 -0.4849 -0.7181
vn 0.2702 -0.2506 -0.9296
vn 0.9260 0.3773 0.0084
vn 0.7221 0.6917 0.0156
vn 0.4151 0.9096 0.0205
vn 0.9239 -0.0090 0.3825
vn 0.7065 -0.0160 0.7075
vn 0.3826 -0.0205 0.9237
vn 0.2478 -0.6685 -0.7012
vn 0.6450 -0.5275 -0.5530
vn 0.9131 -0.2817 -0.2948
vn -0.0005 -0.4177 0.9086
vn -0.0009 -0.7297 0.6838
vn -0.0012 -0.9339 0.3576
vn -0.8520 -0.5233 -0.0121
vn -0.6390 -0.7690 -0.0180
vn -0.3547 -0.9347 -0.0221
vn 0.6855 -0.2212 -0.6937
vn 0.5412 -0.6281 -0.5591
vn 0.2874 -0.9059 -0.3111
vn -0.3811 0.9243 0.0202
vn -0.7064 0.7076 0.0155
vn -0.7054 0.7086 0.0155
vn -0.9242 0.3818 0.0084
vn 0.5805 -0.8141 -0.0177
vn 0.5221 -0.8466 -0.1031
vn 0.1999 -0.9797 -0.0120
vn -0.8286 -0.5599 -0.0023
vn -0.3884 -0.9215 -0.0077
vn -0.8367 -0.5477 -0.0025
vn -0.9876 -0.1571 -0.0034
vn -0.3828 -0.9236 -0.0202
vn -0.3844 -0.9231 -0.0077
vn -0.9866 -0.1632 -0.0035
vn 0.0218 0.9913 -0.1300
vn -0.1704 0.7758 -0.6076
vn -0.1707 0.7748 -0.6087
vn -0.3460 0.0173 -0.9381
vn -0.3494 -0.3105 -0.8841
vn -0.3517 -0.2418 -0.9044
vn 0.0215 0.9912 -0.1307
vn -0.1704 0.7753 -0.6081
vn -0.1831 0.0427 -0.9822
vn -0.0001 -0.2135 0.9769
vn 0.1469 -0.1851 0.9717
vn 0.0091 -0.9322 0.3617
vn 0.1033 -0.9273 0.3598
vn -0.0003 -0.4014 0.9159
vn -0.0105 -0.9336 0.3582
vn -0.0009 -0.9125 -0.4091
vn -0.9228 -0.0082 0.3851
vn -0.7056 -0.0160 0.7085
vn -0.7040 -0.0160 0.7100
vn -0.3821 -0.0214 0.9239
vn 0.3758 0.0020 0.9267
vn 0.8035 0.1966 -0.5619
vn 0.9086 0.1986 -0.3673
vn 0.9048 0.1576 0.3956
vn 0.9049 0.1576 0.3955
vn 0.1636 -0.0405 0.9857
vn 0.1662 0.9859 0.0217
vn 0.2305 0.9710 -0.0636
vn 0.5508 0.8342 0.0277
vn 0.9840 -0.1782 0.0058
vn 0.9266 0.3754 0.0208
vn 0.9814 -0.1921 0.0050
vn 0.8095 -0.5870 -0.0128
vn 0.9250 0.3794 0.0208
vn 0.9237 0.3831 0.0084
vn 0.0003 0.3624 0.9320
vn 0.0005 0.6911 0.7227
vn 0.0006 0.6906 0.7233
vn 0.0007 0.9144 0.4049
vn 0.5924 0.1367 -0.7940
vn 0.1269 -0.1698 -0.9773
vn -0.2549 -0.3159 -0.9139
vn 0.1386 -0.1649 -0.9765
vn -0.6086 -0.4474 -0.6552
vn -0.2554 -0.3122 -0.9150
vn -0.6009 -0.4452 -0.6639
vn -0.5353 -0.6105 -0.5838
vn -0.8643 -0.4757 -0.1636
vn 0.3209 0.9053 -0.2782
vn 0.3031 0.9057 -0.2963
vn 0.4697 0.7721 -0.4281
vn 0.4422 0.7739 -0.4534
vn 0.6575 0.2635 -0.7058
vn 0.7183 0.0041 -0.6957
vn 0.6766 0.0065 -0.7363
vn 0.3377 0.9043 -0.2610
vn 0.4927 0.7719 -0.4019
vn 0.6987 0.2601 -0.6665
vn 0.7555 0.0062 -0.6551
vn -0.2709 0.9048 0.3284
vn -0.2517 0.9043 0.3449
vn -0.4145 0.7735 0.4794
vn -0.5938 0.3082 0.7432
vn -0.6740 0.0634 0.7360
vn -0.6369 0.3120 0.7050
vn -0.2302 0.9036 0.3613
vn -0.3839 0.7740 0.5035
vn -0.5447 0.3081 0.7800
vn -0.6275 0.0633 0.7760
vn 0.2642 0.9060 -0.3308
vn 0.2838 0.9060 -0.3141
vn 0.3859 0.7732 -0.5032
vn 0.6137 0.2623 -0.7447
vn 0.5849 0.0073 -0.8110
vn 0.5687 0.2617 -0.7798
vn 0.4144 0.7738 -0.4790
vn 0.6312 0.0069 -0.7756
vn -0.2886 0.9055 0.3112
vn -0.3056 0.9051 0.2956
vn -0.4409 0.7754 0.4522
vn -0.4662 0.7743 0.4280
vn -0.7126 0.3134 0.6277
vn -0.7166 0.0699 0.6940
vn -0.7540 0.0667 0.6535
vn -0.6774 0.3127 0.6659
vn -0.3210 0.9052 0.2784
vn -0.3369 0.9055 0.2582
vn -0.4896 0.7740 0.4014
vn -0.5147 0.7733 0.3703
vn -0.7803 0.3134 0.5411
vn -0.7889 0.0710 0.6104
vn -0.8250 0.0750 0.5601
vn -0.7462 0.3127 0.5878
vn 0.3535 0.9035 -0.2424
vn 0.5137 0.7724 -0.3736
vn 0.7342 0.2623 -0.6263
vn 0.7909 0.0063 -0.6119
vn 0.3701 0.9020 -0.2225
vn 0.5374 0.7697 -0.3447
vn 0.7690 0.2593 -0.5843
vn 0.8255 0.0071 -0.5643
vn 0.3871 0.8996 -0.2020
vn 0.5615 0.7650 -0.3154
vn 0.8028 0.2580 -0.5376
vn 0.8577 0.0086 -0.5141
vn 0.4055 0.8954 -0.1838
vn 0.5863 0.7564 -0.2901
vn 0.8337 0.2586 -0.4880
vn 0.8844 0.0207 -0.4663
vn -0.3555 0.9041 0.2372
vn -0.3715 0.9017 0.2210
vn -0.5413 0.7707 0.3361
vn -0.5630 0.7660 0.3103
vn -0.8354 0.3197 0.4470
vn -0.8602 0.0795 0.5038
vn -0.8841 0.0863 0.4593
vn -0.8131 0.3163 0.4887
vn 0.3376 0.9410 0.0226
vn 0.6007 0.7992 0.0195
vn 0.8109 0.5851 0.0145
vn 0.4142 0.8943 -0.1693
vn 0.5943 0.7593 -0.2651
vn 0.8580 0.2666 -0.4391
vn 0.9005 0.0627 -0.4303
vn 0.8674 0.2931 -0.4021
vn -0.3781 0.9011 0.2122
vn -0.7303 0.5717 0.3741
vn -0.8920 0.1097 0.4385
vn -0.2036 0.9016 0.3818
vn -0.3515 0.7720 0.5296
vn -0.4819 0.3031 0.8221
vn -0.5753 0.0632 0.8155
vn -0.1802 0.8973 0.4031
vn -0.3100 0.7652 0.5643
vn -0.4225 0.2974 0.8562
vn -0.5061 0.0610 0.8603
vn 0.2262 0.9034 -0.3644
vn 0.2440 0.9058 -0.3463
vn 0.3326 0.7682 -0.5470
vn 0.5216 0.2634 -0.8115
vn 0.4924 0.0085 -0.8703
vn 0.4756 0.2573 -0.8412
vn 0.3565 0.7735 -0.5241
vn 0.5374 0.0090 -0.8433
vn 0.0031 0.9335 -0.3585
vn -0.0063 0.7194 -0.6945
vn -0.0144 0.3846 -0.9230
vn 0.1251 0.8980 -0.4220
vn 0.2069 0.5509 -0.8085
vn 0.2190 0.0626 -0.9737
vn -0.1699 0.8914 0.4201
vn -0.2702 0.7576 0.5942
vn -0.3910 0.2852 0.8751
vn -0.4401 0.0545 0.8963
vn -0.4076 0.0477 0.9119
vn -0.2559 0.7460 0.6148
vn -0.3839 0.2854 0.8782
vn 0.2163 0.8991 -0.3807
vn 0.4453 0.2399 -0.8626
vn 0.3159 0.7604 -0.5675
vn 0.4598 0.0014 -0.8880
vn 0.4827 -0.6810 -0.5507
vn 0.5135 -0.6817 -0.5212
vn 0.3449 -0.8460 -0.4066
vn 0.3675 -0.8463 -0.3856
vn 0.1861 -0.9534 -0.2376
vn 0.1985 -0.9538 -0.2257
vn 0.5416 -0.6813 -0.4925
vn 0.3878 -0.8465 -0.3647
vn 0.2101 -0.9539 -0.2143
vn -0.4892 -0.6534 0.5778
vn -0.5239 -0.6535 0.5462
vn -0.3596 -0.8379 0.4106
vn -0.3846 -0.8377 0.3877
vn -0.2027 -0.9559 0.2127
vn -0.2166 -0.9554 0.2006
vn -0.4502 -0.6534 0.6086
vn -0.3308 -0.8388 0.4324
vn -0.1872 -0.9562 0.2248
vn 0.4496 -0.6802 -0.5790
vn 0.4163 -0.6781 -0.6056
vn 0.3216 -0.8446 -0.4280
vn 0.2975 -0.8433 -0.4475
vn 0.1731 -0.9527 -0.2497
vn 0.1596 -0.9522 -0.2606
vn -0.5856 -0.6502 0.4841
vn -0.5581 -0.6500 0.5159
vn -0.4304 -0.8347 0.3436
vn -0.4086 -0.8365 0.3651
vn -0.2423 -0.9539 0.1772
vn -0.2305 -0.9545 0.1890
vn -0.6466 -0.6383 0.4178
vn -0.6161 -0.6437 0.4540
vn -0.4740 -0.8292 0.2961
vn -0.4515 -0.8324 0.3212
vn -0.2655 -0.9521 0.1518
vn -0.2542 -0.9529 0.1652
vn 0.5687 -0.6807 -0.4618
vn 0.4088 -0.8456 -0.3435
vn 0.2224 -0.9537 -0.2027
vn 0.5978 -0.6772 -0.4289
vn 0.4310 -0.8439 -0.3195
vn 0.2352 -0.9535 -0.1886
vn 0.6275 -0.6720 -0.3933
vn 0.4565 -0.8407 -0.2912
vn 0.2545 -0.9521 -0.1693
vn 0.6609 -0.6572 -0.3623
vn 0.4926 -0.8288 -0.2653
vn 0.2891 -0.9456 -0.1494
vn -0.7026 -0.6196 0.3500
vn -0.6773 -0.6314 0.3777
vn -0.5132 -0.8195 0.2550
vn -0.4961 -0.8248 0.2712
vn -0.2780 -0.9508 0.1371
vn -0.2740 -0.9513 0.1414
vn 0.8257 -0.5636 -0.0248
vn 0.4920 -0.8702 -0.0274
vn 0.9905 -0.1362 -0.0170
vn 0.7042 -0.6163 -0.3525
vn 0.5448 -0.7972 -0.2602
vn 0.3483 -0.9253 -0.1502
vn -0.7252 -0.5975 0.3422
vn -0.5266 -0.8123 0.2508
vn -0.2718 -0.9532 0.1326
vn -0.3985 -0.6524 0.6447
vn -0.2943 -0.8379 0.4596
vn -0.1678 -0.9562 0.2399
vn -0.3509 -0.6449 0.6789
vn -0.2618 -0.8326 0.4881
vn -0.1513 -0.9545 0.2572
vn 0.3831 -0.6743 -0.6313
vn 0.3519 -0.6692 -0.6545
vn 0.2736 -0.8410 -0.4668
vn 0.2518 -0.8371 -0.4857
vn 0.1466 -0.9511 -0.2721
vn 0.1344 -0.9495 -0.2834
vn 0.0352 -0.4076 -0.9125
vn 0.0207 -0.7427 -0.6693
vn 0.0057 -0.9201 -0.3916
vn 0.1753 -0.6207 -0.7642
vn 0.1546 -0.8135 -0.5606
vn 0.0677 -0.9411 -0.3313
vn -0.3279 -0.6369 0.6978
vn -0.2470 -0.8258 0.5070
vn -0.1439 -0.9520 0.2701
vn 0.3308 -0.6626 -0.6719
vn 0.2379 -0.8318 -0.5015
vn 0.1278 -0.9471 -0.2944
vn -0.4609 -0.3734 0.8050
vn -0.4709 0.1606 -0.8675
vn -0.4698 0.1604 -0.8681
vn -0.5992 -0.3798 0.7048
vn -0.5217 0.1397 -0.8416
vn 0.1104 0.3010 0.9472
vn 0.1094 0.3000 0.9476
vn 0.1097 0.3011 0.9473
vn -0.8420 -0.2076 0.4980
vn 0.1112 0.3016 0.9469
vn 0.1103 0.3010 0.9472
vn 0.9116 0.3978 0.1039
vn 0.9377 -0.1392 -0.3183
vn 0.9736 -0.0372 -0.2252
vn 0.9898 0.0633 -0.1275
vn -0.8369 -0.3831 -0.3909
vn -0.8378 -0.3985 -0.3732
vn -0.6754 -0.5137 -0.5291
vn -0.6771 -0.5370 -0.5031
vn -0.1241 -0.7198 -0.6830
vn 0.1335 -0.6775 -0.7233
vn 0.1350 -0.7195 -0.6812
vn -0.8375 -0.3632 -0.4082
vn -0.6778 -0.4838 -0.5536
vn -0.1252 -0.6807 -0.7218
vn 0.1312 -0.6364 -0.7601
vn -0.9561 0.2097 0.2046
vn -0.9552 0.2303 0.1858
vn -0.8560 0.3724 0.3586
vn -0.4404 0.6898 0.5747
vn -0.2031 0.7104 0.6739
vn -0.4396 0.6515 0.6183
vn -0.9561 0.2424 0.1647
vn -0.8551 0.4004 0.3294
vn -0.4391 0.7280 0.5265
vn -0.2034 0.7516 0.6274
vn -0.8367 -0.4334 -0.3348
vn -0.8371 -0.4170 -0.3540
vn -0.6759 -0.5861 -0.4469
vn -0.1225 -0.7605 -0.6377
vn 0.1342 -0.7949 -0.5917
vn -0.1237 -0.7939 -0.5954
vn -0.6769 -0.5617 -0.4756
vn 0.1360 -0.7589 -0.6369
vn -0.9551 0.1961 0.2221
vn -0.9549 0.1764 0.2387
vn -0.8538 0.3508 0.3846
vn -0.8533 0.3221 0.4100
vn -0.4395 0.5725 0.6922
vn -0.2033 0.6678 0.7160
vn -0.2036 0.6269 0.7521
vn -0.4396 0.6115 0.6578
vn -0.9540 0.1598 0.2538
vn -0.9524 0.1405 0.2704
vn -0.8519 0.2957 0.4323
vn -0.8484 0.2652 0.4582
vn -0.4357 0.4848 0.7584
vn -0.2034 0.5832 0.7864
vn -0.2032 0.5332 0.8212
vn -0.4380 0.5319 0.7248
vn -0.8374 -0.3442 -0.4246
vn -0.6776 -0.4565 -0.5766
vn -0.1268 -0.6391 -0.7586
vn 0.1284 -0.5941 -0.7941
vn -0.8362 -0.3255 -0.4415
vn -0.6755 -0.4281 -0.6004
vn -0.1282 -0.5978 -0.7913
vn 0.1250 -0.5462 -0.8283
vn -0.8352 -0.3040 -0.4582
vn -0.6734 -0.3974 -0.6234
vn -0.1296 -0.5516 -0.8240
vn 0.1207 -0.4958 -0.8600
vn -0.8319 -0.2849 -0.4763
vn -0.6676 -0.3711 -0.6455
vn -0.1298 -0.5012 -0.8555
vn 0.1204 -0.4478 -0.8860
vn -0.9503 0.1201 0.2873
vn -0.9465 0.1035 0.3055
vn -0.8434 0.2317 0.4848
vn -0.8359 0.2071 0.5084
vn -0.4246 0.3918 0.8162
vn -0.2006 0.4757 0.8564
vn -0.1976 0.4311 0.8804
vn -0.4307 0.4332 0.7917
vn -0.8306 -0.1922 -0.5226
vn -0.8848 -0.0826 -0.4586
vn -0.4456 -0.2319 -0.8646
vn -0.6380 -0.0549 -0.7681
vn 0.0416 -0.1982 -0.9793
vn -0.2834 -0.0183 -0.9588
vn -0.9462 -0.1793 -0.2692
vn -0.6576 -0.3498 -0.6672
vn -0.1244 -0.4523 -0.8831
vn 0.1225 -0.4124 -0.9027
vn -0.6490 -0.3438 -0.6787
vn -0.1104 -0.4176 -0.9019
vn -0.9439 0.0973 0.3156
vn -0.8311 0.1982 0.5197
vn -0.1934 0.4125 0.8902
vn -0.4186 0.3720 0.8285
vn -0.9540 0.2665 0.1372
vn -0.8565 0.4218 0.2974
vn -0.4365 0.7706 0.4643
vn -0.2037 0.7917 0.5759
vn -0.9513 0.2857 0.1159
vn -0.8494 0.4624 0.2542
vn -0.4281 0.8071 0.4065
vn -0.2031 0.8375 0.5073
vn -0.8323 -0.4683 -0.2967
vn -0.8358 -0.4496 -0.3150
vn -0.6668 -0.6331 -0.3932
vn -0.1209 -0.8284 -0.5470
vn 0.1350 -0.8560 -0.4989
vn -0.1156 -0.8571 -0.5019
vn -0.6742 -0.6084 -0.4188
vn 0.1344 -0.8283 -0.5439
vn -0.8795 -0.4697 -0.0765
vn -0.6277 -0.7766 -0.0539
vn -0.2686 -0.9630 -0.0224
vn -0.8282 -0.5248 -0.1965
vn -0.4308 -0.8657 -0.2548
vn 0.0741 -0.9701 -0.2312
vn -0.9461 0.3062 0.1057
vn -0.8435 0.4907 0.2182
vn -0.4186 0.8269 0.3756
vn -0.1965 0.8753 0.4419
vn -0.1882 0.8920 0.4110
vn -0.8310 0.5176 0.2036
vn -0.4205 0.8295 0.3675
vn -0.8272 -0.4833 -0.2866
vn -0.1016 -0.8772 -0.4693
vn -0.6614 -0.6476 -0.3785
vn 0.1408 -0.8734 -0.4661
vn 0.7767 -0.4564 -0.4341
vn 0.7773 -0.4236 -0.4651
vn 0.9118 -0.2975 -0.2832
vn 0.9123 -0.2722 -0.3058
vn 0.9863 -0.1180 -0.1154
vn 0.9861 -0.1054 -0.1282
vn 0.7738 -0.3985 -0.4924
vn 0.9107 -0.2532 -0.3265
vn 0.9859 -0.0936 -0.1390
vn 0.5404 0.6437 0.5419
vn 0.5410 0.6114 0.5775
vn 0.7532 0.5022 0.4248
vn 0.7536 0.4793 0.4498
vn 0.9054 0.3225 0.2762
vn 0.9054 0.3106 0.2895
vn 0.5395 0.6751 0.5032
vn 0.7528 0.5254 0.3965
vn 0.9049 0.3365 0.2607
vn 0.7776 -0.4833 -0.4022
vn 0.7754 -0.5122 -0.3694
vn 0.9127 -0.3151 -0.2602
vn 0.9116 -0.3362 -0.2366
vn 0.9863 -0.1291 -0.1024
vn 0.9864 -0.1377 -0.0894
vn 0.5388 0.5490 0.6390
vn 0.5389 0.5821 0.6089
vn 0.7523 0.4341 0.4955
vn 0.7528 0.4567 0.4740
vn 0.9048 0.2868 0.3147
vn 0.9052 0.2977 0.3033
vn 0.5336 0.4803 0.6961
vn 0.5369 0.5175 0.6663
vn 0.7491 0.3856 0.5387
vn 0.7508 0.4120 0.5163
vn 0.9039 0.2605 0.3392
vn 0.9045 0.2745 0.3263
vn 0.7718 -0.3662 -0.5199
vn 0.9090 -0.2313 -0.3467
vn 0.9852 -0.0808 -0.1512
vn 0.7664 -0.3338 -0.5488
vn 0.9061 -0.2085 -0.3681
vn 0.9842 -0.0684 -0.1634
vn 0.7601 -0.2993 -0.5767
vn 0.9020 -0.1853 -0.3899
vn 0.9827 -0.0566 -0.1761
vn 0.7522 -0.2668 -0.6025
vn 0.8969 -0.1608 -0.4120
vn 0.9809 -0.0431 -0.1898
vn 0.5217 0.4057 0.7505
vn 0.5291 0.4385 0.7265
vn 0.7404 0.3339 0.5833
vn 0.7455 0.3566 0.5631
vn 0.9007 0.2343 0.3659
vn 0.9027 0.2454 0.3534
vn 0.4976 -0.0054 -0.8674
vn 0.7122 -0.1063 -0.6939
vn 0.7852 0.0359 -0.6182
vn 0.8755 -0.0462 -0.4809
vn 0.9556 0.0715 -0.2860
vn 0.9726 0.0181 -0.2320
vn 0.7442 -0.2441 -0.6218
vn 0.8906 -0.1472 -0.4302
vn 0.9787 -0.0360 -0.2020
vn 0.5174 0.3904 0.7615
vn 0.7361 0.3234 0.5946
vn 0.8989 0.2274 0.3745
vn 0.5371 0.7121 0.4522
vn 0.7512 0.5528 0.3608
vn 0.9046 0.3511 0.2417
vn 0.5293 0.7459 0.4044
vn 0.7444 0.5814 0.3284
vn 0.9015 0.3693 0.2256
vn 0.7726 -0.5383 -0.3365
vn 0.7687 -0.5615 -0.3063
vn 0.9090 -0.3582 -0.2131
vn 0.9062 -0.3766 -0.1922
vn 0.9855 -0.1517 -0.0763
vn 0.9844 -0.1638 -0.0646
vn 0.5057 -0.8626 -0.0132
vn 0.7904 -0.6121 0.0256
vn 0.9584 -0.2790 0.0605
vn 0.7368 -0.6630 -0.1327
vn 0.8893 -0.4522 -0.0682
vn 0.9767 -0.2146 0.0008
vn 0.5204 0.7644 0.3807
vn 0.7373 0.5987 0.3129
vn 0.8999 0.3778 0.2179
vn 0.7623 -0.5809 -0.2854
vn 0.9015 -0.3939 -0.1792
vn 0.9827 -0.1758 -0.0582
vn 0.2468 0.7415 0.6239
vn 0.2409 0.8305 0.5022
vn 0.1089 -0.2492 0.9623
vn -0.1471 -0.9693 0.1969
vn 0.2358 0.5064 0.8294
vn 0.2359 0.5117 0.8261
vn 0.1370 0.9590 -0.2482
vn 0.1368 0.9589 -0.2487
vn -0.0467 0.5186 -0.8538
vn -0.1321 0.0950 -0.9867
vn -0.0615 0.4627 -0.8844
vn 0.0349 0.4385 0.8980
vn 0.0617 -0.6164 0.7850
vn 0.0617 -0.6165 0.7850
vn -0.8861 0.4533 -0.0970
vn -0.8893 0.4563 0.0321
vn -0.6574 0.5665 0.4969
vn -0.6574 0.5666 0.4969
vn -0.3993 -0.9164 -0.0294
vn 0.2278 0.7712 0.5945
vn 0.7020 0.6824 0.2039
vn -0.4941 -0.8270 -0.2682
vn -0.5170 -0.3256 -0.7916
vn 0.3252 -0.8810 0.3437
vn 0.1082 0.8808 -0.4610
vn -0.4227 -0.9000 0.1065
vn -0.4328 0.1365 -0.8911
vn 0.7018 -0.4281 0.5694
vn 0.3447 -0.7580 0.5537
vn -0.2771 -0.6543 -0.7037
vn 0.8663 0.2475 -0.4338
vn 0.4177 -0.8921 0.1721
vn 0.8589 0.3703 -0.3537
vn 0.9165 -0.2692 0.2958
vn 0.1046 -0.4938 0.8633
vn -0.6197 -0.2869 0.7305
vn 0.8096 0.1736 -0.5607
vn 0.7989 0.4785 0.3643
vn 0.9664 0.0860 0.2421
vn 0.8067 -0.4031 -0.4321
vn 0.7894 -0.4179 -0.4497
vn 0.6796 -0.2601 -0.6859
vn -0.3832 -0.9235 -0.0203
vn 0.9237 0.3829 0.0084
vn -0.2709 0.2227 -0.9365
vn 0.1110 0.3009 0.9472
vn 0.9140 0.3950 0.0928
vn -0.0617 0.4616 -0.8849
vt 0.507393 0.739371
vt 0.507024 0.736558
vt 0.508710 0.737416
vt 0.459957 0.825867
vt 0.461631 0.816678
vt 0.461788 0.825843
vt 0.508252 0.734523
vt 0.507698 0.731528
vt 0.509381 0.732418
vt 0.479681 0.797548
vt 0.478409 0.788645
vt 0.480235 0.788654
vt 0.511270 0.728096
vt 0.513674 0.726891
vt 0.512942 0.729001
vt 0.460358 0.834997
vt 0.462193 0.834973
vt 0.479924 0.835309
vt 0.478998 0.845432
vt 0.478097 0.835365
vt 0.479256 0.816319
vt 0.477522 0.806835
vt 0.479346 0.806822
vt 0.512066 0.731157
vt 0.511052 0.733305
vt 0.508715 0.729357
vt 0.510393 0.730258
vt 0.479180 0.780015
vt 0.481011 0.780035
vt 0.462551 0.773604
vt 0.463417 0.781787
vt 0.461587 0.781799
vt 0.460844 0.790077
vt 0.462120 0.798609
vt 0.460295 0.798622
vt 0.480254 0.771041
vt 0.482083 0.771070
vt 0.481968 0.759262
vt 0.483770 0.759284
vt 0.465325 0.756662
vt 0.465629 0.765285
vt 0.463776 0.765279
vt 0.512006 0.725982
vt 0.514269 0.724811
vt 0.484367 0.742850
vt 0.486141 0.742837
vt 0.486747 0.723848
vt 0.488544 0.723938
vt 0.467191 0.747792
vt 0.467191 0.756696
vt 0.513085 0.721749
vt 0.515094 0.720582
vt 0.514739 0.722724
vt 0.460980 0.844136
vt 0.462824 0.844113
vt 0.461863 0.853601
vt 0.463721 0.853570
vt 0.482640 0.859216
vt 0.483729 0.879442
vt 0.480830 0.859297
vt 0.506562 0.733647
vt 0.463096 0.863661
vt 0.464969 0.863602
vt 0.464726 0.874111
vt 0.466580 0.873887
vt 0.485519 0.879395
vt 0.486799 0.903201
vt 0.503807 0.740911
vt 0.503882 0.737787
vt 0.505645 0.738580
vt 0.463458 0.816656
vt 0.463618 0.825819
vt 0.469932 0.798088
vt 0.464736 0.790030
vt 0.470474 0.789359
vt 0.477859 0.797551
vt 0.476581 0.788638
vt 0.477100 0.780019
vt 0.472266 0.772326
vt 0.478178 0.771045
vt 0.464028 0.834948
vt 0.464668 0.844087
vt 0.477429 0.816342
vt 0.475785 0.825909
vt 0.475602 0.816365
vt 0.475697 0.806848
vt 0.477613 0.825874
vt 0.476267 0.835421
vt 0.461752 0.807533
vt 0.462669 0.790063
vt 0.463944 0.798595
vt 0.464494 0.790049
vt 0.478424 0.771010
vt 0.476334 0.788657
vt 0.471229 0.780904
vt 0.464390 0.773597
vt 0.465247 0.781776
vt 0.466228 0.773594
vt 0.482598 0.742859
vt 0.473808 0.762299
vt 0.479918 0.759315
vt 0.467479 0.765296
vt 0.469049 0.747980
vt 0.469050 0.756733
vt 0.484892 0.723966
vt 0.464270 0.834954
vt 0.469643 0.825865
vt 0.470084 0.835184
vt 0.477161 0.845510
vt 0.479019 0.859380
vt 0.465577 0.853535
vt 0.466833 0.863541
vt 0.470847 0.844791
vt 0.465827 0.853600
vt 0.464912 0.844104
vt 0.481940 0.879492
vt 0.484925 0.903093
vt 0.468394 0.873660
vt 0.479437 0.825837
vt 0.473480 0.889997
vt 0.474943 0.889261
vt 0.476418 0.888523
vt 0.475539 0.825910
vt 0.476020 0.835417
vt 0.476034 0.797554
vt 0.475357 0.816370
vt 0.501334 0.743813
vt 0.501656 0.740524
vt 0.509930 0.735395
vt 0.478769 0.859311
vt 0.474577 0.871433
vt 0.472284 0.856425
vt 0.514365 0.712400
vt 0.513592 0.708627
vt 0.514766 0.712254
vt 0.514044 0.708597
vt 0.515167 0.712111
vt 0.465490 0.781752
vt 0.459922 0.807549
vt 0.463860 0.825819
vt 0.469471 0.816515
vt 0.463580 0.807517
vt 0.498660 0.747175
vt 0.498339 0.744473
vt 0.502679 0.745182
vt 0.504314 0.743303
vt 0.468619 0.873598
vt 0.467096 0.863701
vt 0.481683 0.879310
vt 0.476443 0.888135
vt 0.513495 0.719201
vt 0.515352 0.718355
vt 0.510334 0.725070
vt 0.512605 0.723898
vt 0.477347 0.779995
vt 0.469322 0.756563
vt 0.475954 0.749848
vt 0.509596 0.727189
vt 0.510937 0.722981
vt 0.469583 0.807193
vt 0.475451 0.806859
vt 0.480832 0.845354
vt 0.578278 0.806671
vt 0.569734 0.772199
vt 0.578951 0.805973
vt 0.476914 0.845495
vt 0.513894 0.716004
vt 0.515545 0.716179
vt 0.512466 0.713616
vt 0.514338 0.712487
vt 0.482344 0.743037
vt 0.477703 0.736286
vt 0.484603 0.724530
vt 0.471081 0.748244
vt 0.498618 0.747254
vt 0.494771 0.749647
vt 0.494499 0.749296
vt 0.505938 0.741320
vt 0.498794 0.747638
vt 0.495058 0.749995
vt 0.467732 0.765220
vt 0.459801 0.816699
vt 0.475788 0.797569
vt 0.466474 0.773560
vt 0.474769 0.734396
vt 0.511428 0.720769
vt 0.480166 0.759236
vt 0.476224 0.735142
vt 0.470863 0.748171
vt 0.464185 0.798581
vt 0.463822 0.807508
vt 0.463699 0.816651
vt 0.505325 0.735695
vt 0.511898 0.717808
vt 0.534247 0.738723
vt 0.499179 0.795322
vt 0.536685 0.723097
vt 0.537321 0.836964
vt 0.505328 0.863593
vt 0.536870 0.836387
vt 0.505801 0.862439
vt 0.536419 0.835809
vt 0.559513 0.810351
vt 0.531735 0.803726
vt 0.543572 0.784531
vt 0.650266 0.848754
vt 0.592187 0.889049
vt 0.590661 0.884509
vt 0.562378 0.730692
vt 0.568875 0.772381
vt 0.608954 0.833105
vt 0.645642 0.848906
vt 0.608661 0.833950
vt 0.517866 0.800419
vt 0.527647 0.758736
vt 0.656787 0.819410
vt 0.624673 0.758176
vt 0.669733 0.830006
vt 0.524835 0.883343
vt 0.550519 0.849159
vt 0.527151 0.882240
vt 0.611292 0.802516
vt 0.609781 0.771956
vt 0.641849 0.800962
vt 0.574749 0.824506
vt 0.551151 0.849905
vt 0.551293 0.718585
vt 0.628196 0.754670
vt 0.509815 0.890108
vt 0.593890 0.894168
vt 0.494685 0.896428
vt 0.666326 0.845467
vt 0.562560 0.730585
vt 0.620532 0.762357
vt 0.563641 0.732204
vt 0.613462 0.814785
vt 0.579055 0.806072
vt 0.613603 0.813901
vt 0.567542 0.812476
vt 0.540195 0.846555
vt 0.538679 0.841642
vt 0.494517 0.794088
vt 0.539464 0.706741
vt 0.578185 0.806878
vt 0.564223 0.771240
vt 0.568715 0.772362
vt 0.621313 0.761528
vt 0.654534 0.817964
vt 0.643717 0.704549
vt 0.631832 0.753845
vt 0.595056 0.719144
vt 0.573010 0.817850
vt 0.540354 0.846696
vt 0.571882 0.813663
vt 0.555409 0.773955
vt 0.552370 0.777338
vt 0.615022 0.819544
vt 0.613493 0.814946
vt 0.559146 0.770075
vt 0.539762 0.706641
vt 0.558945 0.770137
vt 0.609247 0.832256
vt 0.574635 0.823562
vt 0.574377 0.822623
vt 0.524964 0.883526
vt 0.590102 0.883068
vt 0.590561 0.884249
vt 0.499465 0.880288
vt 0.494458 0.896212
vt 0.647483 0.848988
vt 0.649553 0.848899
vt 0.649556 0.848679
vt 0.574914 0.810335
vt 0.616658 0.824782
vt 0.571928 0.813486
vt 0.524301 0.883757
vt 0.545373 0.847612
vt 0.549745 0.848342
vt 0.562939 0.811305
vt 0.683298 0.841444
vt 0.563484 0.732312
vt 0.570597 0.772019
vt 0.562714 0.811327
vt 0.561776 0.811093
vt 0.534132 0.739425
vt 0.504575 0.796406
vt 0.503696 0.796420
vt 0.680493 0.739250
vt 0.692377 0.689955
vt 0.505160 0.863455
vt 0.504589 0.864703
vt 0.552244 0.777434
vt 0.561810 0.810952
vt 0.551447 0.777664
vt 0.616607 0.824991
vt 0.612801 0.828805
vt 0.549889 0.848408
vt 0.574495 0.823601
vt 0.683209 0.841757
vt 0.668608 0.788546
vt 0.652014 0.732548
vt 0.571752 0.813538
vt 0.560873 0.810868
vt 0.505651 0.862352
vt 0.534105 0.741259
vt 0.505450 0.796393
vt 0.579697 0.805398
vt 0.613742 0.813019
vt 0.564585 0.733535
vt 0.619756 0.763179
vt 0.527265 0.882412
vt 0.589646 0.881894
vt 0.574884 0.824468
vt 0.645652 0.849085
vt 0.562087 0.730073
vt 0.621505 0.761331
vt 0.656136 0.819148
vt 0.654432 0.818132
vt 0.653008 0.817235
vt 0.579597 0.805302
vt 0.574247 0.822437
vt 0.574982 0.825702
vt 0.582814 0.853665
vt 0.559851 0.852481
vt 0.586724 0.867627
vt 0.544736 0.879235
vt 0.537384 0.837118
vt 0.504353 0.865538
vt 0.533787 0.826234
vt 0.508085 0.842102
vt 0.560905 0.810733
vt 0.550651 0.777897
vt 0.579208 0.773495
vt 0.577712 0.742949
vt 0.580706 0.804071
vt 0.600099 0.782650
vt 0.609351 0.832126
vt 0.601860 0.840868
vt 0.628712 0.856019
vt 0.529143 0.881341
vt 0.503420 0.796399
vt 0.534349 0.739395
vt 0.534311 0.741248
vt 0.534231 0.742853
vt 0.500159 0.718515
vt 0.500566 0.721330
vt 0.498864 0.720493
vt 0.429492 0.827735
vt 0.431115 0.818447
vt 0.431340 0.827693
vt 0.499365 0.723385
vt 0.499966 0.726377
vt 0.498266 0.725510
vt 0.449246 0.799216
vt 0.448030 0.790304
vt 0.449855 0.790328
vt 0.496432 0.729861
vt 0.494041 0.731081
vt 0.494755 0.728973
vt 0.430006 0.836951
vt 0.431858 0.836900
vt 0.449661 0.836980
vt 0.448907 0.847093
vt 0.447837 0.837062
vt 0.448820 0.817998
vt 0.447064 0.808507
vt 0.448890 0.808494
vt 0.495603 0.726812
vt 0.496578 0.724648
vt 0.498978 0.728568
vt 0.497286 0.727687
vt 0.448887 0.781688
vt 0.450715 0.781730
vt 0.432392 0.774929
vt 0.433065 0.783210
vt 0.431215 0.783187
vt 0.430340 0.791558
vt 0.431574 0.800202
vt 0.429726 0.800210
vt 0.450093 0.772730
vt 0.451899 0.772796
vt 0.452118 0.760866
vt 0.453780 0.761015
vt 0.435880 0.758022
vt 0.435681 0.766523
vt 0.433938 0.766588
vt 0.495711 0.731981
vt 0.493454 0.733156
vt 0.455220 0.744047
vt 0.456563 0.744384
vt 0.459656 0.725000
vt 0.458765 0.724400
vt 0.438032 0.749520
vt 0.437392 0.757680
vt 0.494630 0.736214
vt 0.492615 0.737367
vt 0.492982 0.735234
vt 0.430792 0.846169
vt 0.432653 0.846108
vt 0.431904 0.855703
vt 0.433777 0.855621
vt 0.452869 0.860677
vt 0.454479 0.880520
vt 0.451082 0.860808
vt 0.501071 0.724238
vt 0.433445 0.865802
vt 0.435337 0.865670
vt 0.435583 0.876068
vt 0.437367 0.875783
vt 0.456250 0.880437
vt 0.457797 0.903818
vt 0.503732 0.716943
vt 0.503694 0.720060
vt 0.501920 0.719288
vt 0.432958 0.818415
vt 0.433186 0.827651
vt 0.439459 0.799711
vt 0.434276 0.791552
vt 0.440067 0.790939
vt 0.447422 0.799211
vt 0.446200 0.790280
vt 0.446809 0.781668
vt 0.442132 0.773853
vt 0.448038 0.772694
vt 0.433708 0.836848
vt 0.434511 0.846044
vt 0.446992 0.818030
vt 0.445413 0.827626
vt 0.445162 0.818061
vt 0.445234 0.808520
vt 0.447243 0.827573
vt 0.446007 0.837144
vt 0.431206 0.809219
vt 0.432188 0.791563
vt 0.433419 0.800195
vt 0.434033 0.791569
vt 0.448286 0.772663
vt 0.445953 0.790297
vt 0.440932 0.782460
vt 0.434231 0.774960
vt 0.434911 0.783235
vt 0.436064 0.774993
vt 0.453879 0.743711
vt 0.443921 0.763619
vt 0.450205 0.760781
vt 0.437420 0.766461
vt 0.439235 0.748828
vt 0.438904 0.757340
vt 0.457831 0.723843
vt 0.433952 0.836849
vt 0.439250 0.827639
vt 0.439805 0.836996
vt 0.447080 0.847210
vt 0.449294 0.860943
vt 0.435646 0.855536
vt 0.437203 0.865542
vt 0.440740 0.846622
vt 0.435899 0.855594
vt 0.434757 0.846057
vt 0.452721 0.880606
vt 0.455981 0.903071
vt 0.439117 0.875505
vt 0.449068 0.827520
vt 0.444572 0.891196
vt 0.445979 0.890428
vt 0.447351 0.889656
vt 0.445166 0.827629
vt 0.445760 0.837144
vt 0.445594 0.799206
vt 0.444915 0.818068
vt 0.506190 0.714045
vt 0.505870 0.717317
vt 0.497669 0.722536
vt 0.449046 0.860881
vt 0.445212 0.873029
vt 0.442465 0.858221
vt 0.494464 0.749303
vt 0.493076 0.745800
vt 0.493271 0.745566
vt 0.494240 0.749448
vt 0.492881 0.746034
vt 0.435154 0.783215
vt 0.429359 0.809239
vt 0.433429 0.827648
vt 0.439009 0.818242
vt 0.433050 0.809200
vt 0.508879 0.710713
vt 0.509166 0.713409
vt 0.504848 0.712671
vt 0.503217 0.714553
vt 0.439336 0.875437
vt 0.437470 0.865693
vt 0.452467 0.880436
vt 0.447360 0.889284
vt 0.494203 0.738759
vt 0.492339 0.739589
vt 0.497390 0.732888
vt 0.495116 0.734066
vt 0.447057 0.781646
vt 0.439173 0.757161
vt 0.446423 0.750590
vt 0.498118 0.730755
vt 0.496786 0.734987
vt 0.439094 0.808868
vt 0.444988 0.808531
vt 0.450729 0.846978
vt 0.515648 0.743192
vt 0.515271 0.740373
vt 0.516967 0.741223
vt 0.446834 0.847200
vt 0.493778 0.741949
vt 0.492131 0.741762
vt 0.495182 0.744344
vt 0.493299 0.745457
vt 0.453621 0.743842
vt 0.449046 0.736027
vt 0.457528 0.724232
vt 0.440724 0.747940
vt 0.508922 0.710633
vt 0.512846 0.708270
vt 0.513134 0.708628
vt 0.501600 0.716547
vt 0.455863 0.903112
vt 0.454716 0.904306
vt 0.437672 0.766387
vt 0.429268 0.818478
vt 0.445347 0.799219
vt 0.436309 0.774964
vt 0.491940 0.742171
vt 0.492101 0.741857
vt 0.496284 0.737205
vt 0.450455 0.760716
vt 0.491779 0.742486
vt 0.433662 0.800181
vt 0.433293 0.809190
vt 0.433200 0.818409
vt 0.502280 0.722169
vt 0.495788 0.740164
vt 0.508499 0.935863
vt 0.501284 0.934270
vt 0.508531 0.934416
vt 0.516481 0.738329
vt 0.515883 0.735351
vt 0.517577 0.736209
vt 0.486792 0.919422
vt 0.479751 0.920104
vt 0.479826 0.918671
vt 0.519370 0.731855
vt 0.521741 0.730597
vt 0.521058 0.732720
vt 0.515724 0.935794
vt 0.515752 0.934344
vt 0.516482 0.920397
vt 0.524393 0.921382
vt 0.516477 0.921833
vt 0.501539 0.920370
vt 0.494023 0.921432
vt 0.494072 0.919997
vt 0.520231 0.734893
vt 0.519266 0.737065
vt 0.516851 0.733169
vt 0.518542 0.734032
vt 0.473009 0.919169
vt 0.473098 0.917736
vt 0.467257 0.931975
vt 0.473758 0.931646
vt 0.473692 0.933093
vt 0.480215 0.934012
vt 0.487015 0.933311
vt 0.486964 0.934757
vt 0.466029 0.917955
vt 0.466130 0.916529
vt 0.456913 0.916085
vt 0.457012 0.914683
vt 0.454074 0.928957
vt 0.460850 0.929156
vt 0.460753 0.930614
vt 0.520056 0.729729
vt 0.522287 0.728508
vt 0.444238 0.913460
vt 0.444306 0.912078
vt 0.429507 0.910732
vt 0.429579 0.909324
vt 0.447308 0.926960
vt 0.454202 0.927487
vt 0.521032 0.725482
vt 0.523007 0.724267
vt 0.522706 0.726413
vt 0.522955 0.935526
vt 0.522979 0.934070
vt 0.530436 0.935036
vt 0.530448 0.933570
vt 0.535218 0.918819
vt 0.550849 0.918343
vt 0.535247 0.920225
vt 0.514785 0.737475
vt 0.538372 0.934260
vt 0.538359 0.932777
vt 0.546567 0.933102
vt 0.546428 0.931675
vt 0.550848 0.916962
vt 0.569196 0.916602
vt 0.512044 0.744717
vt 0.512141 0.741604
vt 0.513897 0.742397
vt 0.501323 0.932826
vt 0.508564 0.932970
vt 0.486876 0.927119
vt 0.480325 0.930931
vt 0.480014 0.926375
vt 0.486731 0.920855
vt 0.479678 0.921541
vt 0.472929 0.920800
vt 0.466688 0.924269
vt 0.465943 0.919579
vt 0.515780 0.932895
vt 0.523001 0.932616
vt 0.501501 0.921808
vt 0.508981 0.923386
vt 0.501463 0.923246
vt 0.493974 0.922870
vt 0.509005 0.921947
vt 0.516472 0.923272
vt 0.494062 0.933890
vt 0.480273 0.932567
vt 0.487067 0.931867
vt 0.480331 0.931123
vt 0.465926 0.919384
vt 0.479683 0.921735
vt 0.473385 0.925449
vt 0.467335 0.930523
vt 0.473826 0.930201
vt 0.467416 0.929074
vt 0.444166 0.914837
vt 0.458907 0.922597
vt 0.456861 0.917685
vt 0.460949 0.927702
vt 0.447545 0.925552
vt 0.454331 0.926034
vt 0.429506 0.912218
vt 0.515790 0.932704
vt 0.508770 0.928219
vt 0.516123 0.928128
vt 0.524412 0.922820
vt 0.535279 0.921632
vt 0.530458 0.932106
vt 0.538345 0.931311
vt 0.523698 0.927765
vt 0.530515 0.931911
vt 0.523020 0.932424
vt 0.550855 0.919716
vt 0.568900 0.918207
vt 0.546291 0.930275
vt 0.509029 0.920511
vt 0.558995 0.926712
vt 0.558454 0.925559
vt 0.557911 0.924397
vt 0.508974 0.923579
vt 0.516463 0.923466
vt 0.486670 0.922291
vt 0.501460 0.923440
vt 0.509489 0.747585
vt 0.509914 0.744295
vt 0.518174 0.739182
vt 0.535221 0.921824
vt 0.544591 0.925335
vt 0.532849 0.926880
vt 0.437244 0.920577
vt 0.428371 0.913234
vt 0.437892 0.919479
vt 0.429469 0.912327
vt 0.438541 0.918380
vt 0.473817 0.930008
vt 0.494016 0.935336
vt 0.508570 0.932779
vt 0.501394 0.928079
vt 0.494107 0.932445
vt 0.506604 0.750779
vt 0.506462 0.748081
vt 0.510822 0.749053
vt 0.512517 0.747131
vt 0.546248 0.930098
vt 0.538475 0.931109
vt 0.550710 0.919909
vt 0.557617 0.924372
vt 0.521377 0.722932
vt 0.523206 0.722038
vt 0.518367 0.728858
vt 0.520605 0.727636
vt 0.472920 0.920606
vt 0.454212 0.925813
vt 0.449314 0.920314
vt 0.517680 0.730988
vt 0.518920 0.726761
vt 0.494046 0.927698
vt 0.493974 0.923063
vt 0.524375 0.919947
vt 0.524394 0.923013
vt 0.521687 0.719739
vt 0.523339 0.719864
vt 0.520193 0.717407
vt 0.522024 0.716226
vt 0.444294 0.915043
vt 0.438849 0.918387
vt 0.429939 0.912469
vt 0.447844 0.924006
vt 0.506557 0.750855
vt 0.502523 0.752968
vt 0.502279 0.752596
vt 0.514175 0.745146
vt 0.506705 0.751253
vt 0.502782 0.753341
vt 0.460902 0.927500
vt 0.501246 0.935716
vt 0.486673 0.922485
vt 0.467400 0.928880
vt 0.519357 0.724545
vt 0.456811 0.917488
vt 0.447778 0.924171
vt 0.487064 0.931676
vt 0.494108 0.932254
vt 0.501326 0.932635
vt 0.513572 0.739523
vt 0.519751 0.721589
vt 0.513150 0.708666
vt 0.513138 0.708674
vt 0.513148 0.708655
vt 0.513143 0.708692
vt 0.513130 0.708695
vt 0.513134 0.708664
vt 0.513146 0.708650
vt 0.513128 0.708683
vt 0.488637 0.724274
vt 0.488692 0.724265
vt 0.488672 0.724371
vt 0.488609 0.724158
vt 0.488651 0.724146
vt 0.513125 0.708722
vt 0.513138 0.708722
vt 0.513132 0.708754
vt 0.488617 0.724051
vt 0.488651 0.724038
vt 0.488584 0.723971
vt 0.488581 0.724042
vt 0.488542 0.723874
vt 0.488589 0.723926
vt 0.488618 0.723999
vt 0.494499 0.749282
vt 0.494515 0.749273
vt 0.494491 0.749302
vt 0.494488 0.749286
vt 0.494510 0.749261
vt 0.494534 0.749247
vt 0.494499 0.749268
vt 0.488568 0.903070
vt 0.488608 0.903034
vt 0.488566 0.903111
vt 0.488604 0.902961
vt 0.488642 0.902949
vt 0.488611 0.903079
vt 0.488640 0.903004
vt 0.494554 0.749221
vt 0.494545 0.749210
vt 0.494570 0.749197
vt 0.494525 0.749238
vt 0.488672 0.902843
vt 0.488632 0.902833
vt 0.488658 0.902709
vt 0.494503 0.749255
vt 0.484754 0.723913
vt 0.484766 0.724012
vt 0.484714 0.724079
vt 0.514041 0.708582
vt 0.514061 0.708591
vt 0.514067 0.708601
vt 0.484728 0.724133
vt 0.484669 0.724237
vt 0.484763 0.724081
vt 0.484814 0.724032
vt 0.484883 0.723919
vt 0.484817 0.724118
vt 0.484758 0.724146
vt 0.484807 0.723975
vt 0.484627 0.724393
vt 0.484669 0.724414
vt 0.484699 0.724262
vt 0.484742 0.724270
vt 0.495078 0.749999
vt 0.495049 0.750001
vt 0.484745 0.902993
vt 0.484757 0.902933
vt 0.484811 0.903056
vt 0.484883 0.903156
vt 0.484852 0.903082
vt 0.484799 0.902985
vt 0.484694 0.902634
vt 0.484651 0.902656
vt 0.484626 0.902513
vt 0.484771 0.902785
vt 0.484725 0.902795
vt 0.484695 0.902821
vt 0.484788 0.902918
vt 0.484855 0.903030
vt 0.484852 0.902946
vt 0.484906 0.903160
vt 0.578297 0.806704
vt 0.578259 0.806728
vt 0.578322 0.806733
vt 0.578273 0.806751
vt 0.578238 0.806794
vt 0.578331 0.806797
vt 0.578353 0.806757
vt 0.578387 0.806775
vt 0.578267 0.806821
vt 0.578308 0.806784
vt 0.578269 0.806789
vt 0.578290 0.806768
vt 0.578212 0.806844
vt 0.578254 0.806792
vt 0.578237 0.806823
vt 0.578219 0.806849
vt 0.524801 0.883425
vt 0.524666 0.883510
vt 0.524814 0.883477
vt 0.524669 0.883529
vt 0.524569 0.883610
vt 0.524514 0.883629
vt 0.524709 0.883579
vt 0.524861 0.883513
vt 0.524692 0.883567
vt 0.524683 0.883546
vt 0.524487 0.883656
vt 0.524407 0.883687
vt 0.562324 0.730466
vt 0.562403 0.730624
vt 0.562259 0.730345
vt 0.562279 0.730368
vt 0.562484 0.730573
vt 0.562362 0.730419
vt 0.562436 0.730588
vt 0.562351 0.730429
vt 0.562244 0.730318
vt 0.562214 0.730256
vt 0.656205 0.819119
vt 0.656343 0.819211
vt 0.656239 0.819084
vt 0.656371 0.819195
vt 0.656513 0.819253
vt 0.656565 0.819283
vt 0.656235 0.818959
vt 0.656407 0.819161
vt 0.656251 0.819035
vt 0.656596 0.819292
vt 0.656416 0.819148
vt 0.534291 0.739342
vt 0.534295 0.739186
vt 0.534240 0.739331
vt 0.534271 0.739172
vt 0.534252 0.739033
vt 0.534256 0.738983
vt 0.534228 0.739160
vt 0.534190 0.739352
vt 0.534213 0.739158
vt 0.534253 0.739018
vt 0.534240 0.738839
vt 0.534251 0.738932
vt 0.534240 0.738957
vt 0.574242 0.822603
vt 0.574263 0.822644
vt 0.574231 0.822664
vt 0.574254 0.822536
vt 0.574265 0.822591
vt 0.574288 0.822583
vt 0.574300 0.822629
vt 0.574293 0.822526
vt 0.574267 0.822509
vt 0.574263 0.822478
vt 0.574255 0.822480
vt 0.574339 0.822623
vt 0.574337 0.822577
vt 0.574311 0.822578
vt 0.574285 0.822540
vt 0.649790 0.848753
vt 0.649603 0.848737
vt 0.649772 0.848722
vt 0.649964 0.848762
vt 0.649933 0.848761
vt 0.649793 0.848777
vt 0.649618 0.848786
vt 0.649605 0.848837
vt 0.649810 0.848811
vt 0.649807 0.848796
vt 0.650034 0.848769
vt 0.562797 0.811219
vt 0.562751 0.811218
vt 0.562750 0.811181
vt 0.562835 0.811270
vt 0.562797 0.811245
vt 0.562746 0.811257
vt 0.562820 0.811276
vt 0.562792 0.811269
vt 0.562895 0.811299
vt 0.562831 0.811288
vt 0.562866 0.811287
vt 0.562898 0.811290
vt 0.562849 0.811262
vt 0.562732 0.811294
vt 0.562772 0.811315
vt 0.562785 0.811292
vt 0.562839 0.811302
vt 0.504624 0.865044
vt 0.504688 0.864860
vt 0.504749 0.864880
vt 0.504511 0.865183
vt 0.504590 0.865026
vt 0.504569 0.865002
vt 0.504651 0.864824
vt 0.504526 0.865128
vt 0.504622 0.864773
vt 0.504531 0.864981
vt 0.504548 0.864995
vt 0.504500 0.865185
vt 0.504462 0.865252
vt 0.683369 0.841420
vt 0.683286 0.841526
vt 0.683450 0.841424
vt 0.683397 0.841543
vt 0.683269 0.841604
vt 0.683475 0.841578
vt 0.683389 0.841633
vt 0.595042 0.719140
vt 0.595061 0.719121
vt 0.595051 0.719167
vt 0.595032 0.719156
vt 0.595039 0.719122
vt 0.595067 0.719105
vt 0.683502 0.841663
vt 0.683439 0.841646
vt 0.683243 0.841680
vt 0.683265 0.841814
vt 0.683350 0.841716
vt 0.683341 0.841845
vt 0.683437 0.841722
vt 0.539408 0.706694
vt 0.539536 0.706707
vt 0.539372 0.706625
vt 0.539496 0.706607
vt 0.539609 0.706678
vt 0.539485 0.706525
vt 0.539574 0.706566
vt 0.692388 0.689943
vt 0.692395 0.689970
vt 0.692361 0.689938
vt 0.692380 0.689927
vt 0.692405 0.689950
vt 0.692405 0.689983
vt 0.539539 0.706457
vt 0.539559 0.706518
vt 0.539683 0.706657
vt 0.539783 0.706572
vt 0.539660 0.706553
vt 0.539774 0.706495
vt 0.539623 0.706480
vt 0.571925 0.813534
vt 0.571881 0.813491
vt 0.571916 0.813578
vt 0.571882 0.813535
vt 0.571837 0.813502
vt 0.571855 0.813564
vt 0.571848 0.813539
vt 0.571865 0.813601
vt 0.571903 0.813620
vt 0.571810 0.813609
vt 0.571843 0.813638
vt 0.571879 0.813570
vt 0.571794 0.813517
vt 0.571780 0.813576
vt 0.571816 0.813554
vt 0.571837 0.813582
vt 0.494667 0.896511
vt 0.494624 0.896380
vt 0.494622 0.896586
vt 0.494553 0.896473
vt 0.494565 0.896330
vt 0.494481 0.896530
vt 0.494480 0.896425
vt 0.668614 0.788561
vt 0.668589 0.788555
vt 0.668631 0.788540
vt 0.668632 0.788562
vt 0.668601 0.788573
vt 0.668574 0.788558
vt 0.494392 0.896514
vt 0.494442 0.896465
vt 0.494510 0.896274
vt 0.494383 0.896231
vt 0.494425 0.896351
vt 0.494313 0.896280
vt 0.494375 0.896426
vt 0.564437 0.733637
vt 0.564503 0.733622
vt 0.564491 0.733677
vt 0.564466 0.733580
vt 0.564487 0.733557
vt 0.564539 0.733664
vt 0.564544 0.733723
vt 0.564515 0.733600
vt 0.564537 0.733635
vt 0.564541 0.733598
vt 0.564516 0.733545
vt 0.564597 0.733613
vt 0.564562 0.733650
vt 0.564596 0.733774
vt 0.564629 0.733754
vt 0.564995 0.732758
vt 0.564577 0.733702
vt 0.564611 0.733684
vt 0.579629 0.805286
vt 0.579618 0.805331
vt 0.579661 0.805275
vt 0.579647 0.805315
vt 0.579641 0.805357
vt 0.579674 0.805321
vt 0.579662 0.805334
vt 0.579727 0.805300
vt 0.579694 0.805267
vt 0.578625 0.806478
vt 0.579722 0.805333
vt 0.579694 0.805301
vt 0.579692 0.805326
vt 0.579669 0.805304
vt 0.579667 0.805379
vt 0.579712 0.805366
vt 0.579682 0.805349
vt 0.653019 0.817167
vt 0.653065 0.817202
vt 0.652963 0.817182
vt 0.652974 0.817133
vt 0.653041 0.817153
vt 0.653086 0.817179
vt 0.653004 0.817133
vt 0.652877 0.817046
vt 0.652859 0.817080
vt 0.653793 0.816607
vt 0.652950 0.817060
vt 0.652933 0.817096
vt 0.652914 0.817131
vt 0.653103 0.817078
vt 0.653041 0.817127
vt 0.653023 0.817070
vt 0.653097 0.817149
vt 0.652987 0.817108
vt 0.574782 0.824490
vt 0.574770 0.824535
vt 0.574814 0.824478
vt 0.574799 0.824519
vt 0.574793 0.824561
vt 0.574822 0.824508
vt 0.574815 0.824538
vt 0.574881 0.824504
vt 0.574848 0.824471
vt 0.574875 0.824538
vt 0.574848 0.824505
vt 0.574845 0.824530
vt 0.574819 0.824583
vt 0.574864 0.824570
vt 0.574383 0.823149
vt 0.574835 0.824553
vt 0.574827 0.824526
vt 0.529206 0.881375
vt 0.529149 0.881398
vt 0.529215 0.881316
vt 0.529253 0.881364
vt 0.529211 0.881411
vt 0.529164 0.881429
vt 0.529244 0.881393
vt 0.529369 0.881346
vt 0.529337 0.881296
vt 0.528995 0.882068
vt 0.529336 0.881392
vt 0.529304 0.881355
vt 0.529278 0.881303
vt 0.529275 0.881397
vt 0.529237 0.881490
vt 0.529241 0.881429
vt 0.529296 0.881437
vt 0.529187 0.881455
vt 0.645602 0.848961
vt 0.645559 0.848922
vt 0.645668 0.848957
vt 0.645622 0.848994
vt 0.645546 0.848974
vt 0.645489 0.848943
vt 0.645574 0.848994
vt 0.645603 0.849027
vt 0.645672 0.849027
vt 0.645561 0.849068
vt 0.645546 0.849015
vt 0.645422 0.848964
vt 0.645421 0.849021
vt 0.645955 0.849741
vt 0.645489 0.848994
vt 0.645488 0.849045
vt 0.534176 0.742892
vt 0.534179 0.742830
vt 0.534219 0.742931
vt 0.534164 0.742943
vt 0.534143 0.742877
vt 0.534143 0.742919
vt 0.534124 0.743060
vt 0.534181 0.743057
vt 0.533615 0.742513
vt 0.534099 0.743003
vt 0.534147 0.742996
vt 0.534201 0.742996
vt 0.534124 0.742946
vt 0.534057 0.742858
vt 0.534112 0.742896
vt 0.534077 0.742940
vt 0.534145 0.742826
vt 0.560904 0.810769
vt 0.560870 0.810737
vt 0.560898 0.810803
vt 0.560870 0.810771
vt 0.560837 0.810745
vt 0.560868 0.810796
vt 0.560845 0.810774
vt 0.560843 0.810848
vt 0.560888 0.810835
vt 0.560817 0.810826
vt 0.560858 0.810819
vt 0.560838 0.810804
vt 0.560805 0.810756
vt 0.560794 0.810801
vt 0.562452 0.811175
vt 0.560823 0.810785
vt 0.560850 0.810791
vt 0.505772 0.862366
vt 0.505826 0.862354
vt 0.505748 0.862429
vt 0.505736 0.862365
vt 0.505788 0.862305
vt 0.505844 0.862270
vt 0.505757 0.862320
vt 0.505720 0.862333
vt 0.505690 0.862392
vt 0.505709 0.862282
vt 0.505755 0.862284
vt 0.505716 0.862414
vt 0.505858 0.862190
vt 0.505811 0.862165
vt 0.504889 0.861958
vt 0.505800 0.862240
vt 0.505760 0.862221
vt 0.494476 0.749288
vt 0.494470 0.749312
vt 0.494469 0.749273
vt 0.494481 0.749263
vt 0.494482 0.749297
vt 0.494474 0.749315
vt 0.494485 0.749276
vt 0.494493 0.749199
vt 0.494479 0.749201
vt 0.494485 0.749169
vt 0.459713 0.725264
vt 0.459753 0.725267
vt 0.459737 0.725404
vt 0.494487 0.749234
vt 0.494474 0.749237
vt 0.494490 0.749262
vt 0.459704 0.725057
vt 0.459688 0.725122
vt 0.459687 0.724944
vt 0.459716 0.725015
vt 0.459728 0.725155
vt 0.459733 0.725099
vt 0.492095 0.741835
vt 0.492109 0.741835
vt 0.492089 0.741809
vt 0.492103 0.741813
vt 0.492116 0.741809
vt 0.492099 0.741794
vt 0.492110 0.741795
vt 0.438005 0.749439
vt 0.438056 0.749436
vt 0.492097 0.741758
vt 0.492107 0.741773
vt 0.492097 0.741776
vt 0.438027 0.749372
vt 0.438086 0.749339
vt 0.492105 0.741786
vt 0.492115 0.741777
vt 0.492120 0.741760
vt 0.492124 0.741784
vt 0.492108 0.741759
vt 0.513134 0.708643
vt 0.513118 0.708651
vt 0.513149 0.708621
vt 0.513145 0.708639
vt 0.513123 0.708663
vt 0.513098 0.708677
vt 0.513134 0.708657
vt 0.459651 0.903956
vt 0.459691 0.903921
vt 0.459647 0.903997
vt 0.459687 0.903848
vt 0.459725 0.903836
vt 0.459694 0.903967
vt 0.459724 0.903892
vt 0.513077 0.708704
vt 0.513086 0.708715
vt 0.513060 0.708728
vt 0.513107 0.708687
vt 0.459753 0.903729
vt 0.459712 0.903720
vt 0.459737 0.903595
vt 0.513129 0.708670
vt 0.494004 0.749576
vt 0.493992 0.749573
vt 0.493984 0.749556
vt 0.494010 0.749584
vt 0.493996 0.749584
vt 0.493974 0.749559
vt 0.493960 0.749532
vt 0.493981 0.749571
vt 0.457775 0.723854
vt 0.457849 0.723804
vt 0.457756 0.723933
vt 0.457705 0.723918
vt 0.457783 0.723804
vt 0.457723 0.723864
vt 0.457548 0.724120
vt 0.457598 0.724149
vt 0.457587 0.723988
vt 0.457631 0.724008
vt 0.457676 0.724041
vt 0.457673 0.723894
vt 0.440605 0.747832
vt 0.440526 0.747880
vt 0.440558 0.747800
vt 0.440646 0.747867
vt 0.440578 0.747892
vt 0.440555 0.747953
vt 0.440497 0.747975
vt 0.440591 0.747945
vt 0.440640 0.747942
vt 0.440685 0.747903
vt 0.440661 0.747987
vt 0.440594 0.747982
vt 0.440619 0.747906
vt 0.440473 0.748067
vt 0.440520 0.748099
vt 0.440455 0.748146
vt 0.440538 0.748022
vt 0.440591 0.748042
vt 0.455856 0.903008
vt 0.455920 0.903147
vt 0.455807 0.902948
vt 0.455819 0.902894
vt 0.455893 0.903041
vt 0.455853 0.902943
vt 0.455752 0.902624
vt 0.455713 0.902645
vt 0.455684 0.902513
vt 0.455827 0.902761
vt 0.455786 0.902770
vt 0.455759 0.902795
vt 0.455846 0.902881
vt 0.455902 0.902990
vt 0.455904 0.902907
vt 0.455948 0.903140
vt 0.520708 0.712454
vt 0.520698 0.712464
vt 0.520705 0.712443
vt 0.520705 0.712481
vt 0.520693 0.712486
vt 0.520692 0.712454
vt 0.520701 0.712438
vt 0.520689 0.712474
vt 0.520682 0.712545
vt 0.520696 0.712543
vt 0.520691 0.712571
vt 0.429756 0.909284
vt 0.429749 0.909252
vt 0.429848 0.909268
vt 0.520688 0.712512
vt 0.520701 0.712512
vt 0.520683 0.712486
vt 0.429607 0.909295
vt 0.429662 0.909301
vt 0.429528 0.909320
vt 0.429573 0.909290
vt 0.429670 0.909272
vt 0.429629 0.909271
vt 0.502279 0.752582
vt 0.502296 0.752574
vt 0.502269 0.752602
vt 0.502268 0.752585
vt 0.502291 0.752562
vt 0.502317 0.752550
vt 0.502280 0.752568
vt 0.569177 0.915163
vt 0.569149 0.915132
vt 0.569210 0.915166
vt 0.569093 0.915133
vt 0.569084 0.915103
vt 0.569185 0.915130
vt 0.569127 0.915105
vt 0.502339 0.752524
vt 0.502331 0.752512
vt 0.502357 0.752502
vt 0.502309 0.752539
vt 0.569002 0.915077
vt 0.568994 0.915108
vt 0.568898 0.915085
vt 0.502285 0.752555
vt 0.429542 0.912321
vt 0.429591 0.912363
vt 0.521536 0.712031
vt 0.521558 0.712032
vt 0.521568 0.712039
vt 0.429634 0.912354
vt 0.429713 0.912404
vt 0.429595 0.912325
vt 0.429558 0.912284
vt 0.429467 0.912223
vt 0.429626 0.912284
vt 0.429646 0.912331
vt 0.429514 0.912288
vt 0.429833 0.912444
vt 0.429851 0.912412
vt 0.429734 0.912382
vt 0.429742 0.912348
vt 0.568922 0.918300
vt 0.568844 0.918298
vt 0.568951 0.918262
vt 0.568795 0.918333
vt 0.568755 0.918322
vt 0.568872 0.918272
vt 0.568794 0.918298
vt 0.568540 0.918361
vt 0.568556 0.918393
vt 0.568450 0.918409
vt 0.568651 0.918309
vt 0.568657 0.918342
vt 0.568675 0.918364
vt 0.568746 0.918300
vt 0.568833 0.918262
vt 0.568769 0.918257
vt 0.568960 0.918239
vt 0.512077 0.731163
vt 0.511063 0.733311
vt 0.512087 0.731168
vt 0.511073 0.733315
vt 0.512096 0.731172
vt 0.511082 0.733320
vt 0.459874 0.807548
vt 0.459753 0.816700
vt 0.512953 0.729007
vt 0.512963 0.729012
vt 0.459833 0.807545
vt 0.460247 0.798621
vt 0.479628 0.825827
vt 0.479396 0.816319
vt 0.479447 0.816320
vt 0.479576 0.825831
vt 0.479351 0.816318
vt 0.479531 0.825834
vt 0.479306 0.816318
vt 0.480114 0.835286
vt 0.480063 0.835295
vt 0.480019 0.835302
vt 0.479487 0.825836
vt 0.508721 0.737421
vt 0.509942 0.735401
vt 0.508731 0.737426
vt 0.509951 0.735406
vt 0.508740 0.737432
vt 0.460310 0.834999
vt 0.509960 0.735411
vt 0.459909 0.825868
vt 0.479871 0.797570
vt 0.479485 0.806828
vt 0.479820 0.797560
vt 0.479440 0.806825
vt 0.479776 0.797554
vt 0.479396 0.806823
vt 0.479732 0.797549
vt 0.479536 0.806834
vt 0.481198 0.780078
vt 0.480373 0.788672
vt 0.481149 0.780060
vt 0.480329 0.788662
vt 0.481106 0.780047
vt 0.480285 0.788656
vt 0.481062 0.780038
vt 0.480424 0.788686
vt 0.513685 0.726897
vt 0.513695 0.726902
vt 0.460207 0.798618
vt 0.460795 0.790076
vt 0.514281 0.724817
vt 0.514291 0.724821
vt 0.460755 0.790071
vt 0.461539 0.781797
vt 0.514750 0.722730
vt 0.514760 0.722735
vt 0.461498 0.781790
vt 0.462502 0.773601
vt 0.515105 0.720592
vt 0.515114 0.720599
vt 0.462462 0.773591
vt 0.463727 0.765273
vt 0.483944 0.759379
vt 0.482218 0.771104
vt 0.483900 0.759340
vt 0.482176 0.771086
vt 0.483860 0.759310
vt 0.482133 0.771074
vt 0.483819 0.759291
vt 0.482265 0.771128
vt 0.515557 0.716175
vt 0.514342 0.712456
vt 0.515568 0.716170
vt 0.514347 0.712429
vt 0.515577 0.716163
vt 0.514355 0.712410
vt 0.515588 0.716155
vt 0.513126 0.708781
vt 0.515362 0.718372
vt 0.515371 0.718385
vt 0.463688 0.765255
vt 0.465276 0.756649
vt 0.465240 0.756613
vt 0.467139 0.747795
vt 0.486263 0.742938
vt 0.486228 0.742884
vt 0.486189 0.742849
vt 0.486302 0.743005
vt 0.481018 0.845311
vt 0.480969 0.845328
vt 0.480926 0.845341
vt 0.479975 0.835306
vt 0.482816 0.859126
vt 0.482771 0.859162
vt 0.482731 0.859190
vt 0.480882 0.845350
vt 0.505952 0.741323
vt 0.507405 0.739377
vt 0.505963 0.741325
vt 0.507415 0.739381
vt 0.505973 0.741330
vt 0.461814 0.853606
vt 0.507424 0.739387
vt 0.460931 0.844138
vt 0.498641 0.747199
vt 0.498626 0.747221
vt 0.498618 0.747240
vt 0.502685 0.745193
vt 0.502689 0.745203
vt 0.502694 0.745213
vt 0.502696 0.745225
vt 0.485680 0.879217
vt 0.485641 0.879287
vt 0.485606 0.879344
vt 0.482690 0.859209
vt 0.485567 0.879381
vt 0.488692 0.902605
vt 0.504332 0.743299
vt 0.504348 0.743297
vt 0.464675 0.874110
vt 0.504360 0.743298
vt 0.463048 0.863673
vt 0.463515 0.816655
vt 0.463638 0.807516
vt 0.463578 0.816654
vt 0.463701 0.807514
vt 0.463641 0.816653
vt 0.463764 0.807511
vt 0.464001 0.798593
vt 0.464064 0.798590
vt 0.464127 0.798585
vt 0.475727 0.825910
vt 0.475544 0.816366
vt 0.475663 0.825911
vt 0.475480 0.816367
vt 0.475599 0.825911
vt 0.475416 0.816368
vt 0.476208 0.835422
vt 0.476144 0.835421
vt 0.476080 0.835419
vt 0.463675 0.825818
vt 0.464085 0.834948
vt 0.463738 0.825818
vt 0.464149 0.834949
vt 0.463802 0.825818
vt 0.464212 0.834951
vt 0.475976 0.797556
vt 0.475638 0.806849
vt 0.475912 0.797559
vt 0.475575 0.806852
vt 0.475848 0.797564
vt 0.475510 0.806855
vt 0.477288 0.779997
vt 0.476522 0.788640
vt 0.477224 0.780002
vt 0.476458 0.788644
vt 0.477160 0.780010
vt 0.476394 0.788650
vt 0.464551 0.790047
vt 0.464615 0.790043
vt 0.464678 0.790036
vt 0.465304 0.781774
vt 0.465368 0.781768
vt 0.465431 0.781760
vt 0.466286 0.773591
vt 0.466350 0.773583
vt 0.466415 0.773572
vt 0.467538 0.765290
vt 0.467604 0.765273
vt 0.467671 0.765248
vt 0.480108 0.759242
vt 0.478366 0.771013
vt 0.480044 0.759259
vt 0.478302 0.771021
vt 0.479979 0.759285
vt 0.478237 0.771032
vt 0.477722 0.735938
vt 0.470919 0.748181
vt 0.477731 0.736027
vt 0.470977 0.748197
vt 0.477722 0.736148
vt 0.471032 0.748218
vt 0.477690 0.735891
vt 0.469111 0.756721
vt 0.469181 0.756683
vt 0.469254 0.756628
vt 0.482540 0.742873
vt 0.482475 0.742912
vt 0.482407 0.742970
vt 0.477103 0.845511
vt 0.477039 0.845508
vt 0.476974 0.845502
vt 0.478960 0.859377
vt 0.478896 0.859362
vt 0.478830 0.859339
vt 0.464726 0.844088
vt 0.465636 0.853539
vt 0.464789 0.844092
vt 0.465701 0.853554
vt 0.464853 0.844097
vt 0.465767 0.853575
vt 0.498973 0.748021
vt 0.495094 0.749990
vt 0.476452 0.888478
vt 0.476464 0.888390
vt 0.476458 0.888271
vt 0.468450 0.873651
vt 0.468510 0.873637
vt 0.468568 0.873619
vt 0.481882 0.879479
vt 0.481816 0.879439
vt 0.481747 0.879380
vt 0.466893 0.863552
vt 0.466961 0.863587
vt 0.467031 0.863639
vt 0.486803 0.903246
vt 0.484917 0.903139
vt 0.494755 0.749653
vt 0.494485 0.749304
vt 0.494761 0.749651
vt 0.486752 0.723803
vt 0.488542 0.723897
vt 0.513588 0.708616
vt 0.514043 0.708587
vt 0.559090 0.770070
vt 0.559037 0.770078
vt 0.558989 0.770101
vt 0.540298 0.846678
vt 0.540219 0.846607
vt 0.540253 0.846648
vt 0.680513 0.739255
vt 0.668647 0.788533
vt 0.494416 0.794060
vt 0.680526 0.739258
vt 0.494313 0.794032
vt 0.616642 0.824944
vt 0.616663 0.824894
vt 0.616668 0.824840
vt 0.643711 0.704529
vt 0.692347 0.689928
vt 0.628272 0.754595
vt 0.643708 0.704516
vt 0.628350 0.754519
vt 0.631818 0.753860
vt 0.595050 0.719184
vt 0.593958 0.894372
vt 0.593924 0.894269
vt 0.631810 0.753869
vt 0.568837 0.772385
vt 0.562307 0.730497
vt 0.568797 0.772381
vt 0.562225 0.730290
vt 0.568757 0.772373
vt 0.562153 0.730189
vt 0.656666 0.819349
vt 0.613478 0.814903
vt 0.613467 0.814863
vt 0.613460 0.814824
vt 0.562154 0.730164
vt 0.621454 0.761382
vt 0.621406 0.761431
vt 0.621360 0.761478
vt 0.656688 0.819345
vt 0.549861 0.848382
vt 0.549828 0.848363
vt 0.549790 0.848350
vt 0.609264 0.832220
vt 0.609288 0.832188
vt 0.650002 0.848760
vt 0.609317 0.832157
vt 0.650129 0.848751
vt 0.650149 0.848765
vt 0.590637 0.884440
vt 0.590612 0.884376
vt 0.590587 0.884314
vt 0.524417 0.883703
vt 0.524524 0.883643
vt 0.534257 0.738857
vt 0.552341 0.777370
vt 0.552311 0.777398
vt 0.552279 0.777420
vt 0.537372 0.837075
vt 0.537359 0.837034
vt 0.537342 0.836997
vt 0.504415 0.865416
vt 0.504400 0.865424
vt 0.503490 0.796414
vt 0.503558 0.796420
vt 0.503626 0.796420
vt 0.570711 0.772025
vt 0.570672 0.772018
vt 0.570633 0.772015
vt 0.573245 0.772244
vt 0.613744 0.812981
vt 0.613740 0.812943
vt 0.613731 0.812903
vt 0.613334 0.810421
vt 0.619711 0.763226
vt 0.619667 0.763274
vt 0.619621 0.763321
vt 0.617614 0.765484
vt 0.553609 0.851244
vt 0.551244 0.849965
vt 0.551209 0.849950
vt 0.551178 0.849931
vt 0.608595 0.834047
vt 0.608622 0.834017
vt 0.608645 0.833984
vt 0.607035 0.836155
vt 0.589622 0.881832
vt 0.589598 0.881771
vt 0.589577 0.881709
vt 0.589221 0.878271
vt 0.550617 0.777910
vt 0.550585 0.777931
vt 0.550556 0.777956
vt 0.548411 0.779499
vt 0.536398 0.835777
vt 0.536382 0.835741
vt 0.536367 0.835703
vt 0.535720 0.833532
vt 0.505519 0.796392
vt 0.505586 0.796392
vt 0.505653 0.796398
vt 0.508018 0.797513
vt 0.578977 0.805997
vt 0.579003 0.806022
vt 0.579029 0.806047
vt 0.654504 0.818013
vt 0.654483 0.818048
vt 0.654462 0.818083
vt 0.527196 0.882285
vt 0.527247 0.882354
vt 0.527226 0.882317
vt 0.647471 0.848775
vt 0.647478 0.848884
vt 0.645675 0.848991
vt 0.647475 0.848840
vt 0.647480 0.848926
vt 0.561784 0.811057
vt 0.561793 0.811022
vt 0.561802 0.810987
vt 0.534111 0.742833
vt 0.534250 0.741258
vt 0.534166 0.741265
vt 0.534208 0.741264
vt 0.563531 0.732280
vt 0.563563 0.732258
vt 0.563595 0.732236
vt 0.574600 0.823572
vt 0.574565 0.823582
vt 0.574530 0.823591
vt 0.505203 0.863512
vt 0.505233 0.863551
vt 0.505268 0.863575
vt 0.495591 0.726807
vt 0.496566 0.724643
vt 0.495582 0.726802
vt 0.496557 0.724638
vt 0.495572 0.726798
vt 0.496547 0.724633
vt 0.429310 0.809239
vt 0.429220 0.818478
vt 0.494743 0.728967
vt 0.494734 0.728962
vt 0.494724 0.728958
vt 0.429678 0.800209
vt 0.499978 0.726383
vt 0.449208 0.827512
vt 0.448915 0.817997
vt 0.448960 0.817998
vt 0.449163 0.827515
vt 0.448871 0.817997
vt 0.501083 0.724244
vt 0.449799 0.836964
vt 0.449755 0.836971
vt 0.449119 0.827518
vt 0.498852 0.720487
vt 0.497658 0.722530
vt 0.498843 0.720482
vt 0.497648 0.722525
vt 0.498834 0.720477
vt 0.429958 0.836953
vt 0.497639 0.722520
vt 0.429444 0.827736
vt 0.498990 0.728574
vt 0.498130 0.730761
vt 0.449385 0.799229
vt 0.448984 0.808496
vt 0.449341 0.799222
vt 0.448940 0.808494
vt 0.449296 0.799217
vt 0.449029 0.808501
vt 0.497401 0.732895
vt 0.496798 0.734993
vt 0.450852 0.781757
vt 0.449949 0.790337
vt 0.450808 0.781742
vt 0.449906 0.790330
vt 0.450765 0.781734
vt 0.449993 0.790347
vt 0.494029 0.731075
vt 0.494020 0.731071
vt 0.494010 0.731067
vt 0.430291 0.791556
vt 0.493442 0.733150
vt 0.493433 0.733145
vt 0.493423 0.733142
vt 0.431166 0.783184
vt 0.492971 0.735228
vt 0.492961 0.735223
vt 0.492951 0.735220
vt 0.432344 0.774925
vt 0.492604 0.737358
vt 0.492595 0.737351
vt 0.492584 0.737348
vt 0.433888 0.766584
vt 0.496296 0.737212
vt 0.495799 0.740174
vt 0.453910 0.761081
vt 0.451992 0.772814
vt 0.453871 0.761048
vt 0.451949 0.772802
vt 0.453830 0.761026
vt 0.452033 0.772833
vt 0.493294 0.745490
vt 0.493288 0.745522
vt 0.493281 0.745548
vt 0.492329 0.739573
vt 0.492319 0.739562
vt 0.492309 0.739557
vt 0.435829 0.758023
vt 0.437984 0.749505
vt 0.495191 0.744362
vt 0.456648 0.744456
vt 0.456610 0.744409
vt 0.456683 0.744519
vt 0.502292 0.722175
vt 0.450864 0.846949
vt 0.450821 0.846963
vt 0.449711 0.836977
vt 0.503706 0.720065
vt 0.452997 0.860620
vt 0.452958 0.860649
vt 0.450778 0.846973
vt 0.501586 0.716544
vt 0.500147 0.718510
vt 0.501575 0.716542
vt 0.500138 0.718505
vt 0.501565 0.716537
vt 0.431855 0.855710
vt 0.500129 0.718500
vt 0.430743 0.846172
vt 0.508898 0.710689
vt 0.508914 0.710666
vt 0.508922 0.710648
vt 0.504842 0.712660
vt 0.504838 0.712650
vt 0.504834 0.712640
vt 0.444517 0.891203
vt 0.505884 0.717319
vt 0.456368 0.880328
vt 0.456334 0.880385
vt 0.452917 0.860668
vt 0.456297 0.880422
vt 0.509186 0.713404
vt 0.503198 0.714556
vt 0.503183 0.714558
vt 0.435533 0.876075
vt 0.503171 0.714557
vt 0.433397 0.865817
vt 0.433015 0.818414
vt 0.433108 0.809199
vt 0.433078 0.818413
vt 0.433171 0.809196
vt 0.433142 0.818411
vt 0.433235 0.809193
vt 0.433476 0.800193
vt 0.433540 0.800190
vt 0.433603 0.800186
vt 0.445354 0.827627
vt 0.445103 0.818062
vt 0.445291 0.827628
vt 0.445039 0.818064
vt 0.445226 0.827629
vt 0.444975 0.818066
vt 0.445948 0.837146
vt 0.445884 0.837146
vt 0.445820 0.837146
vt 0.433243 0.827650
vt 0.433766 0.836847
vt 0.433307 0.827649
vt 0.433830 0.836847
vt 0.433371 0.827648
vt 0.433894 0.836848
vt 0.445535 0.799207
vt 0.445176 0.808522
vt 0.445471 0.799210
vt 0.445112 0.808524
vt 0.445407 0.799214
vt 0.445048 0.808527
vt 0.446998 0.781647
vt 0.446142 0.790281
vt 0.446934 0.781652
vt 0.446078 0.790285
vt 0.446869 0.781660
vt 0.446013 0.790291
vt 0.434090 0.791567
vt 0.434154 0.791564
vt 0.434218 0.791558
vt 0.434968 0.783234
vt 0.435032 0.783229
vt 0.435096 0.783222
vt 0.436122 0.774991
vt 0.436186 0.774985
vt 0.436250 0.774975
vt 0.437479 0.766454
vt 0.437545 0.766436
vt 0.437611 0.766413
vt 0.450397 0.760718
vt 0.448227 0.772665
vt 0.450332 0.760732
vt 0.448163 0.772672
vt 0.450267 0.760754
vt 0.448099 0.772682
vt 0.491766 0.742488
vt 0.449070 0.735819
vt 0.449066 0.735910
vt 0.492870 0.746040
vt 0.449051 0.735762
vt 0.438966 0.757316
vt 0.439036 0.757273
vt 0.439107 0.757218
vt 0.453822 0.743711
vt 0.453757 0.743737
vt 0.453688 0.743783
vt 0.447022 0.847212
vt 0.446958 0.847210
vt 0.446894 0.847205
vt 0.449236 0.860940
vt 0.449172 0.860927
vt 0.449107 0.860906
vt 0.434569 0.846044
vt 0.435705 0.855539
vt 0.434633 0.846047
vt 0.435771 0.855551
vt 0.434698 0.846051
vt 0.435837 0.855571
vt 0.447381 0.889611
vt 0.447389 0.889527
vt 0.447380 0.889413
vt 0.439172 0.875494
vt 0.439230 0.875479
vt 0.439286 0.875459
vt 0.452664 0.880594
vt 0.452599 0.880558
vt 0.452531 0.880502
vt 0.437263 0.865551
vt 0.437332 0.865584
vt 0.437404 0.865634
vt 0.457789 0.903865
vt 0.455964 0.903120
vt 0.512565 0.707904
vt 0.512555 0.707910
vt 0.512856 0.708265
vt 0.459676 0.724963
vt 0.494246 0.749464
vt 0.458772 0.724352
vt 0.494013 0.749589
vt 0.494243 0.749459
vt 0.439255 0.748747
vt 0.439282 0.748652
vt 0.439311 0.748557
vt 0.491772 0.742467
vt 0.438116 0.749242
vt 0.491933 0.742150
vt 0.520243 0.734898
vt 0.519278 0.737071
vt 0.520252 0.734903
vt 0.519287 0.737076
vt 0.501243 0.935787
vt 0.494014 0.935374
vt 0.501244 0.935754
vt 0.521069 0.732726
vt 0.521079 0.732730
vt 0.494011 0.935406
vt 0.486961 0.934795
vt 0.515872 0.735345
vt 0.509028 0.920402
vt 0.501542 0.920296
vt 0.501543 0.920261
vt 0.509029 0.920437
vt 0.501540 0.920331
vt 0.514774 0.737469
vt 0.516475 0.920288
vt 0.516479 0.920323
vt 0.509030 0.920472
vt 0.516978 0.741229
vt 0.518185 0.739188
vt 0.516987 0.741234
vt 0.508499 0.935933
vt 0.515724 0.935832
vt 0.515726 0.935864
vt 0.518194 0.739192
vt 0.508499 0.935901
vt 0.516839 0.733164
vt 0.517668 0.730982
vt 0.486807 0.919313
vt 0.494078 0.919923
vt 0.486800 0.919348
vt 0.494074 0.919958
vt 0.486795 0.919382
vt 0.494082 0.919888
vt 0.518356 0.728852
vt 0.518908 0.726755
vt 0.473123 0.917629
vt 0.479836 0.918597
vt 0.473110 0.917662
vt 0.479829 0.918632
vt 0.473102 0.917696
vt 0.479845 0.918563
vt 0.521753 0.730603
vt 0.521762 0.730608
vt 0.486957 0.934827
vt 0.480212 0.934050
vt 0.522299 0.728513
vt 0.522309 0.728518
vt 0.480206 0.934082
vt 0.473688 0.933132
vt 0.522717 0.726420
vt 0.522727 0.726424
vt 0.473681 0.933163
vt 0.467252 0.932013
vt 0.523018 0.724277
vt 0.523028 0.724284
vt 0.467243 0.932045
vt 0.460745 0.930652
vt 0.519345 0.724538
vt 0.519740 0.721580
vt 0.457061 0.914583
vt 0.466146 0.916457
vt 0.457036 0.914612
vt 0.466135 0.916490
vt 0.457019 0.914644
vt 0.466162 0.916424
vt 0.523351 0.719860
vt 0.522027 0.716195
vt 0.523361 0.719855
vt 0.522032 0.716168
vt 0.523371 0.719848
vt 0.437238 0.920621
vt 0.447303 0.927000
vt 0.522039 0.716148
vt 0.427344 0.914203
vt 0.523216 0.722055
vt 0.523225 0.722068
vt 0.460729 0.930682
vt 0.454061 0.928994
vt 0.454031 0.929020
vt 0.520183 0.717391
vt 0.444346 0.912013
vt 0.444318 0.912041
vt 0.444390 0.911987
vt 0.513560 0.739517
vt 0.524357 0.919840
vt 0.524367 0.919874
vt 0.516481 0.920357
vt 0.512129 0.741598
vt 0.535178 0.918716
vt 0.535199 0.918748
vt 0.524373 0.919908
vt 0.514188 0.745149
vt 0.515660 0.743198
vt 0.514200 0.745151
vt 0.522960 0.935596
vt 0.530440 0.935075
vt 0.530451 0.935106
vt 0.515670 0.743202
vt 0.522956 0.935564
vt 0.506584 0.750802
vt 0.506567 0.750823
vt 0.506557 0.750841
vt 0.510828 0.749064
vt 0.510832 0.749074
vt 0.510834 0.749085
vt 0.558997 0.926756
vt 0.509900 0.744293
vt 0.550768 0.916865
vt 0.550811 0.916894
vt 0.535213 0.918780
vt 0.550839 0.916925
vt 0.506442 0.748085
vt 0.512536 0.747128
vt 0.538407 0.934329
vt 0.546570 0.933141
vt 0.546563 0.933176
vt 0.512551 0.747125
vt 0.538381 0.934298
vt 0.501324 0.932781
vt 0.494108 0.932400
vt 0.501325 0.932731
vt 0.494108 0.932350
vt 0.501326 0.932681
vt 0.494108 0.932300
vt 0.487068 0.931821
vt 0.487067 0.931771
vt 0.487066 0.931721
vt 0.508980 0.923432
vt 0.501462 0.923292
vt 0.508978 0.923482
vt 0.501461 0.923342
vt 0.508976 0.923532
vt 0.501460 0.923392
vt 0.516471 0.923318
vt 0.516469 0.923368
vt 0.516466 0.923419
vt 0.508565 0.932924
vt 0.515781 0.932850
vt 0.508566 0.932875
vt 0.515784 0.932800
vt 0.508569 0.932825
vt 0.515787 0.932750
vt 0.486669 0.922337
vt 0.493973 0.922916
vt 0.486670 0.922387
vt 0.493973 0.922966
vt 0.486671 0.922438
vt 0.493973 0.923017
vt 0.472919 0.920652
vt 0.479677 0.921587
vt 0.472921 0.920702
vt 0.479678 0.921637
vt 0.472924 0.920753
vt 0.479680 0.921688
vt 0.480332 0.931078
vt 0.480331 0.931028
vt 0.480328 0.930977
vt 0.473826 0.930155
vt 0.473824 0.930105
vt 0.473821 0.930054
vt 0.467416 0.929029
vt 0.467413 0.928978
vt 0.467406 0.928927
vt 0.460947 0.927655
vt 0.460937 0.927603
vt 0.460921 0.927549
vt 0.456813 0.917534
vt 0.465925 0.919430
vt 0.456824 0.917585
vt 0.465929 0.919480
vt 0.456841 0.917637
vt 0.465935 0.919531
vt 0.438579 0.918357
vt 0.447787 0.924128
vt 0.438648 0.918354
vt 0.447802 0.924084
vt 0.438743 0.918366
vt 0.447822 0.924042
vt 0.454324 0.925986
vt 0.454298 0.925929
vt 0.454259 0.925870
vt 0.444175 0.914883
vt 0.444203 0.914936
vt 0.444245 0.914991
vt 0.524411 0.922866
vt 0.524407 0.922916
vt 0.524401 0.922966
vt 0.535275 0.921677
vt 0.535262 0.921727
vt 0.535243 0.921777
vt 0.523003 0.932570
vt 0.530463 0.932060
vt 0.523007 0.932520
vt 0.530476 0.932009
vt 0.523013 0.932470
vt 0.530494 0.931958
vt 0.557876 0.924370
vt 0.557810 0.924360
vt 0.557720 0.924362
vt 0.546285 0.930231
vt 0.546276 0.930184
vt 0.546263 0.930139
vt 0.550843 0.919760
vt 0.550811 0.919810
vt 0.550764 0.919861
vt 0.538355 0.931265
vt 0.538383 0.931212
vt 0.538426 0.931158
vt 0.569234 0.916602
vt 0.568942 0.918224
vt 0.502773 0.753346
vt 0.502508 0.752973
vt 0.502264 0.752603
vt 0.502513 0.752972
vt 0.429473 0.910727
vt 0.429545 0.909325
vt 0.521120 0.712240
vt 0.428342 0.913215
vt 0.427308 0.914130
vt 0.427284 0.914107
vt 0.429445 0.912301
vt 0.650058 0.848759
vt 0.562195 0.730243
vt 0.656613 0.819310
vt 0.504481 0.865241
vt 0.504448 0.865319
vt 0.508750 0.710244
vt 0.506856 0.751650
vt 0.484792 0.723874
vt 0.578267 0.806805
vt 0.656524 0.819261
vt 0.574268 0.822545
vt 0.513144 0.708622
vt 0.467093 0.747804
vt 0.498985 0.748031
vt 0.457621 0.723864
vt 0.447308 0.927036
s 1
usemtl Holocron_Corners.001
f 1258/1/1 1/2/2 201/3/3
f 1209/4/4 20/5/5 105/6/6
f 88/7/2 226/8/7 3/9/2
f 215/10/8 113/11/9 1219/12/10
f 4/13/2 1223/14/11 205/15/12
f 200/16/13 105/6/6 16/17/14
f 211/18/15 101/19/16 14/20/17
f 225/21/18 108/22/19 1214/23/20
f 3/9/2 1198/24/21 221/25/22
f 1213/26/23 4/13/2 87/27/2
f 1219/12/10 22/28/24 230/29/25
f 1229/30/26 19/31/27 236/32/28
f 1224/33/29 26/34/30 206/35/31
f 230/29/25 107/36/32 1234/37/33
f 1234/37/33 23/38/34 240/39/35
f 1244/40/36 18/41/37 246/42/38
f 89/43/2 235/44/39 1223/14/11
f 240/39/35 114/45/40 1249/46/41
f 1249/46/41 1361/47/42 252/48/43
f 268/49/44 112/50/45 1244/40/36
f 90/51/2 245/52/46 1228/53/47
f 1259/54/48 16/17/14 103/55/49
f 273/56/50 103/55/49 17/57/51
f 279/58/52 109/59/53 13/60/54
f 1/2/2 1203/61/55 88/7/2
f 1274/62/56 17/57/51 111/63/57
f 284/64/58 111/63/57 21/65/59
f 1269/66/60 1358/67/61 109/59/53
f 6/68/2 1253/69/62 92/70/2
f 105/6/6 327/71/63 1288/72/64
f 10/73/65 1304/74/66 96/75/65
f 24/76/67 1298/77/68 113/11/9
f 336/78/69 97/79/65 1314/80/70
f 103/55/49 307/81/71 1338/82/72
f 15/83/73 1283/84/74 332/85/75
f 15/83/73 1293/86/76 108/22/19
f 102/87/77 316/88/78 1283/84/74
f 115/89/79 327/71/63 20/5/5
f 116/90/80 311/91/81 26/34/30
f 19/31/27 1303/92/82 116/90/80
f 22/28/24 1313/93/83 107/36/32
f 1299/94/84 8/95/65 336/78/69
f 104/96/85 341/97/86 19/31/27
f 18/41/37 1308/98/87 104/96/85
f 23/38/34 1328/99/88 114/45/40
f 1314/80/70 11/100/89 346/101/90
f 112/50/45 351/102/91 18/41/37
f 25/103/92 1323/104/93 112/50/45
f 114/45/40 357/105/94 1361/47/42
f 306/106/95 95/107/65 7/108/65
f 14/20/17 1333/109/96 316/88/78
f 101/19/16 383/110/97 1333/109/96
f 111/63/57 379/111/98 1353/112/99
f 99/113/65 378/114/100 1339/115/101
f 13/60/54 1348/116/102 383/110/97
f 109/59/53 395/117/103 1348/116/102
f 21/65/59 1353/112/99 388/118/104
f 1204/119/105 14/20/17 102/87/77
f 1264/120/106 21/65/59 106/121/107
f 106/121/107 388/118/104 1343/122/108
f 7/108/65 1284/123/109 317/124/110
f 226/8/7 87/27/2 3/9/2
f 1214/23/20 24/76/67 215/10/8
f 108/22/19 322/125/111 24/76/67
f 95/107/65 331/126/112 1284/123/109
f 93/127/2 278/128/113 6/68/2
f 201/3/3 88/7/2 1208/129/114
f 16/17/14 1288/72/64 307/81/71
f 384/130/115 100/131/65 12/132/65
f 236/32/28 116/90/80 1224/33/29
f 1239/133/116 1362/134/117 110/135/118
f 110/135/118 356/136/119 1318/137/120
f 96/75/65 342/138/121 8/95/65
f 206/35/31 115/89/79 1199/139/122
f 225/21/18 102/87/77 15/83/73
f 1289/140/123 9/141/65 95/107/65
f 26/34/30 1278/142/124 115/89/79
f 1263/143/125 1268/144/126 93/127/2
f 283/145/127 93/127/2 1273/146/128
f 100/131/65 389/147/129 1354/148/130
f 1349/149/131 1344/150/132 100/131/65
f 5/151/133 1243/152/134 245/52/46
f 1218/153/135 2/154/2 89/43/2
f 113/11/9 337/155/136 22/28/24
f 11/100/89 1324/156/137 98/157/138
f 216/158/139 89/43/2 4/13/2
f 231/159/140 90/51/2 2/154/2
f 94/160/65 331/126/112 9/141/65
f 10/73/65 1294/161/141 94/160/65
f 1254/162/142 13/60/54 101/19/16
f 7/108/65 1339/115/101 306/106/95
f 410/163/143 136/164/144 1482/165/145
f 1334/166/146 12/132/65 99/113/65
f 91/167/147 269/168/148 1243/152/134
f 1248/169/149 1238/170/150 91/167/147
f 1329/171/151 1319/172/152 358/173/153
f 98/157/138 373/174/154 1319/172/152
f 1264/175/106 1359/176/155 288/177/156
f 274/178/157 92/70/2 1258/1/1
f 17/57/51 1338/82/72 379/111/98
f 106/179/107 393/180/158 1359/176/155
f 246/42/38 104/96/85 1229/30/26
f 1273/146/128 6/68/2 274/178/157
f 12/132/65 1354/148/130 378/114/100
f 97/79/65 352/181/159 11/100/89
f 2/154/2 1228/53/47 235/44/39
f 1199/139/122 20/5/5 220/182/160
f 321/183/161 96/75/65 1299/94/84
f 8/95/65 1309/184/162 97/79/65
f 1239/185/116 25/103/92 268/49/44
f 1233/186/163 5/151/133 90/51/2
f 107/36/32 347/187/164 23/38/34
f 110/188/118 374/189/165 25/103/92
f 1208/129/114 3/9/2 221/25/22
f 87/27/2 205/15/12 1198/24/21
f 312/190/166 94/160/65 1279/191/167
f 1279/191/167 9/141/65 326/192/168
f 92/70/2 210/193/169 1/2/2
f 241/194/170 91/167/147 5/151/133
f 346/101/90 98/157/138 1329/171/151
f 317/124/110 99/113/65 7/108/65
f 457/195/171 129/196/172 34/197/173
f 1428/198/174 1516/199/175 135/200/176
f 135/200/176 731/201/177 1472/202/178
f 715/203/179 130/204/180 1468/205/181
f 481/206/182 126/207/183 1417/208/184
f 436/209/185 136/164/144 1392/210/186
f 137/211/187 678/212/188 1458/213/189
f 1468/205/181 1478/214/190 697/215/191
f 447/216/192 123/217/193 29/218/194
f 424/219/195 134/220/196 1491/221/197
f 1443/222/198 1448/223/199 625/224/200
f 134/220/196 641/225/201 1453/226/202
f 27/227/203 1384/228/204 123/217/193
f 31/229/205 1388/230/206 570/231/207
f 32/232/208 1388/230/206 126/207/183
f 438/233/209 133/234/210 1507/235/211
f 1398/236/212 1483/237/213 119/238/214
f 33/239/215 1370/240/216 128/241/217
f 34/197/173 1375/242/218 533/243/219
f 412/244/220 121/245/203 1393/246/221
f 1403/247/222 1487/248/223 133/234/210
f 1383/249/224 1387/250/225 516/251/226
f 30/252/227 1369/253/228 552/254/229
f 457/195/171 127/255/230 1422/256/231
f 447/216/192 122/257/232 1397/258/233
f 27/227/203 1364/259/234 535/260/235
f 34/197/173 1365/261/236 127/255/230
f 1412/262/237 1510/263/238 467/264/239
f 425/265/240 118/266/241 1418/267/242
f 35/268/243 1375/242/218 129/196/172
f 35/268/243 1370/240/216 572/269/244
f 1418/267/242 1496/270/245 482/271/246
f 480/272/247 137/211/187 1412/262/237
f 28/273/203 1379/274/248 551/275/249
f 29/218/194 1379/274/248 122/257/232
f 426/276/250 124/277/251 1408/278/252
f 490/279/253 127/255/230 33/239/215
f 29/218/194 1384/228/204 515/280/254
f 1506/281/255 1438/282/256 136/164/144
f 491/283/257 135/200/176 1498/284/258
f 456/285/259 138/286/260 1433/287/261
f 1374/288/262 1383/249/224 534/289/263
f 28/273/203 1364/259/234 121/245/203
f 1433/287/261 1515/290/264 506/291/265
f 1423/292/266 1499/293/267 117/294/268
f 30/252/227 1378/295/269 125/296/270
f 31/229/205 1369/253/228 124/277/251
f 1407/297/271 1511/298/272 134/220/196
f 32/232/208 1378/295/269 517/299/273
f 571/300/274 120/301/275 1374/288/262
f 33/239/215 1365/261/236 553/302/276
f 1498/284/258 1472/202/178 714/303/277
f 138/286/260 732/304/278 1515/290/264
f 1503/305/279 1477/306/280 138/286/260
f 119/238/214 608/307/281 1442/308/282
f 133/234/210 590/309/283 1507/235/211
f 1487/248/223 1447/310/284 133/234/210
f 1492/311/285 1462/312/286 118/266/241
f 137/211/187 642/313/287 1510/263/238
f 118/266/241 679/314/288 1496/270/245
f 437/315/289 123/217/193 1402/316/290
f 445/317/291 119/238/214 1488/318/292
f 1488/318/292 1442/308/282 624/319/293
f 136/164/144 606/320/294 1482/165/145
f 426/276/250 126/207/183 31/229/205
f 466/321/295 124/277/251 30/252/227
f 643/322/296 132/323/297 1452/324/298
f 1452/324/298 1463/325/299 660/326/300
f 490/279/253 128/241/217 1427/327/301
f 505/328/302 128/241/217 35/268/243
f 1478/214/190 1473/329/303 733/330/304
f 117/294/268 713/331/305 1467/332/306
f 412/244/220 122/257/232 28/273/203
f 437/315/289 121/245/203 27/227/203
f 1448/223/199 1437/333/307 591/334/308
f 607/335/309 131/336/310 1443/222/198
f 466/321/295 125/296/270 1413/337/311
f 481/206/182 125/296/270 32/232/208
f 1463/325/299 1457/338/312 680/339/313
f 1491/221/197 1453/226/202 659/340/314
f 505/328/302 129/196/172 1432/341/315
f 455/342/316 117/294/268 1504/343/317
f 1504/343/317 1467/332/306 696/344/318
f 1579/345/319 36/346/320 751/347/321
f 1530/348/322 55/349/323 157/350/324
f 140/351/320 776/352/325 38/353/320
f 765/354/326 165/355/327 1540/356/328
f 39/357/320 1544/358/329 755/359/330
f 750/360/331 157/350/324 51/361/332
f 761/362/333 153/363/334 49/364/335
f 775/365/336 160/366/337 1535/367/338
f 38/353/320 1519/368/339 771/369/340
f 1534/370/341 39/357/320 139/371/320
f 1540/356/328 57/372/342 780/373/343
f 1550/374/344 54/375/345 786/376/346
f 1545/377/347 60/378/348 756/379/349
f 780/373/343 159/380/350 1555/381/351
f 1555/381/351 58/382/352 790/383/353
f 1565/384/354 53/385/355 796/386/356
f 141/387/320 785/388/357 1544/358/329
f 790/383/353 166/389/358 1570/390/359
f 802/391/360 166/389/358 1682/392/361
f 819/393/362 164/394/363 1565/384/354
f 142/395/320 795/396/364 1549/397/365
f 1580/398/366 51/361/332 155/399/367
f 837/400/368 155/399/367 52/401/369
f 843/402/370 161/403/371 48/404/372
f 36/346/320 1524/405/373 140/351/320
f 1595/406/374 52/401/369 163/407/375
f 848/408/376 163/407/375 56/409/377
f 1590/410/378 1679/411/379 161/403/371
f 41/412/320 1574/413/380 144/414/320
f 157/350/324 890/415/381 1609/416/382
f 45/417/383 1625/418/384 148/419/383
f 59/420/385 1619/421/386 165/355/327
f 899/422/387 149/423/388 1635/424/389
f 155/399/367 870/425/390 1659/426/391
f 50/427/392 1604/428/393 895/429/394
f 50/427/392 1614/430/395 160/366/337
f 154/431/396 879/432/397 1604/428/393
f 167/433/398 890/415/381 55/349/323
f 168/434/399 874/435/400 60/378/348
f 54/375/345 1624/436/401 168/434/399
f 57/372/342 1634/437/402 159/380/350
f 1620/438/403 43/439/404 899/422/387
f 156/440/405 904/441/406 54/375/345
f 53/385/355 1629/442/407 156/440/405
f 58/382/352 1649/443/408 166/389/358
f 1635/424/389 46/444/409 909/445/410
f 164/394/363 914/446/411 53/385/355
f 1686/447/412 1644/448/413 164/394/363
f 1682/392/361 1649/443/408 920/449/414
f 869/450/415 147/451/383 42/452/383
f 49/364/335 1654/453/416 879/432/397
f 153/363/334 961/454/417 1654/453/416
f 163/407/375 957/455/418 1674/456/419
f 151/457/383 956/458/420 1660/459/421
f 48/404/372 1669/460/422 961/454/417
f 161/403/371 973/461/423 1669/460/422
f 56/409/377 1674/456/419 966/462/424
f 1525/463/425 49/364/335 154/431/396
f 1585/464/426 56/409/377 158/465/427
f 158/465/427 966/462/424 1664/466/428
f 42/452/383 1605/467/429 880/468/430
f 776/352/325 139/371/320 38/353/320
f 1535/367/338 59/420/385 765/354/326
f 160/366/337 885/469/431 59/420/385
f 147/451/383 894/470/432 1605/467/429
f 145/471/320 842/472/433 41/412/320
f 751/347/321 140/351/320 1529/473/434
f 51/361/332 1609/416/382 870/425/390
f 962/474/435 152/475/383 47/476/383
f 786/376/346 168/434/399 1545/377/347
f 800/477/436 162/478/437 1560/479/438
f 1683/480/439 1639/481/440 162/478/437
f 148/419/383 905/482/441 43/439/404
f 756/379/349 167/433/398 1520/483/442
f 775/365/336 154/431/396 50/427/392
f 1610/484/443 44/485/383 147/451/383
f 60/378/348 1599/486/444 167/433/398
f 1584/487/445 1589/488/446 145/471/320
f 847/489/447 145/471/320 1594/490/448
f 152/475/383 967/491/449 1675/492/450
f 1670/493/451 1665/494/452 152/475/383
f 40/495/320 1564/496/453 795/396/364
f 1539/497/454 37/498/320 141/387/320
f 165/355/327 900/499/455 57/372/342
f 46/444/409 1645/500/456 150/501/457
f 766/502/458 141/387/320 39/357/320
f 781/503/459 142/395/320 37/498/320
f 146/504/383 894/470/432 44/485/383
f 45/417/383 1615/505/460 146/504/383
f 1575/506/461 48/404/372 153/363/334
f 42/452/383 1660/459/421 869/450/415
f 1751/507/462 61/508/463 989/509/464
f 1655/510/465 47/476/383 151/457/383
f 143/511/466 820/512/467 1564/496/453
f 1569/513/468 1559/514/469 143/511/466
f 1650/515/470 1640/516/471 921/517/472
f 150/501/457 938/518/473 1640/516/471
f 1585/519/426 1680/520/474 852/521/475
f 838/522/476 144/414/320 1579/345/319
f 52/401/369 1659/426/391 957/455/418
f 158/465/427 971/523/477 1680/524/474
f 796/386/356 156/440/405 1550/374/344
f 1594/490/448 41/412/320 838/522/476
f 47/476/383 1675/492/450 956/458/420
f 149/423/388 915/525/478 46/444/409
f 37/498/320 1549/397/365 785/388/357
f 1520/483/442 55/349/323 770/526/479
f 884/527/480 148/419/383 1620/438/403
f 43/439/404 1630/528/481 149/423/388
f 1560/479/438 1687/529/482 818/530/483
f 1554/531/484 40/495/320 142/395/320
f 159/380/350 910/532/485 58/382/352
f 162/478/437 937/533/486 1687/529/482
f 1529/473/434 38/353/320 771/369/340
f 139/371/320 755/359/330 1519/368/339
f 875/534/487 146/504/383 1600/535/488
f 1600/535/488 44/485/383 889/536/489
f 144/414/320 760/537/490 36/346/320
f 791/538/491 143/511/466 40/495/320
f 909/445/410 150/501/457 1650/515/470
f 880/468/430 151/457/383 42/452/383
f 1702/539/492 80/540/493 187/541/494
f 170/542/463 1014/543/495 63/544/463
f 1003/545/496 195/546/497 1712/547/498
f 64/548/463 1716/549/499 993/550/500
f 988/551/501 187/541/494 76/552/502
f 999/553/503 183/554/504 74/555/505
f 1013/556/506 190/557/507 1707/558/508
f 63/544/463 1691/559/509 1009/560/510
f 1706/561/511 64/548/463 169/562/463
f 1712/547/498 82/563/512 1018/564/513
f 1722/565/514 79/566/515 1024/567/516
f 1717/568/517 86/569/518 994/570/519
f 1018/564/513 189/571/520 1727/572/521
f 1727/572/521 83/573/522 1028/574/523
f 1737/575/524 78/576/525 1034/577/526
f 171/578/463 1023/579/527 1716/549/499
f 1028/574/523 196/580/528 1742/581/529
f 1742/581/529 1854/582/530 1040/583/531
f 1056/584/532 194/585/533 1737/575/524
f 172/586/463 1033/587/534 1721/588/535
f 1752/589/536 76/552/502 185/590/537
f 1061/591/538 185/590/537 77/592/539
f 1067/593/540 191/594/541 73/595/542
f 61/508/463 1696/596/543 170/542/463
f 1767/597/544 77/592/539 193/598/545
f 1072/599/546 193/598/545 81/600/547
f 1762/601/548 1851/602/549 191/594/541
f 66/603/463 1746/604/550 174/605/463
f 187/541/494 1115/606/551 1781/607/552
f 70/608/553 1797/609/554 178/610/553
f 84/611/555 1791/612/556 195/546/497
f 1124/613/557 179/614/553 1807/615/558
f 185/590/537 1095/616/559 1831/617/560
f 75/618/561 1776/619/562 1120/620/563
f 75/618/561 1786/621/564 190/557/507
f 184/622/565 1104/623/566 1776/619/562
f 197/624/567 1115/606/551 80/540/493
f 198/625/568 1099/626/569 86/569/518
f 79/566/515 1796/627/570 198/625/568
f 82/563/512 1806/628/571 189/571/520
f 1792/629/572 68/630/553 1124/613/557
f 186/631/573 1129/632/574 79/566/515
f 78/576/525 1801/633/575 186/631/573
f 83/573/522 1821/634/576 196/580/528
f 1807/615/558 71/635/553 1134/636/577
f 194/585/533 1139/637/578 78/576/525
f 85/638/579 1816/639/580 194/585/533
f 196/580/528 1145/640/581 1854/582/530
f 1094/641/582 177/642/553 67/643/553
f 74/555/505 1826/644/583 1104/623/566
f 183/554/504 1171/645/584 1826/644/583
f 193/598/545 1167/646/585 1846/647/586
f 181/648/553 1166/649/587 1832/650/588
f 73/595/542 1841/651/589 1171/645/584
f 191/594/541 1183/652/590 1841/651/589
f 81/600/547 1846/647/586 1176/653/591
f 1697/654/592 74/555/505 184/622/565
f 1757/655/593 81/600/547 188/656/594
f 188/656/594 1176/653/591 1836/657/595
f 67/643/553 1777/658/596 1105/659/597
f 1014/543/495 169/562/463 63/544/463
f 1707/558/508 84/611/555 1003/545/496
f 190/557/507 1110/660/598 84/611/555
f 177/642/553 1119/661/599 1777/658/596
f 175/662/463 1066/663/600 66/603/463
f 989/509/464 170/542/463 1701/664/601
f 76/552/502 1781/607/552 1095/616/559
f 1172/665/602 182/666/553 72/667/553
f 1024/567/516 198/625/568 1717/568/517
f 1732/668/603 1855/669/604 192/670/605
f 192/670/605 1144/671/606 1811/672/607
f 178/610/553 1130/673/608 68/630/553
f 994/570/519 197/624/567 1692/674/609
f 1013/556/506 184/622/565 75/618/561
f 1782/675/610 69/676/553 177/642/553
f 86/569/518 1771/677/611 197/624/567
f 1756/678/612 1761/679/613 175/662/463
f 1071/680/614 175/662/463 1766/681/615
f 182/666/553 1177/682/616 1847/683/617
f 1842/684/618 1837/685/619 182/666/553
f 65/686/463 1736/687/620 1033/587/534
f 1711/688/621 62/689/463 171/578/463
f 195/546/497 1125/690/622 82/563/512
f 71/635/553 1817/691/623 180/692/624
f 1004/693/625 171/578/463 64/548/463
f 1019/694/626 172/586/463 62/689/463
f 176/695/553 1119/661/599 69/676/553
f 70/608/553 1787/696/627 176/695/553
f 1747/697/628 73/595/542 183/554/504
f 67/643/553 1832/650/588 1094/641/582
f 1827/698/629 72/667/553 181/648/553
f 173/699/630 1057/700/631 1736/687/620
f 1741/701/632 1731/702/633 173/699/630
f 1822/703/634 1812/704/635 1146/705/636
f 180/692/624 1161/706/637 1812/704/635
f 1757/707/593 1852/708/638 1076/709/639
f 1062/710/640 174/605/463 1751/507/462
f 77/592/539 1831/617/560 1167/646/585
f 188/711/594 1181/712/641 1852/708/638
f 1034/577/526 186/631/573 1722/565/514
f 1766/681/615 66/603/463 1062/710/640
f 72/667/553 1847/683/617 1166/649/587
f 179/614/553 1140/713/642 71/635/553
f 62/689/463 1721/588/535 1023/579/527
f 1692/674/609 80/540/493 1008/714/643
f 1109/715/644 178/610/553 1792/629/572
f 68/630/553 1802/716/645 179/614/553
f 1732/668/603 85/638/579 1056/584/532
f 1726/717/646 65/686/463 172/586/463
f 189/571/520 1135/718/647 83/573/522
f 192/670/605 1162/719/648 85/638/579
f 1701/664/601 63/544/463 1009/560/510
f 169/562/463 993/550/500 1691/559/509
f 1100/720/649 176/695/553 1772/721/650
f 1772/721/650 69/676/553 1114/722/651
f 174/605/463 998/723/652 61/508/463
f 1029/724/653 173/699/630 65/686/463
f 1134/636/577 180/692/624 1822/703/634
f 1105/659/597 181/648/553 67/643/553
f 250/725/654 256/726/655 255/727/656
f 253/728/657 257/729/658 256/726/655
f 255/727/656 267/730/659 264/731/660
f 256/726/655 258/732/661 267/730/659
f 259/733/662 261/734/663 251/735/664
f 260/736/665 262/737/666 259/733/662
f 262/738/666 254/739/667 261/740/663
f 263/741/668 257/742/658 262/737/666
f 252/48/43 266/743/669 265/744/670
f 264/745/671 267/746/672 266/743/669
f 265/744/670 263/741/673 260/736/674
f 266/743/669 258/747/675 263/741/673
f 288/177/156 293/748/676 292/749/677
f 291/750/678 294/751/679 293/748/676
f 292/749/677 305/752/680 302/753/681
f 293/748/676 295/754/682 305/752/680
f 289/755/683 299/756/684 298/757/685
f 296/758/686 300/759/687 299/756/684
f 298/757/685 299/756/684 294/760/688
f 299/756/684 295/761/689 294/760/688
f 301/762/690 303/763/691 290/764/692
f 302/753/681 304/765/693 301/762/690
f 304/766/693 297/767/694 303/768/691
f 305/752/680 300/769/695 304/765/693
f 356/770/119 361/771/696 360/772/697
f 359/773/698 362/774/699 361/775/696
f 360/772/697 372/776/700 369/777/701
f 361/771/696 363/778/702 372/776/700
f 357/105/94 366/779/703 359/780/704
f 364/781/705 367/782/706 366/779/703
f 359/780/704 366/779/703 362/783/707
f 366/779/703 363/778/708 362/783/709
f 368/784/710 370/785/711 358/173/153
f 369/777/701 371/786/712 368/784/710
f 371/786/712 365/787/713 370/785/711
f 372/776/714 367/782/706 371/786/712
f 393/180/158 398/788/715 406/789/716
f 396/790/717 399/791/718 398/792/715
f 406/793/716 398/792/715 409/794/719
f 398/792/715 400/795/720 409/794/721
f 401/796/722 403/797/723 394/798/724
f 402/799/725 404/800/726 401/796/722
f 404/800/726 397/801/727 403/797/723
f 405/802/728 399/791/729 404/800/726
f 395/117/103 408/803/730 407/804/731
f 406/805/732 409/794/733 408/803/730
f 407/804/731 405/802/728 402/799/725
f 408/803/730 400/795/734 405/802/728
f 413/806/735 415/807/736 410/163/143
f 413/806/735 414/808/737 416/809/738
f 415/807/736 416/809/738 423/810/739
f 417/811/740 419/812/741 411/813/742
f 418/814/743 420/815/744 417/811/745
f 420/815/744 414/808/737 419/812/741
f 420/815/744 423/816/739 416/817/738
f 421/818/746 423/819/739 422/820/747
f 422/820/747 418/814/743 421/821/746
f 424/219/748 427/822/749 429/823/750
f 427/822/749 428/824/751 429/825/750
f 429/825/752 435/826/752 433/827/752
f 430/828/753 431/829/754 425/265/755
f 430/828/756 435/826/757 429/830/758
f 431/829/754 429/831/750 428/824/751
f 433/827/759 434/832/760 432/833/761
f 436/209/185 440/834/762 439/835/763
f 440/834/764 1859/836/764 441/837/764
f 438/233/209 444/838/765 440/839/766
f 444/838/767 439/840/767 440/841/767
f 440/841/768 1859/842/768 443/843/769
f 448/844/770 449/845/771 445/317/291
f 448/844/772 452/846/773 453/847/774
f 449/845/771 450/848/775 1860/849/776
f 446/850/777 453/851/778 452/852/779
f 451/853/780 450/848/781 453/854/782
f 458/855/783 459/856/784 455/342/785
f 458/855/783 461/857/786 460/858/787
f 459/856/788 199/859/789 463/860/790
f 456/285/791 460/861/792 461/862/791
f 460/863/793 463/864/793 199/859/793
f 462/865/794 464/866/794 463/867/794
f 468/868/795 470/869/796 465/870/797
f 469/871/798 471/872/799 468/868/795
f 470/869/796 471/873/799 477/874/800
f 473/875/801 475/876/802 474/877/803
f 475/876/802 469/871/798 474/878/803
f 476/879/804 478/880/805 467/264/239
f 477/874/800 479/881/806 476/879/804
f 479/881/806 473/875/801 478/880/805
f 479/881/806 471/873/799 472/882/807
f 480/272/247 488/883/808 483/884/809
f 488/885/810 1861/886/811 484/887/812
f 483/884/813 488/888/813 487/889/814
f 482/271/246 487/890/815 488/891/816
f 488/892/817 1861/886/818 486/893/819
f 492/894/820 494/895/821 489/896/822
f 492/894/820 493/897/823 495/898/824
f 495/898/824 501/899/825 494/895/821
f 495/898/824 496/900/826 503/901/827
f 498/902/828 497/903/829 499/904/830
f 498/905/828 499/904/830 493/906/823
f 497/903/829 493/897/823 499/904/830
f 500/907/831 502/908/832 491/283/257
f 500/907/831 501/899/825 503/909/827
f 502/908/832 503/909/827 497/910/829
f 503/901/827 496/900/826 497/903/829
f 507/911/833 508/912/834 504/913/835
f 507/911/833 511/914/836 514/915/837
f 508/912/834 514/916/837 513/917/838
f 514/915/839 511/914/840 509/918/839
f 506/291/265 512/919/841 514/920/842
f 512/919/843 513/917/844 514/921/844
f 514/921/845 511/922/846 1858/923/845
f 518/924/847 520/925/848 515/280/254
f 519/926/849 521/927/850 518/924/847
f 521/927/850 529/928/851 520/925/848
f 521/927/850 522/929/852 532/930/853
f 516/251/226 526/931/854 525/932/855
f 523/933/856 527/934/857 526/931/854
f 525/932/855 522/935/858 519/936/859
f 526/937/860 532/938/861 522/929/862
f 528/939/863 530/940/864 517/299/273
f 529/928/851 531/941/865 528/939/863
f 531/941/865 524/942/866 530/940/864
f 531/941/865 532/938/867 527/943/868
f 536/944/869 538/945/870 533/243/219
f 537/946/871 539/947/872 536/944/869
f 539/947/872 548/948/873 538/945/870
f 539/947/872 540/949/874 541/950/875
f 534/289/263 545/951/876 544/952/877
f 542/953/878 546/954/879 545/951/876
f 544/952/877 540/955/880 537/956/881
f 545/957/876 541/958/882 540/949/880
f 547/959/883 549/960/884 535/260/235
f 548/948/873 550/961/885 547/959/883
f 550/961/885 543/962/886 549/960/884
f 550/961/885 541/958/875 546/963/887
f 554/964/888 556/965/889 551/275/249
f 555/966/890 557/967/891 554/964/888
f 557/967/891 566/968/892 556/965/889
f 557/967/891 559/969/893 569/970/894
f 552/254/229 563/971/895 562/972/896
f 561/973/897 563/971/895 560/974/898
f 563/971/895 555/966/890 562/972/896
f 563/971/895 559/969/893 558/975/899
f 565/976/900 567/977/901 553/302/276
f 566/968/892 568/978/902 565/976/900
f 568/978/902 561/973/897 567/977/901
f 568/978/902 559/969/893 564/979/903
f 573/980/904 575/981/905 570/231/207
f 574/982/906 576/983/907 573/980/904
f 576/983/907 585/984/908 575/981/905
f 577/985/909 588/986/910 576/983/907
f 571/300/274 582/987/911 581/988/912
f 579/989/913 583/990/914 582/987/911
f 581/988/912 577/991/915 574/992/916
f 582/993/911 578/994/917 577/985/915
f 584/995/918 586/996/919 572/269/244
f 585/984/908 587/997/920 584/995/918
f 587/997/920 580/998/921 586/996/919
f 588/986/922 583/999/923 587/997/920
f 589/1000/924 595/1001/925 594/1002/926
f 592/1003/927 593/1004/928 595/1001/927
f 594/1002/926 605/1005/929 602/1006/930
f 595/1007/925 596/1008/931 605/1005/929
f 590/309/283 600/1009/932 599/1010/933
f 597/1011/934 605/1012/935 600/1009/936
f 600/1009/936 593/1004/937 599/1010/938
f 600/1009/936 596/1008/939 595/1007/940
f 601/1013/941 603/1014/942 591/1015/308
f 602/1006/930 604/1016/943 601/1013/941
f 604/1016/944 598/1017/945 603/1014/942
f 609/1018/946 611/1019/947 606/320/294
f 610/1020/948 612/1021/949 609/1018/946
f 612/1021/949 620/1022/950 611/1019/947
f 612/1021/949 613/1023/951 623/1024/952
f 614/1025/953 616/1026/954 607/1027/309
f 615/1028/955 617/1029/956 614/1025/953
f 617/1029/956 610/1020/948 616/1026/954
f 617/1029/956 618/1030/957 613/1031/951
f 619/1032/958 621/1033/959 608/307/281
f 620/1022/950 622/1034/960 619/1032/958
f 622/1034/960 615/1028/955 621/1033/959
f 623/1024/952 618/1030/957 622/1034/960
f 624/319/293 630/1035/961 629/1036/962
f 627/1037/963 636/1038/964 630/1035/965
f 629/1036/966 630/1039/967 638/1040/966
f 630/1035/968 636/1038/968 631/1041/968
f 632/1042/969 634/1043/970 625/1044/200
f 633/1045/971 635/1046/972 632/1042/969
f 635/1046/973 628/1047/974 634/1043/970
f 626/1048/975 640/1049/976 639/1050/977
f 638/1040/978 640/1049/979 637/1051/980
f 639/1050/977 636/1052/981 633/1045/971
f 640/1049/979 631/1041/982 636/1052/983
f 644/1053/984 646/1054/985 641/225/201
f 645/1055/986 647/1056/987 644/1053/984
f 647/1056/987 655/1057/988 646/1054/985
f 647/1056/987 648/1058/989 658/1059/990
f 649/1060/991 651/1061/992 642/313/287
f 650/1062/993 652/1063/994 649/1060/991
f 652/1063/994 645/1055/986 651/1061/992
f 653/1064/995 648/1058/989 652/1063/994
f 654/1065/996 656/1066/997 643/1067/296
f 655/1057/988 657/1068/998 654/1065/996
f 657/1068/998 650/1062/993 656/1066/997
f 657/1068/998 658/1069/990 653/1064/995
f 659/340/314 665/1070/999 664/1071/1000
f 662/1072/1001 666/1073/1002 665/1070/999
f 664/1071/1000 677/1074/1003 674/1075/1004
f 665/1070/999 667/1076/1005 677/1074/1003
f 668/1077/1006 670/1078/1007 660/1079/300
f 669/1080/1008 671/1081/1009 668/1077/1006
f 671/1081/1009 663/1082/1010 670/1078/1007
f 672/1083/1011 666/1073/1002 671/1081/1009
f 661/1084/1012 676/1085/1013 675/1086/1014
f 673/1087/1015 677/1074/1016 676/1085/1013
f 675/1086/1014 672/1083/1017 669/1080/1008
f 676/1085/1013 667/1076/1018 672/1083/1017
f 678/212/188 683/1088/1019 682/1089/1020
f 681/1090/1021 684/1091/1022 683/1088/1019
f 682/1089/1020 695/1092/1023 692/1093/1024
f 683/1088/1019 685/1094/1025 695/1092/1023
f 679/314/288 689/1095/1026 688/1096/1027
f 686/1097/1028 690/1098/1029 689/1095/1026
f 688/1096/1027 689/1095/1026 684/1091/1030
f 689/1095/1026 685/1094/1025 684/1091/1030
f 691/1099/1031 693/1100/1032 680/1101/313
f 692/1093/1024 694/1102/1033 691/1099/1031
f 694/1102/1033 687/1103/1034 693/1100/1032
f 695/1092/1023 690/1098/1029 694/1102/1033
f 696/344/318 701/1104/1035 709/1105/1036
f 699/1106/1037 702/1107/1038 701/1104/1035
f 709/1105/1036 701/1104/1035 712/1108/1039
f 701/1104/1035 703/1109/1040 712/1108/1039
f 704/1110/1041 706/1111/1042 697/1112/191
f 705/1113/1043 707/1114/1044 704/1110/1041
f 707/1114/1044 700/1115/1045 706/1111/1042
f 708/1116/1046 702/1107/1038 707/1114/1044
f 698/1117/1047 711/1118/1048 710/1119/1049
f 709/1120/1050 712/1108/1051 711/1118/1048
f 710/1119/1049 708/1116/1052 705/1113/1043
f 711/1118/1048 703/1109/1053 708/1116/1052
f 716/1121/1054 718/1122/1055 713/331/305
f 717/1123/1056 719/1124/1057 716/1121/1054
f 719/1124/1057 727/1125/1058 718/1122/1055
f 719/1124/1057 720/1126/1059 730/1127/1060
f 721/1128/1061 723/1129/1062 714/303/277
f 722/1130/1063 724/1131/1064 721/1128/1061
f 724/1131/1064 717/1123/1056 723/1129/1062
f 725/1132/1065 720/1126/1059 724/1131/1064
f 726/1133/1066 728/1134/1067 715/1135/179
f 727/1125/1058 729/1136/1068 726/1133/1066
f 729/1136/1068 722/1130/1063 728/1134/1067
f 729/1136/1068 730/1137/1060 725/1132/1065
f 731/201/177 737/1138/1069 736/1139/1070
f 734/1140/1071 738/1141/1072 737/1138/1069
f 736/1139/1070 749/1142/1073 746/1143/1074
f 737/1138/1069 739/1144/1075 749/1142/1073
f 732/304/278 743/1145/1076 742/1146/1077
f 740/1147/1078 744/1148/1079 743/1145/1076
f 742/1146/1077 738/1141/1080 735/1149/1081
f 743/1145/1076 739/1144/1075 738/1141/1080
f 745/1150/1082 747/1151/1083 733/1152/304
f 746/1143/1074 748/1153/1084 745/1150/1082
f 748/1153/1084 741/1154/1085 747/1151/1083
f 749/1142/1073 744/1148/1079 748/1153/1084
f 800/477/436 806/1155/1086 805/1156/1087
f 803/1157/1088 807/1158/1089 806/1155/1086
f 805/1156/1090 817/1159/1091 814/1160/1092
f 806/1155/1086 808/1161/1093 817/1159/1091
f 809/1162/1094 811/1163/1095 801/1164/1096
f 810/1165/1097 812/1166/1098 809/1167/1094
f 812/1168/1098 804/1169/1099 811/1163/1095
f 813/1170/1100 807/1158/1089 812/1168/1098
f 802/391/360 816/1171/1101 815/1172/1102
f 814/1173/1103 817/1174/1104 816/1171/1101
f 815/1172/1102 813/1175/1105 810/1165/1097
f 816/1171/1101 808/1176/1106 813/1175/1105
f 821/1177/1107 823/1178/1108 818/530/483
f 822/1179/1109 824/1180/1110 821/1177/1107
f 824/1180/1110 833/1181/1111 823/1178/1108
f 825/1182/1112 836/1183/1113 824/1180/1110
f 819/393/362 830/1184/1114 829/1185/1115
f 827/1186/1116 831/1187/1117 830/1188/1114
f 829/1185/1115 825/1189/1112 822/1190/1109
f 830/1188/1114 826/1191/1118 825/1182/1112
f 820/512/467 835/1192/1119 834/1193/1120
f 832/1194/1121 836/1183/1113 835/1192/1119
f 834/1193/1120 831/1187/1117 828/1195/1122
f 835/1192/1119 826/1191/1118 831/1187/1117
f 852/521/475 857/1196/1123 856/1197/1124
f 855/1198/1125 858/1199/1126 857/1196/1123
f 856/1197/1124 868/1200/1127 865/1201/1128
f 857/1196/1123 859/1202/1129 868/1200/1127
f 853/1203/1130 862/1204/1131 855/1205/1132
f 860/1206/1133 863/1207/1134 862/1204/1131
f 855/1205/1132 862/1204/1131 858/1208/1135
f 862/1204/1131 859/1209/1136 858/1208/1137
f 864/1210/1138 866/1211/1139 854/1212/1140
f 865/1201/1128 867/1213/1141 864/1210/1138
f 867/1214/1141 861/1215/1142 866/1216/1139
f 868/1200/1127 863/1217/1143 867/1213/1141
f 919/1218/1144 924/1219/1145 923/1220/1146
f 922/1221/1147 925/1222/1148 924/1219/1145
f 923/1220/1146 936/1223/1149 933/1224/1150
f 924/1219/1145 926/1225/1151 936/1223/1149
f 920/449/414 930/1226/1152 929/1227/1153
f 927/1228/1154 931/1229/1155 930/1226/1152
f 929/1227/1153 930/1226/1152 925/1230/1156
f 930/1226/1152 926/1231/1157 925/1230/1156
f 932/1232/1158 934/1233/1159 921/517/472
f 933/1234/1150 935/1235/1160 932/1232/1158
f 935/1235/1160 928/1236/1161 934/1233/1159
f 936/1237/1162 931/1229/1155 935/1235/1160
f 940/1238/1163 942/1239/1164 937/1240/486
f 941/1241/1165 943/1242/1166 940/1238/1163
f 942/1239/1164 955/1243/1167 952/1244/1168
f 943/1242/1166 945/1245/1169 955/1243/1167
f 938/518/473 949/1246/1170 948/1247/1171
f 946/1248/1172 950/1249/1173 949/1246/1170
f 948/1247/1171 944/1250/1174 941/1241/1165
f 949/1246/1170 945/1245/1169 944/1250/1174
f 951/1251/1175 953/1252/1176 939/1253/1177
f 952/1244/1168 954/1254/1178 951/1251/1175
f 954/1254/1178 947/1255/1179 953/1252/1176
f 955/1243/1167 950/1249/1173 954/1254/1178
f 971/523/477 976/1256/1180 984/1257/1181
f 974/1258/1182 977/1259/1183 976/1256/1180
f 984/1257/1181 976/1256/1180 987/1260/1184
f 976/1256/1180 978/1261/1185 987/1260/1186
f 979/1262/1187 981/1263/1188 972/1264/1189
f 980/1265/1190 982/1266/1191 979/1262/1187
f 982/1266/1191 975/1267/1192 981/1263/1188
f 983/1268/1193 977/1259/1194 982/1266/1191
f 973/461/423 986/1269/1195 985/1270/1196
f 984/1271/1197 987/1260/1198 986/1269/1195
f 985/1270/1196 983/1268/1193 980/1265/1190
f 986/1269/1195 978/1261/1199 983/1268/1193
f 1038/1272/1200 1044/1273/1201 1043/1274/1202
f 1041/1275/1203 1045/1276/1204 1044/1273/1201
f 1043/1274/1202 1055/1277/1205 1052/1278/1206
f 1044/1273/1201 1046/1279/1207 1055/1277/1205
f 1047/1280/1208 1049/1281/1209 1039/1282/1210
f 1048/1283/1211 1050/1284/1212 1047/1285/1208
f 1050/1286/1212 1042/1287/1213 1049/1281/1209
f 1051/1288/1214 1045/1276/1204 1050/1286/1212
f 1040/583/531 1054/1289/1215 1053/1290/1216
f 1052/1291/1217 1055/1292/1218 1054/1289/1215
f 1053/1290/1216 1051/1293/1219 1048/1283/1220
f 1054/1289/1215 1046/1294/1221 1051/1293/1219
f 1076/709/639 1081/1295/1222 1080/1296/1223
f 1079/1297/1224 1082/1298/1225 1081/1295/1222
f 1080/1296/1223 1093/1299/1226 1090/1300/1227
f 1081/1295/1222 1083/1301/1228 1093/1299/1226
f 1077/1302/1229 1087/1303/1230 1086/1304/1231
f 1084/1305/1232 1088/1306/1233 1087/1303/1230
f 1086/1304/1231 1087/1303/1230 1082/1307/1234
f 1087/1303/1230 1083/1308/1235 1082/1307/1234
f 1089/1309/1236 1091/1310/1237 1078/1311/1238
f 1090/1300/1227 1092/1312/1239 1089/1309/1236
f 1092/1313/1239 1085/1314/1240 1091/1315/1237
f 1093/1299/1226 1088/1316/1241 1092/1312/1239
f 1144/671/606 1148/1317/1242 1147/1318/1243
f 1153/1319/1244 1149/1320/1245 1148/1321/1242
f 1147/1318/1243 1160/1322/1246 1157/1323/1247
f 1148/1317/1242 1150/1324/1248 1160/1322/1246
f 1145/640/581 1154/1325/1249 1153/1326/1250
f 1151/1327/1251 1155/1328/1252 1154/1325/1249
f 1153/1326/1250 1154/1325/1249 1149/1329/1253
f 1154/1325/1249 1150/1324/1254 1149/1329/1253
f 1156/1330/1255 1158/1331/1256 1146/705/636
f 1157/1323/1247 1159/1332/1257 1156/1330/1255
f 1159/1332/1257 1152/1333/1258 1158/1331/1256
f 1160/1322/1259 1155/1328/1252 1159/1332/1257
f 1181/1334/641 1187/1335/1260 1186/1336/1261
f 1184/1337/1262 1188/1338/1263 1187/1335/1260
f 1186/1336/1261 1187/1335/1260 1197/1339/1264
f 1187/1335/1260 1189/1340/1265 1197/1339/1264
f 1190/1341/1266 1192/1342/1267 1182/1343/1268
f 1191/1344/1269 1193/1345/1270 1190/1341/1266
f 1193/1345/1270 1185/1346/1271 1192/1342/1267
f 1194/1347/1272 1188/1338/1273 1193/1345/1270
f 1183/652/590 1196/1348/1274 1195/1349/1275
f 1186/1350/1276 1197/1339/1277 1196/1348/1274
f 1195/1349/1275 1194/1347/1272 1191/1344/1269
f 1196/1348/1274 1189/1340/1278 1194/1347/1272
f 221/25/22 1200/1351/1279 224/1352/1280
f 224/1352/1280 1201/1353/1281 223/1354/1282
f 223/1354/1283 1202/1355/1284 222/1356/1285
f 1202/1357/1284 220/182/160 222/1358/1285
f 1198/24/21 207/1359/1286 1200/1351/1279
f 1200/1351/1279 208/1360/1287 1201/1353/1281
f 1201/1361/1288 209/1362/1289 1202/1357/1284
f 209/1362/1289 1199/139/122 1202/1357/1284
f 1203/1363/55 229/1364/1290 226/1365/7
f 1205/1366/1291 228/1367/1292 229/1364/1290
f 1206/1368/1293 227/1369/1294 228/1367/1295
f 227/1369/1294 1204/119/105 225/21/18
f 210/1370/169 1205/1366/1291 1203/1363/55
f 212/1371/1296 1206/1368/1297 1205/1366/1291
f 213/1372/1298 1207/1373/1299 1206/1368/1293
f 1207/1373/1299 211/18/15 1204/119/105
f 1208/129/114 204/1374/1300 201/3/3
f 1210/1375/1301 203/1376/1302 204/1374/1300
f 1211/1377/1303 202/1378/1304 203/1376/1305
f 202/1379/1304 1209/4/4 200/16/13
f 221/25/22 1210/1375/1301 1208/129/114
f 224/1352/1280 1211/1377/1306 1210/1375/1301
f 223/1354/1283 1212/1380/1307 1211/1377/1303
f 1212/1381/1307 220/182/160 1209/4/4
f 216/1382/139 1215/1383/1308 219/1384/1309
f 219/1384/1309 1216/1385/1310 218/1386/1311
f 218/1386/1312 1217/1387/1313 217/1388/1314
f 1217/1387/1313 215/10/8 217/1388/1314
f 1213/1389/23 229/1364/1290 1215/1383/1308
f 1215/1383/1308 228/1367/1292 1216/1385/1310
f 1216/1385/1315 227/1369/1294 1217/1387/1313
f 227/1369/1294 1214/23/20 1217/1387/1313
f 231/1390/140 1220/1391/1316 234/1392/1317
f 234/1392/1317 1221/1393/1318 233/1394/1319
f 233/1394/1320 1222/1395/1321 232/1396/1322
f 1222/1395/1321 230/29/25 232/1396/1322
f 1218/1397/135 219/1384/1309 1220/1391/1316
f 1220/1391/1316 218/1386/1311 1221/1393/1318
f 1221/1393/1323 217/1388/1314 1222/1395/1321
f 217/1388/1314 1219/12/10 1222/1395/1321
f 205/15/12 1225/1398/1324 207/1359/1286
f 207/1359/1286 1226/1399/1325 208/1360/1287
f 208/1400/1326 1227/1401/1327 209/1362/1289
f 1227/1401/1327 206/35/31 209/1362/1289
f 1223/14/11 237/1402/1328 1225/1398/1324
f 1225/1398/1324 238/1403/1329 1226/1399/1325
f 1226/1404/1330 239/1405/1331 1227/1401/1327
f 239/1405/1331 1224/33/29 1227/1401/1327
f 235/44/39 1230/1406/1332 237/1402/1328
f 237/1402/1328 1231/1407/1333 238/1403/1329
f 238/1408/1334 1232/1409/1335 239/1405/1331
f 1232/1409/1335 236/32/28 239/1405/1331
f 1228/53/47 247/1410/1336 1230/1406/1332
f 1230/1406/1332 248/1411/1337 1231/1407/1333
f 1231/1412/1338 249/1413/1339 1232/1409/1335
f 249/1413/1339 1229/30/26 1232/1409/1335
f 241/1414/170 1235/1415/1340 244/1416/1341
f 244/1416/1341 1236/1417/1342 243/1418/1343
f 243/1418/1344 1237/1419/1345 242/1420/1346
f 1237/1419/1345 240/39/35 242/1420/1346
f 1233/1421/163 234/1392/1317 1235/1415/1340
f 1235/1415/1340 233/1394/1319 1236/1417/1342
f 1236/1417/1347 232/1396/1322 1237/1419/1345
f 232/1396/1322 1234/37/33 1237/1419/1345
f 1238/170/150 272/1422/1348 269/168/148
f 1240/1423/1349 271/1424/1350 272/1422/1348
f 1241/1425/1351 270/1426/1352 271/1424/1350
f 1242/1427/1353 268/1428/44 270/1426/1352
f 251/1429/664 1240/1423/1349 1238/170/150
f 261/740/663 1241/1425/1351 1240/1423/1349
f 254/739/667 1242/1427/1353 1241/1425/1351
f 253/728/657 1239/133/116 1242/1427/1353
f 245/52/46 1245/1430/1354 247/1410/1336
f 247/1410/1336 1246/1431/1355 248/1411/1337
f 248/1432/1356 1247/1433/1357 249/1413/1339
f 249/1413/1339 1244/40/36 246/42/38
f 1243/152/134 272/1422/1348 1245/1430/1354
f 1245/1430/1358 271/1424/1350 1246/1431/1355
f 1246/1434/1359 270/1435/1352 1247/1433/1357
f 270/1435/1352 1244/40/36 1247/1433/1357
f 251/735/664 1250/1436/1360 259/733/662
f 259/733/662 1251/1437/1361 260/736/665
f 260/736/674 1252/1438/1362 265/744/670
f 265/744/670 1249/46/41 252/48/43
f 1248/1439/149 244/1416/1341 1250/1436/1360
f 1250/1436/1360 243/1418/1343 1251/1437/1361
f 1251/1437/1363 242/1420/1346 1252/1438/1362
f 1252/1438/1362 240/39/35 1249/46/41
f 1253/1440/62 212/1371/1296 210/1370/169
f 1255/1441/1364 213/1372/1365 212/1371/1296
f 1256/1442/1366 214/1443/1367 213/1372/1298
f 214/1443/1367 1254/162/142 211/18/15
f 278/1444/113 1255/1441/1364 1253/1440/62
f 280/1445/1368 1256/1442/1369 1255/1441/1364
f 281/1446/1370 1257/1447/1371 1256/1442/1366
f 1257/1447/1371 279/58/52 1254/162/142
f 1258/1/1 277/1448/1372 274/178/157
f 1260/1449/1373 276/1450/1374 277/1448/1372
f 1261/1451/1375 275/1452/1376 276/1450/1377
f 275/1453/1376 1259/54/48 273/56/50
f 201/3/3 1260/1449/1373 1258/1/1
f 204/1374/1300 1261/1451/1378 1260/1449/1373
f 203/1376/1305 1262/1454/1379 1261/1451/1375
f 1262/1455/1379 200/16/13 1259/54/48
f 290/764/692 1265/1456/1380 301/762/690
f 301/762/690 1266/1457/1381 302/753/681
f 302/753/681 1267/1458/1382 292/749/677
f 292/749/677 1264/175/106 288/177/156
f 1263/143/125 285/1459/1383 1265/1456/1380
f 1265/1456/1380 286/1460/1384 1266/1457/1381
f 1266/1457/1381 287/1461/1385 1267/1458/1382
f 1267/1458/1382 284/1462/58 1264/175/106
f 1268/1463/126 280/1445/1368 278/1444/113
f 1270/1464/1386 281/1446/1387 280/1445/1368
f 1271/1465/1388 282/1466/1389 281/1446/1370
f 1272/1467/1390 279/58/52 282/1466/1389
f 290/1468/692 1270/1464/1386 1268/1463/126
f 303/768/691 1271/1465/1391 1270/1464/1386
f 297/767/1392 1272/1467/1390 1271/1465/1388
f 296/758/686 1269/66/60 1272/1467/1390
f 1273/146/128 285/1459/1383 283/145/127
f 1275/1469/1393 286/1460/1384 285/1459/1383
f 1276/1470/1394 287/1461/1385 286/1460/1384
f 287/1471/1385 1274/62/56 284/64/58
f 274/178/157 1275/1469/1393 1273/146/128
f 277/1448/1372 1276/1470/1395 1275/1469/1393
f 276/1450/1377 1277/1472/1396 1276/1470/1394
f 275/1453/1376 1274/62/56 1277/1473/1396
f 1278/142/124 330/1474/1397 327/71/63
f 1280/1475/1398 329/1476/1399 330/1474/1397
f 1281/1477/1400 328/1478/1401 329/1476/1399
f 1282/1479/1402 326/192/168 328/1478/1401
f 311/91/81 1280/1475/1398 1278/142/124
f 313/1480/1403 1281/1477/1400 1280/1475/1398
f 314/1481/1404 1282/1479/1402 1281/1477/1400
f 315/1482/1405 1279/191/167 1282/1479/1402
f 332/85/75 1285/1483/1406 335/1484/1407
f 335/1484/1407 1286/1485/1408 334/1486/1409
f 334/1486/1409 1287/1487/1410 333/1488/1411
f 333/1488/1411 1284/123/109 331/126/112
f 1283/84/74 318/1489/1412 1285/1483/1406
f 1285/1483/1406 319/1490/1413 1286/1485/1408
f 1286/1485/1408 320/1491/1414 1287/1487/1410
f 1287/1487/1410 317/124/110 1284/123/109
f 307/81/71 1290/1492/1415 310/1493/1416
f 310/1493/1416 1291/1494/1417 309/1495/1418
f 309/1495/1418 1292/1496/1419 308/1497/1420
f 308/1497/1420 1289/140/123 306/106/95
f 1288/72/64 330/1474/1397 1290/1492/1415
f 1290/1492/1415 329/1476/1399 1291/1494/1417
f 1291/1494/1417 328/1478/1401 1292/1496/1419
f 1292/1496/1419 326/192/168 1289/140/123
f 1293/86/76 325/1498/1421 322/125/111
f 1295/1499/1422 324/1500/1423 325/1498/1421
f 1296/1501/1424 323/1502/1425 324/1500/1423
f 1297/1503/1426 321/183/161 323/1502/1425
f 332/85/75 1295/1499/1422 1293/86/76
f 335/1484/1407 1296/1501/1424 1295/1499/1422
f 334/1486/1409 1297/1503/1426 1296/1501/1424
f 333/1488/1411 1294/161/141 1297/1503/1426
f 1298/77/68 340/1504/1427 337/155/136
f 1300/1505/1428 339/1506/1429 340/1504/1427
f 1301/1507/1430 338/1508/1431 339/1506/1429
f 1302/1509/1432 336/78/69 338/1508/1431
f 322/125/111 1300/1505/1428 1298/77/68
f 325/1498/1421 1301/1507/1430 1300/1505/1428
f 324/1500/1423 1302/1509/1432 1301/1507/1430
f 323/1502/1425 1299/94/84 1302/1509/1432
f 1303/92/82 313/1480/1403 311/91/81
f 1305/1510/1433 314/1481/1404 313/1480/1403
f 1306/1511/1434 315/1482/1405 314/1481/1404
f 1307/1512/1435 312/190/166 315/1482/1405
f 341/97/86 1305/1510/1433 1303/92/82
f 343/1513/1436 1306/1511/1434 1305/1510/1433
f 344/1514/1437 1307/1512/1435 1306/1511/1434
f 345/1515/1438 1304/74/66 1307/1512/1435
f 1308/98/87 343/1513/1436 341/97/86
f 1310/1516/1439 344/1514/1437 343/1513/1436
f 1311/1517/1440 345/1515/1438 344/1514/1437
f 1312/1518/1441 342/138/121 345/1515/1438
f 351/102/91 1310/1516/1439 1308/98/87
f 353/1519/1442 1311/1517/1440 1310/1516/1439
f 354/1520/1443 1312/1518/1441 1311/1517/1440
f 355/1521/1444 1309/184/162 1312/1518/1441
f 1313/93/83 350/1522/1445 347/187/164
f 1315/1523/1446 349/1524/1447 350/1522/1445
f 1316/1525/1448 348/1526/1449 349/1524/1447
f 1317/1527/1450 346/101/90 348/1526/1449
f 337/155/136 1315/1523/1446 1313/93/83
f 340/1504/1427 1316/1525/1448 1315/1523/1446
f 339/1506/1429 1317/1527/1450 1316/1525/1448
f 338/1508/1431 1314/80/70 1317/1527/1450
f 374/189/165 1320/1528/1451 377/1529/1452
f 377/1529/1452 1321/1530/1453 376/1531/1454
f 376/1531/1454 1322/1532/1455 375/1533/1456
f 375/1533/1456 1319/172/152 373/174/154
f 1318/1534/120 360/772/697 1320/1528/1451
f 1320/1528/1451 369/777/701 1321/1530/1453
f 1321/1530/1453 368/784/710 1322/1532/1455
f 1322/1532/1455 358/173/153 1319/172/152
f 1323/104/93 353/1519/1442 351/102/91
f 1325/1535/1457 354/1520/1443 353/1519/1442
f 1326/1536/1458 355/1521/1444 354/1520/1443
f 1327/1537/1459 352/181/159 355/1521/1444
f 374/189/165 1325/1535/1457 1323/104/93
f 377/1529/1452 1326/1536/1458 1325/1535/1457
f 376/1531/1454 1327/1537/1459 1326/1536/1458
f 375/1533/1456 1324/156/137 1327/1537/1459
f 1328/99/88 364/781/705 357/105/94
f 1330/1538/1460 365/787/713 364/781/705
f 1331/1539/1461 370/785/711 365/787/713
f 1332/1540/1462 358/173/153 370/785/711
f 347/187/164 1330/1538/1460 1328/99/88
f 350/1522/1445 1331/1539/1461 1330/1538/1460
f 349/1524/1447 1332/1540/1462 1331/1539/1461
f 348/1526/1449 1329/171/151 1332/1540/1462
f 316/88/78 1335/1541/1463 318/1489/1412
f 318/1489/1412 1336/1542/1464 319/1490/1413
f 319/1490/1413 1337/1543/1465 320/1491/1414
f 320/1491/1414 1334/166/146 317/124/110
f 1333/109/96 385/1544/1466 1335/1541/1463
f 1335/1541/1463 386/1545/1467 1336/1542/1464
f 1336/1542/1464 387/1546/1468 1337/1543/1465
f 1337/1543/1465 384/130/115 1334/166/146
f 379/111/98 1340/1547/1469 382/1548/1470
f 382/1548/1470 1341/1549/1471 381/1550/1472
f 381/1550/1472 1342/1551/1473 380/1552/1474
f 380/1552/1474 1339/115/101 378/114/100
f 1338/82/72 310/1493/1416 1340/1547/1469
f 1340/1547/1469 309/1495/1418 1341/1549/1471
f 1341/1549/1471 308/1497/1420 1342/1551/1473
f 1342/1551/1473 306/106/95 1339/115/101
f 1343/1553/108 396/1554/717 393/180/158
f 1345/1555/1475 397/801/727 396/790/717
f 1346/1556/1476 403/797/723 397/801/727
f 1347/1557/1477 394/798/724 403/797/723
f 388/118/104 1345/1555/1475 1343/122/108
f 390/1558/1478 1346/1556/1476 1345/1555/1475
f 391/1559/1479 1347/1557/1477 1346/1556/1476
f 392/1560/1480 1344/150/132 1347/1557/1477
f 383/110/97 1350/1561/1481 385/1544/1466
f 385/1544/1466 1351/1562/1482 386/1545/1467
f 386/1545/1467 1352/1563/1483 387/1546/1468
f 387/1546/1468 1349/149/131 384/130/115
f 1348/116/102 407/804/731 1350/1561/1481
f 1350/1561/1481 402/799/725 1351/1562/1482
f 1351/1562/1482 401/796/722 1352/1563/1483
f 1352/1563/1483 394/798/724 1349/149/131
f 388/118/104 1355/1564/1484 390/1558/1478
f 390/1558/1478 1356/1565/1485 391/1559/1479
f 391/1559/1479 1357/1566/1486 392/1560/1480
f 392/1560/1480 1354/148/130 389/147/129
f 1353/112/99 382/1548/1470 1355/1564/1484
f 1355/1564/1484 381/1550/1472 1356/1565/1485
f 1356/1565/1485 380/1552/1474 1357/1566/1486
f 1357/1566/1486 378/114/100 1354/148/130
f 395/117/103 1360/1567/1487 406/1568/732
f 406/789/1488 1359/176/155 393/180/1489
f 1358/67/61 298/757/1490 1360/1567/1487
f 1360/1569/1491 298/1570/1492 291/750/1493
f 1360/1571/1494 288/177/156 1359/176/155
f 252/48/43 1363/1572/1495 264/1573/1496
f 264/731/1497 1363/1574/1497 255/727/1497
f 1363/1574/1498 250/725/654 255/727/1499
f 357/105/94 1363/1572/1495 1361/47/42
f 359/1575/698 1362/134/117 1363/1574/1498
f 535/260/235 1366/1576/1500 547/959/883
f 547/959/883 1367/1577/1501 548/948/873
f 1367/1577/1501 538/945/870 548/948/873
f 1368/1578/1502 533/243/219 538/945/870
f 1364/259/234 556/965/889 1366/1576/1500
f 1366/1576/1500 566/968/892 1367/1577/1501
f 566/968/892 1368/1578/1502 1367/1577/1501
f 565/976/900 1365/261/236 1368/1578/1502
f 1369/253/228 560/974/898 552/254/229
f 1371/1579/1503 561/973/897 560/974/898
f 561/973/897 1373/1580/1504 567/977/901
f 567/977/901 1370/240/216 553/302/276
f 570/231/207 1371/1579/1503 1369/253/228
f 575/981/905 1372/1581/1505 1371/1579/1503
f 1372/1581/1505 584/995/918 1373/1580/1504
f 1373/1580/1504 572/269/244 1370/240/216
f 1374/288/262 579/989/913 571/300/274
f 1376/1582/1506 580/1583/1507 579/989/913
f 580/998/921 1377/1584/1508 586/996/919
f 1377/1584/1508 572/269/244 586/996/919
f 1374/288/262 544/952/877 1376/1582/1506
f 1376/1582/1506 537/956/881 1377/1585/1509
f 1377/1586/1508 537/946/871 536/944/869
f 1377/1584/1508 533/243/219 1375/242/218
f 517/299/273 1380/1587/1510 528/939/863
f 528/939/863 1381/1588/1511 529/928/851
f 1381/1588/1511 520/925/848 529/928/851
f 1382/1589/1512 515/280/254 520/925/848
f 1378/295/269 562/972/896 1380/1587/1510
f 1380/1587/1510 555/966/890 1381/1588/1511
f 555/966/890 1382/1589/1512 1381/1588/1511
f 554/964/888 1379/274/248 1382/1589/1512
f 1383/249/224 542/953/878 534/289/263
f 1385/1590/1513 543/1591/1514 542/953/878
f 543/962/886 1386/1592/1515 549/960/884
f 1386/1592/1515 535/260/235 549/960/884
f 1383/249/224 525/932/855 1385/1590/1513
f 1385/1590/1513 519/936/859 1386/1593/1516
f 1386/1594/1515 519/926/849 518/924/847
f 1386/1592/1515 515/280/254 1384/228/204
f 1387/250/225 523/933/856 516/251/226
f 1389/1595/1517 524/1596/1518 523/933/856
f 1390/1597/1519 530/940/864 524/942/866
f 1391/1598/1520 517/299/273 530/940/864
f 1387/250/225 581/988/912 1389/1595/1517
f 1389/1595/1517 574/992/916 1390/1599/1521
f 1390/1597/1519 573/980/904 1391/1598/1519
f 1391/1598/1520 570/231/207 1388/230/206
f 436/209/185 1394/1600/1522 440/1601/762
f 440/1601/762 1395/1602/1523 1859/1603/1524
f 1859/1603/1524 1396/1604/1525 442/1605/1526
f 442/1605/1526 1393/246/221 437/315/289
f 410/163/143 1394/1600/1522 1392/210/186
f 415/807/736 1395/1602/1523 1394/1600/1522
f 423/810/1527 1396/1604/1525 1395/1602/1523
f 421/818/1528 1393/246/221 1396/1604/1525
f 1397/258/233 454/1606/1529 447/216/192
f 1399/1607/1530 1860/849/1531 454/1606/1529
f 1400/1608/1532 449/845/771 1860/849/1533
f 1401/1609/1534 445/317/291 449/845/771
f 1397/258/233 421/821/1528 1399/1607/1530
f 1399/1607/1530 418/814/1535 1400/1608/1532
f 1400/1608/1532 417/811/740 1401/1609/1534
f 1401/1609/1534 411/813/742 1398/236/212
f 1402/316/290 442/1610/1526 437/315/289
f 1404/1611/1536 443/843/1537 442/1610/1526
f 1405/1612/1538 440/839/1539 443/843/1537
f 1406/1613/1540 438/233/209 440/839/766
f 1402/316/290 454/1614/1529 1404/1611/1536
f 1404/1611/1536 451/853/1541 1405/1612/1538
f 1405/1612/1538 453/854/778 1406/1613/1540
f 1406/1613/1540 446/850/777 1403/247/222
f 465/870/797 1409/1615/1542 468/868/795
f 468/868/795 1410/1616/1543 469/871/798
f 469/871/798 1411/1617/1544 474/878/803
f 474/878/803 1408/278/252 466/321/295
f 424/219/195 1409/1615/1542 1407/297/271
f 429/823/1545 1410/1616/1543 1409/1615/1542
f 433/827/1546 1411/1617/1544 1410/1616/1543
f 432/833/1547 1408/278/252 1411/1617/1544
f 480/272/247 1414/1618/1548 488/885/808
f 488/885/1549 1415/1619/1550 1861/1620/1551
f 1861/1620/1551 1416/1621/1552 485/1622/1553
f 485/1622/1553 1413/337/311 481/206/182
f 467/264/239 1414/1618/1548 1412/262/237
f 478/880/805 1415/1619/1550 1414/1618/1548
f 473/875/801 1416/1621/1552 1415/1619/1550
f 474/877/803 1413/337/311 1416/1621/1552
f 1417/208/184 485/1623/1553 481/206/182
f 1419/1624/1554 486/893/1555 485/1623/1553
f 1420/1625/1556 488/891/1557 486/893/1555
f 1421/1626/1558 482/271/246 488/891/816
f 1417/208/184 432/1627/1547 1419/1624/1554
f 1419/1624/1554 433/1628/1559 1420/1625/1556
f 1420/1625/1556 430/828/1560 1421/1626/1558
f 1421/1626/1558 425/265/240 1418/267/242
f 1422/256/231 462/1629/1561 457/195/171
f 1424/1630/1562 463/860/1563 462/1629/1561
f 1425/1631/1564 459/856/1565 463/860/1563
f 1426/1632/1566 455/342/316 459/856/1565
f 1422/256/231 498/905/1567 1424/1630/1562
f 1424/1630/1562 493/906/823 1425/1631/1564
f 1425/1631/1564 492/894/820 1426/1632/1566
f 1426/1632/1566 489/896/822 1423/292/266
f 1427/327/301 498/902/1567 490/279/253
f 1429/1633/1568 497/910/829 498/902/1567
f 1430/1634/1569 502/908/832 497/910/829
f 1431/1635/1570 491/283/257 502/908/832
f 1427/327/301 510/1636/1571 1429/1633/1568
f 1430/1634/1569 507/911/833 1431/1635/1570
f 1431/1635/1570 504/913/835 1428/198/174
f 1432/341/315 510/1637/1571 505/328/302
f 1434/1638/1572 1858/923/1573 510/1637/1571
f 1435/1639/1574 514/920/842 1858/923/1575
f 1436/1640/1576 506/291/265 514/920/842
f 1432/341/315 462/865/1561 1434/1638/1572
f 1434/1638/1572 463/867/1577 1435/1639/1578
f 1435/1639/1574 460/863/1579 1436/1640/1576
f 1436/1640/1576 456/285/259 1433/287/261
f 591/1015/308 1439/1641/1580 601/1013/941
f 601/1013/941 1440/1642/1581 602/1006/930
f 602/1006/930 1441/1643/1582 594/1002/926
f 594/1002/926 1438/282/256 589/1000/924
f 1437/1644/307 616/1026/954 1439/1641/1580
f 1439/1641/1580 610/1020/948 1440/1642/1581
f 1440/1642/1581 609/1018/946 1441/1643/1582
f 1441/1643/1582 606/320/294 1438/282/256
f 1442/308/282 627/1037/963 624/319/293
f 1444/1645/1583 628/1047/974 627/1037/963
f 1445/1646/1584 634/1043/970 628/1047/974
f 1446/1647/1585 625/1044/200 634/1043/970
f 608/307/281 1444/1645/1583 1442/308/282
f 621/1033/959 1445/1646/1584 1444/1645/1583
f 615/1028/955 1446/1647/1585 1445/1646/1584
f 614/1025/953 1443/1648/198 1446/1647/1585
f 1447/310/284 597/1011/934 590/309/283
f 1449/1649/1586 598/1017/945 597/1011/934
f 1450/1650/1587 603/1014/942 598/1017/945
f 1451/1651/1588 591/1015/308 603/1014/942
f 1447/310/284 639/1050/977 1449/1649/1586
f 1449/1649/1586 633/1045/971 1450/1650/1587
f 1450/1650/1587 632/1042/969 1451/1651/1588
f 1451/1651/1588 625/1044/200 1448/1652/199
f 1452/1653/298 654/1065/996 643/1067/296
f 1454/1654/1589 655/1057/988 654/1065/996
f 1455/1655/1590 646/1054/985 655/1057/988
f 646/1054/985 1453/226/202 641/225/201
f 660/1079/300 1454/1654/1589 1452/1653/298
f 670/1078/1007 1455/1655/1590 1454/1654/1589
f 663/1082/1010 1456/1656/1591 1455/1655/1590
f 662/1072/1001 1453/226/202 1456/1656/1591
f 680/1101/313 1459/1657/1592 691/1099/1031
f 691/1099/1031 1460/1658/1593 692/1093/1024
f 692/1093/1024 1461/1659/1594 682/1089/1020
f 682/1089/1020 1458/213/189 678/212/188
f 1457/1660/312 656/1066/997 1459/1657/1592
f 1459/1657/1592 650/1062/993 1460/1658/1593
f 1460/1658/1593 649/1060/991 1461/1659/1594
f 1461/1659/1594 642/313/287 1458/213/189
f 1462/312/286 686/1097/1028 679/314/288
f 1464/1661/1595 687/1103/1034 686/1097/1028
f 1465/1662/1596 693/1100/1032 687/1103/1034
f 1466/1663/1597 680/1101/313 693/1100/1032
f 1462/312/286 675/1086/1014 1464/1661/1595
f 1464/1661/1595 669/1080/1008 1465/1662/1596
f 1465/1662/1596 668/1077/1006 1466/1663/1597
f 1466/1663/1597 660/1079/300 1463/1664/299
f 1467/332/306 699/1106/1037 696/344/318
f 1469/1665/1598 700/1115/1045 699/1106/1037
f 1470/1666/1599 706/1111/1042 700/1115/1045
f 1471/1667/1600 697/1112/191 706/1111/1042
f 713/331/305 1469/1665/1598 1467/332/306
f 718/1122/1055 1470/1666/1599 1469/1665/1598
f 727/1125/1058 1471/1667/1600 1470/1666/1599
f 726/1133/1066 1468/1668/181 1471/1667/1600
f 714/303/277 1474/1669/1601 721/1128/1061
f 721/1128/1061 1475/1670/1602 722/1130/1063
f 722/1130/1063 1476/1671/1603 728/1134/1067
f 728/1134/1067 1473/1672/303 715/1135/179
f 1472/202/178 736/1139/1070 1474/1669/1601
f 1474/1669/1601 746/1143/1074 1475/1670/1602
f 1475/1670/1602 745/1150/1082 1476/1671/1603
f 1476/1671/1603 733/1152/304 1473/1672/303
f 1477/306/280 740/1147/1078 732/304/278
f 1479/1673/1604 741/1154/1085 740/1147/1078
f 1480/1674/1605 747/1151/1083 741/1154/1085
f 1481/1675/1606 733/1152/304 747/1151/1083
f 1477/306/280 710/1119/1049 1479/1673/1604
f 1479/1673/1604 705/1113/1043 1480/1674/1605
f 1480/1674/1605 704/1110/1041 1481/1675/1606
f 1481/1675/1606 697/1112/191 1478/1676/190
f 410/163/143 1484/1677/1607 413/806/735
f 413/806/735 1485/1678/1608 414/808/1609
f 414/808/1609 1486/1679/1610 419/812/741
f 419/812/741 1483/237/213 411/813/742
f 1482/165/145 611/1019/947 1484/1677/1607
f 611/1019/947 1485/1678/1608 1484/1677/1607
f 1485/1678/1608 619/1032/958 1486/1679/1610
f 619/1032/958 1483/237/213 1486/1679/1610
f 626/1048/975 1489/1680/1611 637/1051/1612
f 637/1051/1612 1489/1681/1611 638/1040/1613
f 638/1040/1614 1490/1682/1615 629/1036/1616
f 1490/1682/1617 624/319/293 629/1036/962
f 1487/248/223 452/852/779 1489/1680/1611
f 452/846/1618 1490/1682/1615 1489/1681/1619
f 448/844/1620 1488/318/292 1490/1682/1617
f 1491/221/197 427/822/1621 424/219/195
f 1493/1683/1622 428/824/1623 427/822/1623
f 428/824/1624 1494/1684/1625 431/829/1626
f 431/829/1626 1492/311/285 425/265/240
f 659/340/314 1493/1683/1627 1491/221/197
f 664/1071/1000 1494/1685/1628 1493/1683/1622
f 1494/1685/1625 674/1075/1629 673/1087/1015
f 673/1087/1015 1492/311/285 1494/1684/1625
f 1495/1686/1630 681/1090/1631 678/212/188
f 681/1090/1021 1497/1687/1632 688/1688/1633
f 688/1096/1027 1496/270/245 679/314/288
f 1495/1686/1630 483/884/809 1497/1689/1634
f 1497/1689/1635 483/884/1635 487/889/1635
f 487/890/815 1496/270/245 1497/1690/1636
f 491/283/257 1500/1691/1637 500/907/831
f 500/907/831 1501/1692/1638 501/899/1639
f 501/899/1639 1502/1693/1640 494/895/821
f 494/895/821 1499/293/267 489/896/822
f 1498/284/258 723/1129/1062 1500/1691/1637
f 1500/1691/1637 717/1123/1056 1501/1692/1638
f 1501/1692/1638 716/1121/1054 1502/1693/1640
f 1502/1693/1640 713/331/305 1499/293/267
f 1503/305/279 709/1694/1050 698/1117/1047
f 1505/1695/1641 696/344/318 709/1105/1036
f 1503/305/279 461/862/1642 1505/1696/1643
f 1505/1697/1644 461/857/1644 458/855/1645
f 458/855/1646 1504/343/317 1505/1695/1641
f 589/1000/924 1508/1698/1647 592/1003/1648
f 592/1003/1648 1508/1699/1647 593/1004/1649
f 593/1004/1650 1509/1700/1651 599/1010/1652
f 1509/1700/1653 590/309/283 599/1010/933
f 1506/281/255 439/835/763 1508/1698/1647
f 1508/1699/1654 444/838/1655 1509/1700/1651
f 444/838/765 1507/235/211 1509/1700/1653
f 467/264/239 1512/1701/1656 476/879/804
f 476/879/804 1513/1702/1657 477/874/1658
f 477/874/1658 1514/1703/1659 470/869/796
f 470/869/796 1511/298/272 465/870/797
f 1510/263/238 651/1061/992 1512/1701/1656
f 1512/1701/1656 645/1055/986 1513/1702/1657
f 1513/1702/1657 644/1053/984 1514/1703/1659
f 1514/1703/1659 641/225/201 1511/298/272
f 506/291/265 1517/1704/1660 512/919/841
f 512/919/1661 1518/1705/1662 513/917/1663
f 513/917/838 1518/1706/1664 508/912/834
f 508/912/834 1516/199/175 504/913/835
f 1515/290/264 742/1146/1077 1517/1704/1660
f 1517/1704/1665 735/1149/1081 1518/1705/1662
f 1518/1705/1666 735/1149/1667 734/1140/1071
f 1518/1706/1668 731/201/177 1516/199/175
f 771/369/340 1521/1707/1669 774/1708/1670
f 774/1708/1670 1522/1709/1671 773/1710/1672
f 773/1710/1673 1523/1711/1674 772/1712/1675
f 1523/1713/1674 770/526/479 772/1714/1675
f 1519/368/339 757/1715/1676 1521/1707/1669
f 1521/1707/1669 758/1716/1677 1522/1709/1671
f 1522/1709/1678 759/1717/1679 1523/1711/1674
f 759/1718/1679 1520/483/442 1523/1713/1674
f 1524/405/373 779/1719/1680 776/352/325
f 1526/1720/1681 778/1721/1682 779/1722/1680
f 1527/1723/1683 777/1724/1684 778/1721/1685
f 777/1724/1684 1525/463/425 775/365/336
f 760/537/490 1526/1725/1681 1524/405/373
f 762/1726/1686 1527/1723/1687 1526/1720/1681
f 763/1727/1688 1528/1728/1689 1527/1723/1683
f 1528/1728/1689 761/362/333 1525/463/425
f 1529/473/434 754/1729/1690 751/347/321
f 1531/1730/1691 753/1731/1692 754/1729/1690
f 1532/1732/1693 752/1733/1694 753/1731/1695
f 752/1734/1694 1530/348/322 750/360/331
f 771/369/340 1531/1730/1691 1529/473/434
f 774/1708/1670 1532/1732/1696 1531/1730/1691
f 773/1710/1673 1533/1735/1697 1532/1732/1693
f 1533/1736/1697 770/526/479 1530/348/322
f 766/502/458 1536/1737/1698 769/1738/1699
f 769/1739/1699 1537/1740/1700 768/1741/1701
f 768/1741/1702 1538/1742/1703 767/1743/1704
f 1538/1742/1703 765/354/326 767/1743/1704
f 1534/370/341 779/1719/1680 1536/1737/1698
f 1536/1744/1698 778/1721/1682 1537/1740/1700
f 1537/1740/1705 777/1724/1684 1538/1742/1703
f 777/1724/1684 1535/367/338 1538/1742/1703
f 781/503/459 1541/1745/1706 784/1746/1707
f 784/1747/1707 1542/1748/1708 783/1749/1709
f 783/1749/1710 1543/1750/1711 782/1751/1712
f 1543/1750/1711 780/373/343 782/1751/1712
f 1539/497/454 769/1738/1699 1541/1745/1706
f 1541/1752/1706 768/1741/1701 1542/1748/1708
f 1542/1748/1713 767/1743/1704 1543/1750/1711
f 767/1743/1704 1540/356/328 1543/1750/1711
f 755/359/330 1546/1753/1714 757/1715/1676
f 757/1715/1676 1547/1754/1715 758/1716/1677
f 758/1716/1716 1548/1755/1717 759/1717/1679
f 1548/1756/1717 756/379/349 759/1718/1679
f 1544/358/329 787/1757/1718 1546/1753/1714
f 1546/1753/1714 788/1758/1719 1547/1754/1715
f 1547/1754/1720 789/1759/1721 1548/1755/1717
f 789/1760/1721 1545/377/347 1548/1756/1717
f 785/388/357 1551/1761/1722 787/1757/1718
f 787/1757/1718 1552/1762/1723 788/1758/1719
f 788/1758/1724 1553/1763/1725 789/1759/1721
f 1553/1764/1725 786/376/346 789/1760/1721
f 1549/397/365 797/1765/1726 1551/1761/1722
f 1551/1761/1722 798/1766/1727 1552/1762/1723
f 1552/1762/1728 799/1767/1729 1553/1763/1725
f 799/1768/1729 1550/374/344 1553/1764/1725
f 791/538/491 1556/1769/1730 794/1770/1731
f 794/1771/1731 1557/1772/1732 793/1773/1733
f 793/1773/1734 1558/1774/1735 792/1775/1736
f 792/1775/1736 1555/381/351 790/383/353
f 1554/531/484 784/1746/1707 1556/1769/1730
f 1556/1776/1730 783/1749/1709 1557/1772/1732
f 1557/1772/1737 782/1751/1712 1558/1774/1735
f 782/1751/1712 1555/381/351 1558/1774/1735
f 1559/514/469 832/1194/1121 820/512/467
f 1561/1777/1738 833/1181/1111 832/1194/1121
f 1562/1778/1739 823/1178/1108 833/1181/1111
f 1563/1779/1740 818/530/483 823/1178/1108
f 801/1164/1096 1561/1777/1738 1559/514/469
f 811/1163/1095 1562/1778/1739 1561/1777/1738
f 804/1169/1099 1563/1779/1740 1562/1778/1739
f 803/1157/1088 1560/479/438 1563/1779/1740
f 795/396/364 1566/1780/1741 797/1765/1726
f 797/1765/1726 1567/1781/1742 798/1766/1727
f 798/1766/1743 1568/1782/1744 799/1767/1729
f 1568/1783/1744 796/386/356 799/1768/1729
f 1564/496/453 834/1193/1120 1566/1780/1741
f 1566/1780/1741 828/1195/1122 1567/1781/1742
f 1567/1781/1745 827/1186/1116 1568/1782/1744
f 827/1784/1116 1565/384/354 1568/1783/1744
f 801/1164/1096 1571/1785/1746 809/1162/1094
f 809/1167/1094 1572/1786/1747 810/1165/1097
f 810/1165/1097 1573/1787/1748 815/1172/1102
f 815/1172/1102 1570/390/359 802/391/360
f 1569/513/468 794/1770/1731 1571/1785/1746
f 1571/1788/1746 793/1773/1733 1572/1786/1747
f 1572/1786/1747 792/1775/1736 1573/1787/1748
f 1573/1787/1748 790/383/353 1570/390/359
f 1574/413/380 762/1789/1686 760/537/490
f 1576/1790/1749 763/1727/1750 762/1726/1686
f 1577/1791/1751 764/1792/1752 763/1727/1688
f 764/1792/1752 1575/506/461 761/362/333
f 842/472/433 1576/1793/1749 1574/413/380
f 844/1794/1753 1577/1791/1754 1576/1790/1749
f 845/1795/1755 1578/1796/1756 1577/1791/1751
f 1578/1796/1756 843/402/370 1575/506/461
f 1579/345/319 841/1797/1757 838/522/476
f 1581/1798/1758 840/1799/1759 841/1797/1757
f 1582/1800/1760 839/1801/1761 840/1799/1762
f 839/1802/1761 1580/398/366 837/400/368
f 751/347/321 1581/1798/1758 1579/345/319
f 754/1729/1690 1582/1800/1763 1581/1798/1758
f 753/1731/1695 1583/1803/1764 1582/1800/1760
f 1583/1804/1764 750/360/331 1580/398/366
f 854/1212/1140 1586/1805/1765 864/1210/1138
f 864/1210/1138 1587/1806/1766 865/1201/1128
f 865/1201/1128 1588/1807/1767 856/1197/1124
f 856/1197/1124 1585/519/426 852/521/475
f 1584/487/445 849/1808/1768 1586/1805/1765
f 1586/1805/1765 850/1809/1769 1587/1806/1766
f 1587/1806/1766 851/1810/1770 1588/1807/1767
f 1588/1811/1767 848/408/376 1585/464/426
f 1589/488/446 844/1812/1753 842/472/433
f 1591/1813/1771 845/1795/1772 844/1794/1753
f 1592/1814/1773 846/1815/1774 845/1795/1755
f 1593/1816/1775 843/402/370 846/1815/1774
f 854/1212/1140 1591/1817/1771 1589/488/446
f 866/1216/1139 1592/1814/1776 1591/1813/1771
f 861/1215/1777 1593/1816/1775 1592/1814/1773
f 860/1206/1133 1590/410/378 1593/1816/1775
f 1594/490/448 849/1808/1768 847/489/447
f 1596/1818/1778 850/1809/1769 849/1808/1768
f 1597/1819/1779 851/1810/1770 850/1809/1769
f 851/1820/1770 1595/406/374 848/408/376
f 838/522/476 1596/1818/1778 1594/490/448
f 841/1797/1757 1597/1819/1780 1596/1818/1778
f 840/1799/1762 1598/1821/1781 1597/1819/1779
f 839/1802/1761 1595/406/374 1598/1822/1781
f 1599/486/444 893/1823/1782 890/415/381
f 1601/1824/1783 892/1825/1784 893/1823/1782
f 1602/1826/1785 891/1827/1786 892/1825/1784
f 1603/1828/1787 889/536/489 891/1827/1786
f 874/435/400 1601/1824/1783 1599/486/444
f 876/1829/1788 1602/1826/1785 1601/1824/1783
f 877/1830/1789 1603/1828/1787 1602/1826/1785
f 878/1831/1790 1600/535/488 1603/1828/1787
f 895/429/394 1606/1832/1791 898/1833/1792
f 898/1833/1792 1607/1834/1793 897/1835/1794
f 897/1835/1794 1608/1836/1795 896/1837/1796
f 896/1837/1796 1605/467/429 894/470/432
f 1604/428/393 881/1838/1797 1606/1832/1791
f 1606/1832/1791 882/1839/1798 1607/1834/1793
f 1607/1834/1793 883/1840/1799 1608/1836/1795
f 1608/1836/1795 880/468/430 1605/467/429
f 870/425/390 1611/1841/1800 873/1842/1801
f 873/1842/1801 1612/1843/1802 872/1844/1803
f 872/1844/1803 1613/1845/1804 871/1846/1805
f 871/1846/1805 1610/484/443 869/450/415
f 1609/416/382 893/1823/1782 1611/1841/1800
f 1611/1841/1800 892/1825/1784 1612/1843/1802
f 1612/1843/1802 891/1827/1786 1613/1845/1804
f 1613/1845/1804 889/536/489 1610/484/443
f 1614/430/395 888/1847/1806 885/469/431
f 1616/1848/1807 887/1849/1808 888/1847/1806
f 1617/1850/1809 886/1851/1810 887/1849/1808
f 1618/1852/1811 884/527/480 886/1851/1810
f 895/429/394 1616/1848/1807 1614/430/395
f 898/1833/1792 1617/1850/1809 1616/1848/1807
f 897/1835/1794 1618/1852/1811 1617/1850/1809
f 896/1837/1796 1615/505/460 1618/1852/1811
f 1619/421/386 903/1853/1812 900/499/455
f 1621/1854/1813 902/1855/1814 903/1853/1812
f 1622/1856/1815 901/1857/1816 902/1855/1814
f 1623/1858/1817 899/422/387 901/1857/1816
f 885/469/431 1621/1854/1813 1619/421/386
f 888/1847/1806 1622/1856/1815 1621/1854/1813
f 887/1849/1808 1623/1858/1817 1622/1856/1815
f 886/1851/1810 1620/438/403 1623/1858/1817
f 1624/436/401 876/1829/1788 874/435/400
f 1626/1859/1818 877/1830/1789 876/1829/1788
f 1627/1860/1819 878/1831/1790 877/1830/1789
f 1628/1861/1820 875/534/487 878/1831/1790
f 904/441/406 1626/1859/1818 1624/436/401
f 906/1862/1821 1627/1860/1819 1626/1859/1818
f 907/1863/1822 1628/1861/1820 1627/1860/1819
f 908/1864/1823 1625/418/384 1628/1861/1820
f 1629/442/407 906/1862/1821 904/441/406
f 1631/1865/1824 907/1863/1822 906/1862/1821
f 1632/1866/1825 908/1864/1823 907/1863/1822
f 1633/1867/1826 905/482/441 908/1864/1823
f 914/446/411 1631/1865/1824 1629/442/407
f 916/1868/1827 1632/1866/1825 1631/1865/1824
f 917/1869/1828 1633/1867/1826 1632/1866/1825
f 918/1870/1829 1630/528/481 1633/1867/1826
f 1634/437/402 913/1871/1830 910/532/485
f 1636/1872/1831 912/1873/1832 913/1871/1830
f 1637/1874/1833 911/1875/1834 912/1873/1832
f 1638/1876/1835 909/445/410 911/1875/1834
f 900/499/455 1636/1872/1831 1634/437/402
f 903/1853/1812 1637/1874/1833 1636/1872/1831
f 902/1855/1814 1638/1876/1835 1637/1874/1833
f 901/1857/1816 1635/424/389 1638/1876/1835
f 1639/481/440 940/1877/1163 937/533/486
f 940/1238/1163 1642/1878/1836 941/1241/1165
f 941/1241/1165 1643/1879/1837 948/1247/1171
f 948/1247/1171 1640/516/471 938/518/473
f 1639/481/440 923/1220/1146 1641/1880/1838
f 1641/1881/1838 933/1234/1150 1642/1878/1836
f 1642/1878/1836 932/1232/1158 1643/1879/1837
f 1643/1879/1837 921/517/472 1640/516/471
f 1644/448/413 916/1868/1827 914/446/411
f 1646/1882/1839 917/1869/1828 916/1868/1827
f 1647/1883/1840 918/1870/1829 917/1869/1828
f 1648/1884/1841 915/525/478 918/1870/1829
f 939/1253/1177 1646/1882/1839 1644/448/413
f 953/1252/1176 1647/1883/1840 1646/1882/1839
f 947/1255/1179 1648/1884/1841 1647/1883/1840
f 946/1248/1172 1645/500/456 1648/1884/1841
f 1649/443/408 927/1228/1154 920/449/414
f 1651/1885/1842 928/1236/1161 927/1228/1154
f 1652/1886/1843 934/1233/1159 928/1236/1161
f 1653/1887/1844 921/517/472 934/1233/1159
f 910/532/485 1651/1885/1842 1649/443/408
f 913/1871/1830 1652/1886/1843 1651/1885/1842
f 912/1873/1832 1653/1887/1844 1652/1886/1843
f 911/1875/1834 1650/515/470 1653/1887/1844
f 879/432/397 1656/1888/1845 881/1838/1797
f 881/1838/1797 1657/1889/1846 882/1839/1798
f 882/1839/1798 1658/1890/1847 883/1840/1799
f 883/1840/1799 1655/510/465 880/468/430
f 1654/453/416 963/1891/1848 1656/1888/1845
f 1656/1888/1845 964/1892/1849 1657/1889/1846
f 1657/1889/1846 965/1893/1850 1658/1890/1847
f 1658/1890/1847 962/474/435 1655/510/465
f 957/455/418 1661/1894/1851 960/1895/1852
f 960/1895/1852 1662/1896/1853 959/1897/1854
f 959/1897/1854 1663/1898/1855 958/1899/1856
f 958/1899/1856 1660/459/421 956/458/420
f 1659/426/391 873/1842/1801 1661/1894/1851
f 1661/1894/1851 872/1844/1803 1662/1896/1853
f 1662/1896/1853 871/1846/1805 1663/1898/1855
f 1663/1898/1855 869/450/415 1660/459/421
f 1664/466/428 974/1258/1182 971/523/477
f 1666/1900/1857 975/1267/1192 974/1258/1182
f 1667/1901/1858 981/1263/1188 975/1267/1192
f 1668/1902/1859 972/1264/1189 981/1263/1188
f 966/462/424 1666/1900/1857 1664/466/428
f 968/1903/1860 1667/1901/1858 1666/1900/1857
f 969/1904/1861 1668/1902/1859 1667/1901/1858
f 970/1905/1862 1665/494/452 1668/1902/1859
f 961/454/417 1671/1906/1863 963/1891/1848
f 963/1891/1848 1672/1907/1864 964/1892/1849
f 964/1892/1849 1673/1908/1865 965/1893/1850
f 965/1893/1850 1670/493/451 962/474/435
f 1669/460/422 985/1270/1196 1671/1906/1863
f 1671/1906/1863 980/1265/1190 1672/1907/1864
f 1672/1907/1864 979/1262/1187 1673/1908/1865
f 1673/1908/1865 972/1264/1189 1670/493/451
f 966/462/424 1676/1909/1866 968/1903/1860
f 968/1903/1860 1677/1910/1867 969/1904/1861
f 969/1904/1861 1678/1911/1868 970/1905/1862
f 970/1905/1862 1675/492/450 967/491/449
f 1674/456/419 960/1895/1852 1676/1909/1866
f 1676/1909/1866 959/1897/1854 1677/1910/1867
f 1677/1910/1867 958/1899/1856 1678/1911/1868
f 1678/1911/1868 956/458/420 1675/492/450
f 973/461/423 1681/1912/1869 984/1913/1197
f 984/1914/1870 1680/520/474 971/1915/1871
f 1679/411/379 855/1205/1872 1681/1912/1869
f 1681/1916/1873 852/521/475 1680/520/474
f 1682/392/361 814/1917/1103 802/391/360
f 1684/1918/1874 805/1156/1875 814/1160/1876
f 805/1156/1087 1683/480/439 800/477/436
f 920/449/414 1684/1919/1877 1682/392/361
f 929/1920/1878 1685/1921/1879 1684/1918/1874
f 1685/1921/1880 919/1218/1144 1683/480/439
f 939/1253/1177 1688/1922/1881 951/1251/1175
f 951/1251/1175 1689/1923/1882 952/1244/1168
f 952/1244/1168 1690/1924/1883 942/1239/1164
f 942/1925/1164 1687/529/482 937/533/486
f 1686/447/412 829/1185/1115 1688/1922/1881
f 1688/1922/1881 822/1190/1109 1689/1923/1882
f 1689/1923/1882 821/1926/1107 1690/1924/1883
f 1690/1927/1883 818/530/483 1687/529/482
f 1009/560/510 1693/1928/1884 1012/1929/1885
f 1012/1929/1885 1694/1930/1886 1011/1931/1887
f 1011/1932/1888 1695/1933/1889 1010/1934/1890
f 1695/1933/1889 1008/714/643 1010/1934/1890
f 1691/559/509 995/1935/1891 1693/1928/1884
f 1693/1928/1884 996/1936/1892 1694/1930/1886
f 1694/1937/1893 997/1938/1894 1695/1933/1889
f 997/1938/1894 1692/674/609 1695/1933/1889
f 1696/596/543 1017/1939/1895 1014/543/495
f 1698/1940/1896 1016/1941/1897 1017/1942/1895
f 1699/1943/1898 1015/1944/1899 1016/1941/1900
f 1015/1944/1899 1697/654/592 1013/556/506
f 998/723/652 1698/1945/1896 1696/596/543
f 1000/1946/1901 1699/1943/1902 1698/1940/1896
f 1001/1947/1903 1700/1948/1904 1699/1943/1898
f 1700/1948/1904 999/553/503 1697/654/592
f 1701/664/601 992/1949/1905 989/509/464
f 1703/1950/1906 991/1951/1907 992/1949/1905
f 1704/1952/1908 990/1953/1909 991/1954/1910
f 990/1953/1909 1702/539/492 988/551/501
f 1009/560/510 1703/1950/1906 1701/664/601
f 1012/1929/1885 1704/1955/1911 1703/1950/1906
f 1011/1932/1888 1705/1956/1912 1704/1952/1908
f 1705/1956/1912 1008/714/643 1702/539/492
f 1004/693/625 1708/1957/1913 1007/1958/1914
f 1007/1959/1914 1709/1960/1915 1006/1961/1916
f 1006/1961/1917 1710/1962/1918 1005/1963/1919
f 1710/1962/1918 1003/545/496 1005/1963/1919
f 1706/561/511 1017/1939/1895 1708/1957/1913
f 1708/1964/1913 1016/1941/1897 1709/1960/1915
f 1709/1960/1920 1015/1944/1899 1710/1962/1918
f 1015/1944/1899 1707/558/508 1710/1962/1918
f 1019/694/626 1713/1965/1921 1022/1966/1922
f 1022/1967/1922 1714/1968/1923 1021/1969/1924
f 1021/1969/1925 1715/1970/1926 1020/1971/1927
f 1715/1970/1926 1018/564/513 1020/1971/1927
f 1711/688/621 1007/1958/1914 1713/1965/1921
f 1713/1972/1921 1006/1961/1916 1714/1968/1923
f 1714/1968/1928 1005/1963/1919 1715/1970/1926
f 1005/1963/1919 1712/547/498 1715/1970/1926
f 993/550/500 1718/1973/1929 995/1935/1891
f 995/1935/1891 1719/1974/1930 996/1936/1892
f 996/1975/1931 1720/1976/1932 997/1938/1894
f 1720/1976/1932 994/570/519 997/1938/1894
f 1716/549/499 1025/1977/1933 1718/1973/1929
f 1718/1973/1929 1026/1978/1934 1719/1974/1930
f 1719/1979/1935 1027/1980/1936 1720/1976/1932
f 1027/1980/1936 1717/568/517 1720/1976/1932
f 1023/579/527 1723/1981/1937 1025/1977/1933
f 1025/1977/1933 1724/1982/1938 1026/1978/1934
f 1026/1983/1939 1725/1984/1940 1027/1980/1936
f 1725/1984/1940 1024/567/516 1027/1980/1936
f 1721/588/535 1035/1985/1941 1723/1981/1937
f 1723/1981/1937 1036/1986/1942 1724/1982/1938
f 1724/1987/1943 1037/1988/1944 1725/1984/1940
f 1037/1988/1944 1722/565/514 1725/1984/1940
f 1029/724/653 1728/1989/1945 1032/1990/1946
f 1032/1991/1946 1729/1992/1947 1031/1993/1948
f 1031/1993/1949 1730/1994/1950 1030/1995/1951
f 1730/1994/1950 1028/574/523 1030/1995/1951
f 1726/717/646 1022/1966/1922 1728/1989/1945
f 1728/1996/1945 1021/1969/1924 1729/1992/1947
f 1729/1992/1952 1020/1971/1927 1730/1994/1950
f 1020/1971/1927 1727/572/521 1730/1994/1950
f 1731/702/633 1060/1997/1953 1057/700/631
f 1733/1998/1954 1059/1999/1955 1060/1997/1953
f 1734/2000/1956 1058/2001/1957 1059/1999/1955
f 1735/2002/1958 1056/584/532 1058/2003/1957
f 1039/1282/1210 1733/1998/1954 1731/702/633
f 1049/1281/1209 1734/2000/1956 1733/1998/1954
f 1042/1287/1213 1735/2004/1958 1734/2000/1956
f 1041/2005/1203 1732/668/603 1735/2002/1958
f 1033/587/534 1738/2006/1959 1035/1985/1941
f 1035/1985/1941 1739/2007/1960 1036/1986/1942
f 1036/2008/1961 1740/2009/1962 1037/1988/1944
f 1037/1988/1944 1737/575/524 1034/577/526
f 1736/687/620 1060/1997/1953 1738/2006/1959
f 1738/2006/1963 1059/1999/1955 1739/2007/1960
f 1739/2010/1964 1058/2003/1957 1740/2009/1962
f 1058/2003/1957 1737/575/524 1740/2009/1962
f 1039/1282/1210 1743/2011/1965 1047/1280/1208
f 1047/1285/1208 1744/2012/1966 1048/1283/1211
f 1048/1283/1220 1745/2013/1967 1053/1290/1216
f 1053/1290/1216 1742/581/529 1040/583/531
f 1741/701/632 1032/1990/1946 1743/2011/1965
f 1743/2014/1965 1031/1993/1948 1744/2012/1966
f 1744/2012/1968 1030/1995/1951 1745/2013/1967
f 1745/2013/1967 1028/574/523 1742/581/529
f 1746/604/550 1000/2015/1901 998/723/652
f 1748/2016/1969 1001/1947/1970 1000/1946/1901
f 1749/2017/1971 1002/2018/1972 1001/1947/1903
f 1002/2018/1972 1747/697/628 999/553/503
f 1066/663/600 1748/2019/1969 1746/604/550
f 1068/2020/1973 1749/2017/1974 1748/2016/1969
f 1069/2021/1975 1750/2022/1976 1749/2017/1971
f 1750/2022/1976 1067/593/540 1747/697/628
f 1751/507/462 1065/2023/1977 1062/710/640
f 1753/2024/1978 1064/2025/1979 1065/2023/1977
f 1754/2026/1980 1063/2027/1981 1064/2028/1982
f 1063/2027/1981 1752/589/536 1061/591/538
f 989/509/464 1753/2024/1978 1751/507/462
f 992/1949/1905 1754/2029/1983 1753/2024/1978
f 991/1954/1910 1755/2030/1984 1754/2026/1980
f 1755/2030/1984 988/551/501 1752/589/536
f 1078/1311/1238 1758/2031/1985 1089/1309/1236
f 1089/1309/1236 1759/2032/1986 1090/1300/1227
f 1090/1300/1227 1760/2033/1987 1080/1296/1223
f 1080/1296/1223 1757/707/593 1076/709/639
f 1756/678/612 1073/2034/1988 1758/2031/1985
f 1758/2031/1985 1074/2035/1989 1759/2032/1986
f 1759/2032/1986 1075/2036/1990 1760/2033/1987
f 1760/2037/1987 1072/599/546 1757/655/593
f 1761/679/613 1068/2038/1973 1066/663/600
f 1763/2039/1991 1069/2021/1992 1068/2020/1973
f 1764/2040/1993 1070/2041/1994 1069/2021/1975
f 1765/2042/1995 1067/593/540 1070/2041/1994
f 1078/1311/1238 1763/2043/1991 1761/679/613
f 1091/1315/1237 1764/2040/1996 1763/2039/1991
f 1085/1314/1997 1765/2042/1995 1764/2040/1993
f 1084/1305/1232 1762/601/548 1765/2042/1995
f 1766/681/615 1073/2034/1988 1071/680/614
f 1768/2044/1998 1074/2035/1989 1073/2034/1988
f 1769/2045/1999 1075/2046/1990 1074/2047/1989
f 1075/2046/1990 1767/597/544 1072/599/546
f 1062/710/640 1768/2044/1998 1766/681/615
f 1065/2023/1977 1769/2048/2000 1768/2044/1998
f 1064/2028/1982 1770/2049/2001 1769/2045/1999
f 1063/2027/1981 1767/597/544 1770/2049/2001
f 1771/677/611 1118/2050/2002 1115/606/551
f 1773/2051/2003 1117/2052/2004 1118/2050/2002
f 1774/2053/2005 1116/2054/2006 1117/2052/2004
f 1775/2055/2007 1114/722/651 1116/2054/2006
f 1099/626/569 1773/2051/2003 1771/677/611
f 1101/2056/2008 1774/2053/2005 1773/2051/2003
f 1102/2057/2009 1775/2055/2007 1774/2053/2005
f 1103/2058/2010 1772/721/650 1775/2055/2007
f 1120/620/563 1778/2059/2011 1123/2060/2012
f 1123/2060/2012 1779/2061/2013 1122/2062/2014
f 1122/2062/2014 1780/2063/2015 1121/2064/2016
f 1121/2064/2016 1777/658/596 1119/661/599
f 1776/619/562 1106/2065/2017 1778/2059/2011
f 1778/2059/2011 1107/2066/2018 1779/2061/2013
f 1779/2061/2013 1108/2067/2019 1780/2063/2015
f 1780/2063/2015 1105/659/597 1777/658/596
f 1095/616/559 1783/2068/2020 1098/2069/2021
f 1098/2069/2021 1784/2070/2022 1097/2071/2023
f 1097/2071/2023 1785/2072/2024 1096/2073/2025
f 1096/2073/2025 1782/675/610 1094/641/582
f 1781/607/552 1118/2050/2002 1783/2068/2020
f 1783/2068/2020 1117/2052/2004 1784/2070/2022
f 1784/2070/2022 1116/2054/2006 1785/2072/2024
f 1785/2072/2024 1114/722/651 1782/675/610
f 1786/621/564 1113/2074/2026 1110/660/598
f 1788/2075/2027 1112/2076/2028 1113/2074/2026
f 1789/2077/2029 1111/2078/2030 1112/2076/2028
f 1790/2079/2031 1109/715/644 1111/2078/2030
f 1120/620/563 1788/2075/2027 1786/621/564
f 1123/2060/2012 1789/2077/2029 1788/2075/2027
f 1122/2062/2014 1790/2079/2031 1789/2077/2029
f 1121/2064/2016 1787/696/627 1790/2079/2031
f 1791/612/556 1128/2080/2032 1125/690/622
f 1793/2081/2033 1127/2082/2034 1128/2080/2032
f 1794/2083/2035 1126/2084/2036 1127/2082/2034
f 1795/2085/2037 1124/613/557 1126/2084/2036
f 1110/660/598 1793/2081/2033 1791/612/556
f 1113/2074/2026 1794/2083/2035 1793/2081/2033
f 1112/2076/2028 1795/2085/2037 1794/2083/2035
f 1111/2078/2030 1792/629/572 1795/2085/2037
f 1796/627/570 1101/2056/2008 1099/626/569
f 1798/2086/2038 1102/2057/2009 1101/2056/2008
f 1799/2087/2039 1103/2058/2010 1102/2057/2009
f 1800/2088/2040 1100/720/649 1103/2058/2010
f 1129/632/574 1798/2086/2038 1796/627/570
f 1131/2089/2041 1799/2087/2039 1798/2086/2038
f 1132/2090/2042 1800/2088/2040 1799/2087/2039
f 1133/2091/2043 1797/609/554 1800/2088/2040
f 1801/633/575 1131/2089/2041 1129/632/574
f 1803/2092/2044 1132/2090/2042 1131/2089/2041
f 1804/2093/2045 1133/2091/2043 1132/2090/2042
f 1805/2094/2046 1130/673/608 1133/2091/2043
f 1139/637/578 1803/2092/2044 1801/633/575
f 1141/2095/2047 1804/2093/2045 1803/2092/2044
f 1142/2096/2048 1805/2094/2046 1804/2093/2045
f 1143/2097/2049 1802/716/645 1805/2094/2046
f 1806/628/571 1138/2098/2050 1135/718/647
f 1808/2099/2051 1137/2100/2052 1138/2098/2050
f 1809/2101/2053 1136/2102/2054 1137/2100/2052
f 1810/2103/2055 1134/636/577 1136/2102/2054
f 1125/690/622 1808/2099/2051 1806/628/571
f 1128/2080/2032 1809/2101/2053 1808/2099/2051
f 1127/2082/2034 1810/2103/2055 1809/2101/2053
f 1126/2084/2036 1807/615/558 1810/2103/2055
f 1162/719/648 1813/2104/2056 1165/2105/2057
f 1165/2105/2057 1814/2106/2058 1164/2107/2059
f 1164/2107/2059 1815/2108/2060 1163/2109/2061
f 1163/2109/2061 1812/704/635 1161/706/637
f 1811/672/607 1147/1318/1243 1813/2104/2056
f 1813/2104/2056 1157/1323/1247 1814/2106/2058
f 1814/2106/2058 1156/1330/1255 1815/2108/2060
f 1815/2108/2060 1146/705/636 1812/704/635
f 1816/639/580 1141/2095/2047 1139/637/578
f 1818/2110/2062 1142/2096/2048 1141/2095/2047
f 1819/2111/2063 1143/2097/2049 1142/2096/2048
f 1820/2112/2064 1140/713/642 1143/2097/2049
f 1162/719/648 1818/2110/2062 1816/639/580
f 1165/2105/2057 1819/2111/2063 1818/2110/2062
f 1164/2107/2059 1820/2112/2064 1819/2111/2063
f 1163/2109/2061 1817/691/623 1820/2112/2064
f 1821/634/576 1151/1327/1251 1145/640/581
f 1823/2113/2065 1152/1333/1258 1151/1327/1251
f 1824/2114/2066 1158/1331/1256 1152/1333/1258
f 1825/2115/2067 1146/705/636 1158/1331/1256
f 1135/718/647 1823/2113/2065 1821/634/576
f 1138/2098/2050 1824/2114/2066 1823/2113/2065
f 1137/2100/2052 1825/2115/2067 1824/2114/2066
f 1136/2102/2054 1822/703/634 1825/2115/2067
f 1104/623/566 1828/2116/2068 1106/2065/2017
f 1106/2065/2017 1829/2117/2069 1107/2066/2018
f 1107/2066/2018 1830/2118/2070 1108/2067/2019
f 1108/2067/2019 1827/698/629 1105/659/597
f 1826/644/583 1173/2119/2071 1828/2116/2068
f 1828/2116/2068 1174/2120/2072 1829/2117/2069
f 1829/2117/2069 1175/2121/2073 1830/2118/2070
f 1830/2118/2070 1172/665/602 1827/698/629
f 1167/646/585 1833/2122/2074 1170/2123/2075
f 1170/2123/2075 1834/2124/2076 1169/2125/2077
f 1169/2125/2077 1835/2126/2078 1168/2127/2079
f 1168/2127/2079 1832/650/588 1166/649/587
f 1831/617/560 1098/2069/2021 1833/2122/2074
f 1833/2122/2074 1097/2071/2023 1834/2124/2076
f 1834/2124/2076 1096/2073/2025 1835/2126/2078
f 1835/2126/2078 1094/641/582 1832/650/588
f 1836/657/595 1184/1337/1262 1181/1334/641
f 1838/2128/2080 1185/1346/1271 1184/1337/1262
f 1839/2129/2081 1192/1342/1267 1185/1346/1271
f 1840/2130/2082 1182/1343/1268 1192/1342/1267
f 1176/653/591 1838/2128/2080 1836/657/595
f 1178/2131/2083 1839/2129/2081 1838/2128/2080
f 1179/2132/2084 1840/2130/2082 1839/2129/2081
f 1180/2133/2085 1837/685/619 1840/2130/2082
f 1171/645/584 1843/2134/2086 1173/2119/2071
f 1173/2119/2071 1844/2135/2087 1174/2120/2072
f 1174/2120/2072 1845/2136/2088 1175/2121/2073
f 1175/2121/2073 1842/684/618 1172/665/602
f 1841/651/589 1195/1349/1275 1843/2134/2086
f 1843/2134/2086 1191/1344/1269 1844/2135/2087
f 1844/2135/2087 1190/1341/1266 1845/2136/2088
f 1845/2136/2088 1182/1343/1268 1842/684/618
f 1176/653/591 1848/2137/2089 1178/2131/2083
f 1178/2131/2083 1849/2138/2090 1179/2132/2084
f 1179/2132/2084 1850/2139/2091 1180/2133/2085
f 1180/2133/2085 1847/683/617 1177/682/616
f 1846/647/586 1170/2123/2075 1848/2137/2089
f 1848/2137/2089 1169/2125/2077 1849/2138/2090
f 1849/2138/2090 1168/2127/2079 1850/2139/2091
f 1850/2139/2091 1166/649/587 1847/683/617
f 1183/652/590 1853/2140/2092 1186/2141/1276
f 1186/2142/1261 1852/708/638 1181/712/641
f 1851/602/549 1086/1304/2093 1853/2140/2092
f 1853/2143/2094 1086/2144/2094 1079/1297/2094
f 1853/2145/2095 1076/709/639 1852/708/638
f 1040/583/531 1856/2146/2096 1052/2147/2097
f 1052/1278/2098 1856/2148/2098 1043/1274/2099
f 1856/2149/2100 1038/2150/1200 1043/2151/2101
f 1854/582/530 1153/1326/1250 1856/2146/2096
f 1153/2152/2102 1855/669/604 1856/2149/2100
f 485/1622/2103 486/2153/819 1861/1620/818
f 442/1605/2104 443/2154/2104 1859/1603/2105
f 454/1606/2106 1860/849/2107 451/2155/780
f 510/1637/2108 1858/2156/2109 1857/2157/2108
f 457/195/171 1432/341/315 129/196/172
f 1428/198/174 504/913/835 1516/199/175
f 135/200/176 1516/199/175 731/201/177
f 715/203/179 1473/329/303 130/204/180
f 1468/205/181 130/204/180 1478/214/190
f 33/239/215 553/302/276 1370/240/216
f 34/197/173 129/196/172 1375/242/218
f 457/195/171 34/197/173 127/255/230
f 34/197/173 533/243/219 1365/261/236
f 35/268/243 572/269/244 1375/242/218
f 35/268/243 128/241/217 1370/240/216
f 490/279/253 1422/256/231 127/255/230
f 491/283/257 1428/198/174 135/200/176
f 456/285/259 1503/305/279 138/286/260
f 1374/288/262 120/301/275 1383/249/224
f 1433/287/261 138/286/260 1515/290/264
f 1423/292/266 489/896/822 1499/293/267
f 31/229/205 570/231/207 1369/253/228
f 571/300/274 1387/250/225 120/301/275
f 33/239/215 127/255/230 1365/261/236
f 1498/284/258 135/200/176 1472/202/178
f 490/279/253 33/239/215 128/241/217
f 505/328/302 1427/327/301 128/241/217
f 1478/214/190 130/204/180 1473/329/303
f 117/294/268 1499/293/267 713/331/305
f 505/328/302 35/268/243 129/196/172
f 455/342/316 1423/292/266 117/294/268
f 1504/343/317 117/294/268 1467/332/306
f 765/354/326 59/420/385 165/355/327
f 775/365/336 50/427/392 160/366/337
f 1540/356/328 165/355/327 57/372/342
f 780/373/343 57/372/342 159/380/350
f 1555/381/351 159/380/350 58/382/352
f 790/383/353 58/382/352 166/389/358
f 45/417/383 875/534/487 1625/418/384
f 59/420/385 885/469/431 1619/421/386
f 899/422/387 43/439/404 149/423/388
f 50/427/392 154/431/396 1604/428/393
f 50/427/392 895/429/394 1614/430/395
f 154/431/396 49/364/335 879/432/397
f 57/372/342 900/499/455 1634/437/402
f 1620/438/403 148/419/383 43/439/404
f 58/382/352 910/532/485 1649/443/408
f 1635/424/389 149/423/388 46/444/409
f 1682/392/361 166/389/358 1649/443/408
f 869/450/415 1610/484/443 147/451/383
f 49/364/335 153/363/334 1654/453/416
f 153/363/334 48/404/372 961/454/417
f 151/457/383 47/476/383 956/458/420
f 48/404/372 161/403/371 1669/460/422
f 161/403/371 1679/411/379 973/461/423
f 42/452/383 147/451/383 1605/467/429
f 1535/367/338 160/366/337 59/420/385
f 160/366/337 1614/430/395 885/469/431
f 147/451/383 44/485/383 894/470/432
f 962/474/435 1670/493/451 152/475/383
f 148/419/383 1625/418/384 905/482/441
f 1610/484/443 889/536/489 44/485/383
f 152/475/383 1665/494/452 967/491/449
f 1670/493/451 972/1264/1189 1665/494/452
f 165/355/327 1619/421/386 900/499/455
f 46/444/409 915/525/478 1645/500/456
f 146/504/383 1615/505/460 894/470/432
f 45/417/383 884/527/480 1615/505/460
f 42/452/383 151/457/383 1660/459/421
f 1655/510/465 962/474/435 47/476/383
f 1650/515/470 150/501/457 1640/516/471
f 150/501/457 1645/500/456 938/518/473
f 47/476/383 152/475/383 1675/492/450
f 149/423/388 1630/528/481 915/525/478
f 884/527/480 45/417/383 148/419/383
f 43/439/404 905/482/441 1630/528/481
f 159/380/350 1634/437/402 910/532/485
f 875/534/487 45/417/383 146/504/383
f 1600/535/488 146/504/383 44/485/383
f 909/445/410 46/444/409 150/501/457
f 880/468/430 1655/510/465 151/457/383
f 1367/1577/1501 1368/1578/1502 538/945/870
f 1368/1578/1502 1365/261/236 533/243/219
f 566/968/892 565/976/900 1368/1578/1502
f 565/976/900 553/302/276 1365/261/236
f 561/973/897 1372/1581/1505 1373/1580/1504
f 567/977/901 1373/1580/1504 1370/240/216
f 1376/1582/1506 1377/1585/1509 580/1583/1507
f 1377/1584/1508 1375/242/218 572/269/244
f 1374/288/262 534/289/263 544/952/877
f 1376/1582/1506 544/952/877 537/956/881
f 1377/1584/1508 536/944/869 533/243/219
f 1425/1631/1564 1426/1632/1566 459/856/1565
f 1422/256/231 490/279/253 498/905/1567
f 1426/1632/1566 492/894/820 489/896/822
f 1427/327/301 1429/1633/1568 498/902/1567
f 1429/1633/1568 1430/1634/1569 497/910/829
f 1430/1634/1569 1429/1633/1568 1858/2156/2110
f 1429/1633/1568 510/1636/1571 1858/2156/2110
f 1430/1634/1569 1858/2156/2110 507/911/833
f 1436/1640/1576 1433/287/261 506/291/265
f 1436/1640/1576 460/863/1579 456/285/259
f 1471/1667/1600 1468/1668/181 697/1112/191
f 713/331/305 718/1122/1055 1469/1665/1598
f 718/1122/1055 727/1125/1058 1470/1666/1599
f 727/1125/1058 726/1133/1066 1471/1667/1600
f 726/1133/1066 715/1135/179 1468/1668/181
f 722/1130/1063 1475/1670/1602 1476/1671/1603
f 728/1134/1067 1476/1671/1603 1473/1672/303
f 1476/1671/1603 745/1150/1082 733/1152/304
f 897/1835/1794 1607/1834/1793 1608/1836/1795
f 1606/1832/1791 881/1838/1797 882/1839/1798
f 1617/1850/1809 1618/1852/1811 886/1851/1810
f 1621/1854/1813 1622/1856/1815 902/1855/1814
f 1632/1866/1825 1633/1867/1826 908/1864/1823
f 1634/437/402 1636/1872/1831 913/1871/1830
f 1637/1874/1833 1638/1876/1835 911/1875/1834
f 901/1857/1816 899/422/387 1635/424/389
f 941/1241/1165 1642/1878/1836 1643/1879/1837
f 946/1248/1172 938/518/473 1645/500/456
f 881/1838/1797 1656/1888/1845 1657/1889/1846
f 883/1840/1799 1658/1890/1847 1655/510/465
f 1658/1890/1847 965/1893/1850 962/474/435
f 959/1897/1854 1662/1896/1853 1663/1898/1855
f 968/1903/1860 969/1904/1861 1667/1901/1858
f 963/1891/1848 1671/1906/1863 1672/1907/1864
f 1258/1/1 92/70/2 1/2/2
f 1209/4/4 220/182/160 20/5/5
f 88/7/2 1203/61/55 226/8/7
f 215/10/8 24/76/67 113/11/9
f 4/13/2 89/43/2 1223/14/11
f 200/16/13 1209/4/4 105/6/6
f 211/18/15 1254/162/142 101/19/16
f 225/21/18 15/83/73 108/22/19
f 3/9/2 87/27/2 1198/24/21
f 1213/26/23 216/158/139 4/13/2
f 1219/12/10 113/11/9 22/28/24
f 1229/30/26 104/96/85 19/31/27
f 1224/33/29 116/90/80 26/34/30
f 230/29/25 22/28/24 107/36/32
f 1234/37/33 107/36/32 23/38/34
f 1244/40/36 112/50/45 18/41/37
f 89/43/2 2/154/2 235/44/39
f 240/39/35 23/38/34 114/45/40
f 1249/46/41 114/45/40 1361/47/42
f 268/49/44 25/103/92 112/50/45
f 90/51/2 5/151/133 245/52/46
f 1259/54/48 200/16/13 16/17/14
f 273/56/50 1259/54/48 103/55/49
f 279/58/52 1269/66/60 109/59/53
f 1/2/2 210/193/169 1203/61/55
f 1274/62/56 273/56/50 17/57/51
f 284/64/58 1274/62/56 111/63/57
f 1269/66/60 289/755/683 1358/67/61
f 6/68/2 278/128/113 1253/69/62
f 105/6/6 20/5/5 327/71/63
f 10/73/65 312/190/166 1304/74/66
f 24/76/67 322/125/111 1298/77/68
f 336/78/69 8/95/65 97/79/65
f 103/55/49 16/17/14 307/81/71
f 15/83/73 102/87/77 1283/84/74
f 15/83/73 332/85/75 1293/86/76
f 102/87/77 14/20/17 316/88/78
f 115/89/79 1278/142/124 327/71/63
f 116/90/80 1303/92/82 311/91/81
f 19/31/27 341/97/86 1303/92/82
f 22/28/24 337/155/136 1313/93/83
f 1299/94/84 96/75/65 8/95/65
f 104/96/85 1308/98/87 341/97/86
f 18/41/37 351/102/91 1308/98/87
f 23/38/34 347/187/164 1328/99/88
f 1314/80/70 97/79/65 11/100/89
f 112/50/45 1323/104/93 351/102/91
f 25/103/92 374/189/165 1323/104/93
f 114/45/40 1328/99/88 357/105/94
f 306/106/95 1289/140/123 95/107/65
f 14/20/17 101/19/16 1333/109/96
f 101/19/16 13/60/54 383/110/97
f 111/63/57 17/57/51 379/111/98
f 99/113/65 12/132/65 378/114/100
f 13/60/54 109/59/53 1348/116/102
f 109/59/53 1358/67/61 395/117/103
f 21/65/59 111/63/57 1353/112/99
f 1204/119/105 211/18/15 14/20/17
f 1264/120/106 284/64/58 21/65/59
f 106/121/107 21/65/59 388/118/104
f 7/108/65 95/107/65 1284/123/109
f 226/8/7 1213/26/23 87/27/2
f 1214/23/20 108/22/19 24/76/67
f 108/22/19 1293/86/76 322/125/111
f 95/107/65 9/141/65 331/126/112
f 93/127/2 1268/144/126 278/128/113
f 201/3/3 1/2/2 88/7/2
f 16/17/14 105/6/6 1288/72/64
f 384/130/115 1349/149/131 100/131/65
f 236/32/28 19/31/27 116/90/80
f 1239/133/116 250/725/654 1362/134/117
f 110/135/118 1362/134/117 356/136/119
f 96/75/65 1304/74/66 342/138/121
f 206/35/31 26/34/30 115/89/79
f 225/21/18 1204/119/105 102/87/77
f 1289/140/123 326/192/168 9/141/65
f 26/34/30 311/91/81 1278/142/124
f 1263/143/125 290/764/692 1268/144/126
f 283/145/127 1263/143/125 93/127/2
f 100/131/65 1344/150/132 389/147/129
f 1349/149/131 394/798/724 1344/150/132
f 5/151/133 91/167/147 1243/152/134
f 1218/153/135 231/159/140 2/154/2
f 113/11/9 1298/77/68 337/155/136
f 11/100/89 352/181/159 1324/156/137
f 216/158/139 1218/153/135 89/43/2
f 231/159/140 1233/186/163 90/51/2
f 94/160/65 1294/161/141 331/126/112
f 10/73/65 321/183/161 1294/161/141
f 1254/162/142 279/58/52 13/60/54
f 7/108/65 99/113/65 1339/115/101
f 410/163/143 1392/210/186 136/164/144
f 1334/166/146 384/130/115 12/132/65
f 91/167/147 1238/170/150 269/168/148
f 1248/169/149 251/1429/664 1238/170/150
f 1329/171/151 98/157/138 1319/172/152
f 98/157/138 1324/156/137 373/174/154
f 1264/175/106 106/179/107 1359/176/155
f 274/178/157 6/68/2 92/70/2
f 17/57/51 103/55/49 1338/82/72
f 106/179/107 1343/1553/108 393/180/158
f 246/42/38 18/41/37 104/96/85
f 1273/146/128 93/127/2 6/68/2
f 12/132/65 100/131/65 1354/148/130
f 97/79/65 1309/184/162 352/181/159
f 2/154/2 90/51/2 1228/53/47
f 1199/139/122 115/89/79 20/5/5
f 321/183/161 10/73/65 96/75/65
f 8/95/65 342/138/121 1309/184/162
f 1239/185/116 110/188/118 25/103/92
f 1233/186/163 241/194/170 5/151/133
f 107/36/32 1313/93/83 347/187/164
f 110/188/118 1318/1534/120 374/189/165
f 1208/129/114 88/7/2 3/9/2
f 87/27/2 4/13/2 205/15/12
f 312/190/166 10/73/65 94/160/65
f 1279/191/167 94/160/65 9/141/65
f 92/70/2 1253/69/62 210/193/169
f 241/194/170 1248/169/149 91/167/147
f 346/101/90 11/100/89 98/157/138
f 317/124/110 1334/166/146 99/113/65
f 481/206/182 32/232/208 126/207/183
f 436/209/185 1506/281/255 136/164/144
f 137/211/187 1495/1686/1630 678/212/188
f 447/216/192 1402/316/290 123/217/193
f 424/219/195 1407/297/271 134/220/196
f 1443/222/198 131/336/310 1448/223/199
f 134/220/196 1511/298/272 641/225/201
f 27/227/203 535/260/235 1384/228/204
f 31/229/205 126/207/183 1388/230/206
f 32/232/208 517/299/273 1388/230/206
f 438/233/209 1403/247/222 133/234/210
f 1398/236/212 411/813/742 1483/237/213
f 412/244/220 28/273/203 121/245/203
f 1403/247/222 446/850/777 1487/248/223
f 1383/249/224 120/301/275 1387/250/225
f 30/252/227 124/277/251 1369/253/228
f 447/216/192 29/218/194 122/257/232
f 27/227/203 121/245/203 1364/259/234
f 1412/262/237 137/211/187 1510/263/238
f 425/265/240 1492/311/285 118/266/241
f 1418/267/242 118/266/241 1496/270/245
f 480/272/247 1495/1686/1630 137/211/187
f 28/273/203 122/257/232 1379/274/248
f 29/218/194 515/280/254 1379/274/248
f 426/276/250 31/229/205 124/277/251
f 29/218/194 123/217/193 1384/228/204
f 1506/281/255 589/1000/924 1438/282/256
f 28/273/203 551/275/249 1364/259/234
f 30/252/227 552/254/229 1378/295/269
f 1407/297/271 465/870/797 1511/298/272
f 32/232/208 125/296/270 1378/295/269
f 138/286/260 1477/306/280 732/304/278
f 1503/305/279 698/1117/1047 1477/306/280
f 119/238/214 1483/237/213 608/307/281
f 133/234/210 1447/310/284 590/309/283
f 1487/248/223 626/1048/975 1447/310/284
f 1492/311/285 661/1084/1012 1462/312/286
f 137/211/187 1458/213/189 642/313/287
f 118/266/241 1462/312/286 679/314/288
f 437/315/289 27/227/203 123/217/193
f 445/317/291 1398/236/212 119/238/214
f 1488/318/292 119/238/214 1442/308/282
f 136/164/144 1438/282/256 606/320/294
f 426/276/250 1417/208/184 126/207/183
f 466/321/295 1408/278/252 124/277/251
f 643/322/296 1457/338/312 132/323/297
f 1452/324/298 132/323/297 1463/325/299
f 412/244/220 1397/258/233 122/257/232
f 437/315/289 1393/246/221 121/245/203
f 1448/223/199 131/336/310 1437/333/307
f 607/335/309 1437/333/307 131/336/310
f 466/321/295 30/252/227 125/296/270
f 481/206/182 1413/337/311 125/296/270
f 1463/325/299 132/323/297 1457/338/312
f 1491/221/197 134/220/196 1453/226/202
f 1579/345/319 144/414/320 36/346/320
f 1530/348/322 770/526/479 55/349/323
f 140/351/320 1524/405/373 776/352/325
f 39/357/320 141/387/320 1544/358/329
f 750/360/331 1530/348/322 157/350/324
f 761/362/333 1575/506/461 153/363/334
f 38/353/320 139/371/320 1519/368/339
f 1534/370/341 766/502/458 39/357/320
f 1550/374/344 156/440/405 54/375/345
f 1545/377/347 168/434/399 60/378/348
f 1565/384/354 164/394/363 53/385/355
f 141/387/320 37/498/320 785/388/357
f 802/391/360 1570/390/359 166/389/358
f 819/393/362 1686/447/412 164/394/363
f 142/395/320 40/495/320 795/396/364
f 1580/398/366 750/360/331 51/361/332
f 837/400/368 1580/398/366 155/399/367
f 843/402/370 1590/410/378 161/403/371
f 36/346/320 760/537/490 1524/405/373
f 1595/406/374 837/400/368 52/401/369
f 848/408/376 1595/406/374 163/407/375
f 1590/410/378 853/1203/1130 1679/411/379
f 41/412/320 842/472/433 1574/413/380
f 157/350/324 55/349/323 890/415/381
f 155/399/367 51/361/332 870/425/390
f 167/433/398 1599/486/444 890/415/381
f 168/434/399 1624/436/401 874/435/400
f 54/375/345 904/441/406 1624/436/401
f 156/440/405 1629/442/407 904/441/406
f 53/385/355 914/446/411 1629/442/407
f 164/394/363 1644/448/413 914/446/411
f 1686/447/412 939/1253/1177 1644/448/413
f 163/407/375 52/401/369 957/455/418
f 56/409/377 163/407/375 1674/456/419
f 1525/463/425 761/362/333 49/364/335
f 1585/464/426 848/408/376 56/409/377
f 158/465/427 56/409/377 966/462/424
f 776/352/325 1534/370/341 139/371/320
f 145/471/320 1589/488/446 842/472/433
f 751/347/321 36/346/320 140/351/320
f 51/361/332 157/350/324 1609/416/382
f 786/376/346 54/375/345 168/434/399
f 800/477/436 1683/480/439 162/478/437
f 1683/480/439 919/1218/1144 1639/481/440
f 756/379/349 60/378/348 167/433/398
f 775/365/336 1525/463/425 154/431/396
f 60/378/348 874/435/400 1599/486/444
f 1584/487/445 854/1212/1140 1589/488/446
f 847/489/447 1584/487/445 145/471/320
f 40/495/320 143/511/466 1564/496/453
f 1539/497/454 781/503/459 37/498/320
f 766/502/458 1539/497/454 141/387/320
f 781/503/459 1554/531/484 142/395/320
f 1575/506/461 843/402/370 48/404/372
f 1751/507/462 174/605/463 61/508/463
f 143/511/466 1559/514/469 820/512/467
f 1569/513/468 801/1164/1096 1559/514/469
f 1585/519/426 158/2158/427 1680/520/474
f 838/522/476 41/412/320 144/414/320
f 52/401/369 155/399/367 1659/426/391
f 158/465/427 1664/466/428 971/523/477
f 796/386/356 53/385/355 156/440/405
f 1594/490/448 145/471/320 41/412/320
f 37/498/320 142/395/320 1549/397/365
f 1520/483/442 167/433/398 55/349/323
f 1560/479/438 162/478/437 1687/529/482
f 1554/531/484 791/538/491 40/495/320
f 162/478/437 1639/481/440 937/533/486
f 1529/473/434 140/351/320 38/353/320
f 139/371/320 39/357/320 755/359/330
f 144/414/320 1574/413/380 760/537/490
f 791/538/491 1569/513/468 143/511/466
f 1702/539/492 1008/714/643 80/540/493
f 170/542/463 1696/596/543 1014/543/495
f 1003/545/496 84/611/555 195/546/497
f 64/548/463 171/578/463 1716/549/499
f 988/551/501 1702/539/492 187/541/494
f 999/553/503 1747/697/628 183/554/504
f 1013/556/506 75/618/561 190/557/507
f 63/544/463 169/562/463 1691/559/509
f 1706/561/511 1004/693/625 64/548/463
f 1712/547/498 195/546/497 82/563/512
f 1722/565/514 186/631/573 79/566/515
f 1717/568/517 198/625/568 86/569/518
f 1018/564/513 82/563/512 189/571/520
f 1727/572/521 189/571/520 83/573/522
f 1737/575/524 194/585/533 78/576/525
f 171/578/463 62/689/463 1023/579/527
f 1028/574/523 83/573/522 196/580/528
f 1742/581/529 196/580/528 1854/582/530
f 1056/584/532 85/638/579 194/585/533
f 172/586/463 65/686/463 1033/587/534
f 1752/589/536 988/551/501 76/552/502
f 1061/591/538 1752/589/536 185/590/537
f 1067/593/540 1762/601/548 191/594/541
f 61/508/463 998/723/652 1696/596/543
f 1767/597/544 1061/591/538 77/592/539
f 1072/599/546 1767/597/544 193/598/545
f 1762/601/548 1077/1302/1229 1851/602/549
f 66/603/463 1066/663/600 1746/604/550
f 187/541/494 80/540/493 1115/606/551
f 70/608/553 1100/720/649 1797/609/554
f 84/611/555 1110/660/598 1791/612/556
f 1124/613/557 68/630/553 179/614/553
f 185/590/537 76/552/502 1095/616/559
f 75/618/561 184/622/565 1776/619/562
f 75/618/561 1120/620/563 1786/621/564
f 184/622/565 74/555/505 1104/623/566
f 197/624/567 1771/677/611 1115/606/551
f 198/625/568 1796/627/570 1099/626/569
f 79/566/515 1129/632/574 1796/627/570
f 82/563/512 1125/690/622 1806/628/571
f 1792/629/572 178/610/553 68/630/553
f 186/631/573 1801/633/575 1129/632/574
f 78/576/525 1139/637/578 1801/633/575
f 83/573/522 1135/718/647 1821/634/576
f 1807/615/558 179/614/553 71/635/553
f 194/585/533 1816/639/580 1139/637/578
f 85/638/579 1162/719/648 1816/639/580
f 196/580/528 1821/634/576 1145/640/581
f 1094/641/582 1782/675/610 177/642/553
f 74/555/505 183/554/504 1826/644/583
f 183/554/504 73/595/542 1171/645/584
f 193/598/545 77/592/539 1167/646/585
f 181/648/553 72/667/553 1166/649/587
f 73/595/542 191/594/541 1841/651/589
f 191/594/541 1851/602/549 1183/652/590
f 81/600/547 193/598/545 1846/647/586
f 1697/654/592 999/553/503 74/555/505
f 1757/655/593 1072/599/546 81/600/547
f 188/656/594 81/600/547 1176/653/591
f 67/643/553 177/642/553 1777/658/596
f 1014/543/495 1706/561/511 169/562/463
f 1707/558/508 190/557/507 84/611/555
f 190/557/507 1786/621/564 1110/660/598
f 177/642/553 69/676/553 1119/661/599
f 175/662/463 1761/679/613 1066/663/600
f 989/509/464 61/508/463 170/542/463
f 76/552/502 187/541/494 1781/607/552
f 1172/665/602 1842/684/618 182/666/553
f 1024/567/516 79/566/515 198/625/568
f 1732/668/603 1038/2150/1200 1855/669/604
f 192/670/605 1855/669/604 1144/671/606
f 178/610/553 1797/609/554 1130/673/608
f 994/570/519 86/569/518 197/624/567
f 1013/556/506 1697/654/592 184/622/565
f 1782/675/610 1114/722/651 69/676/553
f 86/569/518 1099/626/569 1771/677/611
f 1756/678/612 1078/1311/1238 1761/679/613
f 1071/680/614 1756/678/612 175/662/463
f 182/666/553 1837/685/619 1177/682/616
f 1842/684/618 1182/1343/1268 1837/685/619
f 65/686/463 173/699/630 1736/687/620
f 1711/688/621 1019/694/626 62/689/463
f 195/546/497 1791/612/556 1125/690/622
f 71/635/553 1140/713/642 1817/691/623
f 1004/693/625 1711/688/621 171/578/463
f 1019/694/626 1726/717/646 172/586/463
f 176/695/553 1787/696/627 1119/661/599
f 70/608/553 1109/715/644 1787/696/627
f 1747/697/628 1067/593/540 73/595/542
f 67/643/553 181/648/553 1832/650/588
f 1827/698/629 1172/665/602 72/667/553
f 173/699/630 1731/702/633 1057/700/631
f 1741/701/632 1039/1282/1210 1731/702/633
f 1822/703/634 180/692/624 1812/704/635
f 180/692/624 1817/691/623 1161/706/637
f 1757/707/593 188/711/594 1852/708/638
f 1062/710/640 66/603/463 174/605/463
f 77/592/539 185/590/537 1831/617/560
f 188/711/594 1836/2159/595 1181/712/641
f 1034/577/526 78/576/525 186/631/573
f 1766/681/615 175/662/463 66/603/463
f 72/667/553 182/666/553 1847/683/617
f 179/614/553 1802/716/645 1140/713/642
f 62/689/463 172/586/463 1721/588/535
f 1692/674/609 197/624/567 80/540/493
f 1109/715/644 70/608/553 178/610/553
f 68/630/553 1130/673/608 1802/716/645
f 1732/668/603 192/670/605 85/638/579
f 1726/717/646 1029/724/653 65/686/463
f 189/571/520 1806/628/571 1135/718/647
f 192/670/605 1811/672/607 1162/719/648
f 1701/664/601 170/542/463 63/544/463
f 169/562/463 64/548/463 993/550/500
f 1100/720/649 70/608/553 176/695/553
f 1772/721/650 176/695/553 69/676/553
f 174/605/463 1746/604/550 998/723/652
f 1029/724/653 1741/701/632 173/699/630
f 1134/636/577 71/635/553 180/692/624
f 1105/659/597 1827/698/629 181/648/553
f 250/725/654 253/728/657 256/726/655
f 253/728/657 254/739/667 257/729/658
f 255/727/656 256/726/655 267/730/659
f 256/726/655 257/729/658 258/732/661
f 259/733/662 262/737/666 261/734/663
f 260/736/665 263/741/668 262/737/666
f 262/738/666 257/729/658 254/739/667
f 263/741/668 258/747/661 257/742/658
f 252/48/43 264/1573/671 266/743/669
f 265/744/670 266/743/669 263/741/673
f 266/743/669 267/746/672 258/747/675
f 288/177/156 291/750/678 293/748/676
f 291/750/678 298/1570/2111 294/751/679
f 292/749/677 293/748/676 305/752/680
f 293/748/676 294/751/679 295/754/682
f 289/755/683 296/758/686 299/756/684
f 296/758/686 297/767/1392 300/759/687
f 299/756/684 300/759/687 295/761/689
f 301/762/690 304/765/693 303/763/691
f 302/753/681 305/752/680 304/765/693
f 304/766/693 300/759/695 297/767/694
f 305/752/680 295/754/682 300/769/695
f 356/770/119 359/2160/698 361/771/696
f 360/772/697 361/771/696 372/776/700
f 361/771/696 362/783/699 363/778/702
f 357/105/94 364/781/705 366/779/703
f 364/781/705 365/787/713 367/782/706
f 366/779/703 367/782/706 363/778/708
f 368/784/710 371/786/712 370/785/711
f 369/777/701 372/776/714 371/786/712
f 371/786/712 367/782/706 365/787/713
f 372/776/714 363/778/708 367/782/706
f 393/180/158 396/1554/717 398/788/715
f 396/790/717 397/801/727 399/791/718
f 398/792/715 399/791/718 400/795/720
f 401/796/722 404/800/726 403/797/723
f 402/799/725 405/802/728 404/800/726
f 404/800/726 399/791/729 397/801/727
f 405/802/728 400/795/734 399/791/729
f 395/117/103 406/1568/732 408/803/730
f 407/804/731 408/803/730 405/802/728
f 408/803/730 409/794/733 400/795/734
f 413/806/735 416/809/738 415/807/736
f 417/811/740 420/815/744 419/812/741
f 418/814/743 423/2161/739 420/815/744
f 420/815/744 416/817/738 414/808/737
f 422/820/747 423/2161/739 418/814/743
f 430/828/753 429/830/750 431/829/754
f 430/828/756 433/1628/2112 435/826/757
f 433/827/759 435/826/2113 434/832/760
f 448/844/770 453/847/2114 449/845/771
f 449/845/771 453/847/2114 450/848/775
f 451/853/780 1860/2162/2107 450/848/781
f 458/855/783 460/858/787 459/856/784
f 459/856/788 460/858/2115 199/859/789
f 468/868/795 471/872/799 470/869/796
f 469/871/798 472/2163/807 471/872/799
f 473/875/801 472/882/807 475/876/802
f 475/876/802 472/2163/807 469/871/798
f 476/879/804 479/881/806 478/880/805
f 477/874/800 471/873/799 479/881/806
f 479/881/806 472/882/807 473/875/801
f 492/894/820 495/898/824 494/895/821
f 495/898/824 503/901/827 501/899/825
f 495/898/824 493/897/823 496/900/826
f 497/903/829 496/900/826 493/897/823
f 500/907/831 503/909/827 502/908/832
f 507/911/833 514/915/837 508/912/834
f 507/911/833 1858/2156/2110 511/914/836
f 518/924/847 521/927/850 520/925/848
f 519/926/849 522/929/852 521/927/850
f 521/927/850 532/930/853 529/928/851
f 516/251/226 523/933/856 526/931/854
f 523/933/856 524/1596/1518 527/934/857
f 525/932/855 526/931/854 522/935/858
f 526/937/860 527/943/2116 532/938/861
f 528/939/863 531/941/865 530/940/864
f 529/928/851 532/930/867 531/941/865
f 531/941/865 527/943/868 524/942/866
f 536/944/869 539/947/872 538/945/870
f 537/946/871 540/949/2117 539/947/872
f 539/947/872 541/950/875 548/948/873
f 534/289/263 542/953/878 545/951/876
f 542/953/878 543/1591/1514 546/954/879
f 544/952/877 545/951/876 540/955/880
f 545/957/876 546/963/879 541/958/882
f 547/959/883 550/961/885 549/960/884
f 548/948/873 541/950/875 550/961/885
f 550/961/885 546/963/2118 543/962/886
f 554/964/888 557/967/891 556/965/889
f 555/966/890 558/975/899 557/967/891
f 557/967/891 569/970/894 566/968/892
f 557/967/891 558/975/899 559/969/893
f 552/254/229 560/974/898 563/971/895
f 561/973/897 564/979/903 563/971/895
f 563/971/895 558/975/899 555/966/890
f 563/971/895 564/979/903 559/969/893
f 565/976/900 568/978/902 567/977/901
f 566/968/892 569/970/894 568/978/902
f 568/978/902 564/979/903 561/973/897
f 568/978/902 569/970/894 559/969/893
f 573/980/904 576/983/907 575/981/905
f 574/982/906 577/985/909 576/983/907
f 576/983/907 588/986/910 585/984/908
f 577/985/909 578/994/2119 588/986/910
f 571/300/274 579/989/913 582/987/911
f 579/989/913 580/1583/1507 583/990/914
f 581/988/912 582/987/911 577/991/915
f 582/993/911 583/999/914 578/994/917
f 584/995/918 587/997/920 586/996/919
f 585/984/908 588/986/922 587/997/920
f 587/997/920 583/999/923 580/998/921
f 588/986/922 578/994/2120 583/999/923
f 589/1000/924 592/1003/1648 595/1001/925
f 594/1002/926 595/1001/925 605/1005/929
f 590/309/283 597/1011/934 600/1009/932
f 597/1011/934 598/1017/945 605/1012/935
f 600/1009/936 595/1007/940 593/1004/937
f 600/1009/936 605/1012/935 596/1008/939
f 601/1013/941 604/1016/943 603/1014/942
f 602/1006/930 605/1005/929 604/1016/943
f 604/1016/944 605/1012/935 598/1017/945
f 609/1018/946 612/1021/949 611/1019/947
f 610/1020/948 613/1031/951 612/1021/949
f 612/1021/949 623/1024/952 620/1022/950
f 614/1025/953 617/1029/956 616/1026/954
f 615/1028/955 618/1030/957 617/1029/956
f 617/1029/956 613/1031/951 610/1020/948
f 619/1032/958 622/1034/960 621/1033/959
f 620/1022/950 623/1024/952 622/1034/960
f 622/1034/960 618/1030/957 615/1028/955
f 623/1024/952 613/1023/951 618/1030/957
f 624/319/293 627/1037/963 630/1035/961
f 627/1037/963 628/1047/974 636/1038/964
f 632/1042/969 635/1046/972 634/1043/970
f 633/1045/971 636/1052/981 635/1046/972
f 635/1046/973 636/1038/964 628/1047/974
f 626/1048/975 637/1051/1612 640/1049/976
f 638/1040/978 630/1039/2121 640/1049/979
f 639/1050/977 640/1049/976 636/1052/981
f 640/1049/979 630/1039/2121 631/1041/982
f 644/1053/984 647/1056/987 646/1054/985
f 645/1055/986 648/1058/989 647/1056/987
f 647/1056/987 658/1059/990 655/1057/988
f 649/1060/991 652/1063/994 651/1061/992
f 650/1062/993 653/1064/995 652/1063/994
f 652/1063/994 648/1058/989 645/1055/986
f 653/1064/995 658/1069/990 648/1058/989
f 654/1065/996 657/1068/998 656/1066/997
f 655/1057/988 658/1059/990 657/1068/998
f 657/1068/998 653/1064/995 650/1062/993
f 659/340/314 662/1072/1001 665/1070/999
f 662/1072/1001 663/1082/1010 666/1073/1002
f 664/1071/1000 665/1070/999 677/1074/1003
f 665/1070/999 666/1073/1002 667/1076/1005
f 668/1077/1006 671/1081/1009 670/1078/1007
f 669/1080/1008 672/1083/1011 671/1081/1009
f 671/1081/1009 666/1073/1002 663/1082/1010
f 672/1083/1011 667/1076/2122 666/1073/1002
f 661/1084/1012 673/1087/1015 676/1085/1013
f 673/1087/1015 674/1075/1629 677/1074/1016
f 675/1086/1014 676/1085/1013 672/1083/1017
f 676/1085/1013 677/1074/1016 667/1076/1018
f 678/212/188 681/1090/1631 683/1088/1019
f 681/1090/1021 688/1688/1633 684/1091/1022
f 682/1089/1020 683/1088/1019 695/1092/1023
f 683/1088/1019 684/1091/1022 685/1094/1025
f 679/314/288 686/1097/1028 689/1095/1026
f 686/1097/1028 687/1103/1034 690/1098/1029
f 689/1095/1026 690/1098/1029 685/1094/1025
f 691/1099/1031 694/1102/1033 693/1100/1032
f 692/1093/1024 695/1092/1023 694/1102/1033
f 694/1102/1033 690/1098/1029 687/1103/1034
f 695/1092/1023 685/1094/1025 690/1098/1029
f 696/344/318 699/1106/1037 701/1104/1035
f 699/1106/1037 700/1115/1045 702/1107/1038
f 701/1104/1035 702/1107/1038 703/1109/1040
f 704/1110/1041 707/1114/1044 706/1111/1042
f 705/1113/1043 708/1116/1046 707/1114/1044
f 707/1114/1044 702/1107/1038 700/1115/1045
f 708/1116/1046 703/1109/2123 702/1107/1038
f 698/1117/1047 709/1694/1050 711/1118/1048
f 710/1119/1049 711/1118/1048 708/1116/1052
f 711/1118/1048 712/1108/1051 703/1109/1053
f 716/1121/1054 719/1124/1057 718/1122/1055
f 717/1123/1056 720/1126/1059 719/1124/1057
f 719/1124/1057 730/1127/1060 727/1125/1058
f 721/1128/1061 724/1131/1064 723/1129/1062
f 722/1130/1063 725/1132/1065 724/1131/1064
f 724/1131/1064 720/1126/1059 717/1123/1056
f 725/1132/1065 730/1137/1060 720/1126/1059
f 726/1133/1066 729/1136/1068 728/1134/1067
f 727/1125/1058 730/1127/1060 729/1136/1068
f 729/1136/1068 725/1132/1065 722/1130/1063
f 731/201/177 734/1140/1071 737/1138/1069
f 734/1140/1071 735/1149/1667 738/1141/1072
f 736/1139/1070 737/1138/1069 749/1142/1073
f 737/1138/1069 738/1141/1072 739/1144/1075
f 732/304/278 740/1147/1078 743/1145/1076
f 740/1147/1078 741/1154/1085 744/1148/1079
f 742/1146/1077 743/1145/1076 738/1141/1080
f 743/1145/1076 744/1148/1079 739/1144/1075
f 745/1150/1082 748/1153/1084 747/1151/1083
f 746/1143/1074 749/1142/1073 748/1153/1084
f 748/1153/1084 744/1148/1079 741/1154/1085
f 749/1142/1073 739/1144/1075 744/1148/1079
f 800/477/436 803/1157/1088 806/1155/1086
f 803/1157/1088 804/1169/1099 807/1158/1089
f 805/1156/1090 806/1155/1086 817/1159/1091
f 806/1155/1086 807/1158/1089 808/1161/1093
f 809/1162/1094 812/1168/1098 811/1163/1095
f 810/1165/1097 813/1175/1100 812/1166/1098
f 812/1168/1098 807/1158/1089 804/1169/1099
f 813/1170/1100 808/1161/1093 807/1158/1089
f 802/391/360 814/1917/1103 816/1171/1101
f 815/1172/1102 816/1171/1101 813/1175/1105
f 816/1171/1101 817/1174/1104 808/1176/1106
f 821/1177/1107 824/1180/1110 823/1178/1108
f 822/1179/1109 825/1182/1112 824/1180/1110
f 824/1180/1110 836/1183/1113 833/1181/1111
f 825/1182/1112 826/1191/1118 836/1183/1113
f 819/393/362 827/1784/1116 830/1184/1114
f 827/1186/1116 828/1195/2124 831/1187/1117
f 829/1185/1115 830/1184/1114 825/1189/1112
f 830/1188/1114 831/1187/1117 826/1191/1118
f 820/512/467 832/1194/1121 835/1192/1119
f 832/1194/1121 833/1181/1111 836/1183/1113
f 834/1193/1120 835/1192/1119 831/1187/1117
f 835/1192/1119 836/1183/1113 826/1191/1118
f 852/521/475 855/2164/1125 857/1196/1123
f 856/1197/1124 857/1196/1123 868/1200/1127
f 857/1196/1123 858/1199/1126 859/1202/1129
f 853/1203/1130 860/1206/1133 862/1204/1131
f 860/1206/1133 861/1215/1777 863/1207/1134
f 862/1204/1131 863/1207/1134 859/1209/1136
f 864/1210/1138 867/1213/1141 866/1211/1139
f 865/1201/1128 868/1200/1127 867/1213/1141
f 867/1214/1141 863/1207/1143 861/1215/1142
f 868/1200/1127 859/1202/1129 863/1217/1143
f 919/1218/1144 922/1221/2125 924/1219/1145
f 922/1221/1147 929/1920/2126 925/1222/1148
f 923/1220/1146 924/1219/1145 936/1223/1149
f 924/1219/1145 925/1222/1148 926/1225/1151
f 920/449/414 927/1228/1154 930/1226/1152
f 927/1228/1154 928/1236/1161 931/1229/1155
f 930/1226/1152 931/1229/1155 926/1231/1157
f 932/1232/1158 935/1235/1160 934/1233/1159
f 933/1234/1150 936/1237/1162 935/1235/1160
f 935/1235/1160 931/1229/1155 928/1236/1161
f 936/1237/1162 926/1231/1157 931/1229/1155
f 940/1238/1163 943/1242/1166 942/1239/1164
f 941/1241/1165 944/1250/1174 943/1242/1166
f 942/1239/1164 943/1242/1166 955/1243/1167
f 943/1242/1166 944/1250/1174 945/1245/1169
f 938/518/473 946/1248/1172 949/1246/1170
f 946/1248/1172 947/1255/1179 950/1249/1173
f 948/1247/1171 949/1246/1170 944/1250/1174
f 949/1246/1170 950/1249/1173 945/1245/1169
f 951/1251/1175 954/1254/1178 953/1252/1176
f 952/1244/1168 955/1243/1167 954/1254/1178
f 954/1254/1178 950/1249/1173 947/1255/1179
f 955/1243/1167 945/1245/1169 950/1249/1173
f 971/523/477 974/1258/1182 976/1256/1180
f 974/1258/1182 975/1267/1192 977/1259/1183
f 976/1256/1180 977/1259/1183 978/1261/1185
f 979/1262/1187 982/1266/1191 981/1263/1188
f 980/1265/1190 983/1268/1193 982/1266/1191
f 982/1266/1191 977/1259/1194 975/1267/1192
f 983/1268/1193 978/1261/1199 977/1259/1194
f 973/461/423 984/1913/1197 986/1269/1195
f 985/1270/1196 986/1269/1195 983/1268/1193
f 986/1269/1195 987/1260/1198 978/1261/1199
f 1038/1272/1200 1041/1275/1203 1044/1273/1201
f 1041/1275/1203 1042/1287/1213 1045/1276/1204
f 1043/1274/1202 1044/1273/1201 1055/1277/1205
f 1044/1273/1201 1045/1276/1204 1046/1279/1207
f 1047/1280/1208 1050/1286/1212 1049/1281/1209
f 1048/1283/1211 1051/1293/1214 1050/1284/1212
f 1050/1286/1212 1045/1276/1204 1042/1287/1213
f 1051/1288/1214 1046/1279/1207 1045/1276/1204
f 1040/583/531 1052/2147/1217 1054/1289/1215
f 1053/1290/1216 1054/1289/1215 1051/1293/1219
f 1054/1289/1215 1055/1292/1218 1046/1294/1221
f 1076/709/639 1079/1297/1224 1081/1295/1222
f 1079/1297/1224 1086/2144/2127 1082/1298/1225
f 1080/1296/1223 1081/1295/1222 1093/1299/1226
f 1081/1295/1222 1082/1298/1225 1083/1301/1228
f 1077/1302/1229 1084/1305/1232 1087/1303/1230
f 1084/1305/1232 1085/1314/1997 1088/1306/1233
f 1087/1303/1230 1088/1306/1233 1083/1308/1235
f 1089/1309/1236 1092/1312/1239 1091/1310/1237
f 1090/1300/1227 1093/1299/1226 1092/1312/1239
f 1092/1313/1239 1088/1306/1241 1085/1314/1240
f 1093/1299/1226 1083/1301/1228 1088/1316/1241
f 1144/671/606 1153/2152/1244 1148/1317/1242
f 1147/1318/1243 1148/1317/1242 1160/1322/1246
f 1148/1317/1242 1149/1329/2128 1150/1324/1248
f 1145/640/581 1151/1327/1251 1154/1325/1249
f 1151/1327/1251 1152/1333/1258 1155/1328/1252
f 1154/1325/1249 1155/1328/1252 1150/1324/1254
f 1156/1330/1255 1159/1332/1257 1158/1331/1256
f 1157/1323/1247 1160/1322/1259 1159/1332/1257
f 1159/1332/1257 1155/1328/1252 1152/1333/1258
f 1160/1322/1259 1150/1324/1254 1155/1328/1252
f 1181/1334/641 1184/1337/1262 1187/1335/1260
f 1184/1337/1262 1185/1346/1271 1188/1338/1263
f 1187/1335/1260 1188/1338/1263 1189/1340/1265
f 1190/1341/1266 1193/1345/1270 1192/1342/1267
f 1191/1344/1269 1194/1347/1272 1193/1345/1270
f 1193/1345/1270 1188/1338/1273 1185/1346/1271
f 1194/1347/1272 1189/1340/1278 1188/1338/1273
f 1183/652/590 1186/2141/1276 1196/1348/1274
f 1195/1349/1275 1196/1348/1274 1194/1347/1272
f 1196/1348/1274 1197/1339/2129 1189/1340/1278
f 221/25/22 1198/24/21 1200/1351/1279
f 224/1352/1280 1200/1351/1279 1201/1353/1281
f 223/1354/1283 1201/1353/1288 1202/1355/1284
f 1202/1357/1284 1199/139/122 220/182/160
f 1198/24/21 205/15/12 207/1359/1286
f 1200/1351/1279 207/1359/1286 208/1360/1287
f 1201/1361/1288 208/1400/1326 209/1362/1289
f 209/1362/1289 206/35/31 1199/139/122
f 1203/1363/55 1205/1366/1291 229/1364/1290
f 1205/1366/1291 1206/1368/1297 228/1367/1292
f 1206/1368/1293 1207/1373/1299 227/1369/1294
f 227/1369/1294 1207/1373/1299 1204/119/105
f 210/1370/169 212/1371/1296 1205/1366/1291
f 212/1371/1296 213/1372/1365 1206/1368/1297
f 213/1372/1298 214/1443/1367 1207/1373/1299
f 1207/1373/1299 214/1443/1367 211/18/15
f 1208/129/114 1210/1375/1301 204/1374/1300
f 1210/1375/1301 1211/1377/1306 203/1376/1302
f 1211/1377/1303 1212/1380/1307 202/1378/1304
f 202/1379/1304 1212/1381/1307 1209/4/4
f 221/25/22 224/1352/1280 1210/1375/1301
f 224/1352/1280 223/1354/1282 1211/1377/1306
f 223/1354/1283 222/1356/1285 1212/1380/1307
f 1212/1381/1307 222/1358/1285 220/182/160
f 216/1382/139 1213/1389/23 1215/1383/1308
f 219/1384/1309 1215/1383/1308 1216/1385/1310
f 218/1386/1312 1216/1385/1315 1217/1387/1313
f 1217/1387/1313 1214/23/20 215/10/8
f 1213/1389/23 226/1365/7 229/1364/1290
f 1215/1383/1308 229/1364/1290 228/1367/1292
f 1216/1385/1315 228/1367/1295 227/1369/1294
f 227/1369/1294 225/21/18 1214/23/20
f 231/1390/140 1218/1397/135 1220/1391/1316
f 234/1392/1317 1220/1391/1316 1221/1393/1318
f 233/1394/1320 1221/1393/1323 1222/1395/1321
f 1222/1395/1321 1219/12/10 230/29/25
f 1218/1397/135 216/1382/139 219/1384/1309
f 1220/1391/1316 219/1384/1309 218/1386/1311
f 1221/1393/1323 218/1386/1312 217/1388/1314
f 217/1388/1314 215/10/8 1219/12/10
f 205/15/12 1223/14/11 1225/1398/1324
f 207/1359/1286 1225/1398/1324 1226/1399/1325
f 208/1400/1326 1226/1404/1330 1227/1401/1327
f 1227/1401/1327 1224/33/29 206/35/31
f 1223/14/11 235/44/39 237/1402/1328
f 1225/1398/1324 237/1402/1328 238/1403/1329
f 1226/1404/1330 238/1408/1334 239/1405/1331
f 239/1405/1331 236/32/28 1224/33/29
f 235/44/39 1228/53/47 1230/1406/1332
f 237/1402/1328 1230/1406/1332 1231/1407/1333
f 238/1408/1334 1231/1412/1338 1232/1409/1335
f 1232/1409/1335 1229/30/26 236/32/28
f 1228/53/47 245/52/46 247/1410/1336
f 1230/1406/1332 247/1410/1336 248/1411/1337
f 1231/1412/1338 248/1432/1356 249/1413/1339
f 249/1413/1339 246/42/38 1229/30/26
f 241/1414/170 1233/1421/163 1235/1415/1340
f 244/1416/1341 1235/1415/1340 1236/1417/1342
f 243/1418/1344 1236/1417/1347 1237/1419/1345
f 1237/1419/1345 1234/37/33 240/39/35
f 1233/1421/163 231/1390/140 234/1392/1317
f 1235/1415/1340 234/1392/1317 233/1394/1319
f 1236/1417/1347 233/1394/1320 232/1396/1322
f 232/1396/1322 230/29/25 1234/37/33
f 1238/170/150 1240/1423/1349 272/1422/1348
f 1240/1423/1349 1241/1425/1351 271/1424/1350
f 1241/1425/1351 1242/1427/1353 270/1426/1352
f 1242/1427/1353 1239/133/116 268/1428/44
f 251/1429/664 261/740/663 1240/1423/1349
f 261/740/663 254/739/667 1241/1425/1351
f 254/739/667 253/728/657 1242/1427/1353
f 253/728/657 250/725/654 1239/133/116
f 245/52/46 1243/152/134 1245/1430/1354
f 247/1410/1336 1245/1430/1358 1246/1431/1355
f 248/1432/1356 1246/1434/1359 1247/1433/1357
f 249/1413/1339 1247/1433/1357 1244/40/36
f 1243/152/134 269/168/148 272/1422/1348
f 1245/1430/1358 272/1422/1348 271/1424/1350
f 1246/1434/1359 271/2165/1350 270/1435/1352
f 270/1435/1352 268/49/44 1244/40/36
f 251/735/664 1248/1439/149 1250/1436/1360
f 259/733/662 1250/1436/1360 1251/1437/1361
f 260/736/674 1251/1437/1363 1252/1438/1362
f 265/744/670 1252/1438/1362 1249/46/41
f 1248/1439/149 241/1414/170 244/1416/1341
f 1250/1436/1360 244/1416/1341 243/1418/1343
f 1251/1437/1363 243/1418/1344 242/1420/1346
f 1252/1438/1362 242/1420/1346 240/39/35
f 1253/1440/62 1255/1441/1364 212/1371/1296
f 1255/1441/1364 1256/1442/1369 213/1372/1365
f 1256/1442/1366 1257/1447/1371 214/1443/1367
f 214/1443/1367 1257/1447/1371 1254/162/142
f 278/1444/113 280/1445/1368 1255/1441/1364
f 280/1445/1368 281/1446/1387 1256/1442/1369
f 281/1446/1370 282/1466/1389 1257/1447/1371
f 1257/1447/1371 282/1466/1389 279/58/52
f 1258/1/1 1260/1449/1373 277/1448/1372
f 1260/1449/1373 1261/1451/1378 276/1450/1374
f 1261/1451/1375 1262/1454/1379 275/1452/1376
f 275/1453/1376 1262/1455/1379 1259/54/48
f 201/3/3 204/1374/1300 1260/1449/1373
f 204/1374/1300 203/1376/1302 1261/1451/1378
f 203/1376/1305 202/1378/1304 1262/1454/1379
f 1262/1455/1379 202/1379/1304 200/16/13
f 290/764/692 1263/143/125 1265/1456/1380
f 301/762/690 1265/1456/1380 1266/1457/1381
f 302/753/681 1266/1457/1381 1267/1458/1382
f 292/749/677 1267/1458/1382 1264/175/106
f 1263/143/125 283/145/127 285/1459/1383
f 1265/1456/1380 285/1459/1383 286/1460/1384
f 1266/1457/1381 286/1460/1384 287/1461/1385
f 1267/1458/1382 287/1461/1385 284/1462/58
f 1268/1463/126 1270/1464/1386 280/1445/1368
f 1270/1464/1386 1271/1465/1391 281/1446/1387
f 1271/1465/1388 1272/1467/1390 282/1466/1389
f 1272/1467/1390 1269/66/60 279/58/52
f 290/1468/692 303/768/691 1270/1464/1386
f 303/768/691 297/767/694 1271/1465/1391
f 297/767/1392 296/758/686 1272/1467/1390
f 296/758/686 289/755/683 1269/66/60
f 1273/146/128 1275/1469/1393 285/1459/1383
f 1275/1469/1393 1276/1470/1395 286/1460/1384
f 1276/1470/1394 1277/1472/1396 287/1461/1385
f 287/1471/1385 1277/1473/1396 1274/62/56
f 274/178/157 277/1448/1372 1275/1469/1393
f 277/1448/1372 276/1450/1374 1276/1470/1395
f 276/1450/1377 275/1452/1376 1277/1472/1396
f 275/1453/1376 273/56/50 1274/62/56
f 1278/142/124 1280/1475/1398 330/1474/1397
f 1280/1475/1398 1281/1477/1400 329/1476/1399
f 1281/1477/1400 1282/1479/1402 328/1478/1401
f 1282/1479/1402 1279/191/167 326/192/168
f 311/91/81 313/1480/1403 1280/1475/1398
f 313/1480/1403 314/1481/1404 1281/1477/1400
f 314/1481/1404 315/1482/1405 1282/1479/1402
f 315/1482/1405 312/190/166 1279/191/167
f 332/85/75 1283/84/74 1285/1483/1406
f 335/1484/1407 1285/1483/1406 1286/1485/1408
f 334/1486/1409 1286/1485/1408 1287/1487/1410
f 333/1488/1411 1287/1487/1410 1284/123/109
f 1283/84/74 316/88/78 318/1489/1412
f 1285/1483/1406 318/1489/1412 319/1490/1413
f 1286/1485/1408 319/1490/1413 320/1491/1414
f 1287/1487/1410 320/1491/1414 317/124/110
f 307/81/71 1288/72/64 1290/1492/1415
f 310/1493/1416 1290/1492/1415 1291/1494/1417
f 309/1495/1418 1291/1494/1417 1292/1496/1419
f 308/1497/1420 1292/1496/1419 1289/140/123
f 1288/72/64 327/71/63 330/1474/1397
f 1290/1492/1415 330/1474/1397 329/1476/1399
f 1291/1494/1417 329/1476/1399 328/1478/1401
f 1292/1496/1419 328/1478/1401 326/192/168
f 1293/86/76 1295/1499/1422 325/1498/1421
f 1295/1499/1422 1296/1501/1424 324/1500/1423
f 1296/1501/1424 1297/1503/1426 323/1502/1425
f 1297/1503/1426 1294/161/141 321/183/161
f 332/85/75 335/1484/1407 1295/1499/1422
f 335/1484/1407 334/1486/1409 1296/1501/1424
f 334/1486/1409 333/1488/1411 1297/1503/1426
f 333/1488/1411 331/126/112 1294/161/141
f 1298/77/68 1300/1505/1428 340/1504/1427
f 1300/1505/1428 1301/1507/1430 339/1506/1429
f 1301/1507/1430 1302/1509/1432 338/1508/1431
f 1302/1509/1432 1299/94/84 336/78/69
f 322/125/111 325/1498/1421 1300/1505/1428
f 325/1498/1421 324/1500/1423 1301/1507/1430
f 324/1500/1423 323/1502/1425 1302/1509/1432
f 323/1502/1425 321/183/161 1299/94/84
f 1303/92/82 1305/1510/1433 313/1480/1403
f 1305/1510/1433 1306/1511/1434 314/1481/1404
f 1306/1511/1434 1307/1512/1435 315/1482/1405
f 1307/1512/1435 1304/74/66 312/190/166
f 341/97/86 343/1513/1436 1305/1510/1433
f 343/1513/1436 344/1514/1437 1306/1511/1434
f 344/1514/1437 345/1515/1438 1307/1512/1435
f 345/1515/1438 342/138/121 1304/74/66
f 1308/98/87 1310/1516/1439 343/1513/1436
f 1310/1516/1439 1311/1517/1440 344/1514/1437
f 1311/1517/1440 1312/1518/1441 345/1515/1438
f 1312/1518/1441 1309/184/162 342/138/121
f 351/102/91 353/1519/1442 1310/1516/1439
f 353/1519/1442 354/1520/1443 1311/1517/1440
f 354/1520/1443 355/1521/1444 1312/1518/1441
f 355/1521/1444 352/181/159 1309/184/162
f 1313/93/83 1315/1523/1446 350/1522/1445
f 1315/1523/1446 1316/1525/1448 349/1524/1447
f 1316/1525/1448 1317/1527/1450 348/1526/1449
f 1317/1527/1450 1314/80/70 346/101/90
f 337/155/136 340/1504/1427 1315/1523/1446
f 340/1504/1427 339/1506/1429 1316/1525/1448
f 339/1506/1429 338/1508/1431 1317/1527/1450
f 338/1508/1431 336/78/69 1314/80/70
f 374/189/165 1318/1534/120 1320/1528/1451
f 377/1529/1452 1320/1528/1451 1321/1530/1453
f 376/1531/1454 1321/1530/1453 1322/1532/1455
f 375/1533/1456 1322/1532/1455 1319/172/152
f 1318/1534/120 356/770/119 360/772/697
f 1320/1528/1451 360/772/697 369/777/701
f 1321/1530/1453 369/777/701 368/784/710
f 1322/1532/1455 368/784/710 358/173/153
f 1323/104/93 1325/1535/1457 353/1519/1442
f 1325/1535/1457 1326/1536/1458 354/1520/1443
f 1326/1536/1458 1327/1537/1459 355/1521/1444
f 1327/1537/1459 1324/156/137 352/181/159
f 374/189/165 377/1529/1452 1325/1535/1457
f 377/1529/1452 376/1531/1454 1326/1536/1458
f 376/1531/1454 375/1533/1456 1327/1537/1459
f 375/1533/1456 373/174/154 1324/156/137
f 1328/99/88 1330/1538/1460 364/781/705
f 1330/1538/1460 1331/1539/1461 365/787/713
f 1331/1539/1461 1332/1540/1462 370/785/711
f 1332/1540/1462 1329/171/151 358/173/153
f 347/187/164 350/1522/1445 1330/1538/1460
f 350/1522/1445 349/1524/1447 1331/1539/1461
f 349/1524/1447 348/1526/1449 1332/1540/1462
f 348/1526/1449 346/101/90 1329/171/151
f 316/88/78 1333/109/96 1335/1541/1463
f 318/1489/1412 1335/1541/1463 1336/1542/1464
f 319/1490/1413 1336/1542/1464 1337/1543/1465
f 320/1491/1414 1337/1543/1465 1334/166/146
f 1333/109/96 383/110/97 385/1544/1466
f 1335/1541/1463 385/1544/1466 386/1545/1467
f 1336/1542/1464 386/1545/1467 387/1546/1468
f 1337/1543/1465 387/1546/1468 384/130/115
f 379/111/98 1338/82/72 1340/1547/1469
f 382/1548/1470 1340/1547/1469 1341/1549/1471
f 381/1550/1472 1341/1549/1471 1342/1551/1473
f 380/1552/1474 1342/1551/1473 1339/115/101
f 1338/82/72 307/81/71 310/1493/1416
f 1340/1547/1469 310/1493/1416 309/1495/1418
f 1341/1549/1471 309/1495/1418 308/1497/1420
f 1342/1551/1473 308/1497/1420 306/106/95
f 1343/1553/108 1345/2166/1475 396/1554/717
f 1345/1555/1475 1346/1556/1476 397/801/727
f 1346/1556/1476 1347/1557/1477 403/797/723
f 1347/1557/1477 1344/150/132 394/798/724
f 388/118/104 390/1558/1478 1345/1555/1475
f 390/1558/1478 391/1559/1479 1346/1556/1476
f 391/1559/1479 392/1560/1480 1347/1557/1477
f 392/1560/1480 389/147/129 1344/150/132
f 383/110/97 1348/116/102 1350/1561/1481
f 385/1544/1466 1350/1561/1481 1351/1562/1482
f 386/1545/1467 1351/1562/1482 1352/1563/1483
f 387/1546/1468 1352/1563/1483 1349/149/131
f 1348/116/102 395/117/103 407/804/731
f 1350/1561/1481 407/804/731 402/799/725
f 1351/1562/1482 402/799/725 401/796/722
f 1352/1563/1483 401/796/722 394/798/724
f 388/118/104 1353/112/99 1355/1564/1484
f 390/1558/1478 1355/1564/1484 1356/1565/1485
f 391/1559/1479 1356/1565/1485 1357/1566/1486
f 392/1560/1480 1357/1566/1486 1354/148/130
f 1353/112/99 379/111/98 382/1548/1470
f 1355/1564/1484 382/1548/1470 381/1550/1472
f 1356/1565/1485 381/1550/1472 380/1552/1474
f 1357/1566/1486 380/1552/1474 378/114/100
f 395/117/103 1358/67/61 1360/1567/1487
f 406/789/1488 1360/1571/1494 1359/176/155
f 1358/67/61 289/755/683 298/757/1490
f 1360/1571/1494 291/750/2130 288/177/156
f 252/48/43 1361/47/42 1363/1572/1495
f 1363/1574/1498 1362/134/117 250/725/654
f 357/105/94 359/780/704 1363/1572/1495
f 359/1575/698 356/136/119 1362/134/117
f 535/260/235 1364/259/234 1366/1576/1500
f 547/959/883 1366/1576/1500 1367/1577/1501
f 1364/259/234 551/275/249 556/965/889
f 1366/1576/1500 556/965/889 566/968/892
f 1369/253/228 1371/1579/1503 560/974/898
f 1371/1579/1503 1372/1581/1505 561/973/897
f 570/231/207 575/981/905 1371/1579/1503
f 575/981/905 585/984/908 1372/1581/1505
f 1372/1581/1505 585/984/908 584/995/918
f 1373/1580/1504 584/995/918 572/269/244
f 1374/288/262 1376/1582/1506 579/989/913
f 517/299/273 1378/295/269 1380/1587/1510
f 528/939/863 1380/1587/1510 1381/1588/1511
f 1381/1588/1511 1382/1589/1512 520/925/848
f 1382/1589/1512 1379/274/248 515/280/254
f 1378/295/269 552/254/229 562/972/896
f 1380/1587/1510 562/972/896 555/966/890
f 555/966/890 554/964/888 1382/1589/1512
f 554/964/888 551/275/249 1379/274/248
f 1383/249/224 1385/1590/1513 542/953/878
f 1385/1590/1513 1386/1593/1516 543/1591/1514
f 1386/1592/1515 1384/228/204 535/260/235
f 1383/249/224 516/251/226 525/932/855
f 1385/1590/1513 525/932/855 519/936/859
f 1386/1592/1515 518/924/847 515/280/254
f 1387/250/225 1389/1595/1517 523/933/856
f 1389/1595/1517 1390/1599/1521 524/1596/1518
f 1390/1597/1519 1391/1598/1519 530/940/864
f 1391/1598/1520 1388/230/206 517/299/273
f 1387/250/225 571/300/274 581/988/912
f 1389/1595/1517 581/988/912 574/992/916
f 1390/1597/1519 574/982/906 573/980/904
f 1391/1598/1520 573/980/904 570/231/207
f 436/209/185 1392/210/186 1394/1600/1522
f 440/1601/762 1394/1600/1522 1395/1602/1523
f 1859/1603/1524 1395/1602/1523 1396/1604/1525
f 442/1605/1526 1396/1604/1525 1393/246/221
f 410/163/143 415/807/736 1394/1600/1522
f 415/807/736 423/810/739 1395/1602/1523
f 423/810/1527 421/818/1528 1396/1604/1525
f 421/818/1528 412/244/220 1393/246/221
f 1397/258/233 1399/1607/1530 454/1606/1529
f 1399/1607/1530 1400/1608/1532 1860/849/1531
f 1400/1608/1532 1401/1609/1534 449/845/771
f 1401/1609/1534 1398/236/212 445/317/291
f 1397/258/233 412/244/220 421/821/1528
f 1399/1607/1530 421/821/1528 418/814/1535
f 1400/1608/1532 418/814/1535 417/811/740
f 1401/1609/1534 417/811/740 411/813/742
f 1402/316/290 1404/1611/1536 442/1610/1526
f 1404/1611/1536 1405/1612/1538 443/843/1537
f 1405/1612/1538 1406/1613/1540 440/839/1539
f 1406/1613/1540 1403/247/222 438/233/209
f 1402/316/290 447/216/192 454/1614/1529
f 1404/1611/1536 454/1614/1529 451/853/1541
f 1405/1612/1538 451/853/1541 453/854/778
f 1406/1613/1540 453/854/778 446/850/777
f 465/870/797 1407/297/271 1409/1615/1542
f 468/868/795 1409/1615/1542 1410/1616/1543
f 469/871/798 1410/1616/1543 1411/1617/1544
f 474/878/803 1411/1617/1544 1408/278/252
f 424/219/195 429/823/1545 1409/1615/1542
f 429/823/1545 433/827/1546 1410/1616/1543
f 433/827/1546 432/833/1547 1411/1617/1544
f 432/833/1547 426/276/250 1408/278/252
f 480/272/247 1412/262/237 1414/1618/1548
f 488/885/1549 1414/1618/1548 1415/1619/1550
f 1861/1620/1551 1415/1619/1550 1416/1621/1552
f 485/1622/1553 1416/1621/1552 1413/337/311
f 467/264/239 478/880/805 1414/1618/1548
f 478/880/805 473/875/801 1415/1619/1550
f 473/875/801 474/877/803 1416/1621/1552
f 474/877/803 466/321/295 1413/337/311
f 1417/208/184 1419/1624/1554 485/1623/1553
f 1419/1624/1554 1420/1625/1556 486/893/1555
f 1420/1625/1556 1421/1626/1558 488/891/1557
f 1421/1626/1558 1418/267/242 482/271/246
f 1417/208/184 426/276/250 432/1627/1547
f 1419/1624/1554 432/1627/1547 433/1628/2131
f 1420/1625/1556 433/1628/2132 430/828/1560
f 1421/1626/1558 430/828/1560 425/265/240
f 1422/256/231 1424/1630/1562 462/1629/1561
f 1424/1630/1562 1425/1631/1564 463/860/1563
f 1426/1632/1566 1423/292/266 455/342/316
f 1424/1630/1562 498/905/1567 493/906/823
f 1425/1631/1564 493/906/823 492/894/820
f 1430/1634/1569 1431/1635/1570 502/908/832
f 1431/1635/1570 1428/198/174 491/283/257
f 1427/327/301 505/328/302 510/1636/1571
f 1431/1635/1570 507/911/833 504/913/835
f 1432/341/315 1434/1638/1572 510/1637/1571
f 1434/1638/1572 1435/1639/1578 1858/923/1573
f 1435/1639/1574 1436/1640/1576 514/920/842
f 1432/341/315 457/195/171 462/865/1561
f 1434/1638/1572 462/865/1561 463/867/1577
f 1435/1639/1574 463/867/2133 460/863/1579
f 591/1015/308 1437/1644/307 1439/1641/1580
f 601/1013/941 1439/1641/1580 1440/1642/1581
f 602/1006/930 1440/1642/1581 1441/1643/1582
f 594/1002/926 1441/1643/1582 1438/282/256
f 1437/1644/307 607/1027/309 616/1026/954
f 1439/1641/1580 616/1026/954 610/1020/948
f 1440/1642/1581 610/1020/948 609/1018/946
f 1441/1643/1582 609/1018/946 606/320/294
f 1442/308/282 1444/1645/1583 627/1037/963
f 1444/1645/1583 1445/1646/1584 628/1047/974
f 1445/1646/1584 1446/1647/1585 634/1043/970
f 1446/1647/1585 1443/1648/198 625/1044/200
f 608/307/281 621/1033/959 1444/1645/1583
f 621/1033/959 615/1028/955 1445/1646/1584
f 615/1028/955 614/1025/953 1446/1647/1585
f 614/1025/953 607/1027/309 1443/1648/198
f 1447/310/284 1449/1649/1586 597/1011/934
f 1449/1649/1586 1450/1650/1587 598/1017/945
f 1450/1650/1587 1451/1651/1588 603/1014/942
f 1451/1651/1588 1448/1652/199 591/1015/308
f 1447/310/284 626/1048/975 639/1050/977
f 1449/1649/1586 639/1050/977 633/1045/971
f 1450/1650/1587 633/1045/971 632/1042/969
f 1451/1651/1588 632/1042/969 625/1044/200
f 1452/1653/298 1454/1654/1589 654/1065/996
f 1454/1654/1589 1455/1655/1590 655/1057/988
f 1455/1655/1590 1456/1656/1591 646/1054/985
f 646/1054/985 1456/1656/1591 1453/226/202
f 660/1079/300 670/1078/1007 1454/1654/1589
f 670/1078/1007 663/1082/1010 1455/1655/1590
f 663/1082/1010 662/1072/1001 1456/1656/1591
f 662/1072/1001 659/340/314 1453/226/202
f 680/1101/313 1457/1660/312 1459/1657/1592
f 691/1099/1031 1459/1657/1592 1460/1658/1593
f 692/1093/1024 1460/1658/1593 1461/1659/1594
f 682/1089/1020 1461/1659/1594 1458/213/189
f 1457/1660/312 643/1067/296 656/1066/997
f 1459/1657/1592 656/1066/997 650/1062/993
f 1460/1658/1593 650/1062/993 649/1060/991
f 1461/1659/1594 649/1060/991 642/313/287
f 1462/312/286 1464/1661/1595 686/1097/1028
f 1464/1661/1595 1465/1662/1596 687/1103/1034
f 1465/1662/1596 1466/1663/1597 693/1100/1032
f 1466/1663/1597 1463/1664/299 680/1101/313
f 1462/312/286 661/1084/1012 675/1086/1014
f 1464/1661/1595 675/1086/1014 669/1080/1008
f 1465/1662/1596 669/1080/1008 668/1077/1006
f 1466/1663/1597 668/1077/1006 660/1079/300
f 1467/332/306 1469/1665/1598 699/1106/1037
f 1469/1665/1598 1470/1666/1599 700/1115/1045
f 1470/1666/1599 1471/1667/1600 706/1111/1042
f 714/303/277 1472/202/178 1474/1669/1601
f 721/1128/1061 1474/1669/1601 1475/1670/1602
f 1472/202/178 731/201/177 736/1139/1070
f 1474/1669/1601 736/1139/1070 746/1143/1074
f 1475/1670/1602 746/1143/1074 745/1150/1082
f 1477/306/280 1479/1673/1604 740/1147/1078
f 1479/1673/1604 1480/1674/1605 741/1154/1085
f 1480/1674/1605 1481/1675/1606 747/1151/1083
f 1481/1675/1606 1478/1676/190 733/1152/304
f 1477/306/280 698/1117/1047 710/1119/1049
f 1479/1673/1604 710/1119/1049 705/1113/1043
f 1480/1674/1605 705/1113/1043 704/1110/1041
f 1481/1675/1606 704/1110/1041 697/1112/191
f 410/163/143 1482/165/145 1484/1677/1607
f 413/806/735 1484/1677/1607 1485/1678/1608
f 414/808/1609 1485/1678/1608 1486/1679/1610
f 419/812/741 1486/1679/1610 1483/237/213
f 1482/165/145 606/320/294 611/1019/947
f 611/1019/947 620/1022/950 1485/1678/1608
f 1485/1678/1608 620/1022/950 619/1032/958
f 619/1032/958 608/307/281 1483/237/213
f 626/1048/975 1487/248/223 1489/1680/1611
f 638/1040/1614 1489/1681/1619 1490/1682/1615
f 1490/1682/1617 1488/318/292 624/319/293
f 1487/248/223 446/850/777 452/852/779
f 452/846/1618 448/844/2134 1490/1682/1615
f 448/844/1620 445/317/291 1488/318/292
f 1491/221/197 1493/1683/1627 427/822/1621
f 1493/1683/1622 1494/1685/1628 428/824/1623
f 431/829/1626 1494/1684/1625 1492/311/285
f 659/340/314 664/1071/1000 1493/1683/1627
f 664/1071/1000 674/1075/1004 1494/1685/1628
f 673/1087/1015 661/1084/1012 1492/311/285
f 1495/1686/1630 1497/1689/1634 681/1090/1631
f 688/1096/1027 1497/1690/1636 1496/270/245
f 1495/1686/1630 480/272/247 483/884/809
f 487/890/815 482/271/246 1496/270/245
f 491/283/257 1498/284/258 1500/1691/1637
f 500/907/831 1500/1691/1637 1501/1692/1638
f 501/899/1639 1501/1692/1638 1502/1693/1640
f 494/895/821 1502/1693/1640 1499/293/267
f 1498/284/258 714/303/277 723/1129/1062
f 1500/1691/1637 723/1129/1062 717/1123/1056
f 1501/1692/1638 717/1123/1056 716/1121/1054
f 1502/1693/1640 716/1121/1054 713/331/305
f 1503/305/279 1505/1696/1643 709/1694/1050
f 1505/1695/1641 1504/343/317 696/344/318
f 1503/305/279 456/285/259 461/862/1642
f 458/855/1646 455/342/316 1504/343/317
f 589/1000/924 1506/281/255 1508/1698/1647
f 593/1004/1650 1508/1699/1654 1509/1700/1651
f 1509/1700/1653 1507/235/211 590/309/283
f 1506/281/255 436/209/185 439/835/763
f 1508/1699/1654 439/840/2135 444/838/1655
f 444/838/765 438/233/209 1507/235/211
f 467/264/239 1510/263/238 1512/1701/1656
f 476/879/804 1512/1701/1656 1513/1702/1657
f 477/874/1658 1513/1702/1657 1514/1703/1659
f 470/869/796 1514/1703/1659 1511/298/272
f 1510/263/238 642/313/287 651/1061/992
f 1512/1701/1656 651/1061/992 645/1055/986
f 1513/1702/1657 645/1055/986 644/1053/984
f 1514/1703/1659 644/1053/984 641/225/201
f 506/291/265 1515/290/264 1517/1704/1660
f 512/919/1661 1517/1704/1665 1518/1705/1662
f 508/912/834 1518/1706/1668 1516/199/175
f 1515/290/264 732/304/278 742/1146/1077
f 1517/1704/1665 742/1146/1077 735/1149/1081
f 1518/1706/1668 734/1140/1071 731/201/177
f 771/369/340 1519/368/339 1521/1707/1669
f 774/1708/1670 1521/1707/1669 1522/1709/1671
f 773/1710/1673 1522/1709/1678 1523/1711/1674
f 1523/1713/1674 1520/483/442 770/526/479
f 1519/368/339 755/359/330 757/1715/1676
f 1521/1707/1669 757/1715/1676 758/1716/1677
f 1522/1709/1678 758/1716/1716 759/1717/1679
f 759/1718/1679 756/379/349 1520/483/442
f 1524/405/373 1526/1725/1681 779/1719/1680
f 1526/1720/1681 1527/1723/1687 778/1721/1682
f 1527/1723/1683 1528/1728/1689 777/1724/1684
f 777/1724/1684 1528/1728/1689 1525/463/425
f 760/537/490 762/1789/1686 1526/1725/1681
f 762/1726/1686 763/1727/1750 1527/1723/1687
f 763/1727/1688 764/1792/1752 1528/1728/1689
f 1528/1728/1689 764/1792/1752 761/362/333
f 1529/473/434 1531/1730/1691 754/1729/1690
f 1531/1730/1691 1532/1732/1696 753/1731/1692
f 1532/1732/1693 1533/1735/1697 752/1733/1694
f 752/1734/1694 1533/1736/1697 1530/348/322
f 771/369/340 774/1708/1670 1531/1730/1691
f 774/1708/1670 773/1710/1672 1532/1732/1696
f 773/1710/1673 772/1712/1675 1533/1735/1697
f 1533/1736/1697 772/1714/1675 770/526/479
f 766/502/458 1534/370/341 1536/1737/1698
f 769/1739/1699 1536/1744/1698 1537/1740/1700
f 768/1741/1702 1537/1740/1705 1538/1742/1703
f 1538/1742/1703 1535/367/338 765/354/326
f 1534/370/341 776/352/325 779/1719/1680
f 1536/1744/1698 779/1722/1680 778/1721/1682
f 1537/1740/1705 778/1721/1685 777/1724/1684
f 777/1724/1684 775/365/336 1535/367/338
f 781/503/459 1539/497/454 1541/1745/1706
f 784/1747/1707 1541/1752/1706 1542/1748/1708
f 783/1749/1710 1542/1748/1713 1543/1750/1711
f 1543/1750/1711 1540/356/328 780/373/343
f 1539/497/454 766/502/458 769/1738/1699
f 1541/1752/1706 769/1739/1699 768/1741/1701
f 1542/1748/1713 768/1741/1702 767/1743/1704
f 767/1743/1704 765/354/326 1540/356/328
f 755/359/330 1544/358/329 1546/1753/1714
f 757/1715/1676 1546/1753/1714 1547/1754/1715
f 758/1716/1716 1547/1754/1720 1548/1755/1717
f 1548/1756/1717 1545/377/347 756/379/349
f 1544/358/329 785/388/357 787/1757/1718
f 1546/1753/1714 787/1757/1718 788/1758/1719
f 1547/1754/1720 788/1758/1724 789/1759/1721
f 789/1760/1721 786/376/346 1545/377/347
f 785/388/357 1549/397/365 1551/1761/1722
f 787/1757/1718 1551/1761/1722 1552/1762/1723
f 788/1758/1724 1552/1762/1728 1553/1763/1725
f 1553/1764/1725 1550/374/344 786/376/346
f 1549/397/365 795/396/364 797/1765/1726
f 1551/1761/1722 797/1765/1726 798/1766/1727
f 1552/1762/1728 798/1766/1743 799/1767/1729
f 799/1768/1729 796/386/356 1550/374/344
f 791/538/491 1554/531/484 1556/1769/1730
f 794/1771/1731 1556/1776/1730 1557/1772/1732
f 793/1773/1734 1557/1772/1737 1558/1774/1735
f 792/1775/1736 1558/1774/1735 1555/381/351
f 1554/531/484 781/503/459 784/1746/1707
f 1556/1776/1730 784/1747/1707 783/1749/1709
f 1557/1772/1737 783/1749/1710 782/1751/1712
f 782/1751/1712 780/373/343 1555/381/351
f 1559/514/469 1561/1777/1738 832/1194/1121
f 1561/1777/1738 1562/1778/1739 833/1181/1111
f 1562/1778/1739 1563/1779/1740 823/1178/1108
f 1563/1779/1740 1560/479/438 818/530/483
f 801/1164/1096 811/1163/1095 1561/1777/1738
f 811/1163/1095 804/1169/1099 1562/1778/1739
f 804/1169/1099 803/1157/1088 1563/1779/1740
f 803/1157/1088 800/477/436 1560/479/438
f 795/396/364 1564/496/453 1566/1780/1741
f 797/1765/1726 1566/1780/1741 1567/1781/1742
f 798/1766/1743 1567/1781/1745 1568/1782/1744
f 1568/1783/1744 1565/384/354 796/386/356
f 1564/496/453 820/512/467 834/1193/1120
f 1566/1780/1741 834/1193/1120 828/1195/1122
f 1567/1781/1745 828/1195/2124 827/1186/1116
f 827/1784/1116 819/393/362 1565/384/354
f 801/1164/1096 1569/513/468 1571/1785/1746
f 809/1167/1094 1571/1788/1746 1572/1786/1747
f 810/1165/1097 1572/1786/1747 1573/1787/1748
f 815/1172/1102 1573/1787/1748 1570/390/359
f 1569/513/468 791/538/491 794/1770/1731
f 1571/1788/1746 794/1771/1731 793/1773/1733
f 1572/1786/1747 793/1773/1734 792/1775/1736
f 1573/1787/1748 792/1775/1736 790/383/353
f 1574/413/380 1576/1793/1749 762/1789/1686
f 1576/1790/1749 1577/1791/1754 763/1727/1750
f 1577/1791/1751 1578/1796/1756 764/1792/1752
f 764/1792/1752 1578/1796/1756 1575/506/461
f 842/472/433 844/1812/1753 1576/1793/1749
f 844/1794/1753 845/1795/1772 1577/1791/1754
f 845/1795/1755 846/1815/1774 1578/1796/1756
f 1578/1796/1756 846/1815/1774 843/402/370
f 1579/345/319 1581/1798/1758 841/1797/1757
f 1581/1798/1758 1582/1800/1763 840/1799/1759
f 1582/1800/1760 1583/1803/1764 839/1801/1761
f 839/1802/1761 1583/1804/1764 1580/398/366
f 751/347/321 754/1729/1690 1581/1798/1758
f 754/1729/1690 753/1731/1692 1582/1800/1763
f 753/1731/1695 752/1733/1694 1583/1803/1764
f 1583/1804/1764 752/1734/1694 750/360/331
f 854/1212/1140 1584/487/445 1586/1805/1765
f 864/1210/1138 1586/1805/1765 1587/1806/1766
f 865/1201/1128 1587/1806/1766 1588/1807/1767
f 856/1197/1124 1588/1807/1767 1585/519/426
f 1584/487/445 847/489/447 849/1808/1768
f 1586/1805/1765 849/1808/1768 850/1809/1769
f 1587/1806/1766 850/1809/1769 851/1810/1770
f 1588/1811/1767 851/1820/1770 848/408/376
f 1589/488/446 1591/1817/1771 844/1812/1753
f 1591/1813/1771 1592/1814/1776 845/1795/1772
f 1592/1814/1773 1593/1816/1775 846/1815/1774
f 1593/1816/1775 1590/410/378 843/402/370
f 854/1212/1140 866/1211/1139 1591/1817/1771
f 866/1216/1139 861/1215/1142 1592/1814/1776
f 861/1215/1777 860/1206/1133 1593/1816/1775
f 860/1206/1133 853/1203/1130 1590/410/378
f 1594/490/448 1596/1818/1778 849/1808/1768
f 1596/1818/1778 1597/1819/1780 850/1809/1769
f 1597/1819/1779 1598/1821/1781 851/1810/1770
f 851/1820/1770 1598/1822/1781 1595/406/374
f 838/522/476 841/1797/1757 1596/1818/1778
f 841/1797/1757 840/1799/1759 1597/1819/1780
f 840/1799/1762 839/1801/1761 1598/1821/1781
f 839/1802/1761 837/400/368 1595/406/374
f 1599/486/444 1601/1824/1783 893/1823/1782
f 1601/1824/1783 1602/1826/1785 892/1825/1784
f 1602/1826/1785 1603/1828/1787 891/1827/1786
f 1603/1828/1787 1600/535/488 889/536/489
f 874/435/400 876/1829/1788 1601/1824/1783
f 876/1829/1788 877/1830/1789 1602/1826/1785
f 877/1830/1789 878/1831/1790 1603/1828/1787
f 878/1831/1790 875/534/487 1600/535/488
f 895/429/394 1604/428/393 1606/1832/1791
f 898/1833/1792 1606/1832/1791 1607/1834/1793
f 896/1837/1796 1608/1836/1795 1605/467/429
f 1604/428/393 879/432/397 881/1838/1797
f 1607/1834/1793 882/1839/1798 883/1840/1799
f 1608/1836/1795 883/1840/1799 880/468/430
f 870/425/390 1609/416/382 1611/1841/1800
f 873/1842/1801 1611/1841/1800 1612/1843/1802
f 872/1844/1803 1612/1843/1802 1613/1845/1804
f 871/1846/1805 1613/1845/1804 1610/484/443
f 1609/416/382 890/415/381 893/1823/1782
f 1611/1841/1800 893/1823/1782 892/1825/1784
f 1612/1843/1802 892/1825/1784 891/1827/1786
f 1613/1845/1804 891/1827/1786 889/536/489
f 1614/430/395 1616/1848/1807 888/1847/1806
f 1616/1848/1807 1617/1850/1809 887/1849/1808
f 1618/1852/1811 1615/505/460 884/527/480
f 895/429/394 898/1833/1792 1616/1848/1807
f 898/1833/1792 897/1835/1794 1617/1850/1809
f 897/1835/1794 896/1837/1796 1618/1852/1811
f 896/1837/1796 894/470/432 1615/505/460
f 1619/421/386 1621/1854/1813 903/1853/1812
f 1622/1856/1815 1623/1858/1817 901/1857/1816
f 1623/1858/1817 1620/438/403 899/422/387
f 885/469/431 888/1847/1806 1621/1854/1813
f 888/1847/1806 887/1849/1808 1622/1856/1815
f 887/1849/1808 886/1851/1810 1623/1858/1817
f 886/1851/1810 884/527/480 1620/438/403
f 1624/436/401 1626/1859/1818 876/1829/1788
f 1626/1859/1818 1627/1860/1819 877/1830/1789
f 1627/1860/1819 1628/1861/1820 878/1831/1790
f 1628/1861/1820 1625/418/384 875/534/487
f 904/441/406 906/1862/1821 1626/1859/1818
f 906/1862/1821 907/1863/1822 1627/1860/1819
f 907/1863/1822 908/1864/1823 1628/1861/1820
f 908/1864/1823 905/482/441 1625/418/384
f 1629/442/407 1631/1865/1824 906/1862/1821
f 1631/1865/1824 1632/1866/1825 907/1863/1822
f 1633/1867/1826 1630/528/481 905/482/441
f 914/446/411 916/1868/1827 1631/1865/1824
f 916/1868/1827 917/1869/1828 1632/1866/1825
f 917/1869/1828 918/1870/1829 1633/1867/1826
f 918/1870/1829 915/525/478 1630/528/481
f 1636/1872/1831 1637/1874/1833 912/1873/1832
f 1638/1876/1835 1635/424/389 909/445/410
f 900/499/455 903/1853/1812 1636/1872/1831
f 903/1853/1812 902/1855/1814 1637/1874/1833
f 902/1855/1814 901/1857/1816 1638/1876/1835
f 1639/481/440 1641/1880/1838 940/1877/1163
f 940/1238/1163 1641/1881/1838 1642/1878/1836
f 948/1247/1171 1643/1879/1837 1640/516/471
f 1639/481/440 919/1218/1144 923/1220/1146
f 1641/1881/1838 923/2167/1146 933/1234/1150
f 1642/1878/1836 933/1234/1150 932/1232/1158
f 1643/1879/1837 932/1232/1158 921/517/472
f 1644/448/413 1646/1882/1839 916/1868/1827
f 1646/1882/1839 1647/1883/1840 917/1869/1828
f 1647/1883/1840 1648/1884/1841 918/1870/1829
f 1648/1884/1841 1645/500/456 915/525/478
f 939/1253/1177 953/1252/1176 1646/1882/1839
f 953/1252/1176 947/1255/1179 1647/1883/1840
f 947/1255/1179 946/1248/1172 1648/1884/1841
f 1649/443/408 1651/1885/1842 927/1228/1154
f 1651/1885/1842 1652/1886/1843 928/1236/1161
f 1652/1886/1843 1653/1887/1844 934/1233/1159
f 1653/1887/1844 1650/515/470 921/517/472
f 910/532/485 913/1871/1830 1651/1885/1842
f 913/1871/1830 912/1873/1832 1652/1886/1843
f 912/1873/1832 911/1875/1834 1653/1887/1844
f 911/1875/1834 909/445/410 1650/515/470
f 879/432/397 1654/453/416 1656/1888/1845
f 882/1839/1798 1657/1889/1846 1658/1890/1847
f 1654/453/416 961/454/417 963/1891/1848
f 1656/1888/1845 963/1891/1848 964/1892/1849
f 1657/1889/1846 964/1892/1849 965/1893/1850
f 957/455/418 1659/426/391 1661/1894/1851
f 960/1895/1852 1661/1894/1851 1662/1896/1853
f 958/1899/1856 1663/1898/1855 1660/459/421
f 1659/426/391 870/425/390 873/1842/1801
f 1661/1894/1851 873/1842/1801 872/1844/1803
f 1662/1896/1853 872/1844/1803 871/1846/1805
f 1663/1898/1855 871/1846/1805 869/450/415
f 1664/466/428 1666/1900/1857 974/1258/1182
f 1666/1900/1857 1667/1901/1858 975/1267/1192
f 1667/1901/1858 1668/1902/1859 981/1263/1188
f 1668/1902/1859 1665/494/452 972/1264/1189
f 966/462/424 968/1903/1860 1666/1900/1857
f 969/1904/1861 970/1905/1862 1668/1902/1859
f 970/1905/1862 967/491/449 1665/494/452
f 961/454/417 1669/460/422 1671/1906/1863
f 964/1892/1849 1672/1907/1864 1673/1908/1865
f 965/1893/1850 1673/1908/1865 1670/493/451
f 1669/460/422 973/461/423 985/1270/1196
f 1671/1906/1863 985/1270/1196 980/1265/1190
f 1672/1907/1864 980/1265/1190 979/1262/1187
f 1673/1908/1865 979/1262/1187 972/1264/1189
f 966/462/424 1674/456/419 1676/1909/1866
f 968/1903/1860 1676/1909/1866 1677/1910/1867
f 969/1904/1861 1677/1910/1867 1678/1911/1868
f 970/1905/1862 1678/1911/1868 1675/492/450
f 1674/456/419 957/455/418 960/1895/1852
f 1676/1909/1866 960/1895/1852 959/1897/1854
f 1677/1910/1867 959/1897/1854 958/1899/1856
f 1678/1911/1868 958/1899/1856 956/458/420
f 973/461/423 1679/411/379 1681/1912/1869
f 984/1914/1870 1681/1916/1873 1680/520/474
f 1679/411/379 853/1203/1130 855/1205/1872
f 1681/1916/1873 855/2164/2136 852/521/475
f 1682/392/361 1684/1919/1877 814/1917/1103
f 1684/1918/1874 1685/1921/1879 805/1156/1875
f 805/1156/1087 1685/1921/1880 1683/480/439
f 920/449/414 929/1227/1153 1684/1919/1877
f 929/1920/1878 922/1221/2137 1685/1921/1879
f 1685/1921/1880 922/1221/2138 919/1218/1144
f 939/1253/1177 1686/447/412 1688/1922/1881
f 951/1251/1175 1688/1922/1881 1689/1923/1882
f 952/1244/1168 1689/1923/1882 1690/1924/1883
f 942/1925/1164 1690/1927/1883 1687/529/482
f 1686/447/412 819/393/362 829/1185/1115
f 1688/1922/1881 829/1185/1115 822/1190/1109
f 1689/1923/1882 822/1190/1109 821/1926/1107
f 1690/1927/1883 821/1177/1107 818/530/483
f 1009/560/510 1691/559/509 1693/1928/1884
f 1012/1929/1885 1693/1928/1884 1694/1930/1886
f 1011/1932/1888 1694/1937/1893 1695/1933/1889
f 1695/1933/1889 1692/674/609 1008/714/643
f 1691/559/509 993/550/500 995/1935/1891
f 1693/1928/1884 995/1935/1891 996/1936/1892
f 1694/1937/1893 996/1975/1931 997/1938/1894
f 997/1938/1894 994/570/519 1692/674/609
f 1696/596/543 1698/1945/1896 1017/1939/1895
f 1698/1940/1896 1699/1943/1902 1016/1941/1897
f 1699/1943/1898 1700/1948/1904 1015/1944/1899
f 1015/1944/1899 1700/1948/1904 1697/654/592
f 998/723/652 1000/2015/1901 1698/1945/1896
f 1000/1946/1901 1001/1947/1970 1699/1943/1902
f 1001/1947/1903 1002/2018/1972 1700/1948/1904
f 1700/1948/1904 1002/2018/1972 999/553/503
f 1701/664/601 1703/1950/1906 992/1949/1905
f 1703/1950/1906 1704/1955/1911 991/1951/1907
f 1704/1952/1908 1705/1956/1912 990/1953/1909
f 990/1953/1909 1705/1956/1912 1702/539/492
f 1009/560/510 1012/1929/1885 1703/1950/1906
f 1012/1929/1885 1011/1931/1887 1704/1955/1911
f 1011/1932/1888 1010/1934/1890 1705/1956/1912
f 1705/1956/1912 1010/1934/1890 1008/714/643
f 1004/693/625 1706/561/511 1708/1957/1913
f 1007/1959/1914 1708/1964/1913 1709/1960/1915
f 1006/1961/1917 1709/1960/1920 1710/1962/1918
f 1710/1962/1918 1707/558/508 1003/545/496
f 1706/561/511 1014/543/495 1017/1939/1895
f 1708/1964/1913 1017/1942/1895 1016/1941/1897
f 1709/1960/1920 1016/1941/1900 1015/1944/1899
f 1015/1944/1899 1013/556/506 1707/558/508
f 1019/694/626 1711/688/621 1713/1965/1921
f 1022/1967/1922 1713/1972/1921 1714/1968/1923
f 1021/1969/1925 1714/1968/1928 1715/1970/1926
f 1715/1970/1926 1712/547/498 1018/564/513
f 1711/688/621 1004/693/625 1007/1958/1914
f 1713/1972/1921 1007/1959/1914 1006/1961/1916
f 1714/1968/1928 1006/1961/1917 1005/1963/1919
f 1005/1963/1919 1003/545/496 1712/547/498
f 993/550/500 1716/549/499 1718/1973/1929
f 995/1935/1891 1718/1973/1929 1719/1974/1930
f 996/1975/1931 1719/1979/1935 1720/1976/1932
f 1720/1976/1932 1717/568/517 994/570/519
f 1716/549/499 1023/579/527 1025/1977/1933
f 1718/1973/1929 1025/1977/1933 1026/1978/1934
f 1719/1979/1935 1026/1983/1939 1027/1980/1936
f 1027/1980/1936 1024/567/516 1717/568/517
f 1023/579/527 1721/588/535 1723/1981/1937
f 1025/1977/1933 1723/1981/1937 1724/1982/1938
f 1026/1983/1939 1724/1987/1943 1725/1984/1940
f 1725/1984/1940 1722/565/514 1024/567/516
f 1721/588/535 1033/587/534 1035/1985/1941
f 1723/1981/1937 1035/1985/1941 1036/1986/1942
f 1724/1987/1943 1036/2008/1961 1037/1988/1944
f 1037/1988/1944 1034/577/526 1722/565/514
f 1029/724/653 1726/717/646 1728/1989/1945
f 1032/1991/1946 1728/1996/1945 1729/1992/1947
f 1031/1993/1949 1729/1992/1952 1730/1994/1950
f 1730/1994/1950 1727/572/521 1028/574/523
f 1726/717/646 1019/694/626 1022/1966/1922
f 1728/1996/1945 1022/1967/1922 1021/1969/1924
f 1729/1992/1952 1021/1969/1925 1020/1971/1927
f 1020/1971/1927 1018/564/513 1727/572/521
f 1731/702/633 1733/1998/1954 1060/1997/1953
f 1733/1998/1954 1734/2000/1956 1059/1999/1955
f 1734/2000/1956 1735/2004/1958 1058/2001/1957
f 1735/2002/1958 1732/668/603 1056/584/532
f 1039/1282/1210 1049/1281/1209 1733/1998/1954
f 1049/1281/1209 1042/1287/1213 1734/2000/1956
f 1042/1287/1213 1041/1275/1203 1735/2004/1958
f 1041/2005/1203 1038/2150/1200 1732/668/603
f 1033/587/534 1736/687/620 1738/2006/1959
f 1035/1985/1941 1738/2006/1963 1739/2007/1960
f 1036/2008/1961 1739/2010/1964 1740/2009/1962
f 1037/1988/1944 1740/2009/1962 1737/575/524
f 1736/687/620 1057/700/631 1060/1997/1953
f 1738/2006/1963 1060/1997/1953 1059/1999/1955
f 1739/2010/1964 1059/2168/1955 1058/2003/1957
f 1058/2003/1957 1056/584/532 1737/575/524
f 1039/1282/1210 1741/701/632 1743/2011/1965
f 1047/1285/1208 1743/2014/1965 1744/2012/1966
f 1048/1283/1220 1744/2012/1968 1745/2013/1967
f 1053/1290/1216 1745/2013/1967 1742/581/529
f 1741/701/632 1029/724/653 1032/1990/1946
f 1743/2014/1965 1032/1991/1946 1031/1993/1948
f 1744/2012/1968 1031/1993/1949 1030/1995/1951
f 1745/2013/1967 1030/1995/1951 1028/574/523
f 1746/604/550 1748/2019/1969 1000/2015/1901
f 1748/2016/1969 1749/2017/1974 1001/1947/1970
f 1749/2017/1971 1750/2022/1976 1002/2018/1972
f 1002/2018/1972 1750/2022/1976 1747/697/628
f 1066/663/600 1068/2038/1973 1748/2019/1969
f 1068/2020/1973 1069/2021/1992 1749/2017/1974
f 1069/2021/1975 1070/2041/1994 1750/2022/1976
f 1750/2022/1976 1070/2041/1994 1067/593/540
f 1751/507/462 1753/2024/1978 1065/2023/1977
f 1753/2024/1978 1754/2029/1983 1064/2025/1979
f 1754/2026/1980 1755/2030/1984 1063/2027/1981
f 1063/2027/1981 1755/2030/1984 1752/589/536
f 989/509/464 992/1949/1905 1753/2024/1978
f 992/1949/1905 991/1951/1907 1754/2029/1983
f 991/1954/1910 990/1953/1909 1755/2030/1984
f 1755/2030/1984 990/1953/1909 988/551/501
f 1078/1311/1238 1756/678/612 1758/2031/1985
f 1089/1309/1236 1758/2031/1985 1759/2032/1986
f 1090/1300/1227 1759/2032/1986 1760/2033/1987
f 1080/1296/1223 1760/2033/1987 1757/707/593
f 1756/678/612 1071/680/614 1073/2034/1988
f 1758/2031/1985 1073/2034/1988 1074/2035/1989
f 1759/2032/1986 1074/2035/1989 1075/2036/1990
f 1760/2037/1987 1075/2046/1990 1072/599/546
f 1761/679/613 1763/2043/1991 1068/2038/1973
f 1763/2039/1991 1764/2040/1996 1069/2021/1992
f 1764/2040/1993 1765/2042/1995 1070/2041/1994
f 1765/2042/1995 1762/601/548 1067/593/540
f 1078/1311/1238 1091/1310/1237 1763/2043/1991
f 1091/1315/1237 1085/1314/1240 1764/2040/1996
f 1085/1314/1997 1084/1305/1232 1765/2042/1995
f 1084/1305/1232 1077/1302/1229 1762/601/548
f 1766/681/615 1768/2044/1998 1073/2034/1988
f 1768/2044/1998 1769/2048/2000 1074/2035/1989
f 1769/2045/1999 1770/2049/2001 1075/2046/1990
f 1075/2046/1990 1770/2049/2001 1767/597/544
f 1062/710/640 1065/2023/1977 1768/2044/1998
f 1065/2023/1977 1064/2025/1979 1769/2048/2000
f 1064/2028/1982 1063/2027/1981 1770/2049/2001
f 1063/2027/1981 1061/591/538 1767/597/544
f 1771/677/611 1773/2051/2003 1118/2050/2002
f 1773/2051/2003 1774/2053/2005 1117/2052/2004
f 1774/2053/2005 1775/2055/2007 1116/2054/2006
f 1775/2055/2007 1772/721/650 1114/722/651
f 1099/626/569 1101/2056/2008 1773/2051/2003
f 1101/2056/2008 1102/2057/2009 1774/2053/2005
f 1102/2057/2009 1103/2058/2010 1775/2055/2007
f 1103/2058/2010 1100/720/649 1772/721/650
f 1120/620/563 1776/619/562 1778/2059/2011
f 1123/2060/2012 1778/2059/2011 1779/2061/2013
f 1122/2062/2014 1779/2061/2013 1780/2063/2015
f 1121/2064/2016 1780/2063/2015 1777/658/596
f 1776/619/562 1104/623/566 1106/2065/2017
f 1778/2059/2011 1106/2065/2017 1107/2066/2018
f 1779/2061/2013 1107/2066/2018 1108/2067/2019
f 1780/2063/2015 1108/2067/2019 1105/659/597
f 1095/616/559 1781/607/552 1783/2068/2020
f 1098/2069/2021 1783/2068/2020 1784/2070/2022
f 1097/2071/2023 1784/2070/2022 1785/2072/2024
f 1096/2073/2025 1785/2072/2024 1782/675/610
f 1781/607/552 1115/606/551 1118/2050/2002
f 1783/2068/2020 1118/2050/2002 1117/2052/2004
f 1784/2070/2022 1117/2052/2004 1116/2054/2006
f 1785/2072/2024 1116/2054/2006 1114/722/651
f 1786/621/564 1788/2075/2027 1113/2074/2026
f 1788/2075/2027 1789/2077/2029 1112/2076/2028
f 1789/2077/2029 1790/2079/2031 1111/2078/2030
f 1790/2079/2031 1787/696/627 1109/715/644
f 1120/620/563 1123/2060/2012 1788/2075/2027
f 1123/2060/2012 1122/2062/2014 1789/2077/2029
f 1122/2062/2014 1121/2064/2016 1790/2079/2031
f 1121/2064/2016 1119/661/599 1787/696/627
f 1791/612/556 1793/2081/2033 1128/2080/2032
f 1793/2081/2033 1794/2083/2035 1127/2082/2034
f 1794/2083/2035 1795/2085/2037 1126/2084/2036
f 1795/2085/2037 1792/629/572 1124/613/557
f 1110/660/598 1113/2074/2026 1793/2081/2033
f 1113/2074/2026 1112/2076/2028 1794/2083/2035
f 1112/2076/2028 1111/2078/2030 1795/2085/2037
f 1111/2078/2030 1109/715/644 1792/629/572
f 1796/627/570 1798/2086/2038 1101/2056/2008
f 1798/2086/2038 1799/2087/2039 1102/2057/2009
f 1799/2087/2039 1800/2088/2040 1103/2058/2010
f 1800/2088/2040 1797/609/554 1100/720/649
f 1129/632/574 1131/2089/2041 1798/2086/2038
f 1131/2089/2041 1132/2090/2042 1799/2087/2039
f 1132/2090/2042 1133/2091/2043 1800/2088/2040
f 1133/2091/2043 1130/673/608 1797/609/554
f 1801/633/575 1803/2092/2044 1131/2089/2041
f 1803/2092/2044 1804/2093/2045 1132/2090/2042
f 1804/2093/2045 1805/2094/2046 1133/2091/2043
f 1805/2094/2046 1802/716/645 1130/673/608
f 1139/637/578 1141/2095/2047 1803/2092/2044
f 1141/2095/2047 1142/2096/2048 1804/2093/2045
f 1142/2096/2048 1143/2097/2049 1805/2094/2046
f 1143/2097/2049 1140/713/642 1802/716/645
f 1806/628/571 1808/2099/2051 1138/2098/2050
f 1808/2099/2051 1809/2101/2053 1137/2100/2052
f 1809/2101/2053 1810/2103/2055 1136/2102/2054
f 1810/2103/2055 1807/615/558 1134/636/577
f 1125/690/622 1128/2080/2032 1808/2099/2051
f 1128/2080/2032 1127/2082/2034 1809/2101/2053
f 1127/2082/2034 1126/2084/2036 1810/2103/2055
f 1126/2084/2036 1124/613/557 1807/615/558
f 1162/719/648 1811/672/607 1813/2104/2056
f 1165/2105/2057 1813/2104/2056 1814/2106/2058
f 1164/2107/2059 1814/2106/2058 1815/2108/2060
f 1163/2109/2061 1815/2108/2060 1812/704/635
f 1811/672/607 1144/671/606 1147/1318/1243
f 1813/2104/2056 1147/1318/1243 1157/1323/1247
f 1814/2106/2058 1157/1323/1247 1156/1330/1255
f 1815/2108/2060 1156/1330/1255 1146/705/636
f 1816/639/580 1818/2110/2062 1141/2095/2047
f 1818/2110/2062 1819/2111/2063 1142/2096/2048
f 1819/2111/2063 1820/2112/2064 1143/2097/2049
f 1820/2112/2064 1817/691/623 1140/713/642
f 1162/719/648 1165/2105/2057 1818/2110/2062
f 1165/2105/2057 1164/2107/2059 1819/2111/2063
f 1164/2107/2059 1163/2109/2061 1820/2112/2064
f 1163/2109/2061 1161/706/637 1817/691/623
f 1821/634/576 1823/2113/2065 1151/1327/1251
f 1823/2113/2065 1824/2114/2066 1152/1333/1258
f 1824/2114/2066 1825/2115/2067 1158/1331/1256
f 1825/2115/2067 1822/703/634 1146/705/636
f 1135/718/647 1138/2098/2050 1823/2113/2065
f 1138/2098/2050 1137/2100/2052 1824/2114/2066
f 1137/2100/2052 1136/2102/2054 1825/2115/2067
f 1136/2102/2054 1134/636/577 1822/703/634
f 1104/623/566 1826/644/583 1828/2116/2068
f 1106/2065/2017 1828/2116/2068 1829/2117/2069
f 1107/2066/2018 1829/2117/2069 1830/2118/2070
f 1108/2067/2019 1830/2118/2070 1827/698/629
f 1826/644/583 1171/645/584 1173/2119/2071
f 1828/2116/2068 1173/2119/2071 1174/2120/2072
f 1829/2117/2069 1174/2120/2072 1175/2121/2073
f 1830/2118/2070 1175/2121/2073 1172/665/602
f 1167/646/585 1831/617/560 1833/2122/2074
f 1170/2123/2075 1833/2122/2074 1834/2124/2076
f 1169/2125/2077 1834/2124/2076 1835/2126/2078
f 1168/2127/2079 1835/2126/2078 1832/650/588
f 1831/617/560 1095/616/559 1098/2069/2021
f 1833/2122/2074 1098/2069/2021 1097/2071/2023
f 1834/2124/2076 1097/2071/2023 1096/2073/2025
f 1835/2126/2078 1096/2073/2025 1094/641/582
f 1836/657/595 1838/2128/2080 1184/1337/1262
f 1838/2128/2080 1839/2129/2081 1185/1346/1271
f 1839/2129/2081 1840/2130/2082 1192/1342/1267
f 1840/2130/2082 1837/685/619 1182/1343/1268
f 1176/653/591 1178/2131/2083 1838/2128/2080
f 1178/2131/2083 1179/2132/2084 1839/2129/2081
f 1179/2132/2084 1180/2133/2085 1840/2130/2082
f 1180/2133/2085 1177/682/616 1837/685/619
f 1171/645/584 1841/651/589 1843/2134/2086
f 1173/2119/2071 1843/2134/2086 1844/2135/2087
f 1174/2120/2072 1844/2135/2087 1845/2136/2088
f 1175/2121/2073 1845/2136/2088 1842/684/618
f 1841/651/589 1183/652/590 1195/1349/1275
f 1843/2134/2086 1195/1349/1275 1191/1344/1269
f 1844/2135/2087 1191/1344/1269 1190/1341/1266
f 1845/2136/2088 1190/1341/1266 1182/1343/1268
f 1176/653/591 1846/647/586 1848/2137/2089
f 1178/2131/2083 1848/2137/2089 1849/2138/2090
f 1179/2132/2084 1849/2138/2090 1850/2139/2091
f 1180/2133/2085 1850/2139/2091 1847/683/617
f 1846/647/586 1167/646/585 1170/2123/2075
f 1848/2137/2089 1170/2123/2075 1169/2125/2077
f 1849/2138/2090 1169/2125/2077 1168/2127/2079
f 1850/2139/2091 1168/2127/2079 1166/649/587
f 1183/652/590 1851/602/549 1853/2140/2092
f 1186/2142/1261 1853/2145/2095 1852/708/638
f 1851/602/549 1077/1302/1229 1086/1304/2093
f 1853/2145/2095 1079/1297/1224 1076/709/639
f 1040/583/531 1854/582/530 1856/2146/2096
f 1856/2149/2100 1855/669/604 1038/2150/1200
f 1854/582/530 1145/640/581 1153/1326/1250
f 1153/2152/2102 1144/671/2139 1855/669/604
