# Blender 5.2.0 LTS
# www.blender.org
mtllib Llanta_delantera_izquierda.mtl
o Llanta_Frontal_Lejos
v 3.174828 -0.596260 -0.118425
v 3.198734 -0.534738 -0.090308
v 3.208636 -0.509254 -0.022425
v 3.198734 -0.534738 0.045457
v 3.174828 -0.596260 0.073575
v 3.150920 -0.657782 0.045457
v 3.141018 -0.683265 -0.022425
v 3.150920 -0.657782 -0.090308
v 3.247746 -0.648395 -0.137626
v 3.247747 -0.544714 -0.103884
v 3.203443 -0.522392 -0.103884
v 3.247747 -0.501769 -0.022425
v 3.215325 -0.491812 -0.022425
v 3.247747 -0.544714 0.059034
v 3.203443 -0.522392 0.059034
v 3.247746 -0.648395 0.092775
v 3.174755 -0.596219 0.092775
v 3.247747 -0.752075 0.059034
v 3.146067 -0.670046 0.059034
v 3.247747 -0.795020 -0.022425
v 3.134183 -0.700625 -0.022425
v 3.247747 -0.752075 -0.103884
v 3.146067 -0.670046 -0.103884
v 3.174755 -0.596219 -0.137626
v 3.471521 -0.933571 -0.361779
v 3.471521 -0.736133 -0.260916
v 3.559209 -0.933571 -0.350234
v 3.533103 -0.736133 -0.252808
v 3.640921 -0.933571 -0.316388
v 3.590489 -0.736133 -0.229038
v 3.711089 -0.933571 -0.262547
v 3.639768 -0.736133 -0.191226
v 3.764930 -0.933571 -0.192379
v 3.677580 -0.736133 -0.141947
v 3.798777 -0.933571 -0.110666
v 3.701351 -0.736133 -0.084561
v 3.810321 -0.933571 -0.022978
v 3.709458 -0.736133 -0.022978
v 3.798777 -0.933571 0.064709
v 3.701351 -0.736133 0.038604
v 3.764930 -0.933571 0.146421
v 3.677580 -0.736133 0.095990
v 3.711089 -0.933571 0.216589
v 3.639768 -0.736133 0.145268
v 3.640921 -0.933571 0.270431
v 3.590489 -0.736133 0.183081
v 3.559209 -0.933571 0.304277
v 3.533103 -0.736133 0.206851
v 3.471521 -0.933571 0.315821
v 3.471521 -0.736133 0.214959
v 3.383833 -0.933571 0.304277
v 3.409938 -0.736133 0.206851
v 3.302122 -0.933571 0.270431
v 3.352552 -0.736133 0.183081
v 3.231954 -0.933571 0.216589
v 3.303275 -0.736133 0.145268
v 3.178112 -0.933571 0.146421
v 3.245607 -0.736133 0.119784
v 3.144266 -0.933571 0.064709
v 3.245607 -0.736133 0.050921
v 3.132721 -0.933571 -0.022979
v 3.245607 -0.736133 -0.022979
v 3.144266 -0.933571 -0.110666
v 3.245607 -0.736133 -0.096878
v 3.178112 -0.933571 -0.192379
v 3.245607 -0.736133 -0.165741
v 3.231954 -0.933571 -0.262546
v 3.303275 -0.736133 -0.191226
v 3.302121 -0.933571 -0.316388
v 3.352552 -0.736133 -0.229038
v 3.383833 -0.933571 -0.350235
v 3.409938 -0.736133 -0.252808
v 3.471521 -1.023572 -0.260139
v 3.532902 -1.023572 -0.252058
v 3.590101 -1.023572 -0.228366
v 3.639218 -1.023572 -0.190676
v 3.676908 -1.023572 -0.141559
v 3.700601 -1.023572 -0.084360
v 3.708682 -1.023572 -0.022979
v 3.700601 -1.023572 0.038403
v 3.676908 -1.023572 0.095601
v 3.639218 -1.023572 0.144719
v 3.590101 -1.023572 0.182408
v 3.532902 -1.023572 0.206100
v 3.471521 -1.023572 0.214181
v 3.410140 -1.023572 0.206100
v 3.352942 -1.023572 0.182408
v 3.303823 -1.023572 0.144719
v 3.266134 -1.023572 0.095601
v 3.242443 -1.023572 0.038403
v 3.234362 -1.023572 -0.022979
v 3.242443 -1.023572 -0.084360
v 3.266134 -1.023572 -0.141559
v 3.303823 -1.023572 -0.190676
v 3.352942 -1.023572 -0.228366
v 3.410140 -1.023572 -0.252058
v 3.559209 -0.736133 -0.350234
v 3.471521 -0.736133 -0.361779
v 3.640921 -0.736133 -0.316388
v 3.711089 -0.736133 -0.262547
v 3.764930 -0.736133 -0.192379
v 3.798777 -0.736133 -0.110666
v 3.810321 -0.736133 -0.022978
v 3.798777 -0.736133 0.064709
v 3.764930 -0.736133 0.146421
v 3.711089 -0.736133 0.216589
v 3.640921 -0.736133 0.270431
v 3.559209 -0.736133 0.304277
v 3.471521 -0.736133 0.315821
v 3.383833 -0.736133 0.304277
v 3.302122 -0.736133 0.270431
v 3.231954 -0.736133 0.216589
v 3.178112 -0.736133 0.146421
v 3.144266 -0.736133 0.064709
v 3.132721 -0.736133 -0.022979
v 3.144266 -0.736133 -0.110666
v 3.178112 -0.736133 -0.192379
v 3.231954 -0.736133 -0.262546
v 3.302121 -0.736133 -0.316388
v 3.383833 -0.736133 -0.350235
v 3.515861 -0.406133 -0.188456
v 3.471521 -0.406133 -0.194294
v 3.557178 -0.406133 -0.171342
v 3.592659 -0.406133 -0.144116
v 3.619884 -0.406133 -0.108636
v 3.636999 -0.406133 -0.067318
v 3.642836 -0.406133 -0.022979
v 3.636999 -0.406133 0.021361
v 3.619884 -0.406133 0.062679
v 3.592659 -0.406133 0.098159
v 3.557178 -0.406133 0.125384
v 3.515861 -0.406133 0.142499
v 3.471521 -0.406133 0.148336
v 3.427181 -0.406133 0.142499
v 3.385863 -0.406133 0.125384
v 3.350383 -0.406133 0.098159
v 3.248862 -0.406133 0.079810
v 3.248862 -0.406133 0.030229
v 3.248862 -0.406133 -0.022979
v 3.248862 -0.406133 -0.076186
v 3.248862 -0.406133 -0.125767
v 3.350383 -0.406133 -0.144116
v 3.385863 -0.406133 -0.171342
v 3.427181 -0.406133 -0.188456
v 3.471521 -0.536133 -0.361779
v 3.471521 -0.536133 0.315821
v 3.383833 -0.536133 0.304277
v 3.302122 -0.536133 0.270431
v 3.383833 -0.536133 -0.350235
v 3.302121 -0.536133 -0.316388
v 3.471521 -0.536133 -0.260916
v 3.471521 -0.536133 0.214959
v 3.409938 -0.536133 0.206851
v 3.352552 -0.536133 0.183081
v 3.409938 -0.536133 -0.252808
v 3.352552 -0.536133 -0.229038
v 0.356318 0.163866 0.270431
v 0.356318 0.563867 0.270431
v 0.356318 0.163866 -0.229038
v 0.356318 0.163866 -0.316388
v 0.356318 0.563867 -0.229038
v 0.356318 0.563867 -0.316388
v 1.930134 -0.256133 -0.316388
v 1.930134 -0.056133 -0.316388
v 1.930134 -0.256133 -0.229038
v 1.930134 -0.056133 -0.229038
v 1.930134 -0.253133 0.183081
v 1.930134 -0.053133 0.183081
v 1.930134 -0.053133 0.270431
v 1.930134 -0.253133 0.270431
v 1.930293 -0.346133 0.183081
v 1.930293 0.003867 0.270431
v 1.930293 0.003867 0.183081
v 1.930293 -0.346133 0.270431
v 1.930293 -0.346133 -0.316388
v 1.930293 -0.346133 -0.229038
v 1.930293 0.003867 -0.316388
v 1.930293 0.003867 -0.229038
v 0.754964 0.294613 -0.118425
v 0.774312 0.358402 -0.090308
v 0.782326 0.384824 -0.022425
v 0.774312 0.358402 0.045457
v 0.754964 0.294613 0.073575
v 0.735617 0.230824 0.045457
v 0.727603 0.204402 -0.022425
v 0.735617 0.230824 -0.090308
v 0.304599 0.597099 -0.126964
v 0.274803 0.498865 -0.170265
v 0.834992 0.260571 -0.170265
v 0.316941 0.637790 -0.022425
v 0.304599 0.597100 0.082113
v 0.274803 0.498865 0.125415
v 0.245008 0.400630 0.082113
v 0.232666 0.359941 -0.022425
v 0.245008 0.400630 -0.126964
v 0.864788 0.358805 -0.126964
v 0.877130 0.399496 -0.022425
v 0.864788 0.358806 0.082113
v 0.834992 0.260571 0.125415
v 0.805197 0.162338 0.082113
v 0.792856 0.121647 -0.022425
v 0.805197 0.162337 -0.126964
v 0.356318 0.563867 0.183081
v 0.356318 0.163866 0.183081
v 0.592414 0.087367 0.270431
v 0.592414 0.479867 0.183081
v 0.592414 0.479867 0.270431
v 0.592414 0.087367 0.183081
v 0.592414 0.087367 -0.316388
v 0.592414 0.087367 -0.229038
v 0.592414 0.479866 -0.316388
v 0.592414 0.479866 -0.229038
v 0.358679 0.161246 0.387795
v 0.358679 0.567806 0.387795
v 0.358679 0.567805 -0.433751
v 0.358679 0.161245 -0.433751
v 0.590054 0.083490 -0.433751
v 0.590054 0.482428 0.387795
v 0.590054 0.083491 0.387795
v 0.590054 0.482428 -0.433751
v 0.358679 0.535504 -0.433751
v 0.356318 0.531642 -0.316388
v 0.356318 0.195642 -0.316388
v 0.358679 0.193993 -0.433751
v 0.356318 0.531642 0.270431
v 0.358679 0.535505 0.387795
v 0.358679 0.193994 0.387795
v 0.356318 0.195642 0.270431
v -0.143661 0.531642 -0.316388
v -0.243681 0.431589 -0.316388
v -0.214386 0.502337 -0.316388
v -0.243681 0.295653 -0.316388
v -0.143661 0.195642 -0.316388
v -0.214386 0.224935 -0.316388
v -0.241321 0.435450 -0.433751
v -0.141301 0.535504 -0.433751
v -0.212026 0.506199 -0.433751
v -0.141301 0.193993 -0.433751
v -0.241321 0.294003 -0.433751
v -0.212026 0.223286 -0.433751
v -0.243681 0.431589 0.270431
v -0.143661 0.531642 0.270431
v -0.214386 0.502337 0.270431
v -0.143661 0.195642 0.270431
v -0.243681 0.295654 0.270431
v -0.214386 0.224935 0.270431
v -0.141301 0.535505 0.387795
v -0.241321 0.435450 0.387795
v -0.212026 0.506200 0.387795
v -0.241321 0.294003 0.387795
v -0.141301 0.193994 0.387795
v -0.212026 0.223286 0.387795
v -0.143661 0.363643 -0.316388
v -0.141301 0.364748 -0.433751
v 3.350383 -0.406133 -0.022979
v 0.321522 0.519135 0.183081
v -0.258950 0.519135 0.183081
v 0.318830 0.519135 -0.228927
v -0.261641 0.519135 -0.228927
v -0.258950 0.268599 0.183081
v 0.221523 0.268599 0.183081
v -0.261641 0.268599 -0.228927
v 0.218830 0.268599 -0.228927
v 0.014014 0.268599 0.088000
v 0.084014 0.268599 0.018000
v -0.135583 0.268599 0.018000
v -0.065583 0.268599 0.088000
v 0.084014 0.268599 -0.051838
v 0.014014 0.268599 -0.121838
v -0.065583 0.268599 -0.121838
v -0.135583 0.268599 -0.051838
v -0.065583 -0.131401 0.088000
v -0.135583 -0.131401 0.018000
v 0.084014 -0.131401 0.018000
v 0.014014 -0.131401 0.088000
v -0.135583 -0.131401 -0.051838
v -0.065583 -0.131401 -0.121838
v 0.014014 -0.131401 -0.121838
v 0.084014 -0.131401 -0.051838
v 0.356318 0.163866 0.270431
v 0.356318 0.563867 0.270431
v 0.356318 0.163866 -0.229038
v 0.356318 0.163866 -0.316388
v 0.356318 0.563867 -0.229038
v 0.356318 0.563867 -0.316388
v 0.356318 0.563867 0.183081
v 0.356318 0.163866 0.183081
v -0.343682 0.223866 0.270431
v -0.283681 0.163866 0.270431
v -0.326108 0.181442 0.270431
v -0.283681 0.563867 0.270431
v -0.343682 0.503867 0.270431
v -0.326108 0.546295 0.270431
v -0.343682 0.223866 -0.229038
v -0.283681 0.163866 -0.229038
v -0.326108 0.181441 -0.229038
v -0.283681 0.163866 -0.316388
v -0.343682 0.223866 -0.316388
v -0.326108 0.181441 -0.316388
v -0.283681 0.563867 -0.229038
v -0.343682 0.503867 -0.229038
v -0.326108 0.546295 -0.229038
v -0.343682 0.503867 -0.316388
v -0.283681 0.563867 -0.316388
v -0.326108 0.546295 -0.316388
v -0.343682 0.503867 0.183081
v -0.283681 0.563867 0.183081
v -0.326108 0.546295 0.183081
v -0.283681 0.163866 0.183081
v -0.343682 0.223866 0.183081
v -0.326108 0.181442 0.183081
v -0.283681 0.363868 0.183081
v -0.283681 0.363868 0.270431
v -0.283681 0.363867 -0.229038
v -0.283681 0.363867 -0.316388
v 3.575099 -2.567960 -0.687617
v 3.709884 -2.567971 -0.687617
v 3.624969 -2.591427 -0.687617
v 3.674304 -2.591431 -0.687617
v 3.362240 -2.311533 -0.687616
v 3.401278 -2.439741 -0.687616
v 3.349948 -2.352171 -0.687616
v 3.364236 -2.399099 -0.687616
v 3.709884 -2.567971 -0.879617
v 3.575099 -2.567960 -0.879617
v 3.674304 -2.591431 -0.879617
v 3.624969 -2.591427 -0.879617
v 3.401278 -2.439741 -0.879616
v 3.362240 -2.311533 -0.879616
v 3.364236 -2.399099 -0.879616
v 3.349948 -2.352171 -0.879616
v 3.585482 -0.731736 -0.963055
v 3.488573 -0.672350 -0.963055
v 3.378057 -0.698883 -0.963055
v 3.318670 -0.795791 -0.963055
v 3.345203 -0.906309 -0.963055
v 3.442111 -0.965693 -0.963055
v 3.552629 -0.939161 -0.963055
v 3.612013 -0.842252 -0.963055
v 3.976982 -1.472678 -0.687617
v 3.976982 -1.472678 -0.879617
v 4.324625 -1.729115 -0.879617
v 4.324625 -1.729115 -0.687617
v 4.254962 -1.093701 -0.687617
v 4.254962 -1.093701 -0.879617
v 3.578446 -0.599162 -0.687617
v 3.376845 -0.600109 -0.687616
v 3.240813 -0.785563 -0.687616
v 3.300466 -0.978140 -0.687616
v 3.222827 -0.846780 -0.687616
v 3.244661 -0.917268 -0.687616
v 3.376845 -0.600109 -0.879616
v 3.578446 -0.599162 -0.879617
v 3.300466 -0.978140 -0.879616
v 3.240813 -0.785563 -0.879616
v 3.244660 -0.917268 -0.879616
v 3.222827 -0.846780 -0.879616
v 4.385328 -1.189865 -0.879617
v 4.484314 -1.511407 -0.879617
v 4.478117 -1.291607 -0.879617
v 4.514349 -1.409300 -0.879617
v 4.484314 -1.511407 -0.687617
v 4.385328 -1.189865 -0.687617
v 4.514349 -1.409300 -0.687617
v 4.478117 -1.291607 -0.687617
v 3.585482 -0.731736 -0.522256
v 3.488574 -0.672350 -0.522256
v 3.378057 -0.698883 -0.522256
v 3.318670 -0.795791 -0.522256
v 3.345203 -0.906309 -0.522256
v 3.442112 -0.965693 -0.522256
v 3.552629 -0.939160 -0.522256
v 3.612013 -0.842252 -0.522256
v 3.471522 -0.907056 0.413241
v 3.471522 -0.732641 0.413241
v 3.361914 -0.907056 0.398810
v 3.361914 -0.732641 0.398810
v 3.259772 -0.907056 0.356502
v 3.259772 -0.732641 0.356502
v 3.172063 -0.907056 0.289201
v 3.172063 -0.732641 0.289201
v 3.104762 -0.907056 0.201491
v 3.104762 -0.732641 0.201491
v 3.062453 -0.907056 0.099351
v 3.062453 -0.732641 0.099351
v 3.048022 -0.907056 -0.010259
v 3.048022 -0.732641 -0.010259
v 3.062453 -0.907056 -0.119869
v 3.062453 -0.732641 -0.119869
v 3.104761 -0.907056 -0.222009
v 3.104761 -0.732641 -0.222009
v 3.172063 -0.907056 -0.309719
v 3.172063 -0.732641 -0.309719
v 3.259772 -0.907056 -0.377021
v 3.259772 -0.732641 -0.377021
v 3.361912 -0.907056 -0.419329
v 3.361912 -0.732641 -0.419329
v 3.471522 -0.907056 -0.433759
v 3.471522 -0.732641 -0.433759
v 3.581132 -0.907056 -0.419329
v 3.581132 -0.732641 -0.419329
v 3.683272 -0.907056 -0.377021
v 3.683272 -0.732641 -0.377021
v 3.770981 -0.907056 -0.309719
v 3.770981 -0.732641 -0.309719
v 3.838284 -0.907056 -0.222010
v 3.838284 -0.732641 -0.222010
v 3.880592 -0.907056 -0.119869
v 3.880592 -0.732641 -0.119869
v 3.895023 -0.907056 -0.010259
v 3.895023 -0.732641 -0.010259
v 3.880592 -0.907056 0.099350
v 3.880592 -0.732641 0.099350
v 3.838284 -0.907056 0.201491
v 3.838284 -0.732641 0.201491
v 3.770982 -0.907056 0.289200
v 3.770982 -0.732641 0.289200
v 3.683272 -0.907056 0.356502
v 3.683272 -0.732641 0.356502
v 3.581132 -0.907056 0.398810
v 3.581132 -0.732641 0.398810
v 3.798779 -0.732641 0.077429
v 3.711091 -0.732641 0.229309
v 3.764933 -0.732641 0.159141
v 3.559210 -0.732641 0.316997
v 3.640923 -0.732641 0.283150
v 3.383834 -0.732641 0.316997
v 3.471522 -0.732641 0.328541
v 3.798779 -0.732641 -0.097947
v 3.711091 -0.732641 -0.249827
v 3.764932 -0.732641 -0.179659
v 3.559210 -0.732641 -0.337515
v 3.383834 -0.732641 -0.337515
v 3.471522 -0.732641 -0.349059
v 3.640923 -0.732641 -0.303668
v 3.231956 -0.732641 0.229309
v 3.231955 -0.732641 -0.249827
v 3.132722 -0.732641 -0.010259
v 3.144267 -0.732641 0.077429
v 3.178113 -0.732641 -0.179659
v 3.144267 -0.732641 -0.097947
v 3.178113 -0.732641 0.159141
v 3.810322 -0.732641 -0.010259
v 3.302123 -0.732641 -0.303668
v 3.302123 -0.732641 0.283151
v 3.471522 -0.907056 0.328541
v 3.302123 -0.907056 0.283151
v 3.383834 -0.907056 0.316997
v 3.144267 -0.907056 0.077429
v 3.178113 -0.907056 0.159141
v 3.132722 -0.907056 -0.010259
v 3.231956 -0.907056 0.229309
v 3.640923 -0.907056 -0.303668
v 3.471522 -0.907056 -0.349059
v 3.559210 -0.907056 -0.337515
v 3.302123 -0.907056 -0.303668
v 3.383834 -0.907056 -0.337515
v 3.178113 -0.907056 -0.179659
v 3.231955 -0.907056 -0.249827
v 3.810322 -0.907056 -0.010259
v 3.798779 -0.907056 -0.097947
v 3.798779 -0.907056 0.077429
v 3.640923 -0.907056 0.283150
v 3.711091 -0.907056 0.229309
v 3.764932 -0.907056 -0.179659
v 3.764933 -0.907056 0.159141
v 3.711091 -0.907056 -0.249827
v 3.144267 -0.907056 -0.097947
v 3.559210 -0.907056 0.316997
v 3.361912 -0.907056 -0.524139
v 3.361912 -0.732641 -0.524139
v 3.471522 -0.907056 -0.524139
v 3.471522 -0.732641 -0.524139
v 3.581132 -0.907056 -0.524139
v 3.581132 -0.732641 -0.524139
v 3.739484 -2.482120 -0.879617
v 3.812689 -2.408915 -0.879617
v 3.839485 -2.308915 -0.879617
v 3.812689 -2.208915 -0.879617
v 3.439486 -2.308915 -0.879616
v 3.466280 -2.208915 -0.879616
v 3.539485 -2.135710 -0.879617
v 3.466280 -2.408915 -0.879616
v 3.539485 -2.482120 -0.879617
v 3.739484 -2.135709 -0.879617
v 3.683649 -2.497081 -0.879617
v 3.639485 -2.108914 -0.879617
v 3.639485 -2.508915 -0.879617
v 3.812689 -2.408915 -0.687617
v 3.466280 -2.208915 -0.687617
v 3.639485 -2.108914 -0.687617
v 3.539485 -2.135710 -0.687617
v 3.639485 -2.508915 -0.687617
v 3.739484 -2.482120 -0.687617
v 3.655321 -2.504671 -0.687617
v 3.839485 -2.308915 -0.687617
v 3.439486 -2.308915 -0.687617
v 3.739484 -2.135709 -0.687617
v 3.466280 -2.408915 -0.687617
v 3.539485 -2.482120 -0.687617
v 3.555320 -2.486363 -0.687617
v 3.812689 -2.208915 -0.687617
v 3.439456 -0.788650 -0.687617
v 3.439456 -0.788650 -0.879617
v 4.540817 -2.308918 0.513380
v 4.523533 -2.484405 0.513380
v 4.472345 -2.653148 0.513380
v 4.389222 -2.808662 0.513380
v 4.277356 -2.944972 0.513380
v 4.141046 -3.056838 0.513380
v 3.985531 -3.139962 0.513380
v 3.816787 -3.191150 0.513380
v 3.641302 -3.208434 0.513381
v 3.465815 -3.191150 0.513381
v 3.297071 -3.139963 0.513381
v 3.141556 -3.056838 0.513381
v 3.005248 -2.944972 0.513381
v 2.893381 -2.808662 0.513382
v 2.810257 -2.653148 0.513382
v 2.759069 -2.484405 0.513382
v 2.741786 -2.308918 0.513382
v 2.759069 -2.133431 0.513382
v 2.810256 -1.964688 0.513382
v 2.893382 -1.809174 0.513381
v 3.005248 -1.672864 0.513381
v 3.141556 -1.560998 0.513381
v 3.297071 -1.477874 0.513381
v 3.465815 -1.426686 0.513381
v 3.641302 -1.409402 0.513381
v 3.816787 -1.426686 0.513380
v 3.985531 -1.477874 0.513380
v 4.141046 -1.560998 0.513380
v 4.277356 -1.672864 0.513380
v 4.389222 -1.809174 0.513380
v 4.472345 -1.964688 0.513380
v 4.523533 -2.133431 0.513380
v 4.540816 -2.308918 -0.526620
v 4.523531 -2.484405 -0.526620
v 4.472344 -2.653148 -0.526620
v 4.389220 -2.808662 -0.526620
v 4.277353 -2.944972 -0.526620
v 4.141045 -3.056838 -0.526620
v 3.985530 -3.139962 -0.526620
v 3.816786 -3.191150 -0.526619
v 3.641299 -3.208434 -0.526619
v 3.465814 -3.191150 -0.526619
v 3.297071 -3.139962 -0.526619
v 3.141555 -3.056838 -0.526619
v 3.005247 -2.944972 -0.526619
v 2.893380 -2.808662 -0.526618
v 2.810256 -2.653148 -0.526618
v 2.759068 -2.484405 -0.526618
v 2.741785 -2.308918 -0.526618
v 2.759068 -2.133431 -0.526618
v 2.810256 -1.964688 -0.526618
v 2.893380 -1.809174 -0.526618
v 3.005247 -1.672864 -0.526618
v 3.141555 -1.560998 -0.526619
v 3.297071 -1.477874 -0.526619
v 3.465813 -1.426686 -0.526619
v 3.641299 -1.409402 -0.526619
v 3.816786 -1.426686 -0.526619
v 3.985530 -1.477874 -0.526620
v 4.141044 -1.560998 -0.526620
v 4.277353 -1.672864 -0.526620
v 4.389220 -1.809174 -0.526620
v 4.472344 -1.964688 -0.526620
v 4.523531 -2.133431 -0.526620
v 4.645545 -2.510061 -0.526620
v 4.665140 -2.311126 -0.526620
v 4.587519 -2.701352 -0.526620
v 4.493289 -2.877646 -0.526620
v 4.366474 -3.032169 -0.526620
v 4.211950 -3.158983 -0.526620
v 4.035656 -3.253215 -0.526620
v 3.844366 -3.311242 -0.526620
v 3.645431 -3.330835 -0.526619
v 3.446495 -3.311242 -0.526619
v 3.255205 -3.253215 -0.526619
v 3.078910 -3.158983 -0.526619
v 2.924387 -3.032169 -0.526618
v 2.797573 -2.877646 -0.526618
v 2.703341 -2.701352 -0.526618
v 2.645315 -2.510061 -0.526618
v 2.625721 -2.311126 -0.526618
v 2.645315 -2.112190 -0.526618
v 2.703341 -1.920900 -0.526618
v 2.797574 -1.744606 -0.526618
v 2.924387 -1.590082 -0.526618
v 3.078910 -1.463268 -0.526619
v 3.255205 -1.369037 -0.526619
v 3.446495 -1.311009 -0.526619
v 3.645431 -1.291416 -0.526619
v 3.844366 -1.311009 -0.526620
v 4.035656 -1.369037 -0.526620
v 4.211950 -1.463268 -0.526620
v 4.366474 -1.590082 -0.526620
v 4.493289 -1.744606 -0.526620
v 4.587519 -1.920900 -0.526620
v 4.645545 -2.112190 -0.526620
v 4.669852 -2.308918 0.513379
v 4.650089 -2.509579 0.513380
v 4.591559 -2.702528 0.513380
v 4.496511 -2.880351 0.513380
v 4.368598 -3.036214 0.513380
v 4.212735 -3.164127 0.513380
v 4.034912 -3.259176 0.513380
v 3.841962 -3.317706 0.513380
v 3.641302 -3.337470 0.513381
v 3.440640 -3.317706 0.513381
v 3.247692 -3.259176 0.513381
v 3.069869 -3.164128 0.513381
v 2.914005 -3.036214 0.513381
v 2.786091 -2.880351 0.513382
v 2.691043 -2.702528 0.513382
v 2.632514 -2.509579 0.513382
v 2.612750 -2.308918 0.513382
v 2.632514 -2.108258 0.513382
v 2.691043 -1.915309 0.513382
v 2.786091 -1.737485 0.513382
v 2.914005 -1.581622 0.513382
v 3.069869 -1.453709 0.513381
v 3.247692 -1.358661 0.513381
v 3.440640 -1.300130 0.513381
v 3.641302 -1.280366 0.513381
v 3.841962 -1.300130 0.513380
v 4.034912 -1.358661 0.513380
v 4.212733 -1.453709 0.513380
v 4.368598 -1.581622 0.513380
v 4.496511 -1.737485 0.513380
v 4.591559 -1.915309 0.513380
v 4.650089 -2.108258 0.513379
v 3.641301 -2.212446 0.453379
v 3.593064 -2.225371 0.453379
v 3.557754 -2.260682 0.453379
v 3.544828 -2.308918 0.453379
v 3.557754 -2.357154 0.453379
v 3.593064 -2.392466 0.453379
v 3.641301 -2.405391 0.453379
v 3.689538 -2.392466 0.453379
v 3.724848 -2.357154 0.453379
v 3.737773 -2.308918 0.453379
v 3.724848 -2.260682 0.453379
v 3.689538 -2.225371 0.453379
v 3.641301 -2.108918 0.330045
v 3.641301 -2.108918 0.176712
v 3.541300 -2.135713 0.176712
v 3.541300 -2.135713 0.330045
v 3.468095 -2.208918 0.176712
v 3.468095 -2.208918 0.330046
v 3.441300 -2.308918 0.176712
v 3.441300 -2.308918 0.330046
v 3.468095 -2.408918 0.176712
v 3.468095 -2.408918 0.330046
v 3.541300 -2.482123 0.176712
v 3.541300 -2.482123 0.330046
v 3.641301 -2.508918 0.176712
v 3.641301 -2.508918 0.330045
v 3.741301 -2.482123 0.176712
v 3.741301 -2.482123 0.330045
v 3.814506 -2.408918 0.176712
v 3.814506 -2.408918 0.330045
v 3.841300 -2.308918 0.176712
v 3.841300 -2.308918 0.330045
v 3.814506 -2.208918 0.176712
v 3.814506 -2.208918 0.330045
v 3.741301 -2.135713 0.176712
v 3.741301 -2.135713 0.330045
v 3.460127 -1.432770 -0.169955
v 3.460126 -1.432770 -0.423288
v 3.360126 -1.459565 -0.423288
v 3.360127 -1.459565 -0.169954
v 2.791947 -2.027745 -0.423287
v 2.791947 -2.027745 -0.169954
v 2.765152 -2.127745 -0.423287
v 2.765152 -2.127745 -0.169954
v 2.973121 -2.903893 -0.423287
v 2.973121 -2.903893 -0.169954
v 3.046326 -2.977098 -0.423287
v 3.046326 -2.977098 -0.169954
v 3.822474 -3.185066 -0.423288
v 3.822474 -3.185066 -0.169955
v 3.922473 -3.158271 -0.423288
v 3.922474 -3.158271 -0.169955
v 4.490654 -2.590092 -0.423289
v 4.490654 -2.590092 -0.169956
v 4.517447 -2.490092 -0.423289
v 4.517448 -2.490092 -0.169956
v 4.309479 -1.713944 -0.423289
v 4.309479 -1.713944 -0.169955
v 4.236274 -1.640739 -0.423288
v 4.236274 -1.640739 -0.169955
v 3.641301 -2.108918 0.453379
v 3.541300 -2.135713 0.453379
v 3.468095 -2.208918 0.453379
v 3.441301 -2.308918 0.453379
v 3.468095 -2.408918 0.453379
v 3.541300 -2.482123 0.453379
v 3.641301 -2.508918 0.453379
v 3.741301 -2.482123 0.453379
v 3.814506 -2.408918 0.453379
v 3.841300 -2.308918 0.453379
v 3.814506 -2.208918 0.453379
v 3.741301 -2.135713 0.453379
v 3.641301 -2.212446 0.353379
v 3.593064 -2.225371 0.353379
v 3.557754 -2.260682 0.353379
v 3.544828 -2.308918 0.353379
v 3.557754 -2.357154 0.353379
v 3.593064 -2.392466 0.353379
v 3.641301 -2.405391 0.353379
v 3.689537 -2.392466 0.353379
v 3.724848 -2.357154 0.353379
v 3.737773 -2.308918 0.353379
v 3.724848 -2.260682 0.353379
v 3.689537 -2.225371 0.353379
v 3.863585 -1.207119 -0.197286
v 3.862702 -1.203130 0.184047
v 4.074612 -1.271134 -0.197286
v 4.074338 -1.267329 0.184047
v 4.579462 -1.685453 -0.197287
v 4.580644 -1.682843 0.184046
v 4.683415 -1.879937 -0.197287
v 4.684896 -1.877887 0.184046
v 4.439562 -1.514986 -0.197287
v 4.440341 -1.511884 0.184047
v 4.269096 -1.375088 -0.197287
v 4.269383 -1.371582 0.184047
v 3.644123 -1.185504 -0.197286
v 3.642609 -1.181453 0.184047
v 3.213634 -1.271134 -0.197286
v 3.210878 -1.267329 0.184048
v 3.424662 -1.207119 -0.197286
v 3.422514 -1.203130 0.184048
v 2.848682 -1.514986 -0.197285
v 2.844875 -1.511884 0.184048
v 3.019148 -1.375088 -0.197285
v 3.015834 -1.371583 0.184048
v 2.604829 -1.879937 -0.197285
v 2.600320 -1.877887 0.184049
v 2.708785 -1.685453 -0.197285
v 2.704575 -1.682843 0.184048
v 2.519199 -2.310427 -0.197285
v 2.514444 -2.309617 0.184049
v 2.540815 -2.090965 -0.197285
v 2.536121 -2.089523 0.184049
v 2.604829 -2.740916 -0.197285
v 2.600320 -2.741347 0.184049
v 2.540815 -2.529888 -0.197285
v 2.536121 -2.529711 0.184049
v 2.848682 -3.105867 -0.197285
v 2.844875 -3.107350 0.184048
v 2.708784 -2.935400 -0.197285
v 2.704575 -2.936392 0.184049
v 3.213634 -3.349720 -0.197286
v 3.210878 -3.351906 0.184048
v 3.019149 -3.245766 -0.197285
v 3.015834 -3.247652 0.184048
v 3.644123 -3.435349 -0.197286
v 3.642609 -3.437782 0.184047
v 3.424662 -3.413734 -0.197286
v 3.422514 -3.416105 0.184048
v 4.074612 -3.349720 -0.197286
v 4.074338 -3.351905 0.184047
v 3.863585 -3.413734 -0.197286
v 3.862702 -3.416105 0.184047
v 4.439562 -3.105867 -0.197287
v 4.440341 -3.107350 0.184046
v 4.269096 -3.245766 -0.197287
v 4.269383 -3.247652 0.184047
v 4.683415 -2.740916 -0.197287
v 4.684896 -2.741347 0.184046
v 4.579462 -2.935400 -0.197287
v 4.580644 -2.936392 0.184046
v 4.747428 -2.090965 -0.197287
v 4.749095 -2.089523 0.184046
v 4.769044 -2.310427 -0.197287
v 4.770772 -2.309617 0.184046
v 4.747428 -2.529888 -0.197287
v 4.749095 -2.529711 0.184046
v 3.641299 -2.108918 -0.261066
v 3.641299 -2.108918 -0.358843
v 3.541299 -2.135713 -0.358843
v 3.541299 -2.135713 -0.261066
v 3.468094 -2.208918 -0.358843
v 3.468094 -2.208918 -0.261065
v 3.441300 -2.308918 -0.358843
v 3.441300 -2.308918 -0.261065
v 3.468094 -2.408918 -0.358843
v 3.468094 -2.408918 -0.261065
v 3.541299 -2.482123 -0.358843
v 3.541299 -2.482123 -0.261065
v 3.641299 -2.508918 -0.358843
v 3.641301 -2.508918 -0.261066
v 3.741300 -2.482123 -0.358843
v 3.741301 -2.482123 -0.261066
v 3.814506 -2.408918 -0.358844
v 3.814506 -2.408918 -0.261066
v 3.841300 -2.308918 -0.358844
v 3.841300 -2.308918 -0.261066
v 3.814506 -2.208918 -0.358844
v 3.814506 -2.208918 -0.261066
v 3.741300 -2.135713 -0.358844
v 3.741301 -2.135713 -0.261066
v 3.046324 -1.640739 -0.358843
v 3.046324 -1.640739 -0.261065
v 2.973119 -1.713944 -0.358843
v 2.973119 -1.713944 -0.261065
v 3.360126 -3.158271 -0.358843
v 3.360126 -3.158271 -0.261065
v 3.460126 -3.185066 -0.358843
v 3.460126 -3.185066 -0.261065
v 4.517447 -2.127745 -0.358844
v 4.517447 -2.127745 -0.261067
v 4.490654 -2.027745 -0.358844
v 4.490654 -2.027745 -0.261067
v 4.630004 -1.903390 -0.521420
v 4.690644 -2.103288 -0.521420
v 4.399013 -1.557685 -0.521420
v 4.531533 -1.719162 -0.521420
v 4.053309 -1.326693 -0.521419
v 4.237536 -1.425165 -0.521419
v 3.645524 -1.245579 -0.521419
v 3.853410 -1.266054 -0.521419
v 3.237736 -1.326693 -0.521418
v 3.437635 -1.266054 -0.521419
v 2.892033 -1.557685 -0.521418
v 3.053509 -1.425165 -0.521418
v 2.661040 -1.903390 -0.521418
v 2.759512 -1.719162 -0.521418
v 2.579927 -2.311175 -0.521418
v 2.600402 -2.103288 -0.521418
v 2.661040 -2.718962 -0.521418
v 2.600402 -2.519063 -0.521418
v 2.892033 -3.064666 -0.521418
v 2.759512 -2.903189 -0.521418
v 3.237738 -3.295658 -0.521418
v 3.053509 -3.197186 -0.521418
v 3.645524 -3.376771 -0.521419
v 3.437635 -3.356296 -0.521419
v 4.053308 -3.295658 -0.521419
v 3.853410 -3.356296 -0.521419
v 4.399013 -3.064666 -0.521420
v 4.237536 -3.197186 -0.521420
v 4.630004 -2.718961 -0.521420
v 4.531533 -2.903189 -0.521420
v 4.711119 -2.311175 -0.521420
v 4.690644 -2.519063 -0.521420
v 4.695392 -2.518559 0.508180
v 4.716044 -2.308868 0.508180
v 4.534902 -2.906015 0.508180
v 4.634226 -2.720190 0.508180
v 4.238355 -3.202562 0.508180
v 4.401231 -3.068892 0.508180
v 3.850898 -3.363052 0.508181
v 4.052530 -3.301888 0.508181
v 3.431519 -3.363052 0.508181
v 3.641209 -3.383704 0.508181
v 3.044062 -3.202562 0.508182
v 3.229887 -3.301888 0.508181
v 2.747514 -2.906015 0.508182
v 2.881185 -3.068893 0.508182
v 2.587025 -2.518559 0.508182
v 2.648190 -2.720191 0.508182
v 2.587025 -2.099178 0.508182
v 2.566372 -2.308868 0.508182
v 2.747514 -1.711721 0.508182
v 2.648190 -1.897547 0.508182
v 3.044060 -1.415175 0.508182
v 2.881185 -1.548845 0.508182
v 3.431519 -1.254685 0.508181
v 3.229887 -1.315850 0.508181
v 3.850898 -1.254685 0.508181
v 3.641209 -1.234032 0.508181
v 4.238355 -1.415175 0.508180
v 4.052530 -1.315850 0.508181
v 4.534902 -1.711721 0.508180
v 4.401231 -1.548844 0.508180
v 4.695392 -2.099178 0.508180
v 4.634226 -1.897547 0.508180
v 3.884636 -1.092441 0.182141
v 4.117435 -1.163060 0.182141
v 4.674370 -1.620125 0.182140
v 4.789050 -1.834674 0.182140
v 4.520039 -1.432071 0.182140
v 4.331985 -1.277739 0.182140
v 3.642532 -1.068596 0.182141
v 3.167629 -1.163060 0.182142
v 3.400429 -1.092441 0.182141
v 2.765027 -1.432071 0.182142
v 2.953081 -1.277739 0.182142
v 2.496016 -1.834674 0.182142
v 2.610695 -1.620125 0.182142
v 2.401551 -2.309577 0.182142
v 2.425397 -2.067473 0.182142
v 2.496017 -2.784480 0.182142
v 2.425397 -2.551680 0.182142
v 2.765028 -3.187083 0.182142
v 2.610695 -2.999029 0.182142
v 3.167631 -3.456093 0.182141
v 2.953081 -3.341415 0.182142
v 3.642532 -3.550558 0.182141
v 3.400429 -3.526713 0.182141
v 4.117435 -3.456093 0.182140
v 3.884636 -3.526713 0.182141
v 4.520039 -3.187083 0.182140
v 4.331985 -3.341415 0.182140
v 4.789050 -2.784480 0.182140
v 4.674370 -2.999029 0.182140
v 4.859668 -2.067473 0.182140
v 4.883513 -2.309577 0.182140
v 4.859668 -2.551680 0.182140
v 3.885605 -1.096829 -0.195379
v 4.117736 -1.167245 -0.195379
v 4.673070 -1.622996 -0.195380
v 4.787420 -1.836929 -0.195380
v 4.519183 -1.435483 -0.195380
v 4.331669 -1.281594 -0.195380
v 3.644198 -1.073053 -0.195379
v 3.170660 -1.167245 -0.195378
v 3.402791 -1.096829 -0.195379
v 2.769214 -1.435483 -0.195378
v 2.956728 -1.281595 -0.195378
v 2.500977 -1.836929 -0.195378
v 2.615326 -1.622996 -0.195378
v 2.406784 -2.310467 -0.195378
v 2.430561 -2.069059 -0.195378
v 2.500977 -2.784005 -0.195378
v 2.430561 -2.551875 -0.195378
v 2.769215 -3.185451 -0.195378
v 2.615325 -2.997938 -0.195378
v 3.170660 -3.453689 -0.195378
v 2.956728 -3.339340 -0.195378
v 3.644198 -3.547882 -0.195379
v 3.402791 -3.524105 -0.195379
v 4.117736 -3.453689 -0.195379
v 3.885605 -3.524105 -0.195379
v 4.519183 -3.185451 -0.195380
v 4.331669 -3.339340 -0.195380
v 4.787420 -2.784005 -0.195380
v 4.673070 -2.997938 -0.195380
v 4.857835 -2.069060 -0.195380
v 4.881612 -2.310467 -0.195380
v 4.857835 -2.551875 -0.195380
v 3.510777 -1.621799 0.149397
v 3.538007 -1.723423 0.287965
v 3.563420 -1.818265 0.372126
v 3.602081 -1.962551 0.394987
v 3.438007 -1.750218 0.287965
v 3.410778 -1.648594 0.149397
v 3.502081 -1.989346 0.394987
v 3.463420 -1.845060 0.372126
v 3.294933 -2.269699 0.394987
v 3.150648 -2.231038 0.372126
v 3.055806 -2.205625 0.287965
v 2.954182 -2.178395 0.149397
v 3.177443 -2.131038 0.372126
v 3.321728 -2.169699 0.394987
v 2.980977 -2.078395 0.149397
v 3.082601 -2.105625 0.287965
v 3.848449 -2.028565 0.394987
v 3.954073 -1.922941 0.372126
v 4.023502 -1.853511 0.287964
v 4.097897 -1.779117 0.149396
v 4.027277 -1.996146 0.372126
v 3.921654 -2.101770 0.394987
v 4.171102 -1.852322 0.149396
v 4.096707 -1.926716 0.287964
v 4.105158 -2.486798 0.372126
v 3.960874 -2.448137 0.394987
v 4.301624 -2.539441 0.149396
v 4.200000 -2.512211 0.287964
v 4.226797 -2.412211 0.287964
v 4.328420 -2.439442 0.149396
v 3.987669 -2.348137 0.394987
v 4.131953 -2.386798 0.372126
v 3.780520 -2.628491 0.394987
v 3.819181 -2.772776 0.372126
v 3.844594 -2.867618 0.287965
v 3.871823 -2.969242 0.149396
v 3.719182 -2.799571 0.372126
v 3.680520 -2.655286 0.394987
v 3.771824 -2.996037 0.149397
v 3.744594 -2.894413 0.287965
v 3.255323 -2.621691 0.372126
v 3.360948 -2.516067 0.394987
v 3.111499 -2.765514 0.149397
v 3.185894 -2.691120 0.287965
v 3.259099 -2.764325 0.287965
v 3.184704 -2.838719 0.149397
v 3.434153 -2.589272 0.394987
v 3.328528 -2.694896 0.372126
v 3.641299 -2.108918 -0.879288
v 3.541299 -2.135713 -0.879288
v 3.468094 -2.208918 -0.879288
v 3.441299 -2.308918 -0.879288
v 3.468094 -2.408918 -0.879288
v 3.541299 -2.482123 -0.879288
v 3.641299 -2.508918 -0.879288
v 3.741300 -2.482123 -0.879288
v 3.814505 -2.408918 -0.879288
v 3.841300 -2.308918 -0.879288
v 3.814505 -2.208918 -0.879288
v 3.741300 -2.135713 -0.879288
v 3.511300 -2.083752 -1.160867
v 3.641299 -2.048918 -1.160867
v 3.641299 -2.048918 -0.879334
v 3.416132 -2.178918 -1.160867
v 3.381299 -2.308918 -1.160867
v 3.416132 -2.438918 -1.160866
v 3.511300 -2.534085 -1.160866
v 3.641299 -2.568918 -1.160866
v 3.771299 -2.534085 -1.160866
v 3.866466 -2.438918 -1.160868
v 3.901299 -2.308918 -1.160868
v 3.866466 -2.178918 -1.160868
v 3.771299 -2.083752 -1.160868
v 3.511300 -2.083752 -0.879334
v 3.416133 -2.178918 -0.879334
v 3.381299 -2.308918 -0.879334
v 3.416133 -2.438918 -0.879334
v 3.511300 -2.534085 -0.879334
v 3.641299 -2.568918 -0.879334
v 3.771299 -2.534085 -0.879334
v 3.866467 -2.438918 -0.879334
v 3.901299 -2.308918 -0.879334
v 3.866467 -2.178918 -0.879334
v 3.771299 -2.083752 -0.879334
v 3.272381 -1.418267 0.513381
v 3.453228 -1.363408 0.513381
v 3.453228 -3.254428 0.513381
v 3.272381 -3.199569 0.513381
v 3.641302 -1.344884 0.513381
v 3.105713 -3.110483 0.513381
v 3.829374 -1.363408 0.513380
v 2.959627 -2.990593 0.513381
v 4.010221 -1.418267 0.513380
v 2.839736 -2.844507 0.513382
v 4.176889 -1.507353 0.513380
v 2.750650 -2.677838 0.513382
v 4.605335 -2.308918 0.513380
v 4.586812 -2.496992 0.513380
v 4.322977 -1.627243 0.513380
v 2.695791 -2.496992 0.513382
v 4.531951 -2.677838 0.513380
v 4.442865 -1.773330 0.513380
v 2.677268 -2.308918 0.513382
v 4.442866 -2.844507 0.513380
v 4.531951 -1.939998 0.513380
v 2.695790 -2.120844 0.513382
v 4.322977 -2.990593 0.513380
v 4.586812 -2.120844 0.513380
v 2.750650 -1.939998 0.513382
v 4.176889 -3.110483 0.513380
v 2.839736 -1.773330 0.513381
v 4.010221 -3.199569 0.513380
v 2.959627 -1.627243 0.513381
v 3.829374 -3.254428 0.513380
v 3.105712 -1.507353 0.513381
v 3.641302 -3.272952 0.513381
v 4.584539 -2.497233 -0.526620
v 4.529932 -2.677250 -0.526620
v 4.441254 -2.843154 -0.526620
v 4.321913 -2.988571 -0.526620
v 4.176497 -3.107911 -0.526620
v 4.010592 -3.196589 -0.526620
v 3.830576 -3.251196 -0.526619
v 3.643365 -3.269635 -0.526619
v 3.456154 -3.251196 -0.526619
v 3.276137 -3.196589 -0.526619
v 3.110232 -3.107911 -0.526619
v 2.964817 -2.988571 -0.526619
v 2.845477 -2.843154 -0.526618
v 2.756798 -2.677250 -0.526618
v 2.702191 -2.497233 -0.526618
v 2.683753 -2.310022 -0.526618
v 2.702191 -2.122811 -0.526618
v 2.756798 -1.942794 -0.526618
v 2.845477 -1.776890 -0.526618
v 2.964817 -1.631473 -0.526618
v 3.110232 -1.512133 -0.526619
v 3.276137 -1.423455 -0.526619
v 3.456154 -1.368848 -0.526619
v 3.643365 -1.350409 -0.526619
v 3.830576 -1.368848 -0.526619
v 4.010593 -1.423455 -0.526620
v 4.176497 -1.512133 -0.526620
v 4.321913 -1.631473 -0.526620
v 4.441254 -1.776890 -0.526620
v 4.529932 -1.942794 -0.526620
v 4.584539 -2.122811 -0.526620
v 4.602977 -2.310022 -0.526620
v 3.611300 -1.996952 0.226391
v 3.555807 -1.789848 0.193576
v 3.545621 -1.751840 0.159848
v 3.506536 -1.605972 -0.039049
v 3.455805 -1.816643 0.193576
v 3.511300 -2.023747 0.226391
v 3.406537 -1.632767 -0.039049
v 3.445621 -1.778635 0.159848
v 2.938354 -2.174154 -0.039049
v 3.084222 -2.213239 0.159849
v 3.122231 -2.223424 0.193576
v 3.329334 -2.278917 0.226391
v 3.356130 -2.178917 0.226391
v 3.149025 -2.123424 0.193576
v 3.111017 -2.113240 0.159849
v 2.965148 -2.074154 -0.039049
v 4.109482 -1.767531 -0.039050
v 4.002700 -1.874314 0.159848
v 3.974876 -1.902138 0.193576
v 3.823266 -2.053748 0.226390
v 4.075903 -1.947519 0.159848
v 4.182687 -1.840736 -0.039050
v 3.896471 -2.126953 0.226390
v 4.048080 -1.975343 0.193576
v 4.160370 -2.394413 0.193576
v 3.953267 -2.338920 0.226390
v 4.344247 -2.443682 -0.039050
v 4.198379 -2.404597 0.159848
v 4.171585 -2.504597 0.159848
v 4.317451 -2.543682 -0.039050
v 3.926471 -2.438920 0.226390
v 4.133575 -2.494413 0.193576
v 3.876064 -2.985070 -0.039049
v 3.836979 -2.839202 0.159848
v 3.826796 -2.801193 0.193576
v 3.771301 -2.594090 0.226391
v 3.736979 -2.865996 0.159848
v 3.776064 -3.011865 -0.039049
v 3.671301 -2.620885 0.226391
v 3.726796 -2.827988 0.193576
v 3.386130 -2.490883 0.226391
v 3.234520 -2.642494 0.193576
v 3.206697 -2.670318 0.159849
v 3.099913 -2.777101 -0.039049
v 3.307725 -2.715699 0.193576
v 3.459335 -2.564088 0.226391
v 3.173118 -2.850306 -0.039049
v 3.279902 -2.743523 0.159849
vn -0.4804 0.1605 0.8622
vn -0.2029 0.1582 0.9663
vn -0.4016 0.1140 0.9087
vn 0.1716 -0.7487 -0.6403
vn -0.0000 -0.7487 -0.6629
vn -0.0000 -1.0000 -0.0000
vn -0.0000 -0.7487 0.6629
vn -0.1716 -0.7487 0.6403
vn -0.6629 -0.7487 -0.0000
vn -0.6403 -0.7487 0.1716
vn -0.1716 -0.7487 -0.6403
vn -0.3315 -0.7487 -0.5741
vn 0.6403 -0.7487 -0.1716
vn 0.6629 -0.7487 -0.0000
vn 0.3315 -0.7487 0.5741
vn 0.1716 -0.7487 0.6403
vn -0.5741 -0.7487 0.3315
vn -0.4688 -0.7487 0.4688
vn -0.4688 -0.7487 -0.4688
vn -0.5741 -0.7487 -0.3315
vn 0.5741 -0.7487 -0.3315
vn 0.4688 -0.7487 -0.4688
vn 0.4688 -0.7487 0.4688
vn 0.5741 -0.7487 0.3315
vn -0.3315 -0.7487 0.5741
vn -0.6403 -0.7487 -0.1716
vn 0.3315 -0.7487 -0.5741
vn 0.1716 -0.7487 -0.6404
vn 0.6403 -0.7487 0.1716
vn -0.2588 -0.0000 -0.9659
vn -0.1305 -0.0000 -0.9914
vn -0.0438 -0.0000 -0.9990
vn -0.0000 1.0000 -0.0000
vn -0.2588 -0.0000 0.9659
vn -0.1761 -0.0000 0.9844
vn -0.3723 -0.0000 0.9281
vn 0.1305 -0.0000 0.9914
vn 0.2588 -0.0000 0.9659
vn 0.8489 0.1979 0.4901
vn 0.6931 0.1979 0.6931
vn -0.2537 0.1979 -0.9468
vn -0.0000 0.1979 -0.9802
vn 0.4901 0.1979 -0.8489
vn 0.2537 0.1979 -0.9468
vn -1.0000 0.0099 -0.0000
vn 0.4901 0.1979 0.8489
vn 0.6931 0.1979 -0.6931
vn 0.2537 0.1979 0.9468
vn 0.8489 0.1979 -0.4901
vn -0.0000 0.1979 0.9802
vn 0.9468 0.1979 -0.2537
vn -0.2537 0.1979 0.9468
vn 0.9802 0.1979 -0.0000
vn -0.4804 0.1605 -0.8622
vn -0.2029 0.1582 -0.9663
vn -0.4069 0.1858 -0.8944
vn -0.4901 0.1979 0.8489
vn 0.9468 0.1979 0.2537
vn -0.4901 0.1979 -0.8489
vn -0.4069 0.1858 0.8944
vn 0.1246 0.9896 0.0720
vn 0.1239 0.9897 -0.0715
vn 0.1886 0.9764 -0.1056
vn 0.2588 -0.0000 -0.9659
vn 0.1305 -0.0000 -0.9914
vn 0.2177 -0.0000 -0.9760
vn -0.0438 -0.0000 0.9990
vn 0.1767 -0.0000 0.9843
vn 0.2176 -0.0000 0.9760
vn -0.3722 -0.0000 -0.9282
vn 1.0000 -0.0000 -0.0000
vn 0.9998 -0.0000 0.0201
vn -0.0000 -0.0000 -1.0000
vn -0.3082 -0.9513 -0.0000
vn -0.3082 -0.9513 0.0075
vn -0.3107 -0.9505 0.0104
vn 0.3352 0.9421 -0.0000
vn 0.3391 0.9406 0.0157
vn 0.3391 0.9406 -0.0158
vn 0.3382 0.9409 -0.0206
vn 0.3352 0.9421 -0.0046
vn -0.3082 -0.9513 -0.0075
vn -0.0000 -0.0000 1.0000
vn 0.3298 0.9440 -0.0074
vn -0.3150 -0.9326 0.1763
vn -0.3298 -0.9440 0.0071
vn -0.3302 -0.9439 -0.0000
vn -0.1762 -0.0000 -0.9844
vn 0.1897 0.9761 0.1062
vn 0.3317 0.9434 0.0071
vn 0.3321 0.9433 -0.0000
vn -0.3167 -0.9318 -0.1773
vn -0.3317 -0.9434 -0.0075
vn -0.3161 -0.9310 -0.1825
vn 0.1767 -0.0000 -0.9843
vn -0.3107 -0.9505 -0.0104
vn 0.3382 0.9409 0.0206
vn 0.3459 0.9375 0.0384
vn -0.3111 -0.9502 0.0214
vn -0.3183 -0.9472 0.0377
vn 0.9998 -0.0000 -0.0201
vn -0.3111 -0.9502 -0.0214
vn -0.9998 -0.0000 0.0201
vn -0.9998 -0.0000 -0.0201
vn -0.0000 0.9995 -0.0329
vn -0.1919 0.9810 -0.0284
vn -0.0000 0.9995 0.0329
vn -0.1919 0.9810 0.0284
vn -0.1983 0.9797 0.0282
vn -0.0000 -0.9999 0.0140
vn -0.1923 -0.9813 0.0099
vn -0.0000 -0.9999 -0.0140
vn -0.1923 -0.9813 -0.0099
vn -0.1978 -0.9802 -0.0098
vn -0.9802 -0.1972 0.0169
vn -0.9816 0.1906 0.0135
vn -0.9811 -0.1929 0.0170
vn -0.9816 0.1906 -0.0135
vn -0.9802 -0.1972 -0.0169
vn -0.9811 -0.1929 -0.0170
vn -0.3827 0.9236 0.0227
vn -0.9239 0.3826 -0.0060
vn -0.9798 0.1994 -0.0131
vn -0.9238 -0.3827 -0.0132
vn -0.3826 -0.9239 0.0053
vn -0.1978 -0.9802 0.0098
vn -0.3827 -0.9239 0.0053
vn -0.9798 0.1994 0.0131
vn -0.9239 0.3826 0.0060
vn -0.3827 0.9236 -0.0227
vn -0.1983 0.9797 -0.0283
vn -0.3826 -0.9239 -0.0053
vn -0.3827 -0.9239 -0.0053
vn -0.9238 -0.3827 0.0132
vn -0.4016 0.1140 -0.9087
vn -0.1305 -0.0000 0.9914
vn 0.3352 0.9421 0.0046
vn 0.3459 0.9375 -0.0384
vn 0.3391 0.9406 -0.0157
vn 0.1762 -0.0000 0.9844
vn 0.1889 0.9763 -0.1054
vn 0.3302 0.9439 -0.0000
vn 0.3298 0.9440 -0.0071
vn -0.3144 -0.9318 0.1815
vn -0.3167 -0.9319 -0.1770
vn -0.3321 -0.9433 -0.0000
vn -0.3317 -0.9434 -0.0071
vn -0.1758 -0.0000 0.9844
vn -0.3183 -0.9472 -0.0377
vn -0.1345 -0.3653 -0.9211
vn -0.1353 -0.3678 -0.9200
vn -0.1353 -0.3679 -0.9200
vn -0.3199 -0.8696 -0.3762
vn -0.3202 -0.8706 -0.3736
vn -0.3202 -0.8706 -0.3735
vn -0.3202 -0.8706 0.3736
vn -0.3199 -0.8696 0.3762
vn -0.3202 -0.8706 0.3735
vn -0.1353 -0.3678 0.9200
vn -0.1345 -0.3653 0.9211
vn -0.1353 -0.3679 0.9200
vn 0.1354 0.3678 0.9200
vn 0.1346 0.3653 0.9211
vn 0.3207 0.8704 0.3736
vn 0.3204 0.8694 0.3762
vn 0.3207 0.8704 0.3735
vn 0.3204 0.8694 -0.3762
vn 0.3207 0.8704 -0.3736
vn 0.3207 0.8704 -0.3735
vn 0.1346 0.3653 -0.9211
vn 0.1354 0.3678 -0.9200
vn -1.0000 -0.0000 0.0065
vn 0.9287 -0.3707 -0.0061
vn -1.0000 -0.0000 -0.0000
vn -0.7071 -0.0000 -0.7071
vn -0.7071 -0.0000 0.7071
vn 0.7071 -0.0000 0.7071
vn 0.7071 -0.0000 -0.7071
vn -0.9239 -0.3827 -0.0000
vn -0.3827 -0.9239 -0.0000
vn -0.9239 0.3827 -0.0000
vn -0.3827 0.9239 -0.0000
vn -0.1345 -0.3652 -0.9211
vn -0.3199 -0.8695 -0.3762
vn -0.3199 -0.8695 0.3762
vn 0.1345 0.3652 0.9211
vn 0.1345 0.3652 -0.9211
vn -0.5000 -0.0000 0.8660
vn -0.8660 -0.0000 0.5000
vn -0.9659 -0.0000 0.2588
vn -0.9659 -0.0000 -0.2588
vn -0.8660 -0.0000 -0.5000
vn -0.5000 -0.0000 -0.8660
vn -0.3827 -0.0000 -0.9239
vn 0.3827 -0.0000 -0.9239
vn 0.5000 -0.0000 -0.8660
vn 0.8660 -0.0000 -0.5000
vn 0.9659 -0.0000 -0.2588
vn 0.9659 -0.0000 0.2588
vn 0.8660 -0.0000 0.5000
vn 0.5000 -0.0000 0.8660
vn 0.0005 1.0000 0.0005
vn -0.0000 0.9999 -0.0148
vn -0.0000 0.9997 0.0239
vn -0.0000 -0.9999 0.0149
vn 0.0002 -0.9999 -0.0151
vn 0.1951 -0.9808 -0.0000
vn -0.1951 -0.9808 -0.0000
vn 0.3827 -0.9239 -0.0000
vn -0.5556 -0.8315 -0.0000
vn 0.5556 -0.8315 -0.0000
vn -0.7071 -0.7071 -0.0000
vn 0.7071 -0.7071 -0.0000
vn 0.8315 -0.5556 -0.0000
vn -0.8315 -0.5556 -0.0000
vn 0.9239 -0.3827 -0.0000
vn 0.9808 -0.1951 -0.0000
vn -0.9808 -0.1951 -0.0000
vn -0.9808 0.1951 -0.0000
vn 0.9808 0.1951 -0.0000
vn 0.9239 0.3827 -0.0000
vn 0.8315 0.5556 -0.0000
vn -0.8315 0.5556 -0.0000
vn 0.7071 0.7071 -0.0000
vn -0.7071 0.7071 -0.0000
vn -0.5556 0.8315 -0.0000
vn 0.5556 0.8315 -0.0000
vn 0.3827 0.9239 -0.0000
vn -0.1951 0.9808 -0.0000
vn 0.1951 0.9808 -0.0000
vn -0.0007 -0.0004 1.0000
vn -0.0008 -0.0000 1.0000
vn 0.0007 0.0004 1.0000
vn 0.0004 0.0007 1.0000
vn -0.0004 0.0007 1.0000
vn -0.0000 0.0008 1.0000
vn 0.0004 -0.0007 1.0000
vn 0.0007 -0.0004 1.0000
vn -0.0004 -0.0007 1.0000
vn -0.0007 0.0004 1.0000
vn 0.0008 -0.0000 1.0000
vn -0.0000 -0.0008 1.0000
vn 0.4210 0.9071 -0.0000
vn 0.0890 0.9960 -0.0000
vn 0.9960 0.0890 -0.0000
vn 0.9071 0.4210 -0.0000
vn 0.5751 -0.8181 -0.0000
vn 0.8181 -0.5751 -0.0000
vn 0.3805 -0.1020 -0.9191
vn 0.1219 -0.0327 -0.9920
vn -0.4210 -0.9071 -0.0000
vn -0.0890 -0.9960 -0.0000
vn -0.9960 -0.0890 -0.0000
vn -0.9071 -0.4210 -0.0000
vn -0.5751 0.8181 -0.0000
vn -0.8181 0.5751 -0.0000
vn 0.6806 0.6806 0.2714
vn 0.9659 -0.2588 -0.0000
vn 0.9297 -0.2491 0.2714
vn 0.2588 -0.9659 -0.0000
vn 0.2491 -0.9297 0.2714
vn -0.6806 -0.6806 0.2714
vn -0.9659 0.2588 -0.0000
vn -0.9297 0.2491 0.2714
vn -0.2491 0.9297 0.2714
vn -0.2588 0.9659 -0.0000
vn -0.5838 -0.5838 0.5643
vn 0.7974 -0.2137 0.5643
vn 0.2785 0.2785 -0.9191
vn 0.0892 0.0892 -0.9920
vn 0.2588 0.9659 -0.0000
vn 0.1020 -0.3805 -0.9191
vn 0.0327 -0.1219 -0.9920
vn -0.3805 0.1020 -0.9191
vn -0.1219 0.0327 -0.9920
vn 0.2785 0.2785 0.9191
vn 0.0892 0.0892 0.9920
vn -0.3805 0.1020 0.9191
vn -0.1219 0.0327 0.9920
vn 0.9659 0.2588 -0.0000
vn 0.8270 -0.2216 -0.5167
vn 0.8753 -0.2345 -0.4229
vn 0.2216 -0.8270 -0.5167
vn 0.2345 -0.8753 -0.4229
vn 0.1020 -0.3805 0.9191
vn 0.0327 -0.1219 0.9920
vn -0.1080 0.4029 0.9089
vn -0.1884 0.7029 0.6859
vn -0.2588 -0.9659 -0.0000
vn -0.6054 -0.6054 -0.5167
vn -0.6408 -0.6408 -0.4229
vn 0.4029 -0.1080 -0.9089
vn 0.7029 -0.1884 -0.6859
vn -0.7974 0.2137 0.5643
vn 0.3805 -0.1020 0.9191
vn 0.1219 -0.0327 0.9920
vn -0.4029 0.1080 0.9089
vn -0.7029 0.1884 0.6859
vn -0.2949 -0.2949 -0.9089
vn -0.5146 -0.5146 -0.6859
vn 0.5838 0.5838 0.5643
vn -0.2785 -0.2785 0.9191
vn -0.0892 -0.0892 0.9920
vn 0.2949 0.2949 0.9089
vn 0.5146 0.5146 0.6859
vn -0.4029 0.1080 -0.9089
vn -0.7029 0.1883 -0.6859
vn -0.4029 0.1079 -0.9089
vn 0.4029 -0.1080 0.9089
vn 0.7029 -0.1884 0.6859
vn 0.4029 -0.1079 0.9089
vn -0.8270 0.2216 -0.5167
vn -0.8753 0.2345 -0.4229
vn -0.2216 0.8270 -0.5167
vn -0.2345 0.8753 -0.4229
vn -0.9659 -0.2588 -0.0000
vn -0.1079 0.4029 -0.9089
vn -0.1883 0.7029 -0.6859
vn -0.1080 0.4029 -0.9089
vn 0.2137 -0.7974 0.5643
vn -0.1020 0.3805 0.9191
vn -0.0327 0.1219 0.9920
vn 0.1080 -0.4029 0.9089
vn 0.1883 -0.7029 0.6859
vn 0.1884 -0.7029 0.6859
vn -0.2949 -0.2949 0.9089
vn -0.5146 -0.5146 0.6859
vn 0.6054 0.6054 -0.5167
vn 0.6408 0.6408 -0.4229
vn -0.2785 -0.2785 -0.9191
vn -0.0892 -0.0892 -0.9920
vn 0.2949 0.2949 -0.9089
vn 0.5146 0.5146 -0.6859
vn 0.5000 0.8660 -0.0000
vn 0.8181 0.5751 -0.0000
vn 0.9960 -0.0890 -0.0000
vn 0.8660 -0.5000 -0.0000
vn 0.5000 -0.8660 -0.0000
vn 0.0890 -0.9960 -0.0000
vn -0.5751 -0.8181 -0.0000
vn -0.8660 -0.5000 -0.0000
vn -0.9071 0.4210 -0.0000
vn -0.4210 0.9071 -0.0000
vn -0.2137 0.7974 0.5643
vn 0.8660 0.5000 -0.0000
vn -0.5000 -0.8660 -0.0000
vn -0.8660 0.5000 -0.0000
vn -0.5000 0.8660 -0.0000
vn 0.1884 -0.7029 -0.6859
vn -0.1020 0.3805 -0.9191
vn -0.0327 0.1219 -0.9920
vn 0.1080 -0.4029 -0.9089
vn 0.5860 0.1714 0.7920
vn 0.3346 -0.4632 0.8207
vn 0.1436 -0.9279 0.3442
vn 0.1436 -0.9279 -0.3442
vn 0.3346 -0.4632 -0.8207
vn -0.9309 0.3651 0.0030
vn -0.9305 0.3663 -0.0000
vn -0.9321 0.3622 -0.0043
vn -0.9310 0.3651 -0.0030
vn -0.9332 0.3593 -0.0030
vn -0.9337 0.3581 -0.0000
vn -0.9321 0.3622 0.0043
vn -0.9332 0.3593 0.0031
vn -0.9310 0.3651 0.0030
vn -0.9332 0.3593 -0.0031
vn -0.9332 0.3593 0.0030
vn -0.2382 -0.3139 -0.9191
vn -0.2389 -0.3113 -0.9198
vn -0.2422 -0.3003 -0.9226
vn -0.5885 -0.7215 -0.3648
vn -0.5903 -0.7174 -0.3699
vn -0.5924 -0.7127 -0.3757
vn -0.5903 -0.7174 0.3700
vn -0.5885 -0.7215 0.3648
vn -0.5924 -0.7127 0.3757
vn -0.2389 -0.3113 0.9198
vn -0.2382 -0.3139 0.9191
vn -0.2422 -0.3002 0.9226
vn 0.1945 0.3296 0.9239
vn 0.2043 0.3172 0.9261
vn 0.2160 0.3022 0.9285
vn 0.3157 0.8647 0.3906
vn 0.3775 0.8279 0.4149
vn 0.4071 0.8080 0.4260
vn 0.3775 0.8279 -0.4149
vn 0.3154 0.8649 -0.3905
vn 0.4071 0.8080 -0.4260
vn 0.2043 0.3172 -0.9261
vn 0.1945 0.3296 -0.9239
vn 0.2160 0.3022 -0.9285
vn 0.1529 0.3594 -0.9206
vn 0.3629 0.8531 -0.3749
vn 0.3629 0.8531 0.3749
vn 0.1529 0.3594 0.9206
vn -0.1529 -0.3594 0.9206
vn -0.3629 -0.8531 0.3749
vn -0.3629 -0.8531 -0.3749
vn -0.1529 -0.3594 -0.9206
vn 0.7449 0.5873 0.3165
vn 0.7449 0.5873 -0.3165
vn 0.5860 0.1714 -0.7920
vn 0.1436 -0.9278 0.3442
vn -0.2341 -0.3274 -0.9154
vn -0.5862 -0.7266 -0.3583
vn -0.5903 -0.7174 0.3699
vn -0.5862 -0.7266 0.3583
vn -0.2341 -0.3274 0.9154
vn 0.1770 0.3514 0.9193
vn 0.3154 0.8649 0.3905
vn 0.2724 0.8870 0.3727
vn 0.3772 0.8280 0.4148
vn 0.2724 0.8870 -0.3727
vn 0.1770 0.3514 -0.9193
vn -0.8947 0.4467 -0.0000
vn -0.8066 0.5911 -0.0000
vn -0.5122 -0.8589 -0.0000
vn -0.6696 -0.7428 -0.0000
vn 0.6894 -0.7244 -0.0000
vn 0.5505 -0.8349 -0.0000
vn -0.0001 -1.0000 -0.0000
vn -0.2182 -0.9759 -0.0000
vn -0.9572 0.2895 -0.0000
vn -0.9566 -0.2913 -0.0000
vn -0.8691 -0.4946 -0.0000
vn -0.8692 -0.4945 -0.0000
vn 0.5225 0.8526 -0.0000
vn -0.2334 0.9724 -0.0000
vn -0.8526 0.5225 -0.0000
vn -0.9724 -0.2334 -0.0000
vn -0.5225 -0.8526 -0.0000
vn 0.2334 -0.9724 -0.0000
vn 0.8526 -0.5225 -0.0000
vn 0.9724 0.2334 -0.0000
vn -0.5901 -0.8073 -0.0000
vn -0.6669 -0.7452 -0.0000
vn 0.8065 -0.5913 -0.0000
vn 0.6694 0.7429 -0.0000
vn 0.5919 0.8060 -0.0000
vn 0.5901 0.8073 -0.0000
vn -0.8964 0.4433 -0.0000
vn -0.8063 0.5915 -0.0000
vn -0.8672 -0.4979 -0.0000
vn -0.9552 -0.2959 -0.0000
vn -0.9594 0.2819 -0.0000
vn 0.6695 0.7429 -0.0000
vn 0.8683 0.4960 -0.0000
vn 0.9557 0.2942 -0.0000
vn 0.9594 -0.2822 -0.0000
vn 0.8963 -0.4435 -0.0000
vn -0.0047 1.0000 -0.0000
vn 0.0001 -0.0002 -1.0000
vn 0.0392 0.0119 -0.9992
vn 0.0407 -0.0040 -0.9992
vn 0.0391 0.0119 -0.9992
vn 0.0317 0.0260 -0.9992
vn 0.0316 0.0259 -0.9992
vn 0.0193 0.0362 -0.9992
vn 0.0193 0.0361 -0.9992
vn 0.0040 0.0408 -0.9992
vn -0.0119 0.0393 -0.9992
vn -0.0261 0.0318 -0.9992
vn -0.0260 0.0317 -0.9992
vn -0.0362 0.0194 -0.9992
vn -0.0409 0.0040 -0.9992
vn -0.0393 -0.0119 -0.9992
vn -0.0317 -0.0260 -0.9992
vn -0.0193 -0.0361 -0.9992
vn -0.0193 -0.0362 -0.9992
vn -0.0040 -0.0407 -0.9992
vn -0.0040 -0.0408 -0.9992
vn 0.0119 -0.0391 -0.9992
vn 0.0119 -0.0392 -0.9992
vn 0.0259 -0.0316 -0.9992
vn 0.0361 -0.0193 -0.9992
vn -0.0118 0.0388 0.9992
vn -0.0191 -0.0358 0.9992
vn -0.0040 -0.0405 0.9992
vn -0.0192 -0.0359 0.9992
vn 0.0040 0.0404 0.9992
vn -0.0313 -0.0257 0.9992
vn -0.0314 -0.0258 0.9992
vn 0.0192 0.0359 0.9992
vn -0.0388 -0.0118 0.9992
vn 0.0405 -0.0040 0.9992
vn 0.0191 0.0358 0.9992
vn 0.0315 0.0258 0.9992
vn 0.0359 -0.0192 0.9992
vn 0.0314 0.0258 0.9992
vn -0.0403 0.0040 0.9992
vn 0.0390 0.0118 0.9992
vn -0.0404 0.0040 0.9992
vn 0.0258 -0.0315 0.9992
vn 0.0389 0.0118 0.9992
vn -0.0357 0.0191 0.9992
vn 0.0118 -0.0389 0.9992
vn 0.0118 -0.0390 0.9992
vn -0.0257 0.0313 0.9992
vn -0.0040 -0.0404 0.9992
vn 0.2874 0.9476 0.1397
vn 0.2780 0.9165 0.2875
vn 0.2875 0.9477 0.1389
vn 0.8729 0.4666 0.1429
vn 0.8439 0.4511 0.2904
vn 0.8730 0.4666 0.1422
vn -0.3832 0.9236 -0.0039
vn -0.3822 0.9241 -0.0037
vn -0.3820 0.9241 -0.0037
vn 0.6280 0.7652 0.1414
vn 0.6073 0.7400 0.2890
vn 0.6281 0.7653 0.1406
vn 0.1945 -0.9809 0.0031
vn 0.1935 -0.9811 0.0034
vn 0.1947 -0.9809 0.0030
vn -0.3808 0.9246 -0.0042
vn -0.3806 0.9247 -0.0042
vn -0.0719 0.0876 -0.9936
vn -0.0719 0.0877 -0.9935
vn -0.5556 -0.8314 -0.0005
vn -0.5555 -0.8315 -0.0005
vn 0.1075 0.0326 0.9937
vn -0.7658 0.6285 0.1360
vn -0.7411 0.6082 0.2844
vn -0.7658 0.6285 0.1359
vn -0.4670 0.8736 0.1368
vn -0.4519 0.8454 0.2849
vn -0.4670 0.8737 0.1364
vn -0.0971 0.9856 0.1381
vn -0.0939 0.9536 0.2860
vn -0.0971 0.9857 0.1374
vn 0.5561 -0.8311 0.0044
vn 0.5551 -0.8318 0.0042
vn 0.5562 -0.8310 0.0044
vn -0.5554 -0.8316 -0.0005
vn -0.9539 -0.0940 0.2849
vn -0.9858 -0.0971 0.1368
vn -0.9859 -0.0971 0.1364
vn -0.9174 0.2783 0.2844
vn -0.9480 0.2876 0.1360
vn -0.9481 0.2876 0.1359
vn 0.5549 -0.8319 0.0043
vn 0.5537 -0.8327 0.0047
vn -0.0329 0.1085 -0.9936
vn -0.0329 0.1084 -0.9936
vn -0.6076 -0.7404 0.2875
vn -0.6282 -0.7654 0.1397
vn -0.6282 -0.7655 0.1389
vn -0.8451 -0.4517 0.2860
vn -0.8735 -0.4669 0.1381
vn -0.8736 -0.4669 0.1374
vn 0.3826 0.9239 -0.0005
vn 0.3827 0.9239 -0.0005
vn 0.3828 0.9238 -0.0005
vn 0.0868 0.0712 0.9937
vn -0.9242 0.3820 -0.0050
vn -0.9236 0.3833 -0.0048
vn -0.9235 0.3835 -0.0048
vn 0.3829 0.9238 -0.0005
vn 0.7393 -0.6067 0.2921
vn 0.7649 -0.6277 0.1444
vn 0.7649 -0.6278 0.1443
vn 0.4509 -0.8436 0.2915
vn 0.4665 -0.8727 0.1439
vn 0.4665 -0.8728 0.1435
vn 0.0938 -0.9523 0.2904
vn 0.0970 -0.9850 0.1429
vn 0.0970 -0.9851 0.1422
vn -0.2779 -0.9161 0.2890
vn -0.2874 -0.9473 0.1414
vn -0.2874 -0.9474 0.1406
vn 0.9848 0.0970 0.1439
vn 0.9520 0.0938 0.2915
vn 0.9849 0.0970 0.1435
vn -0.9229 0.3851 -0.0054
vn -0.9228 0.3854 -0.0054
vn 0.9469 -0.2872 0.1444
vn 0.9152 -0.2776 0.2921
vn 0.9469 -0.2872 0.1443
vn 0.0111 0.1127 -0.9936
vn -0.8317 -0.5553 -0.0024
vn -0.8313 -0.5558 -0.0023
vn -0.8317 -0.5552 -0.0024
vn 0.0529 0.0989 0.9937
vn 0.9131 -0.2770 -0.2992
vn 0.9458 -0.2869 -0.1519
vn 0.9459 -0.2869 -0.1518
vn 0.9809 -0.1944 0.0048
vn 0.9807 -0.1957 0.0046
vn 0.9809 -0.1943 0.0048
vn -0.8312 -0.5559 -0.0023
vn -0.8308 -0.5566 -0.0025
vn 0.9494 0.0935 -0.2997
vn 0.9835 0.0969 -0.1527
vn 0.9836 0.0969 -0.1523
vn -0.2867 -0.9453 -0.1556
vn -0.2767 -0.9122 -0.3022
vn -0.2868 -0.9454 -0.1548
vn 0.0968 -0.9833 -0.1540
vn 0.0935 -0.9491 -0.3008
vn 0.0969 -0.9834 -0.1533
vn 0.4659 -0.8716 -0.1527
vn 0.4497 -0.8414 -0.2997
vn 0.4659 -0.8716 -0.1523
vn 0.7640 -0.6270 -0.1519
vn 0.7376 -0.6053 -0.2992
vn 0.7641 -0.6270 -0.1518
vn 0.9806 -0.1959 0.0046
vn 0.9803 -0.1975 0.0051
vn 0.0533 0.0998 -0.9936
vn 0.7073 0.7069 0.0015
vn 0.7070 0.7072 0.0014
vn 0.7069 0.7073 0.0014
vn 0.0110 0.1115 0.9937
vn -0.1949 -0.9808 0.0014
vn -0.1944 -0.9809 0.0015
vn -0.1943 -0.9809 0.0016
vn 0.7066 0.7076 0.0016
vn 0.7065 0.7077 0.0016
vn -0.0004 1.0000 -0.0024
vn -0.0012 1.0000 -0.0025
vn 0.0874 0.0717 -0.9936
vn -0.8707 -0.4654 -0.1587
vn -0.8399 -0.4489 -0.3052
vn -0.8708 -0.4655 -0.1580
vn -0.6265 -0.7634 -0.1573
vn -0.6044 -0.7365 -0.3037
vn -0.6266 -0.7635 -0.1564
vn -0.9809 -0.1945 -0.0039
vn -0.9807 -0.1956 -0.0037
vn -0.0325 0.1072 0.9937
vn 0.1956 -0.9807 0.0032
vn 0.1967 -0.9805 0.0034
vn 0.1969 -0.9804 0.0034
vn -0.9806 -0.1958 -0.0037
vn -0.9804 -0.1971 -0.0041
vn -0.9446 0.2865 -0.1603
vn -0.9108 0.2763 -0.3068
vn -0.9446 0.2865 -0.1601
vn -0.9824 -0.0968 -0.1598
vn -0.9474 -0.0933 -0.3062
vn -0.9825 -0.0968 -0.1593
vn -0.5558 -0.8313 -0.0005
vn 0.1081 0.0328 -0.9936
vn 0.9241 0.3822 0.0032
vn 0.9237 0.3831 0.0030
vn 0.9237 0.3832 0.0031
vn -0.0710 0.0865 0.9937
vn -0.0933 0.9477 -0.3052
vn -0.0968 0.9826 -0.1587
vn -0.0968 0.9827 -0.1580
vn -0.4487 0.8396 -0.3062
vn -0.4653 0.8706 -0.1598
vn -0.4654 0.8707 -0.1593
vn -0.7357 0.6038 -0.3068
vn -0.7630 0.6262 -0.1603
vn -0.7630 0.6262 -0.1601
vn 0.3825 0.9240 -0.0005
vn 0.9232 0.3842 0.0034
vn 0.9232 0.3844 0.0034
vn -0.8322 -0.5545 -0.0025
vn -0.8322 -0.5544 -0.0025
vn -0.9806 0.1958 -0.0048
vn -0.9809 0.1945 -0.0046
vn -0.9806 0.1959 -0.0048
vn -0.0987 0.0528 0.9937
vn 0.7076 0.7066 0.0016
vn -0.9809 0.1942 -0.0046
vn -0.9813 0.1926 -0.0051
vn -0.9812 -0.1931 -0.0041
vn -0.9812 -0.1929 -0.0042
vn 1.0000 -0.0007 0.0044
vn 1.0000 0.0006 0.0042
vn 1.0000 0.0008 0.0043
vn -0.1114 0.0110 0.9937
vn 0.6047 0.7369 -0.3022
vn 0.6267 0.7636 -0.1556
vn 0.6267 0.7637 -0.1548
vn 0.9245 0.3811 0.0034
vn 1.0000 0.0023 0.0047
vn 1.0000 0.0026 0.0048
vn 0.8411 0.4496 -0.3008
vn 0.8714 0.4658 -0.1540
vn 0.8715 0.4658 -0.1533
vn 0.2766 0.9117 -0.3037
vn 0.2867 0.9450 -0.1573
vn 0.2867 0.9452 -0.1564
vn 0.7529 0.6179 0.2269
vn 0.6889 0.5654 0.4535
vn 0.7531 0.6180 0.2256
vn 0.4593 0.8592 0.2253
vn 0.4204 0.7866 0.4523
vn 0.4594 0.8595 0.2239
vn 0.0955 0.9700 0.2236
vn 0.0875 0.8882 0.4510
vn 0.0956 0.9703 0.2223
vn -0.2830 0.9330 0.2221
vn -0.2592 0.8546 0.4500
vn -0.2831 0.9333 0.2211
vn -0.6187 0.7539 0.2209
vn -0.5668 0.6906 0.4493
vn -0.6188 0.7540 0.2204
vn -0.8602 0.4598 0.2204
vn -0.7880 0.4212 0.4490
vn -0.8891 0.0876 0.4493
vn -0.9706 0.0956 0.2209
vn -0.9707 0.0956 0.2204
vn -0.8546 -0.2592 0.4500
vn -0.9330 -0.2830 0.2221
vn -0.9333 -0.2831 0.2211
vn -0.6899 -0.5662 0.4510
vn -0.7534 -0.6183 0.2236
vn -0.7537 -0.6185 0.2223
vn -0.4204 -0.7866 0.4523
vn -0.4593 -0.8592 0.2253
vn -0.4594 -0.8595 0.2239
vn -0.0874 -0.8869 0.4535
vn -0.0955 -0.9692 0.2269
vn -0.0955 -0.9695 0.2256
vn 0.2586 -0.8523 0.4546
vn 0.2826 -0.9317 0.2281
vn 0.2827 -0.9319 0.2271
vn 0.5648 -0.6882 0.4553
vn 0.6176 -0.7525 0.2288
vn 0.6176 -0.7526 0.2282
vn 0.7851 -0.4196 0.4556
vn 0.8585 -0.4589 0.2288
vn 0.9688 -0.0954 0.2288
vn 0.8860 -0.0873 0.4553
vn 0.9689 -0.0954 0.2282
vn 0.9317 0.2826 0.2281
vn 0.8523 0.2586 0.4546
vn 0.9319 0.2827 0.2271
vn 0.8486 0.2574 -0.4622
vn 0.9295 0.2820 -0.2377
vn 0.9297 0.2820 -0.2367
vn 0.8829 -0.0870 -0.4615
vn 0.9669 -0.0952 -0.2366
vn 0.9671 -0.0952 -0.2361
vn 0.8570 -0.4581 -0.2360
vn 0.7825 -0.4183 -0.4612
vn 0.6164 -0.7511 -0.2366
vn 0.5628 -0.6858 -0.4615
vn 0.6165 -0.7512 -0.2361
vn 0.2820 -0.9295 -0.2377
vn 0.2574 -0.8486 -0.4622
vn 0.2820 -0.9297 -0.2367
vn -0.0952 -0.9663 -0.2392
vn -0.0869 -0.8820 -0.4632
vn -0.0952 -0.9666 -0.2380
vn -0.4575 -0.8560 -0.2409
vn -0.4175 -0.7810 -0.4645
vn -0.4577 -0.8563 -0.2395
vn -0.7499 -0.6155 -0.2424
vn -0.6841 -0.5614 -0.4657
vn -0.7502 -0.6157 -0.2412
vn -0.9281 -0.2815 -0.2436
vn -0.8463 -0.2567 -0.4667
vn -0.9283 -0.2816 -0.2427
vn -0.9650 0.0950 -0.2443
vn -0.8798 0.0867 -0.4674
vn -0.9652 0.0951 -0.2438
vn -0.7795 0.4167 -0.4676
vn -0.8552 0.4571 -0.2444
vn -0.5608 0.6834 -0.4674
vn -0.6152 0.7496 -0.2443
vn -0.6152 0.7497 -0.2438
vn -0.2567 0.8463 -0.4667
vn -0.2815 0.9281 -0.2436
vn -0.2816 0.9283 -0.2427
vn 0.0867 0.8807 -0.4657
vn 0.0951 0.9655 -0.2424
vn 0.0951 0.9658 -0.2412
vn 0.4175 0.7810 -0.4645
vn 0.4575 0.8560 -0.2409
vn 0.4577 0.8563 -0.2395
vn 0.6851 0.5622 -0.4632
vn 0.7506 0.6160 -0.2392
vn 0.7508 0.6162 -0.2380
vn -0.1000 0.0535 -0.9935
vn -0.7065 0.7077 -0.0046
vn -0.7053 0.7089 -0.0051
vn -0.7051 0.7091 -0.0052
vn 0.0004 1.0000 -0.0023
vn 0.0012 1.0000 -0.0025
vn 0.0014 1.0000 -0.0025
vn -0.7076 0.7066 -0.0048
vn -0.7066 0.7075 -0.0046
vn 0.0003 1.0000 -0.0023
vn -0.1128 0.0111 -0.9936
vn 0.8310 -0.5563 0.0048
vn 0.8300 -0.5577 0.0054
vn 0.8311 -0.5561 0.0048
vn -0.1954 -0.9807 0.0014
vn -0.1958 -0.9806 0.0016
vn -0.1953 -0.9807 0.0014
vn 0.8319 -0.5549 0.0050
vn -0.1949 -0.9808 0.0015
vn -0.1084 -0.0329 -0.9936
vn -1.0000 0.0008 -0.0043
vn -1.0000 0.0023 -0.0048
vn -1.0000 0.0026 -0.0048
vn -1.0000 -0.0007 -0.0044
vn -1.0000 0.0006 -0.0042
vn -0.0875 -0.0718 -0.9936
vn -0.9241 -0.3821 -0.0031
vn -0.9245 -0.3812 -0.0034
vn -0.9246 -0.3810 -0.0034
vn -0.9237 -0.3831 -0.0032
vn -0.9240 -0.3823 -0.0030
vn -0.0533 -0.0998 -0.9936
vn 0.9809 0.1944 0.0037
vn 0.9812 0.1931 0.0042
vn 0.9809 0.1946 0.0037
vn 0.9807 0.1957 0.0039
vn -0.0111 -0.1125 -0.9936
vn -0.7073 -0.7069 -0.0014
vn -0.7076 -0.7066 -0.0016
vn -0.7077 -0.7065 -0.0016
vn -0.7069 -0.7073 -0.0014
vn -0.7072 -0.7070 -0.0014
vn 0.9813 -0.1926 0.0051
vn 0.9813 -0.1924 0.0051
vn 0.0328 -0.1081 -0.9936
vn 0.8317 0.5552 0.0023
vn 0.8321 0.5545 0.0025
vn 0.8316 0.5553 0.0023
vn -0.9249 0.3803 -0.0053
vn -0.9242 0.3819 -0.0050
vn 0.8313 0.5559 0.0024
vn 0.8312 0.5559 0.0024
vn 0.5575 -0.8302 0.0047
vn 0.5577 -0.8300 0.0047
vn 0.0716 -0.0873 -0.9936
vn -0.3826 -0.9239 0.0005
vn -0.3824 -0.9240 0.0005
vn -0.3845 0.9231 -0.0041
vn -0.3833 0.9236 -0.0039
vn -0.3827 -0.9239 0.0005
vn -0.7089 0.7053 -0.0051
vn -0.7077 0.7065 -0.0048
vn 0.0996 -0.0532 -0.9936
vn 0.5556 0.8314 0.0005
vn 0.5558 0.8313 0.0005
vn 0.8329 -0.5534 0.0053
vn 0.8330 -0.5532 0.0054
vn 0.5555 0.8315 0.0005
vn -1.0000 -0.0023 -0.0047
vn -1.0000 -0.0008 -0.0044
vn 0.1124 -0.0111 -0.9936
vn 0.0004 -1.0000 0.0023
vn 0.0012 -1.0000 0.0025
vn 0.0014 -1.0000 0.0026
vn -0.9232 -0.3842 -0.0034
vn -0.9237 -0.3832 -0.0032
vn 0.1119 -0.0110 0.9937
vn 0.1118 -0.0110 0.9937
vn -0.0004 -1.0000 0.0024
vn 0.0003 -1.0000 0.0023
vn 0.9804 0.1970 0.0041
vn 0.9803 0.1973 0.0041
vn 0.1948 0.9808 -0.0014
vn 0.1943 0.9809 -0.0016
vn 0.1949 0.9808 -0.0014
vn -0.7066 -0.7076 -0.0015
vn -0.7069 -0.7073 -0.0015
vn 0.0992 -0.0530 0.9937
vn 0.1953 0.9807 -0.0014
vn 0.1953 0.9807 -0.0015
vn 0.8308 0.5566 0.0025
vn 0.8307 0.5567 0.0025
vn 0.3833 -0.9236 0.0037
vn 0.3846 -0.9231 0.0042
vn 0.3848 -0.9230 0.0042
vn -0.3829 -0.9238 0.0005
vn -0.3828 -0.9238 0.0005
vn 0.0713 -0.0869 0.9937
vn 0.3821 -0.9241 0.0039
vn 0.3832 -0.9237 0.0037
vn 0.5554 0.8316 0.0005
vn 0.5553 0.8316 0.0005
vn -0.1957 0.9807 -0.0031
vn -0.1967 0.9805 -0.0034
vn -0.1955 0.9807 -0.0030
vn -0.0012 -1.0000 0.0025
vn 0.0326 -0.1075 0.9937
vn -0.1946 0.9809 -0.0032
vn 0.1958 0.9806 -0.0015
vn 0.1959 0.9806 -0.0016
vn 0.7077 -0.7065 0.0046
vn 0.7089 -0.7053 0.0052
vn 0.7091 -0.7051 0.0052
vn 0.3808 -0.9246 0.0041
vn -0.0110 -0.1117 0.9937
vn 0.7066 -0.7076 0.0048
vn 0.7075 -0.7067 0.0046
vn -0.1935 0.9811 -0.0034
vn -0.1933 0.9811 -0.0034
vn -0.5562 0.8310 -0.0043
vn -0.5575 0.8302 -0.0048
vn -0.5561 0.8311 -0.0042
vn 0.7054 -0.7088 0.0051
vn 0.7065 -0.7077 0.0048
vn -0.0529 -0.0989 0.9937
vn -0.5550 0.8318 -0.0044
vn -0.5549 0.8319 -0.0044
vn -0.5537 0.8327 -0.0047
vn -0.5534 0.8329 -0.0047
vn 0.9242 -0.3818 0.0048
vn 0.9249 -0.3803 0.0054
vn 0.9250 -0.3800 0.0054
vn 0.9236 -0.3834 0.0050
vn 0.9229 -0.3851 0.0053
vn 0.9235 -0.3835 0.0050
vn -0.0866 -0.0711 0.9937
vn 0.9241 -0.3821 0.0048
vn -0.8310 0.5562 -0.0050
vn -0.8300 0.5577 -0.0053
vn -0.8299 0.5579 -0.0053
vn -0.8320 0.5548 -0.0048
vn -0.8329 0.5534 -0.0053
vn -0.8318 0.5550 -0.0048
vn 1.0000 -0.0023 0.0047
vn 1.0000 -0.0008 0.0044
vn -0.1072 -0.0325 0.9937
vn -0.8310 0.5563 -0.0050
vn -0.9803 0.1975 -0.0051
vn -0.9802 0.1978 -0.0051
vn 0.1933 -0.9811 0.0034
vn -0.7411 0.6082 0.2843
vn 0.5535 -0.8329 0.0048
vn -0.8307 -0.5567 -0.0026
vn 0.9802 -0.1978 0.0052
vn -0.0014 1.0000 -0.0025
vn -0.9803 -0.1973 -0.0042
vn 0.3824 0.9240 -0.0005
vn 0.7077 0.7065 0.0016
vn -0.9813 0.1924 -0.0052
vn 0.9246 0.3810 0.0034
vn 0.8298 -0.5580 0.0054
vn -0.1959 -0.9806 0.0016
vn 0.9812 0.1929 0.0042
vn 0.8322 0.5544 0.0026
vn -0.9250 0.3800 -0.0053
vn -0.3848 0.9230 -0.0042
vn -0.7091 0.7051 -0.0052
vn -1.0000 -0.0025 -0.0047
vn -0.9232 -0.3844 -0.0034
vn 0.1943 0.9810 -0.0016
vn -0.7065 -0.7077 -0.0016
vn -0.1969 0.9804 -0.0035
vn -0.0014 -1.0000 0.0025
vn 0.3806 -0.9247 0.0041
vn -0.5577 0.8300 -0.0048
vn 0.7052 -0.7090 0.0051
vn 0.9228 -0.3853 0.0053
vn -0.8331 0.5532 -0.0054
vn 1.0000 -0.0026 0.0047
vt 0.158491 0.932821
vt 0.236822 0.926542
vt 0.164577 0.949018
vt 0.141144 0.497956
vt 0.170140 0.518034
vt 0.139172 0.518034
vt 0.272475 0.481245
vt 0.260245 0.574143
vt 0.185908 0.517102
vt 0.314867 0.591543
vt 0.282148 0.578375
vt 0.293126 0.569490
vt 0.202555 0.613260
vt 0.228006 0.588844
vt 0.221839 0.619191
vt 0.141144 0.538112
vt 0.175607 0.545607
vt 0.146983 0.557424
vt 0.184794 0.432376
vt 0.214508 0.451376
vt 0.202075 0.458074
vt 0.281333 0.422434
vt 0.282148 0.457693
vt 0.269652 0.451114
vt 0.241907 0.621258
vt 0.256115 0.588977
vt 0.261994 0.619382
vt 0.156467 0.575230
vt 0.191182 0.569006
vt 0.169233 0.590852
vt 0.169233 0.445217
vt 0.182246 0.477997
vt 0.156467 0.460838
vt 0.261994 0.416686
vt 0.242054 0.445777
vt 0.241907 0.414810
vt 0.281333 0.613634
vt 0.299185 0.604235
vt 0.184794 0.603692
vt 0.214508 0.584692
vt 0.171520 0.532089
vt 0.175607 0.490462
vt 0.171520 0.503980
vt 0.202555 0.422808
vt 0.228006 0.447224
vt 0.299184 0.431833
vt 0.293126 0.466578
vt 0.242054 0.590291
vt 0.182246 0.558071
vt 0.191182 0.467062
vt 0.256115 0.447091
vt 0.269652 0.584954
vt 0.202075 0.577995
vt 0.146983 0.478645
vt 0.221839 0.416877
vt 0.355951 0.674789
vt 0.331741 0.729534
vt 0.331741 0.674789
vt 0.292802 0.853465
vt 0.265293 0.845822
vt 0.281298 0.833540
vt 0.272936 0.873331
vt 0.281561 0.862091
vt 0.267514 0.886421
vt 0.253011 0.861828
vt 0.265665 0.900469
vt 0.245291 0.880467
vt 0.245290 0.920471
vt 0.242657 0.900469
vt 0.272936 0.927606
vt 0.267514 0.914516
vt 0.265293 0.955115
vt 0.253011 0.939110
vt 0.281561 0.938847
vt 0.281298 0.967397
vt 0.356133 0.729666
vt 0.380343 0.674921
vt 0.380343 0.729666
vt 0.303026 0.871163
vt 0.283061 0.895406
vt 0.287456 0.870483
vt 0.322059 0.870992
vt 0.305232 0.896374
vt 0.346583 0.881324
vt 0.326898 0.891571
vt 0.331314 0.859962
vt 0.362945 0.866331
vt 0.351179 0.836287
vt 0.341247 0.848124
vt 0.360434 0.825257
vt 0.374868 0.847615
vt 0.382510 0.804279
vt 0.381542 0.826450
vt 0.353925 0.791268
vt 0.357298 0.806484
vt 0.304133 0.674789
vt 0.287130 0.729534
vt 0.287130 0.674789
vt 0.137404 0.836450
vt 0.214768 0.843977
vt 0.138260 0.850593
vt 0.162255 0.712532
vt 0.228028 0.753951
vt 0.156678 0.725557
vt 0.147576 0.752382
vt 0.224503 0.763524
vt 0.221476 0.773266
vt 0.169701 0.961063
vt 0.240512 0.935215
vt 0.215908 0.854115
vt 0.139844 0.864672
vt 0.144077 0.766112
vt 0.218956 0.783151
vt 0.175200 0.973990
vt 0.244471 0.944522
vt 0.217571 0.864180
vt 0.142154 0.878651
vt 0.141291 0.780004
vt 0.216950 0.793154
vt 0.248430 0.953829
vt 0.180699 0.986916
vt 0.219752 0.874145
vt 0.145183 0.892492
vt 0.139226 0.794021
vt 0.215464 0.803246
vt 0.252120 0.962501
vt 0.185823 0.998961
vt 0.148922 0.906158
vt 0.222444 0.883985
vt 0.214500 0.813402
vt 0.137888 0.808126
vt 0.175388 0.687433
vt 0.252120 0.704389
vt 0.241500 0.726502
vt 0.153362 0.919613
vt 0.225641 0.893672
vt 0.214062 0.823594
vt 0.137280 0.822282
vt 0.236539 0.735416
vt 0.168497 0.699813
vt 0.229334 0.903182
vt 0.214152 0.833795
vt 0.232044 0.744574
vt 0.151780 0.738852
vt 0.296054 0.819148
vt 0.237437 0.785305
vt 0.256976 0.751463
vt 0.352529 0.647548
vt 0.331923 0.674921
vt 0.335527 0.647548
vt 0.368952 0.643148
vt 0.356133 0.674921
vt 0.368770 0.761307
vt 0.355951 0.729534
vt 0.379336 0.735800
vt 0.335345 0.756907
vt 0.352347 0.756907
vt 0.287312 0.729666
vt 0.304315 0.674921
vt 0.304315 0.729666
vt 0.270310 0.729666
vt 0.287312 0.674921
vt 0.331923 0.729666
vt 0.270128 0.729534
vt 0.270128 0.674789
vt 0.380161 0.674789
vt 0.304133 0.729534
vt 0.956039 0.781802
vt 0.893884 0.852332
vt 0.932111 0.769751
vt 0.890865 0.898939
vt 0.857526 0.982512
vt 0.833885 0.894386
vt 0.319939 0.846194
vt 0.299937 0.825820
vt 0.319939 0.823187
vt 0.305892 0.848043
vt 0.292802 0.947472
vt 0.305892 0.952894
vt 0.319939 0.954743
vt 0.299937 0.975117
vt 0.319939 0.977751
vt 0.933060 0.769976
vt 0.879378 0.743141
vt 0.935547 0.750207
vt 0.895048 0.851037
vt 0.836230 0.865353
vt 0.838153 0.845521
vt 0.835472 0.874525
vt 0.892452 0.879077
vt 0.937430 0.723339
vt 0.878987 0.736985
vt 0.881155 0.717178
vt 0.876891 0.762910
vt 0.027237 0.272773
vt 0.355043 0.316332
vt 0.012606 0.315985
vt 0.038157 0.252523
vt 0.369674 0.273121
vt 0.023486 0.336257
vt 0.355043 0.336257
vt 0.038551 0.379319
vt 0.370109 0.379319
vt 0.039338 0.273096
vt 0.371101 0.252831
vt 0.371122 0.272756
vt 0.024232 0.316144
vt 0.356037 0.335729
vt 0.013381 0.336432
vt 0.356017 0.315804
vt 0.028138 0.379600
vt 0.370794 0.378897
vt 0.324265 0.104617
vt 0.404101 0.124543
vt 0.324265 0.124542
vt 0.404102 0.106439
vt 0.324265 0.126364
vt 0.324265 0.106439
vt 0.030359 0.208893
vt 0.000348 0.124541
vt 0.030359 0.020265
vt 0.351027 0.029399
vt 0.351594 0.009483
vt 0.030927 0.000348
vt 0.000348 0.104616
vt 0.030359 0.022088
vt 0.351026 0.031221
vt 0.000348 0.106440
vt 0.351594 0.221499
vt 0.030359 0.210717
vt 0.351027 0.201582
vt 0.000348 0.126365
vt 0.835720 0.899164
vt 0.889841 0.897450
vt 0.912984 0.985458
vt 0.589710 0.208842
vt 0.475662 0.169892
vt 0.475662 0.130942
vt 0.833846 0.892038
vt 0.883411 0.716663
vt 0.938656 0.723597
vt 0.938656 0.977793
vt 0.915886 0.891205
vt 0.935261 0.743146
vt 0.876765 0.763676
vt 0.830450 0.847439
vt 0.837807 0.847835
vt 0.826533 0.891137
vt 0.876003 0.715704
vt 0.869336 0.762890
vt 0.873627 0.770455
vt 0.588812 0.132482
vt 0.475302 0.105696
vt 0.589350 0.105696
vt 0.589171 0.104156
vt 0.475123 0.104156
vt 0.589171 0.027512
vt 0.475662 0.000739
vt 0.589710 0.000738
vt 0.588811 0.001021
vt 0.475302 0.027795
vt 0.474763 0.001022
vt 0.440380 0.027718
vt 0.408834 0.001132
vt 0.439841 0.000945
vt 0.458631 0.202443
vt 0.451948 0.155304
vt 0.474764 0.132481
vt 0.459169 0.099011
vt 0.452487 0.050608
vt 0.409194 0.027402
vt 0.440740 0.000816
vt 0.440201 0.027590
vt 0.374265 0.027129
vt 0.391010 0.000424
vt 0.391728 0.027205
vt 0.408476 0.000620
vt 0.457662 0.027580
vt 0.458200 0.000806
vt 0.475123 0.027512
vt 0.408116 0.027914
vt 0.391369 0.001329
vt 0.390650 0.028110
vt 0.373906 0.001405
vt 0.457840 0.027728
vt 0.457302 0.000954
vt 0.475123 0.065834
vt 0.458990 0.034194
vt 0.452308 0.081333
vt 0.458990 0.097471
vt 0.452308 0.050325
vt 0.459529 0.137626
vt 0.452846 0.153764
vt 0.459529 0.202160
vt 0.475662 0.208842
vt 0.452846 0.186029
vt 0.304147 0.812937
vt 0.327305 0.795419
vt 0.327305 0.804844
vt 0.327305 0.785305
vt 0.304147 0.785305
vt 0.327305 0.775191
vt 0.304147 0.757673
vt 0.327305 0.765766
vt 0.189563 0.503461
vt 0.196624 0.491231
vt 0.206610 0.481245
vt 0.218840 0.474184
vt 0.232481 0.470528
vt 0.246604 0.470528
vt 0.260245 0.474183
vt 0.282461 0.491230
vt 0.289522 0.503461
vt 0.293177 0.517102
vt 0.293177 0.531224
vt 0.289522 0.544865
vt 0.282461 0.557095
vt 0.272475 0.567081
vt 0.246604 0.577798
vt 0.232482 0.577798
vt 0.218841 0.574143
vt 0.206610 0.567081
vt 0.196624 0.557095
vt 0.189563 0.544865
vt 0.185908 0.531224
vt 0.314867 0.444525
vt 0.377707 0.782613
vt 0.183637 0.672223
vt 0.266401 0.747559
vt 0.276515 0.746227
vt 0.286629 0.747559
vt 0.296054 0.751463
vt 0.286629 0.823051
vt 0.276515 0.824383
vt 0.266401 0.823051
vt 0.256976 0.819147
vt 0.248883 0.812937
vt 0.242673 0.804844
vt 0.238769 0.795419
vt 0.238769 0.775191
vt 0.242673 0.765766
vt 0.248883 0.757673
vt 0.379518 0.668655
vt 0.270310 0.674921
vt 0.380161 0.729534
vt 0.918428 0.863051
vt 0.914063 0.985413
vt 0.893125 0.870869
vt 0.369714 0.253196
vt 0.028445 0.252831
vt 0.404101 0.104618
vt 0.404102 0.126364
vt 0.351026 0.199760
vt 0.030927 0.230633
vt 0.857431 0.981727
vt 0.855531 0.974503
vt 0.589710 0.130942
vt 0.828132 0.874130
vt 0.828935 0.864453
vt 0.872190 0.742210
vt 0.871778 0.736223
vt 0.840903 0.841148
vt 0.589350 0.027795
vt 0.588811 0.209125
vt 0.474764 0.209125
vt 0.451948 0.186312
vt 0.458631 0.139166
vt 0.452487 0.082873
vt 0.459169 0.034477
vt 0.373547 0.000348
vt 0.373188 0.028186
vt 0.071802 0.403474
vt 0.085879 0.981510
vt 0.072027 0.979730
vt 0.057838 0.403204
vt 0.058079 0.978995
vt 0.044131 0.979741
vt 0.030281 0.981533
vt 0.043874 0.403485
vt 0.016430 0.983325
vt 0.029923 0.404157
vt 0.113680 0.984027
vt 0.127630 0.404792
vt 0.127630 0.983289
vt 0.099703 0.404793
vt 0.099731 0.983290
vt 0.085753 0.404133
vt 0.984733 0.357220
vt 0.961131 0.475824
vt 0.961131 0.357220
vt 0.616959 0.323785
vt 0.553909 0.274002
vt 0.638455 0.290060
vt 0.735649 0.249787
vt 0.703948 0.185710
vt 0.755537 0.218417
vt 0.684060 0.217080
vt 0.668548 0.356492
vt 0.690044 0.322768
vt 0.828763 0.357220
vt 0.808055 0.475824
vt 0.808055 0.357220
vt 0.704386 0.019305
vt 0.725304 0.082156
vt 0.659530 0.105997
vt 0.931778 0.357220
vt 0.911070 0.475824
vt 0.911070 0.357220
vt 0.881717 0.357220
vt 0.881717 0.475824
vt 0.858115 0.475824
vt 0.828762 0.475824
vt 0.778702 0.357220
vt 0.778702 0.475824
vt 0.858116 0.357220
vt 0.997191 0.332046
vt 0.780315 0.302446
vt 0.997191 0.302446
vt 0.780315 0.234672
vt 0.997191 0.137298
vt 0.780315 0.137298
vt 0.780315 0.069524
vt 0.996757 0.332673
vt 0.779881 0.303073
vt 0.996758 0.303073
vt 0.996758 0.167525
vt 0.779881 0.137925
vt 0.996758 0.137925
vt 0.997191 0.166898
vt 0.654309 0.137298
vt 0.749192 0.166898
vt 0.654309 0.166898
vt 0.653875 0.167525
vt 0.748758 0.137925
vt 0.748758 0.167525
vt 0.764320 0.332673
vt 0.748758 0.303073
vt 0.764320 0.303073
vt 0.749192 0.302446
vt 0.764754 0.332046
vt 0.749192 0.332046
vt 0.764754 0.302446
vt 0.780315 0.332046
vt 0.764320 0.167525
vt 0.764320 0.137925
vt 0.779881 0.167525
vt 0.780315 0.166898
vt 0.764754 0.137298
vt 0.764754 0.166898
vt 0.749192 0.137298
vt 0.779881 0.070151
vt 0.779881 0.332673
vt 0.765504 0.173480
vt 0.779881 0.235299
vt 0.779881 0.002377
vt 0.765504 0.008333
vt 0.765504 0.297118
vt 0.759549 0.282741
vt 0.759549 0.187857
vt 0.759549 0.022710
vt 0.759549 0.117593
vt 0.765504 0.131970
vt 0.780315 0.001750
vt 0.765938 0.007705
vt 0.759983 0.022082
vt 0.765938 0.131343
vt 0.759983 0.116966
vt 0.765938 0.172853
vt 0.759983 0.187230
vt 0.765938 0.296490
vt 0.759983 0.282114
vt 0.740296 0.392630
vt 0.710143 0.414319
vt 0.630014 0.416402
vt 0.578425 0.383695
vt 0.610616 0.382179
vt 0.607502 0.367837
vt 0.613886 0.357912
vt 0.628228 0.354798
vt 0.636936 0.360398
vt 0.619324 0.387780
vt 0.640050 0.374741
vt 0.633666 0.384666
vt 0.997191 0.001750
vt 0.653875 0.137925
vt 0.748758 0.332673
vt 0.996758 0.002377
vt 0.015973 0.404828
vt 0.113666 0.405066
vt 0.984733 0.475824
vt 0.546978 0.310493
vt 0.638612 0.085079
vt 0.638612 0.043146
vt 0.662453 0.019305
vt 0.725304 0.040223
vt 0.701463 0.105997
vt 0.931778 0.475824
vt 0.504430 0.564988
vt 0.464329 0.590407
vt 0.464329 0.564988
vt 0.504430 0.590407
vt 0.464329 0.615825
vt 0.504430 0.615825
vt 0.464329 0.641244
vt 0.504430 0.641244
vt 0.464329 0.666662
vt 0.504430 0.666662
vt 0.464329 0.692080
vt 0.464185 0.841407
vt 0.504286 0.815989
vt 0.504286 0.841407
vt 0.464185 0.815989
vt 0.504286 0.790571
vt 0.464185 0.790571
vt 0.504286 0.765152
vt 0.464185 0.765152
vt 0.504286 0.739734
vt 0.464185 0.739734
vt 0.504286 0.714316
vt 0.464185 0.714316
vt 0.504286 0.688897
vt 0.795896 0.719174
vt 0.759757 0.722508
vt 0.779633 0.702785
vt 0.799510 0.683062
vt 0.818369 0.702067
vt 0.504430 0.285387
vt 0.464329 0.310805
vt 0.464329 0.285387
vt 0.504430 0.310805
vt 0.464329 0.336223
vt 0.504430 0.336223
vt 0.464329 0.361642
vt 0.504430 0.361642
vt 0.464329 0.387060
vt 0.504430 0.387060
vt 0.464329 0.412479
vt 0.504430 0.412479
vt 0.464329 0.437897
vt 0.504430 0.437897
vt 0.464329 0.463315
vt 0.504430 0.463315
vt 0.464329 0.488734
vt 0.504430 0.488734
vt 0.464329 0.514152
vt 0.955567 0.641979
vt 0.951869 0.621353
vt 0.955553 0.607604
vt 0.833918 0.609383
vt 0.860001 0.546413
vt 0.851117 0.579621
vt 0.504430 0.514152
vt 0.464329 0.539570
vt 0.504430 0.539570
vt 0.838231 0.627323
vt 0.847128 0.559748
vt 0.847141 0.594123
vt 0.964171 0.575157
vt 0.955275 0.642732
vt 0.955261 0.608357
vt 0.724516 0.790003
vt 0.688378 0.793337
vt 0.708254 0.773614
vt 0.831137 0.651678
vt 0.849996 0.670684
vt 0.746989 0.772897
vt 0.778617 0.741513
vt 0.728130 0.753891
vt 0.504430 0.692080
vt 0.464185 0.688897
vt 0.955553 0.593370
vt 0.969068 0.591590
vt 0.969068 0.609383
vt 0.964463 0.626570
vt 0.942986 0.654560
vt 0.934687 0.643746
vt 0.944752 0.633680
vt 0.922360 0.650863
vt 0.927576 0.663457
vt 0.910390 0.668062
vt 0.892597 0.668062
vt 0.875410 0.663457
vt 0.860001 0.654560
vt 0.847420 0.641979
vt 0.838524 0.626570
vt 0.833918 0.591590
vt 0.838523 0.574404
vt 0.847420 0.558995
vt 0.875410 0.537517
vt 0.892597 0.532912
vt 0.910390 0.532912
vt 0.927576 0.537517
vt 0.942985 0.546413
vt 0.955567 0.558995
vt 0.964463 0.574404
vt 0.951869 0.579620
vt 0.944752 0.567293
vt 0.908611 0.654547
vt 0.894376 0.654547
vt 0.934687 0.557228
vt 0.880627 0.650863
vt 0.922360 0.550111
vt 0.908611 0.546427
vt 0.868300 0.643746
vt 0.858235 0.633680
vt 0.894376 0.546427
vt 0.851117 0.621353
vt 0.880627 0.550111
vt 0.868300 0.557228
vt 0.847433 0.607604
vt 0.847433 0.593370
vt 0.858235 0.567293
vt 0.847141 0.608357
vt 0.850825 0.622106
vt 0.833626 0.610136
vt 0.833626 0.592343
vt 0.838231 0.575157
vt 0.857942 0.568046
vt 0.850825 0.580373
vt 0.868007 0.557981
vt 0.859709 0.547166
vt 0.875118 0.538270
vt 0.892305 0.533665
vt 0.910097 0.533665
vt 0.927284 0.538270
vt 0.942693 0.547166
vt 0.955275 0.559748
vt 0.968776 0.592343
vt 0.968776 0.610136
vt 0.964171 0.627323
vt 0.942693 0.655313
vt 0.927284 0.664210
vt 0.910098 0.668815
vt 0.892305 0.668815
vt 0.875118 0.664210
vt 0.859709 0.655313
vt 0.847128 0.642732
vt 0.857942 0.634433
vt 0.868008 0.644498
vt 0.880335 0.550864
vt 0.894084 0.547180
vt 0.880335 0.651616
vt 0.908318 0.547180
vt 0.894084 0.655300
vt 0.908318 0.655300
vt 0.922067 0.550864
vt 0.934395 0.557981
vt 0.922068 0.651616
vt 0.944460 0.568046
vt 0.934395 0.644498
vt 0.944460 0.634433
vt 0.951577 0.580373
vt 0.955261 0.594123
vt 0.951577 0.622106
vt 0.707237 0.812343
vt 0.463198 0.188097
vt 0.370971 0.188097
vt 0.463198 0.172459
vt 0.463198 0.203734
vt 0.370971 0.172460
vt 0.370971 0.203734
vt 0.463198 0.156822
vt 0.463198 0.219372
vt 0.370971 0.156822
vt 0.370971 0.219372
vt 0.463198 0.235009
vt 0.370971 0.235009
vt 0.463198 0.141185
vt 0.370971 0.141185
vt 0.463198 0.250647
vt 0.370971 0.250647
vt 0.463198 0.125547
vt 0.370971 0.125547
vt 0.463198 0.109910
vt 0.463198 0.266284
vt 0.370971 0.109910
vt 0.370971 0.266284
vt 0.463198 0.281921
vt 0.463197 0.094272
vt 0.370971 0.094272
vt 0.370971 0.281921
vt 0.463198 0.078635
vt 0.370971 0.297559
vt 0.370971 0.078635
vt 0.463198 0.297559
vt 0.463197 0.062998
vt 0.370971 0.062998
vt 0.463198 0.313196
vt 0.370971 0.313196
vt 0.463198 0.328834
vt 0.463197 0.047360
vt 0.370971 0.047360
vt 0.370971 0.328834
vt 0.463198 0.344471
vt 0.370971 0.344471
vt 0.463197 0.031723
vt 0.370971 0.547757
vt 0.370971 0.532120
vt 0.463197 0.532120
vt 0.463197 0.516482
vt 0.463198 0.360108
vt 0.370971 0.516482
vt 0.370971 0.360108
vt 0.463197 0.500845
vt 0.463198 0.375746
vt 0.370971 0.375746
vt 0.370971 0.500845
vt 0.463198 0.391383
vt 0.463198 0.485208
vt 0.370971 0.391383
vt 0.370971 0.485208
vt 0.463198 0.407021
vt 0.463198 0.469570
vt 0.370971 0.407021
vt 0.370971 0.469570
vt 0.463198 0.422658
vt 0.463198 0.453933
vt 0.370971 0.453933
vt 0.370971 0.422658
vt 0.463198 0.438295
vt 0.370971 0.438295
vt 0.053261 0.802122
vt 0.035664 0.793556
vt 0.055556 0.793556
vt 0.037959 0.859227
vt 0.018438 0.857847
vt 0.024708 0.851577
vt 0.017057 0.823024
vt 0.008492 0.840620
vt 0.008492 0.820729
vt 0.074163 0.838325
vt 0.072783 0.857847
vt 0.066512 0.851576
vt 0.072783 0.803502
vt 0.066512 0.809773
vt 0.017057 0.838325
vt 0.759651 0.236742
vt 0.751085 0.219145
vt 0.759651 0.221440
vt 0.055556 0.867793
vt 0.053261 0.859227
vt 0.074163 0.823024
vt 0.082729 0.820729
vt 0.024708 0.809773
vt 0.037959 0.802122
vt 0.035664 0.867793
vt 0.082729 0.840620
vt 0.915727 0.083729
vt 0.938390 0.068427
vt 0.938390 0.083729
vt 0.915727 0.114331
vt 0.938390 0.099030
vt 0.938390 0.114331
vt 0.915727 0.144934
vt 0.938390 0.129633
vt 0.938390 0.144934
vt 0.385927 0.944544
vt 0.411633 0.913230
vt 0.411633 0.944544
vt 0.915727 0.175537
vt 0.938390 0.160235
vt 0.938390 0.175537
vt 0.915727 0.206139
vt 0.938390 0.190838
vt 0.938390 0.206139
vt 0.915727 0.236742
vt 0.938390 0.221440
vt 0.938390 0.236742
vt 0.392729 0.626002
vt 0.367023 0.587929
vt 0.392729 0.587929
vt 0.392739 0.626370
vt 0.367033 0.588297
vt 0.392739 0.588297
vt 0.392570 0.626370
vt 0.366864 0.588297
vt 0.392570 0.588297
vt 0.392065 0.586984
vt 0.366359 0.625057
vt 0.366358 0.586984
vt 0.392475 0.625222
vt 0.366769 0.587149
vt 0.392475 0.587149
vt 0.098480 0.984914
vt 0.128781 0.934861
vt 0.131181 0.983294
vt 0.324552 0.774464
vt 0.350258 0.659558
vt 0.350258 0.774464
vt 0.325226 0.775777
vt 0.350932 0.660871
vt 0.350932 0.775777
vt 0.411623 0.944176
vt 0.385917 0.912862
vt 0.411623 0.912862
vt 0.367033 0.731655
vt 0.367033 0.626370
vt 0.385758 0.944544
vt 0.411464 0.913230
vt 0.411464 0.944544
vt 0.385663 0.943396
vt 0.411369 0.912082
vt 0.411369 0.943396
vt 0.350258 0.928233
vt 0.324552 0.887298
vt 0.350258 0.887298
vt 0.325226 0.929546
vt 0.350932 0.888611
vt 0.350932 0.929546
vt 0.308861 0.730507
vt 0.324962 0.659723
vt 0.324962 0.774630
vt 0.203015 0.712239
vt 0.172547 0.742163
vt 0.169824 0.687207
vt 0.206741 0.688296
vt 0.167800 0.646359
vt 0.366769 0.730507
vt 0.392475 0.730507
vt 0.089444 0.802547
vt 0.096080 0.936481
vt 0.173330 0.559910
vt 0.134555 0.601420
vt 0.143669 0.554187
vt 0.137123 0.688827
vt 0.135099 0.647979
vt 0.350668 0.659723
vt 0.366769 0.625222
vt 0.375723 0.796911
vt 0.350668 0.774630
vt 0.375723 0.734902
vt 0.299907 0.796911
vt 0.324962 0.817830
vt 0.367023 0.731287
vt 0.392729 0.731287
vt 0.379575 0.815542
vt 0.405282 0.802674
vt 0.405282 0.815542
vt 0.352735 0.927365
vt 0.327029 0.886430
vt 0.352735 0.886430
vt 0.350668 0.849941
vt 0.350668 0.817830
vt 0.309115 0.731287
vt 0.325216 0.660503
vt 0.325216 0.775409
vt 0.282497 0.890651
vt 0.325216 0.850721
vt 0.325216 0.888243
vt 0.393641 0.890651
vt 0.350922 0.850721
vt 0.393641 0.836793
vt 0.375977 0.797691
vt 0.350922 0.775409
vt 0.375977 0.735682
vt 0.405536 0.816322
vt 0.379829 0.803453
vt 0.405536 0.803453
vt 0.350922 0.660503
vt 0.325216 0.929178
vt 0.350922 0.888243
vt 0.350922 0.929178
vt 0.350922 0.818610
vt 0.379839 0.816690
vt 0.405545 0.803821
vt 0.405545 0.816690
vt 0.325226 0.851088
vt 0.350932 0.818978
vt 0.350932 0.851088
vt 0.375987 0.798059
vt 0.375987 0.736050
vt 0.392739 0.731655
vt 0.366864 0.731655
vt 0.392570 0.731655
vt 0.300171 0.798059
vt 0.325226 0.818978
vt 0.308957 0.731655
vt 0.325057 0.660871
vt 0.325057 0.775777
vt 0.300003 0.798059
vt 0.325057 0.818978
vt 0.350764 0.660871
vt 0.366864 0.626370
vt 0.375818 0.798059
vt 0.350764 0.775777
vt 0.375818 0.736050
vt 0.379671 0.816690
vt 0.405377 0.803821
vt 0.405377 0.816690
vt 0.350764 0.929546
vt 0.325057 0.888611
vt 0.350764 0.888611
vt 0.350764 0.851089
vt 0.350764 0.818978
vt 0.308451 0.730342
vt 0.324552 0.659558
vt 0.299497 0.796746
vt 0.324552 0.817665
vt 0.324552 0.849775
vt 0.350258 0.817665
vt 0.350258 0.849775
vt 0.392065 0.730342
vt 0.392065 0.625057
vt 0.385253 0.943231
vt 0.410959 0.911917
vt 0.410959 0.943231
vt 0.404872 0.815377
vt 0.379166 0.802508
vt 0.404872 0.802508
vt 0.851024 0.083729
vt 0.915727 0.068427
vt 0.052560 0.968036
vt 0.067012 0.952734
vt 0.067012 0.968036
vt 0.851024 0.099030
vt 0.915727 0.099030
vt 0.052560 0.983337
vt 0.067012 0.983337
vt 0.851024 0.114331
vt 0.948007 0.533596
vt 0.557964 0.479113
vt 0.948007 0.479114
vt 0.851024 0.129633
vt 0.915727 0.129633
vt 0.021310 0.952709
vt 0.035762 0.937407
vt 0.035762 0.952709
vt 0.851024 0.144934
vt 0.021310 0.968010
vt 0.035762 0.968010
vt 0.851024 0.160235
vt 0.915727 0.160235
vt 0.021310 0.983311
vt 0.035762 0.983311
vt 0.851024 0.175537
vt 0.488059 0.282086
vt 0.520375 0.063579
vt 0.520375 0.282086
vt 0.915727 0.190838
vt 0.051522 0.897372
vt 0.066823 0.882920
vt 0.066823 0.897372
vt 0.851024 0.206139
vt 0.036221 0.897372
vt 0.051522 0.882920
vt 0.851024 0.221440
vt 0.915727 0.221440
vt 0.020919 0.882920
vt 0.020919 0.897372
vt 0.851024 0.236742
vt 0.589753 0.276734
vt 0.620275 0.058228
vt 0.620275 0.276734
vt 0.851024 0.068427
vt 0.915727 0.053126
vt 0.836572 0.068427
vt 0.851024 0.053126
vt 0.526915 0.058228
vt 0.494599 0.027706
vt 0.526916 0.027706
vt 0.557964 0.309259
vt 0.503482 0.366945
vt 0.503482 0.309259
vt 0.488059 0.033057
vt 0.520375 0.033058
vt 0.557437 0.058228
vt 0.589753 0.058228
vt 0.583213 0.282086
vt 0.613735 0.063579
vt 0.613735 0.282086
vt 0.526915 0.276734
vt 0.494599 0.058228
vt 0.948007 0.421428
vt 0.557964 0.421427
vt 0.557437 0.276734
vt 0.557964 0.366945
vt 0.948007 0.366945
vt 0.948007 0.309259
vt 0.550897 0.063579
vt 0.550897 0.282086
vt 0.583213 0.063579
vt 0.209319 0.591439
vt 0.163364 0.604294
vt 0.379575 0.802674
vt 0.393387 0.889871
vt 0.393387 0.836013
vt 0.296055 0.815542
vt 0.324962 0.849941
vt 0.282243 0.889871
vt 0.324962 0.887463
vt 0.379829 0.816322
vt 0.296309 0.816322
vt 0.325216 0.818610
vt 0.300161 0.797691
vt 0.296319 0.816690
vt 0.282507 0.891019
vt 0.325226 0.888611
vt 0.379839 0.803821
vt 0.393651 0.891019
vt 0.393651 0.837161
vt 0.379671 0.803821
vt 0.393483 0.891019
vt 0.393483 0.837161
vt 0.296150 0.816690
vt 0.325057 0.851089
vt 0.282338 0.891019
vt 0.295645 0.815377
vt 0.281833 0.889706
vt 0.139846 0.743783
vt 0.147088 0.889956
vt 0.759651 0.083729
vt 0.836572 0.083729
vt 0.759651 0.099030
vt 0.836572 0.099030
vt 0.759651 0.114331
vt 0.836572 0.114331
vt 0.759651 0.129633
vt 0.836572 0.129633
vt 0.759651 0.144934
vt 0.836572 0.144934
vt 0.759651 0.160235
vt 0.836572 0.160235
vt 0.759651 0.175536
vt 0.836572 0.175537
vt 0.836572 0.190838
vt 0.759651 0.206139
vt 0.836572 0.206139
vt 0.836572 0.221441
vt 0.836572 0.236742
vt 0.759651 0.068427
vt 0.836573 0.053126
vt 0.904258 0.728522
vt 0.918833 0.703896
vt 0.913384 0.731290
vt 0.674265 0.605589
vt 0.686645 0.579788
vt 0.692694 0.587160
vt 0.894285 0.752601
vt 0.902695 0.757096
vt 0.709869 0.564270
vt 0.714364 0.572680
vt 0.879805 0.774271
vt 0.887177 0.780320
vt 0.735674 0.553581
vt 0.738442 0.562707
vt 0.861377 0.792700
vt 0.867426 0.800071
vt 0.764004 0.557622
vt 0.763069 0.548132
vt 0.714364 0.807179
vt 0.735675 0.826278
vt 0.709869 0.815589
vt 0.839707 0.807179
vt 0.844202 0.815589
vt 0.791001 0.548132
vt 0.790067 0.557622
vt 0.692694 0.792700
vt 0.686645 0.800071
vt 0.815628 0.817153
vt 0.818396 0.826278
vt 0.818396 0.553581
vt 0.815628 0.562706
vt 0.666894 0.780321
vt 0.674265 0.774271
vt 0.790066 0.822237
vt 0.791001 0.831727
vt 0.844202 0.564270
vt 0.839706 0.572680
vt 0.651376 0.757096
vt 0.659786 0.752601
vt 0.764004 0.822237
vt 0.763070 0.831727
vt 0.867426 0.579788
vt 0.861377 0.587160
vt 0.640687 0.731291
vt 0.649812 0.728523
vt 0.738443 0.817153
vt 0.879805 0.605589
vt 0.887177 0.599539
vt 0.635238 0.703896
vt 0.644728 0.702961
vt 0.894285 0.627259
vt 0.902695 0.622764
vt 0.635238 0.675964
vt 0.644728 0.676899
vt 0.904258 0.651337
vt 0.913384 0.648569
vt 0.640687 0.648569
vt 0.649812 0.651337
vt 0.909343 0.676899
vt 0.918833 0.675964
vt 0.651376 0.622764
vt 0.659786 0.627259
vt 0.909343 0.702961
vt 0.666894 0.599539
vt 0.838989 0.809207
vt 0.866361 0.801933
vt 0.843243 0.817380
vt 0.814910 0.819181
vt 0.817556 0.828020
vt 0.790287 0.833444
vt 0.789349 0.824265
vt 0.762483 0.833444
vt 0.763286 0.824265
vt 0.735214 0.828020
vt 0.737725 0.819181
vt 0.709527 0.817380
vt 0.713646 0.809207
vt 0.686409 0.801933
vt 0.691976 0.794728
vt 0.666749 0.782273
vt 0.673547 0.776299
vt 0.651302 0.759155
vt 0.659068 0.754629
vt 0.640662 0.733468
vt 0.649094 0.730550
vt 0.635238 0.706199
vt 0.644010 0.704989
vt 0.635238 0.678395
vt 0.644010 0.678926
vt 0.640662 0.651126
vt 0.649094 0.653365
vt 0.651302 0.625439
vt 0.659068 0.629286
vt 0.666749 0.602321
vt 0.673547 0.607616
vt 0.686409 0.582661
vt 0.691976 0.589188
vt 0.709527 0.567214
vt 0.713646 0.574708
vt 0.735214 0.556574
vt 0.737725 0.564735
vt 0.762483 0.551150
vt 0.763286 0.559650
vt 0.789349 0.559650
vt 0.790287 0.551150
vt 0.814910 0.564735
vt 0.817556 0.556574
vt 0.838989 0.574708
vt 0.843243 0.567214
vt 0.860659 0.589188
vt 0.866361 0.582661
vt 0.879088 0.607616
vt 0.886021 0.602321
vt 0.893567 0.629287
vt 0.901468 0.625439
vt 0.903541 0.653365
vt 0.912108 0.651126
vt 0.908625 0.678927
vt 0.917532 0.678395
vt 0.908625 0.704989
vt 0.917532 0.706199
vt 0.903541 0.730551
vt 0.912108 0.733468
vt 0.893567 0.754629
vt 0.901468 0.759155
vt 0.879087 0.776299
vt 0.886021 0.782273
vt 0.860659 0.794728
vt 0.220160 0.554180
vt 0.099658 0.565221
vt 0.106630 0.529090
vt 0.350668 0.928398
vt 0.385663 0.912082
vt 0.324962 0.928398
vt 0.289967 0.912082
vt 0.195810 0.797276
vt 0.179790 0.888336
vt 0.385917 0.944176
vt 0.290221 0.912862
vt 0.385927 0.913230
vt 0.290231 0.913230
vt 0.385758 0.913230
vt 0.325057 0.929546
vt 0.290063 0.913230
vt 0.324552 0.928233
vt 0.289557 0.911916
vt 0.385253 0.911917
vt 0.077776 0.797520
vt 0.106569 0.717018
vt 0.110477 0.795900
vt 0.419094 0.836013
vt 0.401429 0.734902
vt 0.419347 0.836793
vt 0.401683 0.735682
vt 0.419357 0.891019
vt 0.401693 0.736050
vt 0.419189 0.837161
vt 0.401525 0.798059
vt 0.392977 0.835848
vt 0.418684 0.889706
vt 0.392977 0.889706
vt 0.375313 0.734737
vt 0.401019 0.796746
vt 0.375313 0.796746
vt 0.069997 0.559498
vt 0.076970 0.523366
vt 0.367023 0.626002
vt 0.081512 0.599051
vt 0.082293 0.665881
vt 0.100494 0.693560
vt 0.101305 0.709930
vt 0.122145 0.800926
vt 0.309125 0.731655
vt 0.325226 0.660871
vt 0.050395 0.666254
vt 0.049614 0.599424
vt 0.068604 0.711550
vt 0.379166 0.815377
vt 0.366359 0.730342
vt 0.751085 0.239037
vt 0.018437 0.803502
vt 0.308861 0.625222
vt 0.206923 0.791121
vt 0.207553 0.704666
vt 0.299907 0.734902
vt 0.327029 0.927365
vt 0.309116 0.626002
vt 0.282497 0.836793
vt 0.300171 0.736050
vt 0.308957 0.626370
vt 0.300002 0.736050
vt 0.308451 0.625057
vt 0.299497 0.734737
vt 0.052560 0.952734
vt 0.557964 0.533595
vt 0.021310 0.937407
vt 0.488059 0.063579
vt 0.851024 0.190838
vt 0.036221 0.882920
vt 0.494599 0.276734
vt 0.220160 0.653917
vt 0.350668 0.887463
vt 0.296055 0.802674
vt 0.282243 0.836013
vt 0.296309 0.803453
vt 0.300161 0.735682
vt 0.296319 0.803821
vt 0.282507 0.837160
vt 0.296150 0.803821
vt 0.282338 0.837161
vt 0.295645 0.802508
vt 0.281833 0.835848
vt 0.759651 0.190838
vt 0.759651 0.053126
vt 0.289967 0.943396
vt 0.202446 0.931211
vt 0.290221 0.944176
vt 0.290231 0.944544
vt 0.290063 0.944544
vt 0.289557 0.943231
vt 0.073868 0.718638
vt 0.419094 0.889871
vt 0.401429 0.796911
vt 0.419347 0.890651
vt 0.401683 0.797691
vt 0.419357 0.837161
vt 0.401693 0.798059
vt 0.419189 0.891019
vt 0.401525 0.736050
vt 0.418684 0.835848
vt 0.401019 0.734737
vt 0.309125 0.626370
vt 0.067793 0.695180
vt 0.568572 0.944563
vt 0.537280 0.956369
vt 0.553971 0.936334
vt 0.520480 0.936775
vt 0.543062 0.923611
vt 0.511467 0.912589
vt 0.537210 0.907906
vt 0.537156 0.891146
vt 0.511384 0.886778
vt 0.616123 0.936055
vt 0.649618 0.936193
vt 0.632994 0.955938
vt 0.153748 0.658318
vt 0.140500 0.649839
vt 0.143872 0.648442
vt 0.153748 0.624599
vt 0.140500 0.633079
vt 0.152351 0.621227
vt 0.167715 0.624599
vt 0.180963 0.633078
vt 0.177591 0.634475
vt 0.167715 0.658318
vt 0.180963 0.649839
vt 0.169112 0.661690
vt 0.152351 0.661690
vt 0.143872 0.634475
vt 0.169112 0.621227
vt 0.177591 0.648442
vt 0.294410 0.628061
vt 0.316404 0.638658
vt 0.303163 0.654603
vt 0.278832 0.634244
vt 0.288540 0.664224
vt 0.271053 0.665000
vt 0.250979 0.659843
vt 0.262587 0.638365
vt 0.359108 0.604284
vt 0.366040 0.585149
vt 0.379236 0.599341
vt 0.343253 0.611702
vt 0.352748 0.595358
vt 0.324403 0.613094
vt 0.329650 0.622718
vt 0.309410 0.620584
vt 0.348497 0.964209
vt 0.511384 0.938399
vt 0.511184 0.964209
vt 0.348697 0.938399
vt 0.348697 0.886778
vt 0.820237 0.989670
vt 0.657349 0.963860
vt 0.820037 0.963860
vt 0.657149 0.938050
vt 0.819836 0.938050
vt 0.657066 0.912240
vt 0.819753 0.912240
vt 0.819836 0.886429
vt 0.348296 0.990018
vt 0.510984 0.990018
vt 0.585097 0.947359
vt 0.559766 0.969040
vt 0.610623 0.968811
vt 0.585214 0.973346
vt 0.601597 0.944414
vt 0.626918 0.923233
vt 0.246051 0.641100
vt 0.339204 0.605230
vt 0.348780 0.912589
vt 0.657549 0.989670
vt 0.657149 0.886429
vt 0.994327 0.817174
vt 0.962802 0.831297
vt 0.962802 0.817174
vt 0.994327 0.831297
vt 0.962802 0.845419
vt 0.994327 0.845419
vt 0.962802 0.859541
vt 0.994327 0.859541
vt 0.962802 0.873664
vt 0.994327 0.873664
vt 0.962802 0.887786
vt 0.994327 0.887786
vt 0.962802 0.901908
vt 0.994327 0.901908
vt 0.962802 0.916030
vt 0.994327 0.916030
vt 0.962802 0.930153
vt 0.994327 0.930153
vt 0.962802 0.944275
vt 0.994327 0.944275
vt 0.962802 0.958397
vt 0.994327 0.958397
vt 0.962802 0.972519
vt 0.994327 0.972519
vt 0.962802 0.986642
vt 0.994327 0.647707
vt 0.962802 0.661830
vt 0.962802 0.647707
vt 0.994327 0.661830
vt 0.962802 0.675952
vt 0.994327 0.675952
vt 0.962802 0.690074
vt 0.994327 0.690074
vt 0.962802 0.704196
vt 0.994327 0.704196
vt 0.962802 0.718319
vt 0.994327 0.718319
vt 0.962802 0.732441
vt 0.994327 0.732441
vt 0.962802 0.746563
vt 0.994327 0.746563
vt 0.962802 0.760685
vt 0.994327 0.760685
vt 0.962802 0.774808
vt 0.994327 0.774808
vt 0.962802 0.788930
vt 0.994327 0.788930
vt 0.962802 0.803052
vt 0.994327 0.803052
vt 0.994327 0.986642
vt 0.412781 0.600293
vt 0.447115 0.786267
vt 0.412781 0.786267
vt 0.655773 0.769248
vt 0.646465 0.757291
vt 0.653842 0.756864
vt 0.731026 0.608897
vt 0.683109 0.715848
vt 0.673987 0.702396
vt 0.447115 0.535471
vt 0.412781 0.574095
vt 0.412781 0.535471
vt 0.643519 0.862347
vt 0.640886 0.850941
vt 0.652371 0.847264
vt 0.638652 0.850460
vt 0.636639 0.862785
vt 0.631443 0.859817
vt 0.447115 0.509172
vt 0.412781 0.516793
vt 0.412781 0.509172
vt 0.447115 0.516793
vt 0.412781 0.525615
vt 0.447115 0.525615
vt 0.447115 0.592701
vt 0.447115 0.600293
vt 0.412781 0.592701
vt 0.447115 0.583929
vt 0.412781 0.583929
vt 0.447115 0.574095
vt 0.604933 0.568400
vt 0.531964 0.587214
vt 0.531964 0.568400
vt 0.604933 0.606029
vt 0.531964 0.606029
vt 0.604933 0.455512
vt 0.531964 0.474327
vt 0.531964 0.455512
vt 0.604933 0.474327
vt 0.531964 0.493141
vt 0.604933 0.493142
vt 0.531964 0.511956
vt 0.604933 0.530771
vt 0.531964 0.530771
vt 0.511274 0.852424
vt 0.531804 0.802859
vt 0.581370 0.823389
vt 0.531964 0.549585
vt 0.604933 0.549585
vt 0.446973 0.265650
vt 0.412640 0.415503
vt 0.412640 0.265650
vt 0.412781 0.323198
vt 0.516590 0.709155
vt 0.588510 0.712864
vt 0.521473 0.722452
vt 0.446973 0.710876
vt 0.412639 0.681908
vt 0.446973 0.681908
vt 0.805523 0.631494
vt 0.813393 0.617237
vt 0.446973 0.532055
vt 0.640043 0.501669
vt 0.673401 0.488912
vt 0.646361 0.512610
vt 0.412640 0.454875
vt 0.446973 0.496004
vt 0.412640 0.496003
vt 0.446973 0.415503
vt 0.412640 0.430270
vt 0.446973 0.430270
vt 0.412640 0.443465
vt 0.446973 0.443465
vt 0.683182 0.623136
vt 0.680900 0.632689
vt 0.653904 0.617314
vt 0.412639 0.710876
vt 0.446973 0.735500
vt 0.412639 0.735500
vt 0.504567 0.258512
vt 0.465328 0.283679
vt 0.465328 0.258512
vt 0.447115 0.255884
vt 0.412781 0.274916
vt 0.412781 0.255884
vt 0.447115 0.323198
vt 0.560146 0.874505
vt 0.510580 0.853974
vt 0.531111 0.804409
vt 0.412640 0.532055
vt 0.649216 0.771736
vt 0.641330 0.769962
vt 0.627564 0.754032
vt 0.640055 0.747382
vt 0.634379 0.759821
vt 0.634272 0.764472
vt 0.622654 0.736008
vt 0.631608 0.749796
vt 0.520371 0.693207
vt 0.544588 0.749966
vt 0.811881 0.598457
vt 0.801392 0.580184
vt 0.531802 0.678883
vt 0.548273 0.664970
vt 0.774456 0.658721
vt 0.785106 0.561500
vt 0.609810 0.717537
vt 0.606566 0.723398
vt 0.607213 0.731110
vt 0.611576 0.738613
vt 0.624670 0.800397
vt 0.615122 0.810734
vt 0.664035 0.836051
vt 0.677533 0.822068
vt 0.679490 0.827514
vt 0.650242 0.858669
vt 0.654518 0.846571
vt 0.677874 0.834002
vt 0.673119 0.839797
vt 0.680257 0.615164
vt 0.660567 0.591726
vt 0.674022 0.641261
vt 0.633785 0.593367
vt 0.670297 0.458675
vt 0.700442 0.465214
vt 0.643833 0.481869
vt 0.639117 0.490417
vt 0.621807 0.719660
vt 0.663229 0.756133
vt 0.677342 0.746414
vt 0.629223 0.705049
vt 0.642943 0.696077
vt 0.684312 0.731957
vt 0.659321 0.695108
vt 0.604933 0.587214
vt 0.604933 0.511956
vt 0.581370 0.852424
vt 0.560839 0.872955
vt 0.531804 0.872955
vt 0.511274 0.823389
vt 0.560839 0.802859
vt 0.446973 0.454875
vt 0.504567 0.283679
vt 0.447115 0.274916
vt 0.560146 0.804409
vt 0.580676 0.824939
vt 0.580676 0.853974
vt 0.531111 0.874505
vt 0.510580 0.824939
vt 0.667001 0.822261
vt 0.662613 0.808774
vt 0.626831 0.847723
vt 0.616099 0.837617
vt 0.652068 0.799233
vt 0.612012 0.824374
vt 0.638180 0.796150
vt 0.228492 0.766132
vt 0.243272 0.773513
vt 0.228492 0.773513
vt 0.956618 0.068427
vt 0.956618 0.083729
vt 0.956618 0.099030
vt 0.956618 0.114331
vt 0.956618 0.129633
vt 0.956618 0.144934
vt 0.956618 0.160235
vt 0.956618 0.175537
vt 0.956618 0.190838
vt 0.956618 0.206139
vt 0.956618 0.221440
vt 0.956618 0.236742
vt 0.956618 0.053126
vt 0.256616 0.587695
vt 0.249486 0.570483
vt 0.260306 0.581303
vt 0.262738 0.562833
vt 0.266698 0.577613
vt 0.278039 0.562833
vt 0.274079 0.577613
vt 0.280471 0.581303
vt 0.291290 0.570483
vt 0.298941 0.583735
vt 0.284161 0.587695
vt 0.284161 0.595076
vt 0.298941 0.599036
vt 0.291290 0.612287
vt 0.280471 0.601468
vt 0.274079 0.605158
vt 0.278039 0.619938
vt 0.262738 0.619938
vt 0.266698 0.605158
vt 0.249486 0.612287
vt 0.260306 0.601468
vt 0.241836 0.599036
vt 0.256616 0.595076
vt 0.241836 0.583735
vt 0.150003 0.911632
vt 0.173858 0.918024
vt 0.156395 0.935487
vt 0.228492 0.788274
vt 0.243272 0.795655
vt 0.228492 0.795655
vt 0.228492 0.736609
vt 0.243272 0.743989
vt 0.228492 0.743989
vt 0.228492 0.721847
vt 0.243272 0.729228
vt 0.228492 0.729228
vt 0.228492 0.758751
vt 0.243272 0.766132
vt 0.243272 0.780893
vt 0.243272 0.788274
vt 0.243272 0.736609
vt 0.228492 0.803036
vt 0.243272 0.810416
vt 0.228492 0.810416
vt 0.228492 0.751370
vt 0.243272 0.758751
vt 0.228492 0.780893
vt 0.243272 0.803036
vt 0.243272 0.751370
vt 0.709475 0.020228
vt 0.751086 0.000337
vt 0.751086 0.020228
vt 0.709475 0.239037
vt 0.709475 0.219145
vt 0.751085 0.199254
vt 0.709475 0.199253
vt 0.751085 0.179362
vt 0.709475 0.159470
vt 0.751085 0.159470
vt 0.751085 0.139578
vt 0.709475 0.139578
vt 0.751085 0.119687
vt 0.709475 0.119687
vt 0.751085 0.099795
vt 0.709475 0.099795
vt 0.751085 0.079903
vt 0.709475 0.079903
vt 0.751085 0.060012
vt 0.662410 0.266209
vt 0.645184 0.201918
vt 0.709475 0.060012
vt 0.751085 0.040120
vt 0.709475 0.040120
vt 0.938390 0.053126
vt 0.150003 0.931796
vt 0.146312 0.925404
vt 0.146312 0.918024
vt 0.156395 0.907941
vt 0.163775 0.907941
vt 0.170167 0.911632
vt 0.173858 0.925404
vt 0.170167 0.931796
vt 0.163775 0.935487
vt 0.243272 0.721847
vt 0.709475 0.000336
vt 0.709475 0.179362
vt 0.699529 0.256264
vt 0.682302 0.266209
vt 0.645184 0.256264
vt 0.635238 0.239037
vt 0.635238 0.219145
vt 0.662410 0.191973
vt 0.682302 0.191973
vt 0.699529 0.201918
vt 0.049333 0.393103
vt 0.056719 0.367919
vt 0.057243 0.393467
vt 0.049014 0.367742
vt 0.058216 0.341468
vt 0.050214 0.341489
vt 0.056363 0.315434
vt 0.048549 0.315527
vt 0.056812 0.288256
vt 0.048704 0.288517
vt 0.053956 0.261559
vt 0.046032 0.261886
vt 0.053463 0.233539
vt 0.045241 0.234071
vt 0.049528 0.206077
vt 0.041484 0.206725
vt 0.047846 0.177070
vt 0.039481 0.178037
vt 0.042244 0.148682
vt 0.034042 0.149940
vt 0.038224 0.118329
vt 0.029619 0.120286
vt 0.028899 0.088586
vt 0.020130 0.091446
vt 0.018582 0.057989
vt 0.180339 0.484432
vt 0.200389 0.463003
vt 0.186607 0.488547
vt 0.199605 0.432092
vt 0.192339 0.459952
vt 0.206428 0.405494
vt 0.207244 0.434157
vt 0.209195 0.377809
vt 0.214289 0.406953
vt 0.213208 0.351192
vt 0.216807 0.378743
vt 0.214126 0.323709
vt 0.221057 0.351885
vt 0.216784 0.297118
vt 0.221776 0.324113
vt 0.216582 0.269747
vt 0.224696 0.297386
vt 0.218218 0.243158
vt 0.224315 0.269797
vt 0.216997 0.215890
vt 0.226228 0.243098
vt 0.217544 0.189326
vt 0.224825 0.215629
vt 0.215034 0.162241
vt 0.225652 0.188924
vt 0.213874 0.135800
vt 0.222937 0.161574
vt 0.208829 0.109207
vt 0.222050 0.134794
vt 0.203469 0.083531
vt 0.216702 0.107579
vt 0.191969 0.059762
vt 0.211380 0.080836
vt 0.038478 0.467473
vt 0.033685 0.493445
vt 0.026911 0.489005
vt 0.051199 0.444065
vt 0.046291 0.470494
vt 0.044019 0.442955
vt 0.053886 0.419402
vt 0.046359 0.418638
vt 0.167973 0.137966
vt 0.160215 0.105757
vt 0.169987 0.106548
vt 0.340828 0.188084
vt 0.330506 0.216454
vt 0.331876 0.187947
vt 0.169529 0.167784
vt 0.158204 0.137724
vt 0.339704 0.216743
vt 0.331817 0.245671
vt 0.168727 0.198273
vt 0.160191 0.167626
vt 0.340723 0.245998
vt 0.329767 0.274029
vt 0.170397 0.227292
vt 0.159283 0.198221
vt 0.338930 0.274543
vt 0.330324 0.303213
vt 0.169276 0.256968
vt 0.161321 0.227102
vt 0.339206 0.303762
vt 0.327577 0.331501
vt 0.165183 0.423701
vt 0.158650 0.395956
vt 0.167011 0.396460
vt 0.170358 0.285248
vt 0.160090 0.256773
vt 0.336719 0.332214
vt 0.327561 0.360707
vt 0.167260 0.449749
vt 0.156610 0.423578
vt 0.168619 0.314106
vt 0.161530 0.284878
vt 0.333693 0.389740
vt 0.336426 0.361379
vt 0.172467 0.476584
vt 0.158775 0.450670
vt 0.169061 0.341645
vt 0.159683 0.313716
vt 0.333784 0.418815
vt 0.324539 0.389054
vt 0.179868 0.501131
vt 0.164290 0.478478
vt 0.166835 0.369685
vt 0.160476 0.341108
vt 0.332774 0.447174
vt 0.324877 0.418477
vt 0.345704 0.039273
vt 0.332481 0.068820
vt 0.335382 0.037141
vt 0.158135 0.369184
vt 0.337202 0.475910
vt 0.323464 0.447492
vt 0.342453 0.069975
vt 0.329673 0.099297
vt 0.345704 0.502226
vt 0.328339 0.477886
vt 0.339303 0.099868
vt 0.331184 0.129587
vt 0.171549 0.075379
vt 0.169558 0.040345
vt 0.179868 0.044214
vt 0.340279 0.129776
vt 0.329987 0.158530
vt 0.160811 0.073588
vt 0.339275 0.158705
vt 0.122208 0.205692
vt 0.123136 0.223048
vt 0.124394 0.319278
vt 0.124473 0.335667
vt 0.094039 0.345321
vt 0.091575 0.336125
vt 0.124016 0.263348
vt 0.124518 0.280135
vt 0.090791 0.373249
vt 0.063041 0.365019
vt 0.093187 0.364097
vt 0.063050 0.344329
vt 0.025431 0.058675
vt 0.034882 0.082805
vt 0.124579 0.492912
vt 0.085944 0.477883
vt 0.120880 0.479912
vt 0.153167 0.366055
vt 0.153654 0.344209
vt 0.284971 0.491514
vt 0.338011 0.505703
vt 0.287163 0.521942
vt 0.116481 0.077424
vt 0.117514 0.099246
vt 0.119269 0.145264
vt 0.120497 0.163674
vt 0.093423 0.310040
vt 0.121824 0.309192
vt 0.080586 0.488869
vt 0.051830 0.469042
vt 0.288529 0.380899
vt 0.289873 0.363722
vt 0.284891 0.441480
vt 0.286154 0.422659
vt 0.091310 0.319398
vt 0.062713 0.312212
vt 0.044384 0.120545
vt 0.048767 0.144216
vt 0.293958 0.267009
vt 0.294468 0.250204
vt 0.291912 0.323620
vt 0.292899 0.306779
vt 0.122046 0.446629
vt 0.088026 0.455485
vt 0.086741 0.445265
vt 0.154532 0.310599
vt 0.154589 0.288215
vt 0.091636 0.235013
vt 0.088395 0.225482
vt 0.056788 0.448240
vt 0.127463 0.519765
vt 0.290543 0.092519
vt 0.289969 0.072326
vt 0.293109 0.153048
vt 0.292641 0.135540
vt 0.294368 0.210380
vt 0.294372 0.193449
vt 0.123454 0.374054
vt 0.123234 0.390341
vt 0.058784 0.236201
vt 0.121990 0.429225
vt 0.053480 0.179609
vt 0.056025 0.202191
vt 0.250092 0.064169
vt 0.286956 0.059755
vt 0.154724 0.253691
vt 0.154260 0.230697
vt 0.087978 0.427577
vt 0.088710 0.197639
vt 0.119002 0.195084
vt 0.249599 0.076052
vt 0.215524 0.076103
vt 0.090475 0.389861
vt 0.260283 0.193386
vt 0.260363 0.210602
vt 0.257423 0.136875
vt 0.258379 0.154564
vt 0.252556 0.095964
vt 0.073669 0.514976
vt 0.087042 0.207742
vt 0.060377 0.258030
vt 0.290913 0.015179
vt 0.242449 0.037870
vt 0.233582 0.024876
vt 0.153709 0.195132
vt 0.152942 0.171416
vt 0.151679 0.420572
vt 0.206209 0.055415
vt 0.198494 0.055508
vt 0.151994 0.398978
vt 0.120788 0.400249
vt 0.061882 0.291009
vt 0.259016 0.304525
vt 0.257893 0.321723
vt 0.260625 0.248994
vt 0.260078 0.266126
vt 0.259234 0.126821
vt 0.289845 0.124798
vt 0.152470 0.134410
vt 0.152454 0.109459
vt 0.226673 0.131285
vt 0.249583 0.418440
vt 0.246670 0.437584
vt 0.255515 0.360497
vt 0.253752 0.378056
vt 0.156992 0.476279
vt 0.256458 0.106076
vt 0.154813 0.069077
vt 0.160326 0.042484
vt 0.084004 0.167127
vt 0.081912 0.148324
vt 0.076492 0.104098
vt 0.072573 0.082226
vt 0.228403 0.513091
vt 0.237048 0.485294
vt 0.154006 0.454103
vt 0.119490 0.457566
vt 0.223724 0.109676
vt 0.325461 0.064592
vt 0.262623 0.183804
vt 0.291940 0.183036
vt 0.320481 0.475142
vt 0.318195 0.450976
vt 0.328964 0.039509
vt 0.286007 0.032051
vt 0.230527 0.185808
vt 0.324007 0.126238
vt 0.261221 0.164157
vt 0.319072 0.391933
vt 0.090849 0.281573
vt 0.090055 0.264429
vt 0.324113 0.102592
vt 0.288101 0.104167
vt 0.229639 0.164336
vt 0.122432 0.290433
vt 0.121263 0.233731
vt 0.121125 0.253054
vt 0.118734 0.174918
vt 0.115433 0.111831
vt 0.115812 0.133974
vt 0.114624 0.033729
vt 0.113107 0.063815
vt 0.281567 0.453098
vt 0.281768 0.477292
vt 0.284511 0.411384
vt 0.285166 0.391303
vt 0.322123 0.334359
vt 0.288321 0.353069
vt 0.288744 0.333824
vt 0.324378 0.277004
vt 0.291124 0.296305
vt 0.291055 0.277240
vt 0.325185 0.219577
vt 0.292381 0.239804
vt 0.291744 0.220726
vt 0.324675 0.161791
vt 0.290718 0.163688
vt 0.119608 0.418936
vt 0.122168 0.345666
vt 0.121138 0.364064
vt 0.061812 0.396549
vt 0.090939 0.418227
vt 0.060365 0.416966
vt 0.092547 0.399152
vt 0.262736 0.220137
vt 0.231244 0.240199
vt 0.231384 0.218722
vt 0.263338 0.239578
vt 0.262125 0.275717
vt 0.229832 0.294663
vt 0.230768 0.273137
vt 0.262067 0.295184
vt 0.259650 0.331438
vt 0.226341 0.349346
vt 0.228128 0.327705
vt 0.258942 0.351124
vt 0.255193 0.388103
vt 0.219866 0.404702
vt 0.223033 0.382717
vt 0.253669 0.408668
vt 0.213167 0.439072
vt 0.243700 0.473532
vt 0.206531 0.461756
vt 0.247497 0.448884
vt 0.072950 0.069125
vt 0.066559 0.039417
vt 0.083272 0.137458
vt 0.081278 0.114892
vt 0.087754 0.177017
vt 0.091945 0.254751
vt 0.093689 0.290894
vt 0.056664 0.025195
vt 0.119881 0.015179
vt 0.317968 0.414800
vt 0.320769 0.356954
vt 0.323472 0.299592
vt 0.324868 0.242232
vt 0.324821 0.184658
vt 0.009813 0.061933
vt 0.172648 0.504207
s 1
usemtl SpacialRoverExploreralumWhite
f 56/1/1 137/2/2 58/3/3
f 27/4/4 73/5/5 25/6/5
f 80/7/6 88/8/6 96/9/6
f 49/10/7 86/11/8 85/12/7
f 61/13/9 90/14/10 59/15/10
f 71/16/11 95/17/12 69/18/12
f 35/19/13 79/20/14 78/21/13
f 45/22/15 84/23/16 83/24/15
f 57/25/17 88/26/18 55/27/18
f 67/28/19 93/29/20 65/30/20
f 33/31/21 76/32/22 31/33/22
f 43/34/23 81/35/24 41/36/24
f 53/37/25 86/11/8 51/38/8
f 63/39/26 91/40/9 61/13/9
f 25/6/5 96/41/11 71/16/11
f 27/4/4 75/42/27 74/43/28
f 37/44/14 80/45/29 79/20/14
f 47/46/16 85/47/7 84/23/16
f 57/25/17 90/14/10 89/48/17
f 67/28/19 95/17/12 94/49/19
f 33/31/21 78/21/13 77/50/21
f 43/34/23 83/24/15 82/51/23
f 53/37/25 88/26/18 87/52/25
f 65/30/20 92/53/26 63/39/26
f 31/33/22 75/42/27 29/54/27
f 39/55/29 81/35/24 80/45/29
f 120/56/30 145/57/31 98/58/32
f 30/59/33 100/60/33 99/61/33
f 34/62/33 100/60/33 32/63/33
f 36/64/33 101/65/33 34/62/33
f 38/66/33 102/67/33 36/64/33
f 38/66/33 104/68/33 103/69/33
f 42/70/33 104/68/33 40/71/33
f 42/70/33 106/72/33 105/73/33
f 44/74/33 107/75/33 106/72/33
f 110/76/34 148/77/35 111/78/36
f 56/79/33 111/80/33 54/81/33
f 58/82/33 112/83/33 56/79/33
f 58/82/33 114/84/33 113/85/33
f 60/86/33 115/87/33 114/84/33
f 64/88/33 115/87/33 62/89/33
f 66/90/33 116/91/33 64/88/33
f 66/90/33 118/92/33 117/93/33
f 70/94/33 118/92/33 68/95/33
f 26/96/37 155/97/38 72/98/38
f 42/99/39 130/100/40 44/101/40
f 72/102/41 122/103/42 26/104/42
f 30/105/43 121/106/44 123/107/43
f 60/108/45 137/2/45 138/109/45
f 44/101/40 131/110/46 46/111/46
f 32/112/47 123/107/43 124/113/47
f 62/114/45 138/109/45 139/115/45
f 46/111/46 132/116/48 48/117/48
f 34/118/49 124/113/47 125/119/49
f 62/114/45 140/120/45 64/121/45
f 48/117/48 133/122/50 50/123/50
f 36/124/51 125/119/49 126/125/51
f 64/121/45 141/126/45 66/127/45
f 52/128/52 133/122/50 134/129/52
f 36/124/51 127/130/53 38/131/53
f 68/132/54 141/133/55 142/134/56
f 54/135/57 134/129/52 135/136/57
f 38/131/53 128/137/58 40/138/58
f 68/132/54 143/139/59 70/140/59
f 56/1/1 135/136/57 136/141/60
f 40/138/58 129/142/39 42/99/39
f 70/140/59 144/143/41 72/102/41
f 28/144/44 122/103/42 121/106/44
f 135/145/33 127/146/33 123/147/33
f 153/148/33 146/149/33 152/150/33
f 154/151/61 147/152/33 153/148/33
f 156/153/62 149/154/33 150/155/63
f 151/156/33 149/154/33 155/157/33
f 52/158/64 152/159/65 50/160/65
f 54/161/66 153/162/64 52/158/64
f 109/163/67 147/152/34 110/76/34
f 72/98/38 156/164/68 70/165/69
f 119/166/70 149/154/30 120/56/30
f 98/58/71 151/167/71 26/96/71
f 205/168/72 218/169/72 219/170/72
f 206/171/73 204/172/73 203/173/73
f 109/163/71 152/159/71 146/149/71
f 26/174/33 97/175/33 98/176/33
f 26/174/33 28/177/33 97/175/33
f 107/75/33 46/178/33 48/179/33
f 28/177/33 30/59/33 99/61/33
f 28/177/33 99/61/33 97/175/33
f 50/180/33 108/181/33 48/179/33
f 109/182/33 108/181/33 50/180/33
f 108/181/33 107/75/33 48/179/33
f 210/183/74 160/184/75 209/185/76
f 212/186/77 162/187/78 161/188/77
f 158/189/79 218/169/80 207/190/81
f 208/191/74 157/192/82 204/193/74
f 212/186/83 159/194/83 210/183/83
f 206/171/77 158/189/79 207/190/81
f 156/195/68 165/196/83 70/197/69
f 150/198/63 166/199/84 156/195/62
f 119/200/85 165/196/86 163/201/87
f 150/202/88 163/201/73 164/203/73
f 148/204/89 168/205/90 169/206/91
f 111/207/92 167/208/93 54/209/94
f 148/204/35 170/210/83 111/207/36
f 154/211/95 167/208/73 168/212/73
f 172/213/71 171/214/71 173/215/71
f 176/216/71 177/217/71 178/218/71
f 173/215/73 208/219/73 206/220/73
f 172/213/83 205/221/83 174/222/83
f 171/223/74 205/221/96 208/224/74
f 172/213/77 206/220/77 207/225/81
f 178/218/83 210/226/83 176/227/83
f 177/217/77 212/228/77 178/218/77
f 176/229/74 209/230/76 175/231/74
f 177/217/73 209/230/73 211/232/73
f 221/233/73 220/234/73 217/235/73
f 224/236/73 254/237/73 236/238/73
f 162/187/78 220/234/97 215/239/98
f 209/185/76 216/240/99 217/241/100
f 209/242/101 220/234/101 211/243/101
f 205/244/96 213/245/102 157/192/82
f 158/189/103 226/246/103 214/247/103
f 221/248/104 162/187/104 215/239/104
f 160/184/104 224/249/104 216/240/104
f 227/250/103 157/192/103 213/245/103
f 227/251/83 219/170/83 218/169/83
f 225/252/105 247/253/106 226/254/105
f 222/255/107 236/238/108 229/256/109
f 223/257/110 238/258/111 224/259/110
f 228/260/112 251/261/113 244/262/114
f 250/263/115 241/264/116 245/265/117
f 246/266/73 241/267/73 242/268/73
f 249/269/83 250/270/83 251/261/83
f 230/271/118 239/272/119 232/273/120
f 229/274/109 237/275/121 231/276/121
f 231/276/122 235/277/123 230/271/118
f 239/272/119 234/278/124 232/273/120
f 240/279/125 233/280/126 234/278/127
f 248/281/128 243/282/129 241/264/116
f 249/283/130 242/284/131 243/282/130
f 244/262/114 252/285/132 246/286/133
f 246/286/134 250/263/115 245/265/117
f 222/255/83 253/287/83 233/280/83
f 233/280/83 253/287/83 234/288/83
f 230/289/83 253/287/83 231/290/83
f 231/290/83 253/287/83 229/256/83
f 234/288/83 253/287/83 232/291/83
f 232/291/83 253/287/83 230/289/83
f 236/238/73 254/237/73 237/292/73
f 237/292/73 254/237/73 235/293/73
f 240/294/73 254/237/73 238/295/73
f 235/293/73 254/237/73 239/296/73
f 239/296/73 254/237/73 240/294/73
f 136/297/33 138/298/33 137/299/33
f 139/300/33 255/301/33 140/302/33
f 140/302/33 142/303/33 141/304/33
f 138/298/33 255/301/33 139/300/33
f 56/1/1 136/141/60 137/2/2
f 27/4/4 74/43/28 73/5/5
f 96/9/6 73/305/6 74/306/6
f 74/306/6 75/307/6 76/308/6
f 76/308/6 77/309/6 78/310/6
f 78/310/6 79/311/6 80/7/6
f 80/7/6 81/312/6 82/313/6
f 82/313/6 83/314/6 84/315/6
f 84/315/6 85/316/6 86/317/6
f 86/317/6 87/318/6 88/8/6
f 88/8/6 89/319/6 90/320/6
f 90/320/6 91/321/6 92/322/6
f 92/322/6 93/323/6 94/324/6
f 94/324/6 95/325/6 96/9/6
f 96/9/6 74/306/6 76/308/6
f 76/308/6 78/310/6 80/7/6
f 80/7/6 82/313/6 84/315/6
f 84/315/6 86/317/6 88/8/6
f 88/8/6 90/320/6 92/322/6
f 92/322/6 94/324/6 96/9/6
f 96/9/6 76/308/6 80/7/6
f 80/7/6 84/315/6 88/8/6
f 88/8/6 92/322/6 96/9/6
f 49/10/7 51/38/8 86/11/8
f 61/13/9 91/40/9 90/14/10
f 71/16/11 96/41/11 95/17/12
f 35/19/13 37/44/14 79/20/14
f 45/22/15 47/46/16 84/23/16
f 57/25/17 89/48/17 88/26/18
f 67/28/19 94/49/19 93/29/20
f 33/31/21 77/50/21 76/32/22
f 43/34/23 82/51/23 81/35/24
f 53/37/25 87/52/25 86/11/8
f 63/39/26 92/53/26 91/40/9
f 25/6/5 73/5/5 96/41/11
f 27/4/4 29/54/27 75/42/27
f 37/44/14 39/55/29 80/45/29
f 47/46/16 49/326/7 85/47/7
f 57/25/17 59/15/10 90/14/10
f 67/28/19 69/18/12 95/17/12
f 33/31/21 35/19/13 78/21/13
f 43/34/23 45/22/15 83/24/15
f 53/37/25 55/27/18 88/26/18
f 65/30/20 93/29/20 92/53/26
f 31/33/22 76/32/22 75/42/27
f 39/55/29 41/36/24 81/35/24
f 120/56/30 149/154/30 145/57/31
f 30/59/33 32/63/33 100/60/33
f 34/62/33 101/65/33 100/60/33
f 36/64/33 102/67/33 101/65/33
f 38/66/33 103/69/33 102/67/33
f 38/66/33 40/71/33 104/68/33
f 42/70/33 105/73/33 104/68/33
f 42/70/33 44/74/33 106/72/33
f 44/74/33 46/178/33 107/75/33
f 110/76/34 147/152/34 148/77/35
f 56/79/33 112/83/33 111/80/33
f 58/82/33 113/85/33 112/83/33
f 58/82/33 60/86/33 114/84/33
f 60/86/33 62/89/33 115/87/33
f 64/88/33 116/91/33 115/87/33
f 66/90/33 117/93/33 116/91/33
f 66/90/33 68/95/33 118/92/33
f 70/94/33 119/327/33 118/92/33
f 26/96/37 151/167/37 155/97/38
f 42/99/39 129/142/39 130/100/40
f 72/102/41 144/143/41 122/103/42
f 30/105/43 28/144/44 121/106/44
f 60/108/45 58/3/45 137/2/45
f 44/101/40 130/100/40 131/110/46
f 32/112/47 30/105/43 123/107/43
f 62/114/45 60/108/45 138/109/45
f 46/111/46 131/110/46 132/116/48
f 34/118/49 32/112/47 124/113/47
f 62/114/45 139/115/45 140/120/45
f 48/117/48 132/116/48 133/122/50
f 36/124/51 34/118/49 125/119/49
f 64/121/45 140/120/45 141/126/45
f 52/128/52 50/123/50 133/122/50
f 36/124/51 126/125/51 127/130/53
f 68/132/54 66/328/135 141/133/55
f 54/135/57 52/128/52 134/129/52
f 38/131/53 127/130/53 128/137/58
f 68/132/54 142/134/56 143/139/59
f 56/1/1 54/135/57 135/136/57
f 40/138/58 128/137/58 129/142/39
f 70/140/59 143/139/59 144/143/41
f 28/144/44 26/104/42 122/103/42
f 123/147/33 121/329/33 122/330/33
f 122/330/33 144/331/33 143/332/33
f 143/332/33 142/303/33 255/301/33
f 255/301/33 136/297/33 135/145/33
f 135/145/33 134/333/33 133/334/33
f 133/334/33 132/335/33 131/336/33
f 131/336/33 130/337/33 129/338/33
f 129/338/33 128/339/33 127/146/33
f 127/146/33 126/340/33 125/341/33
f 125/341/33 124/342/33 123/147/33
f 123/147/33 122/330/33 143/332/33
f 143/332/33 255/301/33 135/145/33
f 135/145/33 133/334/33 131/336/33
f 131/336/33 129/338/33 127/146/33
f 127/146/33 125/341/33 123/147/33
f 123/147/33 143/332/33 135/145/33
f 135/145/33 131/336/33 127/146/33
f 153/148/33 147/152/33 146/149/33
f 154/151/61 148/343/89 147/152/33
f 156/153/62 155/157/33 149/154/33
f 151/156/33 145/57/33 149/154/33
f 52/158/64 153/162/64 152/159/65
f 54/161/66 154/344/95 153/162/64
f 109/163/67 146/149/136 147/152/34
f 72/98/38 155/97/38 156/164/68
f 119/166/70 150/345/88 149/154/30
f 98/58/71 145/57/71 151/167/71
f 205/168/72 207/346/72 218/169/72
f 206/171/73 208/347/73 204/172/73
f 109/163/71 50/160/71 152/159/71
f 210/183/74 159/194/74 160/184/75
f 212/186/77 211/348/137 162/187/78
f 158/189/79 214/247/138 218/169/80
f 208/191/74 205/244/96 157/192/82
f 212/186/83 161/188/83 159/194/83
f 206/171/77 203/173/77 158/189/139
f 156/195/140 166/199/83 165/196/83
f 150/198/141 164/349/142 166/199/143
f 119/200/85 70/197/144 165/196/86
f 150/202/88 119/200/70 163/201/73
f 148/204/89 154/350/61 168/205/90
f 111/207/145 170/210/146 167/208/147
f 148/204/148 169/206/83 170/210/83
f 154/211/95 54/209/66 167/208/73
f 172/213/71 174/351/71 171/214/71
f 176/216/71 175/352/71 177/217/71
f 173/215/73 171/353/73 208/219/73
f 172/213/83 207/225/83 205/221/83
f 171/223/74 174/222/74 205/221/96
f 172/213/77 173/215/77 206/220/77
f 178/218/83 212/228/83 210/226/83
f 177/217/77 211/232/137 212/228/77
f 176/229/74 210/354/74 209/230/76
f 177/217/73 175/231/73 209/230/73
f 217/235/73 216/355/73 224/356/73
f 221/233/73 215/239/73 220/234/73
f 217/235/73 224/356/73 221/233/73
f 236/238/73 221/357/73 224/236/73
f 224/236/73 238/295/73 254/237/73
f 162/187/78 211/348/137 220/234/97
f 209/185/76 160/184/75 216/240/99
f 209/242/101 217/235/101 220/234/101
f 205/244/96 219/170/149 213/245/102
f 158/189/103 225/358/103 226/246/103
f 221/248/104 222/359/104 162/187/104
f 160/184/104 223/360/104 224/249/104
f 227/250/103 228/361/103 157/192/103
f 218/169/83 214/247/83 226/362/83
f 227/251/83 213/245/83 219/170/83
f 218/169/83 226/362/83 227/251/83
f 225/252/105 242/268/131 247/253/106
f 222/255/107 221/357/107 236/238/108
f 223/257/110 233/280/126 238/258/111
f 228/260/112 227/363/112 251/261/113
f 250/263/115 248/281/128 241/264/116
f 242/268/73 225/252/73 228/364/73
f 228/364/73 244/365/73 246/266/73
f 246/266/73 245/366/73 241/267/73
f 241/267/73 243/367/73 242/268/73
f 242/268/73 228/364/73 246/266/73
f 251/261/83 227/363/83 226/254/83
f 226/254/83 247/253/83 249/269/83
f 249/269/83 248/368/83 250/270/83
f 250/270/83 252/369/83 251/261/83
f 251/261/83 226/254/83 249/269/83
f 230/271/118 235/277/123 239/272/119
f 229/274/109 236/370/108 237/275/121
f 231/276/122 237/275/122 235/277/123
f 239/272/119 240/279/124 234/278/124
f 240/279/125 238/258/111 233/280/126
f 248/281/128 249/283/129 243/282/129
f 249/283/130 247/371/106 242/284/131
f 244/262/114 251/261/113 252/285/132
f 246/286/134 252/285/134 250/263/115
f 233/280/83 223/257/83 222/255/83
f 222/255/83 229/256/83 253/287/83
f 136/297/33 255/301/33 138/298/33
f 140/302/33 255/301/33 142/303/33
usemtl SpacialRoverExploreralumGray
f 186/372/150 1/373/151 8/374/152
f 185/375/153 8/374/154 7/376/155
f 6/377/156 185/375/157 7/376/158
f 5/378/159 184/379/160 6/377/161
f 4/380/162 183/381/163 5/378/162
f 3/382/164 182/383/165 4/384/166
f 180/385/167 3/382/168 2/386/169
f 179/387/170 2/386/171 1/373/171
f 269/388/73 277/389/73 270/390/73
f 263/391/73 259/392/73 258/393/73
f 257/394/172 262/395/172 260/396/172
f 257/394/33 258/393/33 259/397/33
f 261/398/173 258/393/173 256/399/173
f 265/400/71 279/401/71 268/402/71
f 273/403/6 277/404/6 279/405/6
f 271/406/174 273/407/174 266/408/174
f 277/389/175 271/406/175 270/390/175
f 267/409/176 273/407/176 272/410/176
f 265/400/177 275/411/177 274/412/177
f 269/413/178 279/401/178 278/414/178
f 267/409/83 275/411/83 264/415/83
f 282/416/6 297/417/6 283/418/6
f 283/418/73 297/417/73 315/419/73
f 284/420/83 300/421/83 314/422/83
f 280/423/6 309/424/6 287/425/6
f 286/426/33 291/427/33 281/428/33
f 285/429/33 300/421/33 284/420/33
f 294/430/174 303/431/174 298/432/174
f 310/433/174 292/434/174 306/435/174
f 290/436/179 310/437/179 311/438/179
f 298/439/179 296/440/179 294/441/179
f 299/442/180 295/443/180 296/440/180
f 292/434/181 308/444/181 306/435/181
f 293/445/182 307/446/182 308/444/182
f 304/447/182 302/448/182 300/421/182
f 305/449/181 301/450/181 302/448/181
f 281/428/83 291/427/83 313/451/83
f 289/452/180 311/438/180 309/424/180
f 308/453/73 307/446/73 312/454/73
f 289/455/83 313/451/83 290/456/83
f 312/454/73 286/426/73 287/425/73
f 312/454/73 309/424/73 311/457/73
f 310/458/73 306/459/73 312/454/73
f 311/457/73 310/458/73 312/454/73
f 312/454/73 306/459/73 308/453/73
f 290/456/83 313/451/83 288/460/83
f 292/461/83 313/451/83 293/462/83
f 288/460/83 313/451/83 292/461/83
f 293/462/83 313/451/83 291/427/83
f 295/463/83 314/422/83 296/464/83
f 296/464/83 314/422/83 294/465/83
f 302/466/83 314/422/83 300/421/83
f 294/465/83 314/422/83 301/467/83
f 301/467/83 314/422/83 302/466/83
f 304/447/73 315/419/73 305/468/73
f 305/468/73 315/419/73 303/469/73
f 299/470/73 315/419/73 297/417/73
f 303/469/73 315/419/73 298/471/73
f 298/471/73 315/419/73 299/470/73
f 261/398/83 257/472/83 260/473/83
f 260/474/6 262/475/6 271/476/6
f 271/476/6 262/475/6 270/477/6
f 263/391/6 269/478/6 262/475/6
f 269/478/6 263/391/6 268/479/6
f 268/479/6 263/391/6 261/398/6
f 265/480/6 268/479/6 261/398/6
f 260/474/6 271/476/6 266/481/6
f 264/482/6 265/480/6 261/398/6
f 260/474/6 266/481/6 267/483/6
f 260/474/6 267/483/6 264/482/6
f 260/474/6 264/482/6 261/398/6
f 269/478/6 270/477/6 262/475/6
f 282/416/6 295/443/6 297/417/6
f 304/447/73 285/429/73 315/419/73
f 285/429/73 283/418/73 315/419/73
f 295/463/83 282/484/83 314/422/83
f 282/484/83 284/420/83 314/422/83
f 280/423/6 289/452/6 309/424/6
f 286/426/33 307/446/33 291/427/33
f 285/429/33 304/447/33 300/421/33
f 294/430/174 301/450/174 303/431/174
f 310/433/174 288/485/174 292/434/174
f 290/436/179 288/486/179 310/437/179
f 298/439/179 299/442/179 296/440/179
f 299/442/180 297/417/180 295/443/180
f 292/434/181 293/445/181 308/444/181
f 293/445/182 291/427/182 307/446/182
f 304/447/182 305/449/182 302/448/182
f 305/449/181 303/431/181 301/450/181
f 289/455/83 280/487/83 313/451/83
f 280/487/83 281/428/83 313/451/83
f 289/452/180 290/436/180 311/438/180
f 287/425/73 309/424/73 312/454/73
f 312/454/73 307/446/73 286/426/73
f 186/372/150 179/387/183 1/373/151
f 185/375/153 186/372/184 8/374/154
f 6/377/156 184/379/185 185/375/157
f 5/378/159 183/381/160 184/379/160
f 4/380/162 182/488/186 183/381/163
f 3/382/164 181/489/165 182/383/165
f 180/385/167 181/489/167 3/382/168
f 179/387/170 180/385/187 2/386/171
f 269/388/73 278/490/73 277/389/73
f 263/391/73 262/491/73 259/392/73
f 257/394/172 259/397/172 262/395/172
f 257/394/33 256/399/33 258/393/33
f 261/398/173 263/391/173 258/393/173
f 265/400/71 274/412/71 279/401/71
f 279/405/6 274/492/6 275/493/6
f 275/493/6 272/494/6 273/403/6
f 273/403/6 276/495/6 277/404/6
f 277/404/6 278/496/6 279/405/6
f 279/405/6 275/493/6 273/403/6
f 271/406/174 276/497/174 273/407/174
f 277/389/175 276/497/175 271/406/175
f 267/409/176 266/408/176 273/407/176
f 265/400/177 264/415/177 275/411/177
f 269/413/178 268/402/178 279/401/178
f 267/409/83 272/410/83 275/411/83
f 261/398/83 256/399/83 257/472/83
f 375/498/83 376/499/34 374/500/83
f 377/501/34 378/502/188 376/499/34
f 379/503/188 380/504/176 378/502/188
f 381/505/176 382/506/189 380/504/176
f 383/507/189 384/508/190 382/506/189
f 385/509/190 386/510/174 384/511/190
f 387/512/174 388/513/191 386/510/174
f 389/514/191 390/515/192 388/513/191
f 391/516/192 392/517/175 390/515/192
f 393/518/175 394/519/193 392/517/175
f 395/520/193 396/521/194 394/519/193
f 398/522/6 470/523/6 472/524/6
f 398/522/6 474/525/6 400/526/6
f 401/527/195 402/528/196 400/529/195
f 403/530/196 404/531/178 402/528/196
f 405/532/178 406/533/197 404/531/178
f 407/534/197 408/535/198 406/533/197
f 409/536/198 410/537/71 408/535/198
f 411/538/71 412/539/199 410/537/71
f 413/540/199 414/541/200 412/539/199
f 415/542/200 416/543/177 414/541/200
f 417/544/177 418/545/201 416/543/177
f 381/546/33 442/547/33 439/548/202
f 411/549/33 403/550/33 431/551/33
f 419/552/201 420/553/38 418/545/201
f 421/554/38 374/500/83 420/553/38
f 380/555/6 388/556/6 449/557/6
f 404/558/6 412/559/6 461/560/6
f 399/561/33 475/562/33 473/563/33
f 400/526/71 475/564/71 401/565/71
f 397/566/174 470/523/174 396/567/174
f 399/561/33 471/568/33 397/566/33
f 375/498/83 377/501/34 376/499/34
f 377/501/34 379/503/188 378/502/188
f 379/503/188 381/505/176 380/504/176
f 381/505/176 383/507/189 382/506/189
f 383/507/189 385/569/190 384/508/190
f 385/509/190 387/512/174 386/510/174
f 387/512/174 389/514/191 388/513/191
f 389/514/191 391/516/192 390/515/192
f 391/516/192 393/518/175 392/517/175
f 393/518/175 395/520/193 394/519/193
f 395/520/193 397/570/194 396/521/194
f 398/522/6 396/567/6 470/523/6
f 398/522/6 472/524/6 474/525/6
f 401/527/195 403/530/196 402/528/196
f 403/530/196 405/532/178 404/531/178
f 405/532/178 407/534/197 406/533/197
f 407/534/197 409/536/198 408/535/198
f 409/536/198 411/538/71 410/537/71
f 411/538/71 413/540/199 412/539/199
f 413/540/199 415/542/200 414/541/200
f 415/542/200 417/544/177 416/543/177
f 417/544/177 419/552/201 418/545/201
f 438/571/33 387/572/33 385/573/33
f 385/573/33 383/574/33 381/546/33
f 381/546/33 379/575/33 445/576/33
f 381/546/33 445/576/33 436/577/33
f 438/571/33 385/573/33 381/546/33
f 439/548/202 438/571/33 381/546/33
f 381/546/33 436/577/33 442/547/33
f 427/578/33 445/576/33 379/575/33
f 379/575/33 377/579/33 375/580/33
f 375/580/33 421/581/33 419/582/33
f 419/582/33 417/583/33 415/584/33
f 415/584/33 413/585/33 411/549/33
f 411/549/33 409/586/33 407/587/33
f 407/587/33 405/588/33 403/550/33
f 403/550/33 401/589/33 399/590/33
f 399/590/33 397/591/33 395/592/33
f 395/592/33 393/593/33 391/594/33
f 391/594/33 389/595/33 387/572/33
f 387/572/33 438/571/33 441/596/33
f 387/572/33 441/596/33 440/597/33
f 395/592/33 391/594/33 387/572/33
f 403/550/33 399/590/33 395/592/33
f 411/549/33 407/587/33 403/550/33
f 419/582/33 415/584/33 411/549/33
f 379/575/33 375/580/33 419/582/33
f 428/598/203 427/578/33 379/575/33
f 425/599/33 428/598/203 379/575/33
f 395/592/33 387/572/33 440/597/33
f 395/592/33 440/597/33 437/600/33
f 425/599/33 379/575/33 419/582/33
f 426/601/33 425/599/33 419/582/33
f 395/592/33 437/600/33 444/602/33
f 395/592/33 444/602/33 433/603/33
f 423/604/33 426/601/33 419/582/33
f 424/605/33 423/604/33 419/582/33
f 403/550/33 395/592/33 433/603/33
f 403/550/33 433/603/33 434/606/204
f 424/605/33 419/582/33 411/549/33
f 422/607/33 424/605/33 411/549/33
f 403/550/33 434/606/204 432/608/33
f 403/550/33 432/608/33 435/609/33
f 443/610/33 422/607/33 411/549/33
f 429/611/33 443/610/33 411/549/33
f 403/550/33 435/609/33 430/612/33
f 431/551/33 429/611/33 411/549/33
f 403/550/33 430/612/33 431/551/33
f 419/552/201 421/554/38 420/553/38
f 421/554/38 375/498/83 374/500/83
f 450/613/6 452/614/6 380/555/6
f 380/555/6 382/615/6 384/616/6
f 384/616/6 386/617/6 388/556/6
f 388/556/6 468/618/6 451/619/6
f 449/557/6 450/613/6 380/555/6
f 388/556/6 451/619/6 449/557/6
f 380/555/6 384/616/6 388/556/6
f 458/620/6 468/618/6 388/556/6
f 388/556/6 390/621/6 392/622/6
f 392/622/6 394/623/6 396/624/6
f 396/624/6 398/625/6 400/626/6
f 400/626/6 402/627/6 404/558/6
f 404/558/6 406/628/6 408/629/6
f 408/629/6 410/630/6 412/559/6
f 412/559/6 414/631/6 416/632/6
f 416/632/6 418/633/6 420/634/6
f 420/634/6 374/635/6 376/636/6
f 376/636/6 378/637/6 380/555/6
f 380/555/6 452/614/6 447/638/6
f 380/555/6 447/638/6 448/639/6
f 420/634/6 376/636/6 380/555/6
f 412/559/6 416/632/6 420/634/6
f 404/558/6 408/629/6 412/559/6
f 396/624/6 400/626/6 404/558/6
f 388/556/6 392/622/6 396/624/6
f 459/640/205 458/620/6 388/556/6
f 456/641/6 459/640/205 388/556/6
f 420/634/6 380/555/6 448/639/6
f 420/634/6 448/639/6 446/642/6
f 456/641/6 388/556/6 396/624/6
f 457/643/6 456/641/6 396/624/6
f 420/634/6 446/642/6 469/644/6
f 420/634/6 469/644/6 463/645/6
f 454/646/6 457/643/6 396/624/6
f 455/647/6 454/646/6 396/624/6
f 412/559/6 420/634/6 463/645/6
f 412/559/6 463/645/6 464/648/206
f 455/647/6 396/624/6 404/558/6
f 453/649/6 455/647/6 404/558/6
f 412/559/6 464/648/206 466/650/6
f 412/559/6 466/650/6 462/651/6
f 467/652/6 453/649/6 404/558/6
f 465/653/6 467/652/6 404/558/6
f 412/559/6 462/651/6 460/654/6
f 461/560/6 465/653/6 404/558/6
f 412/559/6 460/654/6 461/560/6
f 399/561/33 401/655/33 475/562/33
f 400/526/71 474/525/71 475/564/71
f 397/566/174 471/568/174 470/523/174
f 399/561/33 473/563/33 471/568/33
f 561/656/6 529/657/6 560/658/207
f 529/657/6 561/656/6 562/659/208
f 529/657/6 528/660/207 560/658/207
f 562/659/208 530/661/208 529/657/6
f 528/660/207 559/662/209 560/658/207
f 562/659/208 563/663/180 530/661/208
f 528/660/207 527/664/209 559/662/209
f 563/663/180 531/665/180 530/661/208
f 563/663/180 564/666/210 531/665/180
f 564/666/210 532/667/210 531/665/180
f 527/664/209 558/668/211 559/662/209
f 558/668/211 527/664/209 526/669/211
f 564/666/210 565/670/212 532/667/210
f 565/670/212 533/671/212 532/667/210
f 558/668/211 526/669/211 557/672/213
f 526/669/211 525/673/213 557/672/213
f 525/673/213 556/674/214 557/672/213
f 565/670/212 566/675/215 533/671/212
f 525/673/213 524/676/214 556/674/214
f 566/675/215 534/677/215 533/671/212
f 566/675/215 567/678/179 534/677/215
f 556/674/214 524/676/214 555/679/216
f 524/676/214 523/680/216 555/679/216
f 534/677/215 567/678/179 535/681/179
f 523/680/216 554/682/217 555/679/216
f 535/681/179 567/678/179 536/683/218
f 523/680/216 522/684/217 554/682/217
f 536/683/218 567/678/179 568/685/218
f 522/684/217 553/686/71 554/682/217
f 553/686/71 522/684/217 521/687/71
f 536/683/218 568/685/218 537/688/174
f 537/688/174 505/689/174 536/683/218
f 537/688/174 538/690/219 505/689/174
f 553/686/71 521/687/71 552/691/220
f 552/691/220 521/687/71 520/692/220
f 505/689/174 538/690/219 506/693/219
f 506/693/219 538/690/219 539/694/181
f 506/693/219 539/694/181 507/695/181
f 552/691/220 520/692/220 551/696/221
f 520/697/220 519/698/221 551/699/221
f 519/698/221 550/700/222 551/699/221
f 507/695/181 539/694/181 540/701/223
f 519/698/221 518/702/222 550/700/222
f 507/695/181 540/701/223 508/703/223
f 550/700/222 518/702/222 549/704/224
f 508/703/223 540/701/223 541/705/225
f 508/703/223 541/705/225 509/706/225
f 549/704/224 518/702/222 517/707/224
f 509/706/225 541/705/225 542/708/226
f 549/704/224 517/707/224 548/709/227
f 509/706/225 542/708/226 510/710/226
f 548/709/227 517/707/224 516/711/227
f 510/710/226 542/708/226 543/712/182
f 548/709/227 516/711/227 547/713/228
f 510/710/226 543/712/182 511/714/182
f 547/713/228 516/711/227 515/715/228
f 511/714/182 543/712/182 544/716/229
f 547/713/228 515/715/228 546/717/230
f 546/717/230 515/715/228 514/718/230
f 511/714/182 544/716/229 512/719/229
f 546/717/230 514/718/230 545/720/33
f 512/719/229 544/716/229 545/720/33
f 545/720/33 514/718/230 513/721/33
f 512/719/229 545/720/33 513/721/33
f 997/722/231 1020/723/232 1021/724/231
f 1003/725/233 1028/726/234 1004/727/234
f 994/728/235 1007/729/236 1018/730/235
f 1000/731/237 1025/732/238 1001/733/238
f 997/722/231 1022/734/239 998/735/239
f 993/736/236 1028/726/234 1007/729/236
f 994/737/235 1019/738/240 995/739/240
f 1001/733/238 1026/740/241 1002/741/241
f 999/742/242 1022/734/239 1023/743/242
f 995/744/240 1020/723/232 996/745/232
f 1002/741/241 1027/746/233 1003/725/233
f 999/742/242 1024/747/237 1000/731/237
f 667/748/243 645/749/244 668/750/243
f 663/751/245 666/752/246 664/753/245
f 659/754/247 662/755/248 660/756/247
f 663/757/249 1123/758/250 661/759/249
f 655/760/251 658/761/252 656/762/251
f 651/763/253 654/764/254 652/765/253
f 647/766/255 650/767/256 648/768/255
f 689/769/224 692/770/257 690/771/257
f 685/772/258 688/773/259 686/774/259
f 681/775/260 684/776/261 682/777/261
f 678/778/262 679/779/212 680/780/262
f 673/781/263 676/782/264 674/783/264
f 669/784/265 671/785/266 672/786/265
f 987/787/267 680/788/262 990/789/267
f 971/790/268 688/791/259 974/792/268
f 665/793/269 1112/794/270 1115/795/270
f 1119/796/271 688/791/271 687/797/271
f 659/798/272 1131/799/273 657/800/272
f 651/801/274 1105/802/275 649/803/274
f 656/804/276 986/805/277 991/806/277
f 662/807/278 975/808/279 664/809/278
f 1108/810/271 674/811/271 959/812/271
f 1095/813/280 945/814/280 946/815/280
f 1094/816/280 946/815/280 947/817/280
f 1101/818/281 673/781/282 1108/819/281
f 1096/820/283 671/785/284 670/821/284
f 645/822/285 951/823/286 648/824/285
f 947/817/287 949/825/288 952/826/287
f 1101/818/289 676/827/289 675/828/289
f 1102/829/289 956/830/289 1101/831/289
f 1107/832/271 959/812/271 960/833/271
f 1109/834/290 689/769/291 1114/835/290
f 1103/836/292 1107/837/293 1106/838/292
f 959/812/294 676/827/264 956/830/294
f 652/839/295 958/840/296 953/841/296
f 954/842/297 960/833/298 955/843/298
f 1114/844/213 690/845/213 967/846/213
f 1115/847/213 965/848/213 966/849/213
f 1112/850/225 962/851/225 1111/852/225
f 1110/853/225 964/854/225 1109/855/225
f 1116/856/299 1110/857/300 1113/858/300
f 967/846/301 692/859/257 964/854/301
f 666/860/302 961/861/303 668/862/302
f 965/848/304 963/863/305 962/851/304
f 1117/864/306 1121/865/307 1124/866/308
f 969/867/309 973/868/310 976/869/311
f 1120/870/271 974/792/271 1119/871/271
f 1119/796/312 685/772/313 1122/872/312
f 1125/873/314 681/775/315 1130/874/314
f 1121/875/289 971/790/289 972/876/289
f 1130/877/316 682/878/316 983/879/316
f 1129/880/316 983/879/316 984/881/316
f 1125/873/280 684/882/280 683/883/280
f 1126/884/280 980/885/280 1125/886/280
f 1127/887/317 1129/888/318 1132/889/319
f 983/879/320 684/882/261 980/885/320
f 660/890/321 982/891/322 977/892/322
f 978/893/323 984/881/324 979/894/325
f 1136/895/225 678/896/225 987/787/225
f 1135/897/225 987/787/225 988/898/225
f 985/899/326 989/900/327 992/901/326
f 1136/902/328 679/779/329 677/903/329
f 655/904/330 1133/905/331 653/906/330
f 1134/907/332 1140/908/333 1135/909/333
f 804/910/334 646/911/244 667/748/243
f 803/912/334 781/913/33 804/914/334
f 802/915/335 667/748/243 665/916/246
f 801/917/335 804/914/334 802/918/335
f 800/919/336 665/916/246 663/751/245
f 791/920/263 810/921/263 792/922/263
f 798/923/337 663/751/245 661/924/248
f 797/925/337 800/926/336 798/927/337
f 796/928/338 661/924/248 659/754/247
f 795/929/338 798/927/337 796/930/338
f 794/931/339 659/754/247 657/932/252
f 793/933/339 796/930/338 794/934/339
f 792/935/340 657/932/252 655/760/251
f 785/936/73 805/937/73 783/938/73
f 653/939/254 792/935/340 655/760/251
f 790/940/341 791/941/340 792/942/340
f 788/943/174 653/939/254 651/763/253
f 788/944/174 789/945/341 790/940/341
f 786/946/342 651/763/253 649/947/256
f 785/948/342 788/944/174 786/949/342
f 784/950/343 649/947/256 647/766/255
f 802/951/266 815/952/266 801/953/266
f 781/954/33 647/955/255 646/911/244
f 782/956/33 784/957/343 781/954/33
f 813/958/280 816/959/280 814/960/280
f 809/961/289 812/962/289 810/963/289
f 805/937/225 808/964/225 806/965/225
f 802/951/83 814/966/83 816/967/83
f 786/968/212 807/969/212 785/970/212
f 799/971/73 815/972/73 813/958/73
f 794/973/83 810/921/83 812/974/83
f 799/971/260 814/966/260 800/975/260
f 794/973/258 811/976/258 793/977/258
f 793/977/73 809/961/73 791/978/73
f 783/938/224 806/979/224 784/980/224
f 784/980/83 808/981/83 786/968/83
f 1093/982/280 947/817/280 948/983/280
f 1103/836/289 955/843/289 1102/984/289
f 1104/985/289 954/842/289 1103/986/289
f 1106/987/271 960/833/271 957/988/271
f 1105/989/271 957/988/271 958/990/271
f 1111/991/225 963/863/225 1110/857/225
f 1116/992/213 968/993/213 965/848/213
f 1113/994/213 967/846/213 968/993/213
f 1124/995/289 972/876/289 969/867/289
f 1123/996/289 969/867/289 970/997/289
f 1117/864/271 973/868/271 1120/998/271
f 1118/999/271 976/869/271 1117/1000/271
f 1127/887/280 979/894/280 1126/1001/280
f 1128/1002/280 978/893/280 1127/1003/280
f 1132/1004/316 984/881/316 981/1005/316
f 1131/1006/316 981/1005/316 982/891/316
f 1134/1007/225 988/898/225 985/899/225
f 1133/1008/225 985/899/225 986/805/225
f 947/817/287 951/823/286 948/983/286
f 950/1009/344 946/815/288 945/814/344
f 954/842/297 958/990/296 957/988/297
f 956/830/294 960/833/298 959/812/294
f 962/851/304 966/849/303 965/848/304
f 964/854/301 968/993/305 967/846/301
f 976/869/311 970/997/279 969/867/309
f 974/792/268 972/876/310 971/790/268
f 978/893/323 982/891/322 981/1005/323
f 983/879/320 979/894/325 984/881/324
f 992/901/326 986/805/277 985/899/326
f 990/789/267 988/898/327 987/787/267
f 945/814/344 672/1010/265 950/1009/344
f 1004/1011/334 782/956/33 803/1012/334
f 1003/1013/345 803/1012/334 801/1014/335
f 1002/1015/71 801/1014/335 799/1016/336
f 1001/1017/337 799/1016/336 797/1018/337
f 1000/1019/338 797/1018/337 795/1020/338
f 999/1021/6 795/1020/338 793/1022/339
f 998/1023/346 793/1022/339 791/1024/340
f 789/1025/341 998/1023/346 791/1024/340
f 996/1026/174 789/1025/341 787/1027/174
f 995/739/347 787/1027/174 785/1028/342
f 994/737/348 785/1028/342 783/1029/343
f 993/1030/33 783/1031/343 782/956/33
f 513/1032/83 1031/1033/83 1060/1034/83
f 527/1035/83 1059/1036/83 526/1037/83
f 512/1038/83 1060/1034/83 1058/1039/83
f 526/1037/83 1057/1040/83 525/1041/83
f 511/1042/83 1058/1039/83 1056/1043/83
f 525/1041/83 1055/1044/83 524/1045/83
f 510/1046/83 1056/1043/83 1054/1047/83
f 523/1048/83 1055/1044/83 1053/1049/83
f 536/1050/83 1041/1051/83 1052/1052/83
f 509/1053/83 1054/1047/83 1051/1054/83
f 523/1048/83 1050/1055/83 522/1056/83
f 535/1057/83 1052/1052/83 1049/1058/83
f 508/1059/83 1051/1054/83 1048/1060/83
f 522/1056/83 1047/1061/83 521/1062/83
f 535/1057/83 1046/1063/83 534/1064/83
f 507/1065/83 1048/1060/83 1045/1066/83
f 521/1062/83 1044/1067/83 520/1068/83
f 534/1064/83 1043/1069/83 533/1070/83
f 506/1071/83 1045/1066/83 1042/1072/83
f 520/1068/83 1040/1073/83 519/1074/83
f 533/1070/83 1039/1075/83 532/1076/83
f 506/1071/83 1041/1051/83 505/1077/83
f 518/1078/83 1040/1073/83 1038/1079/83
f 532/1076/83 1037/1080/83 531/1081/83
f 517/1082/83 1038/1079/83 1036/1083/83
f 531/1081/83 1035/1084/83 530/1085/83
f 516/1086/83 1036/1083/83 1034/1087/83
f 530/1085/83 1033/1088/83 529/1089/83
f 515/1090/83 1034/1087/83 1032/1091/83
f 529/1089/83 1030/1092/83 528/1093/83
f 514/1094/83 1032/1091/83 1031/1033/83
f 528/1093/83 1029/1095/83 527/1035/83
f 538/1096/73 1092/1097/73 1061/1098/73
f 539/1099/73 1061/1098/73 1062/1100/73
f 539/1099/73 1063/1101/73 540/1102/73
f 540/1102/73 1064/1103/73 541/1104/73
f 541/1104/73 1065/1105/73 542/1106/73
f 542/1106/73 1066/1107/73 543/1108/73
f 543/1108/73 1067/1109/73 544/1110/73
f 544/1110/73 1068/1111/73 545/1112/73
f 545/1112/73 1069/1113/73 546/1114/73
f 546/1114/73 1070/1115/73 547/1116/73
f 547/1116/73 1071/1117/73 548/1118/73
f 548/1118/73 1072/1119/73 549/1120/73
f 549/1120/73 1073/1121/73 550/1122/73
f 550/1122/73 1074/1123/73 551/1124/73
f 551/1124/73 1075/1125/73 552/1126/73
f 552/1126/73 1076/1127/73 553/1128/73
f 553/1128/73 1077/1129/73 554/1130/73
f 554/1130/73 1078/1131/73 555/1132/73
f 555/1132/73 1079/1133/73 556/1134/73
f 557/1135/73 1079/1133/73 1080/1136/73
f 558/1137/73 1080/1136/73 1081/1138/73
f 559/1139/73 1081/1138/73 1082/1140/73
f 560/1141/73 1082/1140/73 1083/1142/73
f 561/1143/73 1083/1142/73 1084/1144/73
f 562/1145/73 1084/1144/73 1085/1146/73
f 563/1147/73 1085/1146/73 1086/1148/73
f 564/1149/73 1086/1148/73 1087/1150/73
f 565/1151/73 1087/1150/73 1088/1152/73
f 566/1153/73 1088/1152/73 1089/1154/73
f 567/1155/73 1089/1154/73 1090/1156/73
f 568/1157/73 1090/1156/73 1091/1158/73
f 537/1159/73 1091/1158/73 1092/1097/73
f 1093/982/280 645/822/280 646/1160/280
f 648/824/316 1098/1161/316 647/1162/316
f 652/1163/289 1104/1164/289 651/801/289
f 650/1165/271 1105/1166/271 958/990/271
f 1096/1167/280 669/1168/280 945/814/280
f 668/862/225 1112/794/225 667/1169/225
f 666/860/213 1115/1170/213 966/849/213
f 664/809/271 1118/1171/271 663/757/271
f 662/807/289 1123/1172/289 970/997/289
f 660/890/280 1128/1173/280 659/798/280
f 658/1174/316 1131/1175/316 982/891/316
f 654/1176/225 1133/1177/225 986/805/225
f 656/804/213 1138/1178/213 655/904/213
f 1096/1179/283 1100/1180/349 1099/1181/283
f 1106/1182/292 1104/985/275 1103/986/292
f 1108/1183/281 1102/829/293 1101/831/281
f 1116/1184/299 1112/850/270 1111/852/299
f 1114/1185/290 1110/853/300 1109/855/290
f 1117/1000/306 1123/1186/250 1118/999/250
f 1122/1187/312 1120/870/307 1119/871/312
f 1132/1188/319 1128/1002/273 1127/1003/317
f 1125/886/314 1129/1189/318 1126/884/318
f 1137/1190/332 1133/1191/331 1138/1192/331
f 1139/1193/328 1135/1194/333 1140/1195/333
f 647/1162/350 1093/1196/351 646/1197/350
f 1109/834/225 692/859/225 691/1198/225
f 1098/1199/316 952/826/316 1097/1200/316
f 1097/1201/316 949/825/316 1100/1202/316
f 1100/1180/316 950/1009/316 1099/1181/316
f 1099/1203/316 672/1010/316 671/785/316
f 1122/1204/289 686/1205/289 971/790/289
f 1098/1199/351 1094/1206/352 1093/1207/351
f 1095/1208/349 1097/1201/352 1100/1202/349
f 1138/1192/213 992/901/213 1137/1190/213
f 1137/1209/213 989/900/213 1140/908/213
f 1140/1195/213 990/789/213 1139/1193/213
f 1139/1210/213 680/788/213 679/779/213
f 997/722/231 996/745/232 1020/723/232
f 1003/725/233 1027/746/233 1028/726/234
f 994/728/235 993/736/236 1007/729/236
f 1000/731/237 1024/747/237 1025/732/238
f 997/722/231 1021/724/231 1022/734/239
f 993/736/236 1004/727/234 1028/726/234
f 994/737/235 1018/1211/235 1019/738/240
f 1001/733/238 1025/732/238 1026/740/241
f 999/742/242 998/735/239 1022/734/239
f 995/744/240 1019/1212/240 1020/723/232
f 1002/741/241 1026/740/241 1027/746/233
f 999/742/242 1023/743/242 1024/747/237
f 667/748/243 646/911/244 645/749/244
f 663/751/245 665/916/246 666/752/246
f 659/754/247 661/924/248 662/755/248
f 663/757/249 1118/1171/250 1123/758/250
f 655/760/251 657/932/252 658/761/252
f 651/763/253 653/939/254 654/764/254
f 647/766/255 649/947/256 650/767/256
f 689/769/224 691/1198/224 692/770/257
f 685/772/258 687/797/258 688/773/259
f 681/775/260 683/883/260 684/776/261
f 678/778/262 677/903/212 679/779/212
f 673/781/263 675/828/263 676/782/264
f 669/784/265 670/821/266 671/785/266
f 987/787/267 678/896/262 680/788/262
f 971/790/268 686/1205/259 688/791/259
f 665/793/269 667/1169/269 1112/794/270
f 1119/796/271 974/792/271 688/791/271
f 659/798/272 1128/1173/273 1131/799/273
f 651/801/274 1104/1164/275 1105/802/275
f 656/804/276 654/1176/276 986/805/277
f 662/807/278 970/997/279 975/808/279
f 1108/810/271 673/1213/271 674/811/271
f 1095/813/280 1096/1214/280 945/814/280
f 1094/816/280 1095/1215/280 946/815/280
f 1101/818/281 675/828/282 673/781/282
f 1096/820/283 1099/1203/283 671/785/284
f 645/822/285 948/983/286 951/823/286
f 947/817/287 946/815/288 949/825/288
f 1101/818/289 956/830/289 676/827/289
f 1102/829/289 955/843/289 956/830/289
f 1107/832/271 1108/1216/271 959/812/271
f 1109/834/290 691/1198/291 689/769/291
f 1103/836/292 1102/984/293 1107/837/293
f 959/812/294 674/811/264 676/827/264
f 652/839/295 650/1217/295 958/840/296
f 954/842/297 957/988/297 960/833/298
f 1114/844/213 689/1218/213 690/845/213
f 1115/847/213 1116/1219/213 965/848/213
f 1112/850/225 961/861/225 962/851/225
f 1110/853/225 963/863/225 964/854/225
f 1116/856/299 1111/991/299 1110/857/300
f 967/846/301 690/845/257 692/859/257
f 666/860/302 966/849/303 961/861/303
f 965/848/304 968/993/305 963/863/305
f 1117/864/306 1120/998/307 1121/865/307
f 969/867/309 972/876/310 973/868/310
f 1120/870/271 973/868/271 974/792/271
f 1119/796/312 687/797/313 685/772/313
f 1125/873/314 683/883/315 681/775/315
f 1121/875/289 1122/1220/289 971/790/289
f 1130/877/316 681/1221/316 682/878/316
f 1129/880/316 1130/1222/316 983/879/316
f 1125/873/280 980/885/280 684/882/280
f 1126/884/280 979/894/280 980/885/280
f 1127/887/317 1126/1001/318 1129/888/318
f 983/879/320 682/878/261 684/882/261
f 660/890/321 658/1174/321 982/891/322
f 978/893/323 981/1005/323 984/881/324
f 1136/895/225 677/1223/225 678/896/225
f 1135/897/225 1136/1224/225 987/787/225
f 985/899/326 988/898/327 989/900/327
f 1136/902/328 1139/1210/328 679/779/329
f 655/904/330 1138/1178/331 1133/905/331
f 1134/907/332 1137/1209/332 1140/908/333
f 804/910/334 781/954/33 646/911/244
f 803/912/334 782/1225/33 781/913/33
f 802/915/335 804/910/334 667/748/243
f 801/917/335 803/912/334 804/914/334
f 800/919/336 802/915/335 665/916/246
f 791/920/263 809/1226/263 810/921/263
f 798/923/337 800/919/336 663/751/245
f 797/925/337 799/1227/336 800/926/336
f 796/928/338 798/923/337 661/924/248
f 795/929/338 797/925/337 798/927/337
f 794/931/339 796/928/338 659/754/247
f 793/933/339 795/929/338 796/930/338
f 792/935/340 794/931/339 657/932/252
f 785/936/73 807/1228/73 805/937/73
f 653/939/254 790/1229/341 792/935/340
f 790/940/341 789/945/341 791/941/340
f 788/943/174 790/1229/341 653/939/254
f 788/944/174 787/1230/174 789/945/341
f 786/946/342 788/943/174 651/763/253
f 785/948/342 787/1230/174 788/944/174
f 784/950/343 786/946/342 649/947/256
f 802/951/266 816/967/266 815/952/266
f 781/954/33 784/957/343 647/955/255
f 782/956/33 783/1031/343 784/957/343
f 813/958/280 815/972/280 816/959/280
f 809/961/289 811/976/289 812/962/289
f 805/937/225 807/1228/225 808/964/225
f 802/951/83 800/975/83 814/966/83
f 786/968/212 808/981/212 807/969/212
f 799/971/73 801/1231/73 815/972/73
f 794/973/83 792/922/83 810/921/83
f 799/971/260 813/958/260 814/966/260
f 794/973/258 812/974/258 811/976/258
f 793/977/73 811/976/73 809/961/73
f 783/938/224 805/937/224 806/979/224
f 784/980/83 806/979/83 808/981/83
f 1093/982/280 1094/1232/280 947/817/280
f 1103/836/289 954/842/289 955/843/289
f 1104/985/289 953/1233/289 954/842/289
f 1106/987/271 1107/1234/271 960/833/271
f 1105/989/271 1106/1235/271 957/988/271
f 1111/991/225 962/851/225 963/863/225
f 1116/992/213 1113/1236/213 968/993/213
f 1113/994/213 1114/1237/213 967/846/213
f 1124/995/289 1121/1238/289 972/876/289
f 1123/996/289 1124/1239/289 969/867/289
f 1117/864/271 976/869/271 973/868/271
f 1118/999/271 975/808/271 976/869/271
f 1127/887/280 978/893/280 979/894/280
f 1128/1002/280 977/892/280 978/893/280
f 1132/1004/316 1129/1240/316 984/881/316
f 1131/1006/316 1132/1241/316 981/1005/316
f 1134/1007/225 1135/1242/225 988/898/225
f 1133/1008/225 1134/1243/225 985/899/225
f 947/817/287 952/826/287 951/823/286
f 950/1009/344 949/825/288 946/815/288
f 954/842/297 953/1233/296 958/990/296
f 956/830/294 955/843/298 960/833/298
f 962/851/304 961/861/303 966/849/303
f 964/854/301 963/863/305 968/993/305
f 976/869/311 975/808/279 970/997/279
f 974/792/268 973/868/310 972/876/310
f 978/893/323 977/892/322 982/891/322
f 983/879/320 980/885/320 979/894/325
f 992/901/326 991/806/277 986/805/277
f 990/789/267 989/900/327 988/898/327
f 945/814/344 669/1168/265 672/1010/265
f 1004/1011/334 993/1030/33 782/956/33
f 1003/1013/345 1004/1011/334 803/1012/334
f 1002/1015/71 1003/1013/345 801/1014/335
f 1001/1017/337 1002/1015/71 799/1016/336
f 1000/1019/338 1001/1017/337 797/1018/337
f 999/1021/6 1000/1019/338 795/1020/338
f 998/1023/346 999/1021/6 793/1022/339
f 789/1025/341 997/1244/341 998/1023/346
f 996/1026/174 997/1244/341 789/1025/341
f 995/739/347 996/1026/174 787/1027/174
f 994/737/348 995/739/347 785/1028/342
f 993/1030/33 994/1245/348 783/1031/343
f 513/1032/83 514/1094/83 1031/1033/83
f 527/1035/83 1029/1095/83 1059/1036/83
f 512/1038/83 513/1032/83 1060/1034/83
f 526/1037/83 1059/1036/83 1057/1040/83
f 511/1042/83 512/1038/83 1058/1039/83
f 525/1041/83 1057/1040/83 1055/1044/83
f 510/1046/83 511/1042/83 1056/1043/83
f 523/1048/83 524/1045/83 1055/1044/83
f 536/1050/83 505/1077/83 1041/1051/83
f 509/1053/83 510/1046/83 1054/1047/83
f 523/1048/83 1053/1049/83 1050/1055/83
f 535/1057/83 536/1050/83 1052/1052/83
f 508/1059/83 509/1053/83 1051/1054/83
f 522/1056/83 1050/1055/83 1047/1061/83
f 535/1057/83 1049/1058/83 1046/1063/83
f 507/1065/83 508/1059/83 1048/1060/83
f 521/1062/83 1047/1061/83 1044/1067/83
f 534/1064/83 1046/1063/83 1043/1069/83
f 506/1071/83 507/1065/83 1045/1066/83
f 520/1068/83 1044/1067/83 1040/1073/83
f 533/1070/83 1043/1069/83 1039/1075/83
f 506/1071/83 1042/1072/83 1041/1051/83
f 518/1078/83 519/1074/83 1040/1073/83
f 532/1076/83 1039/1075/83 1037/1080/83
f 517/1082/83 518/1078/83 1038/1079/83
f 531/1081/83 1037/1080/83 1035/1084/83
f 516/1086/83 517/1082/83 1036/1083/83
f 530/1085/83 1035/1084/83 1033/1088/83
f 515/1090/83 516/1086/83 1034/1087/83
f 529/1089/83 1033/1088/83 1030/1092/83
f 514/1094/83 515/1090/83 1032/1091/83
f 528/1093/83 1030/1092/83 1029/1095/83
f 538/1096/73 537/1159/73 1092/1097/73
f 539/1099/73 538/1096/73 1061/1098/73
f 539/1099/73 1062/1100/73 1063/1101/73
f 540/1102/73 1063/1101/73 1064/1103/73
f 541/1104/73 1064/1103/73 1065/1105/73
f 542/1106/73 1065/1105/73 1066/1107/73
f 543/1108/73 1066/1107/73 1067/1109/73
f 544/1110/73 1067/1109/73 1068/1111/73
f 545/1112/73 1068/1111/73 1069/1113/73
f 546/1114/73 1069/1113/73 1070/1115/73
f 547/1116/73 1070/1115/73 1071/1117/73
f 548/1118/73 1071/1117/73 1072/1119/73
f 549/1120/73 1072/1119/73 1073/1121/73
f 550/1122/73 1073/1121/73 1074/1123/73
f 551/1124/73 1074/1123/73 1075/1125/73
f 552/1126/73 1075/1125/73 1076/1127/73
f 553/1128/73 1076/1127/73 1077/1129/73
f 554/1130/73 1077/1129/73 1078/1131/73
f 555/1132/73 1078/1131/73 1079/1133/73
f 557/1135/73 556/1134/73 1079/1133/73
f 558/1137/73 557/1135/73 1080/1136/73
f 559/1139/73 558/1137/73 1081/1138/73
f 560/1141/73 559/1139/73 1082/1140/73
f 561/1143/73 560/1141/73 1083/1142/73
f 562/1145/73 561/1143/73 1084/1144/73
f 563/1147/73 562/1145/73 1085/1146/73
f 564/1149/73 563/1147/73 1086/1148/73
f 565/1151/73 564/1149/73 1087/1150/73
f 566/1153/73 565/1151/73 1088/1152/73
f 567/1155/73 566/1153/73 1089/1154/73
f 568/1157/73 567/1155/73 1090/1156/73
f 537/1159/73 568/1157/73 1091/1158/73
f 1093/982/280 948/983/280 645/822/280
f 648/824/316 951/823/316 1098/1161/316
f 652/1163/289 953/1233/289 1104/1164/289
f 650/1165/271 649/1246/271 1105/1166/271
f 1096/1167/280 670/1247/280 669/1168/280
f 668/862/225 961/861/225 1112/794/225
f 666/860/213 665/1248/213 1115/1170/213
f 664/809/271 975/808/271 1118/1171/271
f 662/807/289 661/1249/289 1123/1172/289
f 660/890/280 977/892/280 1128/1173/280
f 658/1174/316 657/1250/316 1131/1175/316
f 654/1176/225 653/1251/225 1133/1177/225
f 656/804/213 991/806/213 1138/1178/213
f 1096/1179/283 1095/1252/349 1100/1180/349
f 1106/1182/292 1105/1253/275 1104/985/275
f 1108/1183/281 1107/1254/293 1102/829/293
f 1116/1184/299 1115/1255/270 1112/850/270
f 1114/1185/290 1113/1256/300 1110/853/300
f 1117/1000/306 1124/1257/308 1123/1186/250
f 1122/1187/312 1121/1258/307 1120/870/307
f 1132/1188/319 1131/1259/273 1128/1002/273
f 1125/886/314 1130/1260/314 1129/1189/318
f 1137/1190/332 1134/1261/332 1133/1191/331
f 1139/1193/328 1136/1262/328 1135/1194/333
f 647/1162/350 1098/1161/351 1093/1196/351
f 1109/834/225 964/854/225 692/859/225
f 1098/1199/316 951/823/316 952/826/316
f 1097/1201/316 952/826/316 949/825/316
f 1100/1180/316 949/825/316 950/1009/316
f 1099/1203/316 950/1009/316 672/1010/316
f 1122/1204/289 685/1263/289 686/1205/289
f 1098/1199/351 1097/1200/352 1094/1206/352
f 1095/1208/349 1094/1264/352 1097/1201/352
f 1138/1192/213 991/806/213 992/901/213
f 1137/1209/213 992/901/213 989/900/213
f 1140/1195/213 989/900/213 990/789/213
f 1139/1210/213 990/789/213 680/788/213
usemtl SpacialRoverExploreralumBlack
f 186/1265/353 189/1266/353 179/1267/353
f 179/1267/354 196/1268/354 180/1269/354
f 180/1269/355 197/1270/355 181/1271/355
f 182/1272/356 197/1270/356 198/1273/356
f 183/1274/357 198/1275/357 199/1276/357
f 8/1277/358 21/1278/359 7/1279/359
f 5/1280/360 19/1281/361 17/1282/360
f 4/1283/362 13/1284/363 3/1285/363
f 1/1286/364 11/1287/365 24/1288/364
f 1/1286/364 23/1289/366 8/1277/358
f 6/1290/361 21/1278/359 19/1281/361
f 5/1280/360 15/1291/367 4/1283/362
f 2/1292/368 13/1284/363 11/1287/365
f 23/1293/369 9/1294/370 22/1295/371
f 21/1296/372 22/1295/373 20/1297/374
f 18/1298/375 21/1296/376 20/1297/377
f 16/1299/378 19/1300/379 18/1298/380
f 14/1301/381 17/1302/382 16/1303/383
f 12/1304/384 15/1305/385 14/1301/386
f 11/1306/387 12/1304/388 10/1307/389
f 24/1308/390 10/1307/391 9/1294/392
f 188/1309/393 196/1310/393 189/1311/393
f 187/1312/394 197/1270/394 196/1310/394
f 197/1270/395 191/1313/395 198/1273/395
f 198/1314/396 192/1315/396 199/1316/396
f 199/1316/397 193/1317/397 200/1318/397
f 200/1318/398 194/1319/398 201/1320/398
f 194/1319/399 202/1321/399 201/1320/399
f 195/1322/400 189/1311/400 202/1323/400
f 185/1324/401 202/1325/401 186/1265/401
f 185/1324/402 200/1326/402 201/1327/402
f 184/1328/403 199/1276/403 200/1326/403
f 186/1265/353 202/1325/353 189/1266/353
f 179/1267/354 189/1266/354 196/1268/354
f 180/1269/355 196/1268/404 197/1270/355
f 182/1272/356 181/1271/356 197/1270/356
f 183/1274/357 182/1329/357 198/1275/357
f 8/1277/358 23/1289/366 21/1278/359
f 5/1280/360 6/1290/361 19/1281/361
f 4/1283/362 15/1291/367 13/1284/363
f 1/1286/364 2/1292/368 11/1287/365
f 1/1286/364 24/1288/364 23/1289/366
f 6/1290/361 7/1279/359 21/1278/359
f 5/1280/360 17/1282/360 15/1291/367
f 2/1292/368 3/1285/363 13/1284/363
f 23/1293/369 24/1308/405 9/1294/370
f 21/1296/372 23/1293/406 22/1295/373
f 18/1298/407 19/1300/408 21/1296/376
f 16/1299/378 17/1330/409 19/1300/379
f 14/1301/381 15/1305/410 17/1302/382
f 12/1304/411 13/1331/412 15/1305/413
f 11/1306/387 13/1331/414 12/1304/388
f 24/1308/390 11/1306/415 10/1307/391
f 188/1309/393 187/1312/393 196/1310/393
f 187/1312/394 190/1332/394 197/1270/394
f 197/1270/395 190/1332/395 191/1313/395
f 198/1314/396 191/1333/396 192/1315/396
f 199/1316/397 192/1315/397 193/1317/397
f 200/1318/398 193/1317/398 194/1319/398
f 194/1319/399 195/1334/399 202/1321/399
f 195/1322/400 188/1309/400 189/1311/400
f 185/1324/401 201/1327/401 202/1325/401
f 185/1324/402 184/1328/402 200/1326/402
f 184/1328/403 183/1274/403 199/1276/403
usemtl SpacialRoverExploreralumOrange
f 98/1335/32 27/1336/64 25/1337/73
f 97/1338/64 29/1339/196 27/1336/64
f 99/1340/196 31/1341/178 29/1339/196
f 100/1342/178 33/1343/197 31/1341/178
f 101/1344/197 35/1345/198 33/1343/197
f 102/1346/198 37/1347/71 35/1345/198
f 103/1348/71 39/1349/199 37/1347/71
f 104/1350/199 41/1351/200 39/1349/199
f 105/1352/200 43/1353/177 41/1351/200
f 106/1354/177 45/1355/201 43/1353/177
f 107/1356/201 47/1357/38 45/1355/201
f 108/1358/38 49/1359/83 47/1357/38
f 109/1360/67 51/1361/34 49/1362/83
f 110/1363/34 53/1364/188 51/1361/34
f 111/1365/36 55/1366/176 53/1364/188
f 112/1367/176 57/1368/189 55/1366/176
f 113/1369/189 59/1370/190 57/1368/189
f 114/1371/190 61/1372/174 59/1370/190
f 115/1373/174 63/1374/191 61/1372/174
f 116/1375/191 65/1376/192 63/1374/191
f 117/1377/192 67/1378/175 65/1376/192
f 118/1379/175 69/1380/193 67/1378/175
f 119/1381/70 71/1382/30 69/1380/193
f 120/1383/30 25/1337/73 71/1382/30
f 98/1335/32 97/1338/64 27/1336/64
f 97/1338/64 99/1340/196 29/1339/196
f 99/1340/196 100/1342/178 31/1341/178
f 100/1342/178 101/1344/197 33/1343/197
f 101/1344/197 102/1346/198 35/1345/198
f 102/1346/198 103/1348/71 37/1347/71
f 103/1348/71 104/1350/199 39/1349/199
f 104/1350/199 105/1352/200 41/1351/200
f 105/1352/200 106/1354/177 43/1353/177
f 106/1354/177 107/1356/201 45/1355/201
f 107/1356/201 108/1358/38 47/1357/38
f 108/1358/38 109/1384/67 49/1359/83
f 109/1360/67 110/1363/34 51/1361/34
f 110/1363/34 111/1365/36 53/1364/188
f 111/1365/36 112/1367/176 55/1366/176
f 112/1367/176 113/1369/189 57/1368/189
f 113/1369/189 114/1371/190 59/1370/190
f 114/1371/190 115/1373/174 61/1372/174
f 115/1373/174 116/1375/191 63/1374/191
f 116/1375/191 117/1377/192 65/1376/192
f 117/1377/192 118/1379/175 67/1378/175
f 118/1379/175 119/1381/70 69/1380/193
f 119/1381/70 120/1383/30 71/1382/30
f 120/1383/30 98/1335/32 25/1337/73
usemtl SpacialRoverExploreralumGrayDeep
f 329/1385/416 340/1386/417 341/1387/417
f 324/1388/73 488/1389/73 486/1390/73
f 341/1391/73 479/1392/73 485/1393/73
f 316/1394/418 328/1395/419 325/1396/418
f 318/1397/83 493/1398/83 501/1399/83
f 495/1400/83 319/1401/83 317/1402/83
f 317/1403/420 326/1404/421 324/1405/420
f 319/1406/422 327/1407/423 326/1404/422
f 318/1408/423 325/1396/418 327/1407/423
f 329/1385/416 322/1409/424 320/1410/416
f 331/1411/425 323/1412/426 322/1409/425
f 330/1413/427 321/1414/419 323/1412/426
f 332/1415/428 367/1416/428 366/1417/428
f 367/1416/429 334/1418/429 368/1419/429
f 334/1420/430 369/1421/430 368/1422/430
f 335/1423/431 370/1424/431 369/1421/431
f 336/1425/432 371/1426/432 370/1424/432
f 371/1426/433 338/1427/433 372/1428/433
f 333/1429/73 339/1430/73 337/1431/73
f 338/1427/434 373/1432/434 372/1428/434
f 339/1433/435 366/1417/435 373/1432/435
f 340/1434/436 354/1435/437 341/1436/436
f 342/1437/438 317/1403/420 324/1405/420
f 364/1438/83 340/1439/83 362/1440/83
f 363/1441/439 345/1442/440 344/1443/440
f 359/1444/73 341/1391/73 361/1445/73
f 345/1442/440 346/1446/441 344/1443/440
f 356/1447/73 504/1448/73 354/1449/73
f 355/1450/442 347/1451/443 352/1452/443
f 349/1453/437 356/1454/444 354/1435/437
f 351/1455/444 357/1456/445 356/1454/444
f 350/1457/446 355/1450/442 357/1456/446
f 350/1458/83 351/1459/83 503/1460/83
f 358/1461/447 365/1462/448 360/1463/448
f 365/1464/448 361/1465/449 360/1466/448
f 364/1467/450 359/1468/451 361/1469/450
f 359/1468/451 343/1470/438 342/1437/438
f 368/1471/83 370/1472/83 372/1473/83
f 352/1452/452 346/1446/452 353/1474/452
f 488/1389/73 326/1475/73 327/1476/73
f 325/1477/73 488/1478/73 327/1479/73
f 325/1480/73 483/1481/73 484/1482/73
f 340/1439/83 364/1438/83 365/1483/83
f 362/1440/83 340/1439/83 343/1484/83
f 360/1485/73 341/1391/73 358/1486/73
f 363/1487/83 344/1488/83 340/1439/83
f 340/1439/83 365/1483/83 363/1487/83
f 341/1391/73 359/1444/73 342/1489/73
f 361/1445/73 341/1391/73 360/1485/73
f 358/1486/73 341/1391/73 345/1490/73
f 329/1491/73 483/1481/73 331/1492/73
f 330/1493/73 483/1481/73 328/1494/73
f 331/1492/73 483/1481/73 330/1493/73
f 495/1400/83 318/1397/83 319/1401/83
f 343/1484/83 498/1495/83 502/1496/83
f 499/1497/83 320/1498/83 322/1499/83
f 316/1500/83 500/1501/83 499/1497/83
f 322/1499/83 323/1502/83 499/1497/83
f 323/1502/83 321/1503/83 499/1497/83
f 503/1460/83 340/1439/83 344/1488/83
f 348/1504/83 503/1460/83 347/1505/83
f 503/1460/83 351/1459/83 349/1506/83
f 503/1460/83 348/1504/83 350/1458/83
f 347/1505/83 503/1460/83 346/1507/83
f 504/1448/73 345/1490/73 341/1391/73
f 504/1448/73 352/1508/73 353/1509/73
f 352/1508/73 504/1448/73 355/1510/73
f 504/1448/73 357/1511/73 355/1510/73
f 357/1511/73 504/1448/73 356/1447/73
f 329/1385/416 320/1410/416 340/1386/417
f 324/1388/73 326/1475/73 488/1389/73
f 480/1512/73 483/1481/73 329/1491/73
f 324/1388/73 486/1390/73 476/1513/73
f 324/1388/73 476/1513/73 477/1514/73
f 481/1515/453 480/1512/73 329/1491/73
f 482/1516/73 481/1515/453 329/1491/73
f 342/1489/73 324/1388/73 477/1514/73
f 342/1489/73 477/1514/73 478/1517/73
f 482/1516/73 329/1491/73 341/1391/73
f 487/1518/73 482/1516/73 341/1391/73
f 341/1391/73 342/1489/73 478/1517/73
f 341/1391/73 478/1517/73 479/1392/73
f 485/1393/73 487/1518/73 341/1391/73
f 316/1394/418 321/1414/419 328/1395/419
f 501/1399/83 316/1500/83 318/1397/83
f 318/1397/83 495/1400/83 493/1398/83
f 317/1403/420 319/1406/421 326/1404/421
f 319/1406/422 318/1408/423 327/1407/423
f 318/1408/423 316/1394/418 325/1396/418
f 329/1385/416 331/1411/424 322/1409/424
f 331/1411/425 330/1413/427 323/1412/426
f 330/1413/427 328/1395/419 321/1414/419
f 332/1415/428 333/1519/428 367/1416/428
f 367/1416/429 333/1519/429 334/1418/429
f 334/1420/430 335/1423/430 369/1421/430
f 335/1423/431 336/1425/431 370/1424/431
f 336/1425/432 337/1520/432 371/1426/432
f 371/1426/433 337/1520/433 338/1427/433
f 337/1431/73 336/1521/73 335/1522/73
f 335/1522/73 334/1523/73 333/1429/73
f 333/1429/73 332/1524/73 339/1430/73
f 339/1430/73 338/1525/73 337/1431/73
f 337/1431/73 335/1522/73 333/1429/73
f 338/1427/434 339/1433/434 373/1432/434
f 339/1433/435 332/1415/435 366/1417/435
f 340/1434/436 349/1453/437 354/1435/437
f 342/1437/438 343/1470/438 317/1403/420
f 363/1441/439 358/1461/447 345/1442/440
f 345/1442/440 353/1474/441 346/1446/441
f 355/1450/442 348/1526/442 347/1451/443
f 349/1453/437 351/1455/444 356/1454/444
f 351/1455/444 350/1457/445 357/1456/445
f 350/1457/446 348/1526/442 355/1450/442
f 358/1461/447 363/1441/439 365/1462/448
f 365/1464/448 364/1527/449 361/1465/449
f 364/1467/450 362/1528/451 359/1468/451
f 359/1468/451 362/1528/451 343/1470/438
f 372/1473/83 373/1529/83 366/1530/83
f 366/1530/83 367/1531/83 368/1471/83
f 368/1471/83 369/1532/83 370/1472/83
f 370/1472/83 371/1533/83 372/1473/83
f 372/1473/83 366/1530/83 368/1471/83
f 352/1452/452 347/1451/452 346/1446/452
f 484/1482/73 488/1389/73 325/1480/73
f 325/1480/73 328/1494/73 483/1481/73
f 320/1498/83 499/1497/83 497/1534/83
f 320/1498/83 497/1534/83 490/1535/83
f 494/1536/83 495/1400/83 317/1402/83
f 489/1537/83 494/1536/83 317/1402/83
f 340/1439/83 320/1498/83 490/1535/83
f 340/1439/83 490/1535/83 492/1538/83
f 489/1537/83 317/1402/83 343/1484/83
f 496/1539/83 489/1537/83 343/1484/83
f 343/1484/83 340/1439/83 492/1538/83
f 343/1484/83 492/1538/83 491/1540/83
f 502/1496/83 496/1539/83 343/1484/83
f 343/1484/83 491/1540/83 498/1495/83
f 499/1497/83 321/1503/83 316/1500/83
f 316/1500/83 501/1399/83 500/1501/83
f 344/1488/83 346/1507/83 503/1460/83
f 503/1460/83 349/1506/83 340/1439/83
f 341/1391/73 354/1449/73 504/1448/73
f 504/1448/73 353/1509/73 345/1490/73
f 640/1541/348 711/1542/33 639/1543/33
f 668/750/243 693/1544/33 704/1545/334
f 703/1546/345 668/750/243 704/1545/334
f 664/753/245 703/1546/345 702/1547/71
f 662/755/248 702/1547/71 701/1548/337
f 660/756/247 701/1548/337 700/1549/338
f 658/761/252 700/1549/338 699/1550/6
f 656/762/251 699/1550/6 698/1551/346
f 697/1552/341 656/762/251 698/1551/346
f 696/1553/174 654/764/254 697/1552/341
f 650/767/256 696/1553/174 695/1554/347
f 648/768/255 695/1554/347 694/1555/348
f 645/749/244 694/1556/348 693/1544/33
f 633/1557/83 694/1558/83 634/1559/83
f 634/1559/83 695/1560/83 635/1561/83
f 635/1561/83 696/1562/83 636/1563/83
f 637/1564/83 696/1562/83 697/1565/83
f 637/1564/83 698/1566/83 638/1567/83
f 639/1568/83 698/1566/83 699/1569/83
f 639/1568/83 700/1570/83 640/1571/83
f 641/1572/83 700/1570/83 701/1573/83
f 641/1572/83 702/1574/83 642/1575/83
f 642/1575/83 703/1576/83 643/1577/83
f 643/1577/83 704/1578/83 644/1579/83
f 633/1557/83 704/1578/83 693/1580/83
f 708/1581/83 712/1582/83 716/1583/83
f 637/1584/345 708/1585/71 636/1586/71
f 644/1587/346 715/1588/341 643/1589/341
f 634/1590/338 705/1591/6 633/1592/6
f 641/1593/347 712/1594/348 640/1541/348
f 637/1584/345 710/1595/334 709/1596/345
f 633/1592/6 716/1597/346 644/1587/346
f 635/1598/337 706/1599/338 634/1600/338
f 642/1601/174 713/1602/347 641/1593/347
f 639/1543/33 710/1595/334 638/1603/334
f 636/1586/71 707/1604/337 635/1598/337
f 643/1589/341 714/1605/174 642/1601/174
f 1006/1606/33 1018/1607/348 1007/1608/33
f 1005/1609/348 1019/738/347 1018/1211/348
f 1008/1610/347 1020/1611/174 1019/738/347
f 1009/1612/174 1021/1613/341 1020/1611/174
f 1021/1613/341 1011/1614/346 1022/1615/346
f 1011/1614/346 1023/1616/6 1022/1615/346
f 1012/1617/6 1024/1618/338 1023/1616/6
f 1013/1619/338 1025/1620/337 1024/1618/338
f 1014/1621/337 1026/1622/71 1025/1620/337
f 1015/1623/71 1027/1624/345 1026/1622/71
f 1016/1625/73 1012/1626/73 1008/1610/73
f 1016/1627/345 1028/1628/334 1027/1624/345
f 1017/1629/334 1007/1608/33 1028/1628/334
f 640/1541/348 712/1594/348 711/1542/33
f 668/750/243 645/749/244 693/1544/33
f 703/1546/345 666/752/246 668/750/243
f 664/753/245 666/752/246 703/1546/345
f 662/755/248 664/753/245 702/1547/71
f 660/756/247 662/755/248 701/1548/337
f 658/761/252 660/756/247 700/1549/338
f 656/762/251 658/761/252 699/1550/6
f 697/1552/341 654/764/254 656/762/251
f 696/1553/174 652/765/253 654/764/254
f 650/767/256 652/765/253 696/1553/174
f 648/768/255 650/767/256 695/1554/347
f 645/749/244 648/1630/255 694/1556/348
f 633/1557/83 693/1580/83 694/1558/83
f 634/1559/83 694/1558/83 695/1560/83
f 635/1561/83 695/1560/83 696/1562/83
f 637/1564/83 636/1563/83 696/1562/83
f 637/1564/83 697/1565/83 698/1566/83
f 639/1568/83 638/1567/83 698/1566/83
f 639/1568/83 699/1569/83 700/1570/83
f 641/1572/83 640/1571/83 700/1570/83
f 641/1572/83 701/1573/83 702/1574/83
f 642/1575/83 702/1574/83 703/1576/83
f 643/1577/83 703/1576/83 704/1578/83
f 633/1557/83 644/1579/83 704/1578/83
f 716/1583/83 705/1631/83 706/1632/83
f 706/1632/83 707/1633/83 708/1581/83
f 708/1581/83 709/1634/83 710/1635/83
f 710/1635/83 711/1636/83 712/1582/83
f 712/1582/83 713/1637/83 714/1638/83
f 714/1638/83 715/1639/83 716/1583/83
f 716/1583/83 706/1632/83 708/1581/83
f 708/1581/83 710/1635/83 712/1582/83
f 712/1582/83 714/1638/83 716/1583/83
f 637/1584/345 709/1596/345 708/1585/71
f 644/1587/346 716/1597/346 715/1588/341
f 634/1590/338 706/1640/338 705/1591/6
f 641/1593/347 713/1602/347 712/1594/348
f 637/1584/345 638/1603/334 710/1595/334
f 633/1592/6 705/1591/6 716/1597/346
f 635/1598/337 707/1604/337 706/1599/338
f 642/1601/174 714/1605/174 713/1602/347
f 639/1543/33 711/1542/33 710/1595/334
f 636/1586/71 708/1585/71 707/1604/337
f 643/1589/341 715/1588/341 714/1605/174
f 1006/1606/33 1005/1641/348 1018/1607/348
f 1005/1609/348 1008/1610/347 1019/738/347
f 1008/1610/347 1009/1612/174 1020/1611/174
f 1009/1612/174 1010/1642/341 1021/1613/341
f 1021/1613/341 1010/1642/341 1011/1614/346
f 1011/1614/346 1012/1617/6 1023/1616/6
f 1012/1617/6 1013/1619/338 1024/1618/338
f 1013/1619/338 1014/1621/337 1025/1620/337
f 1014/1621/337 1015/1623/71 1026/1622/71
f 1015/1623/71 1016/1627/345 1027/1624/345
f 1008/1610/73 1005/1609/73 1006/1643/73
f 1006/1643/73 1017/1644/73 1016/1625/73
f 1016/1625/73 1015/1645/73 1014/1646/73
f 1014/1646/73 1013/1647/73 1012/1626/73
f 1012/1626/73 1011/1648/73 1010/1649/73
f 1010/1649/73 1009/1650/73 1008/1610/73
f 1008/1610/73 1006/1643/73 1016/1625/73
f 1016/1625/73 1014/1646/73 1012/1626/73
f 1012/1626/73 1010/1649/73 1008/1610/73
f 1016/1627/345 1017/1629/334 1028/1628/334
f 1017/1629/334 1006/1606/33 1007/1608/33
usemtl SpacialRoverExplorerwheels
f 1092/1651/73 600/1652/454 570/1653/455
f 1091/1654/73 599/1655/456 600/1652/454
f 1090/1656/73 598/1657/457 599/1655/456
f 1089/1658/73 597/1659/458 598/1657/457
f 1088/1660/73 596/1661/459 597/1659/458
f 1087/1662/73 595/1663/460 596/1661/459
f 1086/1664/73 594/1665/461 595/1663/460
f 1085/1666/73 593/1667/461 594/1665/461
f 1084/1668/73 592/1669/462 593/1667/461
f 1083/1670/73 591/1671/462 592/1669/462
f 1082/1672/73 590/1673/463 591/1671/462
f 1081/1674/73 589/1675/464 590/1673/463
f 1080/1676/73 588/1677/465 589/1678/464
f 1078/1679/73 588/1677/465 1079/1680/73
f 1077/1681/73 587/1682/465 1078/1679/73
f 1076/1683/73 586/1684/466 1077/1681/73
f 1075/1685/73 585/1686/466 1076/1683/73
f 1074/1687/73 584/1688/467 1075/1685/73
f 1073/1689/73 583/1690/467 1074/1687/73
f 1072/1691/73 582/1692/468 1073/1689/73
f 1071/1693/73 581/1694/468 1072/1691/73
f 1070/1695/73 580/1696/469 1071/1693/73
f 1069/1697/73 579/1698/470 1070/1695/73
f 1068/1699/73 578/1700/471 1069/1697/73
f 1067/1701/73 577/1702/472 1068/1699/73
f 1066/1703/73 576/1704/473 1067/1701/73
f 1065/1705/73 575/1706/474 1066/1703/73
f 1064/1707/73 574/1708/475 1065/1705/73
f 1063/1709/73 573/1710/475 1064/1711/73
f 1063/1709/73 571/1712/476 572/1713/476
f 1062/1714/73 569/1715/455 571/1712/476
f 1061/1716/73 570/1653/455 569/1715/455
f 1030/1717/83 623/1718/477 1029/1719/83
f 1031/1720/83 611/1721/478 610/1722/479
f 1033/1723/83 624/1724/477 1030/1717/83
f 1032/1725/83 612/1726/480 611/1721/478
f 1035/1727/83 625/1728/481 1033/1723/83
f 1034/1729/83 613/1730/482 612/1726/480
f 1037/1731/83 626/1732/481 1035/1727/83
f 1036/1733/83 614/1734/483 613/1730/482
f 1039/1735/83 627/1736/484 1037/1731/83
f 1038/1737/83 615/1738/485 614/1734/483
f 1042/1739/83 601/1740/486 1041/1741/83
f 1043/1742/83 628/1743/487 1039/1735/83
f 1040/1744/83 616/1745/485 615/1738/485
f 1045/1746/83 602/1747/486 1042/1739/83
f 1046/1748/83 629/1749/488 1043/1742/83
f 1047/1750/83 616/1745/485 1044/1751/83
f 1048/1752/83 603/1753/489 1045/1746/83
f 1049/1754/83 630/1755/490 1046/1748/83
f 1050/1756/83 617/1757/491 1047/1750/83
f 1051/1758/83 604/1759/489 1048/1752/83
f 1052/1760/83 631/1761/492 1049/1754/83
f 1053/1762/83 618/1763/493 1050/1756/83
f 1051/1764/83 606/1765/494 605/1766/494
f 1041/1741/83 632/1767/495 1052/1760/83
f 1055/1768/83 619/1769/496 1053/1762/83
f 1054/1770/83 607/1771/497 606/1765/494
f 1057/1772/83 620/1773/496 1055/1768/83
f 1056/1774/83 608/1775/498 607/1771/497
f 1059/1776/83 621/1777/499 1057/1778/83
f 1058/1779/83 609/1780/500 608/1775/498
f 1029/1719/83 622/1781/499 1059/1776/83
f 1060/1782/83 610/1722/479 609/1780/500
f 718/1783/501 627/1736/502 720/1784/503
f 722/1785/504 631/1761/505 724/1786/506
f 724/1786/507 916/1787/508 723/1788/509
f 728/1789/510 629/1749/511 726/1790/512
f 775/1791/513 818/1792/514 942/1793/515
f 723/1788/509 817/1794/516 599/1655/517
f 590/1673/463 827/1795/518 828/1796/519
f 774/1797/520 941/1798/521 909/1799/520
f 631/1761/492 879/1800/522 880/1801/522
f 742/1802/523 621/1803/524 736/1804/525
f 738/1805/526 623/1718/527 732/1806/528
f 734/1807/529 625/1728/530 730/1808/531
f 722/1785/532 915/1809/533 883/1810/534
f 773/1811/521 846/1812/535 941/1798/521
f 616/1745/536 744/1813/537 750/1814/538
f 618/1763/539 740/1815/540 746/1816/541
f 721/1817/542 820/1818/543 915/1809/533
f 592/1669/462 825/1819/544 826/1820/545
f 612/1726/546 752/1821/547 758/1822/548
f 614/1734/549 748/1823/550 754/1824/551
f 772/1825/552 940/1826/553 771/1827/554
f 629/1749/488 877/1828/555 878/1829/555
f 720/1784/556 914/1830/557 719/1831/558
f 771/1827/554 845/1832/559 571/1712/559
f 604/1759/560 768/1833/561 774/1797/562
f 606/1765/563 764/1834/564 770/1835/565
f 608/1775/566 760/1836/567 766/1837/568
f 610/1722/569 756/1838/570 762/1839/571
f 776/1840/572 601/1740/573 778/1841/574
f 719/1831/558 821/1842/575 595/1663/576
f 780/1843/577 603/1753/578 772/1825/579
f 594/1665/461 823/1844/580 824/1845/580
f 770/1835/581 939/1846/582 907/1847/583
f 627/1736/484 875/1848/584 876/1849/584
f 569/1715/585 771/1827/586 571/1712/585
f 779/1850/587 772/1825/579 771/1827/586
f 718/1783/588 913/1851/589 881/1852/590
f 769/1853/591 844/1854/592 939/1846/582
f 600/1652/593 777/1855/594 570/1653/593
f 775/1791/595 778/1841/574 777/1855/594
f 761/1856/596 579/1698/597 578/1700/597
f 762/1839/571 755/1857/598 761/1856/596
f 765/1858/599 577/1702/600 576/1704/600
f 766/1837/568 759/1859/601 765/1858/599
f 769/1853/602 575/1706/603 574/1708/603
f 770/1835/565 763/1860/604 769/1853/602
f 773/1811/605 573/1710/606 572/1713/606
f 774/1797/562 767/1861/607 773/1811/605
f 717/1862/608 824/1845/609 913/1851/589
f 596/1661/459 821/1842/610 822/1863/610
f 768/1864/611 938/1865/612 767/1866/613
f 625/1728/481 873/1867/614 874/1868/614
f 780/1843/615 849/1869/616 602/1747/617
f 767/1866/613 843/1870/618 573/1871/619
f 778/1841/620 850/1872/621 911/1873/620
f 598/1657/457 819/1874/622 820/1818/622
f 753/1875/623 583/1690/624 582/1692/624
f 754/1824/551 747/1876/625 753/1875/623
f 757/1877/626 581/1694/627 580/1696/627
f 758/1822/548 751/1878/628 757/1877/626
f 766/1837/629 937/1879/630 905/1880/629
f 623/1718/477 871/1881/631 872/1882/631
f 776/1840/632 879/1800/633 632/1767/634
f 765/1858/635 842/1883/636 937/1879/630
f 745/1884/637 587/1682/638 586/1684/638
f 746/1816/541 739/1885/639 745/1884/637
f 749/1886/640 585/1686/641 584/1688/641
f 750/1814/538 743/1887/642 749/1886/640
f 774/1797/520 851/1888/643 604/1759/643
f 600/1652/454 817/1794/644 818/1792/644
f 764/1834/645 936/1889/646 763/1860/647
f 621/1777/499 869/1890/648 870/1891/648
f 592/1669/649 729/1892/650 593/1667/649
f 733/1893/651 730/1808/531 729/1892/650
f 590/1673/652 731/1894/653 591/1671/652
f 737/1895/654 732/1806/528 731/1894/653
f 588/1677/655 735/1896/656 589/1678/655
f 741/1897/657 736/1804/525 735/1896/656
f 772/1825/552 852/1898/658 908/1899/552
f 763/1860/647 841/1900/659 575/1706/660
f 770/1835/581 853/1901/661 606/1765/662
f 762/1839/663 935/1902/664 903/1903/665
f 619/1769/496 867/1904/666 868/1905/666
f 768/1864/611 854/1906/667 906/1907/611
f 761/1856/668 840/1908/669 935/1902/664
f 766/1837/629 855/1909/670 608/1775/671
f 760/1836/672 934/1910/673 759/1859/674
f 618/1763/493 866/1911/675 617/1757/491
f 596/1661/676 725/1912/677 597/1659/676
f 727/1913/678 726/1790/512 725/1912/677
f 764/1834/645 856/1914/679 904/1915/645
f 759/1859/674 839/1916/680 577/1702/681
f 598/1657/682 723/1788/683 599/1655/682
f 721/1817/684 724/1786/506 723/1788/683
f 594/1665/685 719/1831/686 595/1663/685
f 717/1862/687 720/1784/503 719/1831/686
f 885/1917/688 877/1828/689 883/1810/690
f 882/1918/691 875/1848/692 886/1919/693
f 887/1920/694 873/1867/695 881/1852/696
f 888/1921/697 871/1881/698 889/1922/699
f 890/1923/700 869/1890/701 891/1924/702
f 892/1925/703 867/1904/704 893/1926/703
f 866/1911/705 895/1927/706 894/1928/707
f 864/1929/708 897/1930/709 896/1931/710
f 862/1932/711 899/1933/712 898/1934/713
f 860/1935/714 901/1936/715 900/1937/716
f 858/1938/717 903/1903/718 902/1939/719
f 856/1914/720 905/1880/721 904/1915/722
f 854/1906/723 907/1847/724 906/1907/725
f 852/1898/726 909/1799/727 908/1899/727
f 911/1873/728 849/1869/729 912/1940/730
f 884/1941/731 879/1800/732 910/1942/733
f 817/1794/734 942/1793/735 818/1792/734
f 916/1787/736 910/1942/733 942/1793/735
f 847/1943/737 944/1944/738 848/1945/737
f 943/1946/739 912/1940/730 944/1944/738
f 940/1826/740 846/1812/741 845/1832/741
f 908/1899/727 941/1798/740 940/1826/740
f 938/1865/742 844/1854/743 843/1870/743
f 906/1907/725 939/1846/744 938/1865/742
f 936/1889/745 842/1883/746 841/1900/746
f 904/1915/722 937/1879/747 936/1889/745
f 934/1910/748 840/1908/749 839/1916/749
f 902/1939/719 935/1902/750 934/1910/748
f 932/1947/751 838/1948/752 837/1949/752
f 900/1937/716 933/1950/753 932/1947/751
f 930/1951/754 836/1952/755 835/1953/755
f 898/1934/713 931/1954/756 930/1951/754
f 928/1955/757 834/1956/758 833/1957/758
f 896/1931/710 929/1958/759 928/1955/757
f 926/1959/760 832/1960/761 831/1961/761
f 894/1928/707 927/1962/762 926/1959/760
f 829/1963/763 925/1964/764 830/1965/763
f 892/1925/703 925/1964/764 924/1966/764
f 827/1795/765 923/1967/766 828/1796/765
f 922/1968/767 891/1924/702 923/1967/766
f 825/1819/768 921/1969/769 826/1820/768
f 920/1970/770 889/1922/699 921/1969/769
f 823/1844/771 913/1851/772 824/1845/771
f 919/1971/773 881/1852/696 913/1851/772
f 821/1842/774 918/1972/775 822/1863/774
f 914/1830/776 886/1919/693 918/1972/775
f 819/1874/777 915/1809/778 820/1818/777
f 917/1973/779 883/1810/690 915/1809/778
f 776/1840/632 942/1793/515 910/1942/632
f 587/1682/465 830/1965/780 588/1677/465
f 725/1912/781 819/1874/782 597/1659/783
f 777/1855/784 847/1943/785 570/1653/786
f 726/1790/787 917/1973/788 725/1912/781
f 778/1841/620 943/1946/789 777/1855/784
f 585/1686/466 832/1960/790 586/1684/466
f 727/1913/791 822/1863/792 918/1972/793
f 779/1850/794 848/1945/795 944/1944/796
f 728/1789/797 918/1972/793 886/1919/797
f 780/1843/615 944/1944/796 912/1940/798
f 583/1690/467 834/1956/799 584/1688/467
f 729/1892/800 823/1844/801 593/1667/802
f 730/1808/803 919/1971/804 729/1892/800
f 581/1694/468 836/1952/805 582/1692/468
f 731/1894/806 825/1819/807 591/1671/808
f 732/1806/809 920/1970/810 731/1894/806
f 579/1698/470 838/1948/811 580/1696/469
f 733/1893/812 826/1820/813 921/1969/814
f 734/1807/815 921/1969/814 889/1922/815
f 577/1702/472 840/1908/816 578/1700/471
f 735/1974/817 827/1795/818 589/1675/819
f 736/1975/820 922/1968/821 735/1974/817
f 718/1783/588 873/1867/822 626/1732/823
f 575/1706/474 842/1883/824 576/1704/473
f 737/1895/825 828/1796/826 923/1967/827
f 720/1784/556 876/1849/828 882/1918/829
f 738/1805/830 923/1967/827 891/1924/831
f 722/1785/532 877/1828/832 630/1755/833
f 573/1871/475 844/1854/834 574/1708/475
f 739/1885/835 829/1963/836 587/1682/836
f 724/1786/507 880/1801/837 884/1941/838
f 740/1815/839 924/1966/835 739/1885/835
f 726/1790/787 878/1829/840 885/1917/841
f 572/1713/476 845/1832/842 846/1812/842
f 741/1897/843 830/1965/844 925/1964/843
f 728/1789/797 875/1848/845 628/1743/846
f 742/1802/847 925/1964/843 893/1926/847
f 730/1808/803 874/1868/848 887/1920/849
f 569/1715/455 847/1943/850 848/1945/850
f 743/1887/851 831/1961/852 585/1686/853
f 732/1806/809 872/1882/854 888/1921/855
f 601/1740/486 849/1869/856 850/1872/857
f 744/1813/858 926/1959/859 743/1887/851
f 734/1807/815 871/1881/860 624/1724/861
f 745/1884/862 832/1960/863 927/1962/864
f 736/1975/820 870/1891/865 890/1923/866
f 604/1759/489 852/1898/867 603/1753/489
f 746/1816/868 927/1962/864 895/1927/869
f 738/1805/830 869/1890/870 622/1781/871
f 747/1876/872 833/1957/873 583/1690/874
f 740/1815/839 868/1905/875 892/1925/876
f 606/1765/494 854/1906/877 605/1766/494
f 748/1823/878 928/1955/879 747/1876/872
f 742/1802/847 867/1904/880 620/1773/881
f 749/1886/882 834/1956/883 929/1958/884
f 744/1813/858 866/1911/885 894/1928/858
f 608/1775/498 856/1914/886 607/1771/497
f 750/1814/887 929/1958/884 897/1930/887
f 746/1816/868 865/1976/888 618/1763/889
f 751/1878/890 835/1953/891 581/1694/892
f 748/1823/878 864/1929/893 896/1931/878
f 610/1722/479 858/1938/894 609/1780/500
f 752/1821/895 930/1951/896 751/1878/890
f 750/1814/887 863/1977/897 616/1745/898
f 753/1875/899 836/1952/900 931/1954/901
f 752/1821/895 862/1932/902 898/1934/903
f 612/1726/480 860/1935/904 611/1721/478
f 754/1824/905 931/1954/901 899/1933/906
f 754/1824/905 861/1978/907 614/1734/908
f 755/1857/909 837/1949/910 579/1698/911
f 756/1838/912 860/1935/913 900/1937/914
f 614/1734/483 862/1932/915 613/1730/482
f 756/1838/912 932/1947/916 755/1857/909
f 758/1822/917 859/1979/918 612/1726/919
f 757/1877/920 838/1948/921 933/1950/922
f 760/1836/672 858/1938/923 902/1939/924
f 616/1745/485 864/1929/925 615/1738/485
f 758/1822/917 933/1950/922 901/1936/926
f 762/1839/663 857/1980/927 610/1722/928
f 1092/1651/73 1091/1654/73 600/1652/454
f 1091/1654/73 1090/1656/73 599/1655/456
f 1090/1656/73 1089/1658/73 598/1657/457
f 1089/1658/73 1088/1660/73 597/1659/458
f 1088/1660/73 1087/1662/73 596/1661/459
f 1087/1662/73 1086/1664/73 595/1663/460
f 1086/1664/73 1085/1666/73 594/1665/461
f 1085/1666/73 1084/1668/73 593/1667/461
f 1084/1668/73 1083/1670/73 592/1669/462
f 1083/1670/73 1082/1672/73 591/1671/462
f 1082/1672/73 1081/1674/73 590/1673/463
f 1081/1674/73 1080/1981/73 589/1675/464
f 1080/1676/73 1079/1680/73 588/1677/465
f 1078/1679/73 587/1682/465 588/1677/465
f 1077/1681/73 586/1684/466 587/1682/465
f 1076/1683/73 585/1686/466 586/1684/466
f 1075/1685/73 584/1688/467 585/1686/466
f 1074/1687/73 583/1690/467 584/1688/467
f 1073/1689/73 582/1692/468 583/1690/467
f 1072/1691/73 581/1694/468 582/1692/468
f 1071/1693/73 580/1696/469 581/1694/468
f 1070/1695/73 579/1698/470 580/1696/469
f 1069/1697/73 578/1700/471 579/1698/470
f 1068/1699/73 577/1702/472 578/1700/471
f 1067/1701/73 576/1704/473 577/1702/472
f 1066/1703/73 575/1706/474 576/1704/473
f 1065/1705/73 574/1708/475 575/1706/474
f 1064/1707/73 573/1871/475 574/1708/475
f 1063/1709/73 572/1713/476 573/1710/475
f 1063/1709/73 1062/1714/73 571/1712/476
f 1062/1714/73 1061/1716/73 569/1715/455
f 1061/1716/73 1092/1651/73 570/1653/455
f 1030/1717/83 624/1724/477 623/1718/477
f 1031/1720/83 1032/1725/83 611/1721/478
f 1033/1723/83 625/1728/481 624/1724/477
f 1032/1725/83 1034/1729/83 612/1726/480
f 1035/1727/83 626/1732/481 625/1728/481
f 1034/1729/83 1036/1733/83 613/1730/482
f 1037/1731/83 627/1736/484 626/1732/481
f 1036/1733/83 1038/1737/83 614/1734/483
f 1039/1735/83 628/1743/487 627/1736/484
f 1038/1737/83 1040/1744/83 615/1738/485
f 1042/1739/83 602/1747/486 601/1740/486
f 1043/1742/83 629/1749/488 628/1743/487
f 1040/1744/83 1044/1751/83 616/1745/485
f 1045/1746/83 603/1753/489 602/1747/486
f 1046/1748/83 630/1755/490 629/1749/488
f 1047/1750/83 617/1757/491 616/1745/485
f 1048/1752/83 604/1759/489 603/1753/489
f 1049/1754/83 631/1761/492 630/1755/490
f 1050/1756/83 618/1763/493 617/1757/491
f 1051/1758/83 605/1982/494 604/1759/489
f 1052/1760/83 632/1767/495 631/1761/492
f 1053/1762/83 619/1769/496 618/1763/493
f 1051/1764/83 1054/1770/83 606/1765/494
f 1041/1741/83 601/1740/486 632/1767/495
f 1055/1768/83 620/1773/496 619/1769/496
f 1054/1770/83 1056/1774/83 607/1771/497
f 1057/1772/83 621/1803/499 620/1773/496
f 1056/1774/83 1058/1779/83 608/1775/498
f 1059/1776/83 622/1781/499 621/1777/499
f 1058/1779/83 1060/1782/83 609/1780/500
f 1029/1719/83 623/1718/477 622/1781/499
f 1060/1782/83 1031/1720/83 610/1722/479
f 718/1783/501 626/1732/502 627/1736/502
f 722/1785/504 630/1755/505 631/1761/505
f 724/1786/507 884/1941/838 916/1787/508
f 728/1789/510 628/1743/511 629/1749/511
f 775/1791/513 600/1652/929 818/1792/514
f 723/1788/509 916/1787/508 817/1794/516
f 590/1673/463 589/1675/464 827/1795/518
f 774/1797/520 773/1811/521 941/1798/521
f 631/1761/492 632/1767/495 879/1800/522
f 742/1802/523 620/1773/930 621/1803/524
f 738/1805/526 622/1781/527 623/1718/527
f 734/1807/529 624/1724/530 625/1728/530
f 722/1785/532 721/1817/542 915/1809/533
f 773/1811/521 572/1713/535 846/1812/535
f 616/1745/536 617/1757/536 744/1813/537
f 618/1763/539 619/1769/539 740/1815/540
f 721/1817/542 598/1657/931 820/1818/543
f 592/1669/462 591/1671/462 825/1819/544
f 612/1726/546 613/1730/546 752/1821/547
f 614/1734/549 615/1738/549 748/1823/550
f 772/1825/552 908/1899/552 940/1826/553
f 629/1749/488 630/1755/490 877/1828/555
f 720/1784/556 882/1918/829 914/1830/557
f 771/1827/554 940/1826/553 845/1832/559
f 604/1759/560 605/1982/560 768/1833/561
f 606/1765/563 607/1771/563 764/1834/564
f 608/1775/566 609/1780/566 760/1836/567
f 610/1722/569 611/1721/569 756/1838/570
f 776/1840/572 632/1767/573 601/1740/573
f 719/1831/558 914/1830/557 821/1842/575
f 780/1843/577 602/1747/578 603/1753/578
f 594/1665/461 593/1667/461 823/1844/580
f 770/1835/581 769/1853/591 939/1846/582
f 627/1736/484 628/1743/487 875/1848/584
f 569/1715/585 779/1850/587 771/1827/586
f 779/1850/587 780/1843/577 772/1825/579
f 718/1783/588 717/1862/608 913/1851/589
f 769/1853/591 574/1708/932 844/1854/592
f 600/1652/593 775/1791/595 777/1855/594
f 775/1791/595 776/1840/572 778/1841/574
f 761/1856/596 755/1857/598 579/1698/597
f 762/1839/571 756/1838/570 755/1857/598
f 765/1858/599 759/1859/601 577/1702/600
f 766/1837/568 760/1836/567 759/1859/601
f 769/1853/602 763/1860/604 575/1706/603
f 770/1835/565 764/1834/564 763/1860/604
f 773/1811/605 767/1861/607 573/1710/606
f 774/1797/562 768/1833/561 767/1861/607
f 717/1862/608 594/1665/933 824/1845/609
f 596/1661/459 595/1663/460 821/1842/610
f 768/1864/611 906/1907/611 938/1865/612
f 625/1728/481 626/1732/481 873/1867/614
f 780/1843/615 912/1940/798 849/1869/616
f 767/1866/613 938/1865/612 843/1870/618
f 778/1841/620 601/1740/934 850/1872/621
f 598/1657/457 597/1659/458 819/1874/622
f 753/1875/623 747/1876/625 583/1690/624
f 754/1824/551 748/1823/550 747/1876/625
f 757/1877/626 751/1878/628 581/1694/627
f 758/1822/548 752/1821/547 751/1878/628
f 766/1837/629 765/1858/635 937/1879/630
f 623/1718/477 624/1724/477 871/1881/631
f 776/1840/632 910/1942/632 879/1800/633
f 765/1858/635 576/1704/935 842/1883/636
f 745/1884/637 739/1885/639 587/1682/638
f 746/1816/541 740/1815/540 739/1885/639
f 749/1886/640 743/1887/642 585/1686/641
f 750/1814/538 744/1813/537 743/1887/642
f 774/1797/520 909/1799/520 851/1888/643
f 600/1652/454 599/1655/456 817/1794/644
f 764/1834/645 904/1915/645 936/1889/646
f 621/1777/499 622/1781/499 869/1890/648
f 592/1669/649 733/1893/651 729/1892/650
f 733/1893/651 734/1807/529 730/1808/531
f 590/1673/652 737/1895/654 731/1894/653
f 737/1895/654 738/1805/526 732/1806/528
f 588/1677/655 741/1897/657 735/1896/656
f 741/1897/657 742/1802/523 736/1804/525
f 772/1825/552 603/1753/936 852/1898/658
f 763/1860/647 936/1889/646 841/1900/659
f 770/1835/581 907/1847/583 853/1901/661
f 762/1839/663 761/1856/668 935/1902/664
f 619/1769/496 620/1773/496 867/1904/666
f 768/1864/611 605/1766/937 854/1906/667
f 761/1856/668 578/1700/938 840/1908/669
f 766/1837/629 905/1880/629 855/1909/670
f 760/1836/672 902/1939/924 934/1910/673
f 618/1763/493 865/1976/675 866/1911/675
f 596/1661/676 727/1913/678 725/1912/677
f 727/1913/678 728/1789/510 726/1790/512
f 764/1834/645 607/1771/939 856/1914/679
f 759/1859/674 934/1910/673 839/1916/680
f 598/1657/682 721/1817/684 723/1788/683
f 721/1817/684 722/1785/504 724/1786/506
f 594/1665/685 717/1862/687 719/1831/686
f 717/1862/687 718/1783/501 720/1784/503
f 885/1917/688 878/1829/689 877/1828/689
f 882/1918/691 876/1849/692 875/1848/692
f 887/1920/694 874/1868/695 873/1867/695
f 888/1921/697 872/1882/698 871/1881/698
f 890/1923/700 870/1891/701 869/1890/701
f 892/1925/703 868/1905/704 867/1904/704
f 866/1911/705 865/1976/705 895/1927/706
f 864/1929/708 863/1977/708 897/1930/709
f 862/1932/711 861/1978/711 899/1933/712
f 860/1935/714 859/1979/714 901/1936/715
f 858/1938/717 857/1980/717 903/1903/718
f 856/1914/720 855/1909/720 905/1880/721
f 854/1906/723 853/1901/723 907/1847/724
f 852/1898/726 851/1888/726 909/1799/727
f 911/1873/728 850/1872/729 849/1869/729
f 884/1941/731 880/1801/732 879/1800/732
f 817/1794/734 916/1787/736 942/1793/735
f 916/1787/736 884/1941/731 910/1942/733
f 847/1943/737 943/1946/739 944/1944/738
f 943/1946/739 911/1873/728 912/1940/730
f 940/1826/740 941/1798/740 846/1812/741
f 908/1899/727 909/1799/727 941/1798/740
f 938/1865/742 939/1846/744 844/1854/743
f 906/1907/725 907/1847/724 939/1846/744
f 936/1889/745 937/1879/747 842/1883/746
f 904/1915/722 905/1880/721 937/1879/747
f 934/1910/748 935/1902/750 840/1908/749
f 902/1939/719 903/1903/718 935/1902/750
f 932/1947/751 933/1950/753 838/1948/752
f 900/1937/716 901/1936/715 933/1950/753
f 930/1951/754 931/1954/756 836/1952/755
f 898/1934/713 899/1933/712 931/1954/756
f 928/1955/757 929/1958/759 834/1956/758
f 896/1931/710 897/1930/709 929/1958/759
f 926/1959/760 927/1962/762 832/1960/761
f 894/1928/707 895/1927/706 927/1962/762
f 829/1963/763 924/1966/764 925/1964/764
f 892/1925/703 893/1926/703 925/1964/764
f 827/1795/765 922/1968/767 923/1967/766
f 922/1968/767 890/1923/700 891/1924/702
f 825/1819/768 920/1970/770 921/1969/769
f 920/1970/770 888/1921/697 889/1922/699
f 823/1844/771 919/1971/773 913/1851/772
f 919/1971/773 887/1920/694 881/1852/696
f 821/1842/774 914/1830/776 918/1972/775
f 914/1830/776 882/1918/691 886/1919/693
f 819/1874/777 917/1973/779 915/1809/778
f 917/1973/779 885/1917/688 883/1810/690
f 776/1840/632 775/1791/513 942/1793/515
f 587/1682/465 829/1963/780 830/1965/780
f 725/1912/781 917/1973/788 819/1874/782
f 777/1855/784 943/1946/789 847/1943/785
f 726/1790/787 885/1917/841 917/1973/788
f 778/1841/620 911/1873/620 943/1946/789
f 585/1686/466 831/1961/790 832/1960/790
f 727/1913/791 596/1661/940 822/1863/792
f 779/1850/794 569/1715/941 848/1945/795
f 728/1789/797 727/1913/791 918/1972/793
f 780/1843/615 779/1850/794 944/1944/796
f 583/1690/467 833/1957/799 834/1956/799
f 729/1892/800 919/1971/804 823/1844/801
f 730/1808/803 887/1920/849 919/1971/804
f 581/1694/468 835/1953/805 836/1952/805
f 731/1894/806 920/1970/810 825/1819/807
f 732/1806/809 888/1921/855 920/1970/810
f 579/1698/470 837/1949/811 838/1948/811
f 733/1893/812 592/1669/942 826/1820/813
f 734/1807/815 733/1893/812 921/1969/814
f 577/1702/472 839/1916/816 840/1908/816
f 735/1974/817 922/1968/821 827/1795/818
f 736/1975/820 890/1923/866 922/1968/821
f 718/1783/588 881/1852/590 873/1867/822
f 575/1706/474 841/1900/824 842/1883/824
f 737/1895/825 590/1673/943 828/1796/826
f 720/1784/556 627/1736/944 876/1849/828
f 738/1805/830 737/1895/825 923/1967/827
f 722/1785/532 883/1810/534 877/1828/832
f 573/1871/475 843/1870/834 844/1854/834
f 739/1885/835 924/1966/835 829/1963/836
f 724/1786/507 631/1761/945 880/1801/837
f 740/1815/839 892/1925/876 924/1966/835
f 726/1790/787 629/1749/946 878/1829/840
f 572/1713/476 571/1712/476 845/1832/842
f 741/1897/843 588/1677/844 830/1965/844
f 728/1789/797 886/1919/797 875/1848/845
f 742/1802/847 741/1897/843 925/1964/843
f 730/1808/803 625/1728/947 874/1868/848
f 569/1715/455 570/1653/455 847/1943/850
f 743/1887/851 926/1959/859 831/1961/852
f 732/1806/809 623/1718/948 872/1882/854
f 601/1740/486 602/1747/486 849/1869/856
f 744/1813/858 894/1928/858 926/1959/859
f 734/1807/815 889/1922/815 871/1881/860
f 745/1884/862 586/1684/949 832/1960/863
f 736/1975/820 621/1777/950 870/1891/865
f 604/1759/489 851/1888/867 852/1898/867
f 746/1816/868 745/1884/862 927/1962/864
f 738/1805/830 891/1924/831 869/1890/870
f 747/1876/872 928/1955/879 833/1957/873
f 740/1815/839 619/1769/875 868/1905/875
f 606/1765/494 853/1901/877 854/1906/877
f 748/1823/878 896/1931/878 928/1955/879
f 742/1802/847 893/1926/847 867/1904/880
f 749/1886/882 584/1688/951 834/1956/883
f 744/1813/858 617/1757/952 866/1911/885
f 608/1775/498 855/1909/886 856/1914/886
f 750/1814/887 749/1886/882 929/1958/884
f 746/1816/868 895/1927/869 865/1976/888
f 751/1878/890 930/1951/896 835/1953/891
f 748/1823/878 615/1738/953 864/1929/893
f 610/1722/479 857/1980/894 858/1938/894
f 752/1821/895 898/1934/903 930/1951/896
f 750/1814/887 897/1930/887 863/1977/897
f 753/1875/899 582/1692/954 836/1952/900
f 752/1821/895 613/1730/955 862/1932/902
f 612/1726/480 859/1979/904 860/1935/904
f 754/1824/905 753/1875/899 931/1954/901
f 754/1824/905 899/1933/906 861/1978/907
f 755/1857/909 932/1947/916 837/1949/910
f 756/1838/912 611/1721/956 860/1935/913
f 614/1734/483 861/1978/915 862/1932/915
f 756/1838/912 900/1937/914 932/1947/916
f 758/1822/917 901/1936/926 859/1979/918
f 757/1877/920 580/1696/957 838/1948/921
f 760/1836/672 609/1780/958 858/1938/923
f 616/1745/485 863/1977/925 864/1929/925
f 758/1822/917 757/1877/920 933/1950/922
f 762/1839/663 903/1903/665 857/1980/927
