# Blender 5.2.0 LTS
# www.blender.org
mtllib Llanta_media_derecha.mtl
o Llanta_Medio_Cerca
v 2.354424 -1.797105 -1.610041
v 2.402661 -1.810031 -1.610041
v 2.437973 -1.845343 -1.610041
v 2.450897 -1.893577 -1.610041
v 2.437973 -1.941813 -1.610041
v 2.402661 -1.977125 -1.610041
v 2.354424 -1.990050 -1.610041
v 2.306188 -1.977125 -1.610041
v 2.270877 -1.941813 -1.610041
v 2.257952 -1.893577 -1.610041
v 2.270877 -1.845343 -1.610041
v 2.306188 -1.810031 -1.610041
v 2.354424 -1.693578 -1.486709
v 2.354424 -1.693578 -1.333374
v 2.454424 -1.720374 -1.333374
v 2.454424 -1.720374 -1.486709
v 2.527630 -1.793579 -1.333374
v 2.527630 -1.793579 -1.486709
v 2.554424 -1.893577 -1.333374
v 2.554424 -1.893577 -1.486709
v 2.527630 -1.993577 -1.333374
v 2.527630 -1.993577 -1.486709
v 2.454424 -2.066783 -1.333374
v 2.454424 -2.066783 -1.486709
v 2.354424 -2.093577 -1.333374
v 2.354424 -2.093577 -1.486709
v 2.254424 -2.066783 -1.333374
v 2.254424 -2.066783 -1.486709
v 2.181219 -1.993577 -1.333374
v 2.181219 -1.993577 -1.486709
v 2.154424 -1.893577 -1.333374
v 2.154424 -1.893577 -1.486709
v 2.181219 -1.793579 -1.333374
v 2.181219 -1.793579 -1.486709
v 2.254424 -1.720374 -1.333374
v 2.254424 -1.720374 -1.486709
v 2.535598 -1.017430 -0.986709
v 2.535598 -1.017430 -0.733375
v 2.635598 -1.044225 -0.733375
v 2.635598 -1.044225 -0.986709
v 3.203777 -1.612404 -0.733375
v 3.203777 -1.612404 -0.986709
v 3.230572 -1.712404 -0.733375
v 3.230572 -1.712404 -0.986709
v 3.022604 -2.488551 -0.733375
v 3.022604 -2.488551 -0.986709
v 2.949399 -2.561756 -0.733375
v 2.949399 -2.561756 -0.986709
v 2.173251 -2.769725 -0.733375
v 2.173251 -2.769725 -0.986709
v 2.073251 -2.742930 -0.733375
v 2.073251 -2.742930 -0.986709
v 1.505071 -2.174750 -0.733375
v 1.505071 -2.174750 -0.986709
v 1.478276 -2.074750 -0.733375
v 1.478276 -2.074751 -0.986709
v 1.686245 -1.298603 -0.733375
v 1.686245 -1.298604 -0.986709
v 1.759450 -1.225398 -0.733375
v 1.759450 -1.225398 -0.986709
v 2.354424 -1.693578 -1.610041
v 2.454424 -1.720374 -1.610041
v 2.527630 -1.793579 -1.610041
v 2.554424 -1.893577 -1.610041
v 2.527630 -1.993577 -1.610041
v 2.454424 -2.066783 -1.610041
v 2.354424 -2.093577 -1.610041
v 2.254424 -2.066783 -1.610041
v 2.181219 -1.993577 -1.610041
v 2.154424 -1.893577 -1.610041
v 2.181219 -1.793579 -1.610041
v 2.254424 -1.720374 -1.610041
v 2.354424 -1.797105 -1.510042
v 2.402661 -1.810031 -1.510042
v 2.437973 -1.845343 -1.510042
v 2.450897 -1.893577 -1.510042
v 2.437973 -1.941813 -1.510042
v 2.402661 -1.977125 -1.510042
v 2.354424 -1.990050 -1.510042
v 2.306188 -1.977125 -1.510042
v 2.270877 -1.941813 -1.510042
v 2.257952 -1.893577 -1.510042
v 2.270877 -1.845343 -1.510042
v 2.306188 -1.810031 -1.510042
v 2.354424 -1.693578 -0.895598
v 2.354424 -1.693578 -0.797820
v 2.454424 -1.720373 -0.797820
v 2.454424 -1.720373 -0.895598
v 2.527630 -1.793578 -0.797820
v 2.527630 -1.793578 -0.895598
v 2.554424 -1.893577 -0.797820
v 2.554424 -1.893577 -0.895598
v 2.527630 -1.993577 -0.797820
v 2.527630 -1.993577 -0.895598
v 2.454424 -2.066782 -0.797820
v 2.454424 -2.066782 -0.895598
v 2.354424 -2.093577 -0.797820
v 2.354424 -2.093577 -0.895598
v 2.254424 -2.066782 -0.797820
v 2.254424 -2.066782 -0.895598
v 2.181219 -1.993577 -0.797820
v 2.181219 -1.993577 -0.895598
v 2.154424 -1.893577 -0.797820
v 2.154424 -1.893577 -0.895598
v 2.181219 -1.793578 -0.797820
v 2.181219 -1.793578 -0.895598
v 2.254424 -1.720373 -0.797820
v 2.254424 -1.720373 -0.895598
v 2.949399 -1.225398 -0.797820
v 2.949399 -1.225398 -0.895597
v 3.022604 -1.298603 -0.797820
v 3.022604 -1.298603 -0.895597
v 2.635598 -2.742930 -0.797820
v 2.635598 -2.742930 -0.895598
v 2.535598 -2.769725 -0.797820
v 2.535598 -2.769725 -0.895598
v 1.478276 -1.712404 -0.797820
v 1.478276 -1.712404 -0.895598
v 1.505071 -1.612404 -0.797820
v 1.505071 -1.612404 -0.895598
v 2.484948 -1.206459 -1.306060
v 2.457718 -1.308082 -1.444628
v 2.432305 -1.402925 -1.528788
v 2.393644 -1.547211 -1.551649
v 2.557717 -1.334877 -1.444628
v 2.584949 -1.233254 -1.306060
v 2.493644 -1.574006 -1.551649
v 2.532305 -1.429721 -1.528788
v 2.700792 -1.854359 -1.551649
v 2.845078 -1.815699 -1.528788
v 2.939920 -1.790285 -1.444628
v 3.041543 -1.763055 -1.306060
v 2.818282 -1.715698 -1.528788
v 2.673997 -1.754359 -1.551649
v 3.014748 -1.663056 -1.306060
v 2.913126 -1.690286 -1.444628
v 2.147276 -1.613224 -1.551649
v 2.041652 -1.507600 -1.528788
v 1.972222 -1.438172 -1.444628
v 1.897828 -1.363778 -1.306060
v 1.968447 -1.580805 -1.528788
v 2.074071 -1.686429 -1.551649
v 1.824623 -1.436983 -1.306060
v 1.899017 -1.511377 -1.444628
v 1.890566 -2.071457 -1.528788
v 2.034853 -2.032796 -1.551649
v 1.694100 -2.124101 -1.306060
v 1.795724 -2.096871 -1.444628
v 1.768929 -1.996871 -1.444628
v 1.667305 -2.024100 -1.306060
v 2.008057 -1.932796 -1.551649
v 1.863772 -1.971457 -1.528788
v 2.215205 -2.213150 -1.551649
v 2.176544 -2.357435 -1.528788
v 2.151131 -2.452278 -1.444628
v 2.123901 -2.553901 -1.306060
v 2.276544 -2.384230 -1.528788
v 2.315205 -2.239945 -1.551649
v 2.223901 -2.580696 -1.306060
v 2.251131 -2.479073 -1.444628
v 2.740402 -2.206349 -1.528788
v 2.634778 -2.100726 -1.551649
v 2.884225 -2.350174 -1.306060
v 2.809832 -2.275779 -1.444628
v 2.736627 -2.348984 -1.444628
v 2.811020 -2.423379 -1.306060
v 2.561574 -2.173931 -1.551649
v 2.667197 -2.279554 -1.528788
v 2.354424 -1.693578 -0.277375
v 2.454424 -1.720372 -0.277375
v 2.527630 -1.793578 -0.277375
v 2.554424 -1.893577 -0.277375
v 2.527630 -1.993577 -0.277375
v 2.454424 -2.066782 -0.277375
v 2.354424 -2.093577 -0.277375
v 2.254424 -2.066782 -0.277375
v 2.181219 -1.993577 -0.277375
v 2.154424 -1.893577 -0.277375
v 2.181219 -1.793578 -0.277375
v 2.254424 -1.720372 -0.277375
v 2.484424 -1.668411 0.004204
v 2.354424 -1.633577 0.004204
v 2.354424 -1.633577 -0.277329
v 2.579591 -1.763577 0.004204
v 2.614424 -1.893577 0.004204
v 2.579591 -2.023577 0.004204
v 2.484424 -2.118743 0.004204
v 2.354424 -2.153577 0.004204
v 2.224424 -2.118743 0.004204
v 2.129258 -2.023577 0.004204
v 2.094424 -1.893577 0.004204
v 2.129258 -1.763577 0.004204
v 2.224424 -1.668411 0.004204
v 2.484424 -1.668411 -0.277329
v 2.579591 -1.763577 -0.277329
v 2.614424 -1.893577 -0.277329
v 2.579591 -2.023577 -0.277329
v 2.484424 -2.118743 -0.277329
v 2.354424 -2.153577 -0.277329
v 2.224424 -2.118743 -0.277329
v 2.129258 -2.023577 -0.277329
v 2.094424 -1.893577 -0.277329
v 2.129258 -1.763577 -0.277329
v 2.224424 -1.668411 -0.277329
v 2.384426 -1.581612 -1.383054
v 2.439919 -1.374509 -1.350239
v 2.450103 -1.336501 -1.316511
v 2.489189 -1.190631 -1.117614
v 2.539919 -1.401303 -1.350239
v 2.484426 -1.608406 -1.383054
v 2.589188 -1.217426 -1.117614
v 2.550103 -1.363295 -1.316511
v 3.057371 -1.758814 -1.117614
v 2.911502 -1.797899 -1.316512
v 2.873494 -1.808083 -1.350239
v 2.666391 -1.863577 -1.383054
v 2.639596 -1.763576 -1.383054
v 2.846699 -1.708084 -1.350239
v 2.884708 -1.697899 -1.316512
v 3.030576 -1.658815 -1.117614
v 1.886242 -1.352190 -1.117614
v 1.993025 -1.458974 -1.316512
v 2.020849 -1.486797 -1.350239
v 2.172459 -1.638409 -1.383054
v 1.919820 -1.532179 -1.316512
v 1.813037 -1.425395 -1.117614
v 2.099254 -1.711614 -1.383054
v 1.947644 -1.560002 -1.350239
v 1.835355 -1.979071 -1.350239
v 2.042458 -1.923579 -1.383054
v 1.651478 -2.028341 -1.117614
v 1.797346 -1.989257 -1.316512
v 1.824141 -2.089256 -1.316512
v 1.678273 -2.128342 -1.117614
v 2.069253 -2.023579 -1.383054
v 1.862150 -2.079072 -1.350239
v 2.119660 -2.569728 -1.117614
v 2.158745 -2.423861 -1.316511
v 2.168930 -2.385852 -1.350239
v 2.224423 -2.178748 -1.383054
v 2.258745 -2.450656 -1.316511
v 2.219660 -2.596523 -1.117614
v 2.324423 -2.205544 -1.383054
v 2.268930 -2.412646 -1.350239
v 2.609595 -2.075543 -1.383054
v 2.761205 -2.227152 -1.350239
v 2.789029 -2.254976 -1.316512
v 2.895813 -2.361759 -1.117614
v 2.688000 -2.300357 -1.350239
v 2.536389 -2.148748 -1.383054
v 2.822608 -2.434964 -1.117614
v 2.715824 -2.328181 -1.316512
v 1.966845 -1.689026 -0.020695
v 2.041368 -1.610821 -0.128695
v 1.988672 -1.666119 -0.097062
v 2.071179 -1.579538 -0.128695
v 2.145701 -1.501336 -0.020695
v 2.123874 -1.524240 -0.097063
v 2.041368 -1.610821 0.130505
v 1.966845 -1.689026 0.022505
v 1.988672 -1.666119 0.098872
v 2.145701 -1.501336 0.022505
v 2.071179 -1.579538 0.130505
v 2.123874 -1.524240 0.098872
v 2.778711 -1.824080 -0.479095
v 2.778711 -2.106922 -0.479095
v 2.837290 -1.965501 -0.479095
v 2.778712 -2.106922 0.480906
v 2.778711 -1.824080 0.480905
v 2.837290 -1.965501 0.480905
v 2.566579 -2.319054 -0.479094
v 2.283736 -2.319054 -0.479094
v 2.425159 -2.377634 -0.479094
v 2.283737 -2.319054 0.480906
v 2.566580 -2.319054 0.480906
v 2.425159 -2.377633 0.480906
v 0.246833 -0.314451 -0.395094
v 0.806970 0.256727 -0.395094
v 0.246833 -0.314451 -0.203094
v 0.806970 0.256727 -0.203094
v 2.635059 -2.448813 -0.395095
v 2.352231 -2.451573 -0.395095
v 2.545911 -2.501449 -0.395095
v 2.442389 -2.502460 -0.395095
v 2.912368 -1.880394 -0.395095
v 2.915128 -2.163223 -0.395095
v 2.965004 -1.969542 -0.395095
v 2.966015 -2.073065 -0.395095
v 2.635059 -2.448813 -0.203095
v 2.545911 -2.501449 -0.203094
v 2.915128 -2.163223 -0.203095
v 2.966015 -2.073065 -0.203095
v 2.965004 -1.969542 -0.203095
v 2.244640 -1.615548 0.480906
v 2.192612 -1.643358 0.480906
v 2.147009 -1.680782 0.480906
v 2.109584 -1.726385 0.480906
v 2.064649 -1.834867 0.480906
v 2.081774 -1.778414 0.480906
v 2.301093 -2.188731 0.480906
v 2.064649 -1.952287 0.480906
v 2.147009 -2.106371 0.480906
v 2.192612 -2.143797 0.480906
v 2.109583 -2.060768 0.480906
v 2.359803 -2.194513 0.480906
v 2.244640 -2.171607 0.480906
v 2.081774 -2.008740 0.480906
v 2.363667 -2.194133 0.480906
v 2.058867 -1.893576 0.480906
v 2.572598 -1.680782 0.480906
v 2.610023 -1.726385 0.480906
v 2.526995 -1.643358 0.480906
v 2.637833 -1.778414 0.480906
v 2.474967 -1.615548 0.480906
v 2.654958 -1.834867 0.480906
v 2.654958 -1.952287 0.480906
v 2.660740 -1.893577 0.480906
v 2.572598 -2.106371 0.480906
v 2.610023 -2.060768 0.480906
v 2.637833 -2.008740 0.480906
v 2.418513 -1.598423 0.480906
v 2.359803 -1.592641 0.480906
v 2.301093 -1.598423 0.480906
v 2.526995 -2.143797 0.480906
v 2.474967 -2.171607 0.480906
v 2.418513 -2.188731 0.480906
v 2.245896 -2.171988 -0.479094
v 2.244639 -2.171607 -0.479094
v 2.147008 -2.106371 -0.479094
v 2.109583 -2.060768 -0.479094
v 2.192612 -2.143797 -0.479094
v 2.572598 -1.680782 -0.479095
v 2.610023 -1.726385 -0.479095
v 2.526995 -1.643358 -0.479094
v 2.637832 -1.778414 -0.479095
v 2.474967 -1.615548 -0.479094
v 2.654957 -1.834867 -0.479095
v 2.418513 -1.598423 -0.479094
v 2.359803 -1.592641 -0.479094
v 2.244639 -1.615548 -0.479094
v 2.301093 -1.598423 -0.479094
v 2.147008 -1.680782 -0.479094
v 2.109583 -1.726385 -0.479094
v 2.192611 -1.643358 -0.479094
v 2.610023 -2.060768 -0.479095
v 2.572598 -2.106371 -0.479094
v 2.474967 -2.171607 -0.479094
v 2.418513 -2.188731 -0.479094
v 2.526995 -2.143797 -0.479094
v 2.301093 -2.188731 -0.479094
v 2.359803 -2.194513 -0.479094
v 2.081773 -2.008740 -0.479094
v 2.064649 -1.952287 -0.479094
v 2.058867 -1.893576 -0.479094
v 2.660740 -1.893577 -0.479095
v 2.654958 -1.952287 -0.479095
v 2.064649 -1.834867 -0.479094
v 2.081773 -1.778414 -0.479094
v 2.637832 -2.008740 -0.479095
v 2.474967 -1.615548 -0.203094
v 2.610023 -2.060768 -0.203094
v 2.192611 -1.643358 -0.203094
v 2.526995 -2.143797 -0.203094
v 2.109583 -1.726385 -0.203094
v 2.244639 -2.171607 -0.203094
v 2.081773 -2.008740 -0.203094
v 2.359803 -2.194513 -0.203094
v 2.610023 -1.726385 -0.395095
v 2.474967 -1.615548 -0.395095
v 2.359803 -1.592641 -0.395095
v 2.654957 -1.834867 -0.395095
v 2.637832 -2.008740 -0.395095
v 2.526995 -2.143797 -0.395095
v 2.109583 -1.726385 -0.395095
v 2.192611 -1.643358 -0.395095
v 2.064649 -1.834867 -0.395095
v 2.359803 -2.194513 -0.395095
v 2.244639 -2.171607 -0.395095
v 2.147008 -2.106371 -0.395095
v 2.064649 -1.952287 -0.395095
v 0.674187 -0.735595 -0.395094
v 0.674188 -0.735595 -0.203094
v 0.956744 -0.517171 -0.128695
v 0.984391 -0.489008 -0.128695
v 0.907873 -0.566953 0.098873
v 0.887629 -0.587574 -0.020695
v 1.033262 -0.439226 -0.097062
v 0.984391 -0.489008 0.130505
v 0.907873 -0.566953 -0.097062
v 0.887629 -0.587574 0.022505
v 1.053505 -0.418606 0.022505
v 1.053505 -0.418606 -0.020695
v 0.956744 -0.517171 0.130505
v 1.033262 -0.439226 0.098873
v -0.127725 -0.314420 -0.395094
v -0.301484 -0.140590 -0.395094
v -0.250591 -0.263477 -0.395094
v -0.301484 0.103071 -0.395094
v -0.127779 0.272512 -0.395094
v -0.250607 0.224674 -0.395094
v -0.301484 -0.140590 -0.203094
v -0.127725 -0.314420 -0.203094
v -0.250591 -0.263477 -0.203094
v -0.127779 0.272512 -0.203094
v -0.301484 0.103071 -0.203094
v -0.250607 0.224674 -0.203094
v 2.301093 -1.598423 -0.203094
v 2.637832 -1.778414 -0.203094
v 2.912368 -1.880394 -0.203095
v 0.459343 -0.031770 -0.184422
v 0.389399 -0.102900 -0.139188
v 1.063832 -0.415377 -0.139188
v 1.092804 -0.385915 -0.029983
v 0.855401 -0.627337 -0.029983
v 0.884373 -0.597874 -0.139188
v 0.855401 -0.627337 0.031793
v 0.884374 -0.597874 0.140999
v 0.954318 -0.526745 0.186233
v 0.498912 0.008468 -0.184422
v 0.498913 0.008468 0.186233
v 0.568857 0.079598 0.140999
v 0.993887 -0.486506 0.186233
v 1.063832 -0.415377 0.140999
v 0.954318 -0.526745 -0.184423
v 0.993887 -0.486506 -0.184423
v 0.459343 -0.031770 0.186233
v 1.092804 -0.385915 0.031793
v 0.389399 -0.102899 0.140999
v 0.360426 -0.132361 -0.029983
v 0.360426 -0.132361 0.031793
v 0.568857 0.079598 -0.139188
v 0.597829 0.109060 -0.029983
v 0.597829 0.109060 0.031793
v 2.170226 -1.470899 -0.479094
v 2.425531 -1.470899 -0.479094
v 2.297878 -1.418023 -0.479094
v 2.425531 -1.470899 0.480906
v 2.170226 -1.470899 0.480906
v 2.297879 -1.418023 0.480906
v 1.930556 -1.965874 -0.479094
v 1.930556 -1.710570 -0.479094
v 1.877680 -1.838222 -0.479094
v 1.930556 -1.710570 0.480906
v 1.930556 -1.965874 0.480906
v 1.877681 -1.838222 0.480906
v 2.659114 -1.877071 -0.203095
v 2.058867 -1.893576 -0.203094
v 2.352231 -2.451573 -0.203094
v 2.442389 -2.502460 -0.203094
v 2.572598 -1.680782 -0.203094
v 2.147008 -2.106371 -0.203094
v -0.127752 -0.020955 -0.395094
v -0.127752 -0.020955 -0.203094
v 0.246833 -0.314451 0.204906
v 0.806970 0.256727 0.204906
v 0.246833 -0.314451 0.396906
v 0.806970 0.256727 0.396906
v 2.635059 -2.448813 0.204906
v 2.352231 -2.451573 0.204906
v 2.545911 -2.501449 0.204906
v 2.442389 -2.502460 0.204906
v 2.912368 -1.880394 0.204905
v 2.915128 -2.163223 0.204905
v 2.965004 -1.969542 0.204905
v 2.966015 -2.073065 0.204905
v 2.635059 -2.448813 0.396906
v 2.545911 -2.501449 0.396906
v 2.915128 -2.163223 0.396906
v 2.966015 -2.073065 0.396906
v 2.965004 -1.969542 0.396906
v 2.474967 -1.615548 0.396906
v 2.610023 -2.060768 0.396906
v 2.192612 -1.643358 0.396906
v 2.526995 -2.143797 0.396906
v 2.109584 -1.726385 0.396906
v 2.244640 -2.171607 0.396906
v 2.081774 -2.008740 0.396906
v 2.359803 -2.194513 0.396906
v 2.610023 -1.726385 0.204906
v 2.474967 -1.615548 0.204906
v 2.359803 -1.592641 0.204906
v 2.654958 -1.834867 0.204906
v 2.637832 -2.008740 0.204906
v 2.526995 -2.143797 0.204906
v 2.109584 -1.726385 0.204906
v 2.192612 -1.643358 0.204906
v 2.064649 -1.834867 0.204906
v 2.359803 -2.194513 0.204906
v 2.244640 -2.171607 0.204906
v 2.147009 -2.106371 0.204906
v 2.064649 -1.952287 0.204906
v 0.674188 -0.735595 0.204906
v 0.674188 -0.735594 0.396906
v -0.127725 -0.314420 0.204906
v -0.301483 -0.140590 0.204907
v -0.250591 -0.263477 0.204906
v -0.301483 0.103072 0.204907
v -0.127779 0.272512 0.204906
v -0.250607 0.224674 0.204906
v -0.301483 -0.140590 0.396906
v -0.127725 -0.314420 0.396906
v -0.250591 -0.263477 0.396906
v -0.127779 0.272512 0.396906
v -0.301483 0.103072 0.396906
v -0.250607 0.224674 0.396906
v 2.301093 -1.598423 0.396906
v 2.637833 -1.778414 0.396906
v 2.912368 -1.880394 0.396906
v 2.659114 -1.877071 0.396906
v 2.058867 -1.893576 0.396906
v 2.352231 -2.451573 0.396906
v 2.442389 -2.502460 0.396906
v 2.572598 -1.680782 0.396906
v 2.147009 -2.106371 0.396906
v -0.127752 -0.020955 0.204906
v -0.127752 -0.020955 0.396906
v 2.059268 -1.952287 -0.691093
v 2.104202 -2.060770 -0.691094
v 2.187231 -2.143797 -0.691093
v 2.295712 -2.188732 -0.691094
v 2.469586 -2.171607 -0.691094
v 2.567217 -2.106371 -0.691094
v 2.632452 -2.008741 -0.691094
v 2.655359 -1.893577 -0.691094
v 2.632452 -1.778414 -0.691094
v 2.567217 -1.680784 -0.691094
v 2.469586 -1.615548 -0.691094
v 2.354422 -1.592641 -0.691094
v 2.187231 -1.643358 -0.691094
v 2.104202 -1.726387 -0.691093
v 2.059268 -1.834867 -0.691094
v 2.059268 -1.952287 0.564907
v 2.104202 -2.060770 0.564907
v 2.239259 -2.171607 0.564907
v 2.354422 -2.194514 0.564907
v 2.469586 -2.171607 0.564907
v 2.567217 -2.106372 0.564907
v 2.649577 -1.952287 0.564907
v 2.632452 -1.778414 0.564907
v 2.567217 -1.680784 0.564907
v 2.469586 -1.615548 0.564907
v 2.295712 -1.598423 0.564907
v 2.141628 -1.680784 0.564907
v 2.059268 -1.834869 0.564907
v 1.454908 -1.893576 -1.670043
v 1.472192 -2.069064 -1.670043
v 1.523380 -2.237806 -1.670043
v 1.606504 -2.393322 -1.670043
v 1.718370 -2.529631 -1.670043
v 1.854680 -2.641497 -1.670043
v 2.010194 -2.724621 -1.670043
v 2.178937 -2.775809 -1.670043
v 2.354424 -2.793094 -1.670043
v 2.529912 -2.775809 -1.670043
v 2.698654 -2.724621 -1.670043
v 2.854168 -2.641497 -1.670043
v 2.990479 -2.529631 -1.670043
v 3.102345 -2.393322 -1.670043
v 3.185469 -2.237807 -1.670043
v 3.236656 -2.069064 -1.670043
v 3.253940 -1.893576 -1.670043
v 3.236656 -1.718091 -1.670043
v 3.185469 -1.549349 -1.670043
v 3.102345 -1.393834 -1.670043
v 2.990479 -1.257525 -1.670043
v 2.854169 -1.145657 -1.670043
v 2.698654 -1.062533 -1.670043
v 2.529912 -1.011346 -1.670043
v 2.354424 -0.994061 -1.670043
v 2.178937 -1.011346 -1.670043
v 2.010194 -1.062533 -1.670043
v 1.854680 -1.145657 -1.670043
v 1.718370 -1.257525 -1.670043
v 1.606504 -1.393834 -1.670043
v 1.523380 -1.549349 -1.670043
v 1.472192 -1.718091 -1.670043
v 1.454908 -1.893576 -0.630044
v 1.472192 -2.069063 -0.630044
v 1.523380 -2.237806 -0.630044
v 1.606504 -2.393322 -0.630044
v 1.718370 -2.529630 -0.630044
v 1.854680 -2.641497 -0.630044
v 2.010194 -2.724621 -0.630044
v 2.178937 -2.775808 -0.630044
v 2.354424 -2.793093 -0.630044
v 2.529912 -2.775809 -0.630044
v 2.698654 -2.724621 -0.630044
v 2.854168 -2.641497 -0.630044
v 2.990479 -2.529630 -0.630044
v 3.102345 -2.393322 -0.630044
v 3.185469 -2.237806 -0.630044
v 3.236656 -2.069063 -0.630044
v 3.253940 -1.893576 -0.630044
v 3.236656 -1.718091 -0.630044
v 3.185469 -1.549348 -0.630044
v 3.102345 -1.393832 -0.630044
v 2.990479 -1.257524 -0.630044
v 2.854169 -1.145657 -0.630044
v 2.698654 -1.062532 -0.630044
v 2.529912 -1.011345 -0.630044
v 2.354424 -0.994062 -0.630044
v 2.178937 -1.011345 -0.630044
v 2.010194 -1.062532 -0.630044
v 1.854680 -1.145657 -0.630044
v 1.718370 -1.257523 -0.630044
v 1.606504 -1.393832 -0.630044
v 1.523380 -1.549348 -0.630044
v 1.472192 -1.718091 -0.630044
v 1.350178 -2.094719 -0.630044
v 1.330584 -1.895784 -0.630044
v 1.408205 -2.286010 -0.630044
v 1.502436 -2.462304 -0.630044
v 1.629250 -2.616828 -0.630044
v 1.783774 -2.743642 -0.630044
v 1.960068 -2.837873 -0.630044
v 2.151358 -2.895900 -0.630044
v 2.350294 -2.915494 -0.630044
v 2.549230 -2.895900 -0.630044
v 2.740520 -2.837873 -0.630044
v 2.916814 -2.743642 -0.630044
v 3.071337 -2.616828 -0.630044
v 3.198151 -2.462304 -0.630044
v 3.292383 -2.286010 -0.630044
v 3.350410 -2.094720 -0.630044
v 3.370003 -1.895784 -0.630044
v 3.350410 -1.696849 -0.630044
v 3.292383 -1.505558 -0.630044
v 3.198151 -1.329265 -0.630044
v 3.071338 -1.174742 -0.630044
v 2.916814 -1.047927 -0.630044
v 2.740520 -0.953696 -0.630044
v 2.549230 -0.895669 -0.630044
v 2.350294 -0.876076 -0.630044
v 2.151358 -0.895669 -0.630044
v 1.960068 -0.953696 -0.630044
v 1.783774 -1.047927 -0.630044
v 1.629251 -1.174741 -0.630044
v 1.502436 -1.329265 -0.630044
v 1.408205 -1.505558 -0.630044
v 1.350178 -1.696849 -0.630044
v 1.325873 -1.893576 -1.670043
v 1.345636 -2.094237 -1.670043
v 1.404166 -2.287186 -1.670043
v 1.499215 -2.465010 -1.670043
v 1.627128 -2.620873 -1.670043
v 1.782991 -2.748787 -1.670043
v 1.960814 -2.843835 -1.670043
v 2.153764 -2.902366 -1.670043
v 2.354424 -2.922129 -1.670043
v 2.555084 -2.902366 -1.670043
v 2.748034 -2.843835 -1.670043
v 2.925857 -2.748787 -1.670043
v 3.081720 -2.620873 -1.670043
v 3.209633 -2.465010 -1.670043
v 3.304682 -2.287186 -1.670043
v 3.363212 -2.094237 -1.670043
v 3.382976 -1.893576 -1.670043
v 3.363212 -1.692917 -1.670043
v 3.304682 -1.499968 -1.670043
v 3.209633 -1.322146 -1.670043
v 3.081720 -1.166282 -1.670043
v 2.925857 -1.038368 -1.670043
v 2.748034 -0.943320 -1.670043
v 2.555085 -0.884789 -1.670043
v 2.354424 -0.865026 -1.670043
v 2.153763 -0.884789 -1.670043
v 1.960814 -0.943320 -1.670043
v 1.782991 -1.038368 -1.670043
v 1.627128 -1.166282 -1.670043
v 1.499215 -1.322146 -1.670043
v 1.404166 -1.499968 -1.670043
v 1.345636 -1.692917 -1.670043
v 2.132140 -0.791778 -0.959377
v 2.133022 -0.787789 -1.340711
v 1.921112 -0.855793 -0.959377
v 1.921386 -0.851988 -1.340711
v 1.416263 -1.270112 -0.959377
v 1.415082 -1.267502 -1.340711
v 1.312309 -1.464597 -0.959377
v 1.310828 -1.462547 -1.340711
v 1.556162 -1.099646 -0.959377
v 1.555383 -1.096544 -1.340711
v 1.726628 -0.959747 -0.959377
v 1.726342 -0.956242 -1.340711
v 2.351602 -0.770163 -0.959377
v 2.353117 -0.766112 -1.340711
v 2.782091 -0.855793 -0.959377
v 2.784846 -0.851988 -1.340711
v 2.571064 -0.791778 -0.959377
v 2.573210 -0.787789 -1.340711
v 3.147042 -1.099646 -0.959377
v 3.150849 -1.096544 -1.340711
v 2.976576 -0.959747 -0.959377
v 2.979891 -0.956242 -1.340711
v 3.390895 -1.464597 -0.959377
v 3.395404 -1.462547 -1.340711
v 3.286941 -1.270112 -0.959377
v 3.291151 -1.267502 -1.340711
v 3.476524 -1.895086 -0.959377
v 3.481281 -1.894276 -1.340711
v 3.454909 -1.675625 -0.959377
v 3.459603 -1.674184 -1.340711
v 3.390895 -2.325574 -0.959377
v 3.395404 -2.326006 -1.340711
v 3.454909 -2.114547 -0.959377
v 3.459603 -2.114370 -1.340711
v 3.147042 -2.690526 -0.959377
v 3.150849 -2.692009 -1.340710
v 3.286941 -2.520058 -0.959377
v 3.291151 -2.521050 -1.340710
v 2.782091 -2.934378 -0.959377
v 2.784846 -2.936565 -1.340710
v 2.976575 -2.830424 -0.959377
v 2.979891 -2.832311 -1.340710
v 2.351602 -3.020008 -0.959377
v 2.353117 -3.022441 -1.340710
v 2.571064 -2.998394 -0.959377
v 2.573210 -3.000763 -1.340710
v 1.921113 -2.934378 -0.959377
v 1.921386 -2.936565 -1.340710
v 2.132140 -2.998394 -0.959377
v 2.133022 -3.000763 -1.340710
v 1.556161 -2.690526 -0.959377
v 1.555383 -2.692009 -1.340710
v 1.726628 -2.830424 -0.959377
v 1.726341 -2.832311 -1.340710
v 1.312309 -2.325574 -0.959377
v 1.310828 -2.326006 -1.340711
v 1.416263 -2.520059 -0.959377
v 1.415082 -2.521050 -1.340710
v 1.248294 -1.675625 -0.959377
v 1.246629 -1.674184 -1.340711
v 1.226679 -1.895086 -0.959377
v 1.224952 -1.894276 -1.340711
v 1.248294 -2.114547 -0.959377
v 1.246629 -2.114370 -1.340711
v 1.365719 -1.488049 -0.635244
v 1.305080 -1.687946 -0.635244
v 1.596711 -1.142344 -0.635244
v 1.464190 -1.303821 -0.635244
v 1.942415 -0.911352 -0.635244
v 1.758188 -1.009824 -0.635244
v 2.350201 -0.830239 -0.635244
v 2.142314 -0.850714 -0.635244
v 2.757987 -0.911352 -0.635244
v 2.558089 -0.850714 -0.635244
v 3.103691 -1.142344 -0.635244
v 2.942215 -1.009824 -0.635244
v 3.334684 -1.488049 -0.635244
v 3.236212 -1.303821 -0.635244
v 3.415797 -1.895834 -0.635244
v 3.395322 -1.687946 -0.635244
v 3.334684 -2.303620 -0.635244
v 3.395322 -2.103721 -0.635244
v 3.103691 -2.649324 -0.635244
v 3.236212 -2.487847 -0.635244
v 2.757987 -2.880316 -0.635244
v 2.942215 -2.781846 -0.635244
v 2.350201 -2.961430 -0.635244
v 2.558089 -2.940955 -0.635244
v 1.942415 -2.880316 -0.635244
v 2.142314 -2.940955 -0.635244
v 1.596711 -2.649324 -0.635244
v 1.758188 -2.781846 -0.635244
v 1.365719 -2.303620 -0.635244
v 1.464190 -2.487847 -0.635244
v 1.284605 -1.895834 -0.635244
v 1.305080 -2.103721 -0.635244
v 1.300334 -2.103217 -1.664843
v 1.279681 -1.893528 -1.664843
v 1.460824 -2.490675 -1.664843
v 1.361498 -2.304849 -1.664843
v 1.757370 -2.787221 -1.664843
v 1.594493 -2.653551 -1.664843
v 2.144827 -2.947711 -1.664843
v 1.943195 -2.886546 -1.664843
v 2.564207 -2.947711 -1.664843
v 2.354517 -2.968363 -1.664843
v 2.951664 -2.787222 -1.664843
v 2.765839 -2.886546 -1.664843
v 3.248211 -2.490675 -1.664843
v 3.114542 -2.653551 -1.664843
v 3.408700 -2.103217 -1.664843
v 3.347536 -2.304849 -1.664843
v 3.408701 -1.683839 -1.664843
v 3.429353 -1.893528 -1.664843
v 3.248211 -1.296382 -1.664843
v 3.347536 -1.482206 -1.664843
v 2.951664 -0.999834 -1.664843
v 3.114542 -1.133504 -1.664843
v 2.564207 -0.839345 -1.664843
v 2.765839 -0.900509 -1.664843
v 2.144827 -0.839345 -1.664843
v 2.354517 -0.818692 -1.664843
v 1.757370 -0.999834 -1.664843
v 1.943195 -0.900509 -1.664843
v 1.460824 -1.296382 -1.664843
v 1.594493 -1.133504 -1.664843
v 1.300334 -1.683839 -1.664843
v 1.361498 -1.482206 -1.664843
v 2.111089 -0.677101 -1.338804
v 1.878289 -0.747719 -1.338804
v 1.321354 -1.204784 -1.338804
v 1.206675 -1.419334 -1.338804
v 1.475686 -1.016730 -1.338804
v 1.663740 -0.862398 -1.338804
v 2.353192 -0.653255 -1.338804
v 2.828095 -0.747719 -1.338804
v 2.595296 -0.677101 -1.338804
v 3.230698 -1.016730 -1.338804
v 3.042645 -0.862399 -1.338804
v 3.499709 -1.419334 -1.338804
v 3.385030 -1.204784 -1.338804
v 3.594173 -1.894235 -1.338804
v 3.570328 -1.652134 -1.338804
v 3.499709 -2.369138 -1.338804
v 3.570328 -2.136338 -1.338804
v 3.230698 -2.771741 -1.338804
v 3.385030 -2.583687 -1.338804
v 2.828095 -3.040752 -1.338804
v 3.042645 -2.926073 -1.338804
v 2.353192 -3.135217 -1.338804
v 2.595295 -3.111372 -1.338804
v 1.878289 -3.040752 -1.338804
v 2.111089 -3.111372 -1.338804
v 1.475686 -2.771741 -1.338804
v 1.663740 -2.926073 -1.338804
v 1.206675 -2.369138 -1.338804
v 1.321354 -2.583687 -1.338804
v 1.136056 -1.652134 -1.338804
v 1.112211 -1.894235 -1.338804
v 1.136056 -2.136338 -1.338804
v 2.110119 -0.681488 -0.961284
v 1.877988 -0.751905 -0.961284
v 1.322654 -1.207656 -0.961284
v 1.208304 -1.421590 -0.961284
v 1.476542 -1.020142 -0.961284
v 1.664056 -0.866254 -0.961284
v 2.351526 -0.657712 -0.961284
v 2.825065 -0.751905 -0.961284
v 2.592934 -0.681488 -0.961284
v 3.226511 -1.020142 -0.961284
v 3.038997 -0.866254 -0.961284
v 3.494748 -1.421590 -0.961284
v 3.380399 -1.207656 -0.961284
v 3.588941 -1.895126 -0.961284
v 3.565164 -1.653720 -0.961284
v 3.494748 -2.368664 -0.961284
v 3.565164 -2.136533 -0.961284
v 3.226511 -2.770110 -0.961284
v 3.380399 -2.582596 -0.961284
v 2.825064 -3.038348 -0.961284
v 3.038997 -2.923998 -0.961284
v 2.351526 -3.132541 -0.961284
v 2.592934 -3.108763 -0.961284
v 1.877988 -3.038348 -0.961284
v 2.110119 -3.108763 -0.961284
v 1.476542 -2.770110 -0.961284
v 1.664056 -2.923998 -0.961284
v 1.208304 -2.368664 -0.961284
v 1.322654 -2.582596 -0.961284
v 1.137888 -1.653720 -0.961284
v 1.114112 -1.895126 -0.961284
v 1.137888 -2.136533 -0.961284
v 2.723344 -1.002926 -1.670043
v 2.542498 -0.948067 -1.670043
v 2.542498 -2.839088 -1.670043
v 2.723344 -2.784228 -1.670043
v 2.354424 -0.929544 -1.670043
v 2.890013 -2.695141 -1.670043
v 2.166350 -0.948067 -1.670043
v 3.036099 -2.575251 -1.670043
v 1.985504 -1.002926 -1.670043
v 3.155989 -2.429165 -1.670043
v 1.818836 -1.092013 -1.670043
v 3.245075 -2.262497 -1.670043
v 1.390390 -1.893576 -1.670043
v 1.408914 -2.081650 -1.670043
v 1.672749 -1.211902 -1.670043
v 3.299934 -2.081650 -1.670043
v 1.463773 -2.262497 -1.670043
v 1.552859 -1.357989 -1.670043
v 3.318458 -1.893576 -1.670043
v 1.552859 -2.429165 -1.670043
v 1.463773 -1.524659 -1.670043
v 3.299934 -1.705505 -1.670043
v 1.672749 -2.575251 -1.670043
v 1.408914 -1.705505 -1.670043
v 3.245075 -1.524659 -1.670043
v 1.818836 -2.695141 -1.670043
v 3.155989 -1.357989 -1.670043
v 1.985504 -2.784228 -1.670043
v 3.036099 -1.211902 -1.670043
v 2.166350 -2.839088 -1.670043
v 2.890013 -1.092013 -1.670043
v 2.354424 -2.857610 -1.670043
v 1.411185 -2.081892 -0.630044
v 1.465792 -2.261909 -0.630044
v 1.554470 -2.427814 -0.630044
v 1.673810 -2.573229 -0.630044
v 1.819227 -2.692569 -0.630044
v 1.985131 -2.781247 -0.630044
v 2.165148 -2.835855 -0.630044
v 2.352359 -2.854293 -0.630044
v 2.539570 -2.835855 -0.630044
v 2.719587 -2.781247 -0.630044
v 2.885491 -2.692569 -0.630044
v 3.030908 -2.573229 -0.630044
v 3.150249 -2.427812 -0.630044
v 3.238926 -2.261909 -0.630044
v 3.293533 -2.081892 -0.630044
v 3.311972 -1.894680 -0.630044
v 3.293533 -1.707469 -0.630044
v 3.238926 -1.527454 -0.630044
v 3.150249 -1.361549 -0.630044
v 3.030908 -1.216132 -0.630044
v 2.885491 -1.096792 -0.630044
v 2.719587 -1.008115 -0.630044
v 2.539570 -0.953507 -0.630044
v 2.352359 -0.935067 -0.630044
v 2.165148 -0.953507 -0.630044
v 1.985131 -1.008115 -0.630044
v 1.819227 -1.096792 -0.630044
v 1.673811 -1.216132 -0.630044
v 1.554470 -1.361549 -0.630044
v 1.465792 -1.527452 -0.630044
v 1.411185 -1.707469 -0.630044
v 1.392746 -1.894680 -0.630044
v 0.225224 -0.287867 -0.195209
v 0.225224 -0.287867 0.204791
v 0.597132 -0.184009 -0.195209
v 0.501087 -0.283287 -0.195209
v 0.493111 0.200985 -0.195210
v 0.592345 0.106305 -0.195210
v 0.501087 -0.283287 0.204791
v 0.597132 -0.184009 0.204791
v 0.592345 0.106306 0.204791
v 0.493111 0.200985 0.204791
v -0.057974 0.184176 -0.195210
v -0.230955 0.140559 -0.195210
v -0.057974 0.184176 0.204791
v -0.230955 0.140559 0.204791
vn 0.0007 -0.0004 -1.0000
vn 0.0008 -0.0000 -1.0000
vn -0.0007 0.0004 -1.0000
vn -0.0004 0.0007 -1.0000
vn 0.0004 0.0007 -1.0000
vn -0.0000 0.0008 -1.0000
vn -0.0004 -0.0007 -1.0000
vn -0.0007 -0.0004 -1.0000
vn 0.0004 -0.0007 -1.0000
vn 0.0007 0.0004 -1.0000
vn -0.0008 -0.0000 -1.0000
vn -0.0000 -0.0008 -1.0000
vn -0.4210 0.9071 -0.0000
vn -0.0890 0.9960 -0.0000
vn -0.9960 0.0890 -0.0000
vn -0.9071 0.4210 -0.0000
vn -0.5751 -0.8181 -0.0000
vn -0.8181 -0.5751 -0.0000
vn -0.3805 -0.1020 0.9191
vn -0.1219 -0.0327 0.9920
vn 0.4210 -0.9071 -0.0000
vn 0.0890 -0.9960 -0.0000
vn 0.9960 -0.0890 -0.0000
vn 0.9071 -0.4210 -0.0000
vn 0.5751 0.8181 -0.0000
vn 0.8181 0.5751 -0.0000
vn -0.7071 0.7071 -0.0000
vn -0.6806 0.6806 -0.2714
vn -0.9659 -0.2588 -0.0000
vn -0.9297 -0.2491 -0.2714
vn -0.2588 -0.9659 -0.0000
vn -0.2491 -0.9297 -0.2714
vn 0.6806 -0.6806 -0.2714
vn 0.7071 -0.7071 -0.0000
vn 0.9659 0.2588 -0.0000
vn 0.9297 0.2491 -0.2714
vn 0.2491 0.9297 -0.2714
vn 0.2588 0.9659 -0.0000
vn 0.5838 -0.5838 -0.5643
vn -0.7974 -0.2137 -0.5643
vn -0.2785 0.2785 0.9191
vn -0.0892 0.0892 0.9920
vn -0.2588 0.9659 -0.0000
vn -0.1020 -0.3805 0.9191
vn -0.0327 -0.1219 0.9920
vn 0.3805 0.1020 0.9191
vn 0.1219 0.0327 0.9920
vn -0.2785 0.2785 -0.9191
vn -0.0892 0.0892 -0.9920
vn 0.3805 0.1020 -0.9191
vn 0.1219 0.0327 -0.9920
vn -0.9659 0.2588 -0.0000
vn -0.8270 -0.2216 0.5167
vn -0.8753 -0.2345 0.4229
vn -0.2216 -0.8270 0.5167
vn -0.2345 -0.8753 0.4229
vn -0.1020 -0.3805 -0.9191
vn -0.0327 -0.1219 -0.9920
vn 0.1080 0.4029 -0.9089
vn 0.1884 0.7029 -0.6859
vn 0.2588 -0.9659 -0.0000
vn 0.6054 -0.6054 0.5167
vn 0.6408 -0.6408 0.4229
vn -0.4029 -0.1079 0.9089
vn -0.7029 -0.1883 0.6859
vn -0.4029 -0.1080 0.9089
vn 0.7974 0.2137 -0.5643
vn -0.3805 -0.1020 -0.9191
vn -0.1219 -0.0327 -0.9920
vn 0.4029 0.1080 -0.9089
vn 0.7029 0.1884 -0.6859
vn -0.7071 -0.7071 -0.0000
vn 0.7071 0.7071 -0.0000
vn 0.2949 -0.2949 0.9089
vn 0.5146 -0.5146 0.6859
vn -0.5838 0.5838 -0.5643
vn 0.2785 -0.2785 -0.9191
vn 0.0892 -0.0892 -0.9920
vn -0.2949 0.2949 -0.9089
vn -0.5146 0.5146 -0.6859
vn 0.4029 0.1079 0.9089
vn 0.7029 0.1884 0.6859
vn -0.4029 -0.1080 -0.9089
vn -0.7029 -0.1883 -0.6859
vn -0.4029 -0.1079 -0.9089
vn 0.8270 0.2216 0.5167
vn 0.8753 0.2345 0.4229
vn 0.2216 0.8270 0.5167
vn 0.2345 0.8753 0.4229
vn 0.9659 -0.2588 -0.0000
vn 0.1079 0.4029 0.9089
vn 0.1883 0.7029 0.6859
vn -0.2137 -0.7974 -0.5643
vn 0.1019 0.3805 -0.9191
vn 0.0327 0.1219 -0.9920
vn -0.1080 -0.4029 -0.9089
vn -0.1884 -0.7029 -0.6859
vn 0.2949 -0.2949 -0.9089
vn 0.5146 -0.5146 -0.6859
vn -0.6054 0.6054 0.5167
vn -0.6408 0.6408 0.4229
vn 0.2785 -0.2785 0.9191
vn 0.0892 -0.0892 0.9920
vn -0.2949 0.2949 0.9089
vn -0.5146 0.5146 0.6859
vn -0.5000 0.8660 -0.0000
vn -0.0000 1.0000 -0.0000
vn -0.8181 0.5751 -0.0000
vn -0.9960 -0.0890 -0.0000
vn -0.8660 -0.5000 -0.0000
vn -0.5000 -0.8660 -0.0000
vn -0.0890 -0.9960 -0.0000
vn 0.5751 -0.8181 -0.0000
vn -0.0000 -0.0000 1.0000
vn 0.8660 -0.5000 -0.0000
vn 1.0000 -0.0000 -0.0000
vn 0.9071 0.4210 -0.0000
vn 0.4210 0.9071 -0.0000
vn -0.0000 -0.0000 -1.0000
vn 0.2137 0.7974 -0.5643
vn -0.7029 -0.1884 -0.6859
vn -0.8660 0.5000 -0.0000
vn -1.0000 -0.0000 -0.0000
vn -0.0000 -1.0000 -0.0000
vn 0.5000 -0.8660 -0.0000
vn 0.8660 0.5000 -0.0000
vn 0.5000 0.8660 -0.0000
vn -0.1883 -0.7029 0.6859
vn 0.7029 0.1883 0.6859
vn 0.1884 0.7029 0.6859
vn 0.1020 0.3805 0.9191
vn 0.0327 0.1219 0.9920
vn -0.1080 -0.4029 0.9089
vn -0.1079 -0.4029 0.9089
vn 0.7993 -0.6010 -0.0000
vn 0.6165 -0.7874 -0.0000
vn -0.6093 -0.7929 -0.0000
vn -0.2494 -0.9684 -0.0000
vn 0.0098 -1.0000 -0.0000
vn 0.5084 -0.8611 -0.0000
vn 0.7927 0.6097 -0.0000
vn 0.9634 0.2682 -0.0000
vn 1.0000 0.0098 -0.0000
vn 0.8709 -0.4915 -0.0000
vn 0.0169 0.9999 -0.0000
vn -0.1763 0.9843 -0.0000
vn -0.9808 -0.1951 -0.0000
vn -0.9804 0.1968 -0.0000
vn -0.0001 -1.0000 -0.0000
vn -0.1953 -0.9807 -0.0000
vn -0.3830 -0.9237 -0.0000
vn -0.9239 -0.3826 -0.0000
vn -0.9225 0.3860 -0.0000
vn -0.3629 0.9318 -0.0000
vn -0.7019 -0.7123 -0.0000
vn -0.7085 -0.7057 -0.0000
vn 0.7124 0.7018 -0.0000
vn 0.3827 0.9239 -0.0000
vn -0.1482 -0.9889 -0.0067
vn 0.0015 -1.0000 0.0019
vn -0.4262 -0.9046 0.0067
vn 0.3396 -0.9405 -0.0044
vn -0.0461 0.9989 -0.0042
vn 0.3396 0.9406 0.0044
vn 0.3827 -0.9239 -0.0000
vn -0.1951 0.9807 0.0087
vn 0.7390 -0.6737 0.0044
vn -0.5153 0.8570 -0.0063
vn -0.7071 0.7071 0.0091
vn 0.9233 -0.3840 -0.0019
vn -0.8323 0.5543 -0.0019
vn -0.8049 -0.5934 0.0044
vn 1.0000 0.0015 -0.0019
vn 0.9807 -0.1951 0.0091
vn -0.8315 -0.5556 -0.0000
vn -0.9707 0.2402 0.0044
vn 0.9406 0.3396 0.0044
vn 0.9239 0.3827 -0.0000
vn -0.5568 -0.8307 -0.0019
vn -0.9808 0.1951 -0.0000
vn 0.6911 0.6960 0.1950
vn 0.6926 0.6986 -0.1798
vn 0.6926 0.6986 0.1798
vn -0.1419 -0.1396 -0.9800
vn -0.2926 -0.2901 -0.9112
vn -0.1488 -0.1476 -0.9778
vn -0.6602 -0.6469 -0.3816
vn -0.7019 -0.6889 -0.1808
vn -0.6669 -0.6558 -0.3539
vn 0.6911 0.6960 -0.1950
vn 0.6582 0.6639 -0.3549
vn 0.2717 0.2709 -0.9235
vn 0.1496 0.1504 -0.9772
vn 0.2913 0.2928 -0.9107
vn -0.7019 -0.6889 0.1812
vn -0.6602 -0.6469 0.3816
vn -0.6669 -0.6558 0.3538
vn -0.2926 -0.2901 0.9112
vn -0.1419 -0.1396 0.9800
vn -0.1488 -0.1476 0.9778
vn 0.1501 0.1508 0.9771
vn 0.2717 0.2709 0.9235
vn 0.2913 0.2928 0.9107
vn 0.6582 0.6639 0.3549
vn 0.1360 0.1355 -0.9814
vn 0.1360 0.1356 0.9814
vn -0.7007 -0.6865 0.1942
vn -0.7007 -0.6865 -0.1942
vn -0.2729 -0.2684 -0.9238
vn 0.6516 0.6550 -0.3827
vn -0.7020 -0.6890 0.1804
vn -0.6603 -0.6470 0.3814
vn -0.2729 -0.2684 0.9238
vn 0.1492 0.1500 0.9774
vn 0.6516 0.6550 0.3827
vn -0.1951 -0.9808 -0.0000
vn 0.1951 -0.9808 -0.0000
vn -0.3827 -0.9239 -0.0000
vn 0.5556 -0.8315 -0.0000
vn -0.5556 -0.8315 -0.0000
vn 0.8315 -0.5556 -0.0000
vn 0.9239 -0.3827 -0.0000
vn -0.9239 -0.3827 -0.0000
vn 0.9808 -0.1951 -0.0000
vn 0.9808 0.1951 -0.0000
vn -0.9239 0.3827 -0.0000
vn -0.8315 0.5556 -0.0000
vn 0.8315 0.5556 -0.0000
vn 0.5556 0.8315 -0.0000
vn -0.5556 0.8315 -0.0000
vn -0.3827 0.9239 -0.0000
vn 0.1951 0.9808 -0.0000
vn -0.1951 0.9808 -0.0000
vn 0.7748 -0.6319 -0.0168
vn 0.7749 -0.6319 0.0169
vn 0.7748 -0.6319 0.0168
vn 0.6634 -0.7459 -0.0590
vn 0.6977 -0.7111 -0.0870
vn 0.6970 -0.7118 -0.0868
vn 0.6634 -0.7459 0.0590
vn 0.6977 -0.7111 0.0870
vn 0.6654 -0.7440 0.0617
vn 0.7243 -0.6840 -0.0862
vn 0.7230 -0.6855 -0.0861
vn -0.6614 -0.6614 -0.3539
vn -0.6956 -0.6956 -0.1800
vn -0.6614 -0.6613 -0.3539
vn -0.6614 -0.6613 0.3539
vn -0.6956 -0.6956 0.1800
vn -0.6956 -0.6956 0.1797
vn -0.1505 -0.1505 0.9771
vn -0.2920 -0.2920 0.9107
vn -0.1501 -0.1501 -0.9772
vn -0.2920 -0.2920 -0.9107
vn -0.1486 -0.1486 -0.9777
vn 0.6956 0.6956 -0.1800
vn 0.6956 0.6956 0.1797
vn 0.6957 0.6956 0.1795
vn 0.2920 0.2920 -0.9107
vn 0.1501 0.1501 -0.9772
vn 0.1486 0.1486 0.9777
vn -0.1486 -0.1486 0.9777
vn -0.1498 -0.1497 0.9773
vn 0.6955 0.6955 0.1805
vn 0.6614 0.6614 0.3539
vn 0.6613 0.6614 -0.3539
vn 0.6956 0.6956 -0.1797
vn 0.1486 0.1486 -0.9777
vn -0.6956 -0.6956 -0.1797
vn 0.2920 0.2920 0.9107
vn 0.1501 0.1501 0.9772
vn 0.7558 -0.6523 -0.0573
vn 0.7749 -0.6319 -0.0169
vn 0.7538 -0.6543 -0.0598
vn 0.7558 -0.6523 0.0573
vn 0.7230 -0.6855 0.0861
vn 0.7243 -0.6840 0.0862
vn 0.6420 -0.7665 0.0177
vn 0.6419 -0.7666 0.0178
vn 0.6419 -0.7666 -0.0178
vn 0.6420 -0.7665 -0.0177
vn 0.6654 -0.7440 -0.0617
vn 0.6970 -0.7118 0.0868
vn 0.7538 -0.6543 0.0598
vn -0.6614 -0.6614 0.3539
vn 0.6613 0.6613 -0.3539
vn -0.0014 0.0014 1.0000
vn -0.0005 -0.0000 -1.0000
vn -0.0009 -0.0000 -1.0000
vn -0.0001 -0.0001 -1.0000
vn -0.0392 0.0119 0.9992
vn -0.0407 -0.0040 0.9992
vn -0.0391 0.0119 0.9992
vn -0.0317 0.0260 0.9992
vn -0.0316 0.0259 0.9992
vn -0.0193 0.0362 0.9992
vn -0.0193 0.0361 0.9992
vn -0.0040 0.0408 0.9992
vn 0.0119 0.0393 0.9992
vn 0.0261 0.0318 0.9992
vn 0.0260 0.0317 0.9992
vn 0.0362 0.0194 0.9992
vn 0.0409 0.0040 0.9992
vn 0.0393 -0.0119 0.9992
vn 0.0317 -0.0260 0.9992
vn 0.0193 -0.0361 0.9992
vn 0.0193 -0.0362 0.9992
vn 0.0040 -0.0407 0.9992
vn 0.0040 -0.0408 0.9992
vn -0.0119 -0.0391 0.9992
vn -0.0119 -0.0392 0.9992
vn -0.0259 -0.0316 0.9992
vn -0.0360 -0.0193 0.9992
vn 0.0118 0.0388 -0.9992
vn 0.0191 -0.0358 -0.9992
vn 0.0040 -0.0405 -0.9992
vn 0.0192 -0.0359 -0.9992
vn -0.0040 0.0404 -0.9992
vn 0.0313 -0.0257 -0.9992
vn 0.0314 -0.0258 -0.9992
vn -0.0192 0.0359 -0.9992
vn 0.0388 -0.0118 -0.9992
vn -0.0405 -0.0040 -0.9992
vn -0.0191 0.0358 -0.9992
vn -0.0315 0.0258 -0.9992
vn -0.0359 -0.0192 -0.9992
vn -0.0314 0.0258 -0.9992
vn 0.0403 0.0040 -0.9992
vn -0.0390 0.0118 -0.9992
vn 0.0404 0.0040 -0.9992
vn -0.0258 -0.0315 -0.9992
vn -0.0389 0.0118 -0.9992
vn 0.0357 0.0191 -0.9992
vn -0.0118 -0.0389 -0.9992
vn -0.0118 -0.0390 -0.9992
vn 0.0257 0.0313 -0.9992
vn 0.0040 -0.0404 -0.9992
vn -0.2874 0.9476 -0.1397
vn -0.2780 0.9165 -0.2875
vn -0.2875 0.9477 -0.1389
vn -0.8729 0.4666 -0.1429
vn -0.8439 0.4511 -0.2904
vn -0.8730 0.4666 -0.1422
vn 0.3832 0.9236 0.0039
vn 0.3822 0.9241 0.0037
vn 0.3820 0.9241 0.0037
vn -0.6280 0.7652 -0.1414
vn -0.6073 0.7400 -0.2890
vn -0.6281 0.7653 -0.1406
vn -0.1945 -0.9809 -0.0031
vn -0.1935 -0.9811 -0.0034
vn -0.1947 -0.9809 -0.0030
vn 0.3808 0.9246 0.0042
vn 0.3806 0.9247 0.0042
vn 0.0719 0.0876 0.9936
vn 0.5556 -0.8314 0.0005
vn 0.5555 -0.8315 0.0005
vn -0.1075 0.0326 -0.9937
vn 0.7658 0.6285 -0.1360
vn 0.7411 0.6082 -0.2844
vn 0.7658 0.6285 -0.1359
vn 0.4670 0.8736 -0.1368
vn 0.4519 0.8454 -0.2849
vn 0.4670 0.8737 -0.1364
vn 0.0971 0.9856 -0.1381
vn 0.0939 0.9536 -0.2860
vn 0.0971 0.9857 -0.1374
vn -0.5561 -0.8311 -0.0044
vn -0.5551 -0.8318 -0.0042
vn -0.5562 -0.8310 -0.0044
vn 0.5554 -0.8316 0.0005
vn 0.9539 -0.0940 -0.2849
vn 0.9858 -0.0971 -0.1368
vn 0.9859 -0.0971 -0.1364
vn 0.9174 0.2783 -0.2844
vn 0.9480 0.2876 -0.1360
vn 0.9481 0.2876 -0.1359
vn -0.5549 -0.8319 -0.0043
vn -0.5536 -0.8327 -0.0047
vn 0.0329 0.1084 0.9936
vn 0.6076 -0.7404 -0.2875
vn 0.6282 -0.7654 -0.1397
vn 0.6282 -0.7655 -0.1389
vn 0.8451 -0.4517 -0.2860
vn 0.8735 -0.4669 -0.1381
vn 0.8736 -0.4669 -0.1374
vn -0.3826 0.9239 0.0005
vn -0.3827 0.9239 0.0005
vn -0.3828 0.9238 0.0005
vn -0.0868 0.0712 -0.9937
vn 0.9242 0.3820 0.0050
vn 0.9236 0.3833 0.0048
vn 0.9235 0.3835 0.0048
vn -0.3829 0.9238 0.0005
vn -0.3830 0.9238 0.0005
vn -0.7393 -0.6067 -0.2921
vn -0.7649 -0.6277 -0.1444
vn -0.7649 -0.6278 -0.1443
vn -0.4509 -0.8436 -0.2915
vn -0.4665 -0.8727 -0.1439
vn -0.4665 -0.8728 -0.1435
vn -0.0938 -0.9523 -0.2904
vn -0.0970 -0.9850 -0.1429
vn -0.0970 -0.9851 -0.1422
vn 0.2779 -0.9161 -0.2890
vn 0.2874 -0.9473 -0.1414
vn 0.2874 -0.9474 -0.1406
vn -0.9848 0.0970 -0.1439
vn -0.9520 0.0938 -0.2915
vn -0.9849 0.0970 -0.1435
vn 0.9229 0.3851 0.0054
vn 0.9228 0.3854 0.0054
vn -0.9469 -0.2872 -0.1444
vn -0.9152 -0.2776 -0.2921
vn -0.9469 -0.2872 -0.1443
vn -0.0111 0.1127 0.9936
vn 0.8317 -0.5553 0.0024
vn 0.8313 -0.5558 0.0023
vn 0.8317 -0.5552 0.0024
vn -0.0529 0.0989 -0.9937
vn -0.9131 -0.2770 0.2992
vn -0.9458 -0.2869 0.1519
vn -0.9459 -0.2869 0.1518
vn -0.9809 -0.1944 -0.0048
vn -0.9807 -0.1957 -0.0046
vn -0.9809 -0.1943 -0.0048
vn 0.8312 -0.5559 0.0023
vn 0.8308 -0.5566 0.0025
vn -0.9494 0.0935 0.2997
vn -0.9835 0.0969 0.1527
vn -0.9836 0.0969 0.1523
vn 0.2868 -0.9453 0.1556
vn 0.2767 -0.9122 0.3022
vn 0.2868 -0.9454 0.1548
vn -0.0968 -0.9833 0.1540
vn -0.0935 -0.9491 0.3008
vn -0.0969 -0.9834 0.1533
vn -0.4659 -0.8716 0.1527
vn -0.4497 -0.8414 0.2997
vn -0.4659 -0.8716 0.1523
vn -0.7640 -0.6270 0.1519
vn -0.7376 -0.6053 0.2992
vn -0.7641 -0.6270 0.1518
vn -0.9806 -0.1959 -0.0046
vn -0.9803 -0.1975 -0.0051
vn -0.0533 0.0998 0.9936
vn -0.7073 0.7069 -0.0014
vn -0.7070 0.7072 -0.0014
vn -0.7069 0.7073 -0.0014
vn -0.0110 0.1115 -0.9937
vn 0.1949 -0.9808 -0.0015
vn 0.1943 -0.9809 -0.0016
vn -0.7066 0.7076 -0.0016
vn -0.7065 0.7077 -0.0016
vn 0.0004 1.0000 0.0024
vn 0.0012 1.0000 0.0025
vn -0.0874 0.0717 0.9936
vn 0.8707 -0.4654 0.1587
vn 0.8399 -0.4489 0.3052
vn 0.8708 -0.4655 0.1580
vn 0.6265 -0.7634 0.1573
vn 0.6044 -0.7365 0.3038
vn 0.6266 -0.7635 0.1564
vn 0.9809 -0.1945 0.0039
vn 0.9807 -0.1956 0.0037
vn 0.9809 -0.1944 0.0039
vn 0.0325 0.1072 -0.9937
vn -0.1956 -0.9807 -0.0032
vn -0.1967 -0.9805 -0.0034
vn -0.1969 -0.9804 -0.0034
vn 0.9806 -0.1958 0.0037
vn 0.9804 -0.1970 0.0041
vn 0.9446 0.2865 0.1603
vn 0.9108 0.2763 0.3068
vn 0.9446 0.2865 0.1601
vn 0.9824 -0.0968 0.1598
vn 0.9474 -0.0933 0.3062
vn 0.9825 -0.0968 0.1593
vn 0.5558 -0.8313 0.0005
vn -0.1081 0.0328 0.9936
vn -0.9241 0.3822 -0.0032
vn -0.9237 0.3831 -0.0030
vn -0.9236 0.3832 -0.0031
vn 0.0710 0.0865 -0.9937
vn 0.0933 0.9477 0.3052
vn 0.0968 0.9826 0.1587
vn 0.0968 0.9827 0.1580
vn 0.4488 0.8396 0.3062
vn 0.4653 0.8706 0.1598
vn 0.4654 0.8707 0.1593
vn 0.7357 0.6038 0.3068
vn 0.7630 0.6262 0.1603
vn 0.7630 0.6262 0.1601
vn -0.3825 0.9240 0.0005
vn -0.9232 0.3842 -0.0034
vn -0.9232 0.3844 -0.0034
vn 0.8321 -0.5545 0.0025
vn 0.8322 -0.5544 0.0025
vn 0.9806 0.1958 0.0048
vn 0.9809 0.1945 0.0046
vn 0.9806 0.1959 0.0048
vn 0.0987 0.0528 -0.9937
vn -0.7076 0.7066 -0.0015
vn -0.7073 0.7069 -0.0015
vn 0.9809 0.1942 0.0046
vn 0.9813 0.1926 0.0051
vn 0.9812 -0.1931 0.0041
vn 0.9812 -0.1929 0.0042
vn -1.0000 -0.0007 -0.0044
vn -1.0000 0.0006 -0.0042
vn -1.0000 0.0008 -0.0043
vn 0.1114 0.0110 -0.9937
vn -0.6047 0.7369 0.3022
vn -0.6267 0.7636 0.1556
vn -0.6268 0.7637 0.1548
vn -0.9245 0.3812 -0.0034
vn -1.0000 0.0023 -0.0047
vn -1.0000 0.0026 -0.0048
vn -0.8411 0.4496 0.3008
vn -0.8714 0.4658 0.1540
vn -0.8715 0.4658 0.1533
vn -0.2766 0.9117 0.3038
vn -0.2867 0.9450 0.1573
vn -0.2766 0.9117 0.3037
vn -0.2867 0.9452 0.1564
vn -0.7529 0.6179 -0.2269
vn -0.6889 0.5654 -0.4535
vn -0.7531 0.6180 -0.2256
vn -0.4593 0.8592 -0.2253
vn -0.4204 0.7866 -0.4523
vn -0.4594 0.8595 -0.2239
vn -0.0955 0.9700 -0.2236
vn -0.0875 0.8882 -0.4510
vn -0.0956 0.9703 -0.2223
vn 0.2830 0.9330 -0.2221
vn 0.2592 0.8546 -0.4500
vn 0.2831 0.9333 -0.2211
vn 0.6187 0.7539 -0.2209
vn 0.5668 0.6906 -0.4493
vn 0.6188 0.7540 -0.2204
vn 0.8602 0.4598 -0.2204
vn 0.7880 0.4212 -0.4490
vn 0.8891 0.0876 -0.4493
vn 0.9706 0.0956 -0.2209
vn 0.9707 0.0956 -0.2204
vn 0.8546 -0.2592 -0.4500
vn 0.9330 -0.2830 -0.2221
vn 0.9333 -0.2831 -0.2211
vn 0.6899 -0.5662 -0.4510
vn 0.7534 -0.6183 -0.2236
vn 0.7537 -0.6185 -0.2223
vn 0.4204 -0.7866 -0.4523
vn 0.4593 -0.8592 -0.2253
vn 0.4594 -0.8595 -0.2239
vn 0.0874 -0.8869 -0.4535
vn 0.0955 -0.9692 -0.2269
vn 0.0955 -0.9695 -0.2256
vn -0.2586 -0.8523 -0.4546
vn -0.2826 -0.9317 -0.2281
vn -0.2827 -0.9319 -0.2271
vn -0.5648 -0.6882 -0.4553
vn -0.6176 -0.7525 -0.2288
vn -0.6176 -0.7526 -0.2282
vn -0.7851 -0.4196 -0.4556
vn -0.8585 -0.4589 -0.2288
vn -0.9688 -0.0954 -0.2288
vn -0.8860 -0.0873 -0.4553
vn -0.9689 -0.0954 -0.2282
vn -0.9317 0.2826 -0.2281
vn -0.8523 0.2586 -0.4546
vn -0.9319 0.2827 -0.2271
vn -0.8486 0.2574 0.4622
vn -0.9295 0.2820 0.2377
vn -0.9297 0.2820 0.2367
vn -0.8829 -0.0870 0.4615
vn -0.9669 -0.0952 0.2366
vn -0.9671 -0.0952 0.2361
vn -0.8570 -0.4581 0.2360
vn -0.7825 -0.4183 0.4612
vn -0.6164 -0.7511 0.2366
vn -0.5628 -0.6858 0.4615
vn -0.6165 -0.7512 0.2361
vn -0.2820 -0.9295 0.2377
vn -0.2574 -0.8486 0.4622
vn -0.2820 -0.9297 0.2367
vn 0.0952 -0.9663 0.2392
vn 0.0869 -0.8820 0.4632
vn 0.0952 -0.9666 0.2380
vn 0.4575 -0.8560 0.2409
vn 0.4175 -0.7810 0.4645
vn 0.4577 -0.8563 0.2395
vn 0.7499 -0.6155 0.2424
vn 0.6841 -0.5614 0.4657
vn 0.7502 -0.6157 0.2412
vn 0.9281 -0.2815 0.2436
vn 0.8463 -0.2567 0.4667
vn 0.9283 -0.2816 0.2427
vn 0.9650 0.0950 0.2443
vn 0.8798 0.0867 0.4674
vn 0.9652 0.0951 0.2438
vn 0.7795 0.4167 0.4676
vn 0.8552 0.4571 0.2444
vn 0.5608 0.6834 0.4674
vn 0.6152 0.7496 0.2443
vn 0.6152 0.7497 0.2438
vn 0.2567 0.8463 0.4667
vn 0.2815 0.9281 0.2436
vn 0.2816 0.9283 0.2427
vn -0.0867 0.8807 0.4657
vn -0.0951 0.9655 0.2424
vn -0.0951 0.9658 0.2412
vn -0.4175 0.7810 0.4644
vn -0.4575 0.8560 0.2409
vn -0.4175 0.7810 0.4645
vn -0.4577 0.8563 0.2395
vn -0.6851 0.5622 0.4632
vn -0.7506 0.6160 0.2392
vn -0.7508 0.6162 0.2380
vn 0.1000 0.0535 0.9935
vn 0.7065 0.7077 0.0046
vn 0.7053 0.7089 0.0051
vn 0.7051 0.7091 0.0052
vn -0.0004 1.0000 0.0023
vn -0.0012 1.0000 0.0025
vn -0.0014 1.0000 0.0026
vn 0.7076 0.7066 0.0048
vn 0.7067 0.7075 0.0046
vn -0.0003 1.0000 0.0023
vn 0.1128 0.0111 0.9936
vn -0.8310 -0.5563 -0.0048
vn -0.8300 -0.5577 -0.0053
vn -0.8311 -0.5561 -0.0048
vn 0.1953 -0.9807 -0.0014
vn 0.1958 -0.9806 -0.0016
vn -0.8319 -0.5549 -0.0050
vn 0.1948 -0.9808 -0.0015
vn 0.1084 -0.0329 0.9936
vn 1.0000 0.0008 0.0043
vn 1.0000 0.0023 0.0048
vn 1.0000 0.0026 0.0048
vn 1.0000 -0.0007 0.0044
vn 1.0000 0.0006 0.0042
vn 0.0875 -0.0718 0.9936
vn 0.9241 -0.3821 0.0031
vn 0.9245 -0.3811 0.0034
vn 0.9246 -0.3810 0.0035
vn 0.9237 -0.3831 0.0032
vn 0.9240 -0.3823 0.0030
vn 0.0533 -0.0998 0.9936
vn -0.9809 0.1944 -0.0037
vn -0.9812 0.1931 -0.0042
vn -0.9809 0.1946 -0.0037
vn -0.9807 0.1957 -0.0039
vn -0.9806 0.1957 -0.0039
vn 0.0111 -0.1125 0.9936
vn 0.7073 -0.7069 0.0014
vn 0.7077 -0.7066 0.0016
vn 0.7077 -0.7065 0.0016
vn 0.7069 -0.7073 0.0014
vn 0.7072 -0.7070 0.0014
vn -0.9813 -0.1926 -0.0051
vn -0.9813 -0.1924 -0.0051
vn -0.0328 -0.1081 0.9936
vn -0.8317 0.5552 -0.0023
vn -0.8322 0.5545 -0.0025
vn -0.8316 0.5553 -0.0023
vn 0.9249 0.3803 0.0053
vn 0.9242 0.3819 0.0050
vn -0.8313 0.5559 -0.0024
vn -0.8312 0.5559 -0.0024
vn -0.5575 -0.8302 -0.0047
vn -0.5577 -0.8300 -0.0047
vn -0.0716 -0.0873 0.9936
vn 0.3826 -0.9239 -0.0005
vn 0.3824 -0.9240 -0.0005
vn 0.3845 0.9231 0.0041
vn 0.3833 0.9236 0.0039
vn 0.3827 -0.9239 -0.0005
vn 0.7089 0.7053 0.0051
vn 0.7077 0.7065 0.0048
vn -0.0996 -0.0532 0.9936
vn -0.5556 0.8314 -0.0005
vn -0.5558 0.8313 -0.0005
vn -0.8329 -0.5534 -0.0053
vn -0.8331 -0.5532 -0.0054
vn -0.5555 0.8315 -0.0005
vn 1.0000 -0.0023 0.0047
vn -0.1124 -0.0111 0.9936
vn -0.0004 -1.0000 -0.0023
vn -0.0012 -1.0000 -0.0025
vn -0.0014 -1.0000 -0.0026
vn 0.9233 -0.3842 0.0034
vn 0.9237 -0.3832 0.0032
vn -0.1119 -0.0110 -0.9937
vn 0.0004 -1.0000 -0.0023
vn -0.0003 -1.0000 -0.0023
vn -0.9804 0.1970 -0.0041
vn -0.9803 0.1973 -0.0041
vn -0.1948 0.9808 0.0014
vn -0.1944 0.9809 0.0016
vn -0.1949 0.9808 0.0014
vn 0.7066 -0.7076 0.0015
vn 0.7069 -0.7073 0.0015
vn -0.0992 -0.0530 -0.9937
vn -0.1953 0.9807 0.0014
vn -0.1953 0.9807 0.0015
vn -0.8308 0.5566 -0.0025
vn -0.8307 0.5567 -0.0025
vn -0.3833 -0.9236 -0.0037
vn -0.3846 -0.9231 -0.0042
vn -0.3848 -0.9230 -0.0042
vn 0.3829 -0.9238 -0.0005
vn 0.3828 -0.9238 -0.0005
vn -0.0713 -0.0869 -0.9937
vn -0.3821 -0.9241 -0.0039
vn -0.3832 -0.9237 -0.0037
vn -0.5554 0.8316 -0.0005
vn -0.5553 0.8316 -0.0005
vn 0.1957 0.9807 0.0031
vn 0.1967 0.9805 0.0034
vn 0.1955 0.9807 0.0030
vn 0.0012 -1.0000 -0.0025
vn 0.0004 -1.0000 -0.0024
vn -0.0326 -0.1075 -0.9937
vn 0.1946 0.9809 0.0032
vn -0.1958 0.9806 0.0015
vn -0.1959 0.9806 0.0015
vn -0.7077 -0.7065 -0.0046
vn -0.7089 -0.7053 -0.0052
vn -0.7091 -0.7051 -0.0052
vn -0.3808 -0.9246 -0.0041
vn 0.0110 -0.1117 -0.9937
vn -0.7066 -0.7076 -0.0048
vn -0.7075 -0.7067 -0.0046
vn 0.1935 0.9811 0.0034
vn 0.1933 0.9811 0.0034
vn 0.5562 0.8310 0.0043
vn 0.5575 0.8302 0.0048
vn 0.5561 0.8311 0.0042
vn -0.7053 -0.7088 -0.0051
vn -0.7065 -0.7077 -0.0048
vn 0.0529 -0.0989 -0.9937
vn 0.5550 0.8318 0.0044
vn 0.5549 0.8319 0.0044
vn 0.5537 0.8327 0.0047
vn 0.5534 0.8329 0.0047
vn -0.9242 -0.3818 -0.0048
vn -0.9249 -0.3803 -0.0054
vn -0.9250 -0.3800 -0.0054
vn -0.9236 -0.3834 -0.0050
vn -0.9229 -0.3851 -0.0053
vn -0.9235 -0.3835 -0.0050
vn 0.0866 -0.0711 -0.9937
vn -0.9241 -0.3821 -0.0048
vn 0.8310 0.5562 0.0050
vn 0.8300 0.5577 0.0053
vn 0.8299 0.5579 0.0053
vn 0.8320 0.5548 0.0048
vn 0.8329 0.5534 0.0054
vn 0.8318 0.5550 0.0048
vn -1.0000 -0.0023 -0.0047
vn 0.1072 -0.0325 -0.9937
vn 0.8310 0.5563 0.0050
vn 0.9803 0.1975 0.0051
vn 0.9802 0.1978 0.0051
vn -0.1933 -0.9811 -0.0034
vn 0.5553 -0.8316 0.0005
vn -0.5534 -0.8329 -0.0048
vn 0.8307 -0.5567 0.0025
vn -0.9802 -0.1978 -0.0052
vn 0.0013 1.0000 0.0025
vn 0.9803 -0.1973 0.0042
vn -0.3824 0.9240 0.0005
vn -0.7077 0.7065 -0.0016
vn 0.9813 0.1924 0.0052
vn -0.9246 0.3810 -0.0034
vn -0.8298 -0.5580 -0.0054
vn 0.1959 -0.9806 -0.0016
vn -0.9812 0.1929 -0.0042
vn -0.8322 0.5544 -0.0026
vn 0.9250 0.3800 0.0053
vn 0.3847 0.9230 0.0042
vn 0.7090 0.7051 0.0051
vn 1.0000 -0.0025 0.0047
vn 0.9232 -0.3844 0.0034
vn -0.1943 0.9809 0.0016
vn 0.7065 -0.7077 0.0016
vn 0.1969 0.9804 0.0034
vn 0.0013 -1.0000 -0.0025
vn -0.3806 -0.9247 -0.0041
vn 0.5577 0.8300 0.0048
vn -0.7051 -0.7090 -0.0051
vn -0.9228 -0.3853 -0.0054
vn 0.8331 0.5531 0.0054
vn -1.0000 -0.0025 -0.0047
vn 0.0166 -0.9999 -0.0000
vn 0.6903 0.7235 -0.0000
vn 0.7187 -0.6953 -0.0000
vn 0.9999 0.0165 -0.0000
vn -0.2445 0.9697 -0.0000
vn -0.1383 0.9904 -0.0000
vn -0.0305 0.9995 -0.0000
vn -0.6846 -0.7289 -0.0000
vt 0.053261 0.802122
vt 0.035664 0.793556
vt 0.055556 0.793556
vt 0.037959 0.859227
vt 0.018438 0.857847
vt 0.024708 0.851577
vt 0.017057 0.823024
vt 0.008492 0.840620
vt 0.008492 0.820729
vt 0.074163 0.838325
vt 0.072783 0.857847
vt 0.066512 0.851576
vt 0.072783 0.803502
vt 0.066512 0.809773
vt 0.017057 0.838325
vt 0.759651 0.236742
vt 0.751085 0.219145
vt 0.759651 0.221440
vt 0.055556 0.867793
vt 0.053261 0.859227
vt 0.074163 0.823024
vt 0.082729 0.820729
vt 0.024708 0.809773
vt 0.037959 0.802122
vt 0.035664 0.867793
vt 0.082729 0.840620
vt 0.915727 0.083729
vt 0.938390 0.068427
vt 0.938390 0.083729
vt 0.915727 0.114331
vt 0.938390 0.099030
vt 0.938390 0.114331
vt 0.915727 0.144934
vt 0.938390 0.129633
vt 0.938390 0.144934
vt 0.385927 0.944544
vt 0.411633 0.913230
vt 0.411633 0.944544
vt 0.915727 0.175537
vt 0.938390 0.160235
vt 0.938390 0.175537
vt 0.915727 0.206139
vt 0.938390 0.190838
vt 0.938390 0.206139
vt 0.915727 0.236742
vt 0.938390 0.221440
vt 0.938390 0.236742
vt 0.392729 0.626002
vt 0.367023 0.587929
vt 0.392729 0.587929
vt 0.392739 0.626370
vt 0.367033 0.588297
vt 0.392739 0.588297
vt 0.392570 0.626370
vt 0.366864 0.588297
vt 0.392570 0.588297
vt 0.392065 0.586984
vt 0.366359 0.625057
vt 0.366358 0.586984
vt 0.392475 0.625222
vt 0.366769 0.587149
vt 0.392475 0.587149
vt 0.098480 0.984914
vt 0.128781 0.934861
vt 0.131181 0.983294
vt 0.324552 0.774464
vt 0.350258 0.659558
vt 0.350258 0.774464
vt 0.325226 0.775777
vt 0.350932 0.660871
vt 0.350932 0.775777
vt 0.411623 0.944176
vt 0.385917 0.912862
vt 0.411623 0.912862
vt 0.367033 0.731655
vt 0.367033 0.626370
vt 0.385758 0.944544
vt 0.411464 0.913230
vt 0.411464 0.944544
vt 0.385663 0.943396
vt 0.411369 0.912082
vt 0.411369 0.943396
vt 0.350258 0.928233
vt 0.324552 0.887298
vt 0.350258 0.887298
vt 0.325226 0.929546
vt 0.350932 0.888611
vt 0.350932 0.929546
vt 0.308861 0.730507
vt 0.324962 0.659723
vt 0.324962 0.774630
vt 0.203015 0.712239
vt 0.172547 0.742163
vt 0.169824 0.687207
vt 0.206741 0.688296
vt 0.167800 0.646359
vt 0.366769 0.730507
vt 0.392475 0.730507
vt 0.089444 0.802547
vt 0.096080 0.936481
vt 0.173330 0.559910
vt 0.134555 0.601420
vt 0.143669 0.554187
vt 0.137123 0.688827
vt 0.135099 0.647979
vt 0.350668 0.659723
vt 0.366769 0.625222
vt 0.375723 0.796911
vt 0.350668 0.774630
vt 0.375723 0.734902
vt 0.299907 0.796911
vt 0.324962 0.817830
vt 0.367023 0.731287
vt 0.392729 0.731287
vt 0.379575 0.815542
vt 0.405282 0.802674
vt 0.405282 0.815542
vt 0.352735 0.927365
vt 0.327029 0.886430
vt 0.352735 0.886430
vt 0.350668 0.849941
vt 0.350668 0.817830
vt 0.309115 0.731287
vt 0.325216 0.660503
vt 0.325216 0.775409
vt 0.282497 0.890651
vt 0.325216 0.850721
vt 0.325216 0.888243
vt 0.393641 0.890651
vt 0.350922 0.850721
vt 0.393641 0.836793
vt 0.375977 0.797691
vt 0.350922 0.775409
vt 0.375977 0.735682
vt 0.405536 0.816322
vt 0.379829 0.803453
vt 0.405536 0.803453
vt 0.350922 0.660503
vt 0.325216 0.929178
vt 0.350922 0.888243
vt 0.350922 0.929178
vt 0.350922 0.818610
vt 0.379839 0.816690
vt 0.405545 0.803821
vt 0.405545 0.816690
vt 0.325226 0.851088
vt 0.350932 0.818978
vt 0.350932 0.851088
vt 0.375987 0.798059
vt 0.375987 0.736050
vt 0.392739 0.731655
vt 0.366864 0.731655
vt 0.392570 0.731655
vt 0.300171 0.798059
vt 0.325226 0.818978
vt 0.308957 0.731655
vt 0.325057 0.660871
vt 0.325057 0.775777
vt 0.300003 0.798059
vt 0.325057 0.818978
vt 0.350764 0.660871
vt 0.366864 0.626370
vt 0.375818 0.798059
vt 0.350764 0.775777
vt 0.375818 0.736050
vt 0.379671 0.816690
vt 0.405377 0.803821
vt 0.405377 0.816690
vt 0.350764 0.929546
vt 0.325057 0.888611
vt 0.350764 0.888611
vt 0.350764 0.851089
vt 0.350764 0.818978
vt 0.308451 0.730342
vt 0.324552 0.659558
vt 0.299497 0.796746
vt 0.324552 0.817665
vt 0.324552 0.849775
vt 0.350258 0.817665
vt 0.350258 0.849775
vt 0.392065 0.730342
vt 0.392065 0.625057
vt 0.385253 0.943231
vt 0.410959 0.911917
vt 0.410959 0.943231
vt 0.404872 0.815377
vt 0.379166 0.802508
vt 0.404872 0.802508
vt 0.851024 0.083729
vt 0.915727 0.068427
vt 0.052560 0.968036
vt 0.067012 0.952734
vt 0.067012 0.968036
vt 0.851024 0.099030
vt 0.915727 0.099030
vt 0.052560 0.983337
vt 0.067012 0.983337
vt 0.851024 0.114331
vt 0.948007 0.533596
vt 0.557964 0.479113
vt 0.948007 0.479114
vt 0.851024 0.129633
vt 0.915727 0.129633
vt 0.021310 0.952709
vt 0.035762 0.937407
vt 0.035762 0.952709
vt 0.851024 0.144934
vt 0.021310 0.968010
vt 0.035762 0.968010
vt 0.851024 0.160235
vt 0.915727 0.160235
vt 0.021310 0.983311
vt 0.035762 0.983311
vt 0.851024 0.175537
vt 0.488059 0.282086
vt 0.520375 0.063579
vt 0.520375 0.282086
vt 0.915727 0.190838
vt 0.051522 0.897372
vt 0.066823 0.882920
vt 0.066823 0.897372
vt 0.851024 0.206139
vt 0.036221 0.897372
vt 0.051522 0.882920
vt 0.851024 0.221440
vt 0.915727 0.221440
vt 0.020919 0.882920
vt 0.020919 0.897372
vt 0.851024 0.236742
vt 0.589753 0.276734
vt 0.620275 0.058228
vt 0.620275 0.276734
vt 0.851024 0.068427
vt 0.915727 0.053126
vt 0.836572 0.068427
vt 0.851024 0.053126
vt 0.526915 0.058228
vt 0.494599 0.027706
vt 0.526916 0.027706
vt 0.557964 0.309259
vt 0.503482 0.366945
vt 0.503482 0.309259
vt 0.488059 0.033057
vt 0.520375 0.033058
vt 0.557437 0.058228
vt 0.589753 0.058228
vt 0.583213 0.282086
vt 0.613735 0.063579
vt 0.613735 0.282086
vt 0.526915 0.276734
vt 0.494599 0.058228
vt 0.948007 0.421428
vt 0.557964 0.421427
vt 0.557437 0.276734
vt 0.557964 0.366945
vt 0.948007 0.366945
vt 0.948007 0.309259
vt 0.550897 0.063579
vt 0.550897 0.282086
vt 0.583213 0.063579
vt 0.209319 0.591439
vt 0.163364 0.604294
vt 0.379575 0.802674
vt 0.393387 0.889871
vt 0.393387 0.836013
vt 0.296055 0.815542
vt 0.324962 0.849941
vt 0.282243 0.889871
vt 0.324962 0.887463
vt 0.379829 0.816322
vt 0.296309 0.816322
vt 0.325216 0.818610
vt 0.300161 0.797691
vt 0.296319 0.816690
vt 0.282507 0.891019
vt 0.325226 0.888611
vt 0.379839 0.803821
vt 0.393651 0.891019
vt 0.393651 0.837161
vt 0.379671 0.803821
vt 0.393483 0.891019
vt 0.393483 0.837161
vt 0.296150 0.816690
vt 0.325057 0.851089
vt 0.282338 0.891019
vt 0.295645 0.815377
vt 0.281833 0.889706
vt 0.139846 0.743783
vt 0.147088 0.889956
vt 0.759651 0.083729
vt 0.836572 0.083729
vt 0.759651 0.099030
vt 0.836572 0.099030
vt 0.759651 0.114331
vt 0.836572 0.114331
vt 0.759651 0.129633
vt 0.836572 0.129633
vt 0.759651 0.144934
vt 0.836572 0.144934
vt 0.759651 0.160235
vt 0.836572 0.160235
vt 0.759651 0.175536
vt 0.836572 0.175537
vt 0.836572 0.190838
vt 0.759651 0.206139
vt 0.836572 0.206139
vt 0.836572 0.221441
vt 0.836572 0.236742
vt 0.759651 0.068427
vt 0.836573 0.053126
vt 0.220160 0.554180
vt 0.099658 0.565221
vt 0.106630 0.529090
vt 0.350668 0.928398
vt 0.385663 0.912082
vt 0.324962 0.928398
vt 0.289967 0.912082
vt 0.195810 0.797276
vt 0.179790 0.888336
vt 0.385917 0.944176
vt 0.290221 0.912862
vt 0.385927 0.913230
vt 0.290231 0.913230
vt 0.385758 0.913230
vt 0.325057 0.929546
vt 0.290063 0.913230
vt 0.324552 0.928233
vt 0.289557 0.911916
vt 0.385253 0.911917
vt 0.077776 0.797520
vt 0.106569 0.717018
vt 0.110477 0.795900
vt 0.419094 0.836013
vt 0.401429 0.734902
vt 0.419347 0.836793
vt 0.401683 0.735682
vt 0.419357 0.891019
vt 0.401693 0.736050
vt 0.419189 0.837161
vt 0.401525 0.798059
vt 0.392977 0.835848
vt 0.418684 0.889706
vt 0.392977 0.889706
vt 0.375313 0.734737
vt 0.401019 0.796746
vt 0.375313 0.796746
vt 0.069997 0.559498
vt 0.076970 0.523366
vt 0.367023 0.626002
vt 0.081512 0.599051
vt 0.082293 0.665881
vt 0.100494 0.693560
vt 0.101305 0.709930
vt 0.122145 0.800926
vt 0.309125 0.731655
vt 0.325226 0.660871
vt 0.050395 0.666254
vt 0.049614 0.599424
vt 0.068604 0.711550
vt 0.379166 0.815377
vt 0.366359 0.730342
vt 0.751085 0.239037
vt 0.018437 0.803502
vt 0.308861 0.625222
vt 0.206923 0.791121
vt 0.207553 0.704666
vt 0.299907 0.734902
vt 0.327029 0.927365
vt 0.309116 0.626002
vt 0.282497 0.836793
vt 0.300171 0.736050
vt 0.308957 0.626370
vt 0.300002 0.736050
vt 0.308451 0.625057
vt 0.299497 0.734737
vt 0.052560 0.952734
vt 0.557964 0.533595
vt 0.021310 0.937407
vt 0.488059 0.063579
vt 0.851024 0.190838
vt 0.036221 0.882920
vt 0.494599 0.276734
vt 0.220160 0.653917
vt 0.350668 0.887463
vt 0.296055 0.802674
vt 0.282243 0.836013
vt 0.296309 0.803453
vt 0.300161 0.735682
vt 0.296319 0.803821
vt 0.282507 0.837160
vt 0.296150 0.803821
vt 0.282338 0.837161
vt 0.295645 0.802508
vt 0.281833 0.835848
vt 0.759651 0.190838
vt 0.759651 0.053126
vt 0.289967 0.943396
vt 0.202446 0.931211
vt 0.290221 0.944176
vt 0.290231 0.944544
vt 0.290063 0.944544
vt 0.289557 0.943231
vt 0.073868 0.718638
vt 0.419094 0.889871
vt 0.401429 0.796911
vt 0.419347 0.890651
vt 0.401683 0.797691
vt 0.419357 0.837161
vt 0.401693 0.798059
vt 0.419189 0.891019
vt 0.401525 0.736050
vt 0.418684 0.835848
vt 0.401019 0.734737
vt 0.309125 0.626370
vt 0.067793 0.695180
vt 0.228492 0.766132
vt 0.243272 0.773513
vt 0.228492 0.773513
vt 0.956618 0.068427
vt 0.956618 0.083729
vt 0.956618 0.099030
vt 0.956618 0.114331
vt 0.956618 0.129633
vt 0.956618 0.144934
vt 0.956618 0.160235
vt 0.956618 0.175537
vt 0.956618 0.190838
vt 0.956618 0.206139
vt 0.956618 0.221440
vt 0.956618 0.236742
vt 0.956618 0.053126
vt 0.256616 0.587695
vt 0.249486 0.570483
vt 0.260306 0.581303
vt 0.262738 0.562833
vt 0.266698 0.577613
vt 0.278039 0.562833
vt 0.274079 0.577613
vt 0.280471 0.581303
vt 0.291290 0.570483
vt 0.298941 0.583735
vt 0.284161 0.587695
vt 0.284161 0.595076
vt 0.298941 0.599036
vt 0.291290 0.612287
vt 0.280471 0.601468
vt 0.274079 0.605158
vt 0.278039 0.619938
vt 0.262738 0.619938
vt 0.266698 0.605158
vt 0.249486 0.612287
vt 0.260306 0.601468
vt 0.241836 0.599036
vt 0.256616 0.595076
vt 0.241836 0.583735
vt 0.150003 0.911632
vt 0.173858 0.918024
vt 0.156395 0.935487
vt 0.228492 0.788274
vt 0.243272 0.795655
vt 0.228492 0.795655
vt 0.228492 0.736609
vt 0.243272 0.743989
vt 0.228492 0.743989
vt 0.228492 0.721847
vt 0.243272 0.729228
vt 0.228492 0.729228
vt 0.228492 0.758751
vt 0.243272 0.766132
vt 0.243272 0.780893
vt 0.243272 0.788274
vt 0.243272 0.736609
vt 0.228492 0.803036
vt 0.243272 0.810416
vt 0.228492 0.810416
vt 0.228492 0.751370
vt 0.243272 0.758751
vt 0.228492 0.780893
vt 0.243272 0.803036
vt 0.243272 0.751370
vt 0.709475 0.020228
vt 0.751086 0.000337
vt 0.751086 0.020228
vt 0.709475 0.239037
vt 0.709475 0.219145
vt 0.751085 0.199254
vt 0.709475 0.199253
vt 0.751085 0.179362
vt 0.709475 0.159470
vt 0.751085 0.159470
vt 0.751085 0.139578
vt 0.709475 0.139578
vt 0.751085 0.119687
vt 0.709475 0.119687
vt 0.751085 0.099795
vt 0.709475 0.099795
vt 0.751085 0.079903
vt 0.709475 0.079903
vt 0.751085 0.060012
vt 0.662410 0.266209
vt 0.645184 0.201918
vt 0.709475 0.060012
vt 0.751085 0.040120
vt 0.709475 0.040120
vt 0.938390 0.053126
vt 0.150003 0.931796
vt 0.146312 0.925404
vt 0.146312 0.918024
vt 0.156395 0.907941
vt 0.163775 0.907941
vt 0.170167 0.911632
vt 0.173858 0.925404
vt 0.170167 0.931796
vt 0.163775 0.935487
vt 0.243272 0.721847
vt 0.709475 0.000336
vt 0.709475 0.179362
vt 0.699529 0.256264
vt 0.682302 0.266209
vt 0.645184 0.256264
vt 0.635238 0.239037
vt 0.635238 0.219145
vt 0.662410 0.191973
vt 0.682302 0.191973
vt 0.699529 0.201918
vt 0.241622 0.510735
vt 0.262199 0.510897
vt 0.286090 0.562227
vt 0.489608 0.005306
vt 0.412377 0.408469
vt 0.393727 0.416523
vt 0.489280 0.541730
vt 0.476932 0.554704
vt 0.467015 0.487651
vt 0.355586 0.650679
vt 0.322106 0.581599
vt 0.355325 0.581474
vt 0.355122 0.527739
vt 0.321971 0.545776
vt 0.321904 0.527865
vt 0.355189 0.545651
vt 0.322039 0.563688
vt 0.322571 0.704539
vt 0.355721 0.686502
vt 0.355789 0.704413
vt 0.322503 0.686627
vt 0.355654 0.668590
vt 0.322435 0.668716
vt 0.359014 0.718922
vt 0.466215 0.740939
vt 0.359014 0.740939
vt 0.524386 0.718922
vt 0.496445 0.740938
vt 0.496445 0.718922
vt 0.465644 0.774585
vt 0.465073 0.808231
vt 0.597839 0.740938
vt 0.554889 0.718922
vt 0.597839 0.718922
vt 0.422129 0.652351
vt 0.465644 0.685276
vt 0.466215 0.718922
vt 0.554889 0.740938
vt 0.539637 0.718922
vt 0.539637 0.740938
vt 0.481330 0.718922
vt 0.481330 0.740938
vt 0.387036 0.496738
vt 0.390568 0.561476
vt 0.373158 0.557269
vt 0.360184 0.544921
vt 0.459751 0.559766
vt 0.413904 0.510586
vt 0.493487 0.524320
vt 0.289409 0.496661
vt 0.303742 0.557895
vt 0.316852 0.545313
vt 0.213057 0.493957
vt 0.216178 0.560147
vt 0.199008 0.555032
vt 0.186683 0.541999
vt 0.182530 0.524541
vt 0.480205 0.713200
vt 0.485803 0.699160
vt 0.485331 0.671223
vt 0.479258 0.657233
vt 0.465073 0.651630
vt 0.479258 0.802628
vt 0.485803 0.760701
vt 0.480205 0.746661
vt 0.485331 0.788638
vt 0.353162 0.008700
vt 0.320336 0.112629
vt 0.319944 0.008825
vt 0.353554 0.112504
vt 0.351243 0.008725
vt 0.015007 0.718923
vt 0.015007 0.740939
vt 0.182530 0.004687
vt 0.263125 0.406809
vt 0.242722 0.406644
vt 0.322372 0.007743
vt 0.069176 0.510735
vt 0.089753 0.510897
vt 0.113644 0.562227
vt 0.317162 0.005306
vt 0.239931 0.408469
vt 0.221281 0.416523
vt 0.316834 0.541730
vt 0.304486 0.554704
vt 0.294569 0.487651
vt 0.183140 0.650679
vt 0.149661 0.581599
vt 0.182879 0.581474
vt 0.182676 0.527740
vt 0.149525 0.545776
vt 0.149458 0.527865
vt 0.182744 0.545651
vt 0.149593 0.563688
vt 0.150125 0.704539
vt 0.183276 0.686502
vt 0.183343 0.704413
vt 0.150057 0.686627
vt 0.183208 0.668590
vt 0.149990 0.668716
vt 0.358473 0.718923
vt 0.465674 0.740939
vt 0.358473 0.740939
vt 0.523845 0.718922
vt 0.495904 0.740938
vt 0.495904 0.718922
vt 0.465103 0.774585
vt 0.464532 0.808231
vt 0.597298 0.740938
vt 0.554348 0.718922
vt 0.597298 0.718922
vt 0.421588 0.652351
vt 0.465103 0.685276
vt 0.465674 0.718922
vt 0.554348 0.740938
vt 0.539097 0.718922
vt 0.539097 0.740938
vt 0.480789 0.718922
vt 0.480790 0.740939
vt 0.214590 0.496738
vt 0.218122 0.561476
vt 0.200712 0.557269
vt 0.187738 0.544921
vt 0.287305 0.559766
vt 0.241458 0.510587
vt 0.321041 0.524320
vt 0.116963 0.496661
vt 0.131296 0.557895
vt 0.144407 0.545313
vt 0.040612 0.493957
vt 0.043732 0.560147
vt 0.026563 0.555032
vt 0.014238 0.541999
vt 0.010084 0.524541
vt 0.479664 0.713200
vt 0.485262 0.699160
vt 0.484790 0.671223
vt 0.478717 0.657233
vt 0.464532 0.651630
vt 0.478718 0.802628
vt 0.485262 0.760701
vt 0.479664 0.746661
vt 0.484790 0.788638
vt 0.180716 0.008700
vt 0.147890 0.112629
vt 0.147498 0.008825
vt 0.181108 0.112504
vt 0.178797 0.008725
vt 0.014467 0.718923
vt 0.014467 0.740940
vt 0.010084 0.004687
vt 0.090679 0.406809
vt 0.070276 0.406644
vt 0.149926 0.007743
vt 0.041319 0.640085
vt 0.048123 0.567897
vt 0.048068 0.640090
vt 0.091856 0.640067
vt 0.088455 0.567875
vt 0.095205 0.567872
vt 0.081814 0.640078
vt 0.034570 0.640080
vt 0.041374 0.567892
vt 0.081706 0.567885
vt 0.031332 0.567879
vt 0.074957 0.567895
vt 0.024528 0.640068
vt 0.021290 0.567867
vt 0.068316 0.640098
vt 0.075065 0.640088
vt 0.017778 0.640055
vt 0.112104 0.640045
vt 0.105247 0.567862
vt 0.111996 0.567852
vt 0.061567 0.640100
vt 0.064915 0.567905
vt 0.105355 0.640055
vt 0.011247 0.567842
vt 0.054872 0.567902
vt 0.054817 0.640095
vt 0.098605 0.640065
vt 0.118745 0.567842
vt 0.118853 0.640035
vt 0.203386 0.653880
vt 0.252675 0.674297
vt 0.216271 0.718655
vt 0.247843 0.705742
vt 0.199276 0.710525
vt 0.199276 0.657175
vt 0.375498 0.480017
vt 0.474507 0.468769
vt 0.471095 0.438735
vt 0.371238 0.460154
vt 0.459557 0.422014
vt 0.379579 0.431101
vt 0.432689 0.408165
vt 0.322368 0.650804
vt 0.355257 0.563563
vt 0.524386 0.740938
vt 0.422129 0.807510
vt 0.443938 0.507174
vt 0.203707 0.479271
vt 0.301010 0.479645
vt 0.305221 0.459500
vt 0.199888 0.459461
vt 0.204282 0.437423
vt 0.300863 0.438172
vt 0.223782 0.414267
vt 0.289721 0.421211
vt 0.203053 0.480017
vt 0.302061 0.468769
vt 0.298649 0.438735
vt 0.198792 0.460154
vt 0.287111 0.422014
vt 0.207133 0.431101
vt 0.260243 0.408165
vt 0.149922 0.650804
vt 0.182811 0.563562
vt 0.523845 0.740938
vt 0.421588 0.807510
vt 0.271492 0.507174
vt 0.031261 0.479271
vt 0.128564 0.479645
vt 0.132775 0.459500
vt 0.027442 0.459461
vt 0.031836 0.437423
vt 0.128417 0.438171
vt 0.051336 0.414267
vt 0.117276 0.421211
vt 0.011029 0.640034
vt 0.186631 0.674296
vt 0.192978 0.662422
vt 0.223036 0.649972
vt 0.235920 0.653880
vt 0.246328 0.662422
vt 0.252675 0.694331
vt 0.241545 0.710989
vt 0.229670 0.717336
vt 0.197762 0.710989
vt 0.186631 0.694331
vt 0.211151 0.650828
vt 0.224551 0.649509
vt 0.237435 0.653417
vt 0.247843 0.661959
vt 0.254190 0.673833
vt 0.254190 0.693868
vt 0.237435 0.714284
vt 0.224550 0.718192
vt 0.211151 0.716872
vt 0.190735 0.700117
vt 0.186826 0.687233
vt 0.190735 0.667583
vt 0.566835 0.188397
vt 0.972358 0.174418
vt 0.972430 0.185814
vt 0.565584 0.122015
vt 0.971579 0.102075
vt 0.971813 0.122275
vt 0.565029 0.100217
vt 0.971543 0.080541
vt 0.566762 0.177004
vt 0.972183 0.152884
vt 0.566458 0.155205
vt 0.971945 0.132683
vt 0.971603 0.069150
vt 0.565316 0.045226
vt 0.971864 0.047617
vt 0.566100 0.023436
vt 0.972308 0.027420
vt 0.972549 0.227551
vt 0.566808 0.210198
vt 0.972530 0.207349
vt 0.565899 0.133407
vt 0.566533 0.012048
vt 0.564916 0.067024
vt 0.564857 0.078417
vt 0.566527 0.232001
vt 0.972549 0.017014
vt 0.463198 0.188097
vt 0.370971 0.188097
vt 0.463198 0.172459
vt 0.463198 0.203734
vt 0.370971 0.172460
vt 0.370971 0.203734
vt 0.463198 0.156822
vt 0.463198 0.219372
vt 0.370971 0.156822
vt 0.370971 0.219372
vt 0.463198 0.235009
vt 0.370971 0.235009
vt 0.463198 0.141185
vt 0.370971 0.141185
vt 0.463198 0.250647
vt 0.370971 0.250647
vt 0.463198 0.125547
vt 0.370971 0.125547
vt 0.463198 0.109910
vt 0.463198 0.266284
vt 0.370971 0.109910
vt 0.370971 0.266284
vt 0.463198 0.281921
vt 0.463197 0.094272
vt 0.370971 0.094272
vt 0.370971 0.281921
vt 0.463198 0.078635
vt 0.370971 0.297559
vt 0.370971 0.078635
vt 0.463198 0.297559
vt 0.463197 0.062998
vt 0.370971 0.062998
vt 0.463198 0.313196
vt 0.370971 0.313196
vt 0.463198 0.328834
vt 0.463197 0.047360
vt 0.370971 0.047360
vt 0.370971 0.328834
vt 0.463198 0.344471
vt 0.370971 0.344471
vt 0.463197 0.031723
vt 0.370971 0.547757
vt 0.370971 0.532120
vt 0.463197 0.532120
vt 0.463197 0.516482
vt 0.463198 0.360108
vt 0.370971 0.516482
vt 0.370971 0.360108
vt 0.463197 0.500845
vt 0.463198 0.375746
vt 0.370971 0.375746
vt 0.370971 0.500845
vt 0.463198 0.391383
vt 0.463198 0.485208
vt 0.370971 0.391383
vt 0.370971 0.485208
vt 0.463198 0.407021
vt 0.463198 0.469570
vt 0.370971 0.407021
vt 0.370971 0.469570
vt 0.463198 0.422658
vt 0.463198 0.453933
vt 0.370971 0.453933
vt 0.370971 0.422658
vt 0.463198 0.438295
vt 0.370971 0.438295
vt 0.904258 0.728522
vt 0.918833 0.703896
vt 0.913384 0.731290
vt 0.674265 0.605589
vt 0.686645 0.579788
vt 0.692694 0.587160
vt 0.894285 0.752601
vt 0.902695 0.757096
vt 0.709869 0.564270
vt 0.714364 0.572680
vt 0.879805 0.774271
vt 0.887177 0.780320
vt 0.735674 0.553581
vt 0.738442 0.562707
vt 0.861377 0.792700
vt 0.867426 0.800071
vt 0.764004 0.557622
vt 0.763069 0.548132
vt 0.714364 0.807179
vt 0.735675 0.826278
vt 0.709869 0.815589
vt 0.839707 0.807179
vt 0.844202 0.815589
vt 0.791001 0.548132
vt 0.790067 0.557622
vt 0.692694 0.792700
vt 0.686645 0.800071
vt 0.815628 0.817153
vt 0.818396 0.826278
vt 0.818396 0.553581
vt 0.815628 0.562706
vt 0.666894 0.780321
vt 0.674265 0.774271
vt 0.790066 0.822237
vt 0.791001 0.831727
vt 0.844202 0.564270
vt 0.839706 0.572680
vt 0.651376 0.757096
vt 0.659786 0.752601
vt 0.764004 0.822237
vt 0.763070 0.831727
vt 0.867426 0.579788
vt 0.861377 0.587160
vt 0.640687 0.731291
vt 0.649812 0.728523
vt 0.738443 0.817153
vt 0.879805 0.605589
vt 0.887177 0.599539
vt 0.635238 0.703896
vt 0.644728 0.702961
vt 0.894285 0.627259
vt 0.902695 0.622764
vt 0.635238 0.675964
vt 0.644728 0.676899
vt 0.904258 0.651337
vt 0.913384 0.648569
vt 0.640687 0.648569
vt 0.649812 0.651337
vt 0.909343 0.676899
vt 0.918833 0.675964
vt 0.651376 0.622764
vt 0.659786 0.627259
vt 0.909343 0.702961
vt 0.666894 0.599539
vt 0.838989 0.809207
vt 0.866361 0.801933
vt 0.843243 0.817380
vt 0.814910 0.819181
vt 0.817556 0.828020
vt 0.790287 0.833444
vt 0.789349 0.824265
vt 0.762483 0.833444
vt 0.763286 0.824265
vt 0.735214 0.828020
vt 0.737725 0.819181
vt 0.709527 0.817380
vt 0.713646 0.809207
vt 0.686409 0.801933
vt 0.691976 0.794728
vt 0.666749 0.782273
vt 0.673547 0.776299
vt 0.651302 0.759155
vt 0.659068 0.754629
vt 0.640662 0.733468
vt 0.649094 0.730550
vt 0.635238 0.706199
vt 0.644010 0.704989
vt 0.635238 0.678395
vt 0.644010 0.678926
vt 0.640662 0.651126
vt 0.649094 0.653365
vt 0.651302 0.625439
vt 0.659068 0.629286
vt 0.666749 0.602321
vt 0.673547 0.607616
vt 0.686409 0.582661
vt 0.691976 0.589188
vt 0.709527 0.567214
vt 0.713646 0.574708
vt 0.735214 0.556574
vt 0.737725 0.564735
vt 0.762483 0.551150
vt 0.763286 0.559650
vt 0.789349 0.559650
vt 0.790287 0.551150
vt 0.814910 0.564735
vt 0.817556 0.556574
vt 0.838989 0.574708
vt 0.843243 0.567214
vt 0.860659 0.589188
vt 0.866361 0.582661
vt 0.879088 0.607616
vt 0.886021 0.602321
vt 0.893567 0.629287
vt 0.901468 0.625439
vt 0.903541 0.653365
vt 0.912108 0.651126
vt 0.908625 0.678927
vt 0.917532 0.678395
vt 0.908625 0.704989
vt 0.917532 0.706199
vt 0.903541 0.730551
vt 0.912108 0.733468
vt 0.893567 0.754629
vt 0.901468 0.759155
vt 0.879087 0.776299
vt 0.886021 0.782273
vt 0.860659 0.794728
vt 0.232807 0.594563
vt 0.240762 0.603562
vt 0.232461 0.601632
vt 0.198973 0.580562
vt 0.209438 0.566528
vt 0.210555 0.575731
vt 0.197826 0.612659
vt 0.207263 0.627403
vt 0.191235 0.619333
vt 0.217574 0.576043
vt 0.210243 0.566457
vt 0.219474 0.566967
vt 0.057949 0.714444
vt 0.046703 0.646475
vt 0.058043 0.646457
vt 0.029269 0.714404
vt 0.040703 0.646467
vt 0.040609 0.714454
vt 0.018631 0.714308
vt 0.029363 0.646417
vt 0.068587 0.714377
vt 0.068682 0.646391
vt 0.096047 0.714255
vt 0.102141 0.646276
vt 0.102047 0.714263
vt 0.084706 0.714272
vt 0.074163 0.646352
vt 0.084801 0.646286
vt 0.013150 0.714255
vt 0.018725 0.646321
vt 0.113481 0.646325
vt 0.113387 0.714312
vt 0.096141 0.646268
vt 0.074068 0.714339
vt 0.046609 0.714462
vt 0.124119 0.646422
vt 0.124025 0.714408
vt 0.228709 0.581829
vt 0.241256 0.593453
vt 0.235398 0.575242
vt 0.227141 0.613906
vt 0.216500 0.627796
vt 0.215494 0.618578
vt 0.185140 0.601200
vt 0.193564 0.599979
vt 0.193817 0.592905
vt 0.185502 0.591086
vt 0.192875 0.573434
vt 0.209034 0.618303
vt 0.233155 0.621113
vt 0.211118 0.575686
vt 0.013244 0.646268
vt 0.210617 0.819606
vt 0.118606 0.996451
vt 0.118606 0.819606
vt 0.316598 0.638264
vt 0.295815 0.658845
vt 0.291751 0.641371
vt 0.062210 0.819606
vt 0.006945 0.996451
vt 0.006945 0.819605
vt 0.267978 0.641369
vt 0.273802 0.643137
vt 0.315475 0.638254
vt 0.285919 0.643221
vt 0.291742 0.641452
vt 0.243029 0.638456
vt 0.243338 0.586724
vt 0.249404 0.606719
vt 0.523274 0.996451
vt 0.495075 0.819605
vt 0.523274 0.819605
vt 0.495075 0.996451
vt 0.466877 0.819605
vt 0.090408 0.996451
vt 0.062210 0.996451
vt 0.090408 0.819606
vt 0.323961 0.819606
vt 0.261522 0.996451
vt 0.261522 0.819606
vt 0.244234 0.638171
vt 0.244241 0.586658
vt 0.249416 0.606634
vt 0.250272 0.652759
vt 0.262611 0.638499
vt 0.264856 0.658808
vt 0.254048 0.629934
vt 0.257908 0.634638
vt 0.349414 0.996451
vt 0.323961 0.996451
vt 0.349414 0.819605
vt 0.374867 0.996451
vt 0.236070 0.996451
vt 0.210617 0.996451
vt 0.236069 0.819606
vt 0.466877 0.996451
vt 0.294873 0.658884
vt 0.267968 0.641461
vt 0.273800 0.643230
vt 0.309443 0.652836
vt 0.262585 0.638580
vt 0.263919 0.658955
vt 0.249275 0.653010
vt 0.253970 0.629908
vt 0.257859 0.634689
vt 0.248790 0.573597
vt 0.267994 0.584120
vt 0.262630 0.586983
vt 0.257926 0.590834
vt 0.310013 0.573608
vt 0.308528 0.600913
vt 0.305660 0.595550
vt 0.316413 0.586632
vt 0.310337 0.618753
vt 0.310925 0.612692
vt 0.291735 0.584013
vt 0.310960 0.573486
vt 0.297807 0.568042
vt 0.262615 0.586884
vt 0.249695 0.573494
vt 0.262859 0.568042
vt 0.273803 0.582250
vt 0.267981 0.584016
vt 0.257911 0.590744
vt 0.297127 0.638494
vt 0.301533 0.634870
vt 0.310444 0.652850
vt 0.285921 0.643141
vt 0.279861 0.643735
vt 0.297106 0.638584
vt 0.301808 0.634724
vt 0.250949 0.624158
vt 0.251132 0.624484
vt 0.254062 0.595528
vt 0.251184 0.600892
vt 0.249389 0.618838
vt 0.248796 0.612795
vt 0.251180 0.624567
vt 0.254051 0.595447
vt 0.251183 0.600812
vt 0.249414 0.618744
vt 0.248819 0.612689
vt 0.374867 0.819605
vt 0.279861 0.643821
vt 0.261929 0.568160
vt 0.273814 0.582357
vt 0.296856 0.568160
vt 0.315465 0.586765
vt 0.305666 0.630021
vt 0.308532 0.624657
vt 0.279865 0.581764
vt 0.310296 0.618837
vt 0.310891 0.612784
vt 0.285917 0.582360
vt 0.291737 0.584125
vt 0.310294 0.606732
vt 0.297100 0.586992
vt 0.301801 0.590850
vt 0.297102 0.586875
vt 0.301886 0.634594
vt 0.305612 0.630063
vt 0.301807 0.590729
vt 0.305671 0.595429
vt 0.308548 0.624621
vt 0.308545 0.600796
vt 0.310320 0.606625
vt 0.285913 0.582248
vt 0.279858 0.581653
vt 0.049333 0.393103
vt 0.056719 0.367919
vt 0.057243 0.393467
vt 0.049014 0.367742
vt 0.058216 0.341468
vt 0.050214 0.341489
vt 0.056363 0.315434
vt 0.048549 0.315527
vt 0.056812 0.288256
vt 0.048704 0.288517
vt 0.053956 0.261559
vt 0.046032 0.261886
vt 0.053463 0.233539
vt 0.045241 0.234071
vt 0.049528 0.206077
vt 0.041484 0.206725
vt 0.047846 0.177070
vt 0.039481 0.178037
vt 0.042244 0.148682
vt 0.034042 0.149940
vt 0.038224 0.118329
vt 0.029619 0.120286
vt 0.028899 0.088586
vt 0.020130 0.091446
vt 0.018582 0.057989
vt 0.180339 0.484432
vt 0.200389 0.463003
vt 0.186607 0.488547
vt 0.199605 0.432092
vt 0.192339 0.459952
vt 0.206428 0.405494
vt 0.207244 0.434157
vt 0.209195 0.377809
vt 0.214289 0.406953
vt 0.213208 0.351192
vt 0.216807 0.378743
vt 0.214126 0.323709
vt 0.221057 0.351885
vt 0.216784 0.297118
vt 0.221776 0.324113
vt 0.216582 0.269747
vt 0.224696 0.297386
vt 0.218218 0.243158
vt 0.224315 0.269797
vt 0.216997 0.215890
vt 0.226228 0.243098
vt 0.217544 0.189326
vt 0.224825 0.215629
vt 0.215034 0.162241
vt 0.225652 0.188924
vt 0.213874 0.135800
vt 0.222937 0.161574
vt 0.208829 0.109207
vt 0.222050 0.134794
vt 0.203469 0.083531
vt 0.216702 0.107579
vt 0.191969 0.059762
vt 0.211380 0.080836
vt 0.038478 0.467473
vt 0.033685 0.493445
vt 0.026911 0.489005
vt 0.051199 0.444065
vt 0.046291 0.470494
vt 0.044019 0.442955
vt 0.053886 0.419402
vt 0.046359 0.418638
vt 0.167973 0.137966
vt 0.160215 0.105757
vt 0.169987 0.106548
vt 0.340828 0.188084
vt 0.330506 0.216454
vt 0.331876 0.187947
vt 0.169529 0.167784
vt 0.158204 0.137724
vt 0.339704 0.216743
vt 0.331817 0.245671
vt 0.168727 0.198273
vt 0.160191 0.167626
vt 0.340723 0.245998
vt 0.329767 0.274029
vt 0.170397 0.227292
vt 0.159283 0.198221
vt 0.338930 0.274543
vt 0.330324 0.303213
vt 0.169276 0.256968
vt 0.161321 0.227102
vt 0.339206 0.303762
vt 0.327577 0.331501
vt 0.165183 0.423701
vt 0.158650 0.395956
vt 0.167011 0.396460
vt 0.170358 0.285248
vt 0.160090 0.256773
vt 0.336719 0.332214
vt 0.327561 0.360707
vt 0.167260 0.449749
vt 0.156610 0.423578
vt 0.168619 0.314106
vt 0.161530 0.284878
vt 0.333693 0.389740
vt 0.336426 0.361379
vt 0.172467 0.476584
vt 0.158775 0.450670
vt 0.169061 0.341645
vt 0.159683 0.313716
vt 0.333784 0.418815
vt 0.324539 0.389054
vt 0.179868 0.501131
vt 0.164290 0.478478
vt 0.166835 0.369685
vt 0.160476 0.341108
vt 0.332774 0.447174
vt 0.324877 0.418477
vt 0.345704 0.039273
vt 0.332481 0.068820
vt 0.335382 0.037141
vt 0.158135 0.369184
vt 0.337202 0.475910
vt 0.323464 0.447492
vt 0.342453 0.069975
vt 0.329673 0.099297
vt 0.345704 0.502226
vt 0.328339 0.477886
vt 0.339303 0.099868
vt 0.331184 0.129587
vt 0.171549 0.075379
vt 0.169558 0.040345
vt 0.179868 0.044214
vt 0.340279 0.129776
vt 0.329987 0.158530
vt 0.160811 0.073588
vt 0.339275 0.158705
vt 0.122208 0.205692
vt 0.123136 0.223048
vt 0.124394 0.319278
vt 0.124473 0.335667
vt 0.094039 0.345321
vt 0.091575 0.336125
vt 0.124016 0.263348
vt 0.124518 0.280135
vt 0.090791 0.373249
vt 0.063041 0.365019
vt 0.093187 0.364097
vt 0.063050 0.344329
vt 0.025431 0.058675
vt 0.034882 0.082805
vt 0.124579 0.492912
vt 0.085944 0.477883
vt 0.120880 0.479912
vt 0.153167 0.366055
vt 0.153654 0.344209
vt 0.284971 0.491514
vt 0.338011 0.505703
vt 0.287163 0.521942
vt 0.116481 0.077424
vt 0.117514 0.099246
vt 0.119269 0.145264
vt 0.120497 0.163674
vt 0.093423 0.310040
vt 0.121824 0.309192
vt 0.080586 0.488869
vt 0.051830 0.469042
vt 0.288529 0.380899
vt 0.289873 0.363722
vt 0.284891 0.441480
vt 0.286154 0.422659
vt 0.091310 0.319398
vt 0.062713 0.312212
vt 0.044384 0.120545
vt 0.048767 0.144216
vt 0.293958 0.267009
vt 0.294468 0.250204
vt 0.291912 0.323620
vt 0.292899 0.306779
vt 0.122046 0.446629
vt 0.088026 0.455485
vt 0.086741 0.445265
vt 0.154532 0.310599
vt 0.154589 0.288215
vt 0.091636 0.235013
vt 0.088395 0.225482
vt 0.056788 0.448240
vt 0.127463 0.519765
vt 0.290543 0.092519
vt 0.289969 0.072326
vt 0.293109 0.153048
vt 0.292641 0.135540
vt 0.294368 0.210380
vt 0.294372 0.193449
vt 0.123454 0.374054
vt 0.123234 0.390341
vt 0.058784 0.236201
vt 0.121990 0.429225
vt 0.053480 0.179609
vt 0.056025 0.202191
vt 0.250092 0.064169
vt 0.286956 0.059755
vt 0.154724 0.253691
vt 0.154260 0.230697
vt 0.087978 0.427577
vt 0.088710 0.197639
vt 0.119002 0.195084
vt 0.249599 0.076052
vt 0.215524 0.076103
vt 0.090475 0.389861
vt 0.260283 0.193386
vt 0.260363 0.210602
vt 0.257423 0.136875
vt 0.258379 0.154564
vt 0.252556 0.095964
vt 0.073669 0.514976
vt 0.087042 0.207742
vt 0.060377 0.258030
vt 0.290913 0.015179
vt 0.242449 0.037870
vt 0.233582 0.024876
vt 0.153709 0.195132
vt 0.152942 0.171416
vt 0.151679 0.420572
vt 0.206209 0.055415
vt 0.198494 0.055508
vt 0.151994 0.398978
vt 0.120788 0.400249
vt 0.061882 0.291009
vt 0.259016 0.304525
vt 0.257893 0.321723
vt 0.260625 0.248994
vt 0.260078 0.266126
vt 0.259234 0.126821
vt 0.289845 0.124798
vt 0.152470 0.134410
vt 0.152454 0.109459
vt 0.226673 0.131285
vt 0.249583 0.418440
vt 0.246670 0.437584
vt 0.255515 0.360497
vt 0.253752 0.378056
vt 0.156992 0.476279
vt 0.256458 0.106076
vt 0.154813 0.069077
vt 0.160326 0.042484
vt 0.084004 0.167127
vt 0.081912 0.148324
vt 0.076492 0.104098
vt 0.072573 0.082226
vt 0.228403 0.513091
vt 0.237048 0.485294
vt 0.154006 0.454103
vt 0.119490 0.457566
vt 0.223724 0.109676
vt 0.325461 0.064592
vt 0.262623 0.183804
vt 0.291940 0.183036
vt 0.320481 0.475142
vt 0.318195 0.450976
vt 0.328964 0.039509
vt 0.286007 0.032051
vt 0.230527 0.185808
vt 0.324007 0.126238
vt 0.261221 0.164157
vt 0.319072 0.391933
vt 0.090849 0.281573
vt 0.090055 0.264429
vt 0.324113 0.102592
vt 0.288101 0.104167
vt 0.229639 0.164336
vt 0.122432 0.290433
vt 0.121263 0.233731
vt 0.121125 0.253054
vt 0.118734 0.174918
vt 0.115433 0.111831
vt 0.115812 0.133974
vt 0.114624 0.033729
vt 0.113107 0.063815
vt 0.281567 0.453098
vt 0.281768 0.477292
vt 0.284511 0.411384
vt 0.285166 0.391303
vt 0.322123 0.334359
vt 0.288321 0.353069
vt 0.288744 0.333824
vt 0.324378 0.277004
vt 0.291124 0.296305
vt 0.291055 0.277240
vt 0.325185 0.219577
vt 0.292381 0.239804
vt 0.291744 0.220726
vt 0.324675 0.161791
vt 0.290718 0.163688
vt 0.119608 0.418936
vt 0.122168 0.345666
vt 0.121138 0.364064
vt 0.061812 0.396549
vt 0.090939 0.418227
vt 0.060365 0.416966
vt 0.092547 0.399152
vt 0.262736 0.220137
vt 0.231244 0.240199
vt 0.231384 0.218722
vt 0.263338 0.239578
vt 0.262125 0.275717
vt 0.229832 0.294663
vt 0.230768 0.273137
vt 0.262067 0.295184
vt 0.259650 0.331438
vt 0.226341 0.349346
vt 0.228128 0.327705
vt 0.258942 0.351124
vt 0.255193 0.388103
vt 0.219866 0.404702
vt 0.223033 0.382717
vt 0.253669 0.408668
vt 0.213167 0.439072
vt 0.243700 0.473532
vt 0.206531 0.461756
vt 0.247497 0.448884
vt 0.072950 0.069125
vt 0.066559 0.039417
vt 0.083272 0.137458
vt 0.081278 0.114892
vt 0.087754 0.177017
vt 0.091945 0.254751
vt 0.093689 0.290894
vt 0.056664 0.025195
vt 0.119881 0.015179
vt 0.317968 0.414800
vt 0.320769 0.356954
vt 0.323472 0.299592
vt 0.324868 0.242232
vt 0.324821 0.184658
vt 0.009813 0.061933
vt 0.172648 0.504207
vt 0.489863 0.632665
vt 0.457290 0.585440
vt 0.489863 0.585440
vt 0.556644 0.632665
vt 0.540452 0.585440
vt 0.556644 0.585440
vt 0.506172 0.632665
vt 0.540452 0.632665
vt 0.506172 0.585440
vt 0.545275 0.644195
vt 0.590017 0.689389
vt 0.545755 0.678472
vt 0.383404 0.632665
vt 0.362342 0.585440
vt 0.383404 0.585440
vt 0.621737 0.632665
vt 0.590017 0.528716
vt 0.621737 0.585440
vt 0.545755 0.539634
vt 0.557446 0.528264
vt 0.545275 0.573910
vt 0.557446 0.689842
vt 0.457290 0.632665
vt 0.362342 0.632665
vt 0.642307 0.580916
vt 0.642307 0.637190
s 1
usemtl SpacialRoverExploreralumWhite
f 361/526/114 363/527/114 289/528/114
f 278/529/119 374/530/119 376/531/119
f 287/532/119 288/533/119 371/534/119
f 286/535/135 289/536/136 281/537/136
f 282/538/137 449/539/138 448/540/137
f 284/541/138 290/542/139 449/539/138
f 290/542/140 281/537/136 289/536/136
f 409/543/141 287/544/142 285/545/141
f 293/546/142 288/547/143 287/544/142
f 292/548/144 286/535/135 288/547/144
f 278/549/145 404/550/146 280/551/145
f 396/552/147 405/553/148 398/554/148
f 280/551/114 453/555/114 402/556/114
f 279/557/149 395/558/150 277/559/149
f 277/560/119 452/561/119 399/562/119
f 402/563/150 397/564/151 395/558/150
f 403/565/152 396/552/147 397/564/152
f 405/553/148 400/566/153 398/554/148
f 406/567/154 399/562/146 400/566/154
f 377/568/119 281/569/119 283/570/119
f 283/570/119 284/571/119 377/568/119
f 282/538/119 377/568/119 284/571/119
f 286/572/119 377/568/119 373/573/119
f 371/534/119 285/574/119 287/532/119
f 371/534/119 288/533/119 286/572/119
f 289/528/114 367/575/114 290/576/114
f 290/576/114 367/575/114 449/577/114
f 446/578/114 291/579/114 292/580/114
f 293/581/114 409/582/114 446/578/114
f 292/580/114 293/581/114 446/578/114
f 367/575/114 448/540/114 449/577/114
f 399/562/119 452/561/119 400/583/119
f 400/583/119 452/561/119 398/584/119
f 398/584/119 452/561/119 396/585/119
f 397/586/119 452/561/119 395/587/119
f 396/585/119 452/561/119 397/586/119
f 402/556/114 453/555/114 403/588/114
f 405/589/114 453/555/114 406/590/114
f 406/590/114 453/555/114 404/550/114
f 403/588/114 453/555/114 401/591/114
f 401/591/114 453/555/114 405/589/114
f 277/592/155 382/593/156 279/594/155
f 278/529/119 381/595/119 277/596/119
f 381/595/156 448/540/137 382/593/156
f 285/597/141 280/551/157 409/598/141
f 280/599/114 364/600/114 362/601/114
f 382/593/114 280/599/114 279/602/114
f 472/603/114 474/604/114 466/605/114
f 455/606/119 485/607/119 487/608/119
f 464/609/119 465/610/119 482/611/119
f 463/612/135 466/613/136 458/614/136
f 459/615/137 512/616/138 511/617/137
f 461/618/138 467/619/139 512/616/138
f 467/619/140 458/614/136 466/613/136
f 508/620/141 464/621/142 462/622/141
f 470/623/142 465/624/143 464/621/142
f 469/625/144 463/612/135 465/624/144
f 455/626/145 503/627/146 457/628/145
f 495/629/147 504/630/148 497/631/148
f 457/628/114 516/632/114 501/633/114
f 456/634/149 494/635/150 454/636/149
f 454/637/119 515/638/119 498/639/119
f 501/640/150 496/641/151 494/635/150
f 502/642/152 495/629/147 496/641/152
f 504/630/148 499/643/153 497/631/148
f 505/644/154 498/639/146 499/643/154
f 488/645/119 458/646/119 460/647/119
f 460/647/119 461/648/119 488/645/119
f 459/615/119 488/645/119 461/648/119
f 463/649/119 488/645/119 484/650/119
f 482/611/119 462/651/119 464/609/119
f 482/611/119 465/610/119 463/649/119
f 466/605/114 478/652/114 467/653/114
f 467/653/114 478/652/114 512/654/114
f 509/655/114 468/656/114 469/657/114
f 470/658/114 508/659/114 509/655/114
f 469/657/114 470/658/114 509/655/114
f 478/652/114 511/617/114 512/654/114
f 498/639/119 515/638/119 499/660/119
f 499/660/119 515/638/119 497/661/119
f 497/661/119 515/638/119 495/662/119
f 496/663/119 515/638/119 494/664/119
f 495/662/119 515/638/119 496/663/119
f 501/633/114 516/632/114 502/665/114
f 504/666/114 516/632/114 505/667/114
f 505/667/114 516/632/114 503/627/114
f 502/665/114 516/632/114 500/668/114
f 500/668/114 516/632/114 504/666/114
f 454/669/155 493/670/156 456/671/155
f 455/606/119 492/672/119 454/673/119
f 492/672/156 511/617/137 493/670/156
f 462/674/141 457/628/157 508/675/141
f 457/676/114 475/677/114 473/678/114
f 493/670/114 457/676/114 456/679/114
f 527/680/158 540/681/73 526/682/73
f 520/683/159 535/684/160 534/685/161
f 520/683/159 521/686/162 535/684/160
f 527/680/158 528/687/163 541/688/164
f 521/686/162 536/689/165 535/684/160
f 528/687/163 542/690/166 541/688/164
f 521/686/162 537/691/167 536/689/165
f 528/687/163 529/692/168 542/690/166
f 529/692/168 543/693/169 542/690/166
f 523/694/170 537/691/167 522/695/34
f 529/692/168 530/696/171 543/693/169
f 517/697/147 533/698/172 532/699/147
f 523/694/170 524/700/173 538/701/174
f 517/697/147 518/702/175 533/698/172
f 530/696/171 544/703/176 543/693/169
f 524/700/173 539/704/177 538/701/174
f 524/700/173 525/705/178 539/704/177
f 519/706/179 533/698/172 518/702/175
f 517/697/147 544/707/176 531/708/180
f 526/682/73 539/704/177 525/705/178
f 519/706/179 520/683/159 534/685/161
f 533/709/114 537/710/114 541/711/114
f 527/712/119 523/713/119 519/714/119
f 289/528/114 291/579/114 446/578/114
f 289/528/114 446/578/114 361/526/114
f 363/527/114 367/575/114 289/528/114
f 378/715/119 377/568/119 282/538/119
f 285/574/119 371/534/119 368/716/119
f 285/574/119 368/716/119 369/717/119
f 379/718/119 378/715/119 282/538/119
f 379/718/119 282/538/119 381/595/119
f 278/529/119 285/574/119 369/717/119
f 278/529/119 369/717/119 370/719/119
f 379/718/119 381/595/119 278/529/119
f 380/720/119 379/718/119 278/529/119
f 278/529/119 370/719/119 375/721/119
f 278/529/119 375/721/119 374/530/119
f 376/531/119 380/720/119 278/529/119
f 286/535/135 291/722/135 289/536/136
f 282/538/137 284/541/138 449/539/138
f 284/541/138 283/723/139 290/542/139
f 290/542/140 283/723/140 281/537/136
f 409/543/141 293/546/142 287/544/142
f 293/546/142 292/548/143 288/547/143
f 292/548/144 291/722/135 286/535/135
f 278/549/145 399/562/146 404/550/146
f 396/552/147 401/724/147 405/553/148
f 402/556/114 279/725/114 280/551/114
f 280/551/114 404/550/114 453/555/114
f 279/557/149 402/563/150 395/558/150
f 399/562/119 278/549/119 277/560/119
f 277/560/119 395/587/119 452/561/119
f 402/563/150 403/565/151 397/564/151
f 403/565/152 401/724/147 396/552/147
f 405/553/148 406/567/153 400/566/153
f 406/567/154 404/550/146 399/562/146
f 372/726/119 371/534/119 286/572/119
f 286/572/119 281/569/119 377/568/119
f 373/573/119 372/726/119 286/572/119
f 277/592/155 381/595/156 382/593/156
f 381/595/156 282/538/137 448/540/137
f 285/597/141 278/549/157 280/551/157
f 408/727/114 446/578/114 409/582/114
f 448/540/114 367/575/114 365/728/114
f 448/540/114 365/728/114 451/729/114
f 450/730/114 408/727/114 409/582/114
f 360/731/114 450/730/114 409/582/114
f 382/593/114 448/540/114 451/729/114
f 382/593/114 451/729/114 366/732/114
f 360/731/114 409/582/114 280/599/114
f 407/733/114 360/731/114 280/599/114
f 280/599/114 382/593/114 366/732/114
f 280/599/114 366/732/114 447/734/114
f 362/601/114 407/733/114 280/599/114
f 280/599/114 447/734/114 364/600/114
f 466/605/114 468/656/114 509/655/114
f 466/605/114 509/655/114 472/603/114
f 474/604/114 478/652/114 466/605/114
f 489/735/119 488/645/119 459/615/119
f 462/651/119 482/611/119 479/736/119
f 462/651/119 479/736/119 480/737/119
f 490/738/119 489/735/119 459/615/119
f 490/738/119 459/615/119 492/672/119
f 455/606/119 462/651/119 480/737/119
f 455/606/119 480/737/119 481/739/119
f 490/738/119 492/672/119 455/606/119
f 491/740/119 490/738/119 455/606/119
f 455/606/119 481/739/119 486/741/119
f 455/606/119 486/741/119 485/607/119
f 487/608/119 491/740/119 455/606/119
f 463/612/135 468/742/135 466/613/136
f 459/615/137 461/618/138 512/616/138
f 461/618/138 460/743/139 467/619/139
f 467/619/140 460/743/140 458/614/136
f 508/620/141 470/623/142 464/621/142
f 470/623/142 469/625/143 465/624/143
f 469/625/144 468/742/135 463/612/135
f 455/626/145 498/639/146 503/627/146
f 495/629/147 500/744/147 504/630/148
f 501/633/114 456/745/114 457/628/114
f 457/628/114 503/627/114 516/632/114
f 456/634/149 501/640/150 494/635/150
f 498/639/119 455/626/119 454/637/119
f 454/637/119 494/664/119 515/638/119
f 501/640/150 502/642/151 496/641/151
f 502/642/152 500/744/147 495/629/147
f 504/630/148 505/644/153 499/643/153
f 505/644/154 503/627/146 498/639/146
f 483/746/119 482/611/119 463/649/119
f 463/649/119 458/646/119 488/645/119
f 484/650/119 483/746/119 463/649/119
f 454/669/155 492/672/156 493/670/156
f 492/672/156 459/615/137 511/617/137
f 462/674/141 455/626/157 457/628/157
f 507/747/114 509/655/114 508/659/114
f 511/617/114 478/652/114 476/748/114
f 511/617/114 476/748/114 514/749/114
f 513/750/114 507/747/114 508/659/114
f 471/751/114 513/750/114 508/659/114
f 493/670/114 511/617/114 514/749/114
f 493/670/114 514/749/114 477/752/114
f 471/751/114 508/659/114 457/676/114
f 506/753/114 471/751/114 457/676/114
f 457/676/114 493/670/114 477/752/114
f 457/676/114 477/752/114 510/754/114
f 473/678/114 506/753/114 457/676/114
f 457/676/114 510/754/114 475/677/114
f 527/680/158 541/688/164 540/681/73
f 521/686/162 522/695/34 537/691/167
f 523/694/170 538/701/174 537/691/167
f 530/696/171 531/755/180 544/703/176
f 519/706/179 534/685/161 533/698/172
f 517/697/147 532/699/147 544/707/176
f 526/682/73 540/681/73 539/704/177
f 544/756/114 532/757/114 533/709/114
f 533/709/114 534/758/114 535/759/114
f 535/759/114 536/760/114 537/710/114
f 537/710/114 538/761/114 539/762/114
f 539/762/114 540/763/114 541/711/114
f 541/711/114 542/764/114 543/765/114
f 543/765/114 544/756/114 533/709/114
f 533/709/114 535/759/114 537/710/114
f 537/710/114 539/762/114 541/711/114
f 541/711/114 543/765/114 533/709/114
f 518/766/119 517/767/119 531/768/119
f 531/768/119 530/769/119 529/770/119
f 529/770/119 528/771/119 527/712/119
f 527/712/119 526/772/119 525/773/119
f 525/773/119 524/774/119 523/713/119
f 523/713/119 522/775/119 521/776/119
f 521/776/119 520/777/119 519/714/119
f 519/714/119 518/766/119 531/768/119
f 531/768/119 529/770/119 527/712/119
f 527/712/119 525/773/119 523/713/119
f 523/713/119 521/776/119 519/714/119
f 519/714/119 531/768/119 527/712/119
f 935/1498/796 929/1499/796 932/1500/796
f 938/1501/797 934/1502/797 933/1503/797
f 932/1500/798 936/1504/798 935/1498/798
f 937/1505/799 931/1506/799 934/1502/799
f 937/1507/114 930/1508/114 936/1509/114
f 942/1510/800 939/1511/801 940/1512/800
f 933/1503/802 941/1513/801 938/1501/802
f 929/1499/803 942/1510/803 940/1512/803
f 929/1514/119 939/1515/119 933/1503/119
f 929/1514/119 931/1516/119 932/1517/119
f 934/1518/119 929/1514/119 933/1503/119
f 931/1516/119 929/1514/119 934/1518/119
f 936/1509/114 930/1508/114 935/1519/114
f 930/1508/114 937/1507/114 938/1501/114
f 941/1513/114 930/1508/114 938/1501/114
f 935/1498/796 930/1520/796 929/1499/796
f 938/1501/797 937/1505/797 934/1502/797
f 932/1500/798 931/1506/798 936/1504/798
f 937/1505/799 936/1504/799 931/1506/799
f 942/1510/800 941/1521/801 939/1511/801
f 933/1503/802 939/1515/801 941/1513/801
f 929/1499/803 930/1520/803 942/1510/803
f 929/1514/119 940/1522/119 939/1515/119
f 941/1513/114 942/1523/114 930/1508/114
usemtl SpacialRoverExploreralumGray
f 173/1/1 196/2/2 197/3/1
f 179/4/3 204/5/4 180/6/4
f 170/7/5 183/8/6 194/9/5
f 176/10/7 201/11/8 177/12/8
f 173/1/1 198/13/9 174/14/9
f 169/15/6 204/5/4 183/8/6
f 170/16/5 195/17/10 171/18/10
f 177/12/8 202/19/11 178/20/11
f 175/21/12 198/13/9 199/22/12
f 171/23/10 196/2/2 172/24/2
f 178/20/11 203/25/3 179/4/3
f 175/21/12 200/26/7 176/10/7
f 35/27/13 13/28/14 36/29/13
f 31/30/15 34/31/16 32/32/15
f 27/33/17 30/34/18 28/35/17
f 31/36/19 235/37/20 29/38/19
f 23/39/21 26/40/22 24/41/21
f 19/42/23 22/43/24 20/44/23
f 15/45/25 18/46/26 16/47/25
f 57/48/27 60/49/28 58/50/28
f 53/51/29 56/52/30 54/53/30
f 49/54/31 52/55/32 50/56/32
f 46/57/33 47/58/34 48/59/33
f 41/60/35 44/61/36 42/62/36
f 37/63/37 39/64/38 40/65/37
f 163/66/39 48/67/33 166/68/39
f 147/69/40 56/70/30 150/71/40
f 33/72/41 224/73/42 227/74/42
f 231/75/43 56/70/43 55/76/43
f 27/77/44 243/78/45 25/79/44
f 19/80/46 217/81/47 17/82/46
f 24/83/48 162/84/49 167/85/49
f 30/86/50 151/87/51 32/88/50
f 220/89/43 42/90/43 135/91/43
f 207/92/52 121/93/52 122/94/52
f 206/95/52 122/94/52 123/96/52
f 213/97/53 41/60/54 220/98/53
f 208/99/55 39/64/56 38/100/56
f 13/101/57 127/102/58 16/103/57
f 123/96/59 125/104/60 128/105/59
f 213/97/61 44/106/61 43/107/61
f 214/108/61 132/109/61 213/110/61
f 219/111/43 135/91/43 136/112/43
f 221/113/62 57/48/63 226/114/62
f 215/115/64 219/116/65 218/117/66
f 135/91/67 44/106/36 132/109/67
f 20/118/68 134/119/69 129/120/69
f 130/121/70 136/112/71 131/122/71
f 226/123/72 58/124/72 143/125/72
f 227/126/72 141/127/72 142/128/72
f 224/129/73 138/130/73 223/131/73
f 222/132/73 140/133/73 221/134/73
f 228/135/74 222/136/75 225/137/75
f 143/125/76 60/138/28 140/133/76
f 34/139/77 137/140/78 36/141/77
f 141/127/79 139/142/80 138/130/79
f 229/143/81 233/144/82 236/145/81
f 145/146/83 149/147/84 152/148/85
f 232/149/43 150/71/43 231/150/43
f 231/75/86 53/51/87 234/151/86
f 237/152/88 49/54/89 242/153/88
f 233/154/61 147/69/61 148/155/61
f 242/156/90 50/157/90 159/158/90
f 241/159/90 159/158/90 160/160/90
f 237/152/52 52/161/52 51/162/52
f 238/163/52 156/164/52 237/165/52
f 239/166/91 241/167/92 244/168/91
f 159/158/93 52/161/32 156/164/93
f 28/169/94 158/170/95 153/171/95
f 154/172/96 160/160/97 155/173/97
f 248/174/73 46/175/73 163/66/73
f 247/176/73 163/66/73 164/177/73
f 161/178/98 165/179/99 168/180/98
f 248/181/100 47/58/101 45/182/101
f 23/183/102 245/184/103 21/185/102
f 246/186/104 252/187/105 247/188/105
f 108/189/106 14/190/14 35/27/13
f 107/191/106 85/192/107 108/193/106
f 106/194/108 35/27/13 33/195/16
f 105/196/108 108/193/106 106/197/108
f 104/198/109 33/195/16 31/30/15
f 95/199/35 114/200/35 96/201/35
f 102/202/110 31/30/15 29/203/18
f 101/204/110 104/205/109 102/206/110
f 100/207/111 29/203/18 27/33/17
f 99/208/111 102/206/110 100/209/111
f 98/210/112 27/33/17 25/211/22
f 97/212/112 100/209/111 98/213/112
f 96/214/113 25/211/22 23/39/21
f 89/215/114 109/216/114 87/217/114
f 21/218/24 96/214/113 23/39/21
f 94/219/115 95/220/113 96/221/113
f 92/222/116 21/218/24 19/42/23
f 92/223/116 93/224/115 94/219/115
f 90/225/117 19/42/23 17/226/26
f 89/227/117 92/223/116 90/228/117
f 88/229/118 17/226/26 15/45/25
f 106/230/38 119/231/38 105/232/38
f 85/233/107 15/234/25 14/190/14
f 86/235/107 88/236/118 85/233/107
f 117/237/52 120/238/52 118/239/52
f 113/240/61 116/241/61 114/242/61
f 109/216/73 112/243/73 110/244/73
f 106/230/119 118/245/119 120/246/119
f 90/247/34 111/248/34 89/249/34
f 103/250/114 119/251/114 117/237/114
f 98/252/119 114/200/119 116/253/119
f 103/250/31 118/245/31 104/254/31
f 98/252/29 115/255/29 97/256/29
f 97/256/114 113/240/114 95/257/114
f 87/217/27 110/258/27 88/259/27
f 88/259/119 112/260/119 90/247/119
f 205/261/52 123/96/52 124/262/52
f 215/115/61 131/122/61 214/263/61
f 216/264/61 130/121/61 215/265/61
f 218/266/43 136/112/43 133/267/43
f 217/268/43 133/267/43 134/269/43
f 223/270/73 139/142/73 222/136/73
f 228/271/72 144/272/72 141/127/72
f 225/273/72 143/125/72 144/272/72
f 236/274/61 148/155/61 145/146/61
f 235/275/61 145/146/61 146/276/61
f 229/143/43 149/147/43 232/277/43
f 230/278/43 152/148/43 229/279/43
f 239/166/52 155/173/52 238/280/52
f 240/281/52 154/172/52 239/282/52
f 244/283/90 160/160/90 157/284/90
f 243/285/90 157/284/90 158/170/90
f 246/286/73 164/177/73 161/178/73
f 245/287/73 161/178/73 162/84/73
f 123/96/59 127/102/58 124/262/58
f 126/288/120 122/94/60 121/93/120
f 130/121/70 134/269/69 133/267/70
f 132/109/67 136/112/71 135/91/67
f 138/130/79 142/128/78 141/127/79
f 140/133/76 144/272/80 143/125/76
f 152/148/85 146/276/51 145/146/83
f 150/71/40 148/155/121 147/69/40
f 154/172/96 158/170/95 157/284/96
f 159/158/93 155/173/97 160/160/97
f 168/180/98 162/84/49 161/178/98
f 166/68/39 164/177/99 163/66/39
f 121/93/120 40/289/37 126/288/120
f 180/290/106 86/235/107 107/291/106
f 179/292/122 107/291/106 105/293/108
f 178/294/123 105/293/108 103/295/109
f 177/296/110 103/295/109 101/297/110
f 176/298/111 101/297/110 99/299/111
f 175/300/124 99/299/111 97/301/112
f 174/302/125 97/301/112 95/303/113
f 93/304/115 174/302/125 95/303/113
f 172/305/116 93/304/115 91/306/116
f 171/18/126 91/306/116 89/307/117
f 170/16/127 89/307/117 87/308/118
f 169/309/107 87/310/118 86/235/107
f 205/261/52 13/101/52 14/311/52
f 16/103/90 210/312/90 15/313/90
f 20/314/61 216/315/61 19/80/61
f 18/316/43 217/317/43 134/269/43
f 208/318/52 37/319/52 121/93/52
f 36/141/73 224/73/73 35/320/73
f 34/139/72 227/321/72 142/128/72
f 32/88/43 230/322/43 31/36/43
f 30/86/61 235/323/61 146/276/61
f 28/169/52 240/324/52 27/77/52
f 26/325/90 243/326/90 158/170/90
f 22/327/73 245/328/73 162/84/73
f 24/83/72 250/329/72 23/183/72
f 208/330/55 212/331/128 211/332/55
f 218/333/66 216/264/47 215/265/64
f 220/334/53 214/108/65 213/110/53
f 228/335/74 224/129/42 223/131/74
f 226/336/62 222/132/75 221/134/62
f 229/279/81 235/337/20 230/278/20
f 234/338/86 232/149/129 231/150/86
f 244/339/91 240/281/45 239/282/91
f 237/165/88 241/340/92 238/163/130
f 249/341/104 245/342/103 250/343/103
f 251/344/100 247/345/105 252/346/105
f 15/313/131 205/347/132 14/348/131
f 221/113/73 60/138/73 59/349/73
f 210/350/90 128/105/90 209/351/90
f 209/352/90 125/104/90 212/353/90
f 212/331/90 126/288/90 211/332/90
f 211/354/90 40/289/90 39/64/90
f 234/355/61 54/356/61 147/69/61
f 210/350/132 206/357/133 205/358/132
f 207/359/128 209/352/134 212/353/128
f 250/343/72 168/180/72 249/341/72
f 249/360/72 165/179/72 252/187/72
f 252/346/72 166/68/72 251/344/72
f 251/361/72 48/67/72 47/58/72
f 173/1/1 172/24/2 196/2/2
f 179/4/3 203/25/3 204/5/4
f 170/7/5 169/15/6 183/8/6
f 176/10/7 200/26/7 201/11/8
f 173/1/1 197/3/1 198/13/9
f 169/15/6 180/6/4 204/5/4
f 170/16/5 194/362/5 195/17/10
f 177/12/8 201/11/8 202/19/11
f 175/21/12 174/14/9 198/13/9
f 171/23/10 195/363/10 196/2/2
f 178/20/11 202/19/11 203/25/3
f 175/21/12 199/22/12 200/26/7
f 35/27/13 14/190/14 13/28/14
f 31/30/15 33/195/16 34/31/16
f 27/33/17 29/203/18 30/34/18
f 31/36/19 230/322/20 235/37/20
f 23/39/21 25/211/22 26/40/22
f 19/42/23 21/218/24 22/43/24
f 15/45/25 17/226/26 18/46/26
f 57/48/27 59/349/27 60/49/28
f 53/51/29 55/76/29 56/52/30
f 49/54/31 51/162/31 52/55/32
f 46/57/33 45/182/34 47/58/34
f 41/60/35 43/107/35 44/61/36
f 37/63/37 38/100/38 39/64/38
f 163/66/39 46/175/33 48/67/33
f 147/69/40 54/356/30 56/70/30
f 33/72/41 35/320/41 224/73/42
f 231/75/43 150/71/43 56/70/43
f 27/77/44 240/324/45 243/78/45
f 19/80/46 216/315/47 217/81/47
f 24/83/48 22/327/48 162/84/49
f 30/86/50 146/276/51 151/87/51
f 220/89/43 41/364/43 42/90/43
f 207/92/52 208/365/52 121/93/52
f 206/95/52 207/366/52 122/94/52
f 213/97/53 43/107/54 41/60/54
f 208/99/55 211/354/55 39/64/56
f 13/101/57 124/262/58 127/102/58
f 123/96/59 122/94/60 125/104/60
f 213/97/61 132/109/61 44/106/61
f 214/108/61 131/122/61 132/109/61
f 219/111/43 220/367/43 135/91/43
f 221/113/62 59/349/63 57/48/63
f 215/115/64 214/263/65 219/116/65
f 135/91/67 42/90/36 44/106/36
f 20/118/68 18/368/68 134/119/69
f 130/121/70 133/267/70 136/112/71
f 226/123/72 57/369/72 58/124/72
f 227/126/72 228/370/72 141/127/72
f 224/129/73 137/140/73 138/130/73
f 222/132/73 139/142/73 140/133/73
f 228/135/74 223/270/74 222/136/75
f 143/125/76 58/124/28 60/138/28
f 34/139/77 142/128/78 137/140/78
f 141/127/79 144/272/80 139/142/80
f 229/143/81 232/277/129 233/144/82
f 145/146/83 148/155/121 149/147/84
f 232/149/43 149/147/43 150/71/43
f 231/75/86 55/76/87 53/51/87
f 237/152/88 51/162/89 49/54/89
f 233/154/61 234/371/61 147/69/61
f 242/156/90 49/372/90 50/157/90
f 241/159/90 242/373/90 159/158/90
f 237/152/52 156/164/52 52/161/52
f 238/163/52 155/173/52 156/164/52
f 239/166/91 238/280/130 241/167/92
f 159/158/93 50/157/32 52/161/32
f 28/169/94 26/325/94 158/170/95
f 154/172/96 157/284/96 160/160/97
f 248/174/73 45/374/73 46/175/73
f 247/176/73 248/375/73 163/66/73
f 161/178/98 164/177/99 165/179/99
f 248/181/100 251/361/100 47/58/101
f 23/183/102 250/329/103 245/184/103
f 246/186/104 249/360/104 252/187/105
f 108/189/106 85/233/107 14/190/14
f 107/191/106 86/376/107 85/192/107
f 106/194/108 108/189/106 35/27/13
f 105/196/108 107/191/106 108/193/106
f 104/198/109 106/194/108 33/195/16
f 95/199/35 113/377/35 114/200/35
f 102/202/110 104/198/109 31/30/15
f 101/204/110 103/378/109 104/205/109
f 100/207/111 102/202/110 29/203/18
f 99/208/111 101/204/110 102/206/110
f 98/210/112 100/207/111 27/33/17
f 97/212/112 99/208/111 100/209/111
f 96/214/113 98/210/112 25/211/22
f 89/215/114 111/379/114 109/216/114
f 21/218/24 94/380/115 96/214/113
f 94/219/115 93/224/115 95/220/113
f 92/222/116 94/380/115 21/218/24
f 92/223/116 91/381/116 93/224/115
f 90/225/117 92/222/116 19/42/23
f 89/227/117 91/381/116 92/223/116
f 88/229/118 90/225/117 17/226/26
f 106/230/38 120/246/38 119/231/38
f 85/233/107 88/236/118 15/234/25
f 86/235/107 87/310/118 88/236/118
f 117/237/52 119/251/52 120/238/52
f 113/240/61 115/255/61 116/241/61
f 109/216/73 111/379/73 112/243/73
f 106/230/119 104/254/119 118/245/119
f 90/247/34 112/260/34 111/248/34
f 103/250/114 105/382/114 119/251/114
f 98/252/119 96/201/119 114/200/119
f 103/250/31 117/237/31 118/245/31
f 98/252/29 116/253/29 115/255/29
f 97/256/114 115/255/114 113/240/114
f 87/217/27 109/216/27 110/258/27
f 88/259/119 110/258/119 112/260/119
f 205/261/52 206/383/52 123/96/52
f 215/115/61 130/121/61 131/122/61
f 216/264/61 129/384/61 130/121/61
f 218/266/43 219/385/43 136/112/43
f 217/268/43 218/386/43 133/267/43
f 223/270/73 138/130/73 139/142/73
f 228/271/72 225/387/72 144/272/72
f 225/273/72 226/388/72 143/125/72
f 236/274/61 233/389/61 148/155/61
f 235/275/61 236/390/61 145/146/61
f 229/143/43 152/148/43 149/147/43
f 230/278/43 151/87/43 152/148/43
f 239/166/52 154/172/52 155/173/52
f 240/281/52 153/171/52 154/172/52
f 244/283/90 241/391/90 160/160/90
f 243/285/90 244/392/90 157/284/90
f 246/286/73 247/393/73 164/177/73
f 245/287/73 246/394/73 161/178/73
f 123/96/59 128/105/59 127/102/58
f 126/288/120 125/104/60 122/94/60
f 130/121/70 129/384/69 134/269/69
f 132/109/67 131/122/71 136/112/71
f 138/130/79 137/140/78 142/128/78
f 140/133/76 139/142/80 144/272/80
f 152/148/85 151/87/51 146/276/51
f 150/71/40 149/147/84 148/155/121
f 154/172/96 153/171/95 158/170/95
f 159/158/93 156/164/93 155/173/97
f 168/180/98 167/85/49 162/84/49
f 166/68/39 165/179/99 164/177/99
f 121/93/120 37/319/37 40/289/37
f 180/290/106 169/309/107 86/235/107
f 179/292/122 180/290/106 107/291/106
f 178/294/123 179/292/122 105/293/108
f 177/296/110 178/294/123 103/295/109
f 176/298/111 177/296/110 101/297/110
f 175/300/124 176/298/111 99/299/111
f 174/302/125 175/300/124 97/301/112
f 93/304/115 173/395/115 174/302/125
f 172/305/116 173/395/115 93/304/115
f 171/18/126 172/305/116 91/306/116
f 170/16/127 171/18/126 89/307/117
f 169/309/107 170/396/127 87/310/118
f 205/261/52 124/262/52 13/101/52
f 16/103/90 127/102/90 210/312/90
f 20/314/61 129/384/61 216/315/61
f 18/316/43 17/397/43 217/317/43
f 208/318/52 38/398/52 37/319/52
f 36/141/73 137/140/73 224/73/73
f 34/139/72 33/399/72 227/321/72
f 32/88/43 151/87/43 230/322/43
f 30/86/61 29/400/61 235/323/61
f 28/169/52 153/171/52 240/324/52
f 26/325/90 25/401/90 243/326/90
f 22/327/73 21/402/73 245/328/73
f 24/83/72 167/85/72 250/329/72
f 208/330/55 207/403/128 212/331/128
f 218/333/66 217/404/47 216/264/47
f 220/334/53 219/405/65 214/108/65
f 228/335/74 227/406/42 224/129/42
f 226/336/62 225/407/75 222/132/75
f 229/279/81 236/408/81 235/337/20
f 234/338/86 233/409/82 232/149/129
f 244/339/91 243/410/45 240/281/45
f 237/165/88 242/411/88 241/340/92
f 249/341/104 246/412/104 245/342/103
f 251/344/100 248/413/100 247/345/105
f 15/313/131 210/312/132 205/347/132
f 221/113/73 140/133/73 60/138/73
f 210/350/90 127/102/90 128/105/90
f 209/352/90 128/105/90 125/104/90
f 212/331/90 125/104/90 126/288/90
f 211/354/90 126/288/90 40/289/90
f 234/355/61 53/414/61 54/356/61
f 210/350/132 209/351/134 206/357/133
f 207/359/128 206/415/133 209/352/134
f 250/343/72 167/85/72 168/180/72
f 249/360/72 168/180/72 165/179/72
f 252/346/72 165/179/72 166/68/72
f 251/361/72 166/68/72 48/67/72
f 262/778/181 392/779/182 391/780/183
f 254/781/184 389/782/185 383/783/186
f 255/784/187 386/785/188 389/782/189
f 257/786/190 387/787/191 392/779/182
f 258/788/192 384/789/193 387/787/194
f 390/790/195 261/791/196 385/792/197
f 385/792/198 259/793/199 393/794/200
f 388/795/201 264/796/202 394/797/203
f 394/797/204 262/778/181 391/780/183
f 256/798/205 383/783/186 384/789/193
f 263/799/206 393/794/200 259/793/199
f 260/800/207 386/785/188 253/801/208
f 262/778/181 257/786/190 392/779/182
f 254/781/184 255/784/209 389/782/185
f 255/784/187 253/801/208 386/785/188
f 257/786/190 258/788/210 387/787/191
f 258/788/192 256/798/205 384/789/193
f 390/790/211 260/800/207 261/791/212
f 385/792/198 261/791/213 259/793/199
f 388/795/214 263/802/206 264/796/202
f 394/797/204 264/796/215 262/778/181
f 256/798/205 254/781/184 383/783/186
f 263/799/206 388/803/214 393/794/200
f 260/800/207 390/790/211 386/785/188
f 601/804/124 569/805/124 600/806/216
f 569/805/124 601/804/124 602/807/217
f 569/805/124 568/808/216 600/806/216
f 602/807/217 570/809/217 569/805/124
f 568/808/216 599/810/218 600/806/216
f 602/807/217 603/811/165 570/809/217
f 568/808/216 567/812/218 599/810/218
f 603/811/165 571/813/165 570/809/217
f 603/811/165 604/814/219 571/813/165
f 604/814/219 572/815/219 571/813/165
f 567/812/218 598/816/220 599/810/218
f 598/816/220 567/812/218 566/817/220
f 604/814/219 605/818/34 572/815/219
f 605/818/34 573/819/34 572/815/219
f 598/816/220 566/817/220 597/820/72
f 566/817/220 565/821/72 597/820/72
f 565/821/72 596/822/175 597/820/72
f 605/818/34 606/823/221 573/819/34
f 565/821/72 564/824/175 596/822/175
f 606/823/221 574/825/221 573/819/34
f 606/823/221 607/826/222 574/825/221
f 596/822/175 564/824/175 595/827/223
f 564/824/175 563/828/223 595/827/223
f 574/825/221 607/826/222 575/829/222
f 563/828/223 594/830/147 595/827/223
f 575/829/222 607/826/222 576/831/224
f 563/828/223 562/832/147 594/830/147
f 576/831/224 607/826/222 608/833/224
f 562/832/147 593/834/123 594/830/147
f 593/834/123 562/832/147 561/835/123
f 576/831/224 608/833/224 577/836/116
f 577/836/116 545/837/116 576/831/224
f 577/836/116 578/838/225 545/837/116
f 593/834/123 561/835/123 592/839/180
f 592/839/180 561/835/123 560/840/180
f 545/837/116 578/838/225 546/841/225
f 546/841/225 578/838/225 579/842/178
f 546/841/225 579/842/178 547/843/178
f 592/839/180 560/840/180 591/844/226
f 560/845/180 559/846/226 591/847/226
f 559/846/226 590/848/227 591/847/226
f 547/843/178 579/842/178 580/849/228
f 559/846/226 558/850/227 590/848/227
f 547/843/178 580/849/228 548/851/228
f 590/848/227 558/850/227 589/852/27
f 548/851/228 580/849/228 581/853/73
f 548/851/228 581/853/73 549/854/73
f 589/852/27 558/850/227 557/855/27
f 549/854/73 581/853/73 582/856/229
f 589/852/27 557/855/27 588/857/230
f 549/854/73 582/856/229 550/858/229
f 588/857/230 557/855/27 556/859/230
f 550/858/229 582/856/229 583/860/158
f 588/857/230 556/859/230 587/861/231
f 550/858/229 583/860/158 551/862/158
f 587/861/231 556/859/230 555/863/231
f 551/862/158 583/860/158 584/864/232
f 587/861/231 555/863/231 586/865/233
f 586/865/233 555/863/231 554/866/233
f 551/862/158 584/864/232 552/867/232
f 586/865/233 554/866/233 585/868/107
f 552/867/232 584/864/232 585/868/107
f 585/868/107 554/866/233 553/869/107
f 552/867/232 585/868/107 553/869/107
f 553/870/119 867/871/119 896/872/119
f 567/873/119 895/874/119 566/875/119
f 552/876/119 896/872/119 894/877/119
f 566/875/119 893/878/119 565/879/119
f 551/880/119 894/877/119 892/881/119
f 565/879/119 891/882/119 564/883/119
f 550/884/119 892/881/119 890/885/119
f 563/886/119 891/882/119 889/887/119
f 576/888/119 877/889/119 888/890/119
f 549/891/119 890/885/119 887/892/119
f 563/886/119 886/893/119 562/894/119
f 575/895/119 888/890/119 885/896/119
f 548/897/119 887/892/119 884/898/119
f 562/894/119 883/899/119 561/900/119
f 575/895/119 882/901/119 574/902/119
f 547/903/119 884/898/119 881/904/119
f 561/900/119 880/905/119 560/906/119
f 574/902/119 879/907/119 573/908/119
f 546/909/119 881/904/119 878/910/119
f 560/906/119 876/911/119 559/912/119
f 573/908/119 875/913/119 572/914/119
f 546/909/119 877/889/119 545/915/119
f 558/916/119 876/911/119 874/917/119
f 572/914/119 873/918/119 571/919/119
f 557/920/119 874/917/119 872/921/119
f 571/919/119 871/922/119 570/923/119
f 556/924/119 872/921/119 870/925/119
f 570/923/119 869/926/119 569/927/119
f 555/928/119 870/925/119 868/929/119
f 569/927/119 866/930/119 568/931/119
f 554/932/119 868/929/119 867/871/119
f 568/931/119 865/933/119 567/873/119
f 578/934/114 928/935/114 897/936/114
f 579/937/114 897/936/114 898/938/114
f 579/937/114 899/939/114 580/940/114
f 580/940/114 900/941/114 581/942/114
f 581/942/114 901/943/114 582/944/114
f 582/944/114 902/945/114 583/946/114
f 583/946/114 903/947/114 584/948/114
f 584/948/114 904/949/114 585/950/114
f 585/950/114 905/951/114 586/952/114
f 586/952/114 906/953/114 587/954/114
f 587/954/114 907/955/114 588/956/114
f 588/956/114 908/957/114 589/958/114
f 589/958/114 909/959/114 590/960/114
f 590/960/114 910/961/114 591/962/114
f 591/962/114 911/963/114 592/964/114
f 592/964/114 912/965/114 593/966/114
f 593/966/114 913/967/114 594/968/114
f 594/968/114 914/969/114 595/970/114
f 595/970/114 915/971/114 596/972/114
f 597/973/114 915/971/114 916/974/114
f 598/975/114 916/974/114 917/976/114
f 599/977/114 917/976/114 918/978/114
f 600/979/114 918/978/114 919/980/114
f 601/981/114 919/980/114 920/982/114
f 602/983/114 920/982/114 921/984/114
f 603/985/114 921/984/114 922/986/114
f 604/987/114 922/986/114 923/988/114
f 605/989/114 923/988/114 924/990/114
f 606/991/114 924/990/114 925/992/114
f 607/993/114 925/992/114 926/994/114
f 608/995/114 926/994/114 927/996/114
f 577/997/114 927/996/114 928/935/114
f 553/870/119 554/932/119 867/871/119
f 567/873/119 865/933/119 895/874/119
f 552/876/119 553/870/119 896/872/119
f 566/875/119 895/874/119 893/878/119
f 551/880/119 552/876/119 894/877/119
f 565/879/119 893/878/119 891/882/119
f 550/884/119 551/880/119 892/881/119
f 563/886/119 564/883/119 891/882/119
f 576/888/119 545/915/119 877/889/119
f 549/891/119 550/884/119 890/885/119
f 563/886/119 889/887/119 886/893/119
f 575/895/119 576/888/119 888/890/119
f 548/897/119 549/891/119 887/892/119
f 562/894/119 886/893/119 883/899/119
f 575/895/119 885/896/119 882/901/119
f 547/903/119 548/897/119 884/898/119
f 561/900/119 883/899/119 880/905/119
f 574/902/119 882/901/119 879/907/119
f 546/909/119 547/903/119 881/904/119
f 560/906/119 880/905/119 876/911/119
f 573/908/119 879/907/119 875/913/119
f 546/909/119 878/910/119 877/889/119
f 558/916/119 559/912/119 876/911/119
f 572/914/119 875/913/119 873/918/119
f 557/920/119 558/916/119 874/917/119
f 571/919/119 873/918/119 871/922/119
f 556/924/119 557/920/119 872/921/119
f 570/923/119 871/922/119 869/926/119
f 555/928/119 556/924/119 870/925/119
f 569/927/119 869/926/119 866/930/119
f 554/932/119 555/928/119 868/929/119
f 568/931/119 866/930/119 865/933/119
f 578/934/114 577/997/114 928/935/114
f 579/937/114 578/934/114 897/936/114
f 579/937/114 898/938/114 899/939/114
f 580/940/114 899/939/114 900/941/114
f 581/942/114 900/941/114 901/943/114
f 582/944/114 901/943/114 902/945/114
f 583/946/114 902/945/114 903/947/114
f 584/948/114 903/947/114 904/949/114
f 585/950/114 904/949/114 905/951/114
f 586/952/114 905/951/114 906/953/114
f 587/954/114 906/953/114 907/955/114
f 588/956/114 907/955/114 908/957/114
f 589/958/114 908/957/114 909/959/114
f 590/960/114 909/959/114 910/961/114
f 591/962/114 910/961/114 911/963/114
f 592/964/114 911/963/114 912/965/114
f 593/966/114 912/965/114 913/967/114
f 594/968/114 913/967/114 914/969/114
f 595/970/114 914/969/114 915/971/114
f 597/973/114 596/972/114 915/971/114
f 598/975/114 597/973/114 916/974/114
f 599/977/114 598/975/114 917/976/114
f 600/979/114 599/977/114 918/978/114
f 601/981/114 600/979/114 919/980/114
f 602/983/114 601/981/114 920/982/114
f 603/985/114 602/983/114 921/984/114
f 604/987/114 603/985/114 922/986/114
f 605/989/114 604/987/114 923/988/114
f 606/991/114 605/989/114 924/990/114
f 607/993/114 606/991/114 925/992/114
f 608/995/114 607/993/114 926/994/114
f 577/997/114 608/995/114 927/996/114
usemtl SpacialRoverExploreralumBlack
f 390/998/234 414/999/235 386/1000/236
f 394/1001/237 422/1002/238 388/1003/239
f 387/1004/240 425/1005/241 412/1006/242
f 393/1007/243 422/1008/238 418/1009/244
f 415/1010/245 429/1011/246 411/1012/247
f 417/1013/248 430/1014/249 416/1015/250
f 418/1016/251 428/1017/252 417/1013/252
f 424/1018/253 411/1012/254 410/1019/255
f 413/1020/256 433/1021/257 427/1022/258
f 412/1023/259 419/1024/260 431/1025/259
f 422/1026/261 426/1027/262 418/1016/263
f 427/1022/264 421/1028/265 423/1029/265
f 413/1020/256 431/1025/266 432/1030/267
f 425/1031/268 410/1019/255 419/1024/260
f 416/1015/250 429/1011/246 414/1032/269
f 423/1029/270 420/1033/271 422/1034/261
f 385/1035/272 416/1036/273 390/998/234
f 385/1035/272 418/1009/244 417/1037/274
f 389/1038/275 424/1039/276 383/1040/277
f 387/1004/240 413/1041/278 392/1042/279
f 391/1043/280 413/1041/278 427/1044/281
f 394/1001/237 427/1044/281 423/1045/282
f 383/1040/277 425/1005/241 384/1046/283
f 389/1038/275 414/999/235 415/1047/284
f 390/998/234 416/1036/273 414/999/235
f 394/1001/237 423/1045/282 422/1002/238
f 387/1004/240 384/1046/283 425/1005/241
f 393/1007/243 388/1048/239 422/1008/238
f 415/1010/245 414/1032/269 429/1011/246
f 417/1013/248 428/1017/285 430/1014/249
f 418/1016/263 426/1027/262 428/1017/252
f 424/1018/253 415/1010/254 411/1012/254
f 413/1020/256 432/1030/267 433/1021/257
f 412/1023/259 425/1031/268 419/1024/260
f 422/1026/261 420/1049/271 426/1027/262
f 427/1022/258 433/1021/257 421/1028/265
f 413/1020/256 412/1023/286 431/1025/266
f 425/1031/268 424/1018/253 410/1019/255
f 416/1015/250 430/1014/249 429/1011/246
f 423/1029/270 421/1028/270 420/1033/271
f 385/1035/272 417/1037/274 416/1036/273
f 385/1035/272 393/1007/243 418/1009/244
f 389/1038/275 415/1047/284 424/1039/276
f 387/1004/240 412/1006/242 413/1041/278
f 391/1043/280 392/1042/279 413/1041/278
f 394/1001/237 391/1043/280 427/1044/281
f 383/1040/277 424/1039/276 425/1005/241
f 389/1038/275 386/1000/236 414/999/235
usemtl SpacialRoverExploreralumGrayDeep
f 8/416/127 79/417/107 7/418/107
f 36/29/13 61/419/107 72/420/106
f 71/421/122 36/29/13 72/420/106
f 32/32/15 71/421/122 70/422/123
f 30/34/18 70/422/123 69/423/110
f 28/35/17 69/423/110 68/424/111
f 26/40/22 68/424/111 67/425/124
f 24/41/21 67/425/124 66/426/125
f 65/427/115 24/41/21 66/426/125
f 64/428/116 22/43/24 65/427/115
f 18/46/26 64/428/116 63/429/126
f 16/47/25 63/429/126 62/430/127
f 13/28/14 62/431/127 61/419/107
f 1/432/119 62/433/119 2/434/119
f 2/434/119 63/435/119 3/436/119
f 3/436/119 64/437/119 4/438/119
f 5/439/119 64/437/119 65/440/119
f 5/439/119 66/441/119 6/442/119
f 7/443/119 66/441/119 67/444/119
f 7/443/119 68/445/119 8/446/119
f 9/447/119 68/445/119 69/448/119
f 9/447/119 70/449/119 10/450/119
f 10/450/119 71/451/119 11/452/119
f 11/452/119 72/453/119 12/454/119
f 1/432/119 72/453/119 61/455/119
f 76/456/119 80/457/119 84/458/119
f 5/459/122 76/460/123 4/461/123
f 12/462/125 83/463/115 11/464/115
f 2/465/111 73/466/124 1/467/124
f 9/468/126 80/469/127 8/416/127
f 5/459/122 78/470/106 77/471/122
f 1/467/124 84/472/125 12/462/125
f 3/473/110 74/474/111 2/475/111
f 10/476/116 81/477/126 9/468/126
f 7/418/107 78/470/106 6/478/106
f 4/461/123 75/479/110 3/473/110
f 11/464/115 82/480/116 10/476/116
f 182/481/107 194/482/127 183/483/107
f 181/484/127 195/17/126 194/362/127
f 184/485/126 196/486/116 195/17/126
f 185/487/116 197/488/115 196/486/116
f 197/488/115 187/489/125 198/490/125
f 187/489/125 199/491/124 198/490/125
f 188/492/124 200/493/111 199/491/124
f 189/494/111 201/495/110 200/493/111
f 190/496/110 202/497/123 201/495/110
f 191/498/123 203/499/122 202/497/123
f 192/500/114 188/501/114 184/485/114
f 192/502/122 204/503/106 203/499/122
f 193/504/106 183/483/107 204/503/106
f 8/416/127 80/469/127 79/417/107
f 36/29/13 13/28/14 61/419/107
f 71/421/122 34/31/16 36/29/13
f 32/32/15 34/31/16 71/421/122
f 30/34/18 32/32/15 70/422/123
f 28/35/17 30/34/18 69/423/110
f 26/40/22 28/35/17 68/424/111
f 24/41/21 26/40/22 67/425/124
f 65/427/115 22/43/24 24/41/21
f 64/428/116 20/44/23 22/43/24
f 18/46/26 20/44/23 64/428/116
f 16/47/25 18/46/26 63/429/126
f 13/28/14 16/505/25 62/431/127
f 1/432/119 61/455/119 62/433/119
f 2/434/119 62/433/119 63/435/119
f 3/436/119 63/435/119 64/437/119
f 5/439/119 4/438/119 64/437/119
f 5/439/119 65/440/119 66/441/119
f 7/443/119 6/442/119 66/441/119
f 7/443/119 67/444/119 68/445/119
f 9/447/119 8/446/119 68/445/119
f 9/447/119 69/448/119 70/449/119
f 10/450/119 70/449/119 71/451/119
f 11/452/119 71/451/119 72/453/119
f 1/432/119 12/454/119 72/453/119
f 84/458/119 73/506/119 74/507/119
f 74/507/119 75/508/119 76/456/119
f 76/456/119 77/509/119 78/510/119
f 78/510/119 79/511/119 80/457/119
f 80/457/119 81/512/119 82/513/119
f 82/513/119 83/514/119 84/458/119
f 84/458/119 74/507/119 76/456/119
f 76/456/119 78/510/119 80/457/119
f 80/457/119 82/513/119 84/458/119
f 5/459/122 77/471/122 76/460/123
f 12/462/125 84/472/125 83/463/115
f 2/465/111 74/515/111 73/466/124
f 9/468/126 81/477/126 80/469/127
f 5/459/122 6/478/106 78/470/106
f 1/467/124 73/466/124 84/472/125
f 3/473/110 75/479/110 74/474/111
f 10/476/116 82/480/116 81/477/126
f 7/418/107 79/417/107 78/470/106
f 4/461/123 76/460/123 75/479/110
f 11/464/115 83/463/115 82/480/116
f 182/481/107 181/516/127 194/482/127
f 181/484/127 184/485/126 195/17/126
f 184/485/126 185/487/116 196/486/116
f 185/487/116 186/517/115 197/488/115
f 197/488/115 186/517/115 187/489/125
f 187/489/125 188/492/124 199/491/124
f 188/492/124 189/494/111 200/493/111
f 189/494/111 190/496/110 201/495/110
f 190/496/110 191/498/123 202/497/123
f 191/498/123 192/502/122 203/499/122
f 184/485/114 181/484/114 182/518/114
f 182/518/114 193/519/114 192/500/114
f 192/500/114 191/520/114 190/521/114
f 190/521/114 189/522/114 188/501/114
f 188/501/114 187/523/114 186/524/114
f 186/524/114 185/525/114 184/485/114
f 184/485/114 182/518/114 192/500/114
f 192/500/114 190/521/114 188/501/114
f 188/501/114 186/524/114 184/485/114
f 192/502/122 193/504/106 204/503/106
f 193/504/106 182/481/107 183/483/107
f 444/1050/175 272/1051/220 274/1052/220
f 274/1053/114 275/1054/114 325/1055/114
f 275/1056/219 266/1057/221 268/1058/221
f 275/1054/114 320/1059/114 319/1060/114
f 265/1061/119 345/1062/119 359/1063/119
f 272/1064/119 440/1065/119 330/1066/119
f 266/1067/221 270/1068/222 268/1069/221
f 267/1070/178 269/1071/228 270/1068/178
f 275/1056/219 273/1072/165 271/1073/219
f 276/1074/218 272/1051/220 273/1072/218
f 438/1075/230 441/1076/227 443/1077/227
f 269/1078/114 437/1079/114 312/1080/114
f 270/1081/114 316/1082/114 268/1083/114
f 270/1081/114 315/1084/114 317/1085/114
f 438/1075/230 436/1086/231 434/1087/230
f 439/1088/158 435/1089/229 436/1086/158
f 444/1050/175 442/1090/223 440/1091/175
f 445/1092/226 441/1076/227 442/1090/226
f 435/1089/229 269/1071/228 265/1093/228
f 266/1094/119 347/1095/119 349/1096/119
f 266/1094/119 345/1062/119 267/1097/119
f 348/1098/119 271/1099/119 273/1100/119
f 272/1064/119 350/1101/119 351/1102/119
f 442/1103/119 358/1104/119 357/1105/119
f 442/1103/119 354/1106/119 440/1065/119
f 436/1107/119 336/1108/119 338/1109/119
f 444/1110/114 303/1111/114 302/1112/114
f 444/1110/114 299/1113/114 445/1114/114
f 299/1113/114 443/1115/114 445/1114/114
f 323/1116/114 439/1117/114 438/1118/114
f 443/1115/114 295/1119/114 294/1120/287
f 322/1121/114 439/1117/114 323/1116/114
f 444/1050/175 440/1091/175 272/1051/220
f 326/1122/114 308/1123/114 274/1053/114
f 274/1053/114 276/1124/114 275/1054/114
f 275/1054/114 324/1125/114 325/1055/114
f 325/1055/114 326/1122/114 274/1053/114
f 275/1056/219 271/1073/219 266/1057/221
f 318/1126/114 324/1125/114 275/1054/114
f 275/1054/114 268/1083/114 316/1082/114
f 275/1054/114 316/1082/114 320/1059/114
f 319/1060/114 318/1126/114 275/1054/114
f 356/1127/119 355/1128/119 265/1061/119
f 265/1061/119 267/1097/119 345/1062/119
f 359/1063/119 356/1127/119 265/1061/119
f 328/1129/288 327/1130/289 272/1064/119
f 440/1065/119 354/1106/119 353/1131/119
f 440/1065/119 353/1131/119 352/1132/119
f 331/1133/119 328/1129/288 272/1064/119
f 329/1134/119 331/1133/119 272/1064/119
f 440/1065/119 352/1132/119 330/1066/119
f 330/1066/119 329/1134/119 272/1064/119
f 266/1067/221 267/1070/222 270/1068/222
f 267/1070/178 265/1093/228 269/1071/228
f 275/1056/219 276/1074/165 273/1072/165
f 276/1074/218 274/1052/220 272/1051/220
f 438/1075/230 434/1087/230 441/1076/227
f 313/1135/114 315/1084/114 269/1078/114
f 437/1079/114 322/1121/114 321/1136/114
f 437/1079/114 321/1136/114 314/1137/114
f 311/1138/114 313/1135/114 269/1078/114
f 310/1139/114 311/1138/114 269/1078/114
f 437/1079/114 314/1137/114 312/1080/114
f 312/1080/114 310/1139/114 269/1078/114
f 317/1085/114 316/1082/114 270/1081/114
f 270/1081/114 269/1078/114 315/1084/114
f 438/1075/230 439/1088/231 436/1086/231
f 439/1088/158 437/1140/229 435/1089/229
f 444/1050/175 445/1092/223 442/1090/223
f 445/1092/226 443/1077/227 441/1076/227
f 435/1089/229 437/1140/229 269/1071/228
f 346/1141/119 345/1062/119 266/1094/119
f 266/1094/119 271/1099/119 348/1098/119
f 266/1094/119 348/1098/119 347/1095/119
f 349/1096/119 346/1141/119 266/1094/119
f 348/1098/119 273/1100/119 272/1064/119
f 272/1064/119 327/1130/289 350/1101/119
f 351/1102/119 348/1098/119 272/1064/119
f 357/1105/119 354/1106/119 442/1103/119
f 442/1103/119 441/1142/119 358/1104/119
f 343/1143/119 358/1104/119 441/1142/119
f 441/1142/119 434/1144/119 436/1107/119
f 436/1107/119 435/1145/119 265/1061/119
f 265/1061/119 355/1128/119 337/1146/119
f 265/1061/119 337/1146/119 335/1147/119
f 343/1143/119 441/1142/119 436/1107/119
f 342/1148/119 343/1143/119 436/1107/119
f 265/1061/119 335/1147/119 333/1149/119
f 265/1061/119 333/1149/119 332/1150/119
f 344/1151/119 342/1148/119 436/1107/119
f 340/1152/119 344/1151/119 436/1107/119
f 436/1107/119 265/1061/119 332/1150/119
f 436/1107/119 332/1150/119 334/1153/290
f 341/1154/119 340/1152/119 436/1107/119
f 339/1155/119 341/1154/119 436/1107/119
f 436/1107/119 334/1153/290 336/1108/119
f 338/1109/119 339/1155/119 436/1107/119
f 298/1156/114 299/1113/114 444/1110/114
f 274/1053/114 308/1123/114 305/1157/114
f 274/1053/114 305/1157/114 300/1158/114
f 309/1159/114 298/1156/114 444/1110/114
f 301/1160/114 309/1159/114 444/1110/114
f 274/1053/114 300/1158/114 306/1161/114
f 274/1053/114 306/1161/114 303/1111/114
f 307/1162/114 301/1160/114 444/1110/114
f 304/1163/114 307/1162/114 444/1110/114
f 444/1110/114 274/1053/114 303/1111/114
f 302/1112/114 304/1163/114 444/1110/114
f 323/1116/114 438/1118/114 443/1115/114
f 443/1115/114 299/1113/114 297/1164/114
f 443/1115/114 297/1164/114 296/1165/114
f 294/1120/287 323/1116/114 443/1115/114
f 443/1115/114 296/1165/114 295/1119/114
f 322/1121/114 437/1079/114 439/1117/114
usemtl SpacialRoverExplorerwheels
f 928/1166/114 640/1167/291 610/1168/292
f 927/1169/114 639/1170/293 640/1167/291
f 926/1171/114 638/1172/294 639/1170/293
f 925/1173/114 637/1174/295 638/1172/294
f 924/1175/114 636/1176/296 637/1174/295
f 923/1177/114 635/1178/297 636/1176/296
f 922/1179/114 634/1180/298 635/1178/297
f 921/1181/114 633/1182/298 634/1180/298
f 920/1183/114 632/1184/299 633/1182/298
f 919/1185/114 631/1186/299 632/1184/299
f 918/1187/114 630/1188/300 631/1186/299
f 917/1189/114 629/1190/301 630/1188/300
f 916/1191/114 628/1192/302 629/1193/301
f 914/1194/114 628/1192/302 915/1195/114
f 913/1196/114 627/1197/302 914/1194/114
f 912/1198/114 626/1199/303 913/1196/114
f 911/1200/114 625/1201/303 912/1198/114
f 910/1202/114 624/1203/304 911/1200/114
f 909/1204/114 623/1205/304 910/1202/114
f 908/1206/114 622/1207/305 909/1204/114
f 907/1208/114 621/1209/305 908/1206/114
f 906/1210/114 620/1211/306 907/1208/114
f 905/1212/114 619/1213/307 906/1210/114
f 904/1214/114 618/1215/308 905/1212/114
f 903/1216/114 617/1217/309 904/1214/114
f 902/1218/114 616/1219/310 903/1216/114
f 901/1220/114 615/1221/311 902/1218/114
f 900/1222/114 614/1223/312 901/1220/114
f 899/1224/114 613/1225/312 900/1226/114
f 899/1224/114 611/1227/313 612/1228/313
f 898/1229/114 609/1230/292 611/1227/313
f 897/1231/114 610/1168/292 609/1230/292
f 866/1232/119 663/1233/314 865/1234/119
f 867/1235/119 651/1236/315 650/1237/316
f 869/1238/119 664/1239/314 866/1232/119
f 868/1240/119 652/1241/317 651/1236/315
f 871/1242/119 665/1243/318 869/1238/119
f 870/1244/119 653/1245/319 652/1241/317
f 873/1246/119 666/1247/318 871/1242/119
f 872/1248/119 654/1249/320 653/1245/319
f 875/1250/119 667/1251/321 873/1246/119
f 874/1252/119 655/1253/322 654/1249/320
f 878/1254/119 641/1255/323 877/1256/119
f 879/1257/119 668/1258/324 875/1250/119
f 876/1259/119 656/1260/322 655/1253/322
f 881/1261/119 642/1262/323 878/1254/119
f 882/1263/119 669/1264/325 879/1257/119
f 883/1265/119 656/1260/322 880/1266/119
f 884/1267/119 643/1268/326 881/1261/119
f 885/1269/119 670/1270/327 882/1263/119
f 886/1271/119 657/1272/328 883/1265/119
f 887/1273/119 644/1274/326 884/1267/119
f 888/1275/119 671/1276/329 885/1269/119
f 889/1277/119 658/1278/330 886/1271/119
f 887/1279/119 646/1280/331 645/1281/331
f 877/1256/119 672/1282/332 888/1275/119
f 891/1283/119 659/1284/333 889/1277/119
f 890/1285/119 647/1286/334 646/1280/331
f 893/1287/119 660/1288/333 891/1283/119
f 892/1289/119 648/1290/335 647/1286/334
f 895/1291/119 661/1292/336 893/1293/119
f 894/1294/119 649/1295/337 648/1290/335
f 865/1234/119 662/1296/336 895/1291/119
f 896/1297/119 650/1237/316 649/1295/337
f 674/1298/338 667/1251/339 676/1299/340
f 678/1300/341 671/1276/342 680/1301/343
f 680/1301/344 836/1302/345 679/1303/346
f 684/1304/347 669/1264/348 682/1305/349
f 731/1306/350 738/1307/351 862/1308/352
f 679/1303/346 737/1309/353 639/1170/354
f 630/1188/300 747/1310/355 748/1311/355
f 730/1312/356 861/1313/357 829/1314/356
f 671/1276/329 799/1315/358 800/1316/358
f 698/1317/359 661/1318/360 692/1319/361
f 694/1320/362 663/1233/363 688/1321/364
f 690/1322/365 665/1243/366 686/1323/367
f 678/1300/368 835/1324/369 803/1325/370
f 729/1326/357 766/1327/371 861/1313/357
f 656/1260/372 700/1328/373 706/1329/374
f 658/1278/375 696/1330/376 702/1331/377
f 677/1332/378 740/1333/379 835/1324/369
f 632/1184/299 745/1334/380 746/1335/380
f 652/1241/381 708/1336/382 714/1337/383
f 654/1249/384 704/1338/385 710/1339/386
f 728/1340/387 860/1341/388 727/1342/389
f 669/1264/325 797/1343/390 798/1344/390
f 676/1299/391 834/1345/392 675/1346/393
f 727/1342/389 765/1347/394 611/1227/395
f 644/1274/396 724/1348/397 730/1312/398
f 646/1280/399 720/1349/400 726/1350/401
f 648/1290/402 716/1351/403 722/1352/404
f 650/1237/405 712/1353/406 718/1354/407
f 732/1355/408 641/1255/409 734/1356/410
f 675/1346/393 741/1357/411 635/1178/412
f 736/1358/413 643/1268/414 728/1340/415
f 634/1180/298 743/1359/416 744/1360/416
f 726/1350/417 859/1361/418 827/1362/419
f 667/1251/321 795/1363/420 796/1364/420
f 609/1230/421 727/1342/422 611/1227/421
f 735/1365/423 728/1340/415 727/1342/422
f 674/1298/424 833/1366/425 801/1367/426
f 725/1368/427 764/1369/428 859/1361/418
f 640/1167/429 733/1370/430 610/1168/429
f 731/1306/431 734/1356/410 733/1370/430
f 717/1371/432 619/1213/433 618/1215/433
f 718/1354/407 711/1372/434 717/1371/432
f 721/1373/435 617/1217/436 616/1219/436
f 722/1352/404 715/1374/437 721/1373/435
f 725/1368/438 615/1221/439 614/1223/439
f 726/1350/401 719/1375/440 725/1368/438
f 729/1326/441 613/1225/442 612/1228/442
f 730/1312/398 723/1376/443 729/1326/441
f 673/1377/444 744/1360/445 833/1366/425
f 636/1176/296 741/1357/446 742/1378/446
f 724/1379/447 858/1380/448 723/1381/449
f 665/1243/318 793/1382/450 794/1383/450
f 736/1358/451 769/1384/452 642/1262/452
f 723/1381/449 763/1385/453 613/1386/454
f 734/1356/455 770/1387/456 831/1388/455
f 638/1172/294 739/1389/457 740/1333/457
f 709/1390/458 623/1205/459 622/1207/459
f 710/1339/386 703/1391/460 709/1390/458
f 713/1392/461 621/1209/462 620/1211/462
f 714/1337/383 707/1393/463 713/1392/461
f 722/1352/464 857/1394/465 825/1395/466
f 663/1233/314 791/1396/467 792/1397/467
f 732/1355/468 799/1315/469 672/1282/470
f 721/1373/471 762/1398/472 857/1394/465
f 701/1399/473 627/1197/474 626/1199/474
f 702/1331/377 695/1400/475 701/1399/473
f 705/1401/476 625/1201/477 624/1203/477
f 706/1329/374 699/1402/478 705/1401/476
f 730/1312/356 771/1403/479 644/1274/479
f 640/1167/291 737/1309/480 738/1307/480
f 720/1349/481 856/1404/482 719/1375/483
f 661/1292/336 789/1405/484 790/1406/484
f 632/1184/485 685/1407/486 633/1182/485
f 689/1408/487 686/1323/367 685/1407/486
f 630/1188/488 687/1409/489 631/1186/488
f 693/1410/490 688/1321/364 687/1409/489
f 628/1192/491 691/1411/492 629/1193/491
f 697/1412/493 692/1319/361 691/1411/492
f 728/1340/387 772/1413/494 828/1414/387
f 719/1375/483 761/1415/495 615/1221/496
f 726/1350/417 773/1416/497 646/1280/498
f 718/1354/499 855/1417/500 823/1418/501
f 659/1284/333 787/1419/502 788/1420/502
f 724/1379/447 774/1421/503 826/1422/504
f 717/1371/505 760/1423/506 855/1417/500
f 722/1352/464 775/1424/507 648/1290/508
f 716/1351/509 854/1425/510 715/1374/511
f 658/1278/330 786/1426/512 657/1272/328
f 636/1176/513 681/1427/514 637/1174/513
f 683/1428/515 682/1305/349 681/1427/514
f 720/1349/481 776/1429/516 824/1430/481
f 715/1374/511 759/1431/517 617/1217/518
f 638/1172/519 679/1303/520 639/1170/519
f 677/1332/521 680/1301/343 679/1303/520
f 634/1180/522 675/1346/523 635/1178/524
f 673/1377/525 676/1299/340 675/1346/523
f 805/1432/526 797/1343/527 803/1325/528
f 802/1433/529 795/1363/530 806/1434/531
f 807/1435/532 793/1382/533 801/1367/534
f 808/1436/535 791/1396/536 809/1437/537
f 810/1438/538 789/1405/539 811/1439/540
f 812/1440/541 787/1419/542 813/1441/541
f 786/1426/543 815/1442/544 814/1443/545
f 784/1444/546 817/1445/547 816/1446/548
f 782/1447/549 819/1448/550 818/1449/551
f 780/1450/552 821/1451/553 820/1452/554
f 778/1453/555 823/1418/556 822/1454/557
f 776/1429/558 825/1395/559 824/1430/560
f 774/1421/561 827/1362/562 826/1422/563
f 772/1413/564 829/1314/565 828/1414/565
f 831/1388/566 769/1384/567 832/1455/568
f 804/1456/569 799/1315/570 830/1457/571
f 737/1309/572 862/1308/573 738/1307/572
f 836/1302/574 830/1457/571 862/1308/573
f 767/1458/575 864/1459/576 768/1460/575
f 863/1461/577 832/1455/568 864/1459/576
f 860/1341/578 766/1327/579 765/1347/579
f 828/1414/565 861/1313/578 860/1341/578
f 858/1380/580 764/1369/581 763/1385/581
f 826/1422/563 859/1361/582 858/1380/580
f 856/1404/583 762/1398/584 761/1415/584
f 824/1430/560 857/1394/585 856/1404/583
f 854/1425/586 760/1423/587 759/1431/587
f 822/1454/557 855/1417/588 854/1425/586
f 852/1462/589 758/1463/590 757/1464/590
f 820/1452/554 853/1465/591 852/1462/589
f 850/1466/592 756/1467/593 755/1468/593
f 818/1449/551 851/1469/594 850/1466/592
f 848/1470/595 754/1471/596 753/1472/596
f 816/1446/548 849/1473/597 848/1470/595
f 846/1474/598 752/1475/599 751/1476/599
f 814/1443/545 847/1477/600 846/1474/598
f 749/1478/601 845/1479/602 750/1480/601
f 812/1440/541 845/1479/602 844/1481/602
f 747/1310/603 843/1482/604 748/1311/603
f 842/1483/605 811/1439/540 843/1482/604
f 745/1334/606 841/1484/607 746/1335/606
f 840/1485/608 809/1437/537 841/1484/607
f 743/1359/609 833/1366/610 744/1360/609
f 839/1486/611 801/1367/534 833/1366/610
f 741/1357/612 838/1487/613 742/1378/614
f 834/1345/615 806/1434/531 838/1487/613
f 739/1389/616 835/1324/617 740/1333/616
f 837/1488/618 803/1325/528 835/1324/617
f 732/1355/468 862/1308/352 830/1457/468
f 627/1197/302 750/1480/619 628/1192/302
f 681/1427/620 739/1389/621 637/1174/622
f 733/1370/623 767/1458/624 610/1168/625
f 682/1305/626 837/1488/627 681/1427/620
f 734/1356/455 863/1461/628 733/1370/623
f 625/1201/303 752/1475/629 626/1199/303
f 683/1428/630 742/1378/631 838/1487/632
f 735/1365/633 768/1460/634 864/1459/633
f 684/1304/635 838/1487/632 806/1434/635
f 736/1358/451 864/1459/633 832/1455/636
f 623/1205/304 754/1471/637 624/1203/304
f 685/1407/638 743/1359/639 633/1182/640
f 686/1323/641 839/1486/642 685/1407/638
f 621/1209/305 756/1467/643 622/1207/305
f 687/1409/644 745/1334/645 631/1186/646
f 688/1321/647 840/1485/648 687/1409/644
f 619/1213/307 758/1463/649 620/1211/306
f 689/1408/650 746/1335/651 841/1484/652
f 690/1322/653 841/1484/652 809/1437/654
f 617/1217/309 760/1423/655 618/1215/308
f 691/1489/656 747/1310/657 629/1190/658
f 692/1490/659 842/1483/660 691/1489/656
f 674/1298/424 793/1382/661 666/1247/662
f 615/1221/311 762/1398/663 616/1219/310
f 693/1410/664 748/1311/665 843/1482/666
f 676/1299/391 796/1364/667 802/1433/668
f 694/1320/669 843/1482/666 811/1439/670
f 678/1300/368 797/1343/671 670/1270/672
f 613/1386/312 764/1369/673 614/1223/312
f 695/1400/674 749/1478/675 627/1197/675
f 680/1301/344 800/1316/676 804/1456/677
f 696/1330/678 844/1481/674 695/1400/674
f 682/1305/626 798/1344/679 805/1432/680
f 612/1228/313 765/1347/681 766/1327/681
f 697/1412/682 750/1480/683 845/1479/682
f 684/1304/635 795/1363/684 668/1258/685
f 698/1317/686 845/1479/682 813/1441/686
f 686/1323/641 794/1383/687 807/1435/641
f 609/1230/292 767/1458/688 768/1460/688
f 699/1402/689 751/1476/690 625/1201/691
f 688/1321/647 792/1397/692 808/1436/693
f 641/1255/323 769/1384/694 770/1387/694
f 700/1328/695 846/1474/696 699/1402/689
f 690/1322/653 791/1396/697 664/1239/698
f 701/1399/699 752/1475/700 847/1477/701
f 692/1490/659 790/1406/702 810/1438/703
f 644/1274/326 772/1413/704 643/1268/326
f 702/1331/705 847/1477/701 815/1442/706
f 694/1320/669 789/1405/707 662/1296/708
f 703/1391/709 753/1472/710 623/1205/711
f 696/1330/678 788/1420/712 812/1440/713
f 646/1280/331 774/1421/714 645/1281/331
f 704/1338/715 848/1470/716 703/1391/709
f 698/1317/686 787/1419/717 660/1288/718
f 705/1401/719 754/1471/720 849/1473/721
f 700/1328/695 786/1426/722 814/1443/723
f 648/1290/335 776/1429/724 647/1286/334
f 706/1329/725 849/1473/721 817/1445/725
f 702/1331/705 785/1491/726 658/1278/727
f 707/1393/728 755/1468/729 621/1209/730
f 704/1338/715 784/1444/731 816/1446/715
f 650/1237/316 778/1453/732 649/1295/337
f 708/1336/733 850/1466/734 707/1393/728
f 706/1329/725 783/1492/735 656/1260/736
f 709/1390/737 756/1467/738 851/1469/739
f 708/1336/733 782/1447/740 818/1449/741
f 652/1241/317 780/1450/742 651/1236/315
f 710/1339/743 851/1469/739 819/1448/744
f 710/1339/743 781/1493/745 654/1249/746
f 711/1372/747 757/1464/748 619/1213/749
f 712/1353/750 780/1450/751 820/1452/752
f 654/1249/320 782/1447/753 653/1245/319
f 712/1353/750 852/1462/754 711/1372/747
f 714/1337/755 779/1494/756 652/1241/757
f 713/1392/758 758/1463/759 853/1465/760
f 716/1351/509 778/1453/761 822/1454/509
f 656/1260/322 784/1444/762 655/1253/322
f 714/1337/755 853/1465/760 821/1451/763
f 718/1354/499 777/1495/764 650/1237/765
f 928/1166/114 927/1169/114 640/1167/291
f 927/1169/114 926/1171/114 639/1170/293
f 926/1171/114 925/1173/114 638/1172/294
f 925/1173/114 924/1175/114 637/1174/295
f 924/1175/114 923/1177/114 636/1176/296
f 923/1177/114 922/1179/114 635/1178/297
f 922/1179/114 921/1181/114 634/1180/298
f 921/1181/114 920/1183/114 633/1182/298
f 920/1183/114 919/1185/114 632/1184/299
f 919/1185/114 918/1187/114 631/1186/299
f 918/1187/114 917/1189/114 630/1188/300
f 917/1189/114 916/1496/114 629/1190/301
f 916/1191/114 915/1195/114 628/1192/302
f 914/1194/114 627/1197/302 628/1192/302
f 913/1196/114 626/1199/303 627/1197/302
f 912/1198/114 625/1201/303 626/1199/303
f 911/1200/114 624/1203/304 625/1201/303
f 910/1202/114 623/1205/304 624/1203/304
f 909/1204/114 622/1207/305 623/1205/304
f 908/1206/114 621/1209/305 622/1207/305
f 907/1208/114 620/1211/306 621/1209/305
f 906/1210/114 619/1213/307 620/1211/306
f 905/1212/114 618/1215/308 619/1213/307
f 904/1214/114 617/1217/309 618/1215/308
f 903/1216/114 616/1219/310 617/1217/309
f 902/1218/114 615/1221/311 616/1219/310
f 901/1220/114 614/1223/312 615/1221/311
f 900/1222/114 613/1386/312 614/1223/312
f 899/1224/114 612/1228/313 613/1225/312
f 899/1224/114 898/1229/114 611/1227/313
f 898/1229/114 897/1231/114 609/1230/292
f 897/1231/114 928/1166/114 610/1168/292
f 866/1232/119 664/1239/314 663/1233/314
f 867/1235/119 868/1240/119 651/1236/315
f 869/1238/119 665/1243/318 664/1239/314
f 868/1240/119 870/1244/119 652/1241/317
f 871/1242/119 666/1247/318 665/1243/318
f 870/1244/119 872/1248/119 653/1245/319
f 873/1246/119 667/1251/321 666/1247/318
f 872/1248/119 874/1252/119 654/1249/320
f 875/1250/119 668/1258/324 667/1251/321
f 874/1252/119 876/1259/119 655/1253/322
f 878/1254/119 642/1262/323 641/1255/323
f 879/1257/119 669/1264/325 668/1258/324
f 876/1259/119 880/1266/119 656/1260/322
f 881/1261/119 643/1268/326 642/1262/323
f 882/1263/119 670/1270/327 669/1264/325
f 883/1265/119 657/1272/328 656/1260/322
f 884/1267/119 644/1274/326 643/1268/326
f 885/1269/119 671/1276/329 670/1270/327
f 886/1271/119 658/1278/330 657/1272/328
f 887/1273/119 645/1497/331 644/1274/326
f 888/1275/119 672/1282/332 671/1276/329
f 889/1277/119 659/1284/333 658/1278/330
f 887/1279/119 890/1285/119 646/1280/331
f 877/1256/119 641/1255/323 672/1282/332
f 891/1283/119 660/1288/333 659/1284/333
f 890/1285/119 892/1289/119 647/1286/334
f 893/1287/119 661/1318/336 660/1288/333
f 892/1289/119 894/1294/119 648/1290/335
f 895/1291/119 662/1296/336 661/1292/336
f 894/1294/119 896/1297/119 649/1295/337
f 865/1234/119 663/1233/314 662/1296/336
f 896/1297/119 867/1235/119 650/1237/316
f 674/1298/338 666/1247/339 667/1251/339
f 678/1300/341 670/1270/342 671/1276/342
f 680/1301/344 804/1456/677 836/1302/345
f 684/1304/347 668/1258/348 669/1264/348
f 731/1306/350 640/1167/766 738/1307/351
f 679/1303/346 836/1302/345 737/1309/353
f 630/1188/300 629/1190/301 747/1310/355
f 730/1312/356 729/1326/357 861/1313/357
f 671/1276/329 672/1282/332 799/1315/358
f 698/1317/359 660/1288/360 661/1318/360
f 694/1320/362 662/1296/363 663/1233/363
f 690/1322/365 664/1239/366 665/1243/366
f 678/1300/368 677/1332/378 835/1324/369
f 729/1326/357 612/1228/767 766/1327/371
f 656/1260/372 657/1272/372 700/1328/373
f 658/1278/375 659/1284/375 696/1330/376
f 677/1332/378 638/1172/768 740/1333/379
f 632/1184/299 631/1186/299 745/1334/380
f 652/1241/381 653/1245/381 708/1336/382
f 654/1249/384 655/1253/384 704/1338/385
f 728/1340/387 828/1414/387 860/1341/388
f 669/1264/325 670/1270/327 797/1343/390
f 676/1299/391 802/1433/668 834/1345/392
f 727/1342/389 860/1341/388 765/1347/394
f 644/1274/396 645/1497/396 724/1348/397
f 646/1280/399 647/1286/399 720/1349/400
f 648/1290/402 649/1295/402 716/1351/403
f 650/1237/405 651/1236/405 712/1353/406
f 732/1355/408 672/1282/409 641/1255/409
f 675/1346/393 834/1345/392 741/1357/411
f 736/1358/413 642/1262/414 643/1268/414
f 634/1180/298 633/1182/298 743/1359/416
f 726/1350/417 725/1368/427 859/1361/418
f 667/1251/321 668/1258/324 795/1363/420
f 609/1230/421 735/1365/423 727/1342/422
f 735/1365/423 736/1358/413 728/1340/415
f 674/1298/424 673/1377/444 833/1366/425
f 725/1368/427 614/1223/769 764/1369/428
f 640/1167/429 731/1306/431 733/1370/430
f 731/1306/431 732/1355/408 734/1356/410
f 717/1371/432 711/1372/434 619/1213/433
f 718/1354/407 712/1353/406 711/1372/434
f 721/1373/435 715/1374/437 617/1217/436
f 722/1352/404 716/1351/403 715/1374/437
f 725/1368/438 719/1375/440 615/1221/439
f 726/1350/401 720/1349/400 719/1375/440
f 729/1326/441 723/1376/443 613/1225/442
f 730/1312/398 724/1348/397 723/1376/443
f 673/1377/444 634/1180/770 744/1360/445
f 636/1176/296 635/1178/297 741/1357/446
f 724/1379/447 826/1422/504 858/1380/448
f 665/1243/318 666/1247/318 793/1382/450
f 736/1358/451 832/1455/636 769/1384/452
f 723/1381/449 858/1380/448 763/1385/453
f 734/1356/455 641/1255/771 770/1387/456
f 638/1172/294 637/1174/295 739/1389/457
f 709/1390/458 703/1391/460 623/1205/459
f 710/1339/386 704/1338/385 703/1391/460
f 713/1392/461 707/1393/463 621/1209/462
f 714/1337/383 708/1336/382 707/1393/463
f 722/1352/464 721/1373/471 857/1394/465
f 663/1233/314 664/1239/314 791/1396/467
f 732/1355/468 830/1457/468 799/1315/469
f 721/1373/471 616/1219/772 762/1398/472
f 701/1399/473 695/1400/475 627/1197/474
f 702/1331/377 696/1330/376 695/1400/475
f 705/1401/476 699/1402/478 625/1201/477
f 706/1329/374 700/1328/373 699/1402/478
f 730/1312/356 829/1314/356 771/1403/479
f 640/1167/291 639/1170/293 737/1309/480
f 720/1349/481 824/1430/481 856/1404/482
f 661/1292/336 662/1296/336 789/1405/484
f 632/1184/485 689/1408/487 685/1407/486
f 689/1408/487 690/1322/365 686/1323/367
f 630/1188/488 693/1410/490 687/1409/489
f 693/1410/490 694/1320/362 688/1321/364
f 628/1192/491 697/1412/493 691/1411/492
f 697/1412/493 698/1317/359 692/1319/361
f 728/1340/387 643/1268/773 772/1413/494
f 719/1375/483 856/1404/482 761/1415/495
f 726/1350/417 827/1362/419 773/1416/497
f 718/1354/499 717/1371/505 855/1417/500
f 659/1284/333 660/1288/333 787/1419/502
f 724/1379/447 645/1281/774 774/1421/503
f 717/1371/505 618/1215/775 760/1423/506
f 722/1352/464 825/1395/466 775/1424/507
f 716/1351/509 822/1454/509 854/1425/510
f 658/1278/330 785/1491/512 786/1426/512
f 636/1176/513 683/1428/515 681/1427/514
f 683/1428/515 684/1304/347 682/1305/349
f 720/1349/481 647/1286/776 776/1429/516
f 715/1374/511 854/1425/510 759/1431/517
f 638/1172/519 677/1332/521 679/1303/520
f 677/1332/521 678/1300/341 680/1301/343
f 634/1180/522 673/1377/525 675/1346/523
f 673/1377/525 674/1298/338 676/1299/340
f 805/1432/526 798/1344/527 797/1343/527
f 802/1433/529 796/1364/530 795/1363/530
f 807/1435/532 794/1383/533 793/1382/533
f 808/1436/535 792/1397/536 791/1396/536
f 810/1438/538 790/1406/539 789/1405/539
f 812/1440/541 788/1420/542 787/1419/542
f 786/1426/543 785/1491/543 815/1442/544
f 784/1444/546 783/1492/546 817/1445/547
f 782/1447/549 781/1493/549 819/1448/550
f 780/1450/552 779/1494/552 821/1451/553
f 778/1453/555 777/1495/555 823/1418/556
f 776/1429/558 775/1424/558 825/1395/559
f 774/1421/561 773/1416/561 827/1362/562
f 772/1413/564 771/1403/564 829/1314/565
f 831/1388/566 770/1387/567 769/1384/567
f 804/1456/569 800/1316/570 799/1315/570
f 737/1309/572 836/1302/574 862/1308/573
f 836/1302/574 804/1456/569 830/1457/571
f 767/1458/575 863/1461/577 864/1459/576
f 863/1461/577 831/1388/566 832/1455/568
f 860/1341/578 861/1313/578 766/1327/579
f 828/1414/565 829/1314/565 861/1313/578
f 858/1380/580 859/1361/582 764/1369/581
f 826/1422/563 827/1362/562 859/1361/582
f 856/1404/583 857/1394/585 762/1398/584
f 824/1430/560 825/1395/559 857/1394/585
f 854/1425/586 855/1417/588 760/1423/587
f 822/1454/557 823/1418/556 855/1417/588
f 852/1462/589 853/1465/591 758/1463/590
f 820/1452/554 821/1451/553 853/1465/591
f 850/1466/592 851/1469/594 756/1467/593
f 818/1449/551 819/1448/550 851/1469/594
f 848/1470/595 849/1473/597 754/1471/596
f 816/1446/548 817/1445/547 849/1473/597
f 846/1474/598 847/1477/600 752/1475/599
f 814/1443/545 815/1442/544 847/1477/600
f 749/1478/601 844/1481/602 845/1479/602
f 812/1440/541 813/1441/541 845/1479/602
f 747/1310/603 842/1483/605 843/1482/604
f 842/1483/605 810/1438/538 811/1439/540
f 745/1334/606 840/1485/608 841/1484/607
f 840/1485/608 808/1436/535 809/1437/537
f 743/1359/609 839/1486/611 833/1366/610
f 839/1486/611 807/1435/532 801/1367/534
f 741/1357/612 834/1345/615 838/1487/613
f 834/1345/615 802/1433/529 806/1434/531
f 739/1389/616 837/1488/618 835/1324/617
f 837/1488/618 805/1432/526 803/1325/528
f 732/1355/468 731/1306/350 862/1308/352
f 627/1197/302 749/1478/619 750/1480/619
f 681/1427/620 837/1488/627 739/1389/621
f 733/1370/623 863/1461/628 767/1458/624
f 682/1305/626 805/1432/680 837/1488/627
f 734/1356/455 831/1388/455 863/1461/628
f 625/1201/303 751/1476/629 752/1475/629
f 683/1428/630 636/1176/777 742/1378/631
f 735/1365/633 609/1230/778 768/1460/634
f 684/1304/635 683/1428/630 838/1487/632
f 736/1358/451 735/1365/633 864/1459/633
f 623/1205/304 753/1472/637 754/1471/637
f 685/1407/638 839/1486/642 743/1359/639
f 686/1323/641 807/1435/641 839/1486/642
f 621/1209/305 755/1468/643 756/1467/643
f 687/1409/644 840/1485/648 745/1334/645
f 688/1321/647 808/1436/693 840/1485/648
f 619/1213/307 757/1464/649 758/1463/649
f 689/1408/650 632/1184/779 746/1335/651
f 690/1322/653 689/1408/650 841/1484/652
f 617/1217/309 759/1431/655 760/1423/655
f 691/1489/656 842/1483/660 747/1310/657
f 692/1490/659 810/1438/703 842/1483/660
f 674/1298/424 801/1367/426 793/1382/661
f 615/1221/311 761/1415/663 762/1398/663
f 693/1410/664 630/1188/780 748/1311/665
f 676/1299/391 667/1251/781 796/1364/667
f 694/1320/669 693/1410/664 843/1482/666
f 678/1300/368 803/1325/370 797/1343/671
f 613/1386/312 763/1385/673 764/1369/673
f 695/1400/674 844/1481/674 749/1478/675
f 680/1301/344 671/1276/782 800/1316/676
f 696/1330/678 812/1440/713 844/1481/674
f 682/1305/626 669/1264/783 798/1344/679
f 612/1228/313 611/1227/313 765/1347/681
f 697/1412/682 628/1192/683 750/1480/683
f 684/1304/635 806/1434/635 795/1363/684
f 698/1317/686 697/1412/682 845/1479/682
f 686/1323/641 665/1243/784 794/1383/687
f 609/1230/292 610/1168/292 767/1458/688
f 699/1402/689 846/1474/696 751/1476/690
f 688/1321/647 663/1233/785 792/1397/692
f 641/1255/323 642/1262/323 769/1384/694
f 700/1328/695 814/1443/723 846/1474/696
f 690/1322/653 809/1437/654 791/1396/697
f 701/1399/699 626/1199/786 752/1475/700
f 692/1490/659 661/1292/787 790/1406/702
f 644/1274/326 771/1403/704 772/1413/704
f 702/1331/705 701/1399/699 847/1477/701
f 694/1320/669 811/1439/670 789/1405/707
f 703/1391/709 848/1470/716 753/1472/710
f 696/1330/678 659/1284/712 788/1420/712
f 646/1280/331 773/1416/714 774/1421/714
f 704/1338/715 816/1446/715 848/1470/716
f 698/1317/686 813/1441/686 787/1419/717
f 705/1401/719 624/1203/788 754/1471/720
f 700/1328/695 657/1272/789 786/1426/722
f 648/1290/335 775/1424/724 776/1429/724
f 706/1329/725 705/1401/719 849/1473/721
f 702/1331/705 815/1442/706 785/1491/726
f 707/1393/728 850/1466/734 755/1468/729
f 704/1338/715 655/1253/790 784/1444/731
f 650/1237/316 777/1495/732 778/1453/732
f 708/1336/733 818/1449/741 850/1466/734
f 706/1329/725 817/1445/725 783/1492/735
f 709/1390/737 622/1207/791 756/1467/738
f 708/1336/733 653/1245/792 782/1447/740
f 652/1241/317 779/1494/742 780/1450/742
f 710/1339/743 709/1390/737 851/1469/739
f 710/1339/743 819/1448/744 781/1493/745
f 711/1372/747 852/1462/754 757/1464/748
f 712/1353/750 651/1236/793 780/1450/751
f 654/1249/320 781/1493/753 782/1447/753
f 712/1353/750 820/1452/752 852/1462/754
f 714/1337/755 821/1451/763 779/1494/756
f 713/1392/758 620/1211/794 758/1463/759
f 716/1351/509 649/1295/795 778/1453/761
f 656/1260/322 783/1492/762 784/1444/762
f 714/1337/755 713/1392/758 853/1465/760
f 718/1354/499 823/1418/501 777/1495/764
