# Blender 5.2.0 LTS
# www.blender.org
mtllib Llanta_trasera_izquierda.mtl
o Llanta_Trasera_Lejos
v -1.943988 -1.717334 -0.118909
v -2.018511 -1.639131 -0.010909
v -1.965816 -1.694429 -0.042542
v -2.048322 -1.607847 -0.010909
v -2.122844 -1.529644 -0.118909
v -2.101017 -1.552549 -0.042542
v -2.018511 -1.639131 -0.270109
v -1.943988 -1.717334 -0.162109
v -1.965816 -1.694429 -0.238477
v -2.122844 -1.529644 -0.162109
v -2.048322 -1.607847 -0.270109
v -2.101017 -1.552549 -0.238477
v -2.755854 -1.852389 0.339490
v -2.755856 -2.135232 0.339490
v -2.814434 -1.993810 0.339490
v -2.755856 -2.135232 -0.620509
v -2.755854 -1.852389 -0.620510
v -2.814434 -1.993810 -0.620509
v -2.543724 -2.347364 0.339490
v -2.260880 -2.347364 0.339490
v -2.402301 -2.405942 0.339490
v -2.260880 -2.347364 -0.620509
v -2.543724 -2.347364 -0.620509
v -2.402301 -2.405942 -0.620509
v -0.223977 -0.342761 0.255490
v -0.784113 0.228419 0.255490
v -0.223977 -0.342761 0.063490
v -0.784113 0.228419 0.063490
v -2.612202 -2.477122 0.255490
v -2.329374 -2.479883 0.255490
v -2.523054 -2.529759 0.255490
v -2.419532 -2.530769 0.255490
v -2.889512 -1.908704 0.255490
v -2.892272 -2.191533 0.255490
v -2.942147 -1.997852 0.255490
v -2.943158 -2.101374 0.255490
v -2.612203 -2.477122 0.063490
v -2.523054 -2.529759 0.063490
v -2.892272 -2.191533 0.063490
v -2.943158 -2.101374 0.063490
v -2.942147 -1.997852 0.063490
v -2.221783 -1.643857 -0.620510
v -2.169755 -1.671667 -0.620510
v -2.124151 -1.709092 -0.620510
v -2.086726 -1.754694 -0.620510
v -2.041792 -1.863177 -0.620510
v -2.058918 -1.806723 -0.620510
v -2.278236 -2.217041 -0.620509
v -2.041792 -1.980596 -0.620509
v -2.124151 -2.134681 -0.620509
v -2.169755 -2.172106 -0.620509
v -2.086726 -2.089078 -0.620509
v -2.336946 -2.222823 -0.620509
v -2.221783 -2.199915 -0.620509
v -2.058918 -2.037050 -0.620509
v -2.340810 -2.222443 -0.620509
v -2.036009 -1.921886 -0.620510
v -2.549741 -1.709092 -0.620510
v -2.587166 -1.754695 -0.620510
v -2.504138 -1.671666 -0.620510
v -2.614975 -1.806723 -0.620510
v -2.452110 -1.643857 -0.620510
v -2.632102 -1.863176 -0.620510
v -2.632102 -1.980596 -0.620509
v -2.637883 -1.921886 -0.620510
v -2.549741 -2.134681 -0.620509
v -2.587166 -2.089078 -0.620509
v -2.614975 -2.037050 -0.620509
v -2.395657 -1.626732 -0.620510
v -2.336946 -1.620949 -0.620510
v -2.278236 -1.626732 -0.620510
v -2.504138 -2.172106 -0.620509
v -2.452110 -2.199916 -0.620509
v -2.395657 -2.217041 -0.620509
v -2.223039 -2.200297 0.339490
v -2.221783 -2.199915 0.339490
v -2.124151 -2.134681 0.339490
v -2.086726 -2.089078 0.339490
v -2.169755 -2.172106 0.339490
v -2.549741 -1.709092 0.339490
v -2.587166 -1.754695 0.339490
v -2.504138 -1.671666 0.339490
v -2.614975 -1.806723 0.339490
v -2.452110 -1.643857 0.339490
v -2.632102 -1.863176 0.339490
v -2.395657 -1.626732 0.339490
v -2.336946 -1.620949 0.339490
v -2.221783 -1.643857 0.339490
v -2.278236 -1.626732 0.339490
v -2.124151 -1.709092 0.339490
v -2.086726 -1.754694 0.339490
v -2.169755 -1.671667 0.339490
v -2.587166 -2.089078 0.339490
v -2.549741 -2.134681 0.339490
v -2.452110 -2.199916 0.339490
v -2.395657 -2.217041 0.339490
v -2.504138 -2.172106 0.339490
v -2.278236 -2.217041 0.339490
v -2.336946 -2.222823 0.339490
v -2.058918 -2.037050 0.339490
v -2.041792 -1.980596 0.339490
v -2.036009 -1.921886 0.339490
v -2.637883 -1.921886 0.339490
v -2.632102 -1.980596 0.339490
v -2.041792 -1.863177 0.339490
v -2.058918 -1.806723 0.339490
v -2.614975 -2.037050 0.339490
v -2.452110 -1.643857 0.063490
v -2.587166 -2.089078 0.063490
v -2.169755 -1.671667 0.063490
v -2.504138 -2.172106 0.063490
v -2.086726 -1.754694 0.063490
v -2.221783 -2.199915 0.063490
v -2.058918 -2.037050 0.063490
v -2.336946 -2.222823 0.063490
v -2.587166 -1.754695 0.255490
v -2.452110 -1.643857 0.255490
v -2.336946 -1.620949 0.255490
v -2.632102 -1.863176 0.255490
v -2.614975 -2.037050 0.255490
v -2.504138 -2.172106 0.255490
v -2.086726 -1.754694 0.255490
v -2.169755 -1.671667 0.255490
v -2.041792 -1.863177 0.255490
v -2.336946 -2.222823 0.255490
v -2.221783 -2.199915 0.255490
v -2.124151 -2.134681 0.255490
v -2.041792 -1.980596 0.255490
v -0.651331 -0.763904 0.255490
v -0.651331 -0.763904 0.063490
v -0.933887 -0.545480 -0.010909
v -0.961534 -0.517318 -0.010909
v -0.885016 -0.595263 -0.238477
v -0.864773 -0.615883 -0.118909
v -1.010405 -0.467536 -0.042542
v -0.961534 -0.517318 -0.270109
v -0.885016 -0.595263 -0.042542
v -0.864773 -0.615883 -0.162109
v -1.030648 -0.446916 -0.162109
v -1.030648 -0.446916 -0.118909
v -0.933887 -0.545480 -0.270109
v -1.010405 -0.467536 -0.238477
v 0.150582 -0.342730 0.255490
v 0.324340 -0.168899 0.255490
v 0.273447 -0.291786 0.255490
v 0.324340 0.074764 0.255490
v 0.150636 0.244203 0.255490
v 0.273463 0.196364 0.255490
v 0.324340 -0.168899 0.063490
v 0.150582 -0.342730 0.063490
v 0.273447 -0.291786 0.063490
v 0.150636 0.244203 0.063490
v 0.324340 0.074764 0.063490
v 0.273463 0.196364 0.063490
v -2.278236 -1.626732 0.063490
v -2.614975 -1.806723 0.063490
v -2.889512 -1.908704 0.063490
v -0.436487 -0.060079 0.044819
v -0.366542 -0.131208 -0.000416
v -1.040975 -0.443686 -0.000416
v -1.069947 -0.414224 -0.109621
v -0.832544 -0.655646 -0.109621
v -0.861517 -0.626183 -0.000416
v -0.832544 -0.655646 -0.171397
v -0.861517 -0.626183 -0.280603
v -0.931461 -0.555054 -0.325837
v -0.476056 -0.019840 0.044819
v -0.476056 -0.019840 -0.325837
v -0.546000 0.051289 -0.280603
v -0.971030 -0.514815 -0.325837
v -1.040975 -0.443686 -0.280603
v -0.931461 -0.555054 0.044819
v -0.971030 -0.514815 0.044819
v -0.436487 -0.060079 -0.325837
v -1.069947 -0.414224 -0.171397
v -0.366542 -0.131208 -0.280603
v -0.337569 -0.160671 -0.109621
v -0.337569 -0.160671 -0.171397
v -0.546000 0.051289 -0.000416
v -0.574972 0.080751 -0.109621
v -0.574972 0.080751 -0.171397
v -2.147370 -1.499208 0.339490
v -2.402674 -1.499208 0.339490
v -2.275023 -1.446333 0.339490
v -2.402674 -1.499208 -0.620510
v -2.147370 -1.499208 -0.620510
v -2.275023 -1.446333 -0.620510
v -1.907700 -1.994183 0.339490
v -1.907700 -1.738879 0.339490
v -1.854825 -1.866531 0.339490
v -1.907700 -1.738879 -0.620510
v -1.907700 -1.994183 -0.620509
v -1.854825 -1.866531 -0.620510
v -2.636257 -1.905380 0.063490
v -2.036009 -1.921886 0.063490
v -2.329374 -2.479883 0.063490
v -2.419532 -2.530769 0.063490
v -2.549741 -1.709092 0.063490
v -2.124151 -2.134681 0.063490
v 0.150609 -0.049264 0.255490
v 0.150609 -0.049264 0.063490
v -0.223977 -0.342761 -0.344510
v -0.784113 0.228419 -0.344510
v -0.223977 -0.342761 -0.536510
v -0.784113 0.228419 -0.536510
v -2.612202 -2.477122 -0.344510
v -2.329374 -2.479883 -0.344510
v -2.523054 -2.529759 -0.344510
v -2.419532 -2.530769 -0.344510
v -2.889512 -1.908704 -0.344510
v -2.892272 -2.191533 -0.344510
v -2.942147 -1.997852 -0.344510
v -2.943158 -2.101374 -0.344510
v -2.612203 -2.477122 -0.536510
v -2.523054 -2.529759 -0.536510
v -2.892272 -2.191533 -0.536510
v -2.943158 -2.101374 -0.536510
v -2.942147 -1.997852 -0.536510
v -2.452110 -1.643857 -0.536510
v -2.587166 -2.089078 -0.536510
v -2.169755 -1.671667 -0.536510
v -2.504138 -2.172106 -0.536510
v -2.086726 -1.754694 -0.536510
v -2.221783 -2.199915 -0.536510
v -2.058918 -2.037050 -0.536510
v -2.336946 -2.222823 -0.536510
v -2.587166 -1.754695 -0.344510
v -2.452110 -1.643857 -0.344510
v -2.336946 -1.620949 -0.344510
v -2.632102 -1.863176 -0.344510
v -2.614975 -2.037050 -0.344510
v -2.504138 -2.172106 -0.344510
v -2.086726 -1.754694 -0.344510
v -2.169755 -1.671667 -0.344510
v -2.041792 -1.863177 -0.344510
v -2.336946 -2.222823 -0.344510
v -2.221783 -2.199915 -0.344510
v -2.124151 -2.134681 -0.344510
v -2.041792 -1.980596 -0.344510
v -0.651331 -0.763904 -0.344510
v -0.651331 -0.763904 -0.536510
v 0.150582 -0.342730 -0.344510
v 0.324340 -0.168899 -0.344510
v 0.273447 -0.291786 -0.344510
v 0.324340 0.074764 -0.344510
v 0.150636 0.244203 -0.344510
v 0.273463 0.196364 -0.344510
v 0.324340 -0.168899 -0.536510
v 0.150582 -0.342730 -0.536510
v 0.273447 -0.291786 -0.536510
v 0.150636 0.244203 -0.536510
v 0.324340 0.074764 -0.536510
v 0.273463 0.196364 -0.536510
v -2.278236 -1.626732 -0.536510
v -2.614975 -1.806723 -0.536510
v -2.889512 -1.908704 -0.536510
v -2.636257 -1.905380 -0.536510
v -2.036009 -1.921886 -0.536510
v -2.329374 -2.479883 -0.536510
v -2.419532 -2.530769 -0.536510
v -2.549741 -1.709092 -0.536510
v -2.124151 -2.134681 -0.536510
v 0.150609 -0.049264 -0.344510
v 0.150609 -0.049264 -0.536510
v -2.036411 -1.980597 0.551490
v -2.081347 -2.089078 0.551490
v -2.164374 -2.172107 0.551490
v -2.272856 -2.217041 0.551490
v -2.446729 -2.199916 0.551490
v -2.544360 -2.134681 0.551490
v -2.609595 -2.037051 0.551490
v -2.632504 -1.921887 0.551489
v -2.609595 -1.806723 0.551489
v -2.544360 -1.709092 0.551489
v -2.446729 -1.643858 0.551489
v -2.331566 -1.620950 0.551489
v -2.164374 -1.671667 0.551489
v -2.081347 -1.754695 0.551489
v -2.036411 -1.863177 0.551489
v -2.036411 -1.980596 -0.704511
v -2.081346 -2.089078 -0.704511
v -2.216403 -2.199916 -0.704511
v -2.331565 -2.222824 -0.704511
v -2.446728 -2.199916 -0.704511
v -2.544360 -2.134681 -0.704511
v -2.626720 -1.980597 -0.704511
v -2.609595 -1.806723 -0.704511
v -2.544359 -1.709092 -0.704511
v -2.446729 -1.643858 -0.704511
v -2.272855 -1.626733 -0.704511
v -2.118772 -1.709092 -0.704511
v -2.036411 -1.863177 -0.704511
v -0.279737 -0.292752 0.050950
v -0.279737 -0.292752 -0.349051
v -0.653318 -0.195081 0.050950
v -0.555638 -0.292751 0.050950
v -0.555701 0.191587 0.050950
v -0.653350 0.095275 0.050950
v -0.555638 -0.292751 -0.349051
v -0.653318 -0.195081 -0.349051
v -0.653350 0.095275 -0.349051
v -0.555701 0.191587 -0.349051
v -0.004414 0.183928 0.050949
v 0.169268 0.143188 0.050949
v -0.004414 0.183928 -0.349051
v 0.169267 0.143188 -0.349051
v -1.437432 -1.921886 1.530440
v -1.454716 -2.097373 1.530440
v -1.505903 -2.266116 1.530440
v -1.589028 -2.421630 1.530440
v -1.700894 -2.557940 1.530440
v -1.837204 -2.669806 1.530441
v -1.992718 -2.752930 1.530441
v -2.161461 -2.804118 1.530441
v -2.336948 -2.821402 1.530441
v -2.512435 -2.804118 1.530441
v -2.681179 -2.752931 1.530441
v -2.836692 -2.669806 1.530441
v -2.973001 -2.557940 1.530441
v -3.084868 -2.421630 1.530441
v -3.167992 -2.266116 1.530441
v -3.219181 -2.097373 1.530441
v -3.236465 -1.921886 1.530441
v -3.219181 -1.746399 1.530441
v -3.167992 -1.577656 1.530441
v -3.084868 -1.422142 1.530441
v -2.973002 -1.285832 1.530441
v -2.836692 -1.173966 1.530441
v -2.681179 -1.090842 1.530441
v -2.512435 -1.039654 1.530441
v -2.336948 -1.022370 1.530441
v -2.161461 -1.039654 1.530441
v -1.992718 -1.090842 1.530441
v -1.837204 -1.173966 1.530441
v -1.700894 -1.285832 1.530441
v -1.589028 -1.422142 1.530440
v -1.505903 -1.577656 1.530440
v -1.454716 -1.746399 1.530440
v -1.437432 -1.921886 0.490441
v -1.454716 -2.097373 0.490441
v -1.505904 -2.266116 0.490441
v -1.589028 -2.421630 0.490441
v -1.700894 -2.557940 0.490441
v -1.837204 -2.669806 0.490441
v -1.992718 -2.752930 0.490441
v -2.161461 -2.804118 0.490441
v -2.336948 -2.821402 0.490441
v -2.512435 -2.804118 0.490441
v -2.681179 -2.752930 0.490441
v -2.836692 -2.669806 0.490441
v -2.973002 -2.557940 0.490441
v -3.084868 -2.421630 0.490441
v -3.167994 -2.266116 0.490441
v -3.219181 -2.097373 0.490441
v -3.236465 -1.921886 0.490441
v -3.219181 -1.746399 0.490440
v -3.167994 -1.577656 0.490440
v -3.084868 -1.422142 0.490440
v -2.973002 -1.285832 0.490440
v -2.836693 -1.173966 0.490440
v -2.681179 -1.090842 0.490440
v -2.512435 -1.039654 0.490440
v -2.336948 -1.022370 0.490440
v -2.161461 -1.039654 0.490440
v -1.992718 -1.090842 0.490440
v -1.837204 -1.173966 0.490440
v -1.700894 -1.285832 0.490440
v -1.589028 -1.422142 0.490440
v -1.505904 -1.577656 0.490440
v -1.454716 -1.746399 0.490440
v -1.332702 -2.123029 0.490441
v -1.313108 -1.924094 0.490439
v -1.390729 -2.314320 0.490441
v -1.484961 -2.490614 0.490441
v -1.611774 -2.645137 0.490441
v -1.766298 -2.771951 0.490441
v -1.942592 -2.866182 0.490441
v -2.133883 -2.924210 0.490441
v -2.332819 -2.943803 0.490441
v -2.531754 -2.924210 0.490441
v -2.723044 -2.866183 0.490441
v -2.899338 -2.771951 0.490441
v -3.053861 -2.645137 0.490441
v -3.180676 -2.490614 0.490441
v -3.274907 -2.314320 0.490441
v -3.332934 -2.123029 0.490441
v -3.352527 -1.924094 0.490441
v -3.332934 -1.725158 0.490440
v -3.274907 -1.533868 0.490440
v -3.180676 -1.357574 0.490440
v -3.053861 -1.203050 0.490440
v -2.899338 -1.076236 0.490440
v -2.723044 -0.982005 0.490440
v -2.531754 -0.923977 0.490440
v -2.332819 -0.904384 0.490440
v -2.133883 -0.923977 0.490440
v -1.942592 -0.982005 0.490440
v -1.766298 -1.076236 0.490440
v -1.611774 -1.203050 0.490440
v -1.484961 -1.357574 0.490439
v -1.390729 -1.533868 0.490440
v -1.332702 -1.725158 0.490440
v -1.308396 -1.921886 1.530440
v -1.328159 -2.122547 1.530440
v -1.386690 -2.315496 1.530440
v -1.481739 -2.493319 1.530440
v -1.609653 -2.649182 1.530440
v -1.765515 -2.777095 1.530441
v -1.943338 -2.872144 1.530441
v -2.136287 -2.930674 1.530441
v -2.336948 -2.950438 1.530441
v -2.537608 -2.930674 1.530441
v -2.730557 -2.872144 1.530441
v -2.908381 -2.777096 1.530441
v -3.064243 -2.649182 1.530441
v -3.192157 -2.493319 1.530441
v -3.287205 -2.315496 1.530441
v -3.345737 -2.122547 1.530441
v -3.365499 -1.921886 1.530441
v -3.345737 -1.721226 1.530441
v -3.287206 -1.528276 1.530441
v -3.192157 -1.350453 1.530441
v -3.064244 -1.194590 1.530441
v -2.908381 -1.066677 1.530441
v -2.730557 -0.971628 1.530441
v -2.537608 -0.913098 1.530441
v -2.336948 -0.893334 1.530441
v -2.136287 -0.913098 1.530441
v -1.943338 -0.971628 1.530441
v -1.765515 -1.066677 1.530441
v -1.609653 -1.194590 1.530441
v -1.481739 -1.350453 1.530440
v -1.386690 -1.528276 1.530440
v -1.328159 -1.721226 1.530440
v -2.336948 -1.825414 1.470439
v -2.385184 -1.838339 1.470439
v -2.420496 -1.873650 1.470439
v -2.433420 -1.921886 1.470439
v -2.420496 -1.970122 1.470439
v -2.385184 -2.005434 1.470439
v -2.336948 -2.018359 1.470439
v -2.288713 -2.005434 1.470439
v -2.253401 -1.970122 1.470439
v -2.240476 -1.921886 1.470439
v -2.253401 -1.873650 1.470439
v -2.288713 -1.838339 1.470439
v -2.336948 -1.721886 1.347106
v -2.336948 -1.721886 1.193772
v -2.436948 -1.748681 1.193772
v -2.436948 -1.748681 1.347106
v -2.510153 -1.821886 1.193772
v -2.510153 -1.821886 1.347106
v -2.536948 -1.921886 1.193772
v -2.536948 -1.921886 1.347106
v -2.510153 -2.021886 1.193772
v -2.510153 -2.021886 1.347106
v -2.436948 -2.095091 1.193772
v -2.436948 -2.095091 1.347106
v -2.336948 -2.121886 1.193772
v -2.336948 -2.121886 1.347106
v -2.236948 -2.095091 1.193772
v -2.236948 -2.095091 1.347106
v -2.163743 -2.021886 1.193772
v -2.163743 -2.021886 1.347106
v -2.136949 -1.921886 1.193772
v -2.136949 -1.921886 1.347106
v -2.163743 -1.821886 1.193772
v -2.163743 -1.821886 1.347106
v -2.236948 -1.748681 1.193772
v -2.236948 -1.748681 1.347106
v -2.518121 -1.045738 0.847105
v -2.518121 -1.045738 0.593771
v -2.618123 -1.072533 0.593771
v -2.618123 -1.072533 0.847105
v -3.186301 -1.640713 0.593771
v -3.186301 -1.640713 0.847105
v -3.213096 -1.740713 0.593771
v -3.213096 -1.740713 0.847105
v -3.005128 -2.516861 0.593772
v -3.005128 -2.516861 0.847105
v -2.931923 -2.590066 0.593771
v -2.931923 -2.590066 0.847105
v -2.155776 -2.798034 0.593771
v -2.155776 -2.798034 0.847106
v -2.055775 -2.771239 0.593771
v -2.055775 -2.771239 0.847106
v -1.487596 -2.203059 0.593771
v -1.487596 -2.203059 0.847104
v -1.460800 -2.103060 0.593771
v -1.460800 -2.103060 0.847104
v -1.668768 -1.326911 0.593771
v -1.668768 -1.326911 0.847104
v -1.741974 -1.253706 0.593771
v -1.741973 -1.253706 0.847104
v -2.336948 -1.721886 1.470439
v -2.436948 -1.748681 1.470439
v -2.510153 -1.821886 1.470439
v -2.536948 -1.921886 1.470439
v -2.510153 -2.021886 1.470439
v -2.436948 -2.095091 1.470439
v -2.336948 -2.121886 1.470439
v -2.236948 -2.095091 1.470439
v -2.163743 -2.021886 1.470439
v -2.136949 -1.921886 1.470439
v -2.163743 -1.821886 1.470439
v -2.236948 -1.748681 1.470439
v -2.336948 -1.825414 1.370439
v -2.385184 -1.838339 1.370439
v -2.420496 -1.873650 1.370439
v -2.433420 -1.921886 1.370439
v -2.420496 -1.970122 1.370439
v -2.385184 -2.005434 1.370439
v -2.336948 -2.018359 1.370439
v -2.288713 -2.005434 1.370439
v -2.253401 -1.970122 1.370439
v -2.240476 -1.921886 1.370439
v -2.253401 -1.873650 1.370439
v -2.288713 -1.838339 1.370439
v -2.114665 -0.820087 0.819773
v -2.115546 -0.816098 1.201108
v -1.903636 -0.884102 0.819773
v -1.903910 -0.880297 1.201108
v -1.398787 -1.298421 0.819773
v -1.397605 -1.295810 1.201107
v -1.294833 -1.492905 0.819773
v -1.293352 -1.490855 1.201107
v -1.538685 -1.127954 0.819773
v -1.537907 -1.124852 1.201108
v -1.709152 -0.988055 0.819773
v -1.708865 -0.984550 1.201108
v -2.334126 -0.798472 0.819773
v -2.335640 -0.794421 1.201108
v -2.764616 -0.884102 0.819773
v -2.767370 -0.880297 1.201108
v -2.553587 -0.820087 0.819773
v -2.555734 -0.816098 1.201108
v -3.129566 -1.127954 0.819774
v -3.133373 -1.124852 1.201108
v -2.959099 -0.988056 0.819773
v -2.962415 -0.984550 1.201108
v -3.373419 -1.492905 0.819774
v -3.377928 -1.490855 1.201108
v -3.269465 -1.298421 0.819774
v -3.273675 -1.295810 1.201108
v -3.459048 -1.923394 0.819774
v -3.463805 -1.922585 1.201108
v -3.437433 -1.703933 0.819774
v -3.442127 -1.702491 1.201108
v -3.373418 -2.353884 0.819774
v -3.377928 -2.354315 1.201108
v -3.437433 -2.142856 0.819774
v -3.442127 -2.142679 1.201108
v -3.129566 -2.718835 0.819774
v -3.133373 -2.720318 1.201108
v -3.269465 -2.548368 0.819774
v -3.273675 -2.549360 1.201108
v -2.764616 -2.962688 0.819773
v -2.767370 -2.964873 1.201108
v -2.959099 -2.858734 0.819773
v -2.962415 -2.860620 1.201108
v -2.334126 -3.048317 0.819773
v -2.335640 -3.050750 1.201108
v -2.553587 -3.026702 0.819773
v -2.555734 -3.029073 1.201108
v -1.903636 -2.962688 0.819773
v -1.903910 -2.964873 1.201108
v -2.114665 -3.026702 0.819773
v -2.115546 -3.029073 1.201108
v -1.538685 -2.718835 0.819773
v -1.537907 -2.720318 1.201107
v -1.709152 -2.858734 0.819773
v -1.708865 -2.860620 1.201108
v -1.294833 -2.353884 0.819773
v -1.293352 -2.354315 1.201107
v -1.398787 -2.548368 0.819773
v -1.397605 -2.549360 1.201107
v -1.230818 -1.703933 0.819773
v -1.229153 -1.702491 1.201107
v -1.209203 -1.923394 0.819773
v -1.207475 -1.922585 1.201107
v -1.230818 -2.142856 0.819773
v -1.229153 -2.142679 1.201107
v -2.336948 -1.721886 0.755994
v -2.336948 -1.721886 0.658216
v -2.436948 -1.748681 0.658216
v -2.436948 -1.748681 0.755994
v -2.510153 -1.821886 0.658216
v -2.510153 -1.821886 0.755994
v -2.536948 -1.921886 0.658216
v -2.536948 -1.921886 0.755994
v -2.510153 -2.021886 0.658216
v -2.510153 -2.021886 0.755994
v -2.436948 -2.095091 0.658216
v -2.436948 -2.095091 0.755994
v -2.336948 -2.121886 0.658216
v -2.336948 -2.121886 0.755994
v -2.236948 -2.095091 0.658216
v -2.236948 -2.095091 0.755994
v -2.163743 -2.021886 0.658216
v -2.163743 -2.021886 0.755994
v -2.136949 -1.921886 0.658216
v -2.136949 -1.921886 0.755993
v -2.163743 -1.821886 0.658216
v -2.163743 -1.821886 0.755993
v -2.236948 -1.748681 0.658216
v -2.236948 -1.748681 0.755993
v -2.931923 -1.253707 0.658216
v -2.931923 -1.253707 0.755994
v -3.005128 -1.326912 0.658216
v -3.005128 -1.326912 0.755994
v -2.618123 -2.771239 0.658216
v -2.618123 -2.771239 0.755995
v -2.518122 -2.798034 0.658216
v -2.518122 -2.798034 0.755995
v -1.460800 -1.740713 0.658216
v -1.460800 -1.740713 0.755993
v -1.487596 -1.640713 0.658216
v -1.487596 -1.640713 0.755993
v -1.348243 -1.516357 0.495640
v -1.287604 -1.716256 0.495640
v -1.579236 -1.170653 0.495640
v -1.446714 -1.332130 0.495640
v -1.924939 -0.939661 0.495640
v -1.740712 -1.038132 0.495640
v -2.332726 -0.858547 0.495640
v -2.124838 -0.879022 0.495640
v -2.740511 -0.939661 0.495640
v -2.540613 -0.879022 0.495640
v -3.086216 -1.170653 0.495641
v -2.924739 -1.038133 0.495640
v -3.317207 -1.516357 0.495641
v -3.218736 -1.332130 0.495640
v -3.398321 -1.924143 0.495641
v -3.377846 -1.716256 0.495641
v -3.317207 -2.331929 0.495641
v -3.377846 -2.132031 0.495641
v -3.086216 -2.677634 0.495640
v -3.218736 -2.516157 0.495640
v -2.740511 -2.908626 0.495640
v -2.924738 -2.810154 0.495640
v -2.332726 -2.989739 0.495641
v -2.540613 -2.969264 0.495641
v -1.924939 -2.908626 0.495640
v -2.124838 -2.969264 0.495641
v -1.579236 -2.677634 0.495640
v -1.740712 -2.810154 0.495640
v -1.348243 -2.331929 0.495640
v -1.446714 -2.516157 0.495640
v -1.267129 -1.924143 0.495640
v -1.287604 -2.132031 0.495640
v -1.282857 -2.131526 1.525241
v -1.262205 -1.921836 1.525241
v -1.443347 -2.518983 1.525241
v -1.344022 -2.333158 1.525241
v -1.739894 -2.815530 1.525241
v -1.577017 -2.681860 1.525241
v -2.127351 -2.976020 1.525241
v -1.925719 -2.914856 1.525241
v -2.546731 -2.976020 1.525241
v -2.337041 -2.996672 1.525241
v -2.934188 -2.815530 1.525241
v -2.748363 -2.914856 1.525241
v -3.230734 -2.518983 1.525241
v -3.097065 -2.681860 1.525241
v -3.391224 -2.131526 1.525241
v -3.330060 -2.333159 1.525242
v -3.391224 -1.712146 1.525241
v -3.411877 -1.921836 1.525242
v -3.230734 -1.324689 1.525241
v -3.330060 -1.510515 1.525242
v -2.934188 -1.028143 1.525241
v -3.097065 -1.161813 1.525241
v -2.546731 -0.867653 1.525241
v -2.748363 -0.928818 1.525241
v -2.127351 -0.867653 1.525241
v -2.337041 -0.847000 1.525241
v -1.739894 -1.028143 1.525241
v -1.925719 -0.928818 1.525241
v -1.443347 -1.324689 1.525241
v -1.577017 -1.161812 1.525241
v -1.282857 -1.712146 1.525241
v -1.344022 -1.510515 1.525241
v -2.093612 -0.705409 1.199201
v -1.860813 -0.776028 1.199201
v -1.303878 -1.233093 1.199201
v -1.189199 -1.447642 1.199201
v -1.458210 -1.045038 1.199201
v -1.646265 -0.890707 1.199201
v -2.335716 -0.681564 1.199201
v -2.810619 -0.776028 1.199202
v -2.577819 -0.705409 1.199201
v -3.213223 -1.045039 1.199202
v -3.025168 -0.890707 1.199202
v -3.482234 -1.447642 1.199202
v -3.367553 -1.233093 1.199202
v -3.576697 -1.922545 1.199202
v -3.552852 -1.680441 1.199202
v -3.482234 -2.397448 1.199202
v -3.552852 -2.164648 1.199202
v -3.213223 -2.800051 1.199202
v -3.367554 -2.611997 1.199202
v -2.810619 -3.069061 1.199201
v -3.025168 -2.954383 1.199202
v -2.335716 -3.163526 1.199201
v -2.577819 -3.139681 1.199201
v -1.860813 -3.069061 1.199201
v -2.093612 -3.139681 1.199201
v -1.458210 -2.800051 1.199201
v -1.646265 -2.954382 1.199201
v -1.189199 -2.397447 1.199201
v -1.303878 -2.611997 1.199201
v -1.118580 -1.680441 1.199201
v -1.094735 -1.922545 1.199201
v -1.118580 -2.164648 1.199201
v -2.092642 -0.709797 0.821680
v -1.860512 -0.780213 0.821680
v -1.305178 -1.235964 0.821680
v -1.190828 -1.449897 0.821680
v -1.459066 -1.048450 0.821680
v -1.646580 -0.894562 0.821680
v -2.334050 -0.686021 0.821680
v -2.807589 -0.780213 0.821681
v -2.575459 -0.709797 0.821680
v -3.209034 -1.048451 0.821681
v -3.021522 -0.894563 0.821681
v -3.477273 -1.449897 0.821681
v -3.362922 -1.235964 0.821681
v -3.571465 -1.923435 0.821681
v -3.547688 -1.682027 0.821681
v -3.477273 -2.396973 0.821681
v -3.547688 -2.164843 0.821681
v -3.209034 -2.798419 0.821681
v -3.362923 -2.610906 0.821681
v -2.807589 -3.066657 0.821681
v -3.021522 -2.952308 0.821681
v -2.334050 -3.160850 0.821681
v -2.575459 -3.137073 0.821681
v -1.860512 -3.066657 0.821681
v -2.092643 -3.137073 0.821681
v -1.459066 -2.798419 0.821681
v -1.646579 -2.952307 0.821681
v -1.190828 -2.396973 0.821680
v -1.305178 -2.610906 0.821680
v -1.120412 -1.682028 0.821680
v -1.096636 -1.923435 0.821680
v -1.120412 -2.164843 0.821680
v -2.467471 -1.234767 1.166457
v -2.440241 -1.336391 1.305025
v -2.414828 -1.431233 1.389186
v -2.376167 -1.575519 1.412047
v -2.540241 -1.363186 1.305025
v -2.567472 -1.261562 1.166457
v -2.476167 -1.602314 1.412047
v -2.514828 -1.458028 1.389186
v -2.683316 -1.882667 1.412047
v -2.827601 -1.844006 1.389186
v -2.922443 -1.818593 1.305025
v -3.024067 -1.791363 1.166457
v -2.800807 -1.744006 1.389186
v -2.656521 -1.782667 1.412047
v -2.997272 -1.691363 1.166457
v -2.895648 -1.718593 1.305025
v -2.129800 -1.641533 1.412047
v -2.024175 -1.535908 1.389186
v -1.954746 -1.466479 1.305025
v -1.880352 -1.392085 1.166457
v -1.950970 -1.609114 1.389186
v -2.056594 -1.714738 1.412047
v -1.807148 -1.465290 1.166456
v -1.881541 -1.539684 1.305025
v -1.873090 -2.099766 1.389186
v -2.017375 -2.061105 1.412047
v -1.676624 -2.152409 1.166456
v -1.778248 -2.125179 1.305025
v -1.751453 -2.025179 1.305025
v -1.649829 -2.052409 1.166456
v -1.990582 -1.961105 1.412047
v -1.846295 -1.999766 1.389186
v -2.197729 -2.241459 1.412047
v -2.159069 -2.385744 1.389186
v -2.133656 -2.480586 1.305025
v -2.106425 -2.582210 1.166457
v -2.259068 -2.412539 1.389186
v -2.297729 -2.268254 1.412047
v -2.206425 -2.609005 1.166457
v -2.233655 -2.507381 1.305025
v -2.722926 -2.234659 1.389186
v -2.617301 -2.129035 1.412047
v -2.866749 -2.378482 1.166457
v -2.792356 -2.304088 1.305025
v -2.719151 -2.377293 1.305025
v -2.793544 -2.451687 1.166457
v -2.544096 -2.202240 1.412047
v -2.649721 -2.307864 1.389186
v -2.336948 -1.721886 0.137772
v -2.436949 -1.748681 0.137772
v -2.510154 -1.821886 0.137772
v -2.536948 -1.921886 0.137772
v -2.510154 -2.021886 0.137772
v -2.436949 -2.095091 0.137772
v -2.336948 -2.121886 0.137772
v -2.236949 -2.095091 0.137772
v -2.163744 -2.021886 0.137772
v -2.136950 -1.921886 0.137772
v -2.163744 -1.821886 0.137772
v -2.236949 -1.748681 0.137772
v -2.466949 -1.696720 -0.143808
v -2.336949 -1.661886 -0.143808
v -2.336948 -1.661886 0.137725
v -2.562115 -1.791886 -0.143808
v -2.596948 -1.921886 -0.143808
v -2.562115 -2.051886 -0.143808
v -2.466949 -2.147053 -0.143807
v -2.336949 -2.181886 -0.143807
v -2.206949 -2.147053 -0.143807
v -2.111783 -2.051886 -0.143808
v -2.076949 -1.921886 -0.143808
v -2.111783 -1.791886 -0.143808
v -2.206949 -1.696720 -0.143808
v -2.466949 -1.696720 0.137725
v -2.562115 -1.791886 0.137725
v -2.596948 -1.921886 0.137726
v -2.562115 -2.051886 0.137726
v -2.466949 -2.147053 0.137726
v -2.336948 -2.181886 0.137726
v -2.206949 -2.147053 0.137726
v -2.111783 -2.051886 0.137726
v -2.076949 -1.921886 0.137726
v -2.111783 -1.791886 0.137725
v -2.206949 -1.696720 0.137725
v -2.705868 -1.031235 1.530441
v -2.525022 -0.976376 1.530441
v -2.525022 -2.867396 1.530441
v -2.705867 -2.812537 1.530441
v -2.336948 -0.957852 1.530441
v -2.872536 -2.723451 1.530441
v -2.148874 -0.976376 1.530441
v -3.018622 -2.603561 1.530441
v -1.968029 -1.031235 1.530441
v -3.138514 -2.457474 1.530441
v -1.801359 -1.120321 1.530441
v -3.227599 -2.290806 1.530441
v -1.372914 -1.921886 1.530440
v -1.391438 -2.109960 1.530440
v -1.655273 -1.240211 1.530441
v -3.282458 -2.109960 1.530441
v -1.446297 -2.290806 1.530440
v -1.535383 -1.386298 1.530440
v -3.300982 -1.921886 1.530441
v -1.535383 -2.457474 1.530440
v -1.446297 -1.552966 1.530440
v -3.282458 -1.733812 1.530441
v -1.655273 -2.603561 1.530440
v -1.391438 -1.733812 1.530440
v -3.227599 -1.552966 1.530441
v -1.801359 -2.723451 1.530441
v -3.138514 -1.386298 1.530441
v -1.968029 -2.812537 1.530441
v -3.018623 -1.240211 1.530441
v -2.148874 -2.867396 1.530441
v -2.872536 -1.120321 1.530441
v -2.336948 -2.885920 1.530441
v -1.393709 -2.110201 0.490441
v -1.448317 -2.290218 0.490441
v -1.536994 -2.456122 0.490441
v -1.656334 -2.601538 0.490441
v -1.801751 -2.720879 0.490441
v -1.967655 -2.809557 0.490441
v -2.147672 -2.864164 0.490441
v -2.334883 -2.882603 0.490441
v -2.522094 -2.864164 0.490441
v -2.702111 -2.809557 0.490441
v -2.868015 -2.720879 0.490441
v -3.013433 -2.601538 0.490441
v -3.132772 -2.456122 0.490441
v -3.221449 -2.290218 0.490441
v -3.276057 -2.110201 0.490441
v -3.294497 -1.922990 0.490441
v -3.276057 -1.735779 0.490440
v -3.221449 -1.555762 0.490440
v -3.132772 -1.389858 0.490440
v -3.013433 -1.244441 0.490440
v -2.868015 -1.125101 0.490440
v -2.702111 -1.036423 0.490440
v -2.522094 -0.981816 0.490440
v -2.334883 -0.963377 0.490440
v -2.147672 -0.981816 0.490440
v -1.967655 -1.036423 0.490440
v -1.801751 -1.125101 0.490440
v -1.656334 -1.244441 0.490440
v -1.536994 -1.389858 0.490440
v -1.448317 -1.555762 0.490440
v -1.393709 -1.735779 0.490440
v -1.375270 -1.922990 0.490441
v -2.366950 -1.609920 1.243451
v -2.422443 -1.402816 1.210636
v -2.432627 -1.364808 1.176908
v -2.471712 -1.218940 0.978011
v -2.522443 -1.429611 1.210636
v -2.466949 -1.636715 1.243451
v -2.571712 -1.245735 0.978011
v -2.532628 -1.391603 1.176909
v -3.039896 -1.787122 0.978011
v -2.894026 -1.826207 1.176909
v -2.856019 -1.836392 1.210636
v -2.648914 -1.891885 1.243451
v -2.622119 -1.791885 1.243451
v -2.829223 -1.736392 1.210636
v -2.867231 -1.726208 1.176909
v -3.013100 -1.687122 0.978011
v -1.868766 -1.380499 0.978011
v -1.975549 -1.487282 1.176908
v -2.003373 -1.515106 1.210636
v -2.154984 -1.666716 1.243451
v -1.902344 -1.560487 1.176908
v -1.795561 -1.453704 0.978011
v -2.081779 -1.739921 1.243451
v -1.930168 -1.588311 1.210636
v -1.817878 -2.007381 1.210636
v -2.024982 -1.951888 1.243451
v -1.634002 -2.056650 0.978011
v -1.779871 -2.017565 1.176908
v -1.806665 -2.117565 1.176908
v -1.660797 -2.156650 0.978011
v -2.051777 -2.051888 1.243451
v -1.844673 -2.107381 1.210636
v -2.102184 -2.598038 0.978011
v -2.141269 -2.452169 1.176909
v -2.151454 -2.414161 1.210636
v -2.206947 -2.207058 1.243451
v -2.241269 -2.478964 1.176909
v -2.202184 -2.624833 0.978011
v -2.306947 -2.233853 1.243451
v -2.251453 -2.440956 1.210636
v -2.592118 -2.103851 1.243451
v -2.743728 -2.255462 1.210636
v -2.771554 -2.283286 1.176909
v -2.878336 -2.390069 0.978011
v -2.670523 -2.328667 1.210636
v -2.518913 -2.177056 1.243451
v -2.805131 -2.463274 0.978011
v -2.698349 -2.356491 1.176909
vn -0.0000 -0.0000 -1.0000
vn -0.0000 -0.0000 1.0000
vn -0.7993 -0.6010 -0.0000
vn -0.6165 -0.7874 -0.0000
vn 0.6093 -0.7929 -0.0000
vn 0.2494 -0.9684 -0.0000
vn -0.0098 -1.0000 -0.0000
vn -0.5084 -0.8611 -0.0000
vn -0.7927 0.6097 -0.0000
vn -0.9634 0.2682 -0.0000
vn -1.0000 0.0098 -0.0000
vn -0.8709 -0.4915 -0.0000
vn -0.0169 0.9999 -0.0000
vn 0.1763 0.9843 -0.0000
vn 0.9808 -0.1951 -0.0000
vn 0.9804 0.1968 -0.0000
vn 0.0001 -1.0000 -0.0000
vn 0.1953 -0.9807 -0.0000
vn 0.3830 -0.9237 -0.0000
vn 0.9239 -0.3826 -0.0000
vn 0.9225 0.3860 -0.0000
vn 0.3629 0.9318 -0.0000
vn 0.7019 -0.7123 -0.0000
vn 0.7085 -0.7057 -0.0000
vn -0.7124 0.7018 -0.0000
vn -0.3827 0.9239 -0.0000
vn -0.7071 0.7071 -0.0000
vn 0.1482 -0.9889 0.0067
vn -0.0015 -1.0000 -0.0019
vn 0.4262 -0.9046 -0.0067
vn -0.3396 -0.9406 0.0044
vn 0.0461 0.9989 0.0042
vn -0.3396 0.9406 -0.0044
vn -0.3827 -0.9239 -0.0000
vn 0.1951 0.9807 -0.0087
vn -0.7390 -0.6737 -0.0044
vn 0.5153 0.8570 0.0063
vn 0.7071 0.7071 -0.0091
vn -0.9233 -0.3840 0.0019
vn -0.7071 -0.7071 -0.0000
vn 0.8323 0.5543 0.0019
vn 0.8049 -0.5934 -0.0044
vn -1.0000 0.0015 0.0019
vn -0.9807 -0.1951 -0.0091
vn 0.8315 -0.5556 -0.0000
vn 0.9707 0.2402 -0.0044
vn -0.9405 0.3396 -0.0044
vn -0.9239 0.3827 -0.0000
vn 0.5568 -0.8307 0.0019
vn 0.9808 0.1951 -0.0000
vn -0.0000 -1.0000 -0.0000
vn -0.7022 0.7120 -0.0000
vn -1.0000 -0.0001 -0.0000
vn 0.2284 0.9736 -0.0000
vn 0.1218 0.9925 -0.0000
vn 0.0139 0.9999 -0.0000
vn 0.6966 -0.7175 -0.0000
vn -0.6911 0.6960 -0.1950
vn -0.6926 0.6986 0.1798
vn -0.6926 0.6986 -0.1798
vn 0.1419 -0.1396 0.9800
vn 0.2926 -0.2901 0.9112
vn 0.1488 -0.1476 0.9778
vn 0.6602 -0.6469 0.3816
vn 0.7019 -0.6889 0.1808
vn 0.6669 -0.6558 0.3538
vn -0.6911 0.6960 0.1950
vn -0.6582 0.6639 0.3549
vn -0.2717 0.2709 0.9235
vn -0.1496 0.1504 0.9772
vn -0.2913 0.2928 0.9107
vn 0.7018 -0.6888 -0.1818
vn 0.6602 -0.6469 -0.3816
vn 0.6669 -0.6558 -0.3538
vn 0.2926 -0.2901 -0.9112
vn 0.1419 -0.1396 -0.9800
vn 0.1488 -0.1476 -0.9778
vn -0.1503 0.1510 -0.9771
vn -0.2717 0.2709 -0.9235
vn -0.2913 0.2928 -0.9107
vn -0.6582 0.6639 -0.3549
vn -0.1360 0.1356 0.9814
vn -0.1360 0.1355 -0.9814
vn 0.7007 -0.6865 -0.1942
vn 0.7007 -0.6865 0.1942
vn 0.2729 -0.2684 0.9238
vn -0.6516 0.6550 0.3827
vn 0.7020 -0.6890 -0.1801
vn 0.6603 -0.6470 -0.3813
vn 0.2729 -0.2684 -0.9238
vn -0.1490 0.1498 -0.9774
vn -0.2717 0.2709 -0.9234
vn -0.6516 0.6550 -0.3827
vn 0.1951 -0.9808 -0.0000
vn -0.1951 -0.9808 -0.0000
vn 0.3827 -0.9239 -0.0000
vn -0.5556 -0.8315 -0.0000
vn 0.5556 -0.8315 -0.0000
vn 0.7071 -0.7071 -0.0000
vn -0.8315 -0.5556 -0.0000
vn -0.9239 -0.3827 -0.0000
vn 0.9239 -0.3827 -0.0000
vn -0.9808 -0.1951 -0.0000
vn 1.0000 -0.0000 -0.0000
vn -1.0000 -0.0000 -0.0000
vn -0.9808 0.1951 -0.0000
vn 0.9239 0.3827 -0.0000
vn 0.8315 0.5556 -0.0000
vn -0.8315 0.5556 -0.0000
vn 0.7071 0.7071 -0.0000
vn -0.5556 0.8315 -0.0000
vn 0.5556 0.8315 -0.0000
vn 0.3827 0.9239 -0.0000
vn -0.1951 0.9808 -0.0000
vn 0.1951 0.9808 -0.0000
vn -0.0000 1.0000 -0.0000
vn -0.0007 -0.0004 1.0000
vn -0.0008 -0.0000 1.0000
vn 0.0007 0.0004 1.0000
vn 0.0004 0.0007 1.0000
vn -0.0004 0.0007 1.0000
vn -0.0000 0.0008 1.0000
vn 0.0004 -0.0007 1.0000
vn 0.0007 -0.0004 1.0000
vn -0.0004 -0.0007 1.0000
vn -0.0007 0.0004 1.0000
vn 0.0008 -0.0000 1.0000
vn -0.0000 -0.0008 1.0000
vn 0.4210 0.9071 -0.0000
vn 0.0890 0.9960 -0.0000
vn 0.9960 0.0890 -0.0000
vn 0.9071 0.4210 -0.0000
vn 0.5751 -0.8181 -0.0000
vn 0.8181 -0.5751 -0.0000
vn 0.3805 -0.1020 -0.9191
vn 0.1219 -0.0327 -0.9920
vn -0.4210 -0.9071 -0.0000
vn -0.0890 -0.9960 -0.0000
vn -0.9960 -0.0890 -0.0000
vn -0.9071 -0.4210 -0.0000
vn -0.5751 0.8181 -0.0000
vn -0.8181 0.5751 -0.0000
vn 0.6806 0.6806 0.2714
vn 0.9659 -0.2588 -0.0000
vn 0.9297 -0.2491 0.2714
vn 0.2588 -0.9659 -0.0000
vn 0.2491 -0.9297 0.2714
vn -0.6806 -0.6806 0.2714
vn -0.9659 0.2588 -0.0000
vn -0.9297 0.2491 0.2714
vn -0.2491 0.9297 0.2714
vn -0.2588 0.9659 -0.0000
vn -0.5838 -0.5838 0.5643
vn 0.7974 -0.2137 0.5643
vn 0.2785 0.2785 -0.9191
vn 0.0892 0.0892 -0.9920
vn 0.2588 0.9659 -0.0000
vn 0.1020 -0.3805 -0.9191
vn 0.0327 -0.1219 -0.9920
vn -0.3805 0.1020 -0.9191
vn -0.1219 0.0327 -0.9920
vn 0.2785 0.2785 0.9191
vn 0.0892 0.0892 0.9920
vn -0.3805 0.1020 0.9191
vn -0.1219 0.0327 0.9920
vn 0.9659 0.2588 -0.0000
vn 0.8270 -0.2216 -0.5167
vn 0.8753 -0.2345 -0.4229
vn 0.2216 -0.8270 -0.5167
vn 0.2345 -0.8753 -0.4229
vn 0.1020 -0.3805 0.9191
vn 0.0327 -0.1219 0.9920
vn -0.1080 0.4029 0.9089
vn -0.1884 0.7029 0.6859
vn -0.2588 -0.9659 -0.0000
vn -0.6054 -0.6054 -0.5167
vn -0.6408 -0.6408 -0.4229
vn 0.4029 -0.1080 -0.9089
vn 0.7029 -0.1884 -0.6859
vn -0.7974 0.2137 0.5643
vn 0.3805 -0.1020 0.9191
vn 0.1219 -0.0327 0.9920
vn -0.4029 0.1080 0.9089
vn -0.7029 0.1884 0.6859
vn -0.2949 -0.2949 -0.9089
vn -0.5146 -0.5146 -0.6859
vn 0.5838 0.5838 0.5643
vn -0.2785 -0.2785 0.9191
vn -0.0892 -0.0892 0.9920
vn 0.2949 0.2949 0.9089
vn 0.5146 0.5146 0.6859
vn -0.4029 0.1080 -0.9089
vn -0.7029 0.1884 -0.6859
vn 0.4029 -0.1080 0.9089
vn 0.7029 -0.1884 0.6859
vn -0.8270 0.2216 -0.5167
vn -0.8753 0.2345 -0.4229
vn -0.2216 0.8270 -0.5167
vn -0.2345 0.8753 -0.4229
vn -0.9659 -0.2588 -0.0000
vn -0.1080 0.4029 -0.9089
vn -0.1884 0.7029 -0.6859
vn 0.2137 -0.7974 0.5643
vn -0.1020 0.3805 0.9191
vn -0.0327 0.1219 0.9920
vn 0.1080 -0.4029 0.9089
vn 0.1884 -0.7029 0.6859
vn -0.2949 -0.2949 0.9089
vn -0.5146 -0.5146 0.6859
vn 0.6054 0.6054 -0.5167
vn 0.6408 0.6408 -0.4229
vn -0.2785 -0.2785 -0.9191
vn -0.0892 -0.0892 -0.9920
vn 0.2949 0.2949 -0.9089
vn 0.5146 0.5146 -0.6859
vn 0.5000 0.8660 -0.0000
vn 0.8181 0.5751 -0.0000
vn 0.9960 -0.0890 -0.0000
vn 0.8660 -0.5000 -0.0000
vn 0.5000 -0.8660 -0.0000
vn 0.0890 -0.9960 -0.0000
vn -0.5751 -0.8181 -0.0000
vn -0.8660 -0.5000 -0.0000
vn -0.9071 0.4210 -0.0000
vn -0.4210 0.9071 -0.0000
vn -0.2137 0.7974 0.5643
vn 0.8660 0.5000 -0.0000
vn -0.5000 -0.8660 -0.0000
vn -0.8660 0.5000 -0.0000
vn -0.5000 0.8660 -0.0000
vn 0.1883 -0.7029 -0.6859
vn -0.1020 0.3805 -0.9191
vn -0.0327 0.1219 -0.9920
vn 0.1080 -0.4029 -0.9089
vn 0.1079 -0.4029 -0.9089
vn -0.7748 -0.6319 0.0168
vn -0.7749 -0.6319 -0.0169
vn -0.7748 -0.6319 -0.0168
vn -0.6634 -0.7459 0.0590
vn -0.6977 -0.7111 0.0870
vn -0.6970 -0.7118 0.0868
vn -0.6634 -0.7459 -0.0590
vn -0.6977 -0.7111 -0.0870
vn -0.6654 -0.7440 -0.0617
vn -0.7243 -0.6840 0.0862
vn -0.7230 -0.6855 0.0861
vn 0.6613 -0.6613 0.3539
vn 0.6956 -0.6956 0.1800
vn 0.6613 -0.6613 -0.3539
vn 0.6956 -0.6956 -0.1800
vn 0.6956 -0.6956 -0.1797
vn 0.1507 -0.1507 -0.9770
vn 0.2920 -0.2920 -0.9107
vn 0.1501 -0.1501 0.9772
vn 0.2920 -0.2920 0.9107
vn 0.1486 -0.1486 0.9777
vn -0.6956 0.6956 0.1800
vn -0.6956 0.6956 -0.1797
vn -0.6957 0.6957 -0.1792
vn -0.2920 0.2920 0.9107
vn -0.1501 0.1501 0.9772
vn -0.1486 0.1486 -0.9777
vn 0.1486 -0.1486 -0.9777
vn 0.1495 -0.1495 -0.9774
vn -0.6955 0.6955 -0.1808
vn -0.6614 0.6614 -0.3539
vn -0.6614 0.6614 0.3539
vn -0.6956 0.6956 0.1797
vn -0.1486 0.1486 0.9777
vn 0.6956 -0.6956 0.1797
vn -0.2920 0.2920 -0.9107
vn -0.1501 0.1501 -0.9772
vn -0.7558 -0.6523 0.0573
vn -0.7749 -0.6319 0.0169
vn -0.7538 -0.6543 0.0598
vn -0.7558 -0.6523 -0.0573
vn -0.7230 -0.6855 -0.0861
vn -0.7243 -0.6840 -0.0862
vn -0.6420 -0.7665 -0.0177
vn -0.6419 -0.7666 -0.0178
vn -0.6419 -0.7666 0.0178
vn -0.6420 -0.7665 0.0177
vn -0.6654 -0.7440 0.0617
vn -0.6970 -0.7118 -0.0868
vn -0.7538 -0.6543 -0.0598
vn 0.0052 0.0014 -1.0000
vn 0.0392 0.0119 -0.9992
vn 0.0407 -0.0040 -0.9992
vn 0.0391 0.0119 -0.9992
vn 0.0317 0.0260 -0.9992
vn 0.0316 0.0260 -0.9992
vn 0.0193 0.0362 -0.9992
vn 0.0193 0.0361 -0.9992
vn 0.0040 0.0408 -0.9992
vn -0.0119 0.0393 -0.9992
vn -0.0119 0.0392 -0.9992
vn -0.0261 0.0318 -0.9992
vn -0.0260 0.0317 -0.9992
vn -0.0362 0.0194 -0.9992
vn -0.0409 0.0040 -0.9992
vn -0.0393 -0.0119 -0.9992
vn -0.0317 -0.0260 -0.9992
vn -0.0193 -0.0361 -0.9992
vn -0.0193 -0.0362 -0.9992
vn -0.0040 -0.0407 -0.9992
vn -0.0040 -0.0408 -0.9992
vn 0.0119 -0.0391 -0.9992
vn 0.0119 -0.0392 -0.9992
vn 0.0259 -0.0316 -0.9992
vn 0.0360 -0.0193 -0.9992
vn -0.0118 0.0388 0.9992
vn -0.0191 -0.0358 0.9992
vn -0.0040 -0.0405 0.9992
vn -0.0192 -0.0359 0.9992
vn 0.0040 0.0404 0.9992
vn -0.0313 -0.0257 0.9992
vn -0.0314 -0.0258 0.9992
vn 0.0192 0.0359 0.9992
vn -0.0388 -0.0118 0.9992
vn 0.0405 -0.0040 0.9992
vn 0.0191 0.0358 0.9992
vn 0.0315 0.0258 0.9992
vn 0.0359 -0.0192 0.9992
vn 0.0314 0.0258 0.9992
vn -0.0403 0.0040 0.9992
vn 0.0390 0.0118 0.9992
vn -0.0404 0.0040 0.9992
vn 0.0258 -0.0315 0.9992
vn 0.0389 0.0118 0.9992
vn -0.0357 0.0191 0.9992
vn 0.0118 -0.0389 0.9992
vn 0.0118 -0.0390 0.9992
vn -0.0257 0.0313 0.9992
vn -0.0040 -0.0404 0.9992
vn 0.2874 0.9476 0.1397
vn 0.2780 0.9165 0.2875
vn 0.2875 0.9477 0.1389
vn 0.8729 0.4666 0.1429
vn 0.8439 0.4511 0.2904
vn 0.8730 0.4666 0.1422
vn -0.3832 0.9236 -0.0039
vn -0.3822 0.9241 -0.0037
vn -0.3820 0.9241 -0.0037
vn 0.6280 0.7652 0.1414
vn 0.6073 0.7400 0.2890
vn 0.6281 0.7653 0.1406
vn 0.1945 -0.9809 0.0031
vn 0.1935 -0.9811 0.0034
vn 0.1947 -0.9809 0.0030
vn -0.3808 0.9246 -0.0042
vn -0.3806 0.9247 -0.0042
vn -0.0719 0.0877 -0.9936
vn -0.0719 0.0876 -0.9936
vn -0.5556 -0.8314 -0.0005
vn -0.5555 -0.8315 -0.0005
vn 0.1075 0.0326 0.9937
vn -0.7658 0.6285 0.1360
vn -0.7411 0.6082 0.2844
vn -0.7658 0.6285 0.1359
vn -0.4670 0.8736 0.1368
vn -0.4519 0.8454 0.2849
vn -0.4670 0.8737 0.1364
vn -0.0971 0.9856 0.1381
vn -0.0939 0.9536 0.2860
vn -0.0971 0.9857 0.1374
vn 0.5561 -0.8311 0.0044
vn 0.5551 -0.8318 0.0042
vn 0.5562 -0.8310 0.0044
vn -0.5554 -0.8316 -0.0005
vn -0.9539 -0.0940 0.2849
vn -0.9858 -0.0971 0.1368
vn -0.9859 -0.0971 0.1364
vn -0.9174 0.2783 0.2844
vn -0.9480 0.2876 0.1360
vn -0.9481 0.2876 0.1359
vn 0.5549 -0.8319 0.0043
vn 0.5536 -0.8327 0.0047
vn -0.0329 0.1084 -0.9936
vn -0.6076 -0.7404 0.2875
vn -0.6282 -0.7654 0.1397
vn -0.6282 -0.7655 0.1389
vn -0.8451 -0.4517 0.2860
vn -0.8735 -0.4669 0.1381
vn -0.8736 -0.4669 0.1374
vn 0.3826 0.9239 -0.0005
vn 0.3827 0.9239 -0.0005
vn 0.3828 0.9238 -0.0005
vn 0.0868 0.0712 0.9937
vn -0.9242 0.3820 -0.0050
vn -0.9236 0.3833 -0.0048
vn -0.9235 0.3835 -0.0048
vn 0.3829 0.9238 -0.0005
vn 0.7393 -0.6067 0.2921
vn 0.7649 -0.6277 0.1444
vn 0.7649 -0.6278 0.1443
vn 0.4509 -0.8436 0.2915
vn 0.4665 -0.8727 0.1439
vn 0.4665 -0.8728 0.1435
vn 0.0938 -0.9523 0.2904
vn 0.0970 -0.9850 0.1429
vn 0.0970 -0.9851 0.1422
vn -0.2779 -0.9161 0.2890
vn -0.2874 -0.9473 0.1414
vn -0.2874 -0.9474 0.1406
vn 0.9848 0.0970 0.1439
vn 0.9520 0.0938 0.2915
vn 0.9849 0.0970 0.1435
vn -0.9229 0.3851 -0.0054
vn -0.9228 0.3854 -0.0054
vn 0.9469 -0.2872 0.1444
vn 0.9152 -0.2776 0.2921
vn 0.9469 -0.2872 0.1443
vn 0.0111 0.1127 -0.9936
vn -0.8317 -0.5553 -0.0024
vn -0.8313 -0.5558 -0.0023
vn -0.8317 -0.5552 -0.0024
vn 0.0529 0.0989 0.9937
vn 0.9131 -0.2770 -0.2992
vn 0.9458 -0.2869 -0.1519
vn 0.9459 -0.2869 -0.1518
vn 0.9809 -0.1944 0.0048
vn 0.9807 -0.1957 0.0046
vn 0.9809 -0.1943 0.0048
vn -0.8312 -0.5559 -0.0023
vn -0.8308 -0.5566 -0.0025
vn 0.9494 0.0935 -0.2997
vn 0.9835 0.0969 -0.1527
vn 0.9836 0.0969 -0.1523
vn -0.2867 -0.9453 -0.1556
vn -0.2767 -0.9122 -0.3022
vn -0.2868 -0.9454 -0.1548
vn 0.0968 -0.9833 -0.1540
vn 0.0935 -0.9491 -0.3008
vn 0.0969 -0.9834 -0.1533
vn 0.4659 -0.8716 -0.1527
vn 0.4497 -0.8414 -0.2997
vn 0.4659 -0.8716 -0.1523
vn 0.7640 -0.6270 -0.1519
vn 0.7376 -0.6053 -0.2992
vn 0.7641 -0.6270 -0.1518
vn 0.9806 -0.1960 0.0046
vn 0.9803 -0.1975 0.0051
vn 0.0533 0.0998 -0.9936
vn 0.7073 0.7069 0.0015
vn 0.7070 0.7072 0.0014
vn 0.7069 0.7073 0.0014
vn 0.0110 0.1115 0.9937
vn -0.1949 -0.9808 0.0015
vn -0.1943 -0.9809 0.0016
vn -0.1942 -0.9810 0.0016
vn 0.7066 0.7076 0.0016
vn 0.7065 0.7077 0.0016
vn -0.0004 1.0000 -0.0024
vn -0.0012 1.0000 -0.0025
vn 0.0874 0.0717 -0.9936
vn -0.8707 -0.4654 -0.1587
vn -0.8399 -0.4489 -0.3052
vn -0.8708 -0.4655 -0.1580
vn -0.6265 -0.7634 -0.1573
vn -0.6044 -0.7365 -0.3038
vn -0.6266 -0.7635 -0.1564
vn -0.9809 -0.1945 -0.0039
vn -0.9807 -0.1956 -0.0037
vn -0.0325 0.1072 0.9937
vn 0.1956 -0.9807 0.0032
vn 0.1967 -0.9805 0.0034
vn 0.1969 -0.9804 0.0034
vn -0.9806 -0.1958 -0.0037
vn -0.9804 -0.1971 -0.0042
vn -0.9446 0.2865 -0.1603
vn -0.9108 0.2763 -0.3068
vn -0.9446 0.2865 -0.1601
vn -0.9824 -0.0968 -0.1598
vn -0.9474 -0.0933 -0.3062
vn -0.9825 -0.0968 -0.1593
vn -0.5558 -0.8313 -0.0005
vn 0.1081 0.0328 -0.9936
vn 0.9241 0.3822 0.0032
vn 0.9237 0.3831 0.0030
vn 0.9237 0.3832 0.0031
vn -0.0710 0.0865 0.9937
vn -0.0933 0.9477 -0.3052
vn -0.0968 0.9826 -0.1587
vn -0.0968 0.9827 -0.1580
vn -0.4488 0.8396 -0.3062
vn -0.4653 0.8706 -0.1598
vn -0.4654 0.8707 -0.1593
vn -0.7357 0.6038 -0.3068
vn -0.7630 0.6262 -0.1603
vn -0.7630 0.6262 -0.1601
vn 0.3824 0.9240 -0.0005
vn 0.9232 0.3842 0.0034
vn 0.9232 0.3844 0.0034
vn -0.8322 -0.5545 -0.0025
vn -0.8322 -0.5544 -0.0025
vn -0.9806 0.1958 -0.0048
vn -0.9809 0.1945 -0.0046
vn -0.9806 0.1959 -0.0048
vn -0.0987 0.0528 0.9937
vn 0.7076 0.7066 0.0015
vn -0.9809 0.1942 -0.0046
vn -0.9813 0.1926 -0.0051
vn -0.9812 -0.1931 -0.0041
vn -0.9812 -0.1929 -0.0042
vn 1.0000 -0.0007 0.0044
vn 1.0000 0.0006 0.0042
vn 1.0000 0.0008 0.0043
vn -0.1114 0.0110 0.9937
vn 0.6047 0.7369 -0.3022
vn 0.6267 0.7636 -0.1556
vn 0.6267 0.7637 -0.1548
vn 0.9245 0.3812 0.0034
vn 1.0000 0.0023 0.0047
vn 1.0000 0.0026 0.0048
vn 0.8411 0.4496 -0.3008
vn 0.8714 0.4658 -0.1540
vn 0.8715 0.4658 -0.1533
vn 0.2766 0.9117 -0.3037
vn 0.2867 0.9450 -0.1573
vn 0.2867 0.9452 -0.1564
vn 0.7529 0.6179 0.2269
vn 0.6889 0.5654 0.4535
vn 0.7531 0.6180 0.2256
vn 0.4593 0.8592 0.2253
vn 0.4204 0.7866 0.4523
vn 0.4594 0.8595 0.2239
vn 0.0955 0.9700 0.2236
vn 0.0875 0.8882 0.4510
vn 0.0956 0.9703 0.2223
vn -0.2830 0.9330 0.2221
vn -0.2592 0.8546 0.4500
vn -0.2831 0.9333 0.2211
vn -0.6187 0.7539 0.2209
vn -0.5668 0.6906 0.4493
vn -0.6188 0.7540 0.2204
vn -0.8602 0.4598 0.2204
vn -0.7880 0.4212 0.4490
vn -0.8891 0.0876 0.4493
vn -0.9706 0.0956 0.2209
vn -0.9707 0.0956 0.2204
vn -0.8546 -0.2592 0.4500
vn -0.9330 -0.2830 0.2221
vn -0.9333 -0.2831 0.2211
vn -0.6899 -0.5662 0.4510
vn -0.7534 -0.6183 0.2236
vn -0.7537 -0.6185 0.2223
vn -0.4204 -0.7866 0.4523
vn -0.4593 -0.8592 0.2253
vn -0.4594 -0.8595 0.2239
vn -0.0874 -0.8869 0.4535
vn -0.0955 -0.9692 0.2269
vn -0.0955 -0.9695 0.2256
vn 0.2586 -0.8523 0.4546
vn 0.2826 -0.9317 0.2281
vn 0.2827 -0.9319 0.2271
vn 0.5648 -0.6882 0.4553
vn 0.6176 -0.7525 0.2288
vn 0.6176 -0.7526 0.2282
vn 0.7851 -0.4196 0.4556
vn 0.8585 -0.4589 0.2288
vn 0.9688 -0.0954 0.2288
vn 0.8860 -0.0873 0.4553
vn 0.9689 -0.0954 0.2282
vn 0.9317 0.2826 0.2281
vn 0.8523 0.2586 0.4546
vn 0.9319 0.2827 0.2271
vn 0.8486 0.2574 -0.4622
vn 0.9295 0.2820 -0.2377
vn 0.9297 0.2820 -0.2367
vn 0.8829 -0.0870 -0.4615
vn 0.9669 -0.0952 -0.2366
vn 0.9671 -0.0952 -0.2361
vn 0.8570 -0.4581 -0.2360
vn 0.7825 -0.4183 -0.4612
vn 0.6164 -0.7511 -0.2366
vn 0.5628 -0.6858 -0.4615
vn 0.6165 -0.7512 -0.2361
vn 0.2820 -0.9295 -0.2377
vn 0.2574 -0.8486 -0.4622
vn 0.2820 -0.9297 -0.2367
vn -0.0952 -0.9663 -0.2392
vn -0.0869 -0.8820 -0.4632
vn -0.0952 -0.9666 -0.2380
vn -0.4575 -0.8560 -0.2409
vn -0.4175 -0.7810 -0.4645
vn -0.4577 -0.8563 -0.2395
vn -0.7499 -0.6155 -0.2424
vn -0.6841 -0.5614 -0.4657
vn -0.7502 -0.6157 -0.2412
vn -0.9281 -0.2815 -0.2437
vn -0.8463 -0.2567 -0.4667
vn -0.9283 -0.2816 -0.2427
vn -0.9650 0.0950 -0.2443
vn -0.8798 0.0867 -0.4674
vn -0.9652 0.0951 -0.2438
vn -0.7795 0.4167 -0.4676
vn -0.8552 0.4571 -0.2444
vn -0.5608 0.6834 -0.4674
vn -0.6152 0.7496 -0.2443
vn -0.6152 0.7497 -0.2438
vn -0.2567 0.8463 -0.4667
vn -0.2815 0.9281 -0.2436
vn -0.2816 0.9283 -0.2427
vn 0.0867 0.8807 -0.4657
vn 0.0951 0.9655 -0.2424
vn 0.0951 0.9658 -0.2412
vn 0.4175 0.7810 -0.4645
vn 0.4575 0.8560 -0.2409
vn 0.4577 0.8563 -0.2395
vn 0.6851 0.5622 -0.4632
vn 0.7506 0.6160 -0.2392
vn 0.7508 0.6162 -0.2380
vn -0.1000 0.0535 -0.9935
vn -0.7065 0.7077 -0.0046
vn -0.7053 0.7089 -0.0051
vn -0.7051 0.7091 -0.0052
vn 0.0004 1.0000 -0.0023
vn 0.0012 1.0000 -0.0025
vn 0.0014 1.0000 -0.0026
vn -0.7076 0.7066 -0.0048
vn -0.7067 0.7075 -0.0046
vn 0.0003 1.0000 -0.0023
vn -0.1129 0.0111 -0.9935
vn 0.8310 -0.5563 0.0048
vn 0.8300 -0.5577 0.0054
vn 0.8311 -0.5561 0.0048
vn -0.1954 -0.9807 0.0014
vn -0.1958 -0.9806 0.0016
vn -0.1953 -0.9807 0.0014
vn 0.8319 -0.5549 0.0050
vn -0.1948 -0.9808 0.0015
vn -0.1085 -0.0329 -0.9936
vn -1.0000 0.0008 -0.0043
vn -1.0000 0.0023 -0.0048
vn -1.0000 0.0026 -0.0048
vn -1.0000 -0.0007 -0.0044
vn -1.0000 0.0006 -0.0042
vn -0.0875 -0.0718 -0.9936
vn -0.9241 -0.3821 -0.0031
vn -0.9245 -0.3811 -0.0034
vn -0.9246 -0.3810 -0.0035
vn -0.9237 -0.3831 -0.0032
vn -0.9240 -0.3823 -0.0030
vn -0.0533 -0.0998 -0.9936
vn 0.9809 0.1944 0.0037
vn 0.9812 0.1931 0.0042
vn 0.9809 0.1946 0.0037
vn 0.9807 0.1957 0.0039
vn -0.0111 -0.1125 -0.9936
vn -0.7073 -0.7069 -0.0014
vn -0.7076 -0.7066 -0.0016
vn -0.7077 -0.7065 -0.0016
vn -0.7069 -0.7073 -0.0015
vn -0.7072 -0.7070 -0.0014
vn 0.9813 -0.1926 0.0051
vn 0.9813 -0.1924 0.0051
vn 0.0328 -0.1081 -0.9936
vn 0.8317 0.5552 0.0023
vn 0.8321 0.5546 0.0025
vn 0.8316 0.5553 0.0023
vn -0.9248 0.3803 -0.0053
vn -0.9242 0.3819 -0.0050
vn 0.8313 0.5559 0.0024
vn 0.8312 0.5559 0.0024
vn 0.5575 -0.8302 0.0047
vn 0.5577 -0.8300 0.0047
vn 0.0716 -0.0873 -0.9936
vn -0.3826 -0.9239 0.0005
vn -0.3825 -0.9240 0.0005
vn -0.3824 -0.9240 0.0005
vn -0.3845 0.9231 -0.0041
vn -0.3833 0.9236 -0.0039
vn -0.3827 -0.9239 0.0005
vn -0.7089 0.7053 -0.0051
vn -0.7077 0.7065 -0.0048
vn 0.0996 -0.0532 -0.9936
vn 0.5557 0.8314 0.0005
vn 0.5558 0.8313 0.0005
vn 0.5556 0.8314 0.0005
vn 0.8329 -0.5534 0.0053
vn 0.8331 -0.5532 0.0054
vn 0.5555 0.8315 0.0005
vn -1.0000 -0.0023 -0.0047
vn 0.1124 -0.0111 -0.9936
vn 0.0004 -1.0000 0.0023
vn 0.0012 -1.0000 0.0025
vn 0.0014 -1.0000 0.0026
vn -0.9232 -0.3842 -0.0034
vn -0.9237 -0.3832 -0.0032
vn 0.1119 -0.0110 0.9937
vn -0.0004 -1.0000 0.0024
vn 0.0003 -1.0000 0.0023
vn 0.9804 0.1971 0.0041
vn 0.9803 0.1973 0.0042
vn 0.1948 0.9808 -0.0014
vn 0.1943 0.9809 -0.0016
vn 0.1949 0.9808 -0.0014
vn -0.7066 -0.7076 -0.0015
vn 0.0991 -0.0530 0.9937
vn 0.1953 0.9807 -0.0014
vn 0.1953 0.9807 -0.0015
vn 0.8308 0.5566 0.0025
vn 0.8307 0.5567 0.0025
vn 0.3833 -0.9236 0.0037
vn 0.3846 -0.9231 0.0042
vn 0.3848 -0.9230 0.0042
vn -0.3829 -0.9238 0.0005
vn -0.3828 -0.9238 0.0005
vn 0.0713 -0.0869 0.9937
vn 0.3821 -0.9241 0.0039
vn 0.3832 -0.9237 0.0037
vn 0.5554 0.8316 0.0005
vn 0.5553 0.8316 0.0005
vn -0.1957 0.9807 -0.0031
vn -0.1967 0.9805 -0.0034
vn -0.1955 0.9807 -0.0030
vn -0.0012 -1.0000 0.0025
vn 0.0326 -0.1075 0.9937
vn -0.1946 0.9809 -0.0032
vn 0.1958 0.9806 -0.0015
vn 0.1959 0.9806 -0.0016
vn 0.7077 -0.7065 0.0046
vn 0.7089 -0.7053 0.0051
vn 0.7091 -0.7051 0.0052
vn 0.3808 -0.9246 0.0041
vn -0.0110 -0.1117 0.9937
vn 0.7066 -0.7076 0.0048
vn 0.7075 -0.7067 0.0046
vn -0.1935 0.9811 -0.0034
vn -0.1933 0.9811 -0.0034
vn -0.5562 0.8310 -0.0043
vn -0.5575 0.8302 -0.0048
vn -0.5561 0.8311 -0.0042
vn 0.7053 -0.7089 0.0051
vn 0.7065 -0.7077 0.0048
vn -0.0529 -0.0989 0.9937
vn -0.5550 0.8318 -0.0044
vn -0.5549 0.8319 -0.0044
vn -0.5537 0.8327 -0.0047
vn -0.5534 0.8329 -0.0047
vn 0.9242 -0.3818 0.0048
vn 0.9249 -0.3803 0.0054
vn 0.9250 -0.3800 0.0054
vn 0.9236 -0.3834 0.0050
vn 0.9229 -0.3851 0.0053
vn 0.9235 -0.3835 0.0050
vn -0.0866 -0.0711 0.9937
vn 0.9241 -0.3821 0.0048
vn -0.8310 0.5562 -0.0050
vn -0.8300 0.5577 -0.0053
vn -0.8299 0.5580 -0.0053
vn -0.8320 0.5548 -0.0048
vn -0.8329 0.5534 -0.0054
vn -0.8318 0.5550 -0.0048
vn 1.0000 -0.0023 0.0047
vn -0.1072 -0.0325 0.9937
vn -0.8310 0.5563 -0.0050
vn -0.9803 0.1975 -0.0051
vn -0.9802 0.1978 -0.0052
vn 0.1933 -0.9811 0.0034
vn -0.5553 -0.8316 -0.0005
vn 0.5534 -0.8329 0.0048
vn -0.8307 -0.5567 -0.0026
vn 0.9802 -0.1978 0.0052
vn -0.0014 1.0000 -0.0025
vn -0.9803 -0.1973 -0.0042
vn 0.7077 0.7065 0.0016
vn -0.9813 0.1924 -0.0052
vn 0.9246 0.3810 0.0034
vn 0.8298 -0.5580 0.0054
vn -0.1959 -0.9806 0.0016
vn 0.9812 0.1929 0.0042
vn 0.8322 0.5544 0.0026
vn -0.9250 0.3800 -0.0053
vn -0.3847 0.9230 -0.0042
vn -0.7090 0.7051 -0.0052
vn -1.0000 -0.0025 -0.0047
vn -0.9232 -0.3844 -0.0034
vn -0.7065 -0.7077 -0.0016
vn -0.1969 0.9804 -0.0035
vn -0.0014 -1.0000 0.0025
vn 0.3806 -0.9247 0.0041
vn -0.5577 0.8300 -0.0048
vn 0.7051 -0.7091 0.0051
vn 0.9228 -0.3853 0.0054
vn -0.8331 0.5531 -0.0054
vn 1.0000 -0.0025 0.0047
vt 0.241622 0.510735
vt 0.262199 0.510897
vt 0.286090 0.562227
vt 0.489608 0.005306
vt 0.412377 0.408469
vt 0.393727 0.416523
vt 0.489280 0.541730
vt 0.476932 0.554704
vt 0.467015 0.487651
vt 0.355586 0.650679
vt 0.322106 0.581599
vt 0.355325 0.581474
vt 0.355122 0.527739
vt 0.321971 0.545776
vt 0.321904 0.527865
vt 0.355189 0.545651
vt 0.322039 0.563688
vt 0.322571 0.704539
vt 0.355721 0.686502
vt 0.355789 0.704413
vt 0.322503 0.686627
vt 0.355654 0.668590
vt 0.322435 0.668716
vt 0.359014 0.718922
vt 0.466215 0.740939
vt 0.359014 0.740939
vt 0.524386 0.718922
vt 0.496445 0.740938
vt 0.496445 0.718922
vt 0.465644 0.774585
vt 0.465073 0.808231
vt 0.597839 0.740938
vt 0.554889 0.718922
vt 0.597839 0.718922
vt 0.422129 0.652351
vt 0.465644 0.685276
vt 0.466215 0.718922
vt 0.554889 0.740938
vt 0.539637 0.718922
vt 0.539637 0.740938
vt 0.481330 0.718922
vt 0.481330 0.740938
vt 0.387036 0.496738
vt 0.390568 0.561476
vt 0.373158 0.557269
vt 0.360184 0.544921
vt 0.459751 0.559766
vt 0.413904 0.510586
vt 0.493487 0.524320
vt 0.289409 0.496661
vt 0.303742 0.557895
vt 0.316852 0.545313
vt 0.213057 0.493957
vt 0.216178 0.560147
vt 0.199008 0.555032
vt 0.186683 0.541999
vt 0.182530 0.524541
vt 0.480205 0.713200
vt 0.485803 0.699160
vt 0.485331 0.671223
vt 0.479258 0.657233
vt 0.465073 0.651630
vt 0.479258 0.802628
vt 0.485803 0.760701
vt 0.480205 0.746661
vt 0.485331 0.788638
vt 0.353162 0.008700
vt 0.320336 0.112629
vt 0.319944 0.008825
vt 0.353554 0.112504
vt 0.351243 0.008725
vt 0.015007 0.718923
vt 0.015007 0.740939
vt 0.182530 0.004687
vt 0.263125 0.406809
vt 0.242722 0.406644
vt 0.322372 0.007743
vt 0.069176 0.510735
vt 0.089753 0.510897
vt 0.113644 0.562227
vt 0.317162 0.005306
vt 0.239931 0.408469
vt 0.221281 0.416523
vt 0.316834 0.541730
vt 0.304486 0.554704
vt 0.294569 0.487651
vt 0.183140 0.650679
vt 0.149661 0.581599
vt 0.182879 0.581474
vt 0.182676 0.527740
vt 0.149525 0.545776
vt 0.149458 0.527865
vt 0.182744 0.545651
vt 0.149593 0.563688
vt 0.150125 0.704539
vt 0.183276 0.686502
vt 0.183343 0.704413
vt 0.150057 0.686627
vt 0.183208 0.668590
vt 0.149990 0.668716
vt 0.358473 0.718923
vt 0.465674 0.740939
vt 0.358473 0.740939
vt 0.523845 0.718922
vt 0.495904 0.740938
vt 0.495904 0.718922
vt 0.465103 0.774585
vt 0.464532 0.808231
vt 0.597298 0.740938
vt 0.554348 0.718922
vt 0.597298 0.718922
vt 0.421588 0.652351
vt 0.465103 0.685276
vt 0.465674 0.718922
vt 0.554348 0.740938
vt 0.539097 0.718922
vt 0.539097 0.740938
vt 0.480789 0.718922
vt 0.480790 0.740939
vt 0.214590 0.496738
vt 0.218122 0.561476
vt 0.200712 0.557269
vt 0.187738 0.544921
vt 0.287305 0.559766
vt 0.241458 0.510587
vt 0.321041 0.524320
vt 0.116963 0.496661
vt 0.131296 0.557895
vt 0.144407 0.545313
vt 0.040612 0.493957
vt 0.043732 0.560147
vt 0.026563 0.555032
vt 0.014238 0.541999
vt 0.010084 0.524541
vt 0.479664 0.713200
vt 0.485262 0.699160
vt 0.484790 0.671223
vt 0.478717 0.657233
vt 0.464532 0.651630
vt 0.478718 0.802628
vt 0.485262 0.760701
vt 0.479664 0.746661
vt 0.484790 0.788638
vt 0.180716 0.008700
vt 0.147890 0.112629
vt 0.147498 0.008825
vt 0.181108 0.112504
vt 0.178797 0.008725
vt 0.014467 0.718923
vt 0.014467 0.740940
vt 0.010084 0.004687
vt 0.090679 0.406809
vt 0.070276 0.406644
vt 0.149926 0.007743
vt 0.041319 0.640085
vt 0.048123 0.567897
vt 0.048068 0.640090
vt 0.091856 0.640067
vt 0.088455 0.567875
vt 0.095205 0.567872
vt 0.081814 0.640078
vt 0.034570 0.640080
vt 0.041374 0.567892
vt 0.081706 0.567885
vt 0.031332 0.567879
vt 0.074957 0.567895
vt 0.024528 0.640068
vt 0.021290 0.567867
vt 0.068316 0.640098
vt 0.075065 0.640088
vt 0.017778 0.640055
vt 0.112104 0.640045
vt 0.105247 0.567862
vt 0.111996 0.567852
vt 0.061567 0.640100
vt 0.064915 0.567905
vt 0.105355 0.640055
vt 0.011247 0.567842
vt 0.054872 0.567902
vt 0.054817 0.640095
vt 0.098605 0.640065
vt 0.118745 0.567842
vt 0.118853 0.640035
vt 0.203386 0.653880
vt 0.252675 0.674297
vt 0.216271 0.718655
vt 0.247843 0.705742
vt 0.199276 0.710525
vt 0.199276 0.657175
vt 0.375498 0.480017
vt 0.474507 0.468769
vt 0.471095 0.438735
vt 0.371238 0.460154
vt 0.459557 0.422014
vt 0.379579 0.431101
vt 0.432689 0.408165
vt 0.322368 0.650804
vt 0.355257 0.563563
vt 0.524386 0.740938
vt 0.422129 0.807510
vt 0.443938 0.507174
vt 0.203707 0.479271
vt 0.301010 0.479645
vt 0.305221 0.459500
vt 0.199888 0.459461
vt 0.204282 0.437423
vt 0.300863 0.438172
vt 0.223782 0.414267
vt 0.289721 0.421211
vt 0.203053 0.480017
vt 0.302061 0.468769
vt 0.298649 0.438735
vt 0.198792 0.460154
vt 0.287111 0.422014
vt 0.207133 0.431101
vt 0.260243 0.408165
vt 0.149922 0.650804
vt 0.182811 0.563562
vt 0.523845 0.740938
vt 0.421588 0.807510
vt 0.271492 0.507174
vt 0.031261 0.479271
vt 0.128564 0.479645
vt 0.132775 0.459500
vt 0.027442 0.459461
vt 0.031836 0.437423
vt 0.128417 0.438171
vt 0.051336 0.414267
vt 0.117276 0.421211
vt 0.011029 0.640034
vt 0.186631 0.674296
vt 0.192978 0.662422
vt 0.223036 0.649972
vt 0.235920 0.653880
vt 0.246328 0.662422
vt 0.252675 0.694331
vt 0.241545 0.710989
vt 0.229670 0.717336
vt 0.197762 0.710989
vt 0.186631 0.694331
vt 0.211151 0.650828
vt 0.224551 0.649509
vt 0.237435 0.653417
vt 0.247843 0.661959
vt 0.254190 0.673833
vt 0.254190 0.693868
vt 0.237435 0.714284
vt 0.224550 0.718192
vt 0.211151 0.716872
vt 0.190735 0.700117
vt 0.186826 0.687233
vt 0.190735 0.667583
vt 0.489863 0.632665
vt 0.457290 0.585440
vt 0.489863 0.585440
vt 0.556644 0.632665
vt 0.540452 0.585440
vt 0.556644 0.585440
vt 0.506172 0.632665
vt 0.540452 0.632665
vt 0.506172 0.585440
vt 0.545275 0.644195
vt 0.590017 0.689389
vt 0.545755 0.678472
vt 0.383404 0.632665
vt 0.362342 0.585440
vt 0.383404 0.585440
vt 0.621737 0.632665
vt 0.590017 0.528716
vt 0.621737 0.585440
vt 0.545755 0.539634
vt 0.557446 0.528264
vt 0.545275 0.573910
vt 0.557446 0.689842
vt 0.457290 0.632665
vt 0.362342 0.632665
vt 0.642307 0.580916
vt 0.642307 0.637190
vt 0.566835 0.188397
vt 0.972358 0.174418
vt 0.972430 0.185814
vt 0.565584 0.122015
vt 0.971579 0.102075
vt 0.971813 0.122275
vt 0.565029 0.100217
vt 0.971543 0.080541
vt 0.566762 0.177004
vt 0.972183 0.152884
vt 0.566458 0.155205
vt 0.971945 0.132683
vt 0.971603 0.069150
vt 0.565316 0.045226
vt 0.971864 0.047617
vt 0.566100 0.023436
vt 0.972308 0.027420
vt 0.972549 0.227551
vt 0.566808 0.210198
vt 0.972530 0.207349
vt 0.565899 0.133407
vt 0.566533 0.012048
vt 0.564916 0.067024
vt 0.564857 0.078417
vt 0.566527 0.232001
vt 0.972549 0.017014
vt 0.463198 0.188097
vt 0.370971 0.188097
vt 0.463198 0.172459
vt 0.463198 0.203734
vt 0.370971 0.172460
vt 0.370971 0.203734
vt 0.463198 0.156822
vt 0.463198 0.219372
vt 0.370971 0.156822
vt 0.370971 0.219372
vt 0.463198 0.235009
vt 0.370971 0.235009
vt 0.463198 0.141185
vt 0.370971 0.141185
vt 0.463198 0.250647
vt 0.370971 0.250647
vt 0.463198 0.125547
vt 0.370971 0.125547
vt 0.463198 0.109910
vt 0.463198 0.266284
vt 0.370971 0.109910
vt 0.370971 0.266284
vt 0.463198 0.281921
vt 0.463197 0.094272
vt 0.370971 0.094272
vt 0.370971 0.281921
vt 0.463198 0.078635
vt 0.370971 0.297559
vt 0.370971 0.078635
vt 0.463198 0.297559
vt 0.463197 0.062998
vt 0.370971 0.062998
vt 0.463198 0.313196
vt 0.370971 0.313196
vt 0.463198 0.328834
vt 0.463197 0.047360
vt 0.370971 0.047360
vt 0.370971 0.328834
vt 0.463198 0.344471
vt 0.370971 0.344471
vt 0.463197 0.031723
vt 0.370971 0.547757
vt 0.370971 0.532120
vt 0.463197 0.532120
vt 0.463197 0.516482
vt 0.463198 0.360108
vt 0.370971 0.516482
vt 0.370971 0.360108
vt 0.463197 0.500845
vt 0.463198 0.375746
vt 0.370971 0.375746
vt 0.370971 0.500845
vt 0.463198 0.391383
vt 0.463198 0.485208
vt 0.370971 0.391383
vt 0.370971 0.485208
vt 0.463198 0.407021
vt 0.463198 0.469570
vt 0.370971 0.407021
vt 0.370971 0.469570
vt 0.463198 0.422658
vt 0.463198 0.453933
vt 0.370971 0.453933
vt 0.370971 0.422658
vt 0.463198 0.438295
vt 0.370971 0.438295
vt 0.053261 0.802122
vt 0.035664 0.793556
vt 0.055556 0.793556
vt 0.037959 0.859227
vt 0.018438 0.857847
vt 0.024708 0.851577
vt 0.017057 0.823024
vt 0.008492 0.840620
vt 0.008492 0.820729
vt 0.074163 0.838325
vt 0.072783 0.857847
vt 0.066512 0.851576
vt 0.072783 0.803502
vt 0.066512 0.809773
vt 0.017057 0.838325
vt 0.759651 0.236742
vt 0.751085 0.219145
vt 0.759651 0.221440
vt 0.055556 0.867793
vt 0.053261 0.859227
vt 0.074163 0.823024
vt 0.082729 0.820729
vt 0.024708 0.809773
vt 0.037959 0.802122
vt 0.035664 0.867793
vt 0.082729 0.840620
vt 0.915727 0.083729
vt 0.938390 0.068427
vt 0.938390 0.083729
vt 0.915727 0.114331
vt 0.938390 0.099030
vt 0.938390 0.114331
vt 0.915727 0.144934
vt 0.938390 0.129633
vt 0.938390 0.144934
vt 0.385927 0.944544
vt 0.411633 0.913230
vt 0.411633 0.944544
vt 0.915727 0.175537
vt 0.938390 0.160235
vt 0.938390 0.175537
vt 0.915727 0.206139
vt 0.938390 0.190838
vt 0.938390 0.206139
vt 0.915727 0.236742
vt 0.938390 0.221440
vt 0.938390 0.236742
vt 0.392729 0.626002
vt 0.367023 0.587929
vt 0.392729 0.587929
vt 0.392739 0.626370
vt 0.367033 0.588297
vt 0.392739 0.588297
vt 0.392570 0.626370
vt 0.366864 0.588297
vt 0.392570 0.588297
vt 0.392065 0.586984
vt 0.366359 0.625057
vt 0.366358 0.586984
vt 0.392475 0.625222
vt 0.366769 0.587149
vt 0.392475 0.587149
vt 0.098480 0.984914
vt 0.128781 0.934861
vt 0.131181 0.983294
vt 0.324552 0.774464
vt 0.350258 0.659558
vt 0.350258 0.774464
vt 0.325226 0.775777
vt 0.350932 0.660871
vt 0.350932 0.775777
vt 0.411623 0.944176
vt 0.385917 0.912862
vt 0.411623 0.912862
vt 0.367033 0.731655
vt 0.367033 0.626370
vt 0.385758 0.944544
vt 0.411464 0.913230
vt 0.411464 0.944544
vt 0.385663 0.943396
vt 0.411369 0.912082
vt 0.411369 0.943396
vt 0.350258 0.928233
vt 0.324552 0.887298
vt 0.350258 0.887298
vt 0.325226 0.929546
vt 0.350932 0.888611
vt 0.350932 0.929546
vt 0.308861 0.730507
vt 0.324962 0.659723
vt 0.324962 0.774630
vt 0.203015 0.712239
vt 0.172547 0.742163
vt 0.169824 0.687207
vt 0.206741 0.688296
vt 0.167800 0.646359
vt 0.366769 0.730507
vt 0.392475 0.730507
vt 0.089444 0.802547
vt 0.096080 0.936481
vt 0.173330 0.559910
vt 0.134555 0.601420
vt 0.143669 0.554187
vt 0.137123 0.688827
vt 0.135099 0.647979
vt 0.350668 0.659723
vt 0.366769 0.625222
vt 0.375723 0.796911
vt 0.350668 0.774630
vt 0.375723 0.734902
vt 0.299907 0.796911
vt 0.324962 0.817830
vt 0.367023 0.731287
vt 0.392729 0.731287
vt 0.379575 0.815542
vt 0.405282 0.802674
vt 0.405282 0.815542
vt 0.352735 0.927365
vt 0.327029 0.886430
vt 0.352735 0.886430
vt 0.350668 0.849941
vt 0.350668 0.817830
vt 0.309115 0.731287
vt 0.325216 0.660503
vt 0.325216 0.775409
vt 0.282497 0.890651
vt 0.325216 0.850721
vt 0.325216 0.888243
vt 0.393641 0.890651
vt 0.350922 0.850721
vt 0.393641 0.836793
vt 0.375977 0.797691
vt 0.350922 0.775409
vt 0.375977 0.735682
vt 0.405536 0.816322
vt 0.379829 0.803453
vt 0.405536 0.803453
vt 0.350922 0.660503
vt 0.325216 0.929178
vt 0.350922 0.888243
vt 0.350922 0.929178
vt 0.350922 0.818610
vt 0.379839 0.816690
vt 0.405545 0.803821
vt 0.405545 0.816690
vt 0.325226 0.851088
vt 0.350932 0.818978
vt 0.350932 0.851088
vt 0.375987 0.798059
vt 0.375987 0.736050
vt 0.392739 0.731655
vt 0.366864 0.731655
vt 0.392570 0.731655
vt 0.300171 0.798059
vt 0.325226 0.818978
vt 0.308957 0.731655
vt 0.325057 0.660871
vt 0.325057 0.775777
vt 0.300003 0.798059
vt 0.325057 0.818978
vt 0.350764 0.660871
vt 0.366864 0.626370
vt 0.375818 0.798059
vt 0.350764 0.775777
vt 0.375818 0.736050
vt 0.379671 0.816690
vt 0.405377 0.803821
vt 0.405377 0.816690
vt 0.350764 0.929546
vt 0.325057 0.888611
vt 0.350764 0.888611
vt 0.350764 0.851089
vt 0.350764 0.818978
vt 0.308451 0.730342
vt 0.324552 0.659558
vt 0.299497 0.796746
vt 0.324552 0.817665
vt 0.324552 0.849775
vt 0.350258 0.817665
vt 0.350258 0.849775
vt 0.392065 0.730342
vt 0.392065 0.625057
vt 0.385253 0.943231
vt 0.410959 0.911917
vt 0.410959 0.943231
vt 0.404872 0.815377
vt 0.379166 0.802508
vt 0.404872 0.802508
vt 0.851024 0.083729
vt 0.915727 0.068427
vt 0.052560 0.968036
vt 0.067012 0.952734
vt 0.067012 0.968036
vt 0.851024 0.099030
vt 0.915727 0.099030
vt 0.052560 0.983337
vt 0.067012 0.983337
vt 0.851024 0.114331
vt 0.948007 0.533596
vt 0.557964 0.479113
vt 0.948007 0.479114
vt 0.851024 0.129633
vt 0.915727 0.129633
vt 0.021310 0.952709
vt 0.035762 0.937407
vt 0.035762 0.952709
vt 0.851024 0.144934
vt 0.021310 0.968010
vt 0.035762 0.968010
vt 0.851024 0.160235
vt 0.915727 0.160235
vt 0.021310 0.983311
vt 0.035762 0.983311
vt 0.851024 0.175537
vt 0.488059 0.282086
vt 0.520375 0.063579
vt 0.520375 0.282086
vt 0.915727 0.190838
vt 0.051522 0.897372
vt 0.066823 0.882920
vt 0.066823 0.897372
vt 0.851024 0.206139
vt 0.036221 0.897372
vt 0.051522 0.882920
vt 0.851024 0.221440
vt 0.915727 0.221440
vt 0.020919 0.882920
vt 0.020919 0.897372
vt 0.851024 0.236742
vt 0.589753 0.276734
vt 0.620275 0.058228
vt 0.620275 0.276734
vt 0.851024 0.068427
vt 0.915727 0.053126
vt 0.836572 0.068427
vt 0.851024 0.053126
vt 0.526915 0.058228
vt 0.494599 0.027706
vt 0.526916 0.027706
vt 0.557964 0.309259
vt 0.503482 0.366945
vt 0.503482 0.309259
vt 0.488059 0.033057
vt 0.520375 0.033058
vt 0.557437 0.058228
vt 0.589753 0.058228
vt 0.583213 0.282086
vt 0.613735 0.063579
vt 0.613735 0.282086
vt 0.526915 0.276734
vt 0.494599 0.058228
vt 0.948007 0.421428
vt 0.557964 0.421427
vt 0.557437 0.276734
vt 0.557964 0.366945
vt 0.948007 0.366945
vt 0.948007 0.309259
vt 0.550897 0.063579
vt 0.550897 0.282086
vt 0.583213 0.063579
vt 0.209319 0.591439
vt 0.163364 0.604294
vt 0.379575 0.802674
vt 0.393387 0.889871
vt 0.393387 0.836013
vt 0.296055 0.815542
vt 0.324962 0.849941
vt 0.282243 0.889871
vt 0.324962 0.887463
vt 0.379829 0.816322
vt 0.296309 0.816322
vt 0.325216 0.818610
vt 0.300161 0.797691
vt 0.296319 0.816690
vt 0.282507 0.891019
vt 0.325226 0.888611
vt 0.379839 0.803821
vt 0.393651 0.891019
vt 0.393651 0.837161
vt 0.379671 0.803821
vt 0.393483 0.891019
vt 0.393483 0.837161
vt 0.296150 0.816690
vt 0.325057 0.851089
vt 0.282338 0.891019
vt 0.295645 0.815377
vt 0.281833 0.889706
vt 0.139846 0.743783
vt 0.147088 0.889956
vt 0.759651 0.083729
vt 0.836572 0.083729
vt 0.759651 0.099030
vt 0.836572 0.099030
vt 0.759651 0.114331
vt 0.836572 0.114331
vt 0.759651 0.129633
vt 0.836572 0.129633
vt 0.759651 0.144934
vt 0.836572 0.144934
vt 0.759651 0.160235
vt 0.836572 0.160235
vt 0.759651 0.175536
vt 0.836572 0.175537
vt 0.836572 0.190838
vt 0.759651 0.206139
vt 0.836572 0.206139
vt 0.836572 0.221441
vt 0.836572 0.236742
vt 0.759651 0.068427
vt 0.836573 0.053126
vt 0.904258 0.728522
vt 0.918833 0.703896
vt 0.913384 0.731290
vt 0.674265 0.605589
vt 0.686645 0.579788
vt 0.692694 0.587160
vt 0.894285 0.752601
vt 0.902695 0.757096
vt 0.709869 0.564270
vt 0.714364 0.572680
vt 0.879805 0.774271
vt 0.887177 0.780320
vt 0.735674 0.553581
vt 0.738442 0.562707
vt 0.861377 0.792700
vt 0.867426 0.800071
vt 0.764004 0.557622
vt 0.763069 0.548132
vt 0.714364 0.807179
vt 0.735675 0.826278
vt 0.709869 0.815589
vt 0.839707 0.807179
vt 0.844202 0.815589
vt 0.791001 0.548132
vt 0.790067 0.557622
vt 0.692694 0.792700
vt 0.686645 0.800071
vt 0.815628 0.817153
vt 0.818396 0.826278
vt 0.818396 0.553581
vt 0.815628 0.562706
vt 0.666894 0.780321
vt 0.674265 0.774271
vt 0.790066 0.822237
vt 0.791001 0.831727
vt 0.844202 0.564270
vt 0.839706 0.572680
vt 0.651376 0.757096
vt 0.659786 0.752601
vt 0.764004 0.822237
vt 0.763070 0.831727
vt 0.867426 0.579788
vt 0.861377 0.587160
vt 0.640687 0.731291
vt 0.649812 0.728523
vt 0.738443 0.817153
vt 0.879805 0.605589
vt 0.887177 0.599539
vt 0.635238 0.703896
vt 0.644728 0.702961
vt 0.894285 0.627259
vt 0.902695 0.622764
vt 0.635238 0.675964
vt 0.644728 0.676899
vt 0.904258 0.651337
vt 0.913384 0.648569
vt 0.640687 0.648569
vt 0.649812 0.651337
vt 0.909343 0.676899
vt 0.918833 0.675964
vt 0.651376 0.622764
vt 0.659786 0.627259
vt 0.909343 0.702961
vt 0.666894 0.599539
vt 0.838989 0.809207
vt 0.866361 0.801933
vt 0.843243 0.817380
vt 0.814910 0.819181
vt 0.817556 0.828020
vt 0.790287 0.833444
vt 0.789349 0.824265
vt 0.762483 0.833444
vt 0.763286 0.824265
vt 0.735214 0.828020
vt 0.737725 0.819181
vt 0.709527 0.817380
vt 0.713646 0.809207
vt 0.686409 0.801933
vt 0.691976 0.794728
vt 0.666749 0.782273
vt 0.673547 0.776299
vt 0.651302 0.759155
vt 0.659068 0.754629
vt 0.640662 0.733468
vt 0.649094 0.730550
vt 0.635238 0.706199
vt 0.644010 0.704989
vt 0.635238 0.678395
vt 0.644010 0.678926
vt 0.640662 0.651126
vt 0.649094 0.653365
vt 0.651302 0.625439
vt 0.659068 0.629286
vt 0.666749 0.602321
vt 0.673547 0.607616
vt 0.686409 0.582661
vt 0.691976 0.589188
vt 0.709527 0.567214
vt 0.713646 0.574708
vt 0.735214 0.556574
vt 0.737725 0.564735
vt 0.762483 0.551150
vt 0.763286 0.559650
vt 0.789349 0.559650
vt 0.790287 0.551150
vt 0.814910 0.564735
vt 0.817556 0.556574
vt 0.838989 0.574708
vt 0.843243 0.567214
vt 0.860659 0.589188
vt 0.866361 0.582661
vt 0.879088 0.607616
vt 0.886021 0.602321
vt 0.893567 0.629287
vt 0.901468 0.625439
vt 0.903541 0.653365
vt 0.912108 0.651126
vt 0.908625 0.678927
vt 0.917532 0.678395
vt 0.908625 0.704989
vt 0.917532 0.706199
vt 0.903541 0.730551
vt 0.912108 0.733468
vt 0.893567 0.754629
vt 0.901468 0.759155
vt 0.879087 0.776299
vt 0.886021 0.782273
vt 0.860659 0.794728
vt 0.220160 0.554180
vt 0.099658 0.565221
vt 0.106630 0.529090
vt 0.350668 0.928398
vt 0.385663 0.912082
vt 0.324962 0.928398
vt 0.289967 0.912082
vt 0.195810 0.797276
vt 0.179790 0.888336
vt 0.385917 0.944176
vt 0.290221 0.912862
vt 0.385927 0.913230
vt 0.290231 0.913230
vt 0.385758 0.913230
vt 0.325057 0.929546
vt 0.290063 0.913230
vt 0.324552 0.928233
vt 0.289557 0.911916
vt 0.385253 0.911917
vt 0.077776 0.797520
vt 0.106569 0.717018
vt 0.110477 0.795900
vt 0.419094 0.836013
vt 0.401429 0.734902
vt 0.419347 0.836793
vt 0.401683 0.735682
vt 0.419357 0.891019
vt 0.401693 0.736050
vt 0.419189 0.837161
vt 0.401525 0.798059
vt 0.392977 0.835848
vt 0.418684 0.889706
vt 0.392977 0.889706
vt 0.375313 0.734737
vt 0.401019 0.796746
vt 0.375313 0.796746
vt 0.069997 0.559498
vt 0.076970 0.523366
vt 0.367023 0.626002
vt 0.081512 0.599051
vt 0.082293 0.665881
vt 0.100494 0.693560
vt 0.101305 0.709930
vt 0.122145 0.800926
vt 0.309125 0.731655
vt 0.325226 0.660871
vt 0.050395 0.666254
vt 0.049614 0.599424
vt 0.068604 0.711550
vt 0.379166 0.815377
vt 0.366359 0.730342
vt 0.751085 0.239037
vt 0.018437 0.803502
vt 0.308861 0.625222
vt 0.206923 0.791121
vt 0.207553 0.704666
vt 0.299907 0.734902
vt 0.327029 0.927365
vt 0.309116 0.626002
vt 0.282497 0.836793
vt 0.300171 0.736050
vt 0.308957 0.626370
vt 0.300002 0.736050
vt 0.308451 0.625057
vt 0.299497 0.734737
vt 0.052560 0.952734
vt 0.557964 0.533595
vt 0.021310 0.937407
vt 0.488059 0.063579
vt 0.851024 0.190838
vt 0.036221 0.882920
vt 0.494599 0.276734
vt 0.220160 0.653917
vt 0.350668 0.887463
vt 0.296055 0.802674
vt 0.282243 0.836013
vt 0.296309 0.803453
vt 0.300161 0.735682
vt 0.296319 0.803821
vt 0.282507 0.837160
vt 0.296150 0.803821
vt 0.282338 0.837161
vt 0.295645 0.802508
vt 0.281833 0.835848
vt 0.759651 0.190838
vt 0.759651 0.053126
vt 0.289967 0.943396
vt 0.202446 0.931211
vt 0.290221 0.944176
vt 0.290231 0.944544
vt 0.290063 0.944544
vt 0.289557 0.943231
vt 0.073868 0.718638
vt 0.419094 0.889871
vt 0.401429 0.796911
vt 0.419347 0.890651
vt 0.401683 0.797691
vt 0.419357 0.837161
vt 0.401693 0.798059
vt 0.419189 0.891019
vt 0.401525 0.736050
vt 0.418684 0.835848
vt 0.401019 0.734737
vt 0.309125 0.626370
vt 0.067793 0.695180
vt 0.232807 0.594563
vt 0.240762 0.603562
vt 0.232461 0.601632
vt 0.198973 0.580562
vt 0.209438 0.566528
vt 0.210555 0.575731
vt 0.197826 0.612659
vt 0.207263 0.627403
vt 0.191235 0.619333
vt 0.217574 0.576043
vt 0.210243 0.566457
vt 0.219474 0.566967
vt 0.057949 0.714444
vt 0.046703 0.646475
vt 0.058043 0.646457
vt 0.029269 0.714404
vt 0.040703 0.646467
vt 0.040609 0.714454
vt 0.018631 0.714308
vt 0.029363 0.646417
vt 0.068587 0.714377
vt 0.068682 0.646391
vt 0.096047 0.714255
vt 0.102141 0.646276
vt 0.102047 0.714263
vt 0.084706 0.714272
vt 0.074163 0.646352
vt 0.084801 0.646286
vt 0.013150 0.714255
vt 0.018725 0.646321
vt 0.113481 0.646325
vt 0.113387 0.714312
vt 0.096141 0.646268
vt 0.074068 0.714339
vt 0.046609 0.714462
vt 0.124119 0.646422
vt 0.124025 0.714408
vt 0.228709 0.581829
vt 0.241256 0.593453
vt 0.235398 0.575242
vt 0.227141 0.613906
vt 0.216500 0.627796
vt 0.215494 0.618578
vt 0.185140 0.601200
vt 0.193564 0.599979
vt 0.193817 0.592905
vt 0.185502 0.591086
vt 0.192875 0.573434
vt 0.209034 0.618303
vt 0.233155 0.621113
vt 0.211118 0.575686
vt 0.013244 0.646268
vt 0.210617 0.819606
vt 0.118606 0.996451
vt 0.118606 0.819606
vt 0.316598 0.638264
vt 0.295815 0.658845
vt 0.291751 0.641371
vt 0.062210 0.819606
vt 0.006945 0.996451
vt 0.006945 0.819605
vt 0.267978 0.641369
vt 0.273802 0.643137
vt 0.315475 0.638254
vt 0.285919 0.643221
vt 0.291742 0.641452
vt 0.243029 0.638456
vt 0.243338 0.586724
vt 0.249404 0.606719
vt 0.523274 0.996451
vt 0.495075 0.819605
vt 0.523274 0.819605
vt 0.495075 0.996451
vt 0.466877 0.819605
vt 0.090408 0.996451
vt 0.062210 0.996451
vt 0.090408 0.819606
vt 0.323961 0.819606
vt 0.261522 0.996451
vt 0.261522 0.819606
vt 0.244234 0.638171
vt 0.244241 0.586658
vt 0.249416 0.606634
vt 0.250272 0.652759
vt 0.262611 0.638499
vt 0.264856 0.658808
vt 0.254048 0.629934
vt 0.257908 0.634638
vt 0.349414 0.996451
vt 0.323961 0.996451
vt 0.349414 0.819605
vt 0.374867 0.996451
vt 0.236070 0.996451
vt 0.210617 0.996451
vt 0.236069 0.819606
vt 0.466877 0.996451
vt 0.294873 0.658884
vt 0.267968 0.641461
vt 0.273800 0.643230
vt 0.309443 0.652836
vt 0.262585 0.638580
vt 0.263919 0.658955
vt 0.249275 0.653010
vt 0.253970 0.629908
vt 0.257859 0.634689
vt 0.248790 0.573597
vt 0.267994 0.584120
vt 0.262630 0.586983
vt 0.257926 0.590834
vt 0.310013 0.573608
vt 0.308528 0.600913
vt 0.305660 0.595550
vt 0.316413 0.586632
vt 0.310337 0.618753
vt 0.310925 0.612692
vt 0.291735 0.584013
vt 0.310960 0.573486
vt 0.297807 0.568042
vt 0.262615 0.586884
vt 0.249695 0.573494
vt 0.262859 0.568042
vt 0.273803 0.582250
vt 0.267981 0.584016
vt 0.257911 0.590744
vt 0.297127 0.638494
vt 0.301533 0.634870
vt 0.310444 0.652850
vt 0.285921 0.643141
vt 0.279861 0.643735
vt 0.297106 0.638584
vt 0.301808 0.634724
vt 0.250949 0.624158
vt 0.251132 0.624484
vt 0.254062 0.595528
vt 0.251184 0.600892
vt 0.249389 0.618838
vt 0.248796 0.612795
vt 0.251180 0.624567
vt 0.254051 0.595447
vt 0.251183 0.600812
vt 0.249414 0.618744
vt 0.248819 0.612689
vt 0.374867 0.819605
vt 0.279861 0.643821
vt 0.261929 0.568160
vt 0.273814 0.582357
vt 0.296856 0.568160
vt 0.315465 0.586765
vt 0.305666 0.630021
vt 0.308532 0.624657
vt 0.279865 0.581764
vt 0.310296 0.618837
vt 0.310891 0.612784
vt 0.285917 0.582360
vt 0.291737 0.584125
vt 0.310294 0.606732
vt 0.297100 0.586992
vt 0.301801 0.590850
vt 0.297102 0.586875
vt 0.301886 0.634594
vt 0.305612 0.630063
vt 0.301807 0.590729
vt 0.305671 0.595429
vt 0.308548 0.624621
vt 0.308545 0.600796
vt 0.310320 0.606625
vt 0.285913 0.582248
vt 0.279858 0.581653
vt 0.228492 0.766132
vt 0.243272 0.773513
vt 0.228492 0.773513
vt 0.956618 0.068427
vt 0.956618 0.083729
vt 0.956618 0.099030
vt 0.956618 0.114331
vt 0.956618 0.129633
vt 0.956618 0.144934
vt 0.956618 0.160235
vt 0.956618 0.175537
vt 0.956618 0.190838
vt 0.956618 0.206139
vt 0.956618 0.221440
vt 0.956618 0.236742
vt 0.956618 0.053126
vt 0.256616 0.587695
vt 0.249486 0.570483
vt 0.260306 0.581303
vt 0.262738 0.562833
vt 0.266698 0.577613
vt 0.278039 0.562833
vt 0.274079 0.577613
vt 0.280471 0.581303
vt 0.291290 0.570483
vt 0.298941 0.583735
vt 0.284161 0.587695
vt 0.284161 0.595076
vt 0.298941 0.599036
vt 0.291290 0.612287
vt 0.280471 0.601468
vt 0.274079 0.605158
vt 0.278039 0.619938
vt 0.262738 0.619938
vt 0.266698 0.605158
vt 0.249486 0.612287
vt 0.260306 0.601468
vt 0.241836 0.599036
vt 0.256616 0.595076
vt 0.241836 0.583735
vt 0.150003 0.911632
vt 0.173858 0.918024
vt 0.156395 0.935487
vt 0.228492 0.788274
vt 0.243272 0.795655
vt 0.228492 0.795655
vt 0.228492 0.736609
vt 0.243272 0.743989
vt 0.228492 0.743989
vt 0.228492 0.721847
vt 0.243272 0.729228
vt 0.228492 0.729228
vt 0.228492 0.758751
vt 0.243272 0.766132
vt 0.243272 0.780893
vt 0.243272 0.788274
vt 0.243272 0.736609
vt 0.228492 0.803036
vt 0.243272 0.810416
vt 0.228492 0.810416
vt 0.228492 0.751370
vt 0.243272 0.758751
vt 0.228492 0.780893
vt 0.243272 0.803036
vt 0.243272 0.751370
vt 0.709475 0.020228
vt 0.751086 0.000337
vt 0.751086 0.020228
vt 0.709475 0.239037
vt 0.709475 0.219145
vt 0.751085 0.199254
vt 0.709475 0.199253
vt 0.751085 0.179362
vt 0.709475 0.159470
vt 0.751085 0.159470
vt 0.751085 0.139578
vt 0.709475 0.139578
vt 0.751085 0.119687
vt 0.709475 0.119687
vt 0.751085 0.099795
vt 0.709475 0.099795
vt 0.751085 0.079903
vt 0.709475 0.079903
vt 0.751085 0.060012
vt 0.662410 0.266209
vt 0.645184 0.201918
vt 0.709475 0.060012
vt 0.751085 0.040120
vt 0.709475 0.040120
vt 0.938390 0.053126
vt 0.150003 0.931796
vt 0.146312 0.925404
vt 0.146312 0.918024
vt 0.156395 0.907941
vt 0.163775 0.907941
vt 0.170167 0.911632
vt 0.173858 0.925404
vt 0.170167 0.931796
vt 0.163775 0.935487
vt 0.243272 0.721847
vt 0.709475 0.000336
vt 0.709475 0.179362
vt 0.699529 0.256264
vt 0.682302 0.266209
vt 0.645184 0.256264
vt 0.635238 0.239037
vt 0.635238 0.219145
vt 0.662410 0.191973
vt 0.682302 0.191973
vt 0.699529 0.201918
vt 0.049333 0.393103
vt 0.056719 0.367919
vt 0.057243 0.393467
vt 0.049014 0.367742
vt 0.058216 0.341468
vt 0.050214 0.341489
vt 0.056363 0.315434
vt 0.048549 0.315527
vt 0.056812 0.288256
vt 0.048704 0.288517
vt 0.053956 0.261559
vt 0.046032 0.261886
vt 0.053463 0.233539
vt 0.045241 0.234071
vt 0.049528 0.206077
vt 0.041484 0.206725
vt 0.047846 0.177070
vt 0.039481 0.178037
vt 0.042244 0.148682
vt 0.034042 0.149940
vt 0.038224 0.118329
vt 0.029619 0.120286
vt 0.028899 0.088586
vt 0.020130 0.091446
vt 0.018582 0.057989
vt 0.180339 0.484432
vt 0.200389 0.463003
vt 0.186607 0.488547
vt 0.199605 0.432092
vt 0.192339 0.459952
vt 0.206428 0.405494
vt 0.207244 0.434157
vt 0.209195 0.377809
vt 0.214289 0.406953
vt 0.213208 0.351192
vt 0.216807 0.378743
vt 0.214126 0.323709
vt 0.221057 0.351885
vt 0.216784 0.297118
vt 0.221776 0.324113
vt 0.216582 0.269747
vt 0.224696 0.297386
vt 0.218218 0.243158
vt 0.224315 0.269797
vt 0.216997 0.215890
vt 0.226228 0.243098
vt 0.217544 0.189326
vt 0.224825 0.215629
vt 0.215034 0.162241
vt 0.225652 0.188924
vt 0.213874 0.135800
vt 0.222937 0.161574
vt 0.208829 0.109207
vt 0.222050 0.134794
vt 0.203469 0.083531
vt 0.216702 0.107579
vt 0.191969 0.059762
vt 0.211380 0.080836
vt 0.038478 0.467473
vt 0.033685 0.493445
vt 0.026911 0.489005
vt 0.051199 0.444065
vt 0.046291 0.470494
vt 0.044019 0.442955
vt 0.053886 0.419402
vt 0.046359 0.418638
vt 0.167973 0.137966
vt 0.160215 0.105757
vt 0.169987 0.106548
vt 0.340828 0.188084
vt 0.330506 0.216454
vt 0.331876 0.187947
vt 0.169529 0.167784
vt 0.158204 0.137724
vt 0.339704 0.216743
vt 0.331817 0.245671
vt 0.168727 0.198273
vt 0.160191 0.167626
vt 0.340723 0.245998
vt 0.329767 0.274029
vt 0.170397 0.227292
vt 0.159283 0.198221
vt 0.338930 0.274543
vt 0.330324 0.303213
vt 0.169276 0.256968
vt 0.161321 0.227102
vt 0.339206 0.303762
vt 0.327577 0.331501
vt 0.165183 0.423701
vt 0.158650 0.395956
vt 0.167011 0.396460
vt 0.170358 0.285248
vt 0.160090 0.256773
vt 0.336719 0.332214
vt 0.327561 0.360707
vt 0.167260 0.449749
vt 0.156610 0.423578
vt 0.168619 0.314106
vt 0.161530 0.284878
vt 0.333693 0.389740
vt 0.336426 0.361379
vt 0.172467 0.476584
vt 0.158775 0.450670
vt 0.169061 0.341645
vt 0.159683 0.313716
vt 0.333784 0.418815
vt 0.324539 0.389054
vt 0.179868 0.501131
vt 0.164290 0.478478
vt 0.166835 0.369685
vt 0.160476 0.341108
vt 0.332774 0.447174
vt 0.324877 0.418477
vt 0.345704 0.039273
vt 0.332481 0.068820
vt 0.335382 0.037141
vt 0.158135 0.369184
vt 0.337202 0.475910
vt 0.323464 0.447492
vt 0.342453 0.069975
vt 0.329673 0.099297
vt 0.345704 0.502226
vt 0.328339 0.477886
vt 0.339303 0.099868
vt 0.331184 0.129587
vt 0.171549 0.075379
vt 0.169558 0.040345
vt 0.179868 0.044214
vt 0.340279 0.129776
vt 0.329987 0.158530
vt 0.160811 0.073588
vt 0.339275 0.158705
vt 0.122208 0.205692
vt 0.123136 0.223048
vt 0.124394 0.319278
vt 0.124473 0.335667
vt 0.094039 0.345321
vt 0.091575 0.336125
vt 0.124016 0.263348
vt 0.124518 0.280135
vt 0.090791 0.373249
vt 0.063041 0.365019
vt 0.093187 0.364097
vt 0.063050 0.344329
vt 0.025431 0.058675
vt 0.034882 0.082805
vt 0.124579 0.492912
vt 0.085944 0.477883
vt 0.120880 0.479912
vt 0.153167 0.366055
vt 0.153654 0.344209
vt 0.284971 0.491514
vt 0.338011 0.505703
vt 0.287163 0.521942
vt 0.116481 0.077424
vt 0.117514 0.099246
vt 0.119269 0.145264
vt 0.120497 0.163674
vt 0.093423 0.310040
vt 0.121824 0.309192
vt 0.080586 0.488869
vt 0.051830 0.469042
vt 0.288529 0.380899
vt 0.289873 0.363722
vt 0.284891 0.441480
vt 0.286154 0.422659
vt 0.091310 0.319398
vt 0.062713 0.312212
vt 0.044384 0.120545
vt 0.048767 0.144216
vt 0.293958 0.267009
vt 0.294468 0.250204
vt 0.291912 0.323620
vt 0.292899 0.306779
vt 0.122046 0.446629
vt 0.088026 0.455485
vt 0.086741 0.445265
vt 0.154532 0.310599
vt 0.154589 0.288215
vt 0.091636 0.235013
vt 0.088395 0.225482
vt 0.056788 0.448240
vt 0.127463 0.519765
vt 0.290543 0.092519
vt 0.289969 0.072326
vt 0.293109 0.153048
vt 0.292641 0.135540
vt 0.294368 0.210380
vt 0.294372 0.193449
vt 0.123454 0.374054
vt 0.123234 0.390341
vt 0.058784 0.236201
vt 0.121990 0.429225
vt 0.053480 0.179609
vt 0.056025 0.202191
vt 0.250092 0.064169
vt 0.286956 0.059755
vt 0.154724 0.253691
vt 0.154260 0.230697
vt 0.087978 0.427577
vt 0.088710 0.197639
vt 0.119002 0.195084
vt 0.249599 0.076052
vt 0.215524 0.076103
vt 0.090475 0.389861
vt 0.260283 0.193386
vt 0.260363 0.210602
vt 0.257423 0.136875
vt 0.258379 0.154564
vt 0.252556 0.095964
vt 0.073669 0.514976
vt 0.087042 0.207742
vt 0.060377 0.258030
vt 0.290913 0.015179
vt 0.242449 0.037870
vt 0.233582 0.024876
vt 0.153709 0.195132
vt 0.152942 0.171416
vt 0.151679 0.420572
vt 0.206209 0.055415
vt 0.198494 0.055508
vt 0.151994 0.398978
vt 0.120788 0.400249
vt 0.061882 0.291009
vt 0.259016 0.304525
vt 0.257893 0.321723
vt 0.260625 0.248994
vt 0.260078 0.266126
vt 0.259234 0.126821
vt 0.289845 0.124798
vt 0.152470 0.134410
vt 0.152454 0.109459
vt 0.226673 0.131285
vt 0.249583 0.418440
vt 0.246670 0.437584
vt 0.255515 0.360497
vt 0.253752 0.378056
vt 0.156992 0.476279
vt 0.256458 0.106076
vt 0.154813 0.069077
vt 0.160326 0.042484
vt 0.084004 0.167127
vt 0.081912 0.148324
vt 0.076492 0.104098
vt 0.072573 0.082226
vt 0.228403 0.513091
vt 0.237048 0.485294
vt 0.154006 0.454103
vt 0.119490 0.457566
vt 0.223724 0.109676
vt 0.325461 0.064592
vt 0.262623 0.183804
vt 0.291940 0.183036
vt 0.320481 0.475142
vt 0.318195 0.450976
vt 0.328964 0.039509
vt 0.286007 0.032051
vt 0.230527 0.185808
vt 0.324007 0.126238
vt 0.261221 0.164157
vt 0.319072 0.391933
vt 0.090849 0.281573
vt 0.090055 0.264429
vt 0.324113 0.102592
vt 0.288101 0.104167
vt 0.229639 0.164336
vt 0.122432 0.290433
vt 0.121263 0.233731
vt 0.121125 0.253054
vt 0.118734 0.174918
vt 0.115433 0.111831
vt 0.115812 0.133974
vt 0.114624 0.033729
vt 0.113107 0.063815
vt 0.281567 0.453098
vt 0.281768 0.477292
vt 0.284511 0.411384
vt 0.285166 0.391303
vt 0.322123 0.334359
vt 0.288321 0.353069
vt 0.288744 0.333824
vt 0.324378 0.277004
vt 0.291124 0.296305
vt 0.291055 0.277240
vt 0.325185 0.219577
vt 0.292381 0.239804
vt 0.291744 0.220726
vt 0.324675 0.161791
vt 0.290718 0.163688
vt 0.119608 0.418936
vt 0.122168 0.345666
vt 0.121138 0.364064
vt 0.061812 0.396549
vt 0.090939 0.418227
vt 0.060365 0.416966
vt 0.092547 0.399152
vt 0.262736 0.220137
vt 0.231244 0.240199
vt 0.231384 0.218722
vt 0.263338 0.239578
vt 0.262125 0.275717
vt 0.229832 0.294663
vt 0.230768 0.273137
vt 0.262067 0.295184
vt 0.259650 0.331438
vt 0.226341 0.349346
vt 0.228128 0.327705
vt 0.258942 0.351124
vt 0.255193 0.388103
vt 0.219866 0.404702
vt 0.223033 0.382717
vt 0.253669 0.408668
vt 0.213167 0.439072
vt 0.243700 0.473532
vt 0.206531 0.461756
vt 0.247497 0.448884
vt 0.072950 0.069125
vt 0.066559 0.039417
vt 0.083272 0.137458
vt 0.081278 0.114892
vt 0.087754 0.177017
vt 0.091945 0.254751
vt 0.093689 0.290894
vt 0.056664 0.025195
vt 0.119881 0.015179
vt 0.317968 0.414800
vt 0.320769 0.356954
vt 0.323472 0.299592
vt 0.324868 0.242232
vt 0.324821 0.184658
vt 0.009813 0.061933
vt 0.172648 0.504207
s 1
usemtl SpacialRoverExploreralumWhite
f 109/1/1 111/2/1 37/3/1
f 26/4/2 122/5/2 124/6/2
f 35/7/2 36/8/2 119/9/2
f 34/10/3 37/11/4 29/12/4
f 30/13/5 197/14/6 196/15/5
f 32/16/6 38/17/7 197/14/6
f 38/17/8 29/12/4 37/11/4
f 157/18/9 35/19/10 33/20/9
f 41/21/10 36/22/11 35/19/10
f 40/23/12 34/10/3 36/22/12
f 26/24/13 152/25/14 28/26/13
f 144/27/15 153/28/16 146/29/16
f 28/26/1 201/30/1 150/31/1
f 27/32/17 143/33/18 25/34/17
f 25/35/2 200/36/2 147/37/2
f 150/38/18 145/39/19 143/33/18
f 151/40/20 144/27/15 145/39/20
f 153/28/16 148/41/21 146/29/16
f 154/42/22 147/37/14 148/41/22
f 125/43/2 29/44/2 31/45/2
f 31/45/2 32/46/2 125/43/2
f 30/13/2 125/43/2 32/46/2
f 34/47/2 125/43/2 121/48/2
f 119/9/2 33/49/2 35/7/2
f 119/9/2 36/8/2 34/47/2
f 37/3/1 115/50/1 38/51/1
f 38/51/1 115/50/1 197/52/1
f 194/53/1 39/54/1 40/55/1
f 41/56/1 157/57/1 194/53/1
f 40/55/1 41/56/1 194/53/1
f 115/50/1 196/15/1 197/52/1
f 147/37/2 200/36/2 148/58/2
f 148/58/2 200/36/2 146/59/2
f 146/59/2 200/36/2 144/60/2
f 145/61/2 200/36/2 143/62/2
f 144/60/2 200/36/2 145/61/2
f 150/31/1 201/30/1 151/63/1
f 153/64/1 201/30/1 154/65/1
f 154/65/1 201/30/1 152/25/1
f 151/63/1 201/30/1 149/66/1
f 149/66/1 201/30/1 153/64/1
f 25/67/23 130/68/24 27/69/23
f 26/4/2 129/70/2 25/71/2
f 129/70/24 196/15/5 130/68/24
f 33/72/9 28/26/25 157/73/9
f 28/74/1 112/75/1 110/76/1
f 130/68/1 28/74/1 27/77/1
f 220/78/1 222/79/1 214/80/1
f 203/81/2 233/82/2 235/83/2
f 212/84/2 213/85/2 230/86/2
f 211/87/3 214/88/4 206/89/4
f 207/90/5 260/91/6 259/92/5
f 209/93/6 215/94/7 260/91/6
f 215/94/8 206/89/4 214/88/4
f 256/95/9 212/96/10 210/97/9
f 218/98/10 213/99/11 212/96/10
f 217/100/12 211/87/3 213/99/12
f 203/101/13 251/102/14 205/103/13
f 243/104/15 252/105/16 245/106/16
f 205/103/1 264/107/1 249/108/1
f 204/109/17 242/110/18 202/111/17
f 202/112/2 263/113/2 246/114/2
f 249/115/18 244/116/19 242/110/18
f 250/117/20 243/104/15 244/116/20
f 252/105/16 247/118/21 245/106/16
f 253/119/22 246/114/14 247/118/22
f 236/120/2 206/121/2 208/122/2
f 208/122/2 209/123/2 236/120/2
f 207/90/2 236/120/2 209/123/2
f 211/124/2 236/120/2 232/125/2
f 230/86/2 210/126/2 212/84/2
f 230/86/2 213/85/2 211/124/2
f 214/80/1 226/127/1 215/128/1
f 215/128/1 226/127/1 260/129/1
f 257/130/1 216/131/1 217/132/1
f 218/133/1 256/134/1 257/130/1
f 217/132/1 218/133/1 257/130/1
f 226/127/1 259/92/1 260/129/1
f 246/114/2 263/113/2 247/135/2
f 247/135/2 263/113/2 245/136/2
f 245/136/2 263/113/2 243/137/2
f 244/138/2 263/113/2 242/139/2
f 243/137/2 263/113/2 244/138/2
f 249/108/1 264/107/1 250/140/1
f 252/141/1 264/107/1 253/142/1
f 253/142/1 264/107/1 251/102/1
f 250/140/1 264/107/1 248/143/1
f 248/143/1 264/107/1 252/141/1
f 202/144/23 241/145/24 204/146/23
f 203/81/2 240/147/2 202/148/2
f 240/147/24 259/92/5 241/145/24
f 210/149/9 205/103/25 256/150/9
f 205/151/1 223/152/1 221/153/1
f 241/145/1 205/151/1 204/154/1
f 275/155/26 288/156/27 274/157/27
f 268/158/28 283/159/29 282/160/30
f 268/158/28 269/161/31 283/159/29
f 275/155/26 276/162/32 289/163/33
f 269/161/31 284/164/34 283/159/29
f 276/162/32 290/165/35 289/163/33
f 269/161/31 285/166/36 284/164/34
f 276/162/32 277/167/37 290/165/35
f 277/167/37 291/168/38 290/165/35
f 271/169/39 285/166/36 270/170/40
f 277/167/37 278/171/41 291/168/38
f 265/172/15 281/173/42 280/174/15
f 271/169/39 272/175/43 286/176/44
f 265/172/15 266/177/45 281/173/42
f 278/171/41 292/178/46 291/168/38
f 272/175/43 287/179/47 286/176/44
f 272/175/43 273/180/48 287/179/47
f 267/181/49 281/173/42 266/177/45
f 265/172/15 292/182/46 279/183/50
f 274/157/27 287/179/47 273/180/48
f 267/181/49 268/158/28 282/160/30
f 281/184/1 285/185/1 289/186/1
f 275/187/2 271/188/2 267/189/2
f 37/3/1 39/54/1 194/53/1
f 37/3/1 194/53/1 109/1/1
f 111/2/1 115/50/1 37/3/1
f 126/190/2 125/43/2 30/13/2
f 33/49/2 119/9/2 116/191/2
f 33/49/2 116/191/2 117/192/2
f 127/193/2 126/190/2 30/13/2
f 127/193/2 30/13/2 129/70/2
f 26/4/2 33/49/2 117/192/2
f 26/4/2 117/192/2 118/194/2
f 127/193/2 129/70/2 26/4/2
f 128/195/2 127/193/2 26/4/2
f 26/4/2 118/194/2 123/196/2
f 26/4/2 123/196/2 122/5/2
f 124/6/2 128/195/2 26/4/2
f 34/10/3 39/197/3 37/11/4
f 30/13/5 32/16/6 197/14/6
f 32/16/6 31/198/7 38/17/7
f 38/17/8 31/198/8 29/12/4
f 157/18/9 41/21/10 35/19/10
f 41/21/10 40/23/11 36/22/11
f 40/23/12 39/197/3 34/10/3
f 26/24/13 147/37/14 152/25/14
f 144/27/15 149/199/15 153/28/16
f 150/31/1 27/200/1 28/26/1
f 28/26/1 152/25/1 201/30/1
f 27/32/17 150/38/18 143/33/18
f 147/37/2 26/24/2 25/35/2
f 25/35/2 143/62/2 200/36/2
f 150/38/18 151/40/19 145/39/19
f 151/40/20 149/199/15 144/27/15
f 153/28/16 154/42/21 148/41/21
f 154/42/22 152/25/14 147/37/14
f 120/201/2 119/9/2 34/47/2
f 34/47/2 29/44/2 125/43/2
f 121/48/2 120/201/2 34/47/2
f 25/67/23 129/70/24 130/68/24
f 129/70/24 30/13/5 196/15/5
f 33/72/9 26/24/25 28/26/25
f 156/202/1 194/53/1 157/57/1
f 196/15/1 115/50/1 113/203/1
f 196/15/1 113/203/1 199/204/1
f 198/205/1 156/202/1 157/57/1
f 108/206/1 198/205/1 157/57/1
f 130/68/1 196/15/1 199/204/1
f 130/68/1 199/204/1 114/207/1
f 108/206/1 157/57/1 28/74/1
f 155/208/1 108/206/1 28/74/1
f 28/74/1 130/68/1 114/207/1
f 28/74/1 114/207/1 195/209/1
f 110/76/1 155/208/1 28/74/1
f 28/74/1 195/209/1 112/75/1
f 214/80/1 216/131/1 257/130/1
f 214/80/1 257/130/1 220/78/1
f 222/79/1 226/127/1 214/80/1
f 237/210/2 236/120/2 207/90/2
f 210/126/2 230/86/2 227/211/2
f 210/126/2 227/211/2 228/212/2
f 238/213/2 237/210/2 207/90/2
f 238/213/2 207/90/2 240/147/2
f 203/81/2 210/126/2 228/212/2
f 203/81/2 228/212/2 229/214/2
f 238/213/2 240/147/2 203/81/2
f 239/215/2 238/213/2 203/81/2
f 203/81/2 229/214/2 234/216/2
f 203/81/2 234/216/2 233/82/2
f 235/83/2 239/215/2 203/81/2
f 211/87/3 216/217/3 214/88/4
f 207/90/5 209/93/6 260/91/6
f 209/93/6 208/218/7 215/94/7
f 215/94/8 208/218/8 206/89/4
f 256/95/9 218/98/10 212/96/10
f 218/98/10 217/100/11 213/99/11
f 217/100/12 216/217/3 211/87/3
f 203/101/13 246/114/14 251/102/14
f 243/104/15 248/219/15 252/105/16
f 249/108/1 204/220/1 205/103/1
f 205/103/1 251/102/1 264/107/1
f 204/109/17 249/115/18 242/110/18
f 246/114/2 203/101/2 202/112/2
f 202/112/2 242/139/2 263/113/2
f 249/115/18 250/117/19 244/116/19
f 250/117/20 248/219/15 243/104/15
f 252/105/16 253/119/21 247/118/21
f 253/119/22 251/102/14 246/114/14
f 231/221/2 230/86/2 211/124/2
f 211/124/2 206/121/2 236/120/2
f 232/125/2 231/221/2 211/124/2
f 202/144/23 240/147/24 241/145/24
f 240/147/24 207/90/5 259/92/5
f 210/149/9 203/101/25 205/103/25
f 255/222/1 257/130/1 256/134/1
f 259/92/1 226/127/1 224/223/1
f 259/92/1 224/223/1 262/224/1
f 261/225/1 255/222/1 256/134/1
f 219/226/1 261/225/1 256/134/1
f 241/145/1 259/92/1 262/224/1
f 241/145/1 262/224/1 225/227/1
f 219/226/1 256/134/1 205/151/1
f 254/228/1 219/226/1 205/151/1
f 205/151/1 241/145/1 225/227/1
f 205/151/1 225/227/1 258/229/1
f 221/153/1 254/228/1 205/151/1
f 205/151/1 258/229/1 223/152/1
f 275/155/26 289/163/33 288/156/27
f 269/161/31 270/170/40 285/166/36
f 271/169/39 286/176/44 285/166/36
f 278/171/41 279/230/50 292/178/46
f 267/181/49 282/160/30 281/173/42
f 265/172/15 280/174/15 292/182/46
f 274/157/27 288/156/27 287/179/47
f 292/231/1 280/232/1 281/184/1
f 281/184/1 282/233/1 283/234/1
f 283/234/1 284/235/1 285/185/1
f 285/185/1 286/236/1 287/237/1
f 287/237/1 288/238/1 289/186/1
f 289/186/1 290/239/1 291/240/1
f 291/240/1 292/231/1 281/184/1
f 281/184/1 283/234/1 285/185/1
f 285/185/1 287/237/1 289/186/1
f 289/186/1 291/240/1 281/184/1
f 266/241/2 265/242/2 279/243/2
f 279/243/2 278/244/2 277/245/2
f 277/245/2 276/246/2 275/187/2
f 275/187/2 274/247/2 273/248/2
f 273/248/2 272/249/2 271/188/2
f 271/188/2 270/250/2 269/251/2
f 269/251/2 268/252/2 267/189/2
f 267/189/2 266/241/2 279/243/2
f 279/243/2 277/245/2 275/187/2
f 275/187/2 273/248/2 271/188/2
f 271/188/2 269/251/2 267/189/2
f 267/189/2 279/243/2 275/187/2
f 299/253/51 293/254/51 296/255/51
f 302/256/52 298/257/52 297/258/52
f 296/255/40 300/259/40 299/253/40
f 301/260/53 295/261/53 298/257/53
f 301/262/1 294/263/1 300/264/1
f 306/265/54 303/266/55 304/267/54
f 297/258/56 305/268/55 302/256/56
f 293/254/57 306/265/57 304/267/57
f 293/269/2 303/270/2 297/258/2
f 293/269/2 295/271/2 296/272/2
f 298/273/2 293/269/2 297/258/2
f 295/271/2 293/269/2 298/273/2
f 300/264/1 294/263/1 299/274/1
f 294/263/1 301/262/1 302/256/1
f 305/268/1 294/263/1 302/256/1
f 299/253/51 294/275/51 293/254/51
f 302/256/52 301/260/52 298/257/52
f 296/255/40 295/261/40 300/259/40
f 301/260/53 300/259/53 295/261/53
f 306/265/54 305/276/55 303/266/55
f 297/258/56 303/270/55 305/268/55
f 293/254/57 294/275/57 306/265/57
f 293/269/2 304/277/2 303/270/2
f 305/268/1 306/278/1 294/263/1
usemtl SpacialRoverExploreralumGray
f 10/279/58 140/280/59 139/281/60
f 2/282/61 137/283/62 131/284/63
f 3/285/64 134/286/65 137/283/66
f 5/287/67 135/288/68 140/280/59
f 6/289/69 132/290/70 135/288/71
f 138/291/72 9/292/73 133/293/74
f 133/293/75 7/294/76 141/295/77
f 136/296/78 12/297/79 142/298/80
f 142/298/81 10/279/58 139/281/60
f 4/299/82 131/284/63 132/290/70
f 11/300/83 141/295/77 7/294/76
f 8/301/84 134/286/65 1/302/85
f 10/279/58 5/287/67 140/280/59
f 2/282/61 3/285/86 137/283/62
f 3/285/64 1/302/85 134/286/65
f 5/287/67 6/289/87 135/288/68
f 6/289/69 4/299/82 132/290/70
f 138/291/88 8/301/84 9/292/89
f 133/293/75 9/292/90 7/294/76
f 136/296/91 11/303/83 12/297/92
f 142/298/81 12/297/93 10/279/58
f 4/299/82 2/282/61 131/284/63
f 11/300/83 136/304/91 141/295/77
f 8/301/84 138/291/88 134/286/65
f 363/305/51 331/306/51 362/307/94
f 331/306/51 363/305/51 364/308/95
f 331/306/51 330/309/94 362/307/94
f 364/308/95 332/310/95 331/306/51
f 330/309/94 361/311/96 362/307/94
f 364/308/95 365/312/34 332/310/95
f 330/309/94 329/313/96 361/311/96
f 365/312/34 333/314/34 332/310/95
f 365/312/34 366/315/97 333/314/34
f 366/315/97 334/316/97 333/314/34
f 329/313/96 360/317/98 361/311/96
f 360/317/98 329/313/96 328/318/98
f 366/315/97 367/319/40 334/316/97
f 367/319/40 335/320/40 334/316/97
f 360/317/98 328/318/98 359/321/99
f 328/318/98 327/322/99 359/321/99
f 327/322/99 358/323/45 359/321/99
f 367/319/40 368/324/100 335/320/40
f 327/322/99 326/325/45 358/323/45
f 368/324/100 336/326/100 335/320/40
f 368/324/100 369/327/101 336/326/100
f 358/323/45 326/325/45 357/328/102
f 326/325/45 325/329/102 357/328/102
f 336/326/100 369/327/101 337/330/101
f 325/329/102 356/331/15 357/328/102
f 337/330/101 369/327/101 338/332/103
f 325/329/102 324/333/15 356/331/15
f 338/332/103 369/327/101 370/334/103
f 324/333/15 355/335/104 356/331/15
f 355/335/104 324/333/15 323/336/104
f 338/332/103 370/334/103 339/337/105
f 339/337/105 307/338/105 338/332/103
f 339/337/105 340/339/106 307/338/105
f 355/335/104 323/336/104 354/340/50
f 354/340/50 323/336/104 322/341/50
f 307/338/105 340/339/106 308/342/106
f 308/342/106 340/339/106 341/343/48
f 308/342/106 341/343/48 309/344/48
f 354/340/50 322/341/50 353/345/107
f 322/346/50 321/347/107 353/348/107
f 321/347/107 352/349/108 353/348/107
f 309/344/48 341/343/48 342/350/109
f 321/347/107 320/351/108 352/349/108
f 309/344/48 342/350/109 310/352/109
f 352/349/108 320/351/108 351/353/110
f 310/352/109 342/350/109 343/354/27
f 310/352/109 343/354/27 311/355/27
f 351/353/110 320/351/108 319/356/110
f 311/355/27 343/354/27 344/357/111
f 351/353/110 319/356/110 350/358/112
f 311/355/27 344/357/111 312/359/111
f 350/358/112 319/356/110 318/360/112
f 312/359/111 344/357/111 345/361/26
f 350/358/112 318/360/112 349/362/113
f 312/359/111 345/361/26 313/363/26
f 349/362/113 318/360/112 317/364/113
f 313/363/26 345/361/26 346/365/114
f 349/362/113 317/364/113 348/366/115
f 348/366/115 317/364/113 316/367/115
f 313/363/26 346/365/114 314/368/114
f 348/366/115 316/367/115 347/369/116
f 314/368/114 346/365/114 347/369/116
f 347/369/116 316/367/115 315/370/116
f 314/368/114 347/369/116 315/370/116
f 799/371/117 822/372/118 823/373/117
f 805/374/119 830/375/120 806/376/120
f 796/377/121 809/378/122 820/379/121
f 802/380/123 827/381/124 803/382/124
f 799/371/117 824/383/125 800/384/125
f 795/385/122 830/375/120 809/378/122
f 796/386/121 821/387/126 797/388/126
f 803/382/124 828/389/127 804/390/127
f 801/391/128 824/383/125 825/392/128
f 797/393/126 822/372/118 798/394/118
f 804/390/127 829/395/119 805/374/119
f 801/391/128 826/396/123 802/380/123
f 469/397/129 447/398/130 470/399/129
f 465/400/131 468/401/132 466/402/131
f 461/403/133 464/404/134 462/405/133
f 465/406/135 925/407/136 463/408/135
f 457/409/137 460/410/138 458/411/137
f 453/412/139 456/413/140 454/414/139
f 449/415/141 452/416/142 450/417/141
f 491/418/110 494/419/143 492/420/143
f 487/421/144 490/422/145 488/423/145
f 483/424/146 486/425/147 484/426/147
f 480/427/148 481/428/40 482/429/148
f 475/430/149 478/431/150 476/432/150
f 471/433/151 473/434/152 474/435/151
f 789/436/153 482/437/148 792/438/153
f 773/439/154 490/440/145 776/441/154
f 467/442/155 914/443/156 917/444/156
f 921/445/157 490/440/157 489/446/157
f 461/447/158 933/448/159 459/449/158
f 453/450/160 907/451/161 451/452/160
f 458/453/162 788/454/163 793/455/163
f 464/456/164 777/457/165 466/458/164
f 910/459/157 476/460/157 761/461/157
f 897/462/166 747/463/166 748/464/166
f 896/465/166 748/464/166 749/466/166
f 903/467/167 475/430/168 910/468/167
f 898/469/169 473/434/170 472/470/170
f 447/471/171 753/472/172 450/473/171
f 749/466/173 751/474/174 754/475/173
f 903/467/175 478/476/175 477/477/175
f 904/478/175 758/479/175 903/480/175
f 909/481/157 761/461/157 762/482/157
f 911/483/176 491/418/177 916/484/176
f 905/485/178 909/486/179 908/487/178
f 761/461/180 478/476/150 758/479/180
f 454/488/181 760/489/182 755/490/182
f 756/491/183 762/482/184 757/492/184
f 916/493/99 492/494/99 769/495/99
f 917/496/99 767/497/99 768/498/99
f 914/499/27 764/500/27 913/501/27
f 912/502/27 766/503/27 911/504/27
f 918/505/185 912/506/186 915/507/186
f 769/495/187 494/508/143 766/503/187
f 468/509/188 763/510/189 470/511/188
f 767/497/190 765/512/191 764/500/190
f 919/513/192 923/514/193 926/515/192
f 771/516/194 775/517/195 778/518/194
f 922/519/157 776/441/157 921/520/157
f 921/445/196 487/421/197 924/521/196
f 927/522/198 483/424/199 932/523/198
f 923/524/175 773/439/175 774/525/175
f 932/526/200 484/527/200 785/528/200
f 931/529/200 785/528/200 786/530/200
f 927/522/166 486/531/166 485/532/166
f 928/533/166 782/534/166 927/535/166
f 929/536/201 931/537/202 934/538/201
f 785/528/203 486/531/147 782/534/203
f 462/539/204 784/540/205 779/541/205
f 780/542/206 786/530/207 781/543/207
f 938/544/27 480/545/27 789/436/27
f 937/546/27 789/436/27 790/547/27
f 787/548/208 791/549/209 794/550/208
f 938/551/210 481/428/211 479/552/211
f 457/553/212 935/554/213 455/555/212
f 936/556/214 942/557/215 937/558/215
f 606/559/216 448/560/130 469/397/129
f 605/561/216 583/562/116 606/563/216
f 604/564/217 469/397/129 467/565/132
f 603/566/217 606/563/216 604/567/217
f 602/568/218 467/565/132 465/400/131
f 593/569/149 612/570/149 594/571/149
f 600/572/219 465/400/131 463/573/134
f 599/574/219 602/575/218 600/576/219
f 598/577/220 463/573/134 461/403/133
f 597/578/220 600/576/219 598/579/220
f 596/580/221 461/403/133 459/581/138
f 595/582/221 598/579/220 596/583/221
f 594/584/222 459/581/138 457/409/137
f 587/585/1 607/586/1 585/587/1
f 455/588/140 594/584/222 457/409/137
f 592/589/223 593/590/222 594/591/222
f 590/592/105 455/588/140 453/412/139
f 590/593/105 591/594/223 592/589/223
f 588/595/224 453/412/139 451/596/142
f 587/597/224 590/593/105 588/598/224
f 586/599/225 451/596/142 449/415/141
f 604/600/152 617/601/152 603/602/152
f 583/603/116 449/604/141 448/560/130
f 584/605/116 586/606/225 583/603/116
f 615/607/166 618/608/166 616/609/166
f 611/610/175 614/611/175 612/612/175
f 607/586/27 610/613/27 608/614/27
f 604/600/2 616/615/2 618/616/2
f 588/617/40 609/618/40 587/619/40
f 601/620/1 617/621/1 615/607/1
f 596/622/2 612/570/2 614/623/2
f 601/620/146 616/615/146 602/624/146
f 596/622/144 613/625/144 595/626/144
f 595/626/1 611/610/1 593/627/1
f 585/587/110 608/628/110 586/629/110
f 586/629/2 610/630/2 588/617/2
f 895/631/166 749/466/166 750/632/166
f 905/485/175 757/492/175 904/633/175
f 906/634/175 756/491/175 905/635/175
f 908/636/157 762/482/157 759/637/157
f 907/638/157 759/637/157 760/639/157
f 913/640/27 765/512/27 912/506/27
f 918/641/99 770/642/99 767/497/99
f 915/643/99 769/495/99 770/642/99
f 926/644/175 774/525/175 771/516/175
f 925/645/175 771/516/175 772/646/175
f 919/513/157 775/517/157 922/647/157
f 920/648/157 778/518/157 919/649/157
f 929/536/166 781/543/166 928/650/166
f 930/651/166 780/542/166 929/652/166
f 934/653/200 786/530/200 783/654/200
f 933/655/200 783/654/200 784/540/200
f 936/656/27 790/547/27 787/548/27
f 935/657/27 787/548/27 788/454/27
f 749/466/173 753/472/172 750/632/172
f 752/658/226 748/464/174 747/463/226
f 756/491/183 760/639/182 759/637/183
f 758/479/180 762/482/184 761/461/180
f 764/500/190 768/498/189 767/497/190
f 766/503/187 770/642/191 769/495/187
f 778/518/194 772/646/165 771/516/194
f 776/441/154 774/525/195 773/439/154
f 780/542/206 784/540/205 783/654/206
f 785/528/203 781/543/207 786/530/207
f 794/550/208 788/454/163 787/548/208
f 792/438/153 790/547/209 789/436/153
f 747/463/226 474/659/151 752/658/226
f 806/660/216 584/605/116 605/661/216
f 805/662/227 605/661/216 603/663/217
f 804/664/104 603/663/217 601/665/218
f 803/666/219 601/665/218 599/667/219
f 802/668/220 599/667/219 597/669/220
f 801/670/51 597/669/220 595/671/221
f 800/672/228 595/671/221 593/673/222
f 591/674/223 800/672/228 593/673/222
f 798/675/105 591/674/223 589/676/105
f 797/388/229 589/676/105 587/677/224
f 796/386/230 587/677/224 585/678/225
f 795/679/116 585/680/225 584/605/116
f 315/681/2 833/682/2 862/683/2
f 329/684/2 861/685/2 328/686/2
f 314/687/2 862/683/2 860/688/2
f 328/686/2 859/689/2 327/690/2
f 313/691/2 860/688/2 858/692/2
f 327/690/2 857/693/2 326/694/2
f 312/695/2 858/692/2 856/696/2
f 325/697/2 857/693/2 855/698/2
f 338/699/2 843/700/2 854/701/2
f 311/702/2 856/696/2 853/703/2
f 325/697/2 852/704/2 324/705/2
f 337/706/2 854/701/2 851/707/2
f 310/708/2 853/703/2 850/709/2
f 324/705/2 849/710/2 323/711/2
f 337/706/2 848/712/2 336/713/2
f 309/714/2 850/709/2 847/715/2
f 323/711/2 846/716/2 322/717/2
f 336/713/2 845/718/2 335/719/2
f 308/720/2 847/715/2 844/721/2
f 322/717/2 842/722/2 321/723/2
f 335/719/2 841/724/2 334/725/2
f 308/720/2 843/700/2 307/726/2
f 320/727/2 842/722/2 840/728/2
f 334/725/2 839/729/2 333/730/2
f 319/731/2 840/728/2 838/732/2
f 333/730/2 837/733/2 332/734/2
f 318/735/2 838/732/2 836/736/2
f 332/734/2 835/737/2 331/738/2
f 317/739/2 836/736/2 834/740/2
f 331/738/2 832/741/2 330/742/2
f 316/743/2 834/740/2 833/682/2
f 330/742/2 831/744/2 329/684/2
f 340/745/1 894/746/1 863/747/1
f 341/748/1 863/747/1 864/749/1
f 341/748/1 865/750/1 342/751/1
f 342/751/1 866/752/1 343/753/1
f 343/753/1 867/754/1 344/755/1
f 344/755/1 868/756/1 345/757/1
f 345/757/1 869/758/1 346/759/1
f 346/759/1 870/760/1 347/761/1
f 347/761/1 871/762/1 348/763/1
f 348/763/1 872/764/1 349/765/1
f 349/765/1 873/766/1 350/767/1
f 350/767/1 874/768/1 351/769/1
f 351/769/1 875/770/1 352/771/1
f 352/771/1 876/772/1 353/773/1
f 353/773/1 877/774/1 354/775/1
f 354/775/1 878/776/1 355/777/1
f 355/777/1 879/778/1 356/779/1
f 356/779/1 880/780/1 357/781/1
f 357/781/1 881/782/1 358/783/1
f 359/784/1 881/782/1 882/785/1
f 360/786/1 882/785/1 883/787/1
f 361/788/1 883/787/1 884/789/1
f 362/790/1 884/789/1 885/791/1
f 363/792/1 885/791/1 886/793/1
f 364/794/1 886/793/1 887/795/1
f 365/796/1 887/795/1 888/797/1
f 366/798/1 888/797/1 889/799/1
f 367/800/1 889/799/1 890/801/1
f 368/802/1 890/801/1 891/803/1
f 369/804/1 891/803/1 892/805/1
f 370/806/1 892/805/1 893/807/1
f 339/808/1 893/807/1 894/746/1
f 895/631/166 447/471/166 448/809/166
f 450/473/200 900/810/200 449/811/200
f 454/812/175 906/813/175 453/450/175
f 452/814/157 907/815/157 760/639/157
f 898/816/166 471/817/166 747/463/166
f 470/511/27 914/443/27 469/818/27
f 468/509/99 917/819/99 768/498/99
f 466/458/157 920/820/157 465/406/157
f 464/456/175 925/821/175 772/646/175
f 462/539/166 930/822/166 461/447/166
f 460/823/200 933/824/200 784/540/200
f 456/825/27 935/826/27 788/454/27
f 458/453/99 940/827/99 457/553/99
f 898/828/169 902/829/231 901/830/169
f 908/831/178 906/634/161 905/635/178
f 910/832/167 904/478/179 903/480/167
f 918/833/185 914/499/156 913/501/185
f 916/834/176 912/502/186 911/504/176
f 919/649/192 925/835/136 920/648/136
f 924/836/196 922/519/193 921/520/196
f 934/837/201 930/651/159 929/652/201
f 927/535/198 931/838/202 928/533/202
f 939/839/214 935/840/213 940/841/213
f 941/842/210 937/843/215 942/844/215
f 449/811/232 895/845/233 448/846/232
f 911/483/27 494/508/27 493/847/27
f 900/848/200 754/475/200 899/849/200
f 899/850/200 751/474/200 902/851/200
f 902/829/200 752/658/200 901/830/200
f 901/852/200 474/659/200 473/434/200
f 924/853/175 488/854/175 773/439/175
f 900/848/233 896/855/234 895/856/233
f 897/857/231 899/850/235 902/851/231
f 940/841/99 794/550/99 939/839/99
f 939/858/99 791/549/99 942/557/99
f 942/844/99 792/438/99 941/842/99
f 941/859/99 482/437/99 481/428/99
f 799/371/117 798/394/118 822/372/118
f 805/374/119 829/395/119 830/375/120
f 796/377/121 795/385/122 809/378/122
f 802/380/123 826/396/123 827/381/124
f 799/371/117 823/373/117 824/383/125
f 795/385/122 806/376/120 830/375/120
f 796/386/121 820/860/121 821/387/126
f 803/382/124 827/381/124 828/389/127
f 801/391/128 800/384/125 824/383/125
f 797/393/126 821/861/126 822/372/118
f 804/390/127 828/389/127 829/395/119
f 801/391/128 825/392/128 826/396/123
f 469/397/129 448/560/130 447/398/130
f 465/400/131 467/565/132 468/401/132
f 461/403/133 463/573/134 464/404/134
f 465/406/135 920/820/136 925/407/136
f 457/409/137 459/581/138 460/410/138
f 453/412/139 455/588/140 456/413/140
f 449/415/141 451/596/142 452/416/142
f 491/418/110 493/847/110 494/419/143
f 487/421/144 489/446/144 490/422/145
f 483/424/146 485/532/146 486/425/147
f 480/427/148 479/552/40 481/428/40
f 475/430/149 477/477/149 478/431/150
f 471/433/151 472/470/152 473/434/152
f 789/436/153 480/545/148 482/437/148
f 773/439/154 488/854/145 490/440/145
f 467/442/155 469/818/155 914/443/156
f 921/445/157 776/441/157 490/440/157
f 461/447/158 930/822/159 933/448/159
f 453/450/160 906/813/161 907/451/161
f 458/453/162 456/825/162 788/454/163
f 464/456/164 772/646/165 777/457/165
f 910/459/157 475/862/157 476/460/157
f 897/462/166 898/863/166 747/463/166
f 896/465/166 897/864/166 748/464/166
f 903/467/167 477/477/168 475/430/168
f 898/469/169 901/852/169 473/434/170
f 447/471/171 750/632/172 753/472/172
f 749/466/173 748/464/174 751/474/174
f 903/467/175 758/479/175 478/476/175
f 904/478/175 757/492/175 758/479/175
f 909/481/157 910/865/157 761/461/157
f 911/483/176 493/847/177 491/418/177
f 905/485/178 904/633/179 909/486/179
f 761/461/180 476/460/150 478/476/150
f 454/488/181 452/866/181 760/489/182
f 756/491/183 759/637/183 762/482/184
f 916/493/99 491/867/99 492/494/99
f 917/496/99 918/868/99 767/497/99
f 914/499/27 763/510/27 764/500/27
f 912/502/27 765/512/27 766/503/27
f 918/505/185 913/640/185 912/506/186
f 769/495/187 492/494/143 494/508/143
f 468/509/188 768/498/189 763/510/189
f 767/497/190 770/642/191 765/512/191
f 919/513/192 922/647/193 923/514/193
f 771/516/194 774/525/195 775/517/195
f 922/519/157 775/517/157 776/441/157
f 921/445/196 489/446/197 487/421/197
f 927/522/198 485/532/199 483/424/199
f 923/524/175 924/869/175 773/439/175
f 932/526/200 483/870/200 484/527/200
f 931/529/200 932/871/200 785/528/200
f 927/522/166 782/534/166 486/531/166
f 928/533/166 781/543/166 782/534/166
f 929/536/201 928/650/202 931/537/202
f 785/528/203 484/527/147 486/531/147
f 462/539/204 460/823/204 784/540/205
f 780/542/206 783/654/206 786/530/207
f 938/544/27 479/872/27 480/545/27
f 937/546/27 938/873/27 789/436/27
f 787/548/208 790/547/209 791/549/209
f 938/551/210 941/859/210 481/428/211
f 457/553/212 940/827/213 935/554/213
f 936/556/214 939/858/214 942/557/215
f 606/559/216 583/603/116 448/560/130
f 605/561/216 584/874/116 583/562/116
f 604/564/217 606/559/216 469/397/129
f 603/566/217 605/561/216 606/563/216
f 602/568/218 604/564/217 467/565/132
f 593/569/149 611/875/149 612/570/149
f 600/572/219 602/568/218 465/400/131
f 599/574/219 601/876/218 602/575/218
f 598/577/220 600/572/219 463/573/134
f 597/578/220 599/574/219 600/576/219
f 596/580/221 598/577/220 461/403/133
f 595/582/221 597/578/220 598/579/220
f 594/584/222 596/580/221 459/581/138
f 587/585/1 609/877/1 607/586/1
f 455/588/140 592/878/223 594/584/222
f 592/589/223 591/594/223 593/590/222
f 590/592/105 592/878/223 455/588/140
f 590/593/105 589/879/105 591/594/223
f 588/595/224 590/592/105 453/412/139
f 587/597/224 589/879/105 590/593/105
f 586/599/225 588/595/224 451/596/142
f 604/600/152 618/616/152 617/601/152
f 583/603/116 586/606/225 449/604/141
f 584/605/116 585/680/225 586/606/225
f 615/607/166 617/621/166 618/608/166
f 611/610/175 613/625/175 614/611/175
f 607/586/27 609/877/27 610/613/27
f 604/600/2 602/624/2 616/615/2
f 588/617/40 610/630/40 609/618/40
f 601/620/1 603/880/1 617/621/1
f 596/622/2 594/571/2 612/570/2
f 601/620/146 615/607/146 616/615/146
f 596/622/144 614/623/144 613/625/144
f 595/626/1 613/625/1 611/610/1
f 585/587/110 607/586/110 608/628/110
f 586/629/2 608/628/2 610/630/2
f 895/631/166 896/881/166 749/466/166
f 905/485/175 756/491/175 757/492/175
f 906/634/175 755/882/175 756/491/175
f 908/636/157 909/883/157 762/482/157
f 907/638/157 908/884/157 759/637/157
f 913/640/27 764/500/27 765/512/27
f 918/641/99 915/885/99 770/642/99
f 915/643/99 916/886/99 769/495/99
f 926/644/175 923/887/175 774/525/175
f 925/645/175 926/888/175 771/516/175
f 919/513/157 778/518/157 775/517/157
f 920/648/157 777/457/157 778/518/157
f 929/536/166 780/542/166 781/543/166
f 930/651/166 779/541/166 780/542/166
f 934/653/200 931/889/200 786/530/200
f 933/655/200 934/890/200 783/654/200
f 936/656/27 937/891/27 790/547/27
f 935/657/27 936/892/27 787/548/27
f 749/466/173 754/475/173 753/472/172
f 752/658/226 751/474/174 748/464/174
f 756/491/183 755/882/182 760/639/182
f 758/479/180 757/492/184 762/482/184
f 764/500/190 763/510/189 768/498/189
f 766/503/187 765/512/191 770/642/191
f 778/518/194 777/457/165 772/646/165
f 776/441/154 775/517/195 774/525/195
f 780/542/206 779/541/205 784/540/205
f 785/528/203 782/534/203 781/543/207
f 794/550/208 793/455/163 788/454/163
f 792/438/153 791/549/209 790/547/209
f 747/463/226 471/817/151 474/659/151
f 806/660/216 795/679/116 584/605/116
f 805/662/227 806/660/216 605/661/216
f 804/664/104 805/662/227 603/663/217
f 803/666/219 804/664/104 601/665/218
f 802/668/220 803/666/219 599/667/219
f 801/670/51 802/668/220 597/669/220
f 800/672/228 801/670/51 595/671/221
f 591/674/223 799/893/223 800/672/228
f 798/675/105 799/893/223 591/674/223
f 797/388/229 798/675/105 589/676/105
f 796/386/230 797/388/229 587/677/224
f 795/679/116 796/894/230 585/680/225
f 315/681/2 316/743/2 833/682/2
f 329/684/2 831/744/2 861/685/2
f 314/687/2 315/681/2 862/683/2
f 328/686/2 861/685/2 859/689/2
f 313/691/2 314/687/2 860/688/2
f 327/690/2 859/689/2 857/693/2
f 312/695/2 313/691/2 858/692/2
f 325/697/2 326/694/2 857/693/2
f 338/699/2 307/726/2 843/700/2
f 311/702/2 312/695/2 856/696/2
f 325/697/2 855/698/2 852/704/2
f 337/706/2 338/699/2 854/701/2
f 310/708/2 311/702/2 853/703/2
f 324/705/2 852/704/2 849/710/2
f 337/706/2 851/707/2 848/712/2
f 309/714/2 310/708/2 850/709/2
f 323/711/2 849/710/2 846/716/2
f 336/713/2 848/712/2 845/718/2
f 308/720/2 309/714/2 847/715/2
f 322/717/2 846/716/2 842/722/2
f 335/719/2 845/718/2 841/724/2
f 308/720/2 844/721/2 843/700/2
f 320/727/2 321/723/2 842/722/2
f 334/725/2 841/724/2 839/729/2
f 319/731/2 320/727/2 840/728/2
f 333/730/2 839/729/2 837/733/2
f 318/735/2 319/731/2 838/732/2
f 332/734/2 837/733/2 835/737/2
f 317/739/2 318/735/2 836/736/2
f 331/738/2 835/737/2 832/741/2
f 316/743/2 317/739/2 834/740/2
f 330/742/2 832/741/2 831/744/2
f 340/745/1 339/808/1 894/746/1
f 341/748/1 340/745/1 863/747/1
f 341/748/1 864/749/1 865/750/1
f 342/751/1 865/750/1 866/752/1
f 343/753/1 866/752/1 867/754/1
f 344/755/1 867/754/1 868/756/1
f 345/757/1 868/756/1 869/758/1
f 346/759/1 869/758/1 870/760/1
f 347/761/1 870/760/1 871/762/1
f 348/763/1 871/762/1 872/764/1
f 349/765/1 872/764/1 873/766/1
f 350/767/1 873/766/1 874/768/1
f 351/769/1 874/768/1 875/770/1
f 352/771/1 875/770/1 876/772/1
f 353/773/1 876/772/1 877/774/1
f 354/775/1 877/774/1 878/776/1
f 355/777/1 878/776/1 879/778/1
f 356/779/1 879/778/1 880/780/1
f 357/781/1 880/780/1 881/782/1
f 359/784/1 358/783/1 881/782/1
f 360/786/1 359/784/1 882/785/1
f 361/788/1 360/786/1 883/787/1
f 362/790/1 361/788/1 884/789/1
f 363/792/1 362/790/1 885/791/1
f 364/794/1 363/792/1 886/793/1
f 365/796/1 364/794/1 887/795/1
f 366/798/1 365/796/1 888/797/1
f 367/800/1 366/798/1 889/799/1
f 368/802/1 367/800/1 890/801/1
f 369/804/1 368/802/1 891/803/1
f 370/806/1 369/804/1 892/805/1
f 339/808/1 370/806/1 893/807/1
f 895/631/166 750/632/166 447/471/166
f 450/473/200 753/472/200 900/810/200
f 454/812/175 755/882/175 906/813/175
f 452/814/157 451/895/157 907/815/157
f 898/816/166 472/896/166 471/817/166
f 470/511/27 763/510/27 914/443/27
f 468/509/99 467/897/99 917/819/99
f 466/458/157 777/457/157 920/820/157
f 464/456/175 463/898/175 925/821/175
f 462/539/166 779/541/166 930/822/166
f 460/823/200 459/899/200 933/824/200
f 456/825/27 455/900/27 935/826/27
f 458/453/99 793/455/99 940/827/99
f 898/828/169 897/901/231 902/829/231
f 908/831/178 907/902/161 906/634/161
f 910/832/167 909/903/179 904/478/179
f 918/833/185 917/904/156 914/499/156
f 916/834/176 915/905/186 912/502/186
f 919/649/192 926/906/192 925/835/136
f 924/836/196 923/907/193 922/519/193
f 934/837/201 933/908/159 930/651/159
f 927/535/198 932/909/198 931/838/202
f 939/839/214 936/910/214 935/840/213
f 941/842/210 938/911/210 937/843/215
f 449/811/232 900/810/233 895/845/233
f 911/483/27 766/503/27 494/508/27
f 900/848/200 753/472/200 754/475/200
f 899/850/200 754/475/200 751/474/200
f 902/829/200 751/474/200 752/658/200
f 901/852/200 752/658/200 474/659/200
f 924/853/175 487/912/175 488/854/175
f 900/848/233 899/849/235 896/855/234
f 897/857/231 896/913/234 899/850/235
f 940/841/99 793/455/99 794/550/99
f 939/858/99 794/550/99 791/549/99
f 942/844/99 791/549/99 792/438/99
f 941/859/99 792/438/99 482/437/99
usemtl SpacialRoverExploreralumBlack
f 138/914/236 162/915/237 134/916/238
f 142/917/239 170/918/240 136/919/241
f 135/920/242 173/921/243 160/922/244
f 141/923/245 170/924/240 166/925/246
f 163/926/247 177/927/248 159/928/247
f 165/929/249 178/930/250 164/931/251
f 166/932/252 176/933/253 165/929/253
f 172/934/254 159/928/255 158/935/256
f 161/936/257 181/937/258 175/938/259
f 160/939/260 167/940/261 179/941/260
f 170/942/262 174/943/263 166/932/264
f 175/938/265 169/944/266 171/945/266
f 161/936/257 179/941/267 180/946/268
f 173/947/269 158/935/256 167/940/261
f 164/931/251 177/927/248 162/948/270
f 171/945/271 168/949/272 170/950/262
f 133/951/273 164/952/274 138/914/236
f 133/951/273 166/925/246 165/953/275
f 137/954/276 172/955/277 131/956/278
f 135/920/242 161/957/279 140/958/280
f 139/959/281 161/957/279 175/960/282
f 142/917/239 175/960/282 171/961/283
f 131/956/278 173/921/243 132/962/284
f 137/954/276 162/915/237 163/963/285
f 138/914/236 164/952/274 162/915/237
f 142/917/239 171/961/283 170/918/240
f 135/920/242 132/962/284 173/921/243
f 141/923/245 136/964/241 170/924/240
f 163/926/247 162/948/270 177/927/248
f 165/929/249 176/933/249 178/930/250
f 166/932/264 174/943/263 176/933/253
f 172/934/254 163/926/255 159/928/255
f 161/936/257 180/946/268 181/937/258
f 160/939/260 173/947/269 167/940/261
f 170/942/262 168/965/272 174/943/263
f 175/938/259 181/937/258 169/944/266
f 161/936/257 160/939/267 179/941/267
f 173/947/269 172/934/254 158/935/256
f 164/931/251 178/930/250 177/927/248
f 171/945/271 169/944/271 168/949/272
f 133/951/273 165/953/275 164/952/274
f 133/951/273 141/923/245 166/925/246
f 137/954/276 163/963/285 172/955/277
f 135/920/242 160/922/244 161/957/279
f 139/959/281 140/958/280 161/957/279
f 142/917/239 139/959/281 175/960/282
f 131/956/278 172/955/277 173/921/243
f 137/954/276 134/916/238 162/915/237
usemtl SpacialRoverExploreralumGrayDeep
f 192/966/45 20/967/98 22/968/98
f 22/969/1 23/970/1 73/971/1
f 23/972/97 14/973/100 16/974/100
f 23/970/1 68/975/1 67/976/1
f 13/977/2 93/978/2 107/979/2
f 20/980/2 188/981/2 78/982/2
f 14/983/100 18/984/101 16/985/100
f 15/986/48 17/987/109 18/984/48
f 23/972/97 21/988/34 19/989/97
f 24/990/96 20/967/98 21/988/96
f 186/991/112 189/992/108 191/993/108
f 17/994/1 185/995/1 60/996/1
f 18/997/1 64/998/1 16/999/1
f 18/997/1 63/1000/1 65/1001/1
f 186/991/112 184/1002/113 182/1003/112
f 187/1004/26 183/1005/111 184/1002/26
f 192/966/45 190/1006/102 188/1007/45
f 193/1008/107 189/992/108 190/1006/107
f 183/1005/111 17/987/109 13/1009/109
f 14/1010/2 95/1011/2 97/1012/2
f 14/1010/2 93/978/2 15/1013/2
f 96/1014/2 19/1015/2 21/1016/2
f 20/980/2 98/1017/2 99/1018/2
f 190/1019/2 106/1020/2 105/1021/2
f 190/1019/2 102/1022/2 188/981/2
f 184/1023/2 84/1024/2 86/1025/2
f 192/1026/1 51/1027/1 50/1028/1
f 192/1026/1 47/1029/1 193/1030/1
f 47/1029/1 191/1031/1 193/1030/1
f 71/1032/1 187/1033/1 186/1034/1
f 191/1031/1 43/1035/1 42/1036/286
f 70/1037/1 187/1033/1 71/1032/1
f 192/966/45 188/1007/45 20/967/98
f 74/1038/1 56/1039/1 22/969/1
f 22/969/1 24/1040/1 23/970/1
f 23/970/1 72/1041/1 73/971/1
f 73/971/1 74/1038/1 22/969/1
f 23/972/97 19/989/97 14/973/100
f 66/1042/1 72/1041/1 23/970/1
f 23/970/1 16/999/1 64/998/1
f 23/970/1 64/998/1 68/975/1
f 67/976/1 66/1042/1 23/970/1
f 104/1043/2 103/1044/2 13/977/2
f 13/977/2 15/1013/2 93/978/2
f 107/979/2 104/1043/2 13/977/2
f 76/1045/2 75/1046/2 20/980/2
f 188/981/2 102/1022/2 101/1047/2
f 188/981/2 101/1047/2 100/1048/2
f 79/1049/2 76/1045/2 20/980/2
f 77/1050/2 79/1049/2 20/980/2
f 188/981/2 100/1048/2 78/982/2
f 78/982/2 77/1050/2 20/980/2
f 14/983/100 15/986/101 18/984/101
f 15/986/48 13/1009/109 17/987/109
f 23/972/97 24/990/34 21/988/34
f 24/990/96 22/968/98 20/967/98
f 186/991/112 182/1003/112 189/992/108
f 61/1051/1 63/1000/1 17/994/1
f 185/995/1 70/1037/1 69/1052/1
f 185/995/1 69/1052/1 62/1053/1
f 59/1054/1 61/1051/1 17/994/1
f 58/1055/1 59/1054/1 17/994/1
f 185/995/1 62/1053/1 60/996/1
f 60/996/1 58/1055/1 17/994/1
f 65/1001/1 64/998/1 18/997/1
f 18/997/1 17/994/1 63/1000/1
f 186/991/112 187/1004/113 184/1002/113
f 187/1004/26 185/1056/111 183/1005/111
f 192/966/45 193/1008/102 190/1006/102
f 193/1008/107 191/993/108 189/992/108
f 183/1005/111 185/1056/111 17/987/109
f 94/1057/2 93/978/2 14/1010/2
f 14/1010/2 19/1015/2 96/1014/2
f 14/1010/2 96/1014/2 95/1011/2
f 97/1012/2 94/1057/2 14/1010/2
f 96/1014/2 21/1016/2 20/980/2
f 20/980/2 75/1046/2 98/1017/2
f 99/1018/2 96/1014/2 20/980/2
f 105/1021/2 102/1022/2 190/1019/2
f 190/1019/2 189/1058/2 106/1020/2
f 91/1059/2 106/1020/2 189/1058/2
f 189/1058/2 182/1060/2 184/1023/2
f 184/1023/2 183/1061/2 13/977/2
f 13/977/2 103/1044/2 85/1062/2
f 13/977/2 85/1062/2 83/1063/2
f 91/1059/2 189/1058/2 184/1023/2
f 90/1064/2 91/1059/2 184/1023/2
f 13/977/2 83/1063/2 81/1065/2
f 13/977/2 81/1065/2 80/1066/2
f 92/1067/2 90/1064/2 184/1023/2
f 88/1068/2 92/1067/2 184/1023/2
f 184/1023/2 13/977/2 80/1066/2
f 184/1023/2 80/1066/2 82/1069/2
f 89/1070/2 88/1068/2 184/1023/2
f 87/1071/2 89/1070/2 184/1023/2
f 184/1023/2 82/1069/2 84/1024/2
f 86/1025/2 87/1071/2 184/1023/2
f 46/1072/1 47/1029/1 192/1026/1
f 22/969/1 56/1039/1 53/1073/1
f 22/969/1 53/1073/1 48/1074/1
f 57/1075/1 46/1072/1 192/1026/1
f 49/1076/1 57/1075/1 192/1026/1
f 22/969/1 48/1074/1 54/1077/1
f 22/969/1 54/1077/1 51/1027/1
f 55/1078/1 49/1076/1 192/1026/1
f 52/1079/1 55/1078/1 192/1026/1
f 192/1026/1 22/969/1 51/1027/1
f 50/1028/1 52/1079/1 192/1026/1
f 71/1032/1 186/1034/1 191/1031/1
f 191/1031/1 47/1029/1 45/1080/1
f 191/1031/1 45/1080/1 44/1081/1
f 42/1036/286 71/1032/1 191/1031/1
f 191/1031/1 44/1081/1 43/1035/1
f 70/1037/1 185/995/1 187/1033/1
f 442/1082/230 513/1083/116 441/1084/116
f 470/399/129 495/1085/116 506/1086/216
f 505/1087/227 470/399/129 506/1086/216
f 466/402/131 505/1087/227 504/1088/104
f 464/404/134 504/1088/104 503/1089/219
f 462/405/133 503/1089/219 502/1090/220
f 460/410/138 502/1090/220 501/1091/51
f 458/411/137 501/1091/51 500/1092/228
f 499/1093/223 458/411/137 500/1092/228
f 498/1094/105 456/413/140 499/1093/223
f 452/416/142 498/1094/105 497/1095/229
f 450/417/141 497/1095/229 496/1096/230
f 447/398/130 496/1097/230 495/1085/116
f 435/1098/2 496/1099/2 436/1100/2
f 436/1100/2 497/1101/2 437/1102/2
f 437/1102/2 498/1103/2 438/1104/2
f 439/1105/2 498/1103/2 499/1106/2
f 439/1105/2 500/1107/2 440/1108/2
f 441/1109/2 500/1107/2 501/1110/2
f 441/1109/2 502/1111/2 442/1112/2
f 443/1113/2 502/1111/2 503/1114/2
f 443/1113/2 504/1115/2 444/1116/2
f 444/1116/2 505/1117/2 445/1118/2
f 445/1118/2 506/1119/2 446/1120/2
f 435/1098/2 506/1119/2 495/1121/2
f 510/1122/2 514/1123/2 518/1124/2
f 439/1125/227 510/1126/104 438/1127/104
f 446/1128/228 517/1129/223 445/1130/223
f 436/1131/220 507/1132/51 435/1133/51
f 443/1134/229 514/1135/230 442/1082/230
f 439/1125/227 512/1136/216 511/1137/227
f 435/1133/51 518/1138/228 446/1128/228
f 437/1139/219 508/1140/220 436/1141/220
f 444/1142/105 515/1143/229 443/1134/229
f 441/1084/116 512/1136/216 440/1144/216
f 438/1127/104 509/1145/219 437/1139/219
f 445/1130/223 516/1146/105 444/1142/105
f 808/1147/116 820/1148/230 809/1149/116
f 807/1150/230 821/387/229 820/860/230
f 810/1151/229 822/1152/105 821/387/229
f 811/1153/105 823/1154/223 822/1152/105
f 823/1154/223 813/1155/228 824/1156/228
f 813/1155/228 825/1157/51 824/1156/228
f 814/1158/51 826/1159/220 825/1157/51
f 815/1160/220 827/1161/219 826/1159/220
f 816/1162/219 828/1163/104 827/1161/219
f 817/1164/104 829/1165/227 828/1163/104
f 818/1166/1 814/1167/1 810/1151/1
f 818/1168/227 830/1169/216 829/1165/227
f 819/1170/216 809/1149/116 830/1169/216
f 442/1082/230 514/1135/230 513/1083/116
f 470/399/129 447/398/130 495/1085/116
f 505/1087/227 468/401/132 470/399/129
f 466/402/131 468/401/132 505/1087/227
f 464/404/134 466/402/131 504/1088/104
f 462/405/133 464/404/134 503/1089/219
f 460/410/138 462/405/133 502/1090/220
f 458/411/137 460/410/138 501/1091/51
f 499/1093/223 456/413/140 458/411/137
f 498/1094/105 454/414/139 456/413/140
f 452/416/142 454/414/139 498/1094/105
f 450/417/141 452/416/142 497/1095/229
f 447/398/130 450/1171/141 496/1097/230
f 435/1098/2 495/1121/2 496/1099/2
f 436/1100/2 496/1099/2 497/1101/2
f 437/1102/2 497/1101/2 498/1103/2
f 439/1105/2 438/1104/2 498/1103/2
f 439/1105/2 499/1106/2 500/1107/2
f 441/1109/2 440/1108/2 500/1107/2
f 441/1109/2 501/1110/2 502/1111/2
f 443/1113/2 442/1112/2 502/1111/2
f 443/1113/2 503/1114/2 504/1115/2
f 444/1116/2 504/1115/2 505/1117/2
f 445/1118/2 505/1117/2 506/1119/2
f 435/1098/2 446/1120/2 506/1119/2
f 518/1124/2 507/1172/2 508/1173/2
f 508/1173/2 509/1174/2 510/1122/2
f 510/1122/2 511/1175/2 512/1176/2
f 512/1176/2 513/1177/2 514/1123/2
f 514/1123/2 515/1178/2 516/1179/2
f 516/1179/2 517/1180/2 518/1124/2
f 518/1124/2 508/1173/2 510/1122/2
f 510/1122/2 512/1176/2 514/1123/2
f 514/1123/2 516/1179/2 518/1124/2
f 439/1125/227 511/1137/227 510/1126/104
f 446/1128/228 518/1138/228 517/1129/223
f 436/1131/220 508/1181/220 507/1132/51
f 443/1134/229 515/1143/229 514/1135/230
f 439/1125/227 440/1144/216 512/1136/216
f 435/1133/51 507/1132/51 518/1138/228
f 437/1139/219 509/1145/219 508/1140/220
f 444/1142/105 516/1146/105 515/1143/229
f 441/1084/116 513/1083/116 512/1136/216
f 438/1127/104 510/1126/104 509/1145/219
f 445/1130/223 517/1129/223 516/1146/105
f 808/1147/116 807/1182/230 820/1148/230
f 807/1150/230 810/1151/229 821/387/229
f 810/1151/229 811/1153/105 822/1152/105
f 811/1153/105 812/1183/223 823/1154/223
f 823/1154/223 812/1183/223 813/1155/228
f 813/1155/228 814/1158/51 825/1157/51
f 814/1158/51 815/1160/220 826/1159/220
f 815/1160/220 816/1162/219 827/1161/219
f 816/1162/219 817/1164/104 828/1163/104
f 817/1164/104 818/1168/227 829/1165/227
f 810/1151/1 807/1150/1 808/1184/1
f 808/1184/1 819/1185/1 818/1166/1
f 818/1166/1 817/1186/1 816/1187/1
f 816/1187/1 815/1188/1 814/1167/1
f 814/1167/1 813/1189/1 812/1190/1
f 812/1190/1 811/1191/1 810/1151/1
f 810/1151/1 808/1184/1 818/1166/1
f 818/1166/1 816/1187/1 814/1167/1
f 814/1167/1 812/1190/1 810/1151/1
f 818/1168/227 819/1170/216 830/1169/216
f 819/1170/216 808/1147/116 809/1149/116
usemtl SpacialRoverExplorerwheels
f 894/1192/1 402/1193/287 372/1194/288
f 893/1195/1 401/1196/289 402/1193/287
f 892/1197/1 400/1198/290 401/1196/289
f 891/1199/1 399/1200/291 400/1198/290
f 890/1201/1 398/1202/292 399/1200/291
f 889/1203/1 397/1204/293 398/1202/292
f 888/1205/1 396/1206/294 397/1204/293
f 887/1207/1 395/1208/294 396/1206/294
f 886/1209/1 394/1210/295 395/1208/294
f 885/1211/1 393/1212/296 394/1210/295
f 884/1213/1 392/1214/297 393/1212/296
f 883/1215/1 391/1216/298 392/1214/297
f 882/1217/1 390/1218/299 391/1219/298
f 880/1220/1 390/1218/299 881/1221/1
f 879/1222/1 389/1223/299 880/1220/1
f 878/1224/1 388/1225/300 879/1222/1
f 877/1226/1 387/1227/300 878/1224/1
f 876/1228/1 386/1229/301 877/1226/1
f 875/1230/1 385/1231/301 876/1228/1
f 874/1232/1 384/1233/302 875/1230/1
f 873/1234/1 383/1235/302 874/1232/1
f 872/1236/1 382/1237/303 873/1234/1
f 871/1238/1 381/1239/304 872/1236/1
f 870/1240/1 380/1241/305 871/1238/1
f 869/1242/1 379/1243/306 870/1240/1
f 868/1244/1 378/1245/307 869/1242/1
f 867/1246/1 377/1247/308 868/1244/1
f 866/1248/1 376/1249/309 867/1246/1
f 865/1250/1 375/1251/309 866/1252/1
f 865/1250/1 373/1253/310 374/1254/310
f 864/1255/1 371/1256/288 373/1253/310
f 863/1257/1 372/1194/288 371/1256/288
f 832/1258/2 425/1259/311 831/1260/2
f 833/1261/2 413/1262/312 412/1263/313
f 835/1264/2 426/1265/311 832/1258/2
f 834/1266/2 414/1267/314 413/1262/312
f 837/1268/2 427/1269/315 835/1264/2
f 836/1270/2 415/1271/316 414/1267/314
f 839/1272/2 428/1273/315 837/1268/2
f 838/1274/2 416/1275/317 415/1271/316
f 841/1276/2 429/1277/318 839/1272/2
f 840/1278/2 417/1279/319 416/1275/317
f 844/1280/2 403/1281/320 843/1282/2
f 845/1283/2 430/1284/321 841/1276/2
f 842/1285/2 418/1286/319 417/1279/319
f 847/1287/2 404/1288/320 844/1280/2
f 848/1289/2 431/1290/322 845/1283/2
f 849/1291/2 418/1286/319 846/1292/2
f 850/1293/2 405/1294/323 847/1287/2
f 851/1295/2 432/1296/324 848/1289/2
f 852/1297/2 419/1298/325 849/1291/2
f 853/1299/2 406/1300/323 850/1293/2
f 854/1301/2 433/1302/326 851/1295/2
f 855/1303/2 420/1304/327 852/1297/2
f 853/1305/2 408/1306/328 407/1307/328
f 843/1282/2 434/1308/329 854/1301/2
f 857/1309/2 421/1310/330 855/1303/2
f 856/1311/2 409/1312/331 408/1306/328
f 859/1313/2 422/1314/330 857/1309/2
f 858/1315/2 410/1316/332 409/1312/331
f 861/1317/2 423/1318/333 859/1319/2
f 860/1320/2 411/1321/334 410/1316/332
f 831/1260/2 424/1322/333 861/1317/2
f 862/1323/2 412/1263/313 411/1321/334
f 520/1324/335 429/1277/336 522/1325/337
f 524/1326/338 433/1302/339 526/1327/340
f 526/1327/341 718/1328/342 525/1329/343
f 530/1330/344 431/1290/345 528/1331/346
f 577/1332/347 620/1333/348 744/1334/349
f 525/1329/343 619/1335/350 401/1196/351
f 392/1214/297 629/1336/352 630/1337/353
f 576/1338/354 743/1339/355 711/1340/354
f 433/1302/326 681/1341/356 682/1342/356
f 544/1343/357 423/1344/358 538/1345/359
f 540/1346/360 425/1259/361 534/1347/362
f 536/1348/363 427/1269/364 532/1349/365
f 524/1326/366 717/1350/367 685/1351/368
f 575/1352/355 648/1353/369 743/1339/355
f 418/1286/370 546/1354/371 552/1355/372
f 420/1304/373 542/1356/374 548/1357/375
f 523/1358/376 622/1359/377 717/1350/367
f 394/1210/295 627/1360/378 628/1361/378
f 414/1267/379 554/1362/380 560/1363/381
f 416/1275/382 550/1364/383 556/1365/384
f 574/1366/385 742/1367/386 573/1368/387
f 431/1290/322 679/1369/388 680/1370/388
f 522/1325/389 716/1371/390 521/1372/391
f 573/1368/387 647/1373/392 373/1253/392
f 406/1300/393 570/1374/394 576/1338/395
f 408/1306/396 566/1375/397 572/1376/398
f 410/1316/399 562/1377/400 568/1378/401
f 412/1263/402 558/1379/403 564/1380/404
f 578/1381/405 403/1281/406 580/1382/407
f 521/1372/391 623/1383/408 397/1204/409
f 582/1384/410 405/1294/411 574/1366/412
f 396/1206/294 625/1385/413 626/1386/413
f 572/1376/414 741/1387/415 709/1388/416
f 429/1277/318 677/1389/417 678/1390/417
f 371/1256/418 573/1368/419 373/1253/418
f 581/1391/420 574/1366/412 573/1368/419
f 520/1324/421 715/1392/422 683/1393/423
f 571/1394/424 646/1395/425 741/1387/415
f 402/1193/426 579/1396/427 372/1194/426
f 577/1332/428 580/1382/407 579/1396/427
f 563/1397/429 381/1239/430 380/1241/430
f 564/1380/404 557/1398/431 563/1397/429
f 567/1399/432 379/1243/433 378/1245/433
f 568/1378/401 561/1400/434 567/1399/432
f 571/1394/435 377/1247/436 376/1249/436
f 572/1376/398 565/1401/437 571/1394/435
f 575/1352/438 375/1251/439 374/1254/439
f 576/1338/395 569/1402/440 575/1352/438
f 519/1403/441 626/1386/442 715/1392/422
f 398/1202/292 623/1383/443 624/1404/443
f 570/1405/444 740/1406/445 569/1407/446
f 427/1269/315 675/1408/447 676/1409/447
f 582/1384/448 651/1410/449 404/1288/450
f 569/1407/446 645/1411/451 375/1412/452
f 580/1382/453 652/1413/454 713/1414/453
f 400/1198/290 621/1415/455 622/1359/455
f 555/1416/456 385/1231/457 384/1233/457
f 556/1365/384 549/1417/458 555/1416/456
f 559/1418/459 383/1235/460 382/1237/460
f 560/1363/381 553/1419/461 559/1418/459
f 568/1378/462 739/1420/463 707/1421/462
f 425/1259/311 673/1422/464 674/1423/464
f 578/1381/465 681/1341/466 434/1308/467
f 567/1399/468 644/1424/469 739/1420/463
f 547/1425/470 389/1223/471 388/1225/471
f 548/1357/375 541/1426/472 547/1425/470
f 551/1427/473 387/1227/474 386/1229/474
f 552/1355/372 545/1428/475 551/1427/473
f 576/1338/354 653/1429/476 406/1300/476
f 402/1193/287 619/1335/477 620/1333/477
f 566/1375/478 738/1430/479 565/1401/480
f 423/1318/333 671/1431/481 672/1432/481
f 394/1210/482 531/1433/483 395/1208/482
f 535/1434/484 532/1349/365 531/1433/483
f 392/1214/485 533/1435/486 393/1212/485
f 539/1436/487 534/1347/362 533/1435/486
f 390/1218/488 537/1437/489 391/1219/488
f 543/1438/490 538/1345/359 537/1437/489
f 574/1366/385 654/1439/491 710/1440/385
f 565/1401/480 643/1441/492 377/1247/493
f 572/1376/414 655/1442/494 408/1306/495
f 564/1380/496 737/1443/497 705/1444/498
f 421/1310/330 669/1445/499 670/1446/499
f 570/1405/444 656/1447/500 708/1448/444
f 563/1397/501 642/1449/502 737/1443/497
f 568/1378/462 657/1450/503 410/1316/504
f 562/1377/505 736/1451/506 561/1400/507
f 420/1304/327 668/1452/508 419/1298/325
f 398/1202/509 527/1453/510 399/1200/509
f 529/1454/511 528/1331/346 527/1453/510
f 566/1375/478 658/1455/512 706/1456/478
f 561/1400/507 641/1457/513 379/1243/514
f 400/1198/515 525/1329/516 401/1196/515
f 523/1358/517 526/1327/340 525/1329/516
f 396/1206/518 521/1372/519 397/1204/518
f 519/1403/520 522/1325/337 521/1372/519
f 687/1458/521 679/1369/522 685/1351/523
f 684/1459/524 677/1389/525 688/1460/526
f 689/1461/527 675/1408/528 683/1393/529
f 690/1462/530 673/1422/531 691/1463/532
f 692/1464/533 671/1431/534 693/1465/535
f 694/1466/536 669/1445/537 695/1467/536
f 668/1452/538 697/1468/539 696/1469/540
f 666/1470/541 699/1471/542 698/1472/543
f 664/1473/544 701/1474/545 700/1475/546
f 662/1476/547 703/1477/548 702/1478/549
f 660/1479/550 705/1444/551 704/1480/552
f 658/1455/553 707/1421/554 706/1456/555
f 656/1447/556 709/1388/557 708/1448/558
f 654/1439/559 711/1340/560 710/1440/560
f 713/1414/561 651/1410/562 714/1481/563
f 686/1482/564 681/1341/565 712/1483/566
f 619/1335/567 744/1334/568 620/1333/567
f 718/1328/569 712/1483/566 744/1334/568
f 649/1484/570 746/1485/571 650/1486/570
f 745/1487/572 714/1481/563 746/1485/571
f 742/1367/573 648/1353/574 647/1373/574
f 710/1440/560 743/1339/573 742/1367/573
f 740/1406/575 646/1395/576 645/1411/576
f 708/1448/558 741/1387/577 740/1406/575
f 738/1430/578 644/1424/579 643/1441/579
f 706/1456/555 739/1420/580 738/1430/578
f 736/1451/581 642/1449/582 641/1457/582
f 704/1480/552 737/1443/583 736/1451/581
f 734/1488/584 640/1489/585 639/1490/585
f 702/1478/549 735/1491/586 734/1488/584
f 732/1492/587 638/1493/588 637/1494/588
f 700/1475/546 733/1495/589 732/1492/587
f 730/1496/590 636/1497/591 635/1498/591
f 698/1472/543 731/1499/592 730/1496/590
f 728/1500/593 634/1501/594 633/1502/594
f 696/1469/540 729/1503/595 728/1500/593
f 631/1504/596 727/1505/597 632/1506/596
f 694/1466/536 727/1505/597 726/1507/597
f 629/1336/598 725/1508/599 630/1337/598
f 724/1509/600 693/1465/535 725/1508/599
f 627/1360/601 723/1510/602 628/1361/601
f 722/1511/603 691/1463/532 723/1510/602
f 625/1385/604 715/1392/605 626/1386/604
f 721/1512/606 683/1393/529 715/1392/605
f 623/1383/607 720/1513/608 624/1404/607
f 716/1371/609 688/1460/526 720/1513/608
f 621/1415/610 717/1350/611 622/1359/610
f 719/1514/612 685/1351/523 717/1350/611
f 578/1381/465 744/1334/349 712/1483/465
f 389/1223/299 632/1506/613 390/1218/299
f 527/1453/614 621/1415/615 399/1200/616
f 579/1396/617 649/1484/618 372/1194/619
f 528/1331/620 719/1514/621 527/1453/614
f 580/1382/453 745/1487/622 579/1396/617
f 387/1227/300 634/1501/623 388/1225/300
f 529/1454/624 624/1404/625 720/1513/626
f 581/1391/627 650/1486/628 746/1485/629
f 530/1330/630 720/1513/626 688/1460/630
f 582/1384/448 746/1485/629 714/1481/631
f 385/1231/301 636/1497/632 386/1229/301
f 531/1433/633 625/1385/634 395/1208/635
f 532/1349/636 721/1512/637 531/1433/633
f 383/1235/302 638/1493/638 384/1233/302
f 533/1435/639 627/1360/640 393/1212/641
f 534/1347/642 722/1511/643 533/1435/639
f 381/1239/304 640/1489/644 382/1237/303
f 535/1434/645 628/1361/646 723/1510/647
f 536/1348/648 723/1510/647 691/1463/648
f 379/1243/306 642/1449/649 380/1241/305
f 537/1515/650 629/1336/651 391/1216/652
f 538/1516/653 724/1509/654 537/1515/650
f 520/1324/421 675/1408/655 428/1273/656
f 377/1247/308 644/1424/657 378/1245/307
f 539/1436/658 630/1337/659 725/1508/660
f 522/1325/389 678/1390/661 684/1459/662
f 540/1346/663 725/1508/660 693/1465/664
f 524/1326/366 679/1369/665 432/1296/666
f 375/1412/309 646/1395/667 376/1249/309
f 541/1426/668 631/1504/669 389/1223/670
f 526/1327/341 682/1342/671 686/1482/672
f 542/1356/673 726/1507/668 541/1426/668
f 528/1331/620 680/1370/674 687/1458/675
f 374/1254/310 647/1373/676 648/1353/676
f 543/1438/677 632/1506/678 727/1505/679
f 530/1330/630 677/1389/680 430/1284/681
f 544/1343/682 727/1505/679 695/1467/682
f 532/1349/636 676/1409/683 689/1461/636
f 371/1256/288 649/1484/684 650/1486/684
f 545/1428/685 633/1502/686 387/1227/687
f 534/1347/642 674/1423/688 690/1462/689
f 403/1281/320 651/1410/690 652/1413/690
f 546/1354/691 728/1500/692 545/1428/685
f 536/1348/648 673/1422/693 426/1265/694
f 547/1425/695 634/1501/696 729/1503/697
f 538/1516/653 672/1432/698 692/1464/653
f 406/1300/323 654/1439/699 405/1294/323
f 548/1357/700 729/1503/697 697/1468/701
f 540/1346/663 671/1431/702 424/1322/703
f 549/1417/704 635/1498/705 385/1231/706
f 542/1356/673 670/1446/707 694/1466/708
f 408/1306/328 656/1447/709 407/1307/328
f 550/1364/710 730/1496/711 549/1417/704
f 544/1343/682 669/1445/712 422/1314/713
f 551/1427/714 636/1497/715 731/1499/716
f 546/1354/691 668/1452/717 696/1469/691
f 410/1316/332 658/1455/718 409/1312/331
f 552/1355/719 731/1499/716 699/1471/719
f 548/1357/700 667/1517/720 420/1304/721
f 553/1419/722 637/1494/723 383/1235/724
f 550/1364/710 666/1470/725 698/1472/710
f 412/1263/313 660/1479/726 411/1321/334
f 554/1362/727 732/1492/728 553/1419/722
f 552/1355/719 665/1518/729 418/1286/730
f 555/1416/731 638/1493/732 733/1495/733
f 554/1362/727 664/1473/734 700/1475/735
f 414/1267/314 662/1476/736 413/1262/312
f 556/1365/737 733/1495/733 701/1474/738
f 556/1365/737 663/1519/739 416/1275/740
f 557/1398/741 639/1490/742 381/1239/743
f 558/1379/744 662/1476/745 702/1478/746
f 416/1275/317 664/1473/747 415/1271/316
f 558/1379/744 734/1488/748 557/1398/741
f 560/1363/749 661/1520/750 414/1267/751
f 559/1418/752 640/1489/753 735/1491/754
f 562/1377/505 660/1479/755 704/1480/505
f 418/1286/319 666/1470/756 417/1279/319
f 560/1363/749 735/1491/754 703/1477/757
f 564/1380/496 659/1521/758 412/1263/759
f 894/1192/1 893/1195/1 402/1193/287
f 893/1195/1 892/1197/1 401/1196/289
f 892/1197/1 891/1199/1 400/1198/290
f 891/1199/1 890/1201/1 399/1200/291
f 890/1201/1 889/1203/1 398/1202/292
f 889/1203/1 888/1205/1 397/1204/293
f 888/1205/1 887/1207/1 396/1206/294
f 887/1207/1 886/1209/1 395/1208/294
f 886/1209/1 885/1211/1 394/1210/295
f 885/1211/1 884/1213/1 393/1212/296
f 884/1213/1 883/1215/1 392/1214/297
f 883/1215/1 882/1522/1 391/1216/298
f 882/1217/1 881/1221/1 390/1218/299
f 880/1220/1 389/1223/299 390/1218/299
f 879/1222/1 388/1225/300 389/1223/299
f 878/1224/1 387/1227/300 388/1225/300
f 877/1226/1 386/1229/301 387/1227/300
f 876/1228/1 385/1231/301 386/1229/301
f 875/1230/1 384/1233/302 385/1231/301
f 874/1232/1 383/1235/302 384/1233/302
f 873/1234/1 382/1237/303 383/1235/302
f 872/1236/1 381/1239/304 382/1237/303
f 871/1238/1 380/1241/305 381/1239/304
f 870/1240/1 379/1243/306 380/1241/305
f 869/1242/1 378/1245/307 379/1243/306
f 868/1244/1 377/1247/308 378/1245/307
f 867/1246/1 376/1249/309 377/1247/308
f 866/1248/1 375/1412/309 376/1249/309
f 865/1250/1 374/1254/310 375/1251/309
f 865/1250/1 864/1255/1 373/1253/310
f 864/1255/1 863/1257/1 371/1256/288
f 863/1257/1 894/1192/1 372/1194/288
f 832/1258/2 426/1265/311 425/1259/311
f 833/1261/2 834/1266/2 413/1262/312
f 835/1264/2 427/1269/315 426/1265/311
f 834/1266/2 836/1270/2 414/1267/314
f 837/1268/2 428/1273/315 427/1269/315
f 836/1270/2 838/1274/2 415/1271/316
f 839/1272/2 429/1277/318 428/1273/315
f 838/1274/2 840/1278/2 416/1275/317
f 841/1276/2 430/1284/321 429/1277/318
f 840/1278/2 842/1285/2 417/1279/319
f 844/1280/2 404/1288/320 403/1281/320
f 845/1283/2 431/1290/322 430/1284/321
f 842/1285/2 846/1292/2 418/1286/319
f 847/1287/2 405/1294/323 404/1288/320
f 848/1289/2 432/1296/324 431/1290/322
f 849/1291/2 419/1298/325 418/1286/319
f 850/1293/2 406/1300/323 405/1294/323
f 851/1295/2 433/1302/326 432/1296/324
f 852/1297/2 420/1304/327 419/1298/325
f 853/1299/2 407/1523/328 406/1300/323
f 854/1301/2 434/1308/329 433/1302/326
f 855/1303/2 421/1310/330 420/1304/327
f 853/1305/2 856/1311/2 408/1306/328
f 843/1282/2 403/1281/320 434/1308/329
f 857/1309/2 422/1314/330 421/1310/330
f 856/1311/2 858/1315/2 409/1312/331
f 859/1313/2 423/1344/333 422/1314/330
f 858/1315/2 860/1320/2 410/1316/332
f 861/1317/2 424/1322/333 423/1318/333
f 860/1320/2 862/1323/2 411/1321/334
f 831/1260/2 425/1259/311 424/1322/333
f 862/1323/2 833/1261/2 412/1263/313
f 520/1324/335 428/1273/336 429/1277/336
f 524/1326/338 432/1296/339 433/1302/339
f 526/1327/341 686/1482/672 718/1328/342
f 530/1330/344 430/1284/345 431/1290/345
f 577/1332/347 402/1193/760 620/1333/348
f 525/1329/343 718/1328/342 619/1335/350
f 392/1214/297 391/1216/298 629/1336/352
f 576/1338/354 575/1352/355 743/1339/355
f 433/1302/326 434/1308/329 681/1341/356
f 544/1343/357 422/1314/358 423/1344/358
f 540/1346/360 424/1322/361 425/1259/361
f 536/1348/363 426/1265/364 427/1269/364
f 524/1326/366 523/1358/376 717/1350/367
f 575/1352/355 374/1254/761 648/1353/369
f 418/1286/370 419/1298/370 546/1354/371
f 420/1304/373 421/1310/373 542/1356/374
f 523/1358/376 400/1198/762 622/1359/377
f 394/1210/295 393/1212/296 627/1360/378
f 414/1267/379 415/1271/379 554/1362/380
f 416/1275/382 417/1279/382 550/1364/383
f 574/1366/385 710/1440/385 742/1367/386
f 431/1290/322 432/1296/324 679/1369/388
f 522/1325/389 684/1459/662 716/1371/390
f 573/1368/387 742/1367/386 647/1373/392
f 406/1300/393 407/1523/393 570/1374/394
f 408/1306/396 409/1312/396 566/1375/397
f 410/1316/399 411/1321/399 562/1377/400
f 412/1263/402 413/1262/402 558/1379/403
f 578/1381/405 434/1308/406 403/1281/406
f 521/1372/391 716/1371/390 623/1383/408
f 582/1384/410 404/1288/411 405/1294/411
f 396/1206/294 395/1208/294 625/1385/413
f 572/1376/414 571/1394/424 741/1387/415
f 429/1277/318 430/1284/321 677/1389/417
f 371/1256/418 581/1391/420 573/1368/419
f 581/1391/420 582/1384/410 574/1366/412
f 520/1324/421 519/1403/441 715/1392/422
f 571/1394/424 376/1249/763 646/1395/425
f 402/1193/426 577/1332/428 579/1396/427
f 577/1332/428 578/1381/405 580/1382/407
f 563/1397/429 557/1398/431 381/1239/430
f 564/1380/404 558/1379/403 557/1398/431
f 567/1399/432 561/1400/434 379/1243/433
f 568/1378/401 562/1377/400 561/1400/434
f 571/1394/435 565/1401/437 377/1247/436
f 572/1376/398 566/1375/397 565/1401/437
f 575/1352/438 569/1402/440 375/1251/439
f 576/1338/395 570/1374/394 569/1402/440
f 519/1403/441 396/1206/764 626/1386/442
f 398/1202/292 397/1204/293 623/1383/443
f 570/1405/444 708/1448/444 740/1406/445
f 427/1269/315 428/1273/315 675/1408/447
f 582/1384/448 714/1481/631 651/1410/449
f 569/1407/446 740/1406/445 645/1411/451
f 580/1382/453 403/1281/765 652/1413/454
f 400/1198/290 399/1200/291 621/1415/455
f 555/1416/456 549/1417/458 385/1231/457
f 556/1365/384 550/1364/383 549/1417/458
f 559/1418/459 553/1419/461 383/1235/460
f 560/1363/381 554/1362/380 553/1419/461
f 568/1378/462 567/1399/468 739/1420/463
f 425/1259/311 426/1265/311 673/1422/464
f 578/1381/465 712/1483/465 681/1341/466
f 567/1399/468 378/1245/766 644/1424/469
f 547/1425/470 541/1426/472 389/1223/471
f 548/1357/375 542/1356/374 541/1426/472
f 551/1427/473 545/1428/475 387/1227/474
f 552/1355/372 546/1354/371 545/1428/475
f 576/1338/354 711/1340/354 653/1429/476
f 402/1193/287 401/1196/289 619/1335/477
f 566/1375/478 706/1456/478 738/1430/479
f 423/1318/333 424/1322/333 671/1431/481
f 394/1210/482 535/1434/484 531/1433/483
f 535/1434/484 536/1348/363 532/1349/365
f 392/1214/485 539/1436/487 533/1435/486
f 539/1436/487 540/1346/360 534/1347/362
f 390/1218/488 543/1438/490 537/1437/489
f 543/1438/490 544/1343/357 538/1345/359
f 574/1366/385 405/1294/491 654/1439/491
f 565/1401/480 738/1430/479 643/1441/492
f 572/1376/414 709/1388/416 655/1442/494
f 564/1380/496 563/1397/501 737/1443/497
f 421/1310/330 422/1314/330 669/1445/499
f 570/1405/444 407/1307/767 656/1447/500
f 563/1397/501 380/1241/768 642/1449/502
f 568/1378/462 707/1421/462 657/1450/503
f 562/1377/505 704/1480/505 736/1451/506
f 420/1304/327 667/1517/508 668/1452/508
f 398/1202/509 529/1454/511 527/1453/510
f 529/1454/511 530/1330/344 528/1331/346
f 566/1375/478 409/1312/769 658/1455/512
f 561/1400/507 736/1451/506 641/1457/513
f 400/1198/515 523/1358/517 525/1329/516
f 523/1358/517 524/1326/338 526/1327/340
f 396/1206/518 519/1403/520 521/1372/519
f 519/1403/520 520/1324/335 522/1325/337
f 687/1458/521 680/1370/522 679/1369/522
f 684/1459/524 678/1390/525 677/1389/525
f 689/1461/527 676/1409/528 675/1408/528
f 690/1462/530 674/1423/531 673/1422/531
f 692/1464/533 672/1432/534 671/1431/534
f 694/1466/536 670/1446/537 669/1445/537
f 668/1452/538 667/1517/538 697/1468/539
f 666/1470/541 665/1518/541 699/1471/542
f 664/1473/544 663/1519/544 701/1474/545
f 662/1476/547 661/1520/547 703/1477/548
f 660/1479/550 659/1521/550 705/1444/551
f 658/1455/553 657/1450/553 707/1421/554
f 656/1447/556 655/1442/556 709/1388/557
f 654/1439/559 653/1429/559 711/1340/560
f 713/1414/561 652/1413/562 651/1410/562
f 686/1482/564 682/1342/565 681/1341/565
f 619/1335/567 718/1328/569 744/1334/568
f 718/1328/569 686/1482/564 712/1483/566
f 649/1484/570 745/1487/572 746/1485/571
f 745/1487/572 713/1414/561 714/1481/563
f 742/1367/573 743/1339/573 648/1353/574
f 710/1440/560 711/1340/560 743/1339/573
f 740/1406/575 741/1387/577 646/1395/576
f 708/1448/558 709/1388/557 741/1387/577
f 738/1430/578 739/1420/580 644/1424/579
f 706/1456/555 707/1421/554 739/1420/580
f 736/1451/581 737/1443/583 642/1449/582
f 704/1480/552 705/1444/551 737/1443/583
f 734/1488/584 735/1491/586 640/1489/585
f 702/1478/549 703/1477/548 735/1491/586
f 732/1492/587 733/1495/589 638/1493/588
f 700/1475/546 701/1474/545 733/1495/589
f 730/1496/590 731/1499/592 636/1497/591
f 698/1472/543 699/1471/542 731/1499/592
f 728/1500/593 729/1503/595 634/1501/594
f 696/1469/540 697/1468/539 729/1503/595
f 631/1504/596 726/1507/597 727/1505/597
f 694/1466/536 695/1467/536 727/1505/597
f 629/1336/598 724/1509/600 725/1508/599
f 724/1509/600 692/1464/533 693/1465/535
f 627/1360/601 722/1511/603 723/1510/602
f 722/1511/603 690/1462/530 691/1463/532
f 625/1385/604 721/1512/606 715/1392/605
f 721/1512/606 689/1461/527 683/1393/529
f 623/1383/607 716/1371/609 720/1513/608
f 716/1371/609 684/1459/524 688/1460/526
f 621/1415/610 719/1514/612 717/1350/611
f 719/1514/612 687/1458/521 685/1351/523
f 578/1381/465 577/1332/347 744/1334/349
f 389/1223/299 631/1504/613 632/1506/613
f 527/1453/614 719/1514/621 621/1415/615
f 579/1396/617 745/1487/622 649/1484/618
f 528/1331/620 687/1458/675 719/1514/621
f 580/1382/453 713/1414/453 745/1487/622
f 387/1227/300 633/1502/623 634/1501/623
f 529/1454/624 398/1202/770 624/1404/625
f 581/1391/627 371/1256/771 650/1486/628
f 530/1330/630 529/1454/624 720/1513/626
f 582/1384/448 581/1391/627 746/1485/629
f 385/1231/301 635/1498/632 636/1497/632
f 531/1433/633 721/1512/637 625/1385/634
f 532/1349/636 689/1461/636 721/1512/637
f 383/1235/302 637/1494/638 638/1493/638
f 533/1435/639 722/1511/643 627/1360/640
f 534/1347/642 690/1462/689 722/1511/643
f 381/1239/304 639/1490/644 640/1489/644
f 535/1434/645 394/1210/772 628/1361/646
f 536/1348/648 535/1434/645 723/1510/647
f 379/1243/306 641/1457/649 642/1449/649
f 537/1515/650 724/1509/654 629/1336/651
f 538/1516/653 692/1464/653 724/1509/654
f 520/1324/421 683/1393/423 675/1408/655
f 377/1247/308 643/1441/657 644/1424/657
f 539/1436/658 392/1214/773 630/1337/659
f 522/1325/389 429/1277/774 678/1390/661
f 540/1346/663 539/1436/658 725/1508/660
f 524/1326/366 685/1351/368 679/1369/665
f 375/1412/309 645/1411/667 646/1395/667
f 541/1426/668 726/1507/668 631/1504/669
f 526/1327/341 433/1302/775 682/1342/671
f 542/1356/673 694/1466/708 726/1507/668
f 528/1331/620 431/1290/776 680/1370/674
f 374/1254/310 373/1253/310 647/1373/676
f 543/1438/677 390/1218/678 632/1506/678
f 530/1330/630 688/1460/630 677/1389/680
f 544/1343/682 543/1438/677 727/1505/679
f 532/1349/636 427/1269/777 676/1409/683
f 371/1256/288 372/1194/288 649/1484/684
f 545/1428/685 728/1500/692 633/1502/686
f 534/1347/642 425/1259/778 674/1423/688
f 403/1281/320 404/1288/320 651/1410/690
f 546/1354/691 696/1469/691 728/1500/692
f 536/1348/648 691/1463/648 673/1422/693
f 547/1425/695 388/1225/696 634/1501/696
f 538/1516/653 423/1318/779 672/1432/698
f 406/1300/323 653/1429/699 654/1439/699
f 548/1357/700 547/1425/695 729/1503/697
f 540/1346/663 693/1465/664 671/1431/702
f 549/1417/704 730/1496/711 635/1498/705
f 542/1356/673 421/1310/707 670/1446/707
f 408/1306/328 655/1442/709 656/1447/709
f 550/1364/710 698/1472/710 730/1496/711
f 544/1343/682 695/1467/682 669/1445/712
f 551/1427/714 386/1229/780 636/1497/715
f 546/1354/691 419/1298/781 668/1452/717
f 410/1316/332 657/1450/718 658/1455/718
f 552/1355/719 551/1427/714 731/1499/716
f 548/1357/700 697/1468/701 667/1517/720
f 553/1419/722 732/1492/728 637/1494/723
f 550/1364/710 417/1279/782 666/1470/725
f 412/1263/313 659/1521/726 660/1479/726
f 554/1362/727 700/1475/735 732/1492/728
f 552/1355/719 699/1471/719 665/1518/729
f 555/1416/731 384/1233/783 638/1493/732
f 554/1362/727 415/1271/784 664/1473/734
f 414/1267/314 661/1520/736 662/1476/736
f 556/1365/737 555/1416/731 733/1495/733
f 556/1365/737 701/1474/738 663/1519/739
f 557/1398/741 734/1488/748 639/1490/742
f 558/1379/744 413/1262/785 662/1476/745
f 416/1275/317 663/1519/747 664/1473/747
f 558/1379/744 702/1478/746 734/1488/748
f 560/1363/749 703/1477/757 661/1520/750
f 559/1418/752 382/1237/786 640/1489/753
f 562/1377/505 411/1321/787 660/1479/755
f 418/1286/319 665/1518/756 666/1470/756
f 560/1363/749 559/1418/752 735/1491/754
f 564/1380/496 705/1444/498 659/1521/758
