# Blender 5.2.0 LTS
# www.blender.org
mtllib Panel_derecha2.mtl
g Panel_derecha_2_Mesh_(9).001
v 9.035039 4.087545 6.254676
v 9.093188 -3.884845 -6.329024
v 1.033574 4.046841 6.243045
v 1.091724 -3.919735 -6.346469
v 9.093188 -4.041850 -6.235984
v 9.035039 3.930540 6.353531
v 1.091724 -4.076740 -6.247614
v 1.033574 3.895650 6.341901
v 9.093188 -3.884845 -6.329024
v 9.035039 4.087545 6.254676
v 9.093188 -4.041850 -6.235984
v 9.035039 3.930540 6.353531
v 8.407016 3.953800 6.039519
v 8.308159 3.947985 6.039519
v 8.407016 3.674680 5.597579
v 8.308159 3.674680 5.597579
v 2.777778 -3.425690 -5.582106
v 2.783589 -3.553431 -5.785332
v 2.661650 -3.553431 -5.785332
v 2.661650 -3.425690 -5.582106
v 2.777778 -3.425690 -5.582106
v 2.661650 -3.553431 -5.785332
v 2.777778 -3.414077 -5.587913
v 2.783589 -3.541819 -5.791138
v 2.783589 -3.553431 -5.785332
v 2.777778 -3.210851 -5.245332
v 2.777778 -3.338593 -5.448558
v 2.661650 -3.338593 -5.448558
v 2.661650 -3.210851 -5.245332
v 2.777778 -3.210851 -5.245332
v 2.661650 -3.338593 -5.448558
v 2.777778 -3.205045 -5.251139
v 2.777778 -3.338593 -5.448558
v 2.777778 -3.210851 -5.245332
v 2.946167 -3.210851 -5.245332
v 2.951972 -3.338593 -5.448558
v 2.830039 -3.338593 -5.448558
v 2.830039 -3.210851 -5.245332
v 2.946167 -3.210851 -5.245332
v 2.830039 -3.338593 -5.448558
v 2.946167 -3.199239 -5.251139
v 2.951972 -3.338593 -5.448558
v 2.946167 -3.210851 -5.245332
v 2.951972 -3.553431 -5.785332
v 2.830039 -3.553431 -5.785332
v 2.951972 -3.425690 -5.582106
v 2.830039 -3.425690 -5.582106
v 2.951972 -3.414077 -5.587913
v 2.951972 -3.553431 -5.785332
v 2.951972 -3.425690 -5.582106
v 3.660361 -3.419883 -5.582106
v 3.660361 -3.547625 -5.785332
v 3.544228 -3.547625 -5.785332
v 3.538423 -3.419883 -5.582106
v 3.660361 -3.419883 -5.582106
v 3.544228 -3.547625 -5.785332
v 3.660361 -3.332787 -5.442752
v 3.538423 -3.332787 -5.442752
v 3.660361 -3.205045 -5.239527
v 3.538423 -3.205045 -5.239527
v 3.491972 -3.338593 -5.442752
v 3.370039 -3.338593 -5.442752
v 3.486167 -3.205045 -5.239527
v 3.370039 -3.210851 -5.239527
v 3.486167 -3.199239 -5.245332
v 3.491972 -3.326981 -5.448558
v 3.491972 -3.338593 -5.442752
v 3.491972 -3.547625 -5.785332
v 3.370039 -3.547625 -5.785332
v 3.491972 -3.419883 -5.582106
v 3.370039 -3.419883 -5.582106
v 3.027456 -3.210851 -5.245332
v 3.033262 -3.553431 -5.785332
v 2.992617 -3.553431 -5.785332
v 2.986811 -3.210851 -5.245332
v 3.027456 -3.210851 -5.245332
v 2.992617 -3.553431 -5.785332
v 3.097134 -3.210851 -5.245332
v 3.102939 -3.553431 -5.785332
v 3.062295 -3.553431 -5.785332
v 3.056489 -3.210851 -5.245332
v 3.097134 -3.210851 -5.245332
v 3.062295 -3.553431 -5.785332
v 3.166811 -3.210851 -5.245332
v 3.172617 -3.553431 -5.785332
v 3.131972 -3.553431 -5.785332
v 3.126167 -3.210851 -5.245332
v 3.166811 -3.210851 -5.245332
v 3.131972 -3.553431 -5.785332
v 3.166811 -3.199239 -5.245332
v 3.172617 -3.541819 -5.791138
v 3.172617 -3.553431 -5.785332
v 3.236489 -3.210851 -5.245332
v 3.242295 -3.553431 -5.785332
v 3.201650 -3.553431 -5.785332
v 3.201650 -3.210851 -5.245332
v 3.236489 -3.210851 -5.245332
v 3.201650 -3.553431 -5.785332
v 3.236489 -3.199239 -5.245332
v 3.242295 -3.553431 -5.785332
v 3.236489 -3.210851 -5.245332
v 3.300361 -3.210851 -5.245332
v 3.300361 -3.553431 -5.785332
v 3.259717 -3.553431 -5.785332
v 3.259717 -3.210851 -5.245332
v 3.300361 -3.210851 -5.245332
v 3.259717 -3.553431 -5.785332
v 8.079062 -3.443109 -5.640171
v 7.962934 -3.443109 -5.640171
v 8.079062 -3.315367 -5.436945
v 7.957123 -3.315367 -5.436945
v 8.079062 -3.309561 -5.442752
v 8.079062 -3.443109 -5.640171
v 8.079062 -3.315367 -5.436945
v 8.079062 -3.100529 -5.100172
v 8.079062 -3.228271 -5.303398
v 7.957123 -3.228271 -5.303398
v 7.957123 -3.100529 -5.100172
v 8.079062 -3.100529 -5.100172
v 7.957123 -3.228271 -5.303398
v 8.247446 -3.228271 -5.303398
v 8.131318 -3.228271 -5.303398
v 8.247446 -3.100529 -5.100172
v 8.125512 -3.100529 -5.100172
v 8.247446 -3.094723 -5.105978
v 8.247446 -3.222465 -5.309203
v 8.247446 -3.228271 -5.303398
v 8.247446 -3.094723 -5.105978
v 8.247446 -3.228271 -5.303398
v 8.247446 -3.100529 -5.100172
v 8.247446 -3.315367 -5.436945
v 8.253256 -3.443109 -5.640171
v 8.131318 -3.443109 -5.640171
v 8.131318 -3.315367 -5.436945
v 8.247446 -3.315367 -5.436945
v 8.131318 -3.443109 -5.640171
v 8.961640 -3.309561 -5.436945
v 8.961640 -3.437303 -5.640171
v 8.839706 -3.443109 -5.640171
v 8.839706 -3.309561 -5.436945
v 8.961640 -3.309561 -5.436945
v 8.839706 -3.443109 -5.640171
v 8.955834 -3.094723 -5.100172
v 8.961640 -3.228271 -5.297591
v 8.839706 -3.228271 -5.297591
v 8.839706 -3.100529 -5.100172
v 8.955834 -3.094723 -5.100172
v 8.839706 -3.228271 -5.297591
v 8.787446 -3.228271 -5.297591
v 8.671318 -3.228271 -5.303398
v 8.787446 -3.100529 -5.100172
v 8.665512 -3.100529 -5.100172
v 8.793251 -3.443109 -5.640171
v 8.671318 -3.443109 -5.640171
v 8.787446 -3.309561 -5.436945
v 8.671318 -3.315367 -5.436945
v 8.328739 -3.100529 -5.100172
v 8.328739 -3.443109 -5.640171
v 8.288095 -3.443109 -5.640171
v 8.288095 -3.100529 -5.100172
v 8.328739 -3.100529 -5.100172
v 8.288095 -3.443109 -5.640171
v 8.328739 -3.088916 -5.105978
v 8.328739 -3.431497 -5.645977
v 8.328739 -3.443109 -5.640171
v 8.328739 -3.088916 -5.105978
v 8.328739 -3.443109 -5.640171
v 8.328739 -3.100529 -5.100172
v 8.398417 -3.100529 -5.100172
v 8.398417 -3.443109 -5.640171
v 8.363579 -3.443109 -5.640171
v 8.357768 -3.100529 -5.100172
v 8.398417 -3.100529 -5.100172
v 8.363579 -3.443109 -5.640171
v 8.468090 -3.100529 -5.100172
v 8.468090 -3.443109 -5.640171
v 8.433256 -3.443109 -5.640171
v 8.427445 -3.100529 -5.100172
v 8.468090 -3.100529 -5.100172
v 8.433256 -3.443109 -5.640171
v 8.537768 -3.100529 -5.100172
v 8.543578 -3.443109 -5.640171
v 8.502929 -3.443109 -5.640171
v 8.497124 -3.100529 -5.100172
v 8.537768 -3.100529 -5.100172
v 8.502929 -3.443109 -5.640171
v 8.595835 -3.100529 -5.100172
v 8.601640 -3.443109 -5.640171
v 8.560995 -3.443109 -5.640171
v 8.560995 -3.100529 -5.100172
v 8.595835 -3.100529 -5.100172
v 8.560995 -3.443109 -5.640171
v 7.939706 -0.801178 -1.465339
v 8.061640 -0.801178 -1.465339
v 8.061640 -0.928919 -1.668564
v 7.939706 -0.801178 -1.465339
v 8.061640 -0.928919 -1.668564
v 7.939706 -0.928919 -1.668564
v 8.061640 -1.016016 -1.802113
v 8.061640 -1.143758 -2.005338
v 7.945512 -1.016016 -1.802113
v 7.945512 -1.143758 -2.005338
v 8.061640 -1.004403 -1.807919
v 8.061640 -1.143758 -2.005338
v 8.061640 -1.016016 -1.802113
v 8.113901 -1.016016 -1.802113
v 8.235834 -1.016016 -1.802113
v 8.235834 -1.143758 -2.005338
v 8.113901 -1.016016 -1.802113
v 8.235834 -1.143758 -2.005338
v 8.113901 -1.143758 -2.005338
v 8.230029 -0.801178 -1.465339
v 8.230029 -0.928919 -1.668564
v 8.113901 -0.801178 -1.465339
v 8.113901 -0.928919 -1.668564
v 8.944223 -0.795371 -1.465339
v 8.944223 -0.923113 -1.668564
v 8.822285 -0.795371 -1.465339
v 8.822285 -0.923113 -1.668564
v 8.822285 -1.010209 -1.802113
v 8.944223 -1.010209 -1.802113
v 8.944223 -1.137951 -2.005338
v 8.822285 -1.010209 -1.802113
v 8.944223 -1.137951 -2.005338
v 8.822285 -1.137951 -2.005338
v 8.775834 -1.010209 -1.802113
v 8.775834 -1.137951 -2.005338
v 8.653901 -1.010209 -1.802113
v 8.653901 -1.137951 -2.005338
v 8.770029 -0.795371 -1.465339
v 8.770029 -0.928919 -1.668564
v 8.653901 -0.801178 -1.465339
v 8.653901 -0.928919 -1.668564
v 8.270673 -0.801178 -1.465339
v 8.311317 -0.801178 -1.465339
v 8.311317 -1.143758 -2.005338
v 8.270673 -0.801178 -1.465339
v 8.311317 -1.143758 -2.005338
v 8.276479 -1.143758 -2.005338
v 8.340351 -0.801178 -1.465339
v 8.380996 -0.801178 -1.465339
v 8.386801 -1.143758 -2.005338
v 8.340351 -0.801178 -1.465339
v 8.386801 -1.143758 -2.005338
v 8.346156 -1.143758 -2.005338
v 8.410028 -0.801178 -1.465339
v 8.450673 -0.801178 -1.465339
v 8.456479 -1.143758 -2.005338
v 8.410028 -0.801178 -1.465339
v 8.456479 -1.143758 -2.005338
v 8.415834 -1.143758 -2.005338
v 8.450673 -0.789565 -1.471145
v 8.456479 -1.143758 -2.005338
v 8.450673 -0.801178 -1.465339
v 8.479707 -0.801178 -1.465339
v 8.520351 -0.801178 -1.465339
v 8.526156 -1.143758 -2.005338
v 8.479707 -0.801178 -1.465339
v 8.526156 -1.143758 -2.005338
v 8.485512 -1.143758 -2.005338
v 8.543578 -0.801178 -1.465339
v 8.584223 -0.801178 -1.465339
v 8.584223 -1.143758 -2.005338
v 8.543578 -0.801178 -1.465339
v 8.584223 -1.143758 -2.005338
v 8.543578 -1.143758 -2.005338
v 2.766167 -1.219241 -2.098241
v 2.644233 -1.219241 -2.098241
v 2.766167 -1.091500 -1.895015
v 2.644233 -1.091500 -1.900822
v 2.760361 -1.004403 -1.761467
v 2.644233 -1.004403 -1.761467
v 2.760361 -0.876662 -1.558242
v 2.644233 -0.876662 -1.558242
v 2.934556 -1.004403 -1.761467
v 2.812617 -1.004403 -1.761467
v 2.934556 -0.876662 -1.558242
v 2.812617 -0.876662 -1.558242
v 2.934556 -0.870855 -1.564049
v 2.934556 -1.004403 -1.761467
v 2.934556 -0.876662 -1.558242
v 2.934556 -1.219241 -2.098241
v 2.812617 -1.219241 -2.098241
v 2.934556 -1.091500 -1.895015
v 2.812617 -1.091500 -1.895015
v 2.934556 -1.085693 -1.900822
v 2.934556 -1.213435 -2.104047
v 2.934556 -1.219241 -2.098241
v 3.642939 -1.085693 -1.895015
v 3.642939 -1.219241 -2.098241
v 3.526811 -1.219241 -2.098241
v 3.521005 -1.091500 -1.895015
v 3.642939 -1.085693 -1.895015
v 3.526811 -1.219241 -2.098241
v 3.642939 -1.004403 -1.761467
v 3.521005 -1.004403 -1.761467
v 3.642939 -0.876662 -1.558242
v 3.521005 -0.876662 -1.558242
v 3.474555 -1.004403 -1.761467
v 3.352617 -1.004403 -1.761467
v 3.474555 -0.876662 -1.558242
v 3.352617 -0.876662 -1.558242
v 3.474555 -0.865048 -1.564049
v 3.474555 -0.992790 -1.767274
v 3.474555 -1.004403 -1.761467
v 3.474555 -1.091500 -1.895015
v 3.474555 -1.219241 -2.098241
v 3.352617 -1.219241 -2.098241
v 3.352617 -1.091500 -1.895015
v 3.474555 -1.091500 -1.895015
v 3.352617 -1.219241 -2.098241
v 3.010039 -0.876662 -1.558242
v 3.015845 -1.219241 -2.098241
v 2.975200 -1.219241 -2.098241
v 2.969394 -0.876662 -1.558242
v 3.010039 -0.876662 -1.558242
v 2.975200 -1.219241 -2.098241
v 3.010039 -0.870855 -1.564049
v 3.015845 -1.213435 -2.104047
v 3.015845 -1.219241 -2.098241
v 3.010039 -0.870855 -1.564049
v 3.015845 -1.219241 -2.098241
v 3.010039 -0.876662 -1.558242
v 3.079717 -0.876662 -1.558242
v 3.085522 -1.219241 -2.098241
v 3.044878 -1.219241 -2.098241
v 3.039072 -0.876662 -1.558242
v 3.079717 -0.876662 -1.558242
v 3.044878 -1.219241 -2.098241
v 3.149394 -0.876662 -1.558242
v 3.155200 -1.219241 -2.098241
v 3.114556 -1.219241 -2.098241
v 3.114556 -0.876662 -1.558242
v 3.149394 -0.876662 -1.558242
v 3.114556 -1.219241 -2.098241
v 3.149394 -0.870855 -1.564049
v 3.155200 -1.207629 -2.104047
v 3.155200 -1.219241 -2.098241
v 3.219067 -0.876662 -1.558242
v 3.224878 -1.219241 -2.098241
v 3.184233 -1.219241 -2.098241
v 3.184233 -0.876662 -1.558242
v 3.219067 -0.876662 -1.558242
v 3.184233 -1.219241 -2.098241
v 3.219067 -0.865048 -1.564049
v 3.224878 -1.207629 -2.104047
v 3.224878 -1.219241 -2.098241
v 3.282939 -0.876662 -1.558242
v 3.282939 -1.219241 -2.098241
v 3.242295 -1.219241 -2.098241
v 3.242295 -0.876662 -1.558242
v 3.282939 -0.876662 -1.558242
v 3.242295 -1.219241 -2.098241
v 2.742939 1.370432 1.989495
v 2.748750 1.242690 1.786268
v 2.626812 1.370432 1.989495
v 2.626812 1.236884 1.786268
v 2.742939 1.370432 1.989495
v 2.748750 1.248497 1.780463
v 2.748750 1.242690 1.786268
v 2.626812 1.155593 1.652721
v 2.748750 1.155593 1.652721
v 2.748750 1.027852 1.449495
v 2.626812 1.155593 1.652721
v 2.748750 1.027852 1.449495
v 2.626812 1.027852 1.449495
v 2.748750 1.161399 1.646914
v 2.748750 1.033658 1.443689
v 2.748750 1.155593 1.652721
v 2.795200 1.155593 1.652721
v 2.917134 1.155593 1.652721
v 2.917134 1.027852 1.449495
v 2.795200 1.155593 1.652721
v 2.917134 1.027852 1.449495
v 2.795200 1.027852 1.449495
v 2.917134 1.161399 1.646914
v 2.917134 1.033658 1.443689
v 2.917134 1.155593 1.652721
v 2.917134 1.370432 1.989495
v 2.917134 1.242690 1.786268
v 2.795200 1.370432 1.989495
v 2.795200 1.242690 1.786268
v 2.917134 1.370432 1.989495
v 2.917134 1.248497 1.780463
v 2.917134 1.242690 1.786268
v 3.503584 1.370432 1.989495
v 3.625522 1.370432 1.989495
v 3.625522 1.242690 1.786268
v 3.503584 1.370432 1.989495
v 3.625522 1.242690 1.786268
v 3.503584 1.242690 1.786268
v 3.625522 1.161399 1.652721
v 3.625522 1.027852 1.449495
v 3.509389 1.155593 1.652721
v 3.509389 1.027852 1.449495
v 3.335200 1.155593 1.652721
v 3.457134 1.155593 1.652721
v 3.457134 1.027852 1.449495
v 3.335200 1.155593 1.652721
v 3.457134 1.027852 1.449495
v 3.335200 1.027852 1.449495
v 3.457134 1.155593 1.652721
v 3.457134 1.039465 1.443689
v 3.457134 1.027852 1.449495
v 3.457134 1.370432 1.989495
v 3.457134 1.242690 1.786268
v 3.335200 1.370432 1.989495
v 3.335200 1.242690 1.786268
v 2.957778 1.370432 1.989495
v 2.998423 1.370432 1.989495
v 2.998423 1.027852 1.449495
v 2.957778 1.370432 1.989495
v 2.998423 1.027852 1.449495
v 2.957778 1.027852 1.449495
v 2.998423 1.370432 1.989495
v 2.998423 1.033658 1.443689
v 2.998423 1.027852 1.449495
v 3.027456 1.370432 1.989495
v 3.068100 1.370432 1.989495
v 3.068100 1.027852 1.449495
v 3.027456 1.370432 1.989495
v 3.068100 1.027852 1.449495
v 3.027456 1.027852 1.449495
v 3.068100 1.376238 1.983688
v 3.068100 1.033658 1.443689
v 3.068100 1.370432 1.989495
v 3.097134 1.370432 1.989495
v 3.137778 1.370432 1.989495
v 3.137778 1.027852 1.449495
v 3.097134 1.370432 1.989495
v 3.137778 1.027852 1.449495
v 3.097134 1.027852 1.449495
v 3.137778 1.370432 1.989495
v 3.137778 1.033658 1.443689
v 3.137778 1.027852 1.449495
v 3.166811 1.370432 1.989495
v 3.207456 1.370432 1.989495
v 3.207456 1.027852 1.449495
v 3.166811 1.370432 1.989495
v 3.207456 1.027852 1.449495
v 3.166811 1.027852 1.449495
v 3.207456 1.376238 1.983688
v 3.207456 1.039465 1.443689
v 3.207456 1.370432 1.989495
v 3.224878 1.370432 1.989495
v 3.265522 1.370432 1.989495
v 3.265522 1.027852 1.449495
v 3.224878 1.370432 1.989495
v 3.265522 1.027852 1.449495
v 3.230683 1.027852 1.449495
v 2.609394 3.698815 5.670779
v 2.731328 3.698815 5.670779
v 2.731328 3.571073 5.467553
v 2.609394 3.698815 5.670779
v 2.731328 3.571073 5.467553
v 2.609394 3.571073 5.467553
v 2.731328 3.710428 5.664972
v 2.731328 3.571073 5.467553
v 2.731328 3.698815 5.670779
v 2.731328 3.489783 5.334005
v 2.731328 3.356236 5.130779
v 2.609394 3.483977 5.334005
v 2.609394 3.356236 5.130779
v 2.731328 3.495590 5.328198
v 2.731328 3.367848 5.124973
v 2.731328 3.489783 5.334005
v 2.777778 3.489783 5.334005
v 2.899717 3.489783 5.334005
v 2.899717 3.362041 5.130779
v 2.777778 3.489783 5.334005
v 2.899717 3.362041 5.130779
v 2.783589 3.356236 5.130779
v 2.777778 3.698815 5.670779
v 2.899717 3.704622 5.670779
v 2.899717 3.571073 5.467553
v 2.777778 3.698815 5.670779
v 2.899717 3.571073 5.467553
v 2.777778 3.571073 5.467553
v 3.608100 3.704622 5.676585
v 3.608100 3.576880 5.473360
v 3.486167 3.704622 5.670779
v 3.491972 3.576880 5.473360
v 3.491972 3.489783 5.334005
v 3.608100 3.489783 5.334005
v 3.613906 3.362041 5.130779
v 3.491972 3.489783 5.334005
v 3.613906 3.362041 5.130779
v 3.491972 3.362041 5.130779
v 3.317778 3.489783 5.334005
v 3.439716 3.489783 5.334005
v 3.439716 3.362041 5.130779
v 3.317778 3.489783 5.334005
v 3.439716 3.362041 5.130779
v 3.323584 3.362041 5.130779
v 3.317778 3.704622 5.670779
v 3.439716 3.704622 5.670779
v 3.439716 3.576880 5.473360
v 3.317778 3.704622 5.670779
v 3.439716 3.576880 5.473360
v 3.317778 3.576880 5.473360
v 2.940361 3.704622 5.670779
v 2.981006 3.704622 5.670779
v 2.981006 3.362041 5.130779
v 2.940361 3.704622 5.670779
v 2.981006 3.362041 5.130779
v 2.940361 3.362041 5.130779
v 2.981006 3.710428 5.664972
v 2.981006 3.367848 5.124973
v 2.981006 3.704622 5.670779
v 2.981006 3.704622 5.670779
v 2.981006 3.367848 5.124973
v 2.981006 3.362041 5.130779
v 3.010039 3.704622 5.670779
v 3.050683 3.704622 5.670779
v 3.050683 3.362041 5.130779
v 3.010039 3.704622 5.670779
v 3.050683 3.362041 5.130779
v 3.010039 3.362041 5.130779
v 3.079717 3.704622 5.670779
v 3.120361 3.704622 5.670779
v 3.120361 3.362041 5.130779
v 3.079717 3.704622 5.670779
v 3.120361 3.362041 5.130779
v 3.079717 3.362041 5.130779
v 3.120361 3.704622 5.670779
v 3.120361 3.367848 5.124973
v 3.120361 3.362041 5.130779
v 3.149394 3.704622 5.670779
v 3.190039 3.704622 5.670779
v 3.190039 3.362041 5.130779
v 3.149394 3.704622 5.670779
v 3.190039 3.362041 5.130779
v 3.149394 3.362041 5.130779
v 3.207456 3.704622 5.670779
v 3.248100 3.704622 5.670779
v 3.253906 3.362041 5.130779
v 3.207456 3.704622 5.670779
v 3.253906 3.362041 5.130779
v 3.213261 3.362041 5.130779
v 3.248100 3.710428 5.664972
v 3.253906 3.367848 5.124973
v 3.248100 3.704622 5.670779
v 2.731328 3.710428 5.664972
v 2.731328 3.582686 5.461747
v 2.731328 3.571073 5.467553
v 3.608100 3.489783 5.334005
v 3.613906 3.373654 5.124973
v 3.613906 3.362041 5.130779
v 3.439716 3.489783 5.334005
v 3.439716 3.367848 5.124973
v 3.439716 3.362041 5.130779
v 3.439716 3.710428 5.670779
v 3.439716 3.582686 5.467553
v 3.439716 3.576880 5.473360
v 3.120361 3.710428 5.664972
v 3.120361 3.367848 5.124973
v 3.120361 3.704622 5.670779
v 3.190039 3.710428 5.664972
v 3.190039 3.367848 5.124973
v 3.190039 3.704622 5.670779
v 8.032612 2.781397 4.195943
v 8.038417 2.653655 3.992718
v 7.916479 2.653655 3.992718
v 7.916479 2.781397 4.195943
v 8.032612 2.781397 4.195943
v 7.916479 2.653655 3.992718
v 8.032612 2.996236 4.532716
v 8.032612 2.868494 4.329490
v 7.916479 2.868494 4.329490
v 7.916479 2.996236 4.532716
v 8.032612 2.996236 4.532716
v 7.916479 2.868494 4.329490
v 8.200995 2.996236 4.532716
v 8.206801 2.868494 4.329490
v 8.084867 2.868494 4.329490
v 8.084867 2.996236 4.532716
v 8.200995 2.996236 4.532716
v 8.084867 2.868494 4.329490
v 8.206801 2.653655 3.992718
v 8.084867 2.653655 3.992718
v 8.206801 2.781397 4.195943
v 8.084867 2.781397 4.195943
v 8.206801 2.781397 4.195943
v 8.206801 2.665269 3.986911
v 8.206801 2.653655 3.992718
v 8.915190 2.659462 3.992718
v 8.799062 2.659462 3.992718
v 8.915190 2.787204 4.195943
v 8.793251 2.787204 4.195943
v 8.915190 3.002043 4.532716
v 8.915190 2.874301 4.329490
v 8.793251 2.874301 4.329490
v 8.793251 3.002043 4.532716
v 8.915190 3.002043 4.532716
v 8.793251 2.874301 4.329490
v 8.746801 2.874301 4.329490
v 8.624867 2.874301 4.329490
v 8.740995 3.002043 4.532716
v 8.624867 3.002043 4.532716
v 8.746801 2.787204 4.195943
v 8.746801 2.659462 3.992718
v 8.624867 2.659462 3.992718
v 8.624867 2.787204 4.195943
v 8.746801 2.787204 4.195943
v 8.624867 2.659462 3.992718
v 8.746801 2.793010 4.190136
v 8.746801 2.665269 3.986911
v 8.746801 2.787204 4.195943
v 8.282285 2.996236 4.532716
v 8.288095 2.653655 3.992718
v 8.247446 2.653655 3.992718
v 8.241640 2.996236 4.532716
v 8.282285 2.996236 4.532716
v 8.247446 2.653655 3.992718
v 8.282285 2.996236 4.532716
v 8.288095 2.665269 3.986911
v 8.288095 2.653655 3.992718
v 8.351962 2.996236 4.532716
v 8.357768 2.653655 3.992718
v 8.317123 2.653655 3.992718
v 8.311317 2.996236 4.532716
v 8.351962 2.996236 4.532716
v 8.317123 2.653655 3.992718
v 8.351962 2.996236 4.532716
v 8.357768 2.665269 3.986911
v 8.357768 2.653655 3.992718
v 8.421640 2.996236 4.532716
v 8.427445 2.659462 3.992718
v 8.386801 2.653655 3.992718
v 8.380996 2.996236 4.532716
v 8.421640 2.996236 4.532716
v 8.386801 2.653655 3.992718
v 8.421640 2.996236 4.532716
v 8.427445 2.665269 3.986911
v 8.427445 2.659462 3.992718
v 8.491318 3.002043 4.532716
v 8.497124 2.659462 3.992718
v 8.456479 2.659462 3.992718
v 8.456479 2.996236 4.532716
v 8.491318 3.002043 4.532716
v 8.456479 2.659462 3.992718
v 8.491318 3.002043 4.532716
v 8.497124 2.665269 3.986911
v 8.497124 2.659462 3.992718
v 8.555190 3.002043 4.532716
v 8.555190 2.659462 3.992718
v 8.514545 2.659462 3.992718
v 8.514545 3.002043 4.532716
v 8.555190 3.002043 4.532716
v 8.514545 2.659462 3.992718
v 8.026801 3.640751 5.548843
v 8.032612 3.513009 5.345618
v 7.910673 3.640751 5.548843
v 7.910673 3.513009 5.345618
v 8.026801 3.646557 5.543037
v 8.032612 3.518815 5.339811
v 8.026801 3.640751 5.548843
v 8.032612 3.425912 5.206264
v 8.032612 3.298170 5.003037
v 7.910673 3.425912 5.206264
v 7.910673 3.298170 5.003037
v 8.032612 3.431719 5.200457
v 8.032612 3.303977 5.003037
v 8.032612 3.425912 5.206264
v 8.200995 3.425912 5.206264
v 8.200995 3.298170 5.008844
v 8.079062 3.425912 5.206264
v 8.079062 3.298170 5.003037
v 8.079062 3.640751 5.548843
v 8.200995 3.640751 5.548843
v 8.200995 3.513009 5.345618
v 8.079062 3.640751 5.548843
v 8.200995 3.513009 5.345618
v 8.079062 3.513009 5.345618
v 8.909384 3.640751 5.548843
v 8.909384 3.513009 5.345618
v 8.787446 3.640751 5.548843
v 8.787446 3.513009 5.345618
v 8.793251 3.425912 5.212070
v 8.909384 3.431719 5.212070
v 8.909384 3.298170 5.008844
v 8.793251 3.425912 5.212070
v 8.909384 3.298170 5.008844
v 8.793251 3.298170 5.008844
v 8.619061 3.425912 5.212070
v 8.740995 3.425912 5.212070
v 8.740995 3.298170 5.008844
v 8.619061 3.425912 5.212070
v 8.740995 3.298170 5.008844
v 8.619061 3.298170 5.008844
v 8.619061 3.640751 5.548843
v 8.740995 3.640751 5.548843
v 8.740995 3.513009 5.345618
v 8.619061 3.640751 5.548843
v 8.740995 3.513009 5.345618
v 8.619061 3.513009 5.345618
v 8.241640 3.640751 5.548843
v 8.276479 3.640751 5.548843
v 8.282285 3.298170 5.008844
v 8.241640 3.640751 5.548843
v 8.282285 3.298170 5.008844
v 8.241640 3.298170 5.008844
v 8.311317 3.640751 5.548843
v 8.351962 3.640751 5.548843
v 8.351962 3.298170 5.008844
v 8.311317 3.640751 5.548843
v 8.351962 3.298170 5.008844
v 8.311317 3.298170 5.008844
v 8.351962 3.646557 5.543037
v 8.351962 3.303977 5.003037
v 8.351962 3.298170 5.008844
v 8.380996 3.640751 5.548843
v 8.421640 3.640751 5.548843
v 8.421640 3.298170 5.008844
v 8.380996 3.640751 5.548843
v 8.421640 3.298170 5.008844
v 8.380996 3.298170 5.008844
v 8.450673 3.640751 5.548843
v 8.491318 3.640751 5.548843
v 8.491318 3.298170 5.008844
v 8.450673 3.640751 5.548843
v 8.491318 3.298170 5.008844
v 8.450673 3.298170 5.008844
v 8.508739 3.640751 5.548843
v 8.549384 3.640751 5.548843
v 8.549384 3.298170 5.008844
v 8.508739 3.640751 5.548843
v 8.549384 3.298170 5.008844
v 8.508739 3.298170 5.008844
v 1.558428 4.029782 6.193358
v 1.558428 3.867203 5.943682
v 1.105527 4.023976 6.193358
v 1.105527 3.867203 5.937875
v 1.453911 -3.733431 -6.058235
v 1.453911 -3.890205 -6.307912
v 1.175200 -3.733431 -6.058235
v 1.175200 -3.890205 -6.307912
v 8.775834 -3.698593 -6.046621
v 9.048735 -3.698593 -6.046621
v 9.054545 -3.855366 -6.296299
v 8.775834 -3.698593 -6.046621
v 9.054545 -3.855366 -6.296299
v 8.775834 -3.855366 -6.296299
v 1.699873 2.972940 4.898517
v 1.972842 2.723206 4.497781
v 1.972842 2.972940 4.898517
v 2.112226 2.850977 4.695246
v 1.972842 2.723206 4.497781
v 1.699873 2.972940 4.898517
v 1.699873 2.717398 4.497781
v 1.560488 2.845169 4.695246
v 2.965971 -1.022809 -1.426150
v 3.105356 -1.150580 -1.629422
v 3.099551 -0.895038 -1.222878
v 3.378320 -1.150580 -1.623614
v 3.378320 -0.895038 -1.222878
v 3.511899 -1.022809 -1.426150
v 5.341352 -0.157451 -0.072938
v 5.207773 -0.029680 0.130334
v 5.207773 -0.285222 -0.270403
v 4.934804 -0.285222 -0.270403
v 4.928999 -0.035487 0.130334
v 4.795420 -0.163258 -0.072938
v 3.877793 -0.163258 -0.072938
v 4.017178 -0.291029 -0.276210
v 4.017178 -0.035487 0.130334
v 4.290141 -0.035487 0.130334
v 4.290141 -0.291029 -0.270403
v 4.429531 -0.163258 -0.072938
v 6.717793 -0.291029 -0.287826
v 6.578408 -0.163258 -0.084554
v 6.578408 -0.418801 -0.485291
v 6.305439 -0.418801 -0.485291
v 6.305439 -0.163258 -0.084554
v 6.166055 -0.291029 -0.287826
v 7.077875 0.005167 0.176796
v 7.217260 -0.122604 -0.020668
v 7.217260 0.132938 0.380068
v 7.490224 0.132938 0.380068
v 7.490224 -0.122604 -0.020668
v 7.629613 0.005167 0.176796
v 3.424785 -1.452585 -2.099852
v 3.564170 -1.574548 -2.303124
v 3.558364 -1.324813 -1.896580
v 3.837138 -1.319005 -1.896580
v 3.837138 -1.574548 -2.297317
v 3.970713 -1.446777 -2.099852
v 8.425278 -2.451522 -3.708606
v 8.425278 -2.707064 -4.109342
v 8.564663 -2.579293 -3.906070
v 8.425278 -2.707064 -4.109342
v 8.425278 -2.451522 -3.708606
v 8.152314 -2.707064 -4.109342
v 8.152314 -2.451522 -3.708606
v 8.152314 -2.451522 -3.708606
v 8.012924 -2.579293 -3.906070
v 8.152314 -2.707064 -4.109342
v 4.766382 -3.322689 -5.061818
v 4.766382 -3.578231 -5.462554
v 4.905766 -3.450459 -5.265090
v 4.766382 -3.578231 -5.462554
v 4.766382 -3.322689 -5.061818
v 4.493413 -3.578231 -5.462554
v 4.493413 -3.322689 -5.061818
v 4.493413 -3.322689 -5.061818
v 4.354028 -3.450459 -5.265090
v 4.493413 -3.578231 -5.462554
v 4.766382 -3.601462 -5.509017
v 4.766382 -3.857003 -5.909753
v 4.905766 -3.729233 -5.706481
v 4.766382 -3.857003 -5.909753
v 4.766382 -3.601462 -5.509017
v 4.493413 -3.862812 -5.909753
v 4.493413 -3.607270 -5.509017
v 4.354028 -3.735041 -5.712288
v 3.395747 -2.892913 -4.376500
v 3.395747 -3.148455 -4.783044
v 3.535131 -3.020684 -4.579772
v 3.395747 -3.148455 -4.783044
v 3.395747 -2.892913 -4.376500
v 3.122778 -3.148455 -4.783044
v 3.122778 -2.892913 -4.376500
v 3.122778 -2.892913 -4.376500
v 2.983393 -3.020684 -4.579772
v 3.122778 -3.148455 -4.783044
v 2.013496 -2.759334 -4.161612
v 2.019302 -3.014877 -4.562349
v 2.152881 -2.887106 -4.364884
v 2.013496 -2.759334 -4.161612
v 1.740527 -2.759334 -4.161612
v 2.019302 -3.014877 -4.562349
v 1.740527 -3.014877 -4.562349
v 1.606953 -2.887106 -4.364884
v 5.684009 -3.311073 -5.056010
v 5.411045 -3.316880 -5.056010
v 5.411045 -3.566615 -5.456747
v 5.277466 -3.444652 -5.253475
v 5.684009 -3.311073 -5.056010
v 5.411045 -3.566615 -5.456747
v 5.689814 -3.566615 -5.456747
v 5.684009 -3.311073 -5.056010
v 5.689814 -3.566615 -5.456747
v 5.823393 -3.438844 -5.253475
v 5.742085 -3.862812 -5.927176
v 5.881474 -3.990582 -6.124640
v 5.881474 -3.735041 -5.723904
v 6.154438 -3.735041 -5.723904
v 6.154438 -3.990582 -6.124640
v 6.293823 -3.862812 -5.921368
v 6.735215 -2.863874 -4.353269
v 6.595830 -2.736103 -4.149997
v 6.595830 -2.991645 -4.550734
v 6.322866 -2.991645 -4.550734
v 6.322866 -2.741911 -4.149997
v 6.183476 -2.869682 -4.353269
v 7.106914 -3.433036 -5.247666
v 7.240492 -3.560807 -5.450939
v 7.240492 -3.305265 -5.044394
v 7.519267 -3.554999 -5.445131
v 7.513456 -3.305265 -5.044394
v 7.652846 -3.427228 -5.247666
v 8.431088 -3.549192 -5.445131
v 8.158119 -3.299457 -5.044394
v 8.158119 -3.554999 -5.445131
v 8.018735 -3.427228 -5.247666
v 8.158119 -3.299457 -5.044394
v 8.431088 -3.549192 -5.445131
v 8.431088 -3.299457 -5.044394
v 8.570473 -3.421421 -5.241859
v 8.895707 -3.154263 -4.817891
v 8.895707 -3.409805 -5.218627
v 9.035097 -3.282034 -5.021163
v 8.895707 -3.409805 -5.218627
v 8.895707 -3.154263 -4.817891
v 8.622744 -3.409805 -5.218627
v 8.622744 -3.154263 -4.817891
v 8.483354 -3.282034 -5.021163
v 7.565727 -2.712872 -4.120958
v 7.705112 -2.840643 -4.318422
v 7.699306 -2.585101 -3.917686
v 7.978080 -2.585101 -3.917686
v 7.978080 -2.840643 -4.318422
v 8.111659 -2.712872 -4.120958
v 4.882534 -0.871807 -1.193839
v 4.743149 -0.744036 -0.990567
v 4.748955 -0.999578 -1.391304
v 4.470185 -0.999578 -1.391304
v 4.470185 -0.744036 -0.990567
v 4.336606 -0.871807 -1.193839
v 4.011372 0.533675 1.030539
v 3.877793 0.405904 0.827267
v 4.011372 0.278133 0.629802
v 4.011372 0.533675 1.030539
v 4.011372 0.278133 0.629802
v 4.284336 0.533675 1.030539
v 4.290141 0.278133 0.629802
v 4.284336 0.533675 1.030539
v 4.290141 0.278133 0.629802
v 4.423720 0.405904 0.827267
v 3.546748 0.109707 0.356837
v 3.413169 -0.018064 0.159372
v 3.552553 -0.145835 -0.043900
v 3.546748 0.109707 0.356837
v 3.552553 -0.145835 -0.043900
v 3.825522 0.109707 0.356837
v 3.825522 -0.145835 -0.043900
v 3.964907 -0.018064 0.159372
v 4.928999 -0.000641 0.176796
v 5.207773 -0.000641 0.176796
v 5.201962 0.254901 0.583340
v 5.341352 0.127130 0.380068
v 4.928999 0.249094 0.583340
v 4.928999 -0.000641 0.176796
v 5.201962 0.254901 0.583340
v 4.928999 0.249094 0.583340
v 4.789609 0.121323 0.380068
v 4.928999 -0.000641 0.176796
v 5.201962 0.539482 1.030539
v 4.928999 0.283940 0.629802
v 5.201962 0.283940 0.629802
v 5.201962 0.539482 1.030539
v 5.201962 0.283940 0.629802
v 5.341352 0.411711 0.833074
v 5.201962 0.539482 1.030539
v 4.928999 0.539482 1.030539
v 4.928999 0.283940 0.629802
v 4.789609 0.411711 0.833074
v 2.460693 -0.041295 0.130334
v 2.181919 -0.041295 0.130334
v 2.187729 -0.296837 -0.270403
v 2.048340 -0.169066 -0.072938
v 2.187729 -0.296837 -0.270403
v 2.460693 -0.296837 -0.270403
v 2.460693 -0.041295 0.130334
v 2.594272 -0.169066 -0.067131
v 2.640732 -0.436224 -0.496906
v 2.913701 -0.436224 -0.496906
v 2.913701 -0.180681 -0.096170
v 3.047280 -0.308453 -0.293634
v 2.913701 -0.180681 -0.096170
v 2.634927 -0.186489 -0.096170
v 2.640732 -0.436224 -0.496906
v 2.501348 -0.314261 -0.293634
v 2.135459 -0.598842 -0.746640
v 1.996069 -0.471070 -0.549176
v 2.001880 -0.726613 -0.949912
v 1.723105 -0.471070 -0.549176
v 1.723105 -0.726613 -0.949912
v 1.589526 -0.598842 -0.746640
v 7.182416 -0.430416 -0.508522
v 7.043026 -0.302645 -0.311057
v 7.043026 -0.558187 -0.711794
v 6.770063 -0.308453 -0.311057
v 6.770063 -0.558187 -0.711794
v 6.770063 -0.308453 -0.311057
v 6.630679 -0.436224 -0.508522
v 6.770063 -0.558187 -0.711794
v 6.578408 -0.447839 -0.537561
v 6.584214 -0.703381 -0.938297
v 6.717793 -0.575610 -0.735025
v 6.584214 -0.703381 -0.938297
v 6.578408 -0.447839 -0.537561
v 6.305439 -0.703381 -0.938297
v 6.305439 -0.453647 -0.537561
v 6.166055 -0.581418 -0.735025
v 5.713047 0.417519 0.833074
v 5.852437 0.289748 0.635610
v 5.846626 0.545290 1.036346
v 6.125400 0.545290 1.036346
v 6.125400 0.289748 0.635610
v 6.258979 0.417519 0.833074
v 5.713047 0.127130 0.380068
v 5.852437 0.005167 0.182604
v 5.852437 0.254901 0.583340
v 6.125400 0.260709 0.583340
v 6.125400 0.005167 0.182604
v 6.264785 0.132938 0.385876
v 7.995502 -0.279414 -0.276210
v 8.134887 -0.407185 -0.479483
v 8.134887 -0.151643 -0.078746
v 8.413662 -0.407185 -0.479483
v 8.407856 -0.151643 -0.072938
v 8.547240 -0.279414 -0.276210
v 7.681884 -0.296837 -0.305250
v 7.548305 -0.424608 -0.502714
v 7.687690 -0.552379 -0.705986
v 7.681884 -0.296837 -0.305250
v 7.687690 -0.552379 -0.705986
v 7.960659 -0.296837 -0.305250
v 7.960659 -0.552379 -0.705986
v 7.960659 -0.296837 -0.305250
v 7.960659 -0.552379 -0.705986
v 8.094233 -0.424608 -0.502714
v 8.134887 -0.691766 -0.920874
v 8.413662 -0.685958 -0.920874
v 8.407856 -0.436224 -0.520137
v 8.547240 -0.558187 -0.723410
v 8.407856 -0.436224 -0.520137
v 8.134887 -0.436224 -0.520137
v 8.134887 -0.691766 -0.920874
v 8.001313 -0.563995 -0.723410
v 8.129082 0.156169 0.414914
v 8.407856 0.161977 0.414914
v 8.402045 0.411711 0.821459
v 8.541435 0.289748 0.618187
v 8.402045 0.411711 0.821459
v 8.129082 0.411711 0.815651
v 8.129082 0.156169 0.414914
v 7.989697 0.283940 0.618187
v 1.142329 -2.178557 -3.238176
v 1.281714 -2.306328 -3.441448
v 1.281714 -2.050785 -3.034904
v 1.554682 -2.306328 -3.441448
v 1.554682 -2.050785 -3.034904
v 1.694067 -2.178557 -3.238176
v 1.136519 -1.324813 -1.884964
v 1.275908 -1.446777 -2.088237
v 1.270097 -1.197042 -1.687500
v 1.548872 -1.446777 -2.088237
v 1.548872 -1.191234 -1.681692
v 1.688262 -1.319005 -1.884964
v 3.889404 -1.597779 -2.332163
v 4.028794 -1.719742 -2.529628
v 4.028794 -1.470008 -2.128891
v 4.301757 -1.464200 -2.128891
v 4.301757 -1.719742 -2.529628
v 4.301757 -1.464200 -2.128891
v 4.301757 -1.719742 -2.529628
v 4.441147 -1.591971 -2.332163
v 3.558364 -1.034425 -1.449381
v 3.418974 -1.162196 -1.646845
v 3.558364 -1.289967 -1.850118
v 3.558364 -1.034425 -1.449381
v 3.558364 -1.289967 -1.850118
v 3.831328 -1.034425 -1.449381
v 3.837138 -1.289967 -1.850118
v 3.970713 -1.162196 -1.646845
v 5.347158 -1.017001 -1.426150
v 5.213579 -0.889230 -1.222878
v 5.213579 -1.144772 -1.629422
v 4.940615 -1.144772 -1.629422
v 4.934804 -0.895038 -1.228686
v 4.801225 -1.022809 -1.426150
v 3.895215 -2.451522 -3.685375
v 4.034599 -2.579293 -3.882839
v 4.034599 -2.323751 -3.482103
v 4.307568 -2.323751 -3.482103
v 4.307568 -2.579293 -3.882839
v 4.307568 -2.323751 -3.482103
v 4.307568 -2.579293 -3.882839
v 4.446953 -2.451522 -3.685375
v 3.895215 -2.166941 -3.232368
v 4.034599 -2.294712 -3.435641
v 4.028794 -2.039170 -3.029096
v 4.307568 -2.039170 -3.029096
v 4.307568 -2.288904 -3.435641
v 4.307568 -2.039170 -3.029096
v 4.307568 -2.288904 -3.435641
v 4.441147 -2.161133 -3.232368
v 4.894150 -2.585101 -3.900263
v 4.760571 -2.457330 -3.702798
v 4.760571 -2.712872 -4.103535
v 4.487607 -2.712872 -4.103535
v 4.481802 -2.463138 -3.702798
v 4.348222 -2.590909 -3.900263
v 4.754766 -2.172749 -3.249791
v 4.481802 -2.428291 -3.650528
v 4.760571 -2.428291 -3.650528
v 4.754766 -2.172749 -3.249791
v 4.760571 -2.428291 -3.650528
v 4.894150 -2.300520 -3.447256
v 4.481802 -2.172749 -3.249791
v 4.481802 -2.428291 -3.650528
v 4.754766 -2.172749 -3.249791
v 4.481802 -2.172749 -3.249791
v 4.342412 -2.300520 -3.453064
v 4.481802 -2.428291 -3.650528
v 2.472309 -1.766204 -2.587705
v 2.199346 -1.766204 -2.587705
v 2.199346 -2.021746 -2.994250
v 2.059956 -1.893975 -2.790977
v 2.199346 -2.021746 -2.994250
v 2.472309 -2.015939 -2.988442
v 2.472309 -1.766204 -2.587705
v 2.611694 -1.888168 -2.790977
v 1.734722 -1.621010 -2.367010
v 2.007685 -1.876552 -2.767746
v 2.007685 -1.621010 -2.361202
v 2.007685 -1.621010 -2.361202
v 2.007685 -1.876552 -2.767746
v 2.147075 -1.748781 -2.564474
v 1.734722 -1.621010 -2.367010
v 1.734722 -1.876552 -2.767746
v 2.007685 -1.876552 -2.767746
v 1.734722 -1.621010 -2.367010
v 1.595337 -1.748781 -2.564474
v 1.734722 -1.876552 -2.767746
v 2.193535 -1.197042 -1.693308
v 2.059956 -1.324813 -1.896580
v 2.193535 -1.452585 -2.094044
v 2.193535 -1.197042 -1.693308
v 2.193535 -1.452585 -2.094044
v 2.466499 -1.197042 -1.693308
v 2.472309 -1.452585 -2.094044
v 2.466499 -1.197042 -1.693308
v 2.472309 -1.452585 -2.094044
v 2.605889 -1.324813 -1.890772
v 1.728916 -1.051848 -1.460997
v 2.001880 -1.307390 -1.861733
v 2.001880 -1.051848 -1.460997
v 2.001880 -1.051848 -1.460997
v 2.001880 -1.307390 -1.861733
v 2.141264 -1.179619 -1.664269
v 2.001880 -1.307390 -1.861733
v 1.728916 -1.051848 -1.460997
v 1.728916 -1.307390 -1.861733
v 1.589526 -1.179619 -1.664269
v 5.260039 -1.452585 -2.111468
v 5.399428 -1.580356 -2.308932
v 5.393618 -1.324813 -1.908195
v 5.672392 -1.324813 -1.908195
v 5.672392 -1.574548 -2.308932
v 5.811782 -1.446777 -2.111468
v 6.723598 -1.446777 -2.105660
v 6.584214 -1.319005 -1.908195
v 6.590019 -1.574548 -2.308932
v 6.311250 -1.574548 -2.308932
v 6.311250 -1.319005 -1.908195
v 6.177671 -1.446777 -2.111468
v 7.188222 -1.295775 -1.873349
v 7.048837 -1.168004 -1.675884
v 7.054643 -1.423546 -2.076621
v 6.775869 -1.423546 -2.076621
v 6.775869 -1.168004 -1.675884
v 6.775869 -1.168004 -1.675884
v 6.636484 -1.295775 -1.879157
v 6.775869 -1.423546 -2.076621
v 7.188222 -1.011194 -1.426150
v 7.048837 -0.883423 -1.222878
v 7.048837 -1.138965 -1.623614
v 6.775869 -1.138965 -1.623614
v 6.775869 -0.883423 -1.222878
v 6.636484 -1.011194 -1.426150
v 5.724663 -1.313198 -1.890772
v 5.864048 -1.435161 -2.094044
v 5.858242 -1.185427 -1.687500
v 6.137016 -1.179619 -1.687500
v 6.137016 -1.435161 -2.088237
v 6.270596 -1.307390 -1.890772
v 5.864048 -1.742973 -2.576090
v 5.730469 -1.870744 -2.779362
v 5.864048 -1.998515 -2.982634
v 5.864048 -1.742973 -2.576090
v 5.864048 -1.998515 -2.982634
v 6.137016 -1.742973 -2.576090
v 6.142822 -1.998515 -2.982634
v 6.137016 -1.742973 -2.576090
v 6.142822 -1.998515 -2.982634
v 6.276401 -1.870744 -2.779362
v 5.869858 -2.317943 -3.482103
v 5.869858 -2.573486 -3.882839
v 6.142822 -2.317943 -3.482103
v 5.869858 -2.317943 -3.482103
v 5.730469 -2.445714 -3.679567
v 5.869858 -2.573486 -3.882839
v 5.869858 -2.573486 -3.882839
v 6.142822 -2.567677 -3.882839
v 6.142822 -2.317943 -3.482103
v 6.282212 -2.439906 -3.679567
v 8.553051 -1.156388 -1.664269
v 8.413662 -1.034425 -1.466805
v 8.413662 -1.284159 -1.867541
v 8.140697 -1.289967 -1.867541
v 8.140697 -1.034425 -1.466805
v 8.001313 -1.162196 -1.664269
v 9.017671 -1.011194 -1.431958
v 8.878285 -0.883423 -1.234494
v 8.878285 -1.138965 -1.635230
v 8.605322 -1.138965 -1.635230
v 8.605322 -0.883423 -1.234494
v 8.605322 -0.883423 -1.234494
v 8.465932 -1.011194 -1.431958
v 8.605322 -1.138965 -1.635230
v 7.228876 -1.893975 -2.820016
v 7.095297 -2.021746 -3.023288
v 7.234682 -2.149518 -3.220753
v 7.228876 -1.893975 -2.820016
v 7.234682 -2.149518 -3.220753
v 7.507651 -1.893975 -2.820016
v 7.507651 -2.149518 -3.220753
v 7.641230 -2.021746 -3.017481
v 1.665029 2.125005 3.556922
v 1.525639 2.252777 3.760194
v 1.531450 1.997234 3.359457
v 1.252676 2.252777 3.760194
v 1.258486 1.997234 3.359457
v 1.119097 2.125005 3.556922
v 1.113291 1.840424 3.109723
v 1.252676 1.712653 2.906451
v 1.252676 1.968195 3.307187
v 1.525639 1.712653 2.906451
v 1.525639 1.968195 3.307187
v 1.665029 1.840424 3.109723
v 1.119097 0.696292 1.303505
v 1.258486 0.568521 1.100232
v 1.258486 0.824064 1.506777
v 1.537256 0.568521 1.106040
v 1.531450 0.824064 1.506777
v 1.670835 0.696292 1.303505
v 4.278525 1.695230 2.865796
v 4.005561 1.695230 2.865796
v 4.005561 1.439688 2.459252
v 3.866176 1.567459 2.662524
v 4.005561 1.439688 2.459252
v 4.278525 1.439688 2.465059
v 4.278525 1.695230 2.865796
v 4.417915 1.567459 2.662524
v 5.329736 1.857847 3.115531
v 5.190346 1.985618 3.318803
v 5.190346 1.730076 2.912259
v 4.917383 1.730076 2.912259
v 4.917383 1.985618 3.318803
v 4.777998 1.857847 3.115531
v 3.866176 1.282878 2.209517
v 4.005561 1.155107 2.012053
v 4.005561 1.410649 2.412790
v 4.278525 1.410649 2.412790
v 4.284336 1.155107 2.012053
v 4.278525 1.410649 2.412790
v 4.284336 1.155107 2.012053
v 4.417915 1.282878 2.209517
v 4.284336 0.841487 1.512584
v 4.011372 0.835679 1.512584
v 4.011372 0.585945 1.106040
v 3.871982 0.707908 1.309312
v 4.011372 0.585945 1.106040
v 4.284336 0.585945 1.111848
v 4.284336 0.841487 1.512584
v 4.423720 0.713716 1.309312
v 3.407363 1.131876 1.977207
v 3.540937 1.004105 1.779742
v 3.540937 1.259647 2.180479
v 3.813906 1.259647 2.180479
v 3.819712 1.004105 1.779742
v 3.953291 1.131876 1.977207
v 3.540937 0.975066 1.727472
v 3.407363 0.847294 1.530007
v 3.546748 0.719524 1.326735
v 3.540937 0.975066 1.727472
v 3.546748 0.719524 1.326735
v 3.819712 0.975066 1.727472
v 3.819712 0.719524 1.326735
v 3.953291 0.847294 1.530007
v 5.335542 1.004105 1.762319
v 5.196157 1.126068 1.965591
v 5.196157 0.876334 1.564854
v 4.923188 0.870526 1.559047
v 4.923188 1.126068 1.965591
v 4.783803 0.998296 1.762319
v 2.896274 1.828809 3.080684
v 2.623310 1.573267 2.679947
v 2.896274 1.573267 2.679947
v 2.896274 1.828809 3.080684
v 2.896274 1.573267 2.679947
v 3.035664 1.701038 2.883219
v 2.896274 1.828809 3.080684
v 2.623310 1.828809 3.080684
v 2.623310 1.573267 2.679947
v 2.483926 1.701038 2.883219
v 3.360898 1.979811 3.312995
v 3.360898 1.724269 2.912259
v 3.500283 1.852040 3.115531
v 3.360898 1.724269 2.912259
v 3.360898 1.979811 3.312995
v 3.087934 1.724269 2.912259
v 3.087934 1.974003 3.312995
v 3.087934 1.974003 3.312995
v 2.948545 1.846232 3.115531
v 3.087934 1.724269 2.912259
v 2.449077 1.677806 2.848373
v 2.176113 1.677806 2.848373
v 2.176113 1.422264 2.447636
v 2.036728 1.550035 2.645101
v 2.176113 1.422264 2.447636
v 2.449077 1.428072 2.447636
v 2.449077 1.677806 2.848373
v 2.588467 1.555843 2.650908
v 2.036728 1.834617 3.098107
v 2.170303 1.712653 2.900643
v 2.170303 1.962388 3.301379
v 2.443271 1.968195 3.301379
v 2.449077 1.712653 2.900643
v 2.443271 1.968195 3.301379
v 2.449077 1.712653 2.900643
v 2.582656 1.840424 3.098107
v 2.042534 0.702100 1.309312
v 2.181919 0.574329 1.106040
v 2.181919 0.829871 1.506777
v 2.454888 0.829871 1.506777
v 2.454888 0.580137 1.106040
v 2.454888 0.829871 1.506777
v 2.454888 0.580137 1.106040
v 2.594272 0.707908 1.309312
v 1.990263 0.684677 1.274465
v 1.990263 0.429135 0.873729
v 2.129648 0.556906 1.077001
v 1.990263 0.684677 1.274465
v 1.717300 0.678869 1.274465
v 1.990263 0.429135 0.873729
v 1.717300 0.429135 0.873729
v 1.577910 0.551098 1.077001
v 6.566792 1.555843 2.633485
v 6.293823 1.300301 2.232749
v 6.566792 1.306109 2.232749
v 6.566792 1.555843 2.633485
v 6.566792 1.306109 2.232749
v 6.700371 1.433880 2.436021
v 6.566792 1.555843 2.633485
v 6.288017 1.555843 2.633485
v 6.293823 1.300301 2.232749
v 6.154438 1.428072 2.430213
v 7.170800 1.288685 2.203710
v 7.031410 1.410649 2.401174
v 7.031410 1.160914 2.000438
v 6.758447 1.155107 2.000438
v 6.758447 1.410649 2.401174
v 6.619062 1.282878 2.203710
v 7.983886 1.433880 2.430213
v 8.123276 1.306109 2.226941
v 8.123276 1.561651 2.633485
v 8.396239 1.306109 2.232749
v 8.396239 1.561651 2.633485
v 8.535625 1.433880 2.430213
v 7.066259 1.718461 2.889027
v 7.205644 1.590690 2.685755
v 7.205644 1.846232 3.086492
v 7.478612 1.846232 3.086492
v 7.478612 1.596498 2.685755
v 7.617997 1.724269 2.889027
v 7.536689 0.719524 1.303505
v 7.676074 0.591753 1.100232
v 7.676074 0.847294 1.506777
v 7.949042 0.847294 1.506777
v 7.954848 0.591753 1.100232
v 8.088428 0.719524 1.303505
v 7.072065 0.853103 1.524200
v 7.211454 0.725331 1.320928
v 7.211454 0.980873 1.721665
v 7.484418 0.980873 1.721665
v 7.484418 0.731139 1.320928
v 7.623803 0.858910 1.524200
v 5.323925 2.717398 4.474550
v 5.184541 2.845169 4.672015
v 5.184541 2.589627 4.271278
v 4.911577 2.589627 4.271278
v 4.911577 2.845169 4.672015
v 4.772187 2.717398 4.468742
v 3.993945 2.839362 4.672015
v 3.993945 2.583820 4.271278
v 4.266914 2.839362 4.672015
v 3.993945 2.839362 4.672015
v 3.860366 2.711591 4.468742
v 3.993945 2.583820 4.271278
v 3.993945 2.583820 4.271278
v 4.272719 2.583820 4.271278
v 4.266914 2.839362 4.672015
v 4.406299 2.711591 4.468742
v 3.535131 2.403779 3.986697
v 3.395747 2.276007 3.783425
v 3.535131 2.148236 3.585960
v 3.535131 2.403779 3.986697
v 3.535131 2.148236 3.585960
v 3.808095 2.403779 3.986697
v 3.808095 2.148236 3.585960
v 3.947485 2.276007 3.789232
v 4.853496 3.141366 5.142444
v 4.714111 3.263329 5.339909
v 4.719917 3.013595 4.939171
v 4.441147 3.007787 4.939171
v 4.441147 3.263329 5.339909
v 4.307568 3.135558 5.142444
v 4.853496 3.425947 5.589643
v 4.714111 3.553718 5.792915
v 4.714111 3.298176 5.392178
v 4.441147 3.298176 5.392178
v 4.441147 3.547910 5.792915
v 4.301757 3.420139 5.589643
v 2.164497 2.839362 4.677823
v 2.030918 2.711591 4.474550
v 2.164497 2.583820 4.277085
v 2.164497 2.839362 4.677823
v 2.164497 2.583820 4.277085
v 2.437461 2.839362 4.677823
v 2.443271 2.583820 4.277085
v 2.437461 2.839362 4.677823
v 2.443271 2.583820 4.277085
v 2.576850 2.711591 4.480358
v 2.112226 2.560589 4.248047
v 1.972842 2.688359 4.445510
v 1.978647 2.432817 4.044775
v 1.699873 2.688359 4.445510
v 1.699873 2.432817 4.044775
v 1.566294 2.560589 4.242239
v 1.694067 3.832491 6.251729
v 1.967031 3.576949 5.850993
v 1.967031 3.832491 6.251729
v 1.967031 3.832491 6.251729
v 1.967031 3.576949 5.850993
v 2.106421 3.704720 6.048458
v 1.967031 3.576949 5.850993
v 1.694067 3.832491 6.251729
v 1.694067 3.576949 5.845185
v 1.554682 3.704720 6.048458
v 5.231001 2.862593 4.706861
v 5.364580 2.740629 4.503589
v 5.364580 2.990364 4.904325
v 5.637548 2.996171 4.904325
v 5.643354 2.740629 4.503589
v 5.776933 2.868401 4.706861
v 5.225195 3.437562 5.607066
v 5.364580 3.309792 5.403794
v 5.358774 3.565334 5.810338
v 5.637548 3.565334 5.810338
v 5.637548 3.309792 5.409603
v 5.637548 3.565334 5.810338
v 5.637548 3.309792 5.409603
v 5.771128 3.437562 5.607066
v 8.849247 2.868401 4.689437
v 8.855053 2.612859 4.288702
v 8.988632 2.740629 4.491973
v 8.855053 2.612859 4.288702
v 8.849247 2.868401 4.689437
v 8.576279 2.612859 4.288702
v 8.576279 2.868401 4.689437
v 8.442699 2.740629 4.491973
v 7.199838 2.711591 4.457127
v 7.060453 2.583820 4.253854
v 7.199838 2.461856 4.056391
v 7.199838 2.711591 4.457127
v 7.199838 2.461856 4.056391
v 7.472802 2.717398 4.457127
v 7.472802 2.461856 4.056391
v 7.472802 2.717398 4.457127
v 7.472802 2.461856 4.056391
v 7.612192 2.589627 4.259662
v 7.652846 3.722144 6.042649
v 7.519267 3.594373 5.839378
v 7.658652 3.466601 5.641913
v 7.652846 3.722144 6.042649
v 7.658652 3.466601 5.641913
v 7.931615 3.722144 6.042649
v 7.931615 3.466601 5.641913
v 7.931615 3.722144 6.042649
v 7.931615 3.466601 5.641913
v 8.065195 3.594373 5.845185
v 8.518203 3.164597 5.159867
v 8.384624 3.292368 5.363140
v 8.384624 3.036826 4.956596
v 8.111659 3.036826 4.956596
v 8.105849 3.286560 5.363140
v 8.105849 3.286560 5.363140
v 7.972270 3.158789 5.159867
v 8.111659 3.036826 4.956596
v 8.518203 3.733760 6.060072
v 8.378818 3.861531 6.263345
v 8.378818 3.605989 5.862608
v 8.105849 3.605989 5.862608
v 8.105849 3.861531 6.263345
v 8.105849 3.861531 6.263345
v 7.966464 3.733760 6.060072
v 8.105849 3.605989 5.862608
v 8.982826 3.600180 5.845185
v 8.843437 3.722144 6.042649
v 8.843437 3.472409 5.641913
v 8.570473 3.466601 5.641913
v 8.570473 3.722144 6.042649
v 8.431088 3.594373 5.845185
v 3.660366 3.728802 5.712333
v 3.660366 3.328267 5.079604
v 2.557441 3.722997 5.712333
v 2.563247 3.322462 5.073800
v 3.677778 1.395253 2.026254
v 3.677778 0.994719 1.393526
v 2.574858 1.389448 2.026254
v 2.580664 0.988914 1.393526
v 3.712607 -3.573697 -5.821900
v 2.609687 -3.579502 -5.821900
v 3.706801 -3.173162 -5.189171
v 2.609687 -3.178967 -5.189171
v 3.695195 -1.240148 -2.135821
v 2.592270 -1.245952 -2.135821
v 3.689389 -0.839613 -1.503093
v 2.592270 -0.845418 -1.503093
v 8.960190 3.664949 5.584626
v 8.960190 3.264414 4.951898
v 7.857270 3.659144 5.584626
v 7.863076 3.258609 4.951898
v 8.965996 2.631686 3.953464
v 7.868876 2.631686 3.953464
v 8.965996 3.038025 4.591998
v 7.863076 3.032220 4.586192
v 9.012431 -3.463405 -5.676778
v 7.909511 -3.469209 -5.676778
v 9.006630 -3.062871 -5.044050
v 7.909511 -3.068675 -5.044050
v 8.989213 -0.775760 -1.427630
v 8.995019 -1.176295 -2.060358
v 7.892099 -0.775760 -1.427630
v 7.892099 -1.182099 -2.060358
v 3.554048 -0.756293 -1.008919
v 3.420522 -0.884014 -1.206305
v 3.559853 -1.011734 -1.409496
v 3.554048 -0.756293 -1.008919
v 3.559853 -1.011734 -1.409496
v 3.832715 -0.756293 -1.003113
v 3.832715 -1.011734 -1.409496
v 3.832715 -0.756293 -1.003113
v 3.832715 -1.011734 -1.409496
v 3.966240 -0.884014 -1.206305
v 4.749975 -1.325229 -1.908767
v 4.477119 -1.580670 -2.309345
v 4.749975 -1.580670 -2.309345
v 4.749975 -1.325229 -1.908767
v 4.749975 -1.580670 -2.309345
v 4.889307 -1.452950 -2.111959
v 4.749975 -1.325229 -1.908767
v 4.477119 -1.325229 -1.908767
v 4.477119 -1.580670 -2.309345
v 4.337788 -1.452950 -2.111959
v 3.385693 -1.185898 -1.676548
v 3.385693 -1.435533 -2.077126
v 3.519218 -1.307813 -1.879740
v 3.385693 -1.435533 -2.077126
v 3.385693 -1.185898 -1.676548
v 3.112832 -1.441339 -2.082931
v 3.107026 -1.185898 -1.676548
v 3.107026 -1.185898 -1.676548
v 2.973501 -1.313618 -1.879740
v 3.112832 -1.441339 -2.082931
v 7.089584 -1.441339 -2.106153
v 7.228915 -1.569059 -2.309345
v 7.228915 -1.313618 -1.902961
v 7.501772 -1.313618 -1.902961
v 7.501772 -1.569059 -2.303539
v 7.641103 -1.441339 -2.106153
v 3.850127 -3.328118 -5.066945
v 3.850127 -3.583559 -5.467522
v 3.989458 -3.455839 -5.264331
v 3.850127 -3.583559 -5.467522
v 3.850127 -3.328118 -5.066945
v 3.577270 -3.583559 -5.467522
v 3.577270 -3.328118 -5.066945
v 3.577270 -3.328118 -5.066945
v 3.437939 -3.455839 -5.264331
v 3.577270 -3.583559 -5.467522
v 3.577270 -3.618392 -5.525577
v 3.437939 -3.746112 -5.722963
v 3.577270 -3.873832 -5.926155
v 3.577270 -3.618392 -5.525577
v 3.577270 -3.873832 -5.926155
v 3.850127 -3.618392 -5.525577
v 3.855932 -3.873832 -5.926155
v 3.989458 -3.740307 -5.722963
v 5.231831 -3.751918 -5.740379
v 5.231831 -4.001553 -6.140957
v 5.371162 -3.873832 -5.937765
v 5.231831 -4.001553 -6.140957
v 5.231831 -3.751918 -5.740379
v 4.958974 -4.007358 -6.140957
v 4.958974 -3.751918 -5.740379
v 4.819643 -3.879638 -5.943571
v 2.932866 -3.043650 -4.614118
v 2.932866 -3.299090 -5.014695
v 3.072197 -3.171370 -4.811503
v 2.932866 -3.299090 -5.014695
v 2.932866 -3.043650 -4.614118
v 2.660005 -3.299090 -5.014695
v 2.660005 -3.043650 -4.614118
v 2.660005 -3.043650 -4.614118
v 2.520674 -3.171370 -4.811503
v 2.660005 -3.299090 -5.014695
v 7.205693 -3.868027 -5.937765
v 7.066361 -3.740307 -5.734574
v 7.072167 -3.995747 -6.135152
v 6.793506 -3.995747 -6.135152
v 6.793506 -3.740307 -5.734574
v 6.793506 -3.740307 -5.734574
v 6.659976 -3.868027 -5.937765
v 6.793506 -3.995747 -6.135152
v 9.034413 -3.566143 -5.467522
v 8.895082 -3.438422 -5.270136
v 8.900888 -3.693863 -5.670714
v 8.622226 -3.693863 -5.670714
v 8.622226 -3.438422 -5.270136
v 8.482895 -3.566143 -5.473328
v 7.101195 -2.857875 -4.341260
v 7.240527 -2.985595 -4.538647
v 7.234721 -2.730154 -4.138069
v 7.513383 -2.730154 -4.138069
v 7.513383 -2.979789 -4.538647
v 7.513383 -2.730154 -4.138069
v 7.513383 -2.979789 -4.538647
v 7.646908 -2.852069 -4.335455
v 8.895082 -2.869485 -4.364482
v 8.895082 -3.124927 -4.770865
v 9.028613 -2.997206 -4.567674
v 8.895082 -3.124927 -4.770865
v 8.895082 -2.869485 -4.364482
v 8.622226 -3.124927 -4.770865
v 8.616421 -2.869485 -4.370288
v 8.482895 -2.997206 -4.567674
v 3.884961 -0.738876 -0.974086
v 4.024292 -0.860791 -1.177277
v 4.018486 -0.611156 -0.776699
v 4.297148 -0.605351 -0.770894
v 4.297148 -0.860791 -1.177277
v 4.430674 -0.733071 -0.974086
v 4.738364 0.102917 0.349562
v 4.738364 -0.152524 -0.051015
v 4.877695 -0.024803 0.146371
v 4.738364 -0.152524 -0.051015
v 4.738364 0.102917 0.349562
v 4.465508 -0.152524 -0.051015
v 4.465508 0.102917 0.349562
v 4.326177 -0.024803 0.146371
v 3.513413 0.126139 0.390201
v 3.374082 0.253860 0.587587
v 3.374082 -0.001581 0.187009
v 3.101221 -0.001581 0.187009
v 3.101221 0.248054 0.587587
v 2.961890 0.120334 0.390201
v 3.101221 0.282887 0.639836
v 3.374082 0.282887 0.639836
v 3.374082 0.538328 1.040414
v 3.507607 0.410607 0.837222
v 3.374082 0.538328 1.040414
v 3.095415 0.538328 1.040414
v 3.101221 0.282887 0.639836
v 2.961890 0.410607 0.837222
v 2.044629 0.108723 0.372784
v 2.183960 -0.013192 0.175398
v 2.183960 0.236443 0.575976
v 2.456816 0.242249 0.575976
v 2.462622 -0.013192 0.175398
v 2.596147 0.114528 0.372784
v 2.044629 0.398996 0.825611
v 2.183960 0.271276 0.622419
v 2.183960 0.526717 1.022997
v 2.456816 0.526717 1.022997
v 2.456816 0.271276 0.622419
v 2.596147 0.398996 0.825611
v 5.858823 -0.593740 -0.753478
v 5.719492 -0.721460 -0.956670
v 5.858823 -0.843375 -1.159861
v 5.858823 -0.593740 -0.753478
v 5.858823 -0.843375 -1.159861
v 6.131680 -0.587934 -0.753478
v 6.131680 -0.843375 -1.159861
v 6.131680 -0.587934 -0.753478
v 6.131680 -0.843375 -1.159861
v 6.271010 -0.715655 -0.956670
v 5.255054 -0.866597 -1.188888
v 5.394384 -0.994317 -1.392080
v 5.394384 -0.738876 -0.991502
v 5.667241 -0.738876 -0.985697
v 5.667241 -0.994317 -1.392080
v 5.667241 -0.738876 -0.985697
v 5.667241 -0.994317 -1.392080
v 5.806572 -0.866597 -1.188888
v 6.300039 -0.135107 -0.033599
v 6.578701 -0.135107 -0.033599
v 6.572896 0.120334 0.366979
v 6.712226 -0.007387 0.163787
v 6.300039 0.120334 0.366979
v 6.300039 -0.135107 -0.033599
v 6.572896 0.120334 0.366979
v 6.300039 0.120334 0.366979
v 6.166513 -0.007387 0.163787
v 6.300039 -0.135107 -0.033599
v 5.818183 -2.590823 -3.917461
v 5.684658 -2.468908 -3.714269
v 5.684658 -2.718543 -4.114847
v 5.411801 -2.718543 -4.114847
v 5.411801 -2.468908 -3.720075
v 5.411801 -2.468908 -3.720075
v 5.272470 -2.596628 -3.917461
v 5.411801 -2.718543 -4.114847
v 4.889307 -1.731613 -2.553174
v 4.755781 -1.609698 -2.355788
v 4.755781 -1.859333 -2.756366
v 4.482924 -1.865138 -2.756366
v 4.477119 -1.609698 -2.355788
v 4.343594 -1.737418 -2.558980
v 5.353745 -1.586476 -2.326761
v 5.214414 -1.464561 -2.129375
v 5.220220 -1.714196 -2.529953
v 4.941557 -1.720002 -2.529953
v 4.941557 -1.464561 -2.129375
v 4.802226 -1.592281 -2.326761
v 3.112832 -1.760640 -2.588007
v 2.979306 -1.888360 -2.785393
v 3.112832 -2.016081 -2.988585
v 3.112832 -1.760640 -2.588007
v 3.112832 -2.016081 -2.988585
v 3.385693 -1.760640 -2.588007
v 3.391494 -2.016081 -2.988585
v 3.385693 -1.760640 -2.588007
v 3.391494 -2.016081 -2.988585
v 3.525024 -1.882555 -2.785393
v 2.921255 -1.615503 -2.361594
v 2.921255 -1.870944 -2.762172
v 3.060586 -1.743223 -2.564785
v 2.921255 -1.870944 -2.762172
v 2.921255 -1.615503 -2.361594
v 2.648393 -1.870944 -2.762172
v 2.648393 -1.621308 -2.361594
v 2.509062 -1.749029 -2.564785
v 2.915449 -1.046566 -1.461745
v 2.921255 -1.302008 -1.862323
v 3.054780 -1.174287 -1.659132
v 2.921255 -1.302008 -1.862323
v 2.915449 -1.046566 -1.461745
v 2.642593 -1.302008 -1.862323
v 2.642593 -1.046566 -1.461745
v 2.509062 -1.174287 -1.659132
v 2.927060 -2.474714 -3.714269
v 2.654199 -2.730154 -4.114847
v 2.927060 -2.730154 -4.114847
v 2.927060 -2.474714 -3.714269
v 2.927060 -2.730154 -4.114847
v 3.066391 -2.602434 -3.917461
v 2.654199 -2.474714 -3.714269
v 2.654199 -2.730154 -4.114847
v 2.927060 -2.474714 -3.714269
v 2.654199 -2.474714 -3.714269
v 2.514868 -2.602434 -3.917461
v 2.654199 -2.730154 -4.114847
v 6.776089 -2.573406 -3.894239
v 7.048944 -2.573406 -3.894239
v 7.043139 -2.317966 -3.493661
v 7.182470 -2.445686 -3.691047
v 7.043139 -2.317966 -3.493661
v 6.770283 -2.323771 -3.493661
v 6.776089 -2.573406 -3.894239
v 6.636758 -2.445686 -3.691047
v 6.781894 -2.004470 -2.994390
v 7.054750 -2.004470 -2.988585
v 7.054750 -1.749029 -2.588007
v 7.194081 -1.876749 -2.791199
v 6.781894 -1.749029 -2.588007
v 6.781894 -2.004470 -2.994390
v 7.054750 -1.749029 -2.588007
v 6.781894 -1.749029 -2.588007
v 6.642563 -1.876749 -2.791199
v 6.781894 -2.004470 -2.994390
v 6.729643 -2.016081 -3.011807
v 6.590312 -1.888360 -2.808615
v 6.590312 -2.143801 -3.209193
v 6.317456 -2.143801 -3.209193
v 6.317456 -1.888360 -2.808615
v 6.178125 -2.016081 -3.011807
v 7.194081 -2.161218 -3.238220
v 7.054750 -2.033497 -3.040834
v 7.060556 -2.288938 -3.441412
v 6.781894 -2.288938 -3.441412
v 6.781894 -2.033497 -3.040834
v 6.781894 -2.033497 -3.040834
v 6.648369 -2.161218 -3.244026
v 6.781894 -2.288938 -3.441412
v 9.022807 -1.580670 -2.332566
v 8.883476 -1.452950 -2.135180
v 8.883476 -1.708391 -2.535758
v 8.610615 -1.708391 -2.535758
v 8.604809 -1.452950 -2.135180
v 8.471284 -1.580670 -2.332566
v 9.022807 -1.865138 -2.785393
v 8.883476 -1.737418 -2.582202
v 8.883476 -1.992859 -2.988585
v 8.610615 -1.992859 -2.988585
v 8.610615 -1.743223 -2.588007
v 8.471284 -1.870944 -2.785393
v 7.554018 -1.586476 -2.338372
v 7.693354 -1.714196 -2.535758
v 7.693354 -1.458755 -2.135180
v 7.966210 -1.458755 -2.135180
v 7.966210 -1.714196 -2.535758
v 8.105541 -1.586476 -2.338372
v 7.095390 -2.306355 -3.470439
v 7.234721 -2.434075 -3.673631
v 7.234721 -2.178634 -3.273053
v 7.507577 -2.178634 -3.267247
v 7.507577 -2.434075 -3.673631
v 7.646908 -2.306355 -3.470439
v 1.115752 1.269818 2.207314
v 1.255083 1.142097 2.004122
v 1.255083 1.397538 2.404700
v 1.527939 1.142097 2.004122
v 1.527939 1.397538 2.404700
v 1.667270 1.269818 2.207314
v 3.809492 2.123222 3.548378
v 3.536630 2.123222 3.548378
v 3.536630 1.867782 3.141995
v 3.397300 1.995502 3.345187
v 3.536630 1.867782 3.141995
v 3.809492 1.873587 3.141995
v 3.809492 2.123222 3.548378
v 3.948823 2.001307 3.345187
v 2.956084 1.275623 2.207314
v 3.089609 1.147902 2.004122
v 3.089609 1.403343 2.404700
v 3.362470 1.403343 2.404700
v 3.368276 1.147902 2.004122
v 3.501801 1.275623 2.207314
v 2.172348 1.397538 2.404700
v 2.038823 1.269818 2.201508
v 2.178154 1.142097 2.004122
v 2.172348 1.397538 2.404700
v 2.178154 1.142097 2.004122
v 2.451011 1.397538 2.404700
v 2.451011 1.142097 2.004122
v 2.451011 1.397538 2.404700
v 2.451011 1.142097 2.004122
v 2.584536 1.269818 2.201508
v 1.986572 1.252401 2.178287
v 1.986572 0.996960 1.777709
v 2.125903 1.124681 1.975095
v 1.986572 1.252401 2.178287
v 1.713716 1.252401 2.178287
v 1.986572 0.996960 1.777709
v 1.713716 0.996960 1.777709
v 1.574385 1.124681 1.975095
v 2.898032 1.542675 2.631114
v 2.898032 1.287234 2.230536
v 3.037363 1.414954 2.427922
v 2.898032 1.287234 2.230536
v 2.898032 1.542675 2.631114
v 2.625176 1.287234 2.230536
v 2.625176 1.542675 2.631114
v 2.485845 1.414954 2.427922
v 2.898032 1.258206 2.178287
v 2.903838 1.002766 1.777709
v 3.037363 1.130486 1.980900
v 2.903838 1.002766 1.777709
v 2.898032 1.258206 2.178287
v 2.630981 1.002766 1.777709
v 2.625176 1.258206 2.178287
v 2.491650 1.130486 1.980900
v 2.903838 0.689270 1.278438
v 2.909643 0.433829 0.877861
v 3.043169 0.561550 1.075246
v 2.909643 0.433829 0.877861
v 2.903838 0.689270 1.278438
v 2.630981 0.433829 0.877861
v 2.630981 0.683464 1.278438
v 2.491650 0.555744 1.075246
v 2.178154 1.113069 1.957679
v 2.038823 0.985349 1.760293
v 2.178154 0.863434 1.557101
v 2.178154 1.113069 1.957679
v 2.178154 0.863434 1.557101
v 2.451011 1.118875 1.957679
v 2.451011 0.863434 1.557101
v 2.590342 0.991155 1.760293
v 6.300039 0.445440 0.877861
v 6.572896 0.445440 0.877861
v 6.567090 0.700881 1.278438
v 6.706421 0.573160 1.081052
v 6.567090 0.700881 1.278438
v 6.294233 0.695075 1.278438
v 6.300039 0.445440 0.877861
v 6.160708 0.573160 1.075246
v 6.700615 1.716839 2.886555
v 6.561284 1.844559 3.083941
v 6.567090 1.589118 2.683363
v 6.288427 1.589118 2.683363
v 6.288427 1.844559 3.083941
v 6.154902 1.716839 2.886555
v 5.702075 1.850365 3.101357
v 5.841406 1.722644 2.903971
v 5.835600 1.978085 3.304549
v 6.114263 1.978085 3.304549
v 6.114263 1.728450 2.903971
v 6.247788 1.856170 3.101357
v 6.706421 0.857629 1.533879
v 6.567090 0.985349 1.731265
v 6.572896 0.729908 1.330687
v 6.294233 0.729908 1.330687
v 6.294233 0.985349 1.731265
v 6.160708 0.857629 1.533879
v 5.707880 0.718297 1.313271
v 5.847212 0.590577 1.110079
v 5.847212 0.846018 1.510657
v 6.120068 0.846018 1.510657
v 6.120068 0.590577 1.110079
v 6.259399 0.718297 1.313271
v 7.066361 1.432371 2.427922
v 7.205693 1.304650 2.230536
v 7.205693 1.560091 2.631114
v 7.484355 1.304650 2.230536
v 7.478549 1.560091 2.631114
v 7.617880 1.432371 2.427922
v 8.993779 1.867782 3.107163
v 8.854447 1.995502 3.310354
v 8.860253 1.740061 2.909776
v 8.581592 1.740061 2.909776
v 8.581592 1.989696 3.310354
v 8.448061 1.861976 3.107163
v 7.536606 1.287234 2.207314
v 7.675937 1.165319 2.004122
v 7.670131 1.414954 2.404700
v 7.948793 1.420760 2.404700
v 7.948793 1.165319 2.004122
v 8.082318 1.293039 2.207314
v 7.536606 1.002766 1.754487
v 7.675937 0.875045 1.551295
v 7.675937 1.130486 1.957679
v 7.948793 1.130486 1.957679
v 7.948793 0.880851 1.551295
v 8.088124 1.008571 1.754487
v 8.999584 1.008571 1.754487
v 8.866059 1.136292 1.957679
v 8.866059 0.880851 1.557101
v 8.593198 0.880851 1.557101
v 8.587397 1.136292 1.957679
v 8.587397 1.136292 1.957679
v 8.453867 1.008571 1.754487
v 8.593198 0.880851 1.557101
v 1.109946 2.697964 4.465643
v 1.243472 2.570244 4.262452
v 1.243472 2.825684 4.668835
v 1.522134 2.576049 4.268258
v 1.516328 2.825684 4.668835
v 1.516328 2.825684 4.668835
v 1.522134 2.576049 4.268258
v 1.655659 2.703769 4.465643
v 3.403105 3.713922 6.050538
v 3.536630 3.586201 5.853152
v 3.536630 3.835837 6.253729
v 3.809492 3.841642 6.253729
v 3.809492 3.586201 5.853152
v 3.809492 3.841642 6.253729
v 3.809492 3.586201 5.853152
v 3.943017 3.713922 6.056343
v 4.720952 2.982432 4.901054
v 4.720952 2.732797 4.494670
v 4.860283 2.860517 4.697862
v 4.720952 2.732797 4.494670
v 4.720952 2.982432 4.901054
v 4.448091 2.726991 4.494670
v 4.448091 2.982432 4.895249
v 4.308760 2.854712 4.697862
v 3.861738 2.140638 3.565795
v 4.001069 2.012918 3.368409
v 4.001069 2.268359 3.768986
v 4.273931 2.268359 3.768986
v 4.273931 2.012918 3.368409
v 4.413261 2.140638 3.565795
v 3.850127 3.568785 5.824124
v 3.989458 3.441065 5.620933
v 3.989458 3.696506 6.021510
v 4.262319 3.696506 6.021510
v 4.262319 3.441065 5.620933
v 4.262319 3.696506 6.021510
v 4.262319 3.441065 5.620933
v 4.401650 3.568785 5.824124
v 4.848671 3.708117 6.044733
v 4.709341 3.835837 6.242118
v 4.715146 3.580396 5.841540
v 4.442285 3.580396 5.841540
v 4.436479 3.835837 6.242118
v 4.302954 3.708117 6.044733
v 2.108486 3.133374 5.144884
v 1.969155 3.261095 5.348076
v 1.974961 3.005654 4.947497
v 1.696299 3.261095 5.348076
v 1.696299 3.005654 4.947497
v 1.562773 3.133374 5.144884
v 2.892226 2.407690 3.995400
v 2.892226 2.152249 3.594822
v 3.031558 2.279970 3.798014
v 2.892226 2.152249 3.594822
v 2.892226 2.407690 3.995400
v 2.619370 2.152249 3.594822
v 2.619370 2.407690 3.995400
v 2.480039 2.279970 3.798014
v 2.166543 2.268359 3.774792
v 2.033017 2.140638 3.577406
v 2.172348 2.012918 3.374214
v 2.166543 2.268359 3.774792
v 2.172348 2.012918 3.374214
v 2.445205 2.268359 3.774792
v 2.445205 2.012918 3.374214
v 2.584536 2.140638 3.577406
v 2.880615 3.835837 6.253729
v 2.886421 3.580396 5.847346
v 3.019946 3.708117 6.050538
v 2.886421 3.580396 5.847346
v 2.880615 3.835837 6.253729
v 2.607759 3.580396 5.847346
v 2.607759 3.835837 6.253729
v 2.468428 3.708117 6.050538
v 3.019946 3.423648 5.597711
v 2.886421 3.551369 5.800902
v 2.886421 3.295928 5.400324
v 2.613564 3.295928 5.400324
v 2.607759 3.551369 5.800902
v 2.474233 3.423648 5.597711
v 1.696299 3.545563 5.800902
v 1.969155 3.290122 5.394519
v 1.969155 3.545563 5.800902
v 1.969155 3.545563 5.800902
v 1.969155 3.290122 5.394519
v 2.108486 3.417843 5.597711
v 1.696299 3.545563 5.800902
v 1.696299 3.290122 5.394519
v 1.969155 3.290122 5.394519
v 1.696299 3.545563 5.800902
v 1.556968 3.417843 5.597711
v 1.696299 3.290122 5.394519
v 6.683198 3.731339 6.062148
v 6.543867 3.853253 6.259535
v 6.549673 3.603618 5.864763
v 6.276816 3.603618 5.864763
v 6.271010 3.853253 6.259535
v 6.137485 3.725533 6.062148
v 6.241982 2.726991 4.483060
v 6.102651 2.854712 4.680445
v 6.108457 2.599271 4.279868
v 5.829795 2.854712 4.680445
v 5.829795 2.599271 4.279868
v 5.690464 2.726991 4.483060
v 6.752866 2.308997 3.821236
v 7.025722 2.314802 3.827041
v 7.025722 2.564438 4.227619
v 7.159247 2.442523 4.024427
v 6.747060 2.564438 4.227619
v 6.752866 2.308997 3.821236
v 7.025722 2.564438 4.227619
v 6.747060 2.564438 4.227619
v 6.613535 2.436718 4.024427
v 6.752866 2.308997 3.821236
v 6.555479 2.999849 4.906859
v 6.282622 2.744408 4.506281
v 6.555479 2.744408 4.506281
v 6.555479 2.999849 4.906859
v 6.555479 2.744408 4.506281
v 6.694809 2.872128 4.709474
v 6.555479 2.999849 4.906859
v 6.282622 2.994043 4.906859
v 6.282622 2.744408 4.506281
v 6.143291 2.866323 4.709474
v 6.549673 3.568785 5.812513
v 6.276816 3.313344 5.406130
v 6.549673 3.313344 5.406130
v 6.549673 3.568785 5.812513
v 6.549673 3.313344 5.406130
v 6.689004 3.441065 5.609321
v 6.549673 3.568785 5.812513
v 6.276816 3.568785 5.812513
v 6.276816 3.313344 5.406130
v 6.137485 3.441065 5.609321
v 7.153442 3.307539 5.388713
v 7.014111 3.429453 5.591905
v 7.019916 3.179818 5.191328
v 6.741255 3.174013 5.191328
v 6.741255 3.429453 5.591905
v 6.741255 3.429453 5.591905
v 6.607729 3.301733 5.388713
v 6.741255 3.174013 5.191328
v 5.823989 3.702311 6.027316
v 5.690464 3.574591 5.824124
v 5.823989 3.446870 5.626738
v 5.823989 3.702311 6.027316
v 5.823989 3.446870 5.626738
v 6.096846 3.708117 6.027316
v 6.102651 3.452675 5.626738
v 6.236176 3.580396 5.829930
v 7.060556 2.297386 3.803819
v 7.199887 2.175471 3.606433
v 7.199887 2.430912 4.007011
v 7.472744 2.430912 4.007011
v 7.472744 2.175471 3.606433
v 7.472744 2.430912 4.007011
v 7.472744 2.175471 3.606433
v 7.612074 2.303192 3.803819
v 1.543413 -0.870980 -1.176526
v 1.270542 -0.621333 -0.775930
v 1.270542 -0.876785 -1.176526
v 1.131206 -0.749059 -0.979131
v 1.270542 -0.621333 -0.775930
v 1.543413 -0.870980 -1.176526
v 1.543413 -0.621333 -0.775930
v 1.682749 -0.743253 -0.979131
v 1.723388 -0.185902 -0.096658
v 1.996260 -0.441355 -0.497254
v 1.996260 -0.185902 -0.096658
v 2.135596 -0.313628 -0.294053
v 1.996260 -0.441355 -0.497254
v 1.723388 -0.185902 -0.096658
v 1.723388 -0.441355 -0.497254
v 1.584053 -0.313628 -0.299859
v 5.799023 0.568845 1.076102
v 5.659682 0.696571 1.273497
v 5.659682 0.441118 0.878707
v 5.386811 0.441118 0.878707
v 5.386811 0.690765 1.273497
v 5.253281 0.568845 1.076102
v 3.534780 1.840302 3.096501
v 3.540586 1.584850 2.690099
v 3.813457 1.840302 3.096501
v 3.534780 1.840302 3.096501
v 3.401250 1.712576 2.893300
v 3.540586 1.584850 2.690099
v 3.540586 1.584850 2.690099
v 3.813457 1.584850 2.695905
v 3.813457 1.840302 3.096501
v 3.946987 1.712576 2.893300
v 4.730766 0.986858 1.743763
v 4.736572 0.731405 1.343167
v 4.870102 0.859132 1.540562
v 4.736572 0.731405 1.343167
v 4.730766 0.986858 1.743763
v 4.457895 0.731405 1.343167
v 4.457895 0.986858 1.743763
v 4.324360 0.859132 1.540562
v 5.375200 1.550015 2.632041
v 5.375200 1.300368 2.231445
v 5.648071 1.555821 2.632041
v 5.375200 1.550015 2.632041
v 5.241670 1.422289 2.428840
v 5.375200 1.300368 2.231445
v 5.375200 1.300368 2.231445
v 5.653877 1.300368 2.231445
v 5.648071 1.555821 2.632041
v 5.787407 1.428095 2.434646
v 3.389638 3.140789 5.151734
v 3.528974 3.013062 4.948533
v 3.528974 3.268515 5.354935
v 3.801845 3.268515 5.354935
v 3.801845 3.013062 4.948533
v 3.941181 3.140789 5.151734
v 7.465268 3.582025 5.825200
v 7.192397 3.576220 5.825200
v 7.192397 3.326572 5.418798
v 7.053061 3.448493 5.621999
v 7.192397 3.326572 5.418798
v 7.465268 3.326572 5.418798
v 7.465268 3.582025 5.825200
v 7.604609 3.454299 5.621999
v 2.930986 -2.757847 -4.160678
v 2.930986 -3.013299 -4.561274
v 3.070322 -2.885573 -4.358073
v 2.930986 -3.013299 -4.561274
v 2.930986 -2.757847 -4.160678
v 2.658115 -3.013299 -4.561274
v 2.658115 -2.757847 -4.160678
v 2.658115 -2.757847 -4.160678
v 2.518774 -2.885573 -4.363879
v 2.658115 -3.013299 -4.561274
v 3.546391 0.394672 0.809038
v 3.412861 0.266946 0.611642
v 3.552197 0.139220 0.408442
v 3.546391 0.394672 0.809038
v 3.552197 0.139220 0.408442
v 3.819262 0.394672 0.809038
v 3.825068 0.139220 0.408442
v 3.819262 0.394672 0.809038
v 3.825068 0.139220 0.408442
v 3.958598 0.266946 0.611642
v 3.047100 0.261140 0.605837
v 2.907763 0.388867 0.809038
v 2.907763 0.133414 0.408442
v 2.634892 0.133414 0.402636
v 2.634892 0.388867 0.809038
v 2.495552 0.261140 0.605837
v 2.129790 0.255334 0.605837
v 1.990454 0.383061 0.803232
v 1.996260 0.127608 0.402636
v 1.717583 0.383061 0.803232
v 1.717583 0.127608 0.402636
v 1.584053 0.255334 0.605837
v 3.058711 -1.457360 -2.111251
v 2.919375 -1.335439 -1.913855
v 2.919375 -1.585086 -2.314452
v 2.646504 -1.590892 -2.314452
v 2.646504 -1.335439 -1.913855
v 2.507163 -1.463165 -2.111251
v 2.925181 -1.904402 -2.813746
v 2.925181 -2.159855 -3.214342
v 3.064517 -2.032128 -3.011141
v 2.925181 -2.159855 -3.214342
v 2.925181 -1.904402 -2.813746
v 2.652309 -2.159855 -3.214342
v 2.646504 -1.904402 -2.813746
v 2.646504 -1.904402 -2.813746
v 2.512969 -2.032128 -3.016947
v 2.652309 -2.159855 -3.214342
v 6.698911 2.002863 3.334536
v 6.559575 2.130589 3.537737
v 6.565381 1.875137 3.137141
v 6.286704 1.875137 3.137141
v 6.286704 2.130589 3.537737
v 6.286704 2.130589 3.537737
v 6.147363 2.002863 3.334536
v 6.286704 1.875137 3.137141
v 8.423217 -1.852150 -2.761494
v 8.144541 -1.602503 -2.360898
v 8.144541 -1.852150 -2.761494
v 8.011010 -1.730230 -2.564099
v 8.144541 -1.602503 -2.360898
v 8.423217 -1.852150 -2.761494
v 8.417412 -1.596697 -2.360898
v 8.556747 -1.724424 -2.564099
v 2.913569 -0.754865 -0.996548
v 2.919375 -1.010317 -1.397144
v 3.052905 -0.882591 -1.199749
v 2.919375 -1.010317 -1.397144
v 2.913569 -0.754865 -0.996548
v 2.640698 -1.010317 -1.397144
v 2.640698 -0.754865 -0.996548
v 2.507163 -0.882591 -1.199749
v 5.259087 -1.167073 -1.658403
v 5.398423 -1.294799 -1.861604
v 5.392617 -1.039346 -1.461007
v 5.671294 -1.039346 -1.461007
v 5.671294 -1.288993 -1.861604
v 5.671294 -1.039346 -1.461007
v 5.671294 -1.288993 -1.861604
v 5.804829 -1.161267 -1.658403
v 5.723545 -1.027735 -1.437785
v 5.862885 -1.149655 -1.640985
v 5.857080 -0.900008 -1.240389
v 6.135752 -0.894203 -1.240389
v 6.135752 -1.149655 -1.640985
v 6.269287 -1.021929 -1.437785
v 1.154429 -3.605485 -5.495999
v 1.293764 -3.733211 -5.693394
v 1.287959 -3.477759 -5.292798
v 1.566635 -3.733211 -5.693394
v 1.566635 -3.477759 -5.292798
v 1.566635 -3.477759 -5.292798
v 1.566635 -3.733211 -5.693394
v 1.700166 -3.605485 -5.495999
v 1.154429 -3.895772 -5.948847
v 1.293764 -4.017693 -6.146243
v 1.293764 -3.768046 -5.745646
v 1.566635 -4.017693 -6.146243
v 1.566635 -3.762240 -5.745646
v 1.705971 -3.889966 -5.943041
v 3.848291 -3.036522 -4.607720
v 3.575420 -3.036522 -4.607720
v 3.575420 -3.291975 -5.008317
v 3.436084 -3.164248 -4.810921
v 3.575420 -3.291975 -5.008317
v 3.848291 -3.291975 -5.008317
v 3.848291 -3.036522 -4.607720
v 3.987627 -3.164248 -4.810921
v 3.378027 -0.034953 0.129766
v 3.099350 -0.040758 0.129766
v 3.105156 -0.290405 -0.270830
v 2.965820 -0.168485 -0.067630
v 3.105156 -0.290405 -0.270830
v 3.378027 -0.290405 -0.270830
v 3.378027 -0.034953 0.129766
v 3.511557 -0.162679 -0.067630
v 7.180786 -0.139456 -0.050212
v 7.041450 -0.017535 0.147183
v 7.041450 -0.267182 -0.253413
v 6.768579 -0.272988 -0.253413
v 6.768579 -0.017535 0.147183
v 6.629243 -0.145262 -0.056018
v 5.247475 -0.011730 0.164601
v 5.386811 -0.139456 -0.038601
v 5.386811 0.115997 0.361996
v 5.659682 0.115997 0.361996
v 5.659682 -0.139456 -0.038601
v 5.659682 0.115997 0.361996
v 5.659682 -0.139456 -0.038601
v 5.799023 -0.011730 0.164601
v 5.357783 -1.875373 -2.778911
v 5.218447 -1.747647 -2.575710
v 5.218447 -2.003099 -2.982112
v 4.945576 -2.003099 -2.982112
v 4.945576 -1.747647 -2.581516
v 4.806240 -1.875373 -2.778911
v 3.888930 -1.312216 -1.879021
v 4.028271 -1.434137 -2.082222
v 4.022466 -1.184490 -1.675820
v 4.301137 -1.178684 -1.675820
v 4.301137 -1.434137 -2.082222
v 4.301137 -1.178684 -1.675820
v 4.301137 -1.434137 -2.082222
v 4.434672 -1.306410 -1.879021
v 4.887519 -1.167073 -1.658403
v 4.748183 -1.039346 -1.461007
v 4.748183 -1.294799 -1.861604
v 4.475312 -1.294799 -1.861604
v 4.475312 -1.039346 -1.461007
v 4.335971 -1.167073 -1.658403
v 3.430278 -2.032128 -3.016947
v 3.563808 -2.154049 -3.214342
v 3.563808 -1.904402 -2.813746
v 3.836679 -1.898596 -2.813746
v 3.842485 -2.154049 -3.214342
v 3.836679 -1.898596 -2.813746
v 3.842485 -2.154049 -3.214342
v 3.976015 -2.026322 -3.011141
v 3.523169 -1.596697 -2.331869
v 3.383833 -1.468971 -2.128668
v 3.389638 -1.724424 -2.529264
v 3.110962 -1.724424 -2.529264
v 3.110962 -1.468971 -2.128668
v 2.977432 -1.596697 -2.331869
v 3.528974 -2.177272 -3.243371
v 3.389638 -2.049545 -3.045975
v 3.389638 -2.304998 -3.446572
v 3.116767 -2.304998 -3.446572
v 3.116767 -2.049545 -3.045975
v 2.977432 -2.177272 -3.243371
v 8.556747 -1.445748 -2.117056
v 8.417412 -1.318022 -1.913855
v 8.417412 -1.573475 -2.314452
v 8.144541 -1.573475 -2.320257
v 8.138735 -1.318022 -1.913855
v 8.005204 -1.445748 -2.117056
v 1.253125 1.683547 2.858465
v 1.113789 1.555821 2.655264
v 1.253125 1.428095 2.457869
v 1.253125 1.428095 2.457869
v 1.525996 1.428095 2.457869
v 1.253125 1.683547 2.858465
v 1.525996 1.683547 2.858465
v 1.665332 1.555821 2.655264
v 4.864296 1.706770 2.881688
v 4.724961 1.834497 3.084889
v 4.730766 1.579044 2.684294
v 4.452090 1.579044 2.684294
v 4.452090 1.834497 3.084889
v 4.318554 1.706770 2.881688
v 1.984648 1.538404 2.632041
v 1.984648 1.282951 2.225639
v 2.123984 1.410678 2.428840
v 1.984648 1.538404 2.632041
v 1.711777 1.538404 2.626235
v 1.984648 1.282951 2.225639
v 1.711777 1.282951 2.225639
v 1.711777 1.538404 2.626235
v 1.572441 1.410678 2.428840
v 1.711777 1.282951 2.225639
v 7.668471 1.700964 2.858465
v 7.534936 1.573238 2.655264
v 7.674277 1.445512 2.457869
v 7.668471 1.700964 2.858465
v 7.674277 1.445512 2.457869
v 7.941337 1.700964 2.858465
v 7.947143 1.451318 2.457869
v 8.080678 1.579044 2.655264
v 7.070478 1.137808 1.970187
v 7.209814 1.015887 1.772791
v 7.209814 1.265534 2.173388
v 7.482685 1.271340 2.173388
v 7.482685 1.015887 1.772791
v 7.482685 1.271340 2.173388
v 7.482685 1.015887 1.772791
v 7.622025 1.143613 1.975993
v 8.127124 0.452730 0.884513
v 8.405800 0.458535 0.884513
v 8.399995 0.708182 1.285109
v 8.539330 0.586262 1.087714
v 8.399995 0.708182 1.285109
v 8.127124 0.708182 1.285109
v 8.127124 0.452730 0.884513
v 7.987787 0.580456 1.087714
v 8.539330 0.870743 1.534756
v 8.399995 0.998470 1.737957
v 8.399995 0.743017 1.337361
v 8.127124 0.743017 1.337361
v 8.127124 0.992664 1.737957
v 8.127124 0.992664 1.737957
v 7.987787 0.864938 1.534756
v 8.127124 0.743017 1.337361
v 9.003789 0.725600 1.308332
v 8.864452 0.853326 1.505727
v 8.864452 0.597873 1.105131
v 8.591581 0.597873 1.105131
v 8.591581 0.847520 1.505727
v 8.452246 0.719794 1.302526
v 5.636460 3.849090 6.260631
v 5.636460 3.599442 5.860035
v 5.775795 3.727169 6.063236
v 5.636460 3.599442 5.860035
v 5.636460 3.849090 6.260631
v 5.363589 3.599442 5.860035
v 5.363589 3.849090 6.260631
v 5.230058 3.721364 6.063236
v 3.081933 2.577632 4.263455
v 3.354804 2.577632 4.263455
v 3.354804 2.833084 4.669857
v 3.494140 2.705358 4.466656
v 3.081933 2.833084 4.669857
v 3.081933 2.577632 4.263455
v 3.354804 2.833084 4.669857
v 3.081933 2.833084 4.669857
v 2.942598 2.705358 4.466656
v 3.081933 2.577632 4.263455
v 2.890342 2.693747 4.449239
v 2.890342 2.438294 4.048642
v 3.029683 2.566020 4.246038
v 2.890342 2.438294 4.048642
v 2.890342 2.693747 4.449239
v 2.617476 2.438294 4.042837
v 2.617476 2.693747 4.449239
v 2.478135 2.566020 4.246038
v 3.494140 2.420877 4.013808
v 3.354804 2.548603 4.217009
v 3.360610 2.293150 3.816413
v 3.081933 2.293150 3.816413
v 3.081933 2.548603 4.217009
v 2.948403 2.420877 4.013808
v 6.698911 2.298956 3.804801
v 6.559575 2.426682 4.008003
v 6.559575 2.171230 3.607406
v 6.286704 2.171230 3.601601
v 6.286704 2.426682 4.008003
v 6.147363 2.298956 3.804801
v 6.112529 2.287344 3.787384
v 5.833857 2.287344 3.787384
v 5.839663 2.031892 3.386788
v 5.700322 2.153812 3.584183
v 5.839663 2.031892 3.386788
v 6.112529 2.031892 3.386788
v 6.112529 2.287344 3.787384
v 6.246064 2.159618 3.584183
v 8.388383 2.757610 4.513103
v 8.109706 3.007257 4.919504
v 8.115512 2.751804 4.513103
v 7.976176 2.879530 4.716303
v 8.109706 3.007257 4.919504
v 8.388383 2.757610 4.513103
v 8.388383 3.007257 4.919504
v 8.521914 2.885336 4.716303
v 8.986371 3.024674 4.942727
v 8.847035 3.152400 5.140123
v 8.852841 2.896948 4.739526
v 8.574164 2.896948 4.739526
v 8.574164 3.152400 5.140123
v 8.440634 3.024674 4.942727
v 7.662665 2.862113 4.687274
v 7.523324 2.734387 4.489879
v 7.662665 2.606660 4.286678
v 7.662665 2.862113 4.687274
v 7.662665 2.606660 4.286678
v 7.935532 2.862113 4.687274
v 7.935532 2.612466 4.286678
v 8.074872 2.740192 4.489879
v 7.941337 2.293150 3.787384
v 7.662665 2.293150 3.787384
v 7.668471 2.037698 3.386788
v 7.529130 2.165424 3.584183
v 7.668471 2.037698 3.386788
v 7.941337 2.037698 3.386788
v 7.941337 2.293150 3.787384
v 8.080678 2.165424 3.589989
v 7.662665 2.577632 4.240233
v 7.529130 2.449906 4.037031
v 7.662665 2.322179 3.839636
v 7.662665 2.577632 4.240233
v 7.662665 2.322179 3.839636
v 7.935532 2.577632 4.240233
v 7.941337 2.322179 3.839636
v 8.074872 2.449906 4.037031
v 8.527719 2.316373 3.822219
v 8.388383 2.444100 4.019614
v 8.388383 2.188647 3.619018
v 8.115512 2.188647 3.619018
v 8.115512 2.438294 4.019614
v 7.976176 2.310568 3.822219
v 8.992177 2.171230 3.589989
v 8.852841 2.298956 3.787384
v 8.858646 2.043504 3.386788
v 8.579970 2.043504 3.386788
v 8.579970 2.293150 3.787384
v 8.579970 2.293150 3.787384
v 8.446440 2.165424 3.589989
v 8.579970 2.043504 3.386788
v 1.242593 3.113817 5.116857
v 1.103257 2.986091 4.919461
v 1.242593 2.858364 4.716261
v 1.242593 2.858364 4.716261
v 1.515464 2.858364 4.716261
v 1.242593 3.113817 5.116857
v 1.515464 3.113817 5.116857
v 1.654800 2.986091 4.919461
v 4.743457 -0.178039 -0.096701
v 4.470586 -0.433492 -0.497297
v 4.743457 -0.433492 -0.497297
v 4.743457 -0.178039 -0.096701
v 4.743457 -0.433492 -0.497297
v 4.882792 -0.305766 -0.294096
v 4.743457 -0.178039 -0.096701
v 4.470586 -0.178039 -0.096701
v 4.470586 -0.433492 -0.497297
v 4.331245 -0.305766 -0.294096
v 3.518442 -0.741196 -0.979174
v 3.379106 -0.613470 -0.775972
v 3.379106 -0.868923 -1.176569
v 3.106235 -0.868923 -1.176569
v 3.106235 -0.613470 -0.775972
v 2.966899 -0.741196 -0.979174
v 2.188931 -0.607664 -0.764361
v 2.194736 -0.863117 -1.164958
v 2.461797 -0.607664 -0.764361
v 2.188931 -0.607664 -0.764361
v 2.055395 -0.735390 -0.967562
v 2.194736 -0.863117 -1.164958
v 2.194736 -0.863117 -1.164958
v 2.467602 -0.863117 -1.164958
v 2.461797 -0.607664 -0.764361
v 2.601138 -0.735390 -0.967562
v 2.194736 -0.909563 -1.240432
v 2.055395 -1.037289 -1.443633
v 2.194736 -1.165015 -1.646834
v 2.194736 -0.909563 -1.240432
v 2.194736 -1.165015 -1.646834
v 2.467602 -0.909563 -1.240432
v 2.467602 -1.165015 -1.641028
v 2.606943 -1.037289 -1.443633
v 3.895815 -2.738372 -4.137498
v 4.035156 -2.866099 -4.340699
v 4.035156 -2.610646 -3.940103
v 4.308022 -2.610646 -3.940103
v 4.313828 -2.866099 -4.340699
v 4.447363 -2.738372 -4.137498
v 3.901621 -3.022853 -4.590346
v 4.040962 -3.150580 -4.787741
v 4.035156 -2.895127 -4.387145
v 4.313828 -2.895127 -4.387145
v 4.313828 -3.150580 -4.787741
v 4.447363 -3.022853 -4.590346
v 3.431357 -2.883516 -4.358116
v 3.570693 -3.005436 -4.561317
v 3.570693 -2.755789 -4.154915
v 3.843564 -2.749983 -4.154915
v 3.849370 -3.005436 -4.561317
v 3.982905 -2.877710 -4.358116
v 5.364668 -3.017048 -4.584540
v 5.225332 -2.895127 -4.387145
v 5.225332 -3.144774 -4.787741
v 4.952461 -3.150580 -4.787741
v 4.952461 -2.895127 -4.387145
v 4.813125 -3.022853 -4.590346
v 3.123652 -3.185414 -4.834187
v 2.990122 -3.313141 -5.037388
v 3.123652 -3.440867 -5.240589
v 3.123652 -3.185414 -4.834187
v 3.123652 -3.440867 -5.240589
v 3.396523 -3.185414 -4.834187
v 3.402329 -3.435061 -5.234783
v 3.535859 -3.307334 -5.037388
v 1.741885 -3.046077 -4.613569
v 2.020561 -3.301529 -5.014165
v 2.014756 -3.046077 -4.613569
v 2.154092 -3.173802 -4.810964
v 1.741885 -3.046077 -4.613569
v 1.741885 -3.301529 -5.014165
v 2.020561 -3.301529 -5.014165
v 1.741885 -3.046077 -4.613569
v 1.608354 -3.173802 -4.816770
v 1.741885 -3.301529 -5.014165
v 3.077207 -3.742765 -5.716660
v 2.937871 -3.615039 -5.513459
v 2.937871 -3.870492 -5.914055
v 2.665000 -3.870492 -5.914055
v 2.659194 -3.615039 -5.513459
v 2.659194 -3.615039 -5.513459
v 2.525659 -3.742765 -5.716660
v 2.665000 -3.870492 -5.914055
v 7.048334 -2.593229 -3.916880
v 7.048334 -2.842875 -4.317476
v 7.181865 -2.715149 -4.120080
v 7.048334 -2.842875 -4.317476
v 7.048334 -2.593229 -3.916880
v 6.775464 -2.842875 -4.317476
v 6.775464 -2.593229 -3.922685
v 6.636128 -2.720954 -4.120080
v 5.271777 -3.156385 -4.805159
v 5.411113 -3.284112 -5.008359
v 5.411113 -3.028659 -4.601957
v 5.683984 -3.028659 -4.601957
v 5.683984 -3.284112 -5.002553
v 5.823325 -3.156385 -4.805159
v 7.570849 -3.858880 -5.925667
v 7.710190 -3.986607 -6.123062
v 7.710190 -3.731154 -5.722466
v 7.983061 -3.731154 -5.722466
v 7.983061 -3.980801 -6.123062
v 8.122396 -3.853075 -5.919861
v 8.569438 -3.144774 -4.799353
v 8.430102 -3.017048 -4.601957
v 8.430102 -3.272501 -5.002553
v 8.157230 -3.272501 -5.002553
v 8.151425 -3.017048 -4.601957
v 8.151425 -3.017048 -4.601957
v 8.017895 -3.144774 -4.799353
v 8.157230 -3.272501 -5.002553
v 1.126480 0.396729 0.826412
v 1.260010 0.269003 0.623212
v 1.260010 0.524456 1.023808
v 1.538686 0.269003 0.623212
v 1.532881 0.524456 1.029614
v 1.532881 0.524456 1.029614
v 1.538686 0.269003 0.623212
v 1.672217 0.396729 0.826412
v 5.207915 -0.317377 -0.323125
v 4.935044 -0.572830 -0.723721
v 5.207915 -0.572830 -0.723721
v 5.207915 -0.317377 -0.323125
v 5.207915 -0.572830 -0.723721
v 5.347251 -0.445103 -0.520520
v 5.207915 -0.317377 -0.323125
v 4.935044 -0.317377 -0.323125
v 4.935044 -0.572830 -0.723721
v 4.795708 -0.445103 -0.520520
v 2.003144 -0.758613 -0.996591
v 2.003144 -1.014066 -1.397187
v 2.136675 -0.886340 -1.199792
v 2.003144 -0.758613 -0.996591
v 1.724468 -0.758613 -0.996591
v 2.003144 -1.014066 -1.397187
v 1.730273 -1.014066 -1.397187
v 1.590937 -0.886340 -1.199792
v 7.176059 0.141277 0.396788
v 7.036723 0.269003 0.599988
v 7.042529 0.013550 0.199392
v 6.769658 0.013550 0.199392
v 6.763853 0.269003 0.599988
v 6.630322 0.141277 0.396788
v 7.216699 -0.160622 -0.079284
v 7.083168 -0.288348 -0.282484
v 7.222509 -0.410269 -0.479880
v 7.222509 -0.410269 -0.479880
v 7.495375 -0.410269 -0.479880
v 7.216699 -0.160622 -0.079284
v 7.489570 -0.154816 -0.079284
v 7.489570 -0.154816 -0.079284
v 7.495375 -0.410269 -0.479880
v 7.628911 -0.282543 -0.276679
v 9.016479 -0.706362 -0.950145
v 8.877143 -0.578635 -0.752750
v 8.877143 -0.834088 -1.153346
v 8.604272 -0.834088 -1.153346
v 8.598466 -0.578635 -0.752750
v 8.464936 -0.706362 -0.955951
v 7.541821 0.431564 0.849636
v 7.681161 0.303838 0.646434
v 7.675356 0.559290 1.047031
v 7.954032 0.559290 1.047031
v 7.954032 0.303838 0.646434
v 8.093369 0.431564 0.849636
v 7.681161 0.274809 0.599988
v 7.681161 0.019356 0.199392
v 7.954032 0.274809 0.599988
v 7.681161 0.274809 0.599988
v 7.541821 0.147083 0.396788
v 7.681161 0.019356 0.199392
v 7.681161 0.019356 0.199392
v 7.954032 0.019356 0.199392
v 7.954032 0.274809 0.599988
v 8.093369 0.147083 0.396788
v 3.977094 -1.739784 -2.558336
v 3.837759 -1.612058 -2.355135
v 3.837759 -1.867510 -2.755731
v 3.564887 -1.867510 -2.755731
v 3.564887 -1.612058 -2.355135
v 3.425551 -1.739784 -2.558336
v 5.353056 -1.304353 -1.879064
v 5.213720 -1.176627 -1.675863
v 5.213720 -1.432080 -2.076459
v 4.940849 -1.432080 -2.076459
v 4.940849 -1.176627 -1.675863
v 4.940849 -1.176627 -1.675863
v 4.801513 -1.304353 -1.879064
v 4.940849 -1.432080 -2.076459
v 5.219526 -2.035877 -3.028601
v 5.219526 -2.285524 -3.429197
v 5.358862 -2.157798 -3.231802
v 5.219526 -2.285524 -3.429197
v 5.219526 -2.035877 -3.028601
v 4.946655 -2.291330 -3.429197
v 4.946655 -2.035877 -3.028601
v 4.946655 -2.035877 -3.028601
v 4.807319 -2.163603 -3.231802
v 4.946655 -2.291330 -3.429197
v 2.148286 -2.035877 -3.016989
v 2.008950 -1.908150 -2.813788
v 2.008950 -2.163603 -3.214385
v 1.736079 -1.908150 -2.813788
v 1.736079 -2.163603 -3.214385
v 1.736079 -1.908150 -2.813788
v 1.596743 -2.035877 -3.016989
v 1.736079 -2.163603 -3.214385
v 3.065596 -2.314553 -3.464032
v 2.926260 -2.186826 -3.266636
v 2.926260 -2.442279 -3.667233
v 2.653389 -2.442279 -3.667233
v 2.653389 -2.192632 -3.266636
v 2.653389 -2.192632 -3.266636
v 2.514048 -2.320359 -3.464032
v 2.653389 -2.442279 -3.667233
v 6.775464 -1.461108 -2.134516
v 7.054140 -1.710755 -2.535113
v 7.054140 -1.461108 -2.134516
v 7.187670 -1.583029 -2.331912
v 6.775464 -1.461108 -2.134516
v 6.781270 -1.716561 -2.535113
v 7.054140 -1.710755 -2.535113
v 6.775464 -1.461108 -2.134516
v 6.641933 -1.588835 -2.331912
v 6.781270 -1.716561 -2.535113
v 5.260166 -1.733978 -2.564142
v 5.399502 -1.861705 -2.761537
v 5.399502 -1.606252 -2.360940
v 5.672373 -1.606252 -2.360940
v 5.672373 -1.861705 -2.761537
v 5.811714 -1.733978 -2.558336
v 6.723213 -1.159210 -1.658446
v 6.583877 -1.031483 -1.455245
v 6.583877 -1.286936 -1.855841
v 6.311006 -1.286936 -1.855841
v 6.311006 -1.031483 -1.455245
v 6.171670 -1.159210 -1.658446
v 6.729018 -1.728172 -2.558336
v 6.589683 -1.606252 -2.360940
v 6.589683 -1.855899 -2.761537
v 6.316812 -1.861705 -2.761537
v 6.311006 -1.606252 -2.360940
v 6.177475 -1.733978 -2.558336
v 8.615883 -2.279718 -3.440809
v 8.888754 -2.279718 -3.435003
v 8.888754 -2.024265 -3.034407
v 9.022289 -2.151992 -3.237608
v 8.888754 -2.024265 -3.034407
v 8.610078 -2.024265 -3.034407
v 8.615883 -2.279718 -3.440809
v 8.476547 -2.151992 -3.237608
v 8.888754 -2.308747 -3.487255
v 8.888754 -2.564200 -3.887851
v 9.028095 -2.436473 -3.684650
v 8.888754 -2.564200 -3.887851
v 8.888754 -2.308747 -3.487255
v 8.615883 -2.564200 -3.887851
v 8.615883 -2.314553 -3.487255
v 8.476547 -2.442279 -3.690456
v 2.943677 2.132647 3.560918
v 3.083013 2.004920 3.363523
v 3.077207 2.260373 3.764118
v 3.355883 2.004920 3.363523
v 3.350078 2.260373 3.764118
v 3.489414 2.132647 3.560918
v 3.814536 1.552072 2.637804
v 3.541665 1.296620 2.237208
v 3.814536 1.296620 2.237208
v 3.814536 1.552072 2.637804
v 3.814536 1.296620 2.237208
v 3.953872 1.424346 2.434603
v 3.814536 1.552072 2.637804
v 3.541665 1.552072 2.637804
v 3.541665 1.296620 2.237208
v 3.402329 1.424346 2.434603
v 4.731845 1.273397 2.196568
v 4.731845 1.017944 1.795972
v 4.871181 1.145670 1.993367
v 4.731845 1.017944 1.795972
v 4.731845 1.273397 2.196568
v 4.458974 1.017944 1.790166
v 4.458974 1.273397 2.196568
v 4.319633 1.145670 1.993367
v 1.707051 1.824942 3.079041
v 1.985727 1.569490 2.678444
v 1.979922 1.824942 3.079041
v 2.119258 1.697216 2.881646
v 1.985727 1.569490 2.678444
v 1.707051 1.824942 3.079041
v 1.707051 1.569490 2.678444
v 1.573520 1.697216 2.881646
v 6.752241 0.588319 1.099282
v 7.025112 0.588319 1.099282
v 7.019306 0.843772 1.499879
v 7.158642 0.716045 1.302484
v 7.019306 0.843772 1.499879
v 6.752241 0.837966 1.499879
v 6.752241 0.588319 1.099282
v 6.612905 0.716045 1.302484
v 7.164447 1.865582 3.119681
v 7.025112 1.993309 3.317077
v 7.030917 1.737856 2.916480
v 6.752241 1.737856 2.916480
v 6.752241 1.993309 3.317077
v 6.752241 1.993309 3.317077
v 6.618711 1.865582 3.119681
v 6.752241 1.737856 2.916480
v 5.846548 1.128253 1.964339
v 5.707207 1.000527 1.761137
v 5.846548 0.878606 1.563742
v 5.846548 1.128253 1.964339
v 5.846548 0.878606 1.563742
v 6.119414 1.134059 1.964339
v 6.119414 0.878606 1.563742
v 6.258755 1.006332 1.761137
v 5.242749 0.855383 1.528908
v 5.382085 0.727657 1.331512
v 5.382085 0.983110 1.732108
v 5.654956 0.983110 1.732108
v 5.654956 0.727657 1.331512
v 5.654956 0.983110 1.732108
v 5.654956 0.727657 1.331512
v 5.794297 0.855383 1.528908
v 1.236787 3.398299 5.569705
v 1.242593 3.142846 5.169109
v 1.515464 3.142846 5.169109
v 1.236787 3.398299 5.569705
v 1.103257 3.270572 5.366504
v 1.242593 3.142846 5.169109
v 1.236787 3.398299 5.569705
v 1.515464 3.142846 5.169109
v 1.515464 3.398299 5.569705
v 1.515464 3.398299 5.569705
v 1.515464 3.142846 5.169109
v 1.654800 3.270572 5.366504
v 3.942261 2.852559 4.693038
v 3.802924 2.980285 4.896239
v 3.802924 2.724832 4.495642
v 3.530053 2.724832 4.495642
v 3.530053 2.980285 4.896239
v 3.390718 2.852559 4.693038
v 3.024956 3.137041 5.151691
v 2.885615 3.264766 5.349087
v 2.885615 3.009314 4.948490
v 2.612749 3.009314 4.948490
v 2.612749 3.264766 5.349087
v 2.612749 3.264766 5.349087
v 2.473408 3.137041 5.145886
v 2.612749 3.009314 4.948490
v 7.158642 2.730638 4.484030
v 7.019306 2.858364 4.681426
v 7.025112 2.602912 4.280830
v 6.746436 2.858364 4.681426
v 6.746436 2.602912 4.280830
v 6.746436 2.858364 4.681426
v 6.607100 2.730638 4.484030
v 6.746436 2.602912 4.280830
v 5.231137 2.579689 4.251801
v 5.370473 2.451962 4.054405
v 5.364668 2.707415 4.455002
v 5.643344 2.707415 4.455002
v 5.643344 2.451962 4.054405
v 5.782685 2.579689 4.257607
v 5.834936 2.568078 4.234383
v 5.834936 2.318430 3.833787
v 6.107802 2.573883 4.240190
v 5.834936 2.568078 4.234383
v 5.695595 2.440351 4.036988
v 5.834936 2.318430 3.833787
v 5.834936 2.318430 3.833787
v 6.107802 2.318430 3.833787
v 6.107802 2.573883 4.240190
v 6.247143 2.446157 4.036988
v 5.231137 2.295208 3.804759
v 5.370473 2.167481 3.601558
v 5.370473 2.422934 4.002154
v 5.643344 2.422934 4.002154
v 5.643344 2.167481 3.601558
v 5.782685 2.295208 3.804759
v 6.746436 2.893199 4.739483
v 7.019306 2.893199 4.739483
v 7.019306 3.148652 5.140080
v 7.158642 3.020926 4.942684
v 7.019306 3.148652 5.140080
v 6.746436 3.142846 5.140080
v 6.746436 2.893199 4.739483
v 6.607100 3.015120 4.936878
v 8.156078 -2.984496 -4.550499
v 8.428984 -2.984496 -4.550499
v 8.428984 -2.729011 -4.149851
v 8.562533 -2.856753 -4.347272
v 8.150272 -2.734817 -4.149851
v 8.156078 -2.984496 -4.550499
v 8.428984 -2.729011 -4.149851
v 8.150272 -2.734817 -4.149851
v 8.016723 -2.862560 -4.353078
v 8.156078 -2.984496 -4.550499
v 4.468955 -0.714155 -0.944663
v 4.747666 -0.714155 -0.944663
v 4.741860 -0.458669 -0.538209
v 4.881216 -0.586412 -0.741436
v 4.468955 -0.458669 -0.538209
v 4.468955 -0.714155 -0.944663
v 4.741860 -0.458669 -0.538209
v 4.468955 -0.458669 -0.538209
v 4.335405 -0.586412 -0.741436
v 4.468955 -0.714155 -0.944663
v 3.052168 -0.592219 -0.747243
v 2.912812 -0.470282 -0.544015
v 2.912812 -0.719962 -0.944663
v 2.639907 -0.725768 -0.950470
v 2.639907 -0.470282 -0.544015
v 2.500552 -0.598025 -0.747243
v 1.286992 -2.909012 -4.393724
v 1.147637 -3.036755 -4.591145
v 1.286992 -3.164498 -4.794372
v 1.286992 -3.164498 -4.794372
v 1.559897 -3.164498 -4.794372
v 1.286992 -2.909012 -4.393724
v 1.559897 -2.909012 -4.393724
v 1.699253 -3.036755 -4.591145
v 5.229604 -3.176111 -4.835018
v 5.229604 -3.431597 -5.241473
v 5.368960 -3.303854 -5.038245
v 5.229604 -3.431597 -5.241473
v 5.229604 -3.176111 -4.835018
v 4.956699 -3.431597 -5.241473
v 4.956699 -3.181918 -4.840824
v 4.817344 -3.309661 -5.038245
v 3.905722 -3.884503 -5.944059
v 4.045078 -4.006440 -6.141480
v 4.045078 -3.756761 -5.740832
v 4.317983 -3.750955 -5.740832
v 4.317983 -4.006440 -6.141480
v 4.457344 -3.878697 -5.944059
v 4.898637 -3.170305 -4.817598
v 4.759277 -3.042562 -4.620177
v 4.765088 -3.298047 -5.020825
v 4.492182 -3.298047 -5.020825
v 4.486372 -3.042562 -4.620177
v 4.352822 -3.170305 -4.823405
v 4.898637 -2.879980 -4.370498
v 4.759277 -2.758043 -4.167270
v 4.759277 -3.007723 -4.567919
v 4.486372 -3.013529 -4.567919
v 4.486372 -2.758043 -4.167270
v 4.347016 -2.885786 -4.370498
v 3.539917 -3.884503 -5.944059
v 3.400556 -3.756761 -5.746638
v 3.406367 -4.012247 -6.147286
v 3.127651 -4.012247 -6.147286
v 3.127651 -3.762568 -5.746638
v 2.994102 -3.890310 -5.944059
v 3.394751 -2.607074 -3.929204
v 3.394751 -2.862560 -4.329852
v 3.534106 -2.734817 -4.126625
v 3.394751 -2.862560 -4.329852
v 3.394751 -2.607074 -3.929204
v 3.121846 -2.862560 -4.329852
v 3.121846 -2.607074 -3.929204
v 2.982490 -2.734817 -4.126625
v 2.204419 -2.618687 -3.940817
v 2.070869 -2.746430 -4.144044
v 2.204419 -2.874173 -4.341465
v 2.204419 -2.618687 -3.940817
v 2.204419 -2.874173 -4.341465
v 2.477324 -2.618687 -3.940817
v 2.483130 -2.874173 -4.341465
v 2.616680 -2.746430 -4.144044
v 7.203813 -3.286434 -5.020825
v 7.064457 -3.158691 -4.817598
v 7.064457 -3.414178 -5.224053
v 6.791553 -3.414178 -5.224053
v 6.791553 -3.164498 -4.817598
v 6.652197 -3.292241 -5.020825
v 5.874126 -2.885786 -4.382111
v 5.874126 -3.141272 -4.788566
v 6.147031 -2.885786 -4.382111
v 5.874126 -2.885786 -4.382111
v 5.734770 -3.013529 -4.585338
v 5.874126 -3.141272 -4.788566
v 5.874126 -3.141272 -4.788566
v 6.147031 -3.141272 -4.782759
v 6.147031 -2.885786 -4.382111
v 6.286386 -3.013529 -4.585338
v 8.161889 -3.838052 -5.891800
v 8.434794 -3.832245 -5.891800
v 8.434794 -3.582566 -5.491152
v 8.568344 -3.704503 -5.688573
v 8.434794 -3.582566 -5.491152
v 8.156078 -3.582566 -5.491152
v 8.161889 -3.838052 -5.891800
v 8.022529 -3.710309 -5.688573
v 7.981884 -3.158691 -4.817598
v 7.703173 -3.158691 -4.817598
v 7.708979 -3.414178 -5.224053
v 7.569623 -3.286434 -5.020825
v 7.981884 -3.158691 -4.817598
v 7.708979 -3.414178 -5.224053
v 7.981884 -3.414178 -5.224053
v 7.981884 -3.158691 -4.817598
v 7.981884 -3.414178 -5.224053
v 8.115434 -3.286434 -5.020825
v 8.620600 -2.839334 -4.318239
v 8.893505 -2.839334 -4.318239
v 8.887699 -2.583848 -3.917591
v 9.027055 -2.711591 -4.115012
v 8.887699 -2.583848 -3.917591
v 8.614795 -2.583848 -3.917591
v 8.620600 -2.839334 -4.318239
v 8.481244 -2.711591 -4.115012
v 1.536675 -0.017375 0.175990
v 1.263769 0.238111 0.576639
v 1.263769 -0.017375 0.175990
v 1.124409 0.110368 0.373412
v 1.263769 0.238111 0.576639
v 1.536675 -0.017375 0.175990
v 1.536675 0.238111 0.576639
v 1.536675 0.238111 0.576639
v 1.536675 -0.017375 0.175990
v 1.676030 0.110368 0.373412
v 3.963789 -0.307700 -0.300142
v 3.824433 -0.179957 -0.096915
v 3.830239 -0.435443 -0.497563
v 3.551528 -0.435443 -0.497563
v 3.551528 -0.179957 -0.096915
v 3.417978 -0.307700 -0.300142
v 3.876689 0.121981 0.379218
v 4.016049 -0.005762 0.175990
v 4.016049 0.249723 0.576639
v 4.288955 0.249723 0.582446
v 4.288955 -0.005762 0.175990
v 4.288955 0.249723 0.582446
v 4.288955 -0.005762 0.175990
v 4.428310 0.121981 0.379218
v 2.907007 0.104561 0.355992
v 2.912812 -0.150925 -0.044656
v 3.046362 -0.023182 0.158571
v 2.912812 -0.150925 -0.044656
v 2.907007 0.104561 0.355992
v 2.634101 -0.150925 -0.044656
v 2.634101 0.104561 0.355992
v 2.500552 -0.023182 0.152765
v 6.710264 0.278756 0.617284
v 6.570908 0.406499 0.814706
v 6.576714 0.151013 0.414058
v 6.298003 0.151013 0.414058
v 6.298003 0.406499 0.814706
v 6.164453 0.278756 0.617284
v 5.386382 0.400693 0.814706
v 5.247026 0.272950 0.611478
v 5.386382 0.145207 0.414058
v 5.386382 0.400693 0.814706
v 5.386382 0.145207 0.414058
v 5.659287 0.400693 0.814706
v 5.659287 0.151013 0.414058
v 5.798642 0.278756 0.617284
v 9.009638 -0.418024 -0.503369
v 8.876088 -0.296087 -0.300142
v 8.876088 -0.545767 -0.700791
v 8.603183 -0.551573 -0.700791
v 8.597372 -0.296087 -0.300142
v 8.463822 -0.423830 -0.503369
v 7.221235 -0.447056 -0.538209
v 7.221235 -0.702542 -0.938857
v 7.494140 -0.447056 -0.538209
v 7.221235 -0.447056 -0.538209
v 7.081879 -0.574799 -0.735629
v 7.221235 -0.702542 -0.938857
v 7.221235 -0.702542 -0.938857
v 7.494140 -0.702542 -0.938857
v 7.494140 -0.447056 -0.538209
v 7.633495 -0.574799 -0.735629
v 8.550922 -0.847705 -1.171117
v 8.411567 -0.719962 -0.973696
v 8.411567 -0.975447 -1.374344
v 8.138661 -0.975447 -1.374344
v 8.138661 -0.719962 -0.973696
v 8.138661 -0.719962 -0.973696
v 7.999306 -0.847705 -1.171117
v 8.138661 -0.975447 -1.374344
v 7.679945 -0.011569 0.146959
v 7.546396 -0.139312 -0.056269
v 7.685756 -0.267055 -0.253690
v 7.679945 -0.011569 0.146959
v 7.685756 -0.267055 -0.253690
v 7.958662 -0.011569 0.146959
v 7.958662 -0.267055 -0.253690
v 7.958662 -0.011569 0.146959
v 7.958662 -0.267055 -0.253690
v 8.092212 -0.139312 -0.050463
v 1.141831 -1.892874 -2.785324
v 1.281186 -2.020617 -2.988551
v 1.275381 -1.765131 -2.587903
v 1.554092 -2.020617 -2.988551
v 1.554092 -1.765131 -2.587903
v 1.687641 -1.892874 -2.785324
v 3.894111 -1.881261 -2.779517
v 4.027661 -2.009004 -2.982745
v 4.027661 -1.753518 -2.582096
v 4.300566 -1.753518 -2.582096
v 4.306372 -2.003198 -2.982745
v 4.300566 -1.753518 -2.582096
v 4.306372 -2.003198 -2.982745
v 4.439921 -1.875455 -2.779517
v 3.429590 -2.316749 -3.464684
v 3.568945 -2.444492 -3.667911
v 3.568945 -2.189006 -3.261456
v 3.841850 -2.189006 -3.261456
v 3.841850 -2.438686 -3.667911
v 3.981211 -2.310943 -3.464684
v 4.892827 -2.014811 -3.000164
v 4.753471 -1.887068 -2.796937
v 4.753471 -2.142554 -3.197585
v 4.480566 -2.142554 -3.203391
v 4.480566 -1.887068 -2.796937
v 4.341211 -2.014811 -3.000164
v 2.006997 -1.335451 -1.914349
v 2.006997 -1.590936 -2.314997
v 2.140547 -1.463193 -2.111770
v 2.006997 -1.335451 -1.914349
v 1.728286 -1.335451 -1.914349
v 2.006997 -1.590936 -2.314997
v 1.734092 -1.590936 -2.314997
v 1.728286 -1.335451 -1.914349
v 1.594736 -1.463193 -2.111770
v 1.734092 -1.590936 -2.314997
v 1.734092 -2.194812 -3.267263
v 2.012807 -2.450299 -3.667911
v 2.012807 -2.194812 -3.267263
v 2.012807 -2.194812 -3.267263
v 2.012807 -2.450299 -3.667911
v 2.146357 -2.322556 -3.464684
v 2.012807 -2.450299 -3.667911
v 1.734092 -2.194812 -3.267263
v 1.739902 -2.450299 -3.667911
v 1.600542 -2.322556 -3.464684
v 6.321226 -2.717397 -4.115012
v 6.594131 -2.717397 -4.115012
v 6.594131 -2.461911 -3.714363
v 6.727681 -2.589654 -3.911784
v 6.594131 -2.461911 -3.714363
v 6.321226 -2.461911 -3.714363
v 6.321226 -2.717397 -4.115012
v 6.181870 -2.589654 -3.917591
v 7.105102 -2.589654 -3.911784
v 7.238652 -2.711591 -4.115012
v 7.238652 -2.461911 -3.714363
v 7.511557 -2.711591 -4.115012
v 7.511557 -2.456105 -3.714363
v 7.645107 -2.583848 -3.911784
v 8.881894 -1.167062 -1.682089
v 8.608989 -1.422548 -2.082737
v 8.881894 -1.422548 -2.082737
v 8.881894 -1.167062 -1.682089
v 8.881894 -1.422548 -2.082737
v 9.015444 -1.294805 -1.885316
v 8.881894 -1.167062 -1.682089
v 8.603183 -1.167062 -1.682089
v 8.608989 -1.422548 -2.082737
v 8.469633 -1.294805 -1.885316
v 7.558012 -2.159973 -3.238230
v 7.697368 -2.281910 -3.441458
v 7.697368 -2.032230 -3.035003
v 7.970273 -2.026424 -3.035003
v 7.970273 -2.281910 -3.441458
v 8.109629 -2.154167 -3.238230
v 4.869604 1.428443 2.434719
v 4.730249 1.556186 2.637946
v 4.730249 1.300700 2.237298
v 4.457344 1.300700 2.237298
v 4.457344 1.550379 2.637946
v 4.317983 1.422636 2.434719
v 4.724438 2.119416 3.532147
v 4.724438 1.869737 3.131499
v 4.863799 1.997480 3.334726
v 4.724438 1.869737 3.131499
v 4.724438 2.119416 3.532147
v 4.451533 1.863930 3.131499
v 4.451533 2.119416 3.532147
v 4.312178 1.991673 3.334726
v 3.034751 1.985867 3.334726
v 2.895396 2.113610 3.532147
v 2.895396 1.858124 3.131499
v 2.622490 1.858124 3.131499
v 2.622490 2.113610 3.532147
v 2.622490 2.113610 3.532147
v 2.483130 1.985867 3.328920
v 2.622490 1.858124 3.131499
v 1.705063 2.107803 3.532147
v 1.983774 1.858124 3.131499
v 1.977969 2.107803 3.532147
v 2.117324 1.985867 3.328920
v 1.705063 2.107803 3.532147
v 1.705063 1.852318 3.131499
v 1.983774 1.858124 3.131499
v 1.705063 2.107803 3.532147
v 1.571514 1.980060 3.328920
v 1.705063 1.852318 3.131499
v 1.710869 0.969730 1.726326
v 1.989580 0.714243 1.325678
v 1.989580 0.969730 1.726326
v 2.128935 0.841987 1.528905
v 1.989580 0.714243 1.325678
v 1.710869 0.969730 1.726326
v 1.716675 0.714243 1.325678
v 1.577319 0.841987 1.523099
v 7.215429 0.702631 1.279225
v 7.081879 0.574888 1.081805
v 7.215429 0.447144 0.878577
v 7.215429 0.447144 0.878577
v 7.488334 0.452951 0.878577
v 7.215429 0.702631 1.279225
v 7.488334 0.702631 1.279225
v 7.627690 0.574888 1.081805
v 7.029618 1.701348 2.858593
v 7.029618 1.445863 2.457945
v 7.168974 1.573605 2.661173
v 7.029618 1.701348 2.858593
v 6.756714 1.701348 2.858593
v 7.029618 1.445863 2.457945
v 6.756714 1.445863 2.457945
v 6.617358 1.573605 2.661173
v 5.235410 1.997480 3.334726
v 5.374770 1.869737 3.131499
v 5.368960 2.125223 3.532147
v 5.647676 2.125223 3.532147
v 5.647676 1.869737 3.131499
v 5.781225 1.997480 3.334726
v 6.565103 1.271668 2.185040
v 6.570908 1.016182 1.784391
v 6.704458 1.143925 1.981812
v 6.570908 1.016182 1.784391
v 6.565103 1.271668 2.185040
v 6.292197 1.016182 1.784391
v 6.292197 1.271668 2.185040
v 6.158647 1.143925 1.981812
v 8.394145 1.846511 3.079240
v 8.394145 1.591025 2.678592
v 8.533505 1.718768 2.876013
v 8.394145 1.591025 2.678592
v 8.394145 1.846511 3.079240
v 8.121240 1.591025 2.672785
v 8.121240 1.840704 3.079240
v 7.981884 1.712962 2.876013
v 1.101187 3.553622 5.819908
v 1.240542 3.431685 5.616680
v 1.234736 3.681365 6.017328
v 1.513447 3.431685 5.616680
v 1.513447 3.687172 6.017328
v 1.652803 3.559428 5.819908
v 5.322510 3.002004 4.925707
v 5.183154 3.129747 5.123128
v 5.183154 2.874261 4.722480
v 4.910249 2.874261 4.722480
v 4.910249 3.129747 5.123128
v 4.910249 3.129747 5.123128
v 4.770893 3.002004 4.919900
v 4.910249 2.874261 4.722480
v 3.528301 2.688453 4.437961
v 3.394751 2.560710 4.234734
v 3.534106 2.432967 4.037313
v 3.528301 2.688453 4.437961
v 3.534106 2.432967 4.037313
v 3.807011 2.688453 4.437961
v 3.807011 2.438774 4.037313
v 3.946372 2.566517 4.234734
v 4.718633 2.700066 4.455381
v 4.724438 2.450387 4.048926
v 4.857988 2.578130 4.252153
v 4.724438 2.450387 4.048926
v 4.718633 2.700066 4.455381
v 4.445727 2.444580 4.048926
v 4.445727 2.700066 4.449574
v 4.312178 2.572323 4.252153
v 2.436680 3.118134 5.123128
v 2.163774 3.118134 5.123128
v 2.163774 2.862648 4.722480
v 2.024419 2.990391 4.925707
v 2.436680 3.118134 5.123128
v 2.163774 2.862648 4.722480
v 2.436680 2.868455 4.722480
v 2.436680 3.118134 5.123128
v 2.436680 2.868455 4.722480
v 2.576035 2.996198 4.925707
v 2.442485 2.554904 4.228927
v 2.169580 2.549098 4.228927
v 2.169580 2.299418 3.828279
v 2.030225 2.421355 4.025700
v 2.169580 2.299418 3.828279
v 2.442485 2.299418 3.828279
v 2.442485 2.554904 4.228927
v 2.581841 2.427161 4.025700
v 3.348300 3.414265 5.581841
v 3.354106 3.158780 5.181193
v 3.487656 3.286522 5.384420
v 3.354106 3.158780 5.181193
v 3.348300 3.414265 5.581841
v 3.075395 3.158780 5.181193
v 3.075395 3.414265 5.581841
v 2.941846 3.286522 5.378613
v 2.024419 3.559428 5.819908
v 2.157969 3.431685 5.616680
v 2.157969 3.687172 6.017328
v 2.430874 3.687172 6.017328
v 2.436680 3.431685 5.616680
v 2.570229 3.559428 5.819908
v 7.139946 3.588460 5.843134
v 7.000585 3.716204 6.040555
v 7.000585 3.466524 5.639906
v 6.727681 3.460717 5.639906
v 6.727681 3.716204 6.040555
v 6.594131 3.588460 5.843134
v 8.115434 2.473613 4.072151
v 8.388339 2.473613 4.072151
v 8.388339 2.729099 4.472801
v 8.521889 2.601356 4.269573
v 8.388339 2.729099 4.472801
v 8.109629 2.723292 4.472801
v 8.115434 2.473613 4.072151
v 7.976079 2.595550 4.269573
v 8.109629 3.321361 5.407647
v 8.382534 3.321361 5.407647
v 8.382534 3.576848 5.814102
v 8.516084 3.449105 5.610875
v 8.382534 3.576848 5.814102
v 8.103823 3.576848 5.814102
v 8.109629 3.321361 5.407647
v 7.970273 3.449105 5.610875
v 3.419223 -0.599886 -0.757758
v 3.558535 -0.727587 -0.955114
v 3.552729 -0.472185 -0.554597
v 3.825547 -0.472185 -0.554597
v 3.831347 -0.727587 -0.955114
v 3.964853 -0.599886 -0.757758
v 7.563701 -2.445746 -3.689076
v 7.703012 -2.567643 -3.892237
v 7.697206 -2.318045 -3.491720
v 7.975830 -2.312240 -3.485916
v 7.975830 -2.567643 -3.892237
v 8.109335 -2.439941 -3.689076
v 5.369565 -3.589251 -5.488500
v 5.230258 -3.461550 -5.291143
v 5.230258 -3.716952 -5.691660
v 4.957441 -3.716952 -5.691660
v 4.957441 -3.467354 -5.291143
v 4.957441 -3.467354 -5.291143
v 4.818130 -3.595056 -5.488500
v 4.957441 -3.716952 -5.691660
v 2.478882 -3.188734 -4.838386
v 2.206064 -3.188734 -4.838386
v 2.211870 -3.444136 -5.238903
v 2.072558 -3.316435 -5.035742
v 2.478882 -3.188734 -4.838386
v 2.211870 -3.444136 -5.238903
v 2.484683 -3.438331 -5.238903
v 2.478882 -3.188734 -4.838386
v 2.484683 -3.438331 -5.238903
v 2.618188 -3.310630 -5.035742
v 2.206064 -2.904309 -4.391432
v 2.072558 -3.032010 -4.594593
v 2.206064 -3.159711 -4.797754
v 2.206064 -2.904309 -4.391432
v 2.206064 -3.159711 -4.797754
v 2.478882 -2.904309 -4.391432
v 2.484683 -3.159711 -4.791949
v 2.618188 -3.032010 -4.594593
v 5.874565 -3.171320 -4.832581
v 5.874565 -3.426722 -5.238903
v 6.147383 -3.171320 -4.832581
v 5.874565 -3.171320 -4.832581
v 5.741059 -3.304825 -5.035742
v 5.874565 -3.426722 -5.238903
v 5.874565 -3.426722 -5.238903
v 6.153188 -3.426722 -5.238903
v 6.147383 -3.171320 -4.832581
v 6.286694 -3.299021 -5.035742
v 5.868760 -2.602470 -3.932869
v 5.735254 -2.730171 -4.136030
v 5.874565 -2.857872 -4.333386
v 5.868760 -2.602470 -3.932869
v 5.874565 -2.857872 -4.333386
v 6.147383 -2.602470 -3.932869
v 6.147383 -2.857872 -4.333386
v 6.147383 -2.602470 -3.932869
v 6.147383 -2.857872 -4.333386
v 6.280889 -2.730171 -4.136030
v 7.569506 -3.571837 -5.471086
v 7.708817 -3.699538 -5.674247
v 7.708817 -3.444136 -5.273730
v 7.981630 -3.444136 -5.273730
v 7.981630 -3.699538 -5.674247
v 7.981630 -3.444136 -5.273730
v 7.981630 -3.699538 -5.674247
v 8.120942 -3.571837 -5.471086
v 7.511459 -3.014596 -4.588788
v 7.238647 -3.014596 -4.588788
v 7.238647 -3.269998 -4.989305
v 7.105141 -3.142297 -4.791949
v 7.238647 -3.269998 -4.989305
v 7.517265 -3.269998 -4.989305
v 7.511459 -3.014596 -4.588788
v 7.650771 -3.136492 -4.791949
v 4.289912 -0.321265 -0.322413
v 4.017095 -0.321265 -0.322413
v 4.017095 -0.576668 -0.722930
v 3.883593 -0.448967 -0.525574
v 4.017095 -0.576668 -0.722930
v 4.295717 -0.576668 -0.722930
v 4.289912 -0.321265 -0.322413
v 4.429224 -0.448967 -0.525574
v 5.346347 -0.727587 -0.972528
v 5.207036 -0.605690 -0.769367
v 5.212842 -0.855288 -1.175688
v 4.934223 -0.861092 -1.175688
v 4.934223 -0.605690 -0.769367
v 4.800717 -0.733392 -0.972528
v 4.736865 0.386895 0.797873
v 4.464053 0.131493 0.397356
v 4.736865 0.137297 0.397356
v 4.736865 0.386895 0.797873
v 4.736865 0.137297 0.397356
v 4.876176 0.264998 0.600517
v 4.736865 0.386895 0.797873
v 4.464053 0.386895 0.797873
v 4.464053 0.131493 0.397356
v 4.324741 0.259194 0.600517
v 3.378593 -0.327070 -0.328218
v 3.105776 -0.582472 -0.728735
v 3.378593 -0.582472 -0.728735
v 3.378593 -0.327070 -0.328218
v 3.378593 -0.582472 -0.728735
v 3.517900 -0.454771 -0.525574
v 3.105776 -0.327070 -0.328218
v 3.105776 -0.582472 -0.728735
v 3.378593 -0.327070 -0.328218
v 3.105776 -0.327070 -0.328218
v 2.966465 -0.454771 -0.525574
v 3.105776 -0.582472 -0.728735
v 7.023876 0.555228 1.047470
v 6.751060 0.299826 0.646953
v 7.023876 0.299826 0.646953
v 7.023876 0.555228 1.047470
v 7.023876 0.299826 0.646953
v 7.163183 0.427527 0.850114
v 7.023876 0.555228 1.047470
v 6.751060 0.555228 1.047470
v 6.751060 0.299826 0.646953
v 6.617554 0.427527 0.850114
v 6.582725 -0.733392 -0.984137
v 6.582725 -0.988793 -1.390458
v 6.722036 -0.861092 -1.187298
v 6.582725 -0.988793 -1.390458
v 6.582725 -0.733392 -0.984137
v 6.309912 -0.988793 -1.390458
v 6.309912 -0.739196 -0.989942
v 6.309912 -0.739196 -0.989942
v 6.170600 -0.866897 -1.187298
v 6.309912 -0.988793 -1.390458
v 8.596918 -0.263219 -0.252758
v 8.875542 -0.263219 -0.252758
v 8.869736 -0.007817 0.147759
v 9.009048 -0.135518 -0.049598
v 8.869736 -0.007817 0.147759
v 8.596918 -0.007817 0.147759
v 8.596918 -0.263219 -0.252758
v 8.463412 -0.135518 -0.049598
v 7.076118 0.288217 0.629540
v 7.215424 0.160516 0.426379
v 7.215424 0.415918 0.826896
v 7.488242 0.415918 0.832700
v 7.488242 0.166320 0.426379
v 7.627553 0.294021 0.629540
v 2.066753 -2.457355 -3.683272
v 2.206064 -2.585056 -3.886433
v 2.200259 -2.329654 -3.485916
v 2.478882 -2.329654 -3.485916
v 2.478882 -2.585056 -3.886433
v 2.612388 -2.457355 -3.683272
v 6.275083 -1.592471 -2.336607
v 6.135771 -1.464770 -2.133446
v 6.135771 -1.720172 -2.533963
v 5.862959 -1.464770 -2.133446
v 5.862959 -1.720172 -2.539767
v 5.723647 -1.592471 -2.336607
v 5.265083 -2.306436 -3.462698
v 5.404394 -2.434137 -3.665858
v 5.404394 -2.178735 -3.259537
v 5.677212 -2.178735 -3.259537
v 5.677212 -2.434137 -3.665858
v 5.816518 -2.306436 -3.462698
v 7.557895 -1.871091 -2.789365
v 7.697206 -1.998792 -2.986721
v 7.697206 -1.743390 -2.586204
v 7.970024 -1.743390 -2.586204
v 7.970024 -1.998792 -2.986721
v 7.970024 -1.743390 -2.586204
v 7.970024 -1.998792 -2.986721
v 8.109335 -1.871091 -2.789365
v 8.422783 -1.882700 -2.806778
v 8.422783 -2.132298 -3.207295
v 8.556289 -2.004596 -3.004135
v 8.422783 -2.132298 -3.207295
v 8.422783 -1.882700 -2.806778
v 8.149965 -2.138103 -3.207295
v 8.144159 -1.882700 -2.806778
v 8.144159 -1.882700 -2.806778
v 8.010653 -2.010401 -3.004135
v 8.149965 -2.138103 -3.207295
v 1.120606 0.984767 1.755631
v 1.259917 0.857067 1.552470
v 1.254111 1.112469 1.952987
v 1.532734 0.857067 1.552470
v 1.532734 1.112469 1.952987
v 1.666235 0.984767 1.755631
v 5.839736 1.698732 2.858503
v 6.112554 1.443330 2.457986
v 6.112554 1.698732 2.858503
v 6.251865 1.571032 2.655342
v 6.112554 1.443330 2.457986
v 5.839736 1.698732 2.858503
v 5.839736 1.443330 2.457986
v 5.700429 1.571032 2.655342
v 7.168989 1.002181 1.749826
v 7.035483 1.129882 1.952987
v 7.035483 0.874481 1.552470
v 6.762671 0.874481 1.552470
v 6.756865 1.124078 1.952987
v 6.756865 1.124078 1.952987
v 6.623359 0.996377 1.749826
v 6.762671 0.874481 1.552470
v 5.241865 1.141492 1.982009
v 5.381176 1.013791 1.778849
v 5.375371 1.269193 2.179365
v 5.653994 1.269193 2.179365
v 5.653994 1.013791 1.778849
v 5.787495 1.141492 1.982009
v 8.393759 2.128272 3.526031
v 8.393759 1.872870 3.125514
v 8.527265 2.000571 3.328675
v 8.393759 1.872870 3.125514
v 8.393759 2.128272 3.526031
v 8.120942 1.872870 3.125514
v 8.115136 2.128272 3.526031
v 7.981630 2.000571 3.328675
v 3.860371 2.424306 4.019422
v 3.999682 2.296605 3.816261
v 3.999682 2.552008 4.216778
v 4.272500 2.552008 4.222582
v 4.272500 2.302410 3.816261
v 4.272500 2.552008 4.222582
v 4.272500 2.302410 3.816261
v 4.411811 2.430111 4.019422
v 2.943247 2.993156 4.924937
v 3.082558 2.871260 4.721776
v 3.076753 3.120857 5.122294
v 3.349570 3.126662 5.122294
v 3.355376 2.871260 4.721776
v 3.349570 3.126662 5.122294
v 3.355376 2.871260 4.721776
v 3.488877 2.998961 4.924937
v 3.024512 2.853846 4.698559
v 2.891006 2.981547 4.895915
v 2.891006 2.726145 4.495398
v 2.618188 2.726145 4.495398
v 2.612388 2.975742 4.895915
v 2.478882 2.848042 4.698559
v 2.432441 3.399478 5.569247
v 2.159629 3.399478 5.569247
v 2.165434 3.144076 5.162925
v 2.026123 3.271777 5.366087
v 2.165434 3.144076 5.162925
v 2.438247 3.149881 5.168731
v 2.432441 3.399478 5.569247
v 2.571753 3.277581 5.366087
v 6.559507 2.714536 4.454766
v 6.286694 2.459134 4.054248
v 6.559507 2.459134 4.054248
v 6.559507 2.714536 4.454766
v 6.559507 2.459134 4.054248
v 6.693013 2.586835 4.257410
v 6.559507 2.714536 4.454766
v 6.280889 2.708731 4.454766
v 6.286694 2.459134 4.054248
v 6.147383 2.581030 4.257410
v 5.636577 3.277581 5.360282
v 5.363760 3.277581 5.354477
v 5.363760 3.022179 4.953960
v 5.224453 3.149881 5.157121
v 5.363760 3.022179 4.953960
v 5.636577 3.022179 4.953960
v 5.636577 3.277581 5.360282
v 5.775888 3.149881 5.157121
v 7.656577 3.434306 5.592465
v 7.523071 3.306604 5.389305
v 7.656577 3.178903 5.191948
v 7.656577 3.434306 5.592465
v 7.656577 3.178903 5.191948
v 7.929389 3.434306 5.592465
v 7.935194 3.178903 5.191948
v 7.929389 3.434306 5.592465
v 7.935194 3.178903 5.191948
v 8.068701 3.306604 5.389305
v 9.093188 -4.041850 -6.235984
v 1.091724 -4.076740 -6.247614
v 9.093188 -3.884845 -6.329024
v 1.091724 -3.919735 -6.346469
v 9.035039 4.087545 6.254676
v 1.033574 4.046841 6.243045
v 9.035039 3.930540 6.353531
v 1.033574 3.895650 6.341901
v 1.091724 -4.076740 -6.247614
v 1.033574 3.895650 6.341901
v 1.091724 -3.919735 -6.346469
v 1.033574 4.046841 6.243045
v 9.046821 -0.003450 -0.236613
v 9.046821 -0.192026 -0.120567
v 9.046821 -0.298402 -0.289801
v 9.046821 -0.003450 -0.236613
v 9.046821 -0.298402 -0.289801
v 9.046821 -0.109826 -0.405847
v 9.046821 -0.221038 -0.584752
v 9.046821 -0.409613 -0.468706
v 9.046821 -0.332249 -0.753986
v 9.046821 -0.332249 -0.753986
v 9.046821 -0.409613 -0.468706
v 9.046821 -0.515989 -0.637940
v 9.008139 -0.332249 -0.753986
v 9.008139 -0.515989 -0.637940
v 9.003305 -0.003450 -0.236613
v 9.008139 -0.192026 -0.120567
v 9.008139 -0.332249 -0.753986
v 9.046821 -0.332249 -0.753986
v 9.046821 -0.515989 -0.637940
v 9.008139 -0.332249 -0.753986
v 9.046821 -0.515989 -0.637940
v 9.008139 -0.515989 -0.637940
v 9.046821 -0.192026 -0.120567
v 9.008139 -0.515989 -0.637940
v 9.046821 -0.515989 -0.637940
v 9.008139 -0.192026 -0.120567
v 9.008139 -0.515989 -0.637940
v 9.046821 -0.192026 -0.120567
v 9.046821 -0.003450 -0.236613
v 9.008139 -0.192026 -0.120567
v 9.046821 -0.192026 -0.120567
v 9.003305 -0.003450 -0.236613
v 9.008139 -0.192026 -0.120567
v 9.046821 -0.003450 -0.236613
v 9.003305 -0.003450 -0.236613
v 9.046821 -0.003450 -0.236613
v 9.046821 -0.332249 -0.753986
v 9.003305 -0.003450 -0.236613
v 9.046821 -0.332249 -0.753986
v 9.008139 -0.332249 -0.753986
v 9.041986 0.562276 0.653077
v 9.041986 0.373701 0.769123
v 9.041986 0.267325 0.599889
v 9.041986 0.562276 0.653077
v 9.041986 0.267325 0.599889
v 9.041986 0.455900 0.483842
v 9.041986 0.339853 0.304938
v 9.041986 0.156113 0.425819
v 9.041986 0.233478 0.135703
v 9.041986 0.233478 0.135703
v 9.041986 0.156113 0.425819
v 9.046821 0.049738 0.256585
v 9.003305 0.562276 0.653077
v 9.003305 0.233478 0.135703
v 9.003305 0.049738 0.256585
v 9.003305 0.562276 0.653077
v 9.003305 0.049738 0.256585
v 9.003305 0.373701 0.769123
v 9.003305 0.233478 0.135703
v 9.041986 0.233478 0.135703
v 9.046821 0.049738 0.256585
v 9.003305 0.233478 0.135703
v 9.046821 0.049738 0.256585
v 9.003305 0.049738 0.256585
v 9.041986 0.373701 0.769123
v 9.003305 0.049738 0.256585
v 9.046821 0.049738 0.256585
v 9.003305 0.373701 0.769123
v 9.003305 0.049738 0.256585
v 9.041986 0.373701 0.769123
v 9.041986 0.562276 0.653077
v 9.003305 0.373701 0.769123
v 9.041986 0.373701 0.769123
v 9.003305 0.562276 0.653077
v 9.003305 0.373701 0.769123
v 9.041986 0.562276 0.653077
v 9.003305 0.562276 0.653077
v 9.041986 0.562276 0.653077
v 9.041986 0.233478 0.135703
v 9.003305 0.562276 0.653077
v 9.041986 0.233478 0.135703
v 9.003305 0.233478 0.135703
v 0.967090 -0.042133 -0.251118
v 0.967090 -0.332249 -0.304306
v 0.967090 -0.225873 -0.135072
v 0.967090 -0.042133 -0.251118
v 0.967090 -0.148508 -0.420353
v 0.967090 -0.332249 -0.304306
v 0.967090 -0.554671 -0.652446
v 0.967090 -0.443460 -0.483211
v 0.967090 -0.366096 -0.768492
v 0.967090 -0.259719 -0.599258
v 1.005772 -0.366096 -0.768492
v 1.005772 -0.042133 -0.251118
v 1.010606 -0.549836 -0.652446
v 1.005772 -0.225873 -0.135072
v 1.005772 -0.042133 -0.251118
v 0.967090 -0.225873 -0.135072
v 1.005772 -0.225873 -0.135072
v 0.967090 -0.042133 -0.251118
v 0.967090 -0.225873 -0.135072
v 1.005772 -0.042133 -0.251118
v 0.967090 -0.225873 -0.135072
v 0.967090 -0.554671 -0.652446
v 1.005772 -0.225873 -0.135072
v 1.010606 -0.549836 -0.652446
v 0.967090 -0.366096 -0.768492
v 1.010606 -0.549836 -0.652446
v 0.967090 -0.554671 -0.652446
v 0.967090 -0.366096 -0.768492
v 1.005772 -0.366096 -0.768492
v 1.010606 -0.549836 -0.652446
v 1.005772 -0.042133 -0.251118
v 1.005772 -0.366096 -0.768492
v 0.967090 -0.366096 -0.768492
v 0.967090 -0.042133 -0.251118
v 1.005772 -0.042133 -0.251118
v 0.967090 -0.366096 -0.768492
v -0.053154 -0.448295 -0.483211
v 0.967090 -0.443460 -0.483211
v -0.053154 -0.337084 -0.304306
v 0.967090 -0.332249 -0.304306
v 0.967090 -0.148508 -0.420353
v 0.967090 -0.259719 -0.599258
v -0.053154 -0.153343 -0.425188
v -0.053154 -0.264555 -0.599258
v 0.967090 -0.259719 -0.599258
v 0.967090 -0.443460 -0.483211
v -0.053154 -0.264555 -0.599258
v -0.053154 -0.448295 -0.483211
v 0.967090 -0.148508 -0.420353
v -0.053154 -0.337084 -0.304306
v 0.967090 -0.332249 -0.304306
v -0.053154 -0.153343 -0.425188
v -0.053154 -0.337084 -0.304306
v 0.967090 -0.148508 -0.420353
v 0.962251 0.523594 0.638571
v 0.962251 0.233478 0.585383
v 0.962251 0.339853 0.754618
v 0.962251 0.523594 0.638571
v 0.962251 0.417218 0.469336
v 0.962251 0.233478 0.585383
v 0.962251 0.199631 0.121197
v 0.967090 0.011055 0.242079
v 0.962251 0.122267 0.411313
v 0.962251 0.306007 0.290431
v 0.962251 0.199631 0.121197
v 0.962251 0.122267 0.411313
v 1.005772 0.199631 0.121197
v 1.000933 0.523594 0.638571
v 1.005772 0.011055 0.242079
v 1.000933 0.339853 0.754618
v 1.000933 0.523594 0.638571
v 0.962251 0.339853 0.754618
v 1.000933 0.339853 0.754618
v 0.962251 0.523594 0.638571
v 0.962251 0.339853 0.754618
v 1.000933 0.523594 0.638571
v 0.962251 0.339853 0.754618
v 0.967090 0.011055 0.242079
v 1.000933 0.339853 0.754618
v 1.000933 0.339853 0.754618
v 0.967090 0.011055 0.242079
v 1.005772 0.011055 0.242079
v 0.962251 0.199631 0.121197
v 1.005772 0.011055 0.242079
v 0.967090 0.011055 0.242079
v 0.962251 0.199631 0.121197
v 1.005772 0.199631 0.121197
v 1.005772 0.011055 0.242079
v 1.000933 0.523594 0.638571
v 1.005772 0.199631 0.121197
v 0.962251 0.199631 0.121197
v 0.962251 0.523594 0.638571
v 1.000933 0.523594 0.638571
v 0.962251 0.199631 0.121197
v -0.057988 0.117432 0.406478
v 0.962251 0.122267 0.411313
v -0.057988 0.228643 0.585383
v 0.962251 0.233478 0.585383
v 0.962251 0.417218 0.469336
v 0.962251 0.306007 0.290431
v -0.057988 0.412383 0.469336
v -0.057988 0.301172 0.290431
v 0.962251 0.306007 0.290431
v 0.962251 0.122267 0.411313
v -0.057988 0.301172 0.290431
v -0.057988 0.117432 0.406478
v 0.962251 0.417218 0.469336
v -0.057988 0.228643 0.585383
v 0.962251 0.233478 0.585383
v -0.057988 0.412383 0.469336
v -0.057988 0.228643 0.585383
v 0.962251 0.417218 0.469336
v 9.104843 -0.003450 -0.236613
v 9.104843 -0.192026 -0.120567
v 9.104843 -0.298402 -0.289801
v 9.104843 -0.003450 -0.236613
v 9.104843 -0.298402 -0.289801
v 9.104843 -0.109826 -0.405847
v 9.109677 -0.221038 -0.584752
v 9.109677 -0.409613 -0.468706
v 9.109677 -0.332249 -0.753986
v 9.109677 -0.332249 -0.753986
v 9.109677 -0.409613 -0.468706
v 9.109677 -0.515989 -0.637940
v 9.066161 -0.332249 -0.753986
v 9.070995 -0.515989 -0.637940
v 9.066161 -0.003450 -0.236613
v 9.066161 -0.192026 -0.120567
v 9.066161 -0.332249 -0.753986
v 9.109677 -0.332249 -0.753986
v 9.109677 -0.515989 -0.637940
v 9.066161 -0.332249 -0.753986
v 9.109677 -0.515989 -0.637940
v 9.070995 -0.515989 -0.637940
v 9.104843 -0.192026 -0.120567
v 9.070995 -0.515989 -0.637940
v 9.109677 -0.515989 -0.637940
v 9.066161 -0.192026 -0.120567
v 9.070995 -0.515989 -0.637940
v 9.104843 -0.192026 -0.120567
v 9.104843 -0.003450 -0.236613
v 9.066161 -0.192026 -0.120567
v 9.104843 -0.192026 -0.120567
v 9.066161 -0.003450 -0.236613
v 9.066161 -0.192026 -0.120567
v 9.104843 -0.003450 -0.236613
v 9.066161 -0.003450 -0.236613
v 9.104843 -0.003450 -0.236613
v 9.109677 -0.332249 -0.753986
v 9.066161 -0.003450 -0.236613
v 9.109677 -0.332249 -0.753986
v 9.066161 -0.332249 -0.753986
v 9.100009 0.562276 0.653077
v 9.100009 0.373701 0.769123
v 9.104843 0.267325 0.599889
v 9.100009 0.562276 0.653077
v 9.104843 0.267325 0.599889
v 9.100009 0.455900 0.483842
v 9.104843 0.344689 0.304938
v 9.104843 0.156113 0.425819
v 9.104843 0.233478 0.135703
v 9.104843 0.049738 0.256585
v 9.066161 0.233478 0.135703
v 9.066161 0.049738 0.256585
v 9.061328 0.562276 0.653077
v 9.061328 0.373701 0.769123
v 9.066161 0.233478 0.135703
v 9.104843 0.233478 0.135703
v 9.104843 0.049738 0.256585
v 9.066161 0.233478 0.135703
v 9.104843 0.049738 0.256585
v 9.066161 0.049738 0.256585
v 9.100009 0.373701 0.769123
v 9.066161 0.049738 0.256585
v 9.104843 0.049738 0.256585
v 9.061328 0.373701 0.769123
v 9.066161 0.049738 0.256585
v 9.100009 0.373701 0.769123
v 9.100009 0.562276 0.653077
v 9.061328 0.373701 0.769123
v 9.100009 0.373701 0.769123
v 9.061328 0.562276 0.653077
v 9.061328 0.373701 0.769123
v 9.100009 0.562276 0.653077
v 9.100009 0.562276 0.653077
v 9.104843 0.233478 0.135703
v 9.061328 0.562276 0.653077
v 9.066161 0.233478 0.135703
v 1.025112 -0.042133 -0.251118
v 1.025112 -0.332249 -0.304306
v 1.025112 -0.225873 -0.135072
v 1.025112 -0.042133 -0.251118
v 1.025112 -0.148508 -0.420353
v 1.025112 -0.332249 -0.304306
v 1.029946 -0.549836 -0.652446
v 1.029946 -0.443460 -0.483211
v 1.029946 -0.366096 -0.768492
v 1.025112 -0.259719 -0.599258
v 1.068628 -0.366096 -0.768492
v 1.063794 -0.042133 -0.251118
v 1.068628 -0.549836 -0.652446
v 1.068628 -0.225873 -0.135072
v 1.063794 -0.042133 -0.251118
v 1.025112 -0.225873 -0.135072
v 1.068628 -0.225873 -0.135072
v 1.025112 -0.042133 -0.251118
v 1.025112 -0.225873 -0.135072
v 1.063794 -0.042133 -0.251118
v 1.025112 -0.225873 -0.135072
v 1.029946 -0.549836 -0.652446
v 1.068628 -0.225873 -0.135072
v 1.068628 -0.225873 -0.135072
v 1.029946 -0.549836 -0.652446
v 1.068628 -0.549836 -0.652446
v 1.029946 -0.366096 -0.768492
v 1.068628 -0.549836 -0.652446
v 1.029946 -0.549836 -0.652446
v 1.029946 -0.366096 -0.768492
v 1.068628 -0.366096 -0.768492
v 1.068628 -0.549836 -0.652446
v 1.063794 -0.042133 -0.251118
v 1.068628 -0.366096 -0.768492
v 1.029946 -0.366096 -0.768492
v 1.025112 -0.042133 -0.251118
v 1.063794 -0.042133 -0.251118
v 1.029946 -0.366096 -0.768492
v 0.009702 -0.448295 -0.483211
v 1.029946 -0.443460 -0.483211
v 0.004868 -0.337084 -0.304306
v 1.025112 -0.332249 -0.304306
v 1.025112 -0.148508 -0.420353
v 1.025112 -0.259719 -0.599258
v 0.004868 -0.153343 -0.425188
v 0.009702 -0.264555 -0.599258
v 1.025112 -0.259719 -0.599258
v 1.029946 -0.443460 -0.483211
v 0.009702 -0.264555 -0.599258
v 0.009702 -0.448295 -0.483211
v 1.025112 -0.332249 -0.304306
v 1.025112 -0.148508 -0.420353
v 0.004868 -0.337084 -0.304306
v 0.004868 -0.153343 -0.425188
v 1.020274 0.523594 0.638571
v 1.025112 0.233478 0.585383
v 1.020274 0.339853 0.754618
v 1.020274 0.523594 0.638571
v 1.020274 0.417218 0.469336
v 1.025112 0.233478 0.585383
v 1.025112 0.011055 0.242079
v 1.025112 0.122267 0.411313
v 1.025112 0.199631 0.121197
v 1.025112 0.306007 0.290431
v 1.063794 0.199631 0.121197
v 1.063794 0.523594 0.638571
v 1.063794 0.015891 0.242079
v 1.063794 0.339853 0.754618
v 1.063794 0.523594 0.638571
v 1.020274 0.339853 0.754618
v 1.063794 0.339853 0.754618
v 1.020274 0.523594 0.638571
v 1.020274 0.339853 0.754618
v 1.063794 0.523594 0.638571
v 1.020274 0.339853 0.754618
v 1.025112 0.011055 0.242079
v 1.063794 0.339853 0.754618
v 1.063794 0.339853 0.754618
v 1.025112 0.011055 0.242079
v 1.063794 0.015891 0.242079
v 1.025112 0.199631 0.121197
v 1.063794 0.015891 0.242079
v 1.025112 0.011055 0.242079
v 1.025112 0.199631 0.121197
v 1.063794 0.199631 0.121197
v 1.063794 0.015891 0.242079
v 1.063794 0.523594 0.638571
v 1.063794 0.199631 0.121197
v 1.025112 0.199631 0.121197
v 1.020274 0.523594 0.638571
v 1.063794 0.523594 0.638571
v 1.025112 0.199631 0.121197
v 0.004868 0.117432 0.406478
v 1.025112 0.122267 0.411313
v 0.004868 0.228643 0.585383
v 1.025112 0.233478 0.585383
v 1.020274 0.417218 0.469336
v 1.025112 0.306007 0.290431
v 0.004868 0.412383 0.469336
v 0.004868 0.301172 0.290431
v 1.025112 0.306007 0.290431
v 1.025112 0.122267 0.411313
v 0.004868 0.301172 0.290431
v 0.004868 0.117432 0.406478
v 1.025112 0.233478 0.585383
v 1.020274 0.417218 0.469336
v 0.004868 0.228643 0.585383
v 0.004868 0.412383 0.469336
v 2.581157 1.221475 1.760878
v 2.581157 1.169479 1.679996
v 2.072754 1.221475 1.755101
v 2.072754 1.169479 1.674218
v 5.007617 3.936800 6.030293
v 5.065391 -3.798988 -6.182891
v 4.909404 3.936800 6.030293
v 4.961396 -3.798988 -6.182891
v 3.095337 3.925244 6.030293
v 3.101113 3.723040 5.706765
v 3.008677 3.925244 6.030293
v 3.008677 3.723040 5.706765
v 3.037563 3.324407 5.077041
v 3.083779 3.324407 5.077041
v 3.095337 1.389016 2.015078
v 3.037563 3.324407 5.077041
v 3.095337 1.389016 2.015078
v 3.049116 1.383239 2.015078
v 2.737144 0.996160 1.396909
v 2.754472 -0.846795 -1.509066
v 2.696704 0.996160 1.396909
v 2.714033 -0.846795 -1.509066
v 3.147329 -1.251204 -2.150345
v 3.158886 -3.175041 -5.194975
v 3.066450 -1.251204 -2.150345
v 3.078003 -3.175041 -5.194975
v 8.531762 -1.164545 -2.046354
v 8.549091 -3.076827 -5.062098
v 8.456655 -1.164545 -2.046354
v 8.468212 -3.076827 -5.062098
v 8.508652 2.642687 3.967801
v 8.531762 -0.777467 -1.428184
v 8.427768 2.642687 3.967801
v 8.450878 -0.777467 -1.428184
v 8.502875 3.278189 4.973049
v 8.502875 3.041320 4.603303
v 8.421991 3.278189 4.973049
v 8.421991 3.041320 4.603303
v 4.909404 3.613271 5.521892
v 4.909404 3.584385 5.475674
v 3.661508 3.607494 5.521892
v 3.661508 3.578607 5.469896
v 5.013393 3.387957 5.169477
v 7.884706 3.405288 5.175254
v 7.884706 3.370625 5.123259
v 5.013393 3.387957 5.169477
v 7.884706 3.370625 5.123259
v 5.013393 3.359070 5.117481
v 7.902035 2.839115 4.285553
v 7.902035 2.810229 4.239335
v 5.024946 2.827560 4.279775
v 5.024946 2.798673 4.233557
v 4.915180 2.561804 3.858033
v 4.915180 2.527141 3.811815
v 3.078003 2.550251 3.858033
v 3.078003 2.521364 3.806037
v 8.421991 2.018740 2.985662
v 8.421991 1.978298 2.922113
v 5.001841 2.007185 2.979886
v 5.001841 1.960967 2.916335
v 7.890483 -1.060554 -1.873035
v 7.896259 -1.100995 -1.936586
v 5.042280 -1.072108 -1.878813
v 5.042280 -1.112550 -1.942363
v 7.884706 -3.117269 -5.125648
v 7.884706 -3.163487 -5.194975
v 5.030727 -3.128823 -5.131425
v 5.036504 -3.175041 -5.194975
v 7.884706 -3.354137 -5.501172
v 7.884706 -3.406133 -5.576276
v 5.036504 -3.371469 -5.506948
v 5.036504 -3.417687 -5.582054
v 4.949843 -2.244898 -3.727545
v 4.949843 -2.296894 -3.814204
v 3.176215 -2.250675 -3.727545
v 3.176215 -2.302671 -3.814204
v 3.719282 -3.261700 -5.333630
v 4.961396 -3.261700 -5.333630
v 4.961396 -3.313696 -5.420290
v 3.719282 -3.261700 -5.333630
v 4.961396 -3.313696 -5.420290
v 3.725058 -3.319473 -5.420290
v 2.049643 3.925244 6.024515
v 2.101640 -3.394578 -5.530058
v 1.957207 3.919467 6.024515
v 2.009204 -3.394578 -5.530058
v 2.610044 -3.342582 -5.449176
v 2.610044 -3.388801 -5.530058
v 2.101640 -3.342582 -5.449176
v 2.101640 -3.394578 -5.530058
v 3.078003 -2.412439 -3.987523
v 3.078003 -2.464435 -4.068405
v 2.101640 -2.418216 -3.987523
v 2.101640 -2.470212 -4.068405
v 2.598486 -1.025890 -1.792153
v 2.598486 -1.077886 -1.873035
v 2.090088 -1.025890 -1.792153
v 2.095864 -1.077886 -1.873035
v 2.563823 3.549721 5.435232
v 2.563823 3.497725 5.354351
v 2.055425 3.549721 5.435232
v 2.055425 3.497725 5.354351
v 8.814848 -3.775879 -6.171337
v 8.814848 -3.827875 -6.252219
v 1.460361 -3.810543 -6.182891
v 1.460361 -3.862538 -6.263773
v 8.404662 4.006127 6.122729
v 8.404662 3.948354 6.036070
v 1.558574 3.971463 6.111174
v 1.558574 3.919467 6.024515
v 1.150361 -3.320228 -5.044894
v 1.289741 -3.447997 -5.242354
v 1.289741 -3.192460 -4.841627
v 1.562700 -3.447997 -5.242354
v 1.562700 -3.192460 -4.841627
v 1.562700 -3.192460 -4.841627
v 1.562700 -3.447997 -5.242354
v 1.702085 -3.320228 -5.044894
v 1.283935 -2.623310 -3.941441
v 1.144551 -2.751078 -4.144709
v 1.283935 -2.878847 -4.342169
v 1.283935 -2.878847 -4.342169
v 1.556894 -2.878847 -4.342169
v 1.283935 -2.623310 -3.941441
v 1.556894 -2.623310 -3.941441
v 1.696279 -2.751078 -4.138901
v 4.042568 -3.471227 -5.288815
v 3.903183 -3.598995 -5.492084
v 4.042568 -3.720956 -5.689543
v 4.042568 -3.471227 -5.288815
v 4.042568 -3.720956 -5.689543
v 4.315527 -3.465419 -5.288815
v 4.315527 -3.720956 -5.689543
v 4.454912 -3.593188 -5.492084
v 4.315527 -3.180845 -4.841627
v 4.036762 -3.180845 -4.841627
v 4.042568 -3.436381 -5.242354
v 3.903183 -3.308613 -5.039087
v 4.042568 -3.436381 -5.242354
v 4.315527 -3.436381 -5.242354
v 4.315527 -3.180845 -4.841627
v 4.449101 -3.308613 -5.039087
v 5.221519 -2.605887 -3.935633
v 4.954370 -2.861424 -4.336361
v 5.227329 -2.861424 -4.336361
v 5.221519 -2.605887 -3.935633
v 5.227329 -2.861424 -4.336361
v 5.360903 -2.733656 -4.138901
v 4.948559 -2.605887 -3.935633
v 4.954370 -2.861424 -4.336361
v 5.221519 -2.605887 -3.935633
v 4.948559 -2.605887 -3.935633
v 4.814985 -2.733656 -4.138901
v 4.954370 -2.861424 -4.336361
v 2.021509 -3.331843 -5.062317
v 2.021509 -3.587380 -5.463045
v 2.155083 -3.459612 -5.265585
v 2.021509 -3.331843 -5.062317
v 1.742739 -3.331843 -5.062317
v 2.021509 -3.587380 -5.463045
v 1.748545 -3.587380 -5.468853
v 1.609165 -3.459612 -5.265585
v 3.072690 -3.453804 -5.265585
v 2.933306 -3.326036 -5.062317
v 2.933306 -3.581572 -5.463045
v 2.660347 -3.581572 -5.463045
v 2.660347 -3.331843 -5.062317
v 2.520962 -3.459612 -5.265585
v 3.397920 -3.471227 -5.294623
v 3.124961 -3.726764 -5.695351
v 3.403725 -3.726764 -5.695351
v 3.397920 -3.471227 -5.294623
v 3.403725 -3.726764 -5.695351
v 3.537304 -3.598995 -5.492084
v 3.397920 -3.471227 -5.294623
v 3.124961 -3.471227 -5.294623
v 3.124961 -3.726764 -5.695351
v 2.991382 -3.598995 -5.492084
v 2.073774 -3.598995 -5.486275
v 2.213159 -3.726764 -5.683736
v 2.213159 -3.471227 -5.283008
v 2.486118 -3.471227 -5.283008
v 2.486118 -3.720956 -5.683736
v 2.625503 -3.593188 -5.480468
v 2.160888 -3.744186 -5.712774
v 2.021509 -3.616418 -5.515314
v 2.021509 -3.871955 -5.916042
v 1.748545 -3.616418 -5.515314
v 1.748545 -3.871955 -5.916042
v 1.609165 -3.744186 -5.718581
v 2.073774 -3.883570 -5.933465
v 2.213159 -4.011338 -6.136732
v 2.213159 -3.755802 -5.736004
v 2.486118 -3.755802 -5.730197
v 2.491924 -4.011338 -6.136732
v 2.625503 -3.883570 -5.933465
v 7.207734 -3.575765 -5.480468
v 7.068354 -3.447997 -5.277200
v 7.068354 -3.703533 -5.677928
v 6.789585 -3.453804 -5.277200
v 6.795395 -3.703533 -5.677928
v 6.656011 -3.581572 -5.480468
v 5.877783 -3.453804 -5.277200
v 6.150742 -3.709341 -5.677928
v 6.150742 -3.453804 -5.277200
v 6.290127 -3.581572 -5.480468
v 5.877783 -3.453804 -5.277200
v 5.877783 -3.709341 -5.677928
v 6.150742 -3.709341 -5.677928
v 5.877783 -3.453804 -5.277200
v 5.738403 -3.581572 -5.480468
v 5.877783 -3.709341 -5.677928
v 5.413174 -3.598995 -5.503698
v 5.413174 -3.854532 -5.910234
v 5.686132 -3.598995 -5.503698
v 5.413174 -3.598995 -5.503698
v 5.273789 -3.726764 -5.706966
v 5.413174 -3.854532 -5.910234
v 5.413174 -3.854532 -5.910234
v 5.691938 -3.854532 -5.904426
v 5.686132 -3.598995 -5.503698
v 5.825517 -3.726764 -5.706966
v 6.330781 -3.848724 -5.904426
v 6.603740 -3.848724 -5.904426
v 6.603740 -3.593188 -5.503698
v 6.743125 -3.720956 -5.706966
v 6.603740 -3.593188 -5.503698
v 6.330781 -3.598995 -5.503698
v 6.330781 -3.848724 -5.904426
v 6.191396 -3.726764 -5.706966
v 6.597934 -3.308613 -5.050702
v 6.603740 -3.564150 -5.457237
v 6.737319 -3.436381 -5.253970
v 6.603740 -3.564150 -5.457237
v 6.597934 -3.308613 -5.050702
v 6.324975 -3.564150 -5.457237
v 6.324975 -3.308613 -5.050702
v 6.324975 -3.308613 -5.050702
v 6.191396 -3.436381 -5.253970
v 6.324975 -3.564150 -5.457237
v 6.597934 -3.024038 -4.603513
v 6.597934 -3.279574 -5.004241
v 6.737319 -3.151807 -4.800973
v 6.597934 -3.279574 -5.004241
v 6.597934 -3.024038 -4.603513
v 6.324975 -3.279574 -5.004241
v 6.324975 -3.024038 -4.603513
v 6.185591 -3.151807 -4.800973
v 7.062543 -2.873039 -4.371207
v 7.062543 -3.128576 -4.771935
v 7.201928 -3.000807 -4.568667
v 7.062543 -3.128576 -4.771935
v 7.062543 -2.873039 -4.371207
v 6.789585 -3.128576 -4.771935
v 6.789585 -2.878847 -4.371207
v 6.789585 -2.878847 -4.371207
v 6.650200 -3.006615 -4.568667
v 6.789585 -3.128576 -4.771935
v 5.407363 -2.745271 -4.150517
v 5.267983 -2.873039 -4.353784
v 5.407363 -3.000807 -4.557052
v 5.407363 -2.745271 -4.150517
v 5.407363 -3.000807 -4.557052
v 5.680327 -2.745271 -4.150517
v 5.680327 -2.995000 -4.551244
v 5.819707 -2.867231 -4.353784
v 7.109008 -3.720956 -5.706966
v 7.242582 -3.848724 -5.904426
v 7.242582 -3.593188 -5.503698
v 7.515541 -3.593188 -5.503698
v 7.521347 -3.848724 -5.904426
v 7.654926 -3.720956 -5.706966
v 8.897763 -3.726764 -5.718581
v 8.897763 -3.976492 -6.119309
v 9.037143 -3.848724 -5.921849
v 8.897763 -3.976492 -6.119309
v 8.897763 -3.726764 -5.718581
v 8.624804 -3.982300 -6.125117
v 8.624804 -3.726764 -5.718581
v 8.485419 -3.854532 -5.921849
v 7.567812 -3.000807 -4.568667
v 7.707192 -3.128576 -4.771935
v 7.701386 -2.873039 -4.371207
v 7.980151 -2.873039 -4.371207
v 7.980151 -3.128576 -4.771935
v 8.113729 -3.000807 -4.568667
v 1.690469 -1.032014 -1.426729
v 1.551089 -0.904246 -1.229269
v 1.551089 -1.159783 -1.629997
v 1.278130 -0.904246 -1.229269
v 1.278130 -1.159783 -1.629997
v 1.138745 -1.032014 -1.426729
v 1.266513 -0.050522 0.123913
v 1.266513 -0.306058 -0.276815
v 1.539472 -0.300251 -0.276815
v 1.266513 -0.050522 0.123913
v 1.127129 -0.178290 -0.079355
v 1.266513 -0.306058 -0.276815
v 1.266513 -0.050522 0.123913
v 1.539472 -0.300251 -0.276815
v 1.539472 -0.050522 0.123913
v 1.539472 -0.050522 0.123913
v 1.539472 -0.300251 -0.276815
v 1.678857 -0.172482 -0.073547
v 1.545278 -0.590633 -0.729812
v 1.266513 -0.335097 -0.329084
v 1.266513 -0.590633 -0.729812
v 1.132935 -0.462865 -0.526544
v 1.266513 -0.335097 -0.329084
v 1.545278 -0.590633 -0.729812
v 1.539472 -0.335097 -0.323276
v 1.539472 -0.335097 -0.323276
v 1.545278 -0.590633 -0.729812
v 1.678857 -0.462865 -0.526544
v 2.131850 -0.027291 0.152951
v 1.992471 0.100477 0.356219
v 1.998276 -0.155060 -0.044509
v 1.719507 0.100477 0.356219
v 1.719507 -0.155060 -0.044509
v 1.585932 -0.027291 0.152951
v 2.189927 -0.323481 -0.317468
v 2.050547 -0.451250 -0.514929
v 2.189927 -0.579018 -0.718196
v 2.189927 -0.323481 -0.317468
v 2.189927 -0.579018 -0.718196
v 2.462886 -0.323481 -0.311661
v 2.462886 -0.579018 -0.718196
v 2.602270 -0.451250 -0.514929
v 6.266899 -0.433827 -0.509121
v 6.127514 -0.306058 -0.311661
v 6.127514 -0.561595 -0.712389
v 5.854556 -0.311866 -0.311661
v 5.854556 -0.561595 -0.712389
v 5.854556 -0.311866 -0.311661
v 5.715171 -0.439634 -0.509121
v 5.854556 -0.561595 -0.712389
v 5.389941 -0.457057 -0.538159
v 5.389941 -0.706786 -0.938887
v 5.662900 -0.451250 -0.538159
v 5.389941 -0.457057 -0.538159
v 5.256367 -0.584826 -0.741427
v 5.389941 -0.706786 -0.938887
v 5.389941 -0.706786 -0.938887
v 5.668711 -0.706786 -0.938887
v 5.662900 -0.451250 -0.538159
v 5.802285 -0.579018 -0.735619
v 5.389941 -0.166675 -0.085162
v 5.389941 -0.422211 -0.485890
v 5.662900 -0.166675 -0.085162
v 5.389941 -0.166675 -0.085162
v 5.250556 -0.294443 -0.288430
v 5.389941 -0.422211 -0.485890
v 5.662900 -0.166675 -0.085162
v 5.389941 -0.422211 -0.485890
v 5.662900 -0.422211 -0.485890
v 5.662900 -0.166675 -0.085162
v 5.662900 -0.422211 -0.485890
v 5.802285 -0.294443 -0.288430
v 7.184506 -0.718401 -0.967925
v 7.045121 -0.596441 -0.764657
v 7.045121 -0.846170 -1.171193
v 6.772163 -0.851977 -1.171193
v 6.772163 -0.596441 -0.764657
v 6.772163 -0.596441 -0.764657
v 6.632778 -0.724209 -0.967925
v 6.772163 -0.851977 -1.171193
v 6.127514 -0.027291 0.135528
v 5.854556 -0.027291 0.135528
v 5.854556 -0.282828 -0.271007
v 5.715171 -0.155060 -0.067739
v 5.854556 -0.282828 -0.271007
v 6.127514 -0.282828 -0.271007
v 6.127514 -0.027291 0.135528
v 6.266899 -0.155060 -0.067739
v 7.683964 -0.584826 -0.753042
v 7.550385 -0.712594 -0.956310
v 7.689770 -0.840362 -1.153770
v 7.683964 -0.584826 -0.753042
v 7.689770 -0.840362 -1.153770
v 7.962729 -0.584826 -0.753042
v 7.962729 -0.840362 -1.153770
v 8.096308 -0.712594 -0.956310
v 7.085776 -0.863593 -1.188616
v 7.225161 -0.985553 -1.386075
v 7.219350 -0.735824 -0.985348
v 7.498119 -0.730017 -0.985348
v 7.498119 -0.985553 -1.386075
v 7.637499 -0.857785 -1.188616
v 8.404111 0.129515 0.367834
v 8.409922 -0.126021 -0.032894
v 8.543495 0.001747 0.164567
v 8.409922 -0.126021 -0.032894
v 8.404111 0.129515 0.367834
v 8.131152 -0.126021 -0.032894
v 8.131152 0.129515 0.367834
v 7.991767 0.001747 0.164567
v 9.008105 0.152746 0.402680
v 8.868725 0.274707 0.600140
v 8.868725 0.024978 0.199412
v 8.595766 0.019170 0.199412
v 8.595766 0.274707 0.600140
v 8.456381 0.146938 0.396872
v 8.595766 0.309553 0.646601
v 8.868725 0.309553 0.652409
v 8.868725 0.565089 1.053136
v 9.008105 0.437321 0.849869
v 8.868725 0.565089 1.053136
v 8.595766 0.559281 1.053136
v 8.595766 0.309553 0.646601
v 8.456381 0.431513 0.849869
v 1.551089 -1.734740 -2.535990
v 1.272319 -1.479203 -2.135262
v 1.278130 -1.734740 -2.535990
v 1.138745 -1.606972 -2.338530
v 1.272319 -1.479203 -2.135262
v 1.551089 -1.734740 -2.535990
v 1.551089 -1.479203 -2.135262
v 1.690469 -1.606972 -2.338530
v 1.144551 -2.466504 -3.691712
v 1.283935 -2.594272 -3.889172
v 1.283935 -2.338736 -3.488445
v 1.556894 -2.588464 -3.889172
v 1.556894 -2.338736 -3.488445
v 1.696279 -2.460696 -3.691712
v 3.583764 -2.472311 -3.714943
v 3.583764 -2.727848 -4.115671
v 3.856723 -2.472311 -3.714943
v 3.583764 -2.472311 -3.714943
v 3.444380 -2.600080 -3.918211
v 3.583764 -2.727848 -4.115671
v 3.856723 -2.472311 -3.714943
v 3.583764 -2.727848 -4.115671
v 3.856723 -2.727848 -4.115671
v 3.856723 -2.472311 -3.714943
v 3.856723 -2.727848 -4.115671
v 3.990298 -2.600080 -3.912403
v 3.885761 -1.026207 -1.426729
v 4.025146 -1.148167 -1.629997
v 4.019336 -0.898439 -1.229269
v 4.298105 -0.892631 -1.229269
v 4.298105 -1.148167 -1.629997
v 4.437490 -1.020399 -1.426729
v 4.948559 -2.576849 -3.883364
v 5.221519 -2.571042 -3.883364
v 5.221519 -2.321313 -3.482637
v 5.360903 -2.443273 -3.680097
v 5.221519 -2.321313 -3.482637
v 4.948559 -2.321313 -3.482637
v 4.948559 -2.576849 -3.883364
v 4.809179 -2.449081 -3.680097
v 2.195737 -1.485011 -2.146878
v 2.062158 -1.612779 -2.344338
v 2.195737 -1.734740 -2.547606
v 2.195737 -1.485011 -2.146878
v 2.195737 -1.734740 -2.547606
v 2.468696 -1.479203 -2.141070
v 2.474502 -1.734740 -2.547606
v 2.468696 -1.479203 -2.141070
v 2.474502 -1.734740 -2.547606
v 2.608081 -1.606972 -2.344338
v 3.531494 -2.460696 -3.697520
v 3.392109 -2.332928 -3.494252
v 3.392109 -2.588464 -3.894980
v 3.119150 -2.588464 -3.894980
v 3.119150 -2.332928 -3.494252
v 2.979770 -2.460696 -3.697520
v 2.062158 -2.176121 -3.232908
v 2.201543 -2.298082 -3.436176
v 2.201543 -2.048353 -3.035448
v 2.474502 -2.042545 -3.035448
v 2.474502 -2.298082 -3.436176
v 2.613887 -2.170314 -3.232908
v 2.149272 -2.605887 -3.918211
v 2.015698 -2.478119 -3.714943
v 2.015698 -2.733656 -4.115671
v 1.736933 -2.478119 -3.714943
v 1.742739 -2.733656 -4.121478
v 1.603354 -2.605887 -3.918211
v 6.592124 -2.176121 -3.261946
v 6.592124 -2.431658 -3.662674
v 6.731509 -2.303890 -3.459406
v 6.592124 -2.431658 -3.662674
v 6.592124 -2.176121 -3.261946
v 6.319165 -2.431658 -3.662674
v 6.319165 -2.176121 -3.261946
v 6.319165 -2.176121 -3.261946
v 6.179780 -2.303890 -3.459406
v 6.319165 -2.431658 -3.662674
v 5.401557 -1.897354 -2.808949
v 5.262173 -2.025122 -3.012217
v 5.401557 -2.147083 -3.215485
v 5.401557 -1.897354 -2.808949
v 5.401557 -2.147083 -3.215485
v 5.674516 -1.891546 -2.808949
v 5.674516 -2.147083 -3.215485
v 5.674516 -1.891546 -2.808949
v 5.674516 -2.147083 -3.215485
v 5.813901 -2.019315 -3.012217
v 5.866172 -2.030930 -3.029640
v 5.866172 -2.286467 -3.430368
v 6.139131 -2.030930 -3.029640
v 5.866172 -2.030930 -3.029640
v 5.732593 -2.158698 -3.232908
v 5.866172 -2.286467 -3.430368
v 6.139131 -2.030930 -3.029640
v 5.866172 -2.286467 -3.430368
v 6.144937 -2.286467 -3.430368
v 6.139131 -2.030930 -3.029640
v 6.144937 -2.286467 -3.430368
v 6.278511 -2.158698 -3.227100
v 7.091581 -1.728932 -2.565028
v 7.230966 -1.856701 -2.762488
v 7.230966 -1.601164 -2.361761
v 7.503925 -1.856701 -2.762488
v 7.503925 -1.601164 -2.361761
v 7.643310 -1.728932 -2.565028
v 7.962729 -0.886823 -1.235077
v 7.689770 -0.886823 -1.235077
v 7.689770 -1.142360 -1.635805
v 7.550385 -1.014591 -1.432537
v 7.962729 -0.886823 -1.235077
v 7.689770 -1.142360 -1.635805
v 7.962729 -1.142360 -1.635805
v 7.962729 -0.886823 -1.235077
v 7.962729 -1.142360 -1.635805
v 8.102114 -1.014591 -1.432537
v 7.962729 -1.171398 -1.682266
v 7.689770 -1.171398 -1.682266
v 7.689770 -1.426935 -2.088801
v 7.556196 -1.299166 -1.885534
v 7.689770 -1.426935 -2.088801
v 7.968539 -1.426935 -2.088801
v 7.962729 -1.171398 -1.682266
v 8.102114 -1.299166 -1.885534
v 7.085776 -1.153975 -1.653227
v 7.225161 -1.281743 -1.856495
v 7.225161 -1.026207 -1.455767
v 7.498119 -1.026207 -1.455767
v 7.498119 -1.281743 -1.856495
v 7.498119 -1.026207 -1.455767
v 7.498119 -1.281743 -1.856495
v 7.637499 -1.153975 -1.653227
v 8.560917 -2.292274 -3.453598
v 8.421533 -2.164506 -3.256139
v 8.421533 -2.420043 -3.656866
v 8.148574 -2.420043 -3.656866
v 8.148574 -2.164506 -3.256139
v 8.148574 -2.164506 -3.256139
v 8.009193 -2.292274 -3.459406
v 8.148574 -2.420043 -3.656866
v 3.833491 0.687050 1.279635
v 3.560532 0.687050 1.279635
v 3.560532 0.437321 0.878907
v 3.421147 0.559281 1.076367
v 3.560532 0.437321 0.878907
v 3.833491 0.437321 0.878907
v 3.833491 0.687050 1.279635
v 3.967070 0.565089 1.076367
v 5.331865 1.575620 2.667663
v 5.192480 1.697581 2.865124
v 5.192480 1.447852 2.464395
v 4.919521 1.442044 2.464395
v 4.919521 1.697581 2.865124
v 4.780141 1.569812 2.661856
v 5.192480 1.413005 2.412127
v 5.198291 1.157469 2.011399
v 5.331865 1.285238 2.214666
v 5.198291 1.157469 2.011399
v 5.192480 1.413005 2.412127
v 4.919521 1.157469 2.011399
v 4.919521 1.413005 2.412127
v 4.785947 1.285238 2.214666
v 3.862529 1.854387 3.114852
v 4.001914 1.726619 2.911585
v 4.001914 1.982155 3.312312
v 4.274873 1.982155 3.312312
v 4.274873 1.726619 2.911585
v 4.274873 1.982155 3.312312
v 4.274873 1.726619 2.911585
v 4.414258 1.854387 3.114852
v 3.868340 0.994855 1.761670
v 4.007724 0.867087 1.558402
v 4.007724 1.122623 1.959130
v 4.280684 1.122623 1.964938
v 4.286489 0.872894 1.558402
v 4.420063 1.000663 1.761670
v 4.733676 0.704473 1.291251
v 4.460718 0.448936 0.890522
v 4.739487 0.448936 0.890522
v 4.733676 0.704473 1.291251
v 4.739487 0.448936 0.890522
v 4.873061 0.576704 1.093790
v 4.733676 0.704473 1.291251
v 4.460718 0.698665 1.291251
v 4.460718 0.448936 0.890522
v 4.321333 0.570897 1.093790
v 5.337676 0.716088 1.314481
v 5.198291 0.843856 1.511941
v 5.198291 0.588320 1.111213
v 4.925332 0.588320 1.111213
v 4.925332 0.843856 1.511941
v 4.785947 0.716088 1.308673
v 3.090112 1.436236 2.464395
v 3.363071 1.436236 2.464395
v 3.363071 1.691773 2.865124
v 3.502456 1.564005 2.661856
v 3.363071 1.691773 2.865124
v 3.090112 1.691773 2.865124
v 3.090112 1.436236 2.464395
v 2.950732 1.564005 2.661856
v 3.095923 0.855471 1.546787
v 3.368881 0.861279 1.546787
v 3.368881 1.111008 1.947515
v 3.502456 0.989047 1.750054
v 3.368881 1.111008 1.947515
v 3.090112 1.111008 1.947515
v 3.095923 0.855471 1.546787
v 2.956538 0.983240 1.750054
v 2.904268 0.971624 1.726824
v 2.904268 0.716088 1.326096
v 3.043652 0.843856 1.529364
v 2.904268 0.716088 1.326096
v 2.904268 0.971624 1.726824
v 2.631309 0.716088 1.326096
v 2.631309 0.971624 1.726824
v 2.491924 0.843856 1.529364
v 3.368881 0.826433 1.500326
v 3.368881 0.570897 1.093790
v 3.508266 0.698665 1.297058
v 3.368881 0.570897 1.093790
v 3.368881 0.826433 1.500326
v 3.095923 0.570897 1.093790
v 3.095923 0.826433 1.500326
v 2.956538 0.698665 1.297058
v 5.372519 1.836964 3.085814
v 5.238945 1.709196 2.882546
v 5.372519 1.581428 2.679279
v 5.372519 1.836964 3.085814
v 5.372519 1.581428 2.679279
v 5.645478 1.836964 3.085814
v 5.651289 1.587235 2.685086
v 5.784863 1.715004 2.882546
v 5.703555 1.291045 2.214666
v 5.842939 1.163277 2.011399
v 5.842939 1.418814 2.412127
v 6.115898 1.418814 2.412127
v 6.115898 1.163277 2.011399
v 6.255283 1.291045 2.214666
v 8.996493 1.581428 2.656048
v 8.857109 1.709196 2.859315
v 8.862914 1.453659 2.458588
v 8.584149 1.453659 2.458588
v 8.584149 1.709196 2.859315
v 8.584149 1.709196 2.859315
v 8.450571 1.581428 2.656048
v 8.584149 1.453659 2.458588
v 9.002299 1.296852 2.208859
v 8.862914 1.424621 2.406319
v 8.862914 1.169084 2.005591
v 8.589955 1.169084 2.005591
v 8.584149 1.418814 2.406319
v 8.584149 1.418814 2.406319
v 8.450571 1.291045 2.208859
v 8.589955 1.169084 2.005591
v 7.532963 1.860195 3.109044
v 7.666542 1.732426 2.905777
v 7.666542 1.987963 3.306505
v 7.939501 1.987963 3.306505
v 7.945307 1.732426 2.905777
v 8.078881 1.860195 3.109044
v 7.062543 2.005386 3.335543
v 7.201928 1.877618 3.138083
v 7.201928 2.133154 3.538811
v 7.474887 2.133154 3.538811
v 7.474887 1.877618 3.138083
v 7.614272 2.005386 3.341350
v 8.537685 1.157469 1.988168
v 8.398305 1.279430 2.185628
v 8.398305 1.029701 1.784901
v 8.125346 1.023893 1.784901
v 8.125346 1.279430 2.185628
v 7.985961 1.151661 1.988168
v 1.109707 2.411922 4.015038
v 1.249087 2.284153 3.811770
v 1.243281 2.539690 4.218306
v 1.522051 2.289960 3.811770
v 1.522051 2.539690 4.218306
v 1.655625 2.417729 4.015038
v 5.326059 2.429344 4.020845
v 5.186675 2.557113 4.224113
v 5.186675 2.301576 3.817578
v 4.913715 2.301576 3.817578
v 4.913715 2.557113 4.218306
v 4.774331 2.429344 4.020845
v 4.861445 2.289960 3.800155
v 4.722060 2.417729 4.003423
v 4.722060 2.162192 3.602694
v 4.449101 2.162192 3.596887
v 4.449101 2.417729 4.003423
v 4.309721 2.289960 3.800155
v 5.326059 2.144769 3.567849
v 5.186675 2.272538 3.771116
v 5.192480 2.017001 3.370389
v 4.913715 2.017001 3.370389
v 4.913715 2.272538 3.771116
v 4.780141 2.144769 3.567849
v 3.856723 2.998494 4.921031
v 3.996108 2.870725 4.717763
v 3.990298 3.126262 5.118491
v 4.269067 3.126262 5.124299
v 4.269067 2.870725 4.717763
v 4.269067 3.126262 5.124299
v 4.269067 2.870725 4.717763
v 4.408452 2.998494 4.921031
v 3.856723 3.283068 5.374027
v 3.990298 3.155301 5.170760
v 3.990298 3.410837 5.571488
v 4.263257 3.410837 5.571488
v 4.269067 3.155301 5.170760
v 4.263257 3.410837 5.571488
v 4.269067 3.155301 5.170760
v 4.402641 3.283068 5.374027
v 3.386303 3.428260 5.600526
v 3.525688 3.300492 5.403066
v 3.525688 3.556028 5.803794
v 3.798647 3.556028 5.803794
v 3.798647 3.300492 5.403066
v 3.938032 3.428260 5.600526
v 5.320249 3.288877 5.374027
v 5.180869 3.416645 5.577295
v 5.180869 3.161108 5.170760
v 4.907905 3.161108 5.170760
v 4.907905 3.410837 5.571488
v 4.768525 3.283068 5.374027
v 4.907905 3.445683 5.623756
v 5.180869 3.445683 5.623756
v 5.180869 3.701219 6.024485
v 5.314443 3.573451 5.827024
v 5.180869 3.701219 6.024485
v 4.902099 3.701219 6.024485
v 4.907905 3.445683 5.623756
v 4.768525 3.573451 5.821217
v 1.702085 2.400306 3.997614
v 1.980854 2.150577 3.591079
v 1.975044 2.406113 3.997614
v 1.975044 2.406113 3.997614
v 1.980854 2.150577 3.591079
v 2.114429 2.278346 3.794347
v 1.980854 2.150577 3.591079
v 1.702085 2.400306 3.997614
v 1.702085 2.150577 3.591079
v 1.568511 2.272538 3.794347
v 3.072690 3.445683 5.629564
v 3.351460 3.445683 5.629564
v 3.345649 3.701219 6.036099
v 3.485034 3.573451 5.832832
v 3.072690 3.695412 6.030292
v 3.072690 3.445683 5.629564
v 3.345649 3.701219 6.036099
v 3.072690 3.695412 6.030292
v 2.939116 3.567644 5.832832
v 3.072690 3.445683 5.629564
v 7.056737 3.730258 6.065138
v 7.196122 3.602489 5.861870
v 7.190312 3.858026 6.262598
v 7.469081 3.608297 5.867678
v 7.463271 3.858026 6.262598
v 7.602655 3.736066 6.065138
v 7.161273 2.156385 3.573656
v 7.027699 2.284153 3.776924
v 7.027699 2.028616 3.376197
v 6.754741 2.028616 3.370389
v 6.748930 2.278346 3.776924
v 6.748930 2.278346 3.776924
v 6.615356 2.150577 3.573656
v 6.754741 2.028616 3.370389
v 6.690855 3.155301 5.159144
v 6.551475 3.283068 5.356605
v 6.551475 3.027532 4.955876
v 6.278511 3.027532 4.955876
v 6.278511 3.283068 5.356605
v 6.139131 3.155301 5.159144
v 5.691938 3.004301 4.926838
v 5.831323 2.876534 4.723570
v 5.831323 3.132070 5.124299
v 6.104282 3.132070 5.124299
v 6.104282 2.882341 4.723570
v 6.243667 3.010109 4.926838
v 5.691938 3.288877 5.374027
v 5.831323 3.166915 5.176567
v 5.825517 3.416645 5.577295
v 6.104282 3.422452 5.577295
v 6.104282 3.166915 5.176567
v 6.237861 3.294684 5.374027
v 7.056737 2.876534 4.711955
v 7.196122 2.748765 4.514495
v 7.196122 3.004301 4.915223
v 7.469081 2.748765 4.514495
v 7.469081 3.004301 4.915223
v 7.608461 2.876534 4.711955
v 8.851298 2.580343 4.241537
v 8.578340 2.324807 3.840808
v 8.857109 2.330614 3.840808
v 8.851298 2.580343 4.241537
v 8.857109 2.330614 3.840808
v 8.990683 2.458383 4.038269
v 8.851298 2.580343 4.241537
v 8.578340 2.580343 4.241537
v 8.578340 2.324807 3.840808
v 8.444765 2.452575 4.038269
v 7.660732 3.149493 5.141721
v 7.521347 3.021724 4.938454
v 7.660732 2.893956 4.740993
v 7.660732 3.149493 5.141721
v 7.660732 2.893956 4.740993
v 7.933691 3.149493 5.141721
v 7.933691 2.893956 4.740993
v 8.073075 3.021724 4.938454
v 7.056737 3.166915 5.170760
v 7.196122 3.039148 4.967493
v 7.190312 3.294684 5.374027
v 7.469081 3.294684 5.374027
v 7.469081 3.039148 4.973300
v 7.469081 3.294684 5.374027
v 7.469081 3.039148 4.973300
v 7.602655 3.166915 5.170760
v 8.845492 3.439875 5.594718
v 8.572534 3.184339 5.193990
v 8.845492 3.184339 5.193990
v 8.845492 3.439875 5.594718
v 8.845492 3.184339 5.193990
v 8.984878 3.312107 5.391450
v 8.572534 3.439875 5.594718
v 8.572534 3.184339 5.193990
v 8.845492 3.439875 5.594718
v 8.572534 3.439875 5.594718
v 8.433148 3.312107 5.391450
v 8.572534 3.184339 5.193990
vn -0.0028 0.8444 -0.5357
vn -0.0027 0.8445 -0.5356
vn -0.0027 0.8444 -0.5358
vn 0.0027 -0.8443 0.5358
vn 0.0027 -0.8444 0.5357
vn 0.0027 -0.8444 0.5358
vn 1.0000 0.0039 0.0020
vn 1.0000 0.0040 0.0020
vn -0.0027 0.8443 -0.5358
vn -1.0000 -0.0039 -0.0020
vn -1.0000 -0.0039 -0.0019
vn -0.0026 0.8443 -0.5358
vn -1.0000 -0.0039 -0.0021
vn -0.0028 0.8443 -0.5359
vn -0.0028 0.8443 -0.5358
vn -1.0000 -0.0040 -0.0017
vn -0.0026 0.8444 -0.5357
vn -1.0000 -0.0040 -0.0022
vn -1.0000 -0.0040 -0.0021
vn -1.0000 -0.0040 -0.0019
vn -1.0000 -0.0039 -0.0018
vn -1.0000 -0.0039 -0.0023
vn -0.0025 0.8443 -0.5358
vn -1.0000 -0.0039 -0.0016
vn -1.0000 -0.0039 -0.0022
vn -0.0027 0.8443 -0.5359
vn -0.0029 0.8443 -0.5358
vn -0.0029 0.8444 -0.5358
vn 0.0027 -0.8443 0.5359
vn 0.0026 -0.8443 0.5358
vn 0.0026 -0.8444 0.5357
vn 0.0026 -0.8443 0.5359
vn 0.0028 -0.8442 0.5360
vn 0.0028 -0.8444 0.5358
vn 0.0027 -0.8442 0.5360
vn -0.0029 0.8444 -0.5357
vn -0.0028 0.8444 -0.5358
vn -0.0026 0.8443 -0.5359
vn 0.0026 -0.8444 0.5358
vn 0.0028 -0.8443 0.5358
vn 0.0028 -0.8443 0.5359
vn 0.0028 -0.8444 0.5357
vn 0.0027 -0.8442 0.5361
vn 0.0027 -0.5358 -0.8443
vn -0.0027 0.5358 0.8443
vn -1.0000 -0.0038 -0.0021
vn -1.0000 -0.0040 -0.0020
vn 0.0027 -0.5359 -0.8443
vn -0.0027 0.5358 0.8444
vn -0.0024 0.8443 -0.5359
vn -0.0027 0.5359 0.8443
vn 0.0026 -0.5358 -0.8443
vn -0.0028 0.8442 -0.5360
vn -0.0026 0.5358 0.8443
vn 0.0028 -0.5358 -0.8443
vn 1.0000 0.0039 0.0019
vn 0.0027 -0.5358 -0.8444
vn 0.0027 -0.5357 -0.8444
vn -0.0031 0.5361 0.8441
vn 0.0030 -0.8443 0.5358
vn -0.0031 0.8443 -0.5358
vn -0.0025 0.8444 -0.5358
s 1
g off
g Panel_derecha_2_cal_solar_back
usemtl cal_solar_back
f 1//1 2//2 3//3
f 3//3 2//2 4//3
s 2
f 5//4 6//4 7//5
f 6//4 8//6 7//5
s 3
f 9//7 10//8 11//7
f 10//8 12//7 11//7
s 4
f 13//4 14//4 15//4
f 14//4 16//4 15//4
s 5
g Panel_derecha_2_cal_bronze
usemtl cal_bronze
f 17//3 18//9 19//3
s 6
f 20//9 21//9 22//9
s 7
f 23//10 24//10 25//10
s 8
f 26//9 27//9 28//9
s 9
f 29//9 30//9 31//9
s 10
f 32//10 33//10 34//10
s 11
f 35//9 36//9 37//9
s 12
f 38//9 39//9 40//9
s 13
f 41//11 42//11 43//11
s 14
f 44//9 45//9 46//9
f 45//9 47//9 46//9
s 15
f 48//10 49//10 50//10
s 16
f 51//9 52//9 53//9
s 17
f 54//9 55//9 56//9
s 18
f 57//9 58//9 59//9
f 58//9 60//9 59//9
s 19
f 61//9 62//9 63//9
f 62//9 64//9 63//9
s 20
f 65//10 66//10 67//10
s 21
f 68//9 69//9 70//9
f 69//9 71//9 70//9
s 22
f 72//9 73//9 74//9
s 23
f 75//9 76//9 77//9
s 24
f 78//9 79//9 80//9
s 25
f 81//9 82//12 83//9
s 26
f 84//9 85//9 86//9
s 27
f 87//9 88//12 89//9
s 28
f 90//10 91//10 92//10
s 29
f 93//9 94//9 95//9
s 30
f 96//9 97//9 98//9
s 31
f 99//10 100//10 101//10
s 32
f 102//9 103//9 104//9
s 33
f 105//12 106//9 107//12
s 34
f 108//9 109//9 110//9
f 109//9 111//9 110//9
s 35
f 112//10 113//10 114//10
s 36
f 115//9 116//9 117//3
s 37
f 118//9 119//9 120//9
s 38
f 121//9 122//9 123//9
f 122//9 124//9 123//9
s 39
f 125//13 126//13 127//13
s 40
f 128//10 129//10 130//10
s 41
f 131//3 132//9 133//3
s 42
f 134//9 135//9 136//9
s 43
f 137//9 138//9 139//9
s 44
f 140//9 141//9 142//9
s 45
f 143//9 144//9 145//9
s 46
f 146//9 147//9 148//9
s 47
f 149//9 150//9 151//9
f 150//9 152//9 151//9
s 48
f 153//9 154//9 155//9
f 154//9 156//9 155//9
s 49
f 157//9 158//9 159//9
s 50
f 160//9 161//12 162//9
s 51
f 163//10 164//10 165//10
s 52
f 166//10 167//10 168//10
s 53
f 169//9 170//12 171//9
s 54
f 172//9 173//9 174//9
s 55
f 175//14 176//14 177//9
s 56
f 178//15 179//15 180//9
s 57
f 181//9 182//9 183//9
s 58
f 184//9 185//12 186//12
s 59
f 187//12 188//9 189//9
s 60
f 190//9 191//9 192//9
s 61
f 193//9 194//9 195//9
s 62
f 196//9 197//9 198//9
s 63
f 199//9 200//9 201//9
f 201//9 200//9 202//9
s 64
f 203//16 204//16 205//16
s 65
f 206//9 207//9 208//9
s 66
f 209//9 210//9 211//9
s 67
f 212//9 213//17 214//9
f 214//9 213//17 215//9
s 68
f 216//9 217//9 218//9
f 218//9 217//9 219//9
s 69
f 220//9 221//9 222//17
s 70
f 223//9 224//3 225//9
s 71
f 226//9 227//9 228//9
f 228//9 227//9 229//9
s 72
f 230//9 231//9 232//9
f 232//9 231//9 233//9
s 73
f 234//9 235//9 236//9
s 74
f 237//9 238//9 239//9
s 75
f 240//9 241//15 242//9
s 76
f 243//9 244//9 245//9
s 77
f 246//9 247//15 248//9
s 78
f 249//9 250//9 251//9
s 79
f 252//11 253//11 254//11
s 80
f 255//9 256//15 257//9
s 81
f 258//15 259//15 260//9
s 82
f 261//9 262//9 263//9
s 83
f 264//9 265//9 266//9
s 84
f 267//9 268//9 269//9
f 268//9 270//9 269//9
s 85
f 271//9 272//9 273//9
f 272//9 274//9 273//9
s 86
f 275//3 276//3 277//9
f 276//3 278//9 277//9
s 87
f 279//11 280//11 281//11
s 88
f 282//3 283//3 284//9
f 283//3 285//9 284//9
s 89
f 286//10 287//10 288//10
s 90
f 289//9 290//9 291//9
s 91
f 292//9 293//9 294//9
s 92
f 295//9 296//9 297//9
f 296//9 298//9 297//9
s 93
f 299//9 300//9 301//9
f 300//9 302//9 301//9
s 94
f 303//11 304//11 305//11
s 95
f 306//9 307//3 308//9
s 96
f 309//9 310//9 311//3
s 97
f 312//9 313//9 314//15
s 98
f 315//9 316//12 317//9
s 99
f 318//18 319//18 320//19
s 100
f 321//20 322//20 323//20
s 101
f 324//9 325//9 326//15
s 102
f 327//9 328//12 329//9
s 103
f 330//9 331//9 332//15
s 104
f 333//9 334//9 335//9
s 105
f 336//10 337//10 338//10
s 106
f 339//9 340//9 341//9
s 107
f 342//9 343//9 344//9
s 108
f 345//21 346//21 347//21
s 109
f 348//9 349//9 350//9
s 110
f 351//9 352//9 353//9
s 111
f 354//9 355//9 356//9
f 356//9 355//9 357//9
s 112
f 358//11 359//11 360//11
s 113
f 361//9 362//9 363//9
s 114
f 364//9 365//9 366//9
s 115
f 367//10 368//10 369//10
s 116
f 370//9 371//9 372//9
s 117
f 373//9 374//9 375//9
s 118
f 376//10 377//10 378//10
s 119
f 379//3 380//9 381//9
f 381//9 380//9 382//9
s 120
f 383//11 384//11 385//11
s 121
f 386//9 387//9 388//9
s 122
f 389//9 390//9 391//9
s 123
f 392//9 393//9 394//9
f 394//9 393//9 395//9
s 124
f 396//9 397//9 398//9
s 125
f 399//9 400//9 401//9
s 126
f 402//10 403//10 404//10
s 127
f 405//3 406//9 407//9
f 407//9 406//9 408//9
s 128
f 409//9 410//9 411//9
s 129
f 412//9 413//9 414//9
s 130
f 415//10 416//10 417//10
s 131
f 418//9 419//9 420//9
s 132
f 421//9 422//9 423//9
s 133
f 424//10 425//10 426//10
s 134
f 427//9 428//9 429//9
s 135
f 430//9 431//9 432//9
s 136
f 433//13 434//13 435//13
s 137
f 436//12 437//9 438//9
s 138
f 439//9 440//9 441//9
s 139
f 442//22 443//22 444//22
s 140
f 445//9 446//9 447//9
s 141
f 448//9 449//9 450//9
s 142
f 451//9 452//9 453//9
s 143
f 454//9 455//9 456//9
s 144
f 457//10 458//10 459//10
s 145
f 460//9 461//9 462//9
f 462//9 461//9 463//9
s 146
f 464//10 465//10 466//10
s 147
f 467//9 468//9 469//9
s 148
f 470//9 471//9 472//9
s 149
f 473//9 474//9 475//9
s 150
f 476//9 477//9 478//9
s 151
f 479//9 480//9 481//9
f 481//9 480//9 482//9
s 152
f 483//9 484//9 485//9
s 153
f 486//9 487//3 488//3
s 154
f 489//9 490//9 491//9
s 155
f 492//9 493//9 494//9
s 156
f 495//9 496//9 497//9
s 157
f 498//9 499//9 500//9
s 158
f 501//9 502//12 503//23
s 159
f 504//9 505//12 506//12
s 160
f 507//24 508//24 509//24
s 161
f 510//13 511//13 512//13
s 162
f 513//23 514//12 515//12
s 163
f 516//9 517//12 518//12
s 164
f 519//23 520//12 521//12
s 165
f 522//9 523//12 524//12
s 166
f 525//25 526//25 527//25
s 167
f 528//23 529//12 530//12
s 168
f 531//9 532//12 533//12
s 169
f 534//9 535//12 536//12
s 170
f 537//9 538//9 539//23
s 171
f 540//21 541//20 542//20
s 172
f 543//11 544//11 545//11
s 173
f 546//10 547//10 548//10
s 174
f 549//11 550//11 551//11
s 175
f 552//11 553//11 554//11
s 176
f 555//10 556//10 557//10
s 177
f 558//10 559//10 560//10
s 178
f 561//9 562//9 563//9
s 179
f 564//26 565//9 566//26
s 180
f 567//9 568//9 569//9
s 181
f 570//9 571//3 572//3
s 182
f 573//3 574//9 575//9
s 183
f 576//9 577//9 578//9
s 184
f 579//9 580//9 581//9
f 580//9 582//9 581//9
s 185
f 583//13 584//13 585//13
s 186
f 586//9 587//9 588//9
f 587//9 589//9 588//9
s 187
f 590//9 591//9 592//9
s 188
f 593//9 594//9 595//9
s 189
f 596//9 597//9 598//9
f 597//9 599//9 598//9
s 190
f 600//9 601//9 602//9
s 191
f 603//9 604//9 605//9
s 192
f 606//24 607//24 608//24
s 193
f 609//9 610//9 611//9
s 194
f 612//15 613//15 614//15
s 195
f 615//10 616//10 617//10
s 196
f 618//9 619//9 620//9
s 197
f 621//15 622//15 623//15
s 198
f 624//10 625//10 626//10
s 199
f 627//27 628//27 629//27
s 200
f 630//9 631//9 632//9
s 201
f 633//11 634//11 635//11
s 202
f 636//9 637//9 638//9
s 203
f 639//28 640//27 641//27
s 204
f 642//11 643//11 644//11
s 205
f 645//9 646//9 647//9
s 206
f 648//9 649//9 650//9
s 207
f 651//9 652//9 653//3
f 653//3 652//9 654//9
s 208
f 655//19 656//19 657//19
s 209
f 658//9 659//9 660//9
f 660//9 659//9 661//9
s 210
f 662//10 663//10 664//10
s 211
f 665//9 666//9 667//9
f 667//9 666//9 668//9
s 212
f 669//9 670//9 671//9
s 213
f 672//9 673//9 674//9
s 214
f 675//9 676//9 677//9
f 677//9 676//9 678//9
s 215
f 679//26 680//9 681//26
s 216
f 682//9 683//9 684//9
s 217
f 685//9 686//9 687//9
s 218
f 688//9 689//9 690//9
s 219
f 691//9 692//9 693//9
s 220
f 694//9 695//9 696//9
s 221
f 697//9 698//9 699//9
s 222
f 700//9 701//15 702//9
s 223
f 703//9 704//9 705//9
s 224
f 706//9 707//15 708//9
s 225
f 709//10 710//10 711//10
s 226
f 712//9 713//9 714//9
s 227
f 715//9 716//15 717//9
s 228
f 718//9 719//9 720//9
s 229
f 721//9 722//9 723//9
s 230
f 724//9 725//9 726//9
s 231
f 727//9 728//15 729//9
s 232
f 730//9 731//14 732//9
f 732//9 731//14 733//9
s 233
f 734//9 735//9 736//9
f 736//9 735//9 737//9
s 234
f 738//9 739//9 740//9
s 235
f 741//9 742//9 743//9
s 236
g Panel_derecha_2_cal_solar_1
usemtl cal_solar_1
f 744//4 745//4 746//4
f 746//4 745//4 747//4
s 237
f 748//4 749//4 750//4
f 749//4 751//4 750//4
s 238
f 752//4 753//4 754//4
f 753//4 755//4 754//4
f 754//4 755//4 756//29
f 756//29 755//4 757//4
s 239
f 758//4 759//4 760//29
f 760//29 759//4 761//4
f 759//4 762//4 761//4
f 762//4 763//4 761//4
s 240
f 764//6 765//4 766//4
f 766//4 765//4 767//30
f 765//4 768//4 767//30
f 767//30 768//4 769//4
s 241
f 770//4 771//29 772//4
f 772//4 771//29 773//30
f 771//29 774//30 773//30
f 774//30 775//4 773//30
s 242
f 776//4 777//4 778//4
f 778//4 777//4 779//29
f 777//4 780//4 779//29
f 779//29 780//4 781//4
s 243
f 782//4 783//4 784//4
f 784//4 783//4 785//4
f 783//4 786//4 785//4
f 785//4 786//4 787//4
s 244
f 788//4 789//4 790//4
s 245
f 791//4 792//29 793//29
f 792//29 794//4 793//29
s 246
f 795//4 796//4 797//4
s 247
f 798//4 799//4 800//4
s 248
f 801//4 802//4 803//4
f 802//4 804//4 803//4
s 249
f 805//4 806//4 807//4
s 250
f 808//4 809//4 810//4
s 251
f 811//4 812//4 813//4
f 812//4 814//4 813//4
f 814//4 815//4 813//4
s 252
f 816//31 817//4 818//4
s 253
f 819//4 820//4 821//31
f 820//4 822//4 821//31
s 254
f 823//4 824//4 825//4
s 255
f 826//4 827//4 828//4
s 256
f 829//4 830//4 831//4
f 831//4 830//4 832//4
f 830//4 833//4 832//4
s 257
f 834//4 835//4 836//4
f 835//4 837//4 836//4
s 258
f 838//32 839//32 840//4
s 259
f 841//4 842//4 843//4
s 260
f 844//4 845//4 846//30
f 846//30 845//4 847//4
f 845//4 848//4 847//4
f 847//4 848//4 849//4
s 261
f 850//4 851//4 852//29
f 852//29 851//4 853//4
f 851//4 854//4 853//4
f 854//4 855//4 853//4
s 262
f 856//4 857//4 858//5
f 857//4 859//4 858//5
f 858//5 859//4 860//4
f 860//4 859//4 861//4
s 263
f 862//4 863//33 864//4
f 863//33 865//4 864//4
s 264
f 866//4 867//4 868//4
f 868//4 867//4 869//4
s 265
f 870//4 871//4 872//4
s 266
f 873//4 874//4 875//4
f 874//4 876//4 875//4
f 876//4 877//4 875//4
s 267
f 878//4 879//4 880//4
f 880//4 879//4 881//29
f 879//4 882//4 881//29
f 881//29 882//4 883//4
s 268
f 884//4 885//29 886//4
f 886//4 885//29 887//4
f 885//29 888//30 887//4
f 888//30 889//4 887//4
s 269
f 890//4 891//4 892//4
s 270
f 893//4 894//4 895//4
f 895//4 894//4 896//4
s 271
f 897//4 898//4 899//4
s 272
f 900//4 901//4 902//4
s 273
f 903//4 904//4 905//4
f 904//4 906//4 905//4
f 905//4 906//4 907//4
s 274
f 908//4 909//4 910//4
f 910//4 909//4 911//4
s 275
f 912//4 913//4 914//4
s 276
f 915//4 916//4 917//4
s 277
f 918//4 919//4 920//4
s 278
f 921//4 922//4 923//4
s 279
f 924//4 925//29 926//4
f 925//29 927//4 926//4
s 280
f 928//4 929//4 930//4
f 929//4 931//4 930//4
s 281
f 932//4 933//4 934//4
f 934//4 933//4 935//4
s 282
f 936//4 937//30 938//4
f 938//4 937//30 939//4
s 283
f 940//4 941//4 942//4
f 941//4 943//4 942//4
s 284
f 944//4 945//32 946//4
f 945//32 947//4 946//4
f 946//4 947//4 948//4
f 947//4 949//4 948//4
s 285
f 950//4 951//4 952//5
f 951//4 953//4 952//5
f 953//4 954//4 952//5
s 286
f 955//4 956//4 957//4
s 287
f 958//4 959//4 960//4
s 288
f 961//4 962//4 963//4
f 962//4 964//4 963//4
f 964//4 965//4 963//4
s 289
f 966//4 967//4 968//4
f 968//4 967//4 969//29
f 967//4 970//29 969//29
f 969//29 970//29 971//4
s 290
f 972//4 973//34 974//4
f 974//4 973//34 975//4
f 973//34 976//4 975//4
f 975//4 976//4 977//4
s 291
f 978//4 979//4 980//4
f 979//4 981//4 980//4
f 980//4 981//4 982//4
f 982//4 981//4 983//4
s 292
f 984//4 985//4 986//4
s 293
f 987//32 988//4 989//32
f 989//32 988//4 990//29
s 294
f 991//4 992//4 993//4
s 295
f 994//4 995//4 996//4
f 996//4 995//4 997//4
s 296
f 998//4 999//4 1000//4
f 999//4 1001//4 1000//4
s 297
f 1002//4 1003//4 1004//4
f 1004//4 1003//4 1005//4
s 298
f 1006//4 1007//4 1008//4
f 1007//4 1009//4 1008//4
s 299
f 1010//4 1011//4 1012//6
f 1011//4 1013//4 1012//6
f 1012//6 1013//4 1014//4
f 1014//4 1013//4 1015//4
s 300
f 1016//4 1017//4 1018//4
f 1017//4 1019//4 1018//4
f 1018//4 1019//4 1020//4
f 1020//4 1019//4 1021//4
s 301
f 1022//4 1023//4 1024//4
f 1024//4 1023//4 1025//4
f 1025//4 1023//4 1026//4
s 302
f 1027//4 1028//4 1029//4
s 303
f 1030//4 1031//4 1032//4
s 304
f 1033//4 1034//32 1035//4
f 1034//32 1036//30 1035//4
f 1035//4 1036//30 1037//4
s 305
f 1038//6 1039//4 1040//4
f 1040//4 1039//4 1041//4
f 1039//4 1042//4 1041//4
f 1042//4 1043//4 1041//4
s 306
f 1044//4 1045//4 1046//30
f 1046//30 1045//4 1047//4
f 1047//4 1045//4 1048//32
s 307
f 1049//4 1050//4 1051//4
s 308
f 1052//4 1053//4 1054//4
f 1054//4 1053//4 1055//4
f 1055//4 1053//4 1056//4
s 309
f 1057//4 1058//4 1059//4
s 310
f 1060//4 1061//4 1062//4
f 1062//4 1061//4 1063//4
f 1061//4 1064//4 1063//4
f 1064//4 1065//4 1063//4
s 311
f 1066//32 1067//32 1068//32
s 312
f 1069//4 1070//4 1071//4
s 313
f 1072//32 1073//4 1074//4
s 314
f 1075//4 1076//4 1077//4
s 315
f 1078//4 1079//4 1080//4
f 1079//4 1081//4 1080//4
s 316
f 1082//4 1083//4 1084//4
f 1084//4 1083//4 1085//4
s 317
f 1086//4 1087//4 1088//4
s 318
f 1089//4 1090//4 1091//4
s 319
f 1092//32 1093//4 1094//4
s 320
f 1095//4 1096//4 1097//4
s 321
f 1098//4 1099//4 1100//4
s 322
f 1101//29 1102//4 1103//4
f 1103//4 1102//4 1104//4
s 323
f 1105//4 1106//4 1107//4
s 324
f 1108//4 1109//4 1110//4
s 325
f 1111//4 1112//4 1113//4
s 326
f 1114//4 1115//4 1116//4
f 1115//4 1117//4 1116//4
s 327
f 1118//4 1119//4 1120//4
f 1120//4 1119//4 1121//4
f 1119//4 1122//4 1121//4
f 1121//4 1122//4 1123//4
s 328
f 1124//4 1125//4 1126//4
f 1126//4 1125//4 1127//4
f 1125//4 1128//4 1127//4
f 1128//4 1129//4 1127//4
s 329
f 1130//4 1131//4 1132//4
f 1132//4 1131//4 1133//4
f 1131//4 1134//4 1133//4
s 330
f 1135//4 1136//4 1137//4
s 331
f 1138//4 1139//35 1140//4
f 1140//4 1139//35 1141//4
f 1139//35 1142//4 1141//4
f 1142//4 1143//4 1141//4
s 332
f 1144//4 1145//4 1146//4
f 1146//4 1145//4 1147//4
f 1145//4 1148//4 1147//4
f 1147//4 1148//4 1149//4
s 333
f 1150//4 1151//4 1152//4
s 334
f 1153//4 1154//4 1155//4
f 1155//4 1154//4 1156//4
s 335
f 1157//4 1158//4 1159//4
s 336
f 1160//4 1161//4 1162//4
s 337
f 1163//4 1164//4 1165//4
s 338
f 1166//4 1167//4 1168//4
f 1168//4 1167//4 1169//4
s 339
f 1170//4 1171//4 1172//4
f 1172//4 1171//4 1173//4
f 1171//4 1174//4 1173//4
f 1174//4 1175//4 1173//4
s 340
f 1176//4 1177//4 1178//4
f 1178//4 1177//4 1179//4
f 1177//4 1180//4 1179//4
s 341
f 1181//4 1182//4 1183//4
s 342
f 1184//4 1185//4 1186//4
s 343
f 1187//4 1188//4 1189//4
f 1188//4 1190//30 1189//4
f 1189//4 1190//30 1191//4
s 344
f 1192//4 1193//29 1194//29
f 1193//29 1195//4 1194//29
f 1194//29 1195//4 1196//4
f 1195//4 1197//4 1196//4
s 345
f 1198//4 1199//29 1200//29
f 1199//29 1201//4 1200//29
f 1200//29 1201//4 1202//4
f 1202//4 1201//4 1203//4
s 346
f 1204//4 1205//4 1206//4
f 1205//4 1207//4 1206//4
f 1206//4 1207//4 1208//35
f 1208//35 1207//4 1209//4
s 347
f 1210//4 1211//4 1212//4
f 1211//4 1213//4 1212//4
s 348
f 1214//4 1215//4 1216//4
f 1216//4 1215//4 1217//4
s 349
f 1218//4 1219//4 1220//4
f 1220//4 1219//4 1221//4
f 1219//4 1222//4 1221//4
f 1222//4 1223//4 1221//4
s 350
f 1224//4 1225//4 1226//4
f 1226//4 1225//4 1227//4
f 1227//4 1225//4 1228//4
s 351
f 1229//4 1230//4 1231//4
s 352
f 1232//4 1233//4 1234//4
f 1233//4 1235//4 1234//4
s 353
f 1236//4 1237//4 1238//4
f 1238//4 1237//4 1239//4
s 354
f 1240//4 1241//4 1242//4
f 1242//4 1241//4 1243//29
f 1241//4 1244//4 1243//29
f 1243//29 1244//4 1245//4
s 355
f 1246//4 1247//4 1248//4
s 356
f 1249//4 1250//4 1251//4
f 1250//4 1252//4 1251//4
f 1251//4 1252//4 1253//4
s 357
f 1254//4 1255//4 1256//4
f 1256//4 1255//4 1257//4
f 1255//4 1258//4 1257//4
f 1258//4 1259//4 1257//4
s 358
f 1260//4 1261//4 1262//4
s 359
f 1263//4 1264//4 1265//4
s 360
f 1266//4 1267//4 1268//4
f 1267//4 1269//4 1268//4
s 361
f 1270//4 1271//4 1272//4
s 362
f 1273//32 1274//4 1275//4
f 1274//4 1276//4 1275//4
s 363
f 1277//4 1278//4 1279//4
s 364
f 1280//4 1281//30 1282//4
f 1281//30 1283//4 1282//4
s 365
f 1284//4 1285//4 1286//4
f 1286//4 1285//4 1287//4
s 366
f 1288//4 1289//4 1290//4
f 1290//4 1289//4 1291//4
f 1291//4 1289//4 1292//4
s 367
f 1293//4 1294//4 1295//4
s 368
f 1296//4 1297//4 1298//4
f 1298//4 1297//4 1299//4
f 1299//4 1297//4 1300//4
s 369
f 1301//4 1302//4 1303//4
s 370
f 1304//4 1305//4 1306//4
s 371
f 1307//4 1308//4 1309//4
f 1309//4 1308//4 1310//4
f 1308//4 1311//4 1310//4
s 372
f 1312//4 1313//4 1314//4
s 373
f 1315//4 1316//4 1317//4
s 374
f 1318//4 1319//4 1320//4
f 1319//4 1321//4 1320//4
s 375
f 1322//4 1323//4 1324//4
f 1324//4 1323//4 1325//4
f 1323//4 1326//29 1325//4
f 1326//29 1327//4 1325//4
s 376
f 1328//4 1329//4 1330//30
f 1329//4 1331//4 1330//30
f 1330//30 1331//4 1332//4
f 1332//4 1331//4 1333//4
s 377
f 1334//4 1335//4 1336//4
f 1336//4 1335//4 1337//4
f 1335//4 1338//4 1337//4
f 1337//4 1338//4 1339//4
s 378
f 1340//4 1341//4 1342//4
f 1342//4 1341//4 1343//4
f 1341//4 1344//4 1343//4
f 1343//4 1344//4 1345//4
s 379
f 1346//4 1347//4 1348//4
f 1348//4 1347//4 1349//4
f 1347//4 1350//4 1349//4
f 1349//4 1350//4 1351//4
s 380
f 1352//4 1353//4 1354//4
f 1354//4 1353//4 1355//4
f 1353//4 1356//4 1355//4
f 1356//4 1357//4 1355//4
s 381
f 1358//29 1359//4 1360//32
s 382
f 1361//4 1362//4 1363//4
s 383
f 1364//4 1365//29 1366//4
f 1366//4 1365//29 1367//4
s 384
f 1368//4 1369//4 1370//4
s 385
f 1371//32 1372//32 1373//4
f 1372//32 1374//4 1373//4
f 1373//4 1374//4 1375//4
s 386
f 1376//4 1377//4 1378//4
f 1378//4 1377//4 1379//4
f 1377//4 1380//4 1379//4
f 1380//4 1381//4 1379//4
s 387
f 1382//4 1383//4 1384//29
f 1384//29 1383//4 1385//4
f 1383//4 1386//4 1385//4
f 1386//4 1387//4 1385//4
s 388
f 1388//4 1389//4 1390//4
s 389
f 1391//4 1392//4 1393//4
f 1393//4 1392//4 1394//4
s 390
f 1395//4 1396//4 1397//4
s 391
f 1398//4 1399//4 1400//30
f 1399//4 1401//4 1400//30
f 1400//30 1401//4 1402//4
f 1401//4 1403//4 1402//4
s 392
f 1404//4 1405//4 1406//4
s 393
f 1407//4 1408//4 1409//4
s 394
f 1410//4 1411//4 1412//4
f 1411//4 1413//4 1412//4
s 395
f 1414//4 1415//4 1416//4
f 1416//4 1415//4 1417//4
f 1415//4 1418//4 1417//4
f 1417//4 1418//4 1419//4
s 396
f 1420//4 1421//30 1422//31
f 1422//31 1421//30 1423//4
f 1423//4 1421//30 1424//4
s 397
f 1425//4 1426//4 1427//4
s 398
f 1428//4 1429//4 1430//4
s 399
f 1431//4 1432//4 1433//35
f 1432//4 1434//29 1433//35
f 1434//29 1435//4 1433//35
s 400
f 1436//4 1437//4 1438//4
s 401
f 1439//4 1440//4 1441//4
f 1441//4 1440//4 1442//29
s 402
f 1443//4 1444//4 1445//4
s 403
f 1446//4 1447//4 1448//4
s 404
f 1449//4 1450//4 1451//32
f 1451//32 1450//4 1452//4
s 405
f 1453//4 1454//4 1455//4
s 406
f 1456//4 1457//4 1458//4
f 1458//4 1457//4 1459//4
f 1457//4 1460//4 1459//4
s 407
f 1461//4 1462//4 1463//4
s 408
f 1464//4 1465//35 1466//6
f 1466//6 1465//35 1467//4
f 1465//35 1468//4 1467//4
s 409
f 1469//4 1470//4 1471//4
s 410
f 1472//4 1473//34 1474//4
f 1474//4 1473//34 1475//4
f 1473//34 1476//4 1475//4
f 1476//4 1477//4 1475//4
s 411
g Panel_derecha_2_cal_brown
usemtl cal_brown
f 1478//15 1479//3 1480//9
f 1480//9 1479//3 1481//9
s 412
f 1482//9 1483//1 1484//9
f 1484//9 1483//1 1485//9
s 413
f 1486//9 1487//1 1488//36
f 1487//1 1489//9 1488//36
s 414
f 1490//9 1491//9 1492//9
f 1491//9 1493//9 1492//9
s 415
f 1494//9 1495//37 1496//37
f 1496//37 1495//37 1497//37
s 416
f 1498//9 1499//9 1500//9
f 1499//9 1501//9 1500//9
s 417
f 1502//9 1503//9 1504//36
f 1503//9 1505//9 1504//36
s 418
f 1506//9 1507//38 1508//26
f 1508//26 1507//38 1509//9
s 419
g Panel_derecha_2_cal_solar_3
usemtl cal_solar_3
f 1510//4 1511//4 1512//4
s 420
f 1513//4 1514//4 1515//4
f 1515//4 1514//4 1516//4
s 421
f 1517//4 1518//4 1519//4
s 422
f 1520//4 1521//4 1522//4
s 423
f 1523//4 1524//4 1525//4
s 424
f 1526//4 1527//4 1528//4
f 1527//4 1529//4 1528//4
s 425
f 1530//4 1531//4 1532//4
s 426
f 1533//4 1534//4 1535//4
f 1534//4 1536//6 1535//4
s 427
f 1537//4 1538//4 1539//4
s 428
f 1540//4 1541//4 1542//4
f 1542//4 1541//4 1543//39
f 1541//4 1544//4 1543//39
f 1543//39 1544//4 1545//40
s 429
f 1546//4 1547//4 1548//4
s 430
f 1549//4 1550//4 1551//4
f 1550//4 1552//4 1551//4
s 431
f 1553//4 1554//4 1555//4
s 432
f 1556//4 1557//4 1558//4
s 433
f 1559//4 1560//32 1561//4
f 1560//32 1562//4 1561//4
f 1561//4 1562//4 1563//4
s 434
f 1564//4 1565//4 1566//4
s 435
f 1567//4 1568//4 1569//4
f 1568//4 1570//4 1569//4
f 1570//4 1571//4 1569//4
s 436
f 1572//4 1573//4 1574//4
s 437
f 1575//4 1576//4 1577//4
f 1576//4 1578//4 1577//4
s 438
f 1579//4 1580//4 1581//4
s 439
f 1582//4 1583//35 1584//29
f 1584//29 1583//35 1585//29
f 1583//35 1586//4 1585//29
s 440
f 1587//4 1588//4 1589//4
s 441
f 1590//4 1591//4 1592//4
f 1592//4 1591//4 1593//4
f 1591//4 1594//30 1593//4
f 1594//30 1595//4 1593//4
s 442
f 1596//4 1597//4 1598//4
f 1598//4 1597//4 1599//4
f 1599//4 1597//4 1600//4
s 443
f 1601//4 1602//4 1603//4
s 444
f 1604//4 1605//5 1606//4
s 445
f 1607//4 1608//4 1609//30
f 1608//4 1610//4 1609//30
f 1610//4 1611//4 1609//30
s 446
f 1612//4 1613//4 1614//4
f 1614//4 1613//4 1615//4
f 1613//4 1616//4 1615//4
f 1615//4 1616//4 1617//4
s 447
f 1618//4 1619//4 1620//4
s 448
f 1621//4 1622//4 1623//4
f 1622//4 1624//4 1623//4
f 1624//4 1625//4 1623//4
s 449
f 1626//4 1627//4 1628//4
f 1628//4 1627//4 1629//4
f 1627//4 1630//4 1629//4
f 1630//4 1631//4 1629//4
s 450
f 1632//4 1633//35 1634//41
f 1634//41 1633//35 1635//4
s 451
f 1636//4 1637//4 1638//4
f 1637//4 1639//4 1638//4
s 452
f 1640//4 1641//4 1642//4
f 1642//4 1641//4 1643//4
f 1641//4 1644//4 1643//4
f 1643//4 1644//4 1645//4
s 453
f 1646//4 1647//4 1648//4
f 1648//4 1647//4 1649//4
f 1647//4 1650//4 1649//4
f 1649//4 1650//4 1651//4
s 454
f 1652//4 1653//4 1654//4
s 455
f 1655//4 1656//4 1657//4
f 1657//4 1656//4 1658//4
s 456
f 1659//6 1660//4 1661//5
s 457
f 1662//4 1663//30 1664//4
f 1664//4 1663//30 1665//4
f 1665//4 1663//30 1666//4
s 458
f 1667//4 1668//4 1669//4
s 459
f 1670//4 1671//29 1672//41
f 1672//41 1671//29 1673//4
s 460
f 1674//4 1675//4 1676//4
s 461
f 1677//4 1678//4 1679//4
s 462
f 1680//4 1681//4 1682//4
f 1682//4 1681//4 1683//4
f 1681//4 1684//4 1683//4
s 463
f 1685//4 1686//4 1687//4
s 464
f 1688//4 1689//4 1690//4
f 1690//4 1689//4 1691//4
f 1689//4 1692//4 1691//4
f 1692//4 1693//4 1691//4
s 465
f 1694//4 1695//34 1696//4
f 1696//4 1695//34 1697//4
f 1695//34 1698//4 1697//4
f 1698//4 1699//4 1697//4
s 466
f 1700//4 1701//4 1702//4
s 467
f 1703//4 1704//4 1705//4
f 1705//4 1704//4 1706//4
s 468
f 1707//4 1708//4 1709//4
s 469
f 1710//4 1711//4 1712//4
s 470
f 1713//4 1714//4 1715//4
f 1714//4 1716//4 1715//4
f 1716//4 1717//4 1715//4
s 471
f 1718//4 1719//4 1720//4
s 472
f 1721//32 1722//4 1723//29
f 1722//4 1724//6 1723//29
f 1724//6 1725//4 1723//29
s 473
f 1726//4 1727//4 1728//4
s 474
f 1729//4 1730//4 1731//4
s 475
f 1732//4 1733//4 1734//4
s 476
f 1735//4 1736//4 1737//4
s 477
f 1738//4 1739//4 1740//4
f 1740//4 1739//4 1741//4
s 478
f 1742//4 1743//4 1744//4
f 1743//4 1745//4 1744//4
s 479
f 1746//4 1747//4 1748//4
f 1748//4 1747//4 1749//4
s 480
f 1750//4 1751//4 1752//4
s 481
f 1753//4 1754//31 1755//4
s 482
f 1756//4 1757//29 1758//4
f 1758//4 1757//29 1759//4
f 1757//29 1760//4 1759//4
f 1760//4 1761//4 1759//4
s 483
f 1762//4 1763//4 1764//4
f 1764//4 1763//4 1765//4
f 1763//4 1766//4 1765//4
s 484
f 1767//4 1768//4 1769//4
s 485
f 1770//4 1771//4 1772//4
f 1772//4 1771//4 1773//4
f 1771//4 1774//4 1773//4
f 1774//4 1775//4 1773//4
s 486
f 1776//4 1777//4 1778//4
f 1778//4 1777//4 1779//4
f 1777//4 1780//4 1779//4
f 1780//4 1781//4 1779//4
s 487
f 1782//4 1783//4 1784//30
f 1784//30 1783//4 1785//29
f 1783//4 1786//29 1785//29
f 1785//29 1786//29 1787//4
s 488
f 1788//4 1789//39 1790//4
f 1790//4 1789//39 1791//4
f 1789//39 1792//4 1791//4
f 1791//4 1792//4 1793//6
s 489
f 1794//4 1795//4 1796//29
f 1795//4 1797//4 1796//29
f 1796//29 1797//4 1798//4
f 1798//4 1797//4 1799//4
s 490
f 1800//4 1801//4 1802//4
f 1801//4 1803//4 1802//4
s 491
f 1804//4 1805//4 1806//4
f 1806//4 1805//4 1807//4
s 492
f 1808//4 1809//29 1810//29
f 1810//29 1809//29 1811//4
f 1809//29 1812//4 1811//4
f 1811//4 1812//4 1813//4
s 493
f 1814//4 1815//4 1816//4
s 494
f 1817//32 1818//4 1819//4
f 1819//4 1818//4 1820//32
s 495
f 1821//4 1822//4 1823//4
s 496
f 1824//4 1825//4 1826//4
s 497
f 1827//4 1828//4 1829//32
f 1829//32 1828//4 1830//4
f 1828//4 1831//4 1830//4
s 498
f 1832//4 1833//4 1834//4
s 499
f 1835//4 1836//4 1837//4
f 1836//4 1838//30 1837//4
f 1838//30 1839//4 1837//4
s 500
f 1840//4 1841//4 1842//4
s 501
f 1843//4 1844//4 1845//4
f 1844//4 1846//35 1845//4
f 1846//35 1847//4 1845//4
s 502
f 1848//4 1849//4 1850//4
s 503
f 1851//4 1852//4 1853//4
f 1852//4 1854//4 1853//4
f 1854//4 1855//4 1853//4
s 504
f 1856//4 1857//4 1858//4
s 505
f 1859//4 1860//4 1861//34
f 1860//4 1862//4 1861//34
f 1861//34 1862//4 1863//4
s 506
f 1864//4 1865//4 1866//4
f 1866//4 1865//4 1867//4
s 507
f 1868//4 1869//4 1870//4
f 1869//4 1871//4 1870//4
s 508
f 1872//4 1873//4 1874//4
f 1874//4 1873//4 1875//35
f 1873//4 1876//35 1875//35
f 1876//35 1877//4 1875//35
s 509
f 1878//4 1879//4 1880//4
f 1880//4 1879//4 1881//4
f 1879//4 1882//4 1881//4
f 1881//4 1882//4 1883//4
s 510
f 1884//4 1885//4 1886//4
f 1886//4 1885//4 1887//4
f 1885//4 1888//29 1887//4
f 1888//29 1889//4 1887//4
s 511
f 1890//4 1891//29 1892//4
f 1892//4 1891//29 1893//4
f 1891//29 1894//4 1893//4
f 1893//4 1894//4 1895//4
s 512
f 1896//4 1897//4 1898//4
f 1897//4 1899//29 1898//4
f 1898//4 1899//29 1900//29
f 1900//29 1899//29 1901//4
s 513
f 1902//4 1903//4 1904//4
f 1904//4 1903//4 1905//4
f 1903//4 1906//4 1905//4
f 1906//4 1907//4 1905//4
s 514
f 1908//4 1909//4 1910//4
f 1910//4 1909//4 1911//4
f 1909//4 1912//4 1911//4
f 1911//4 1912//4 1913//4
s 515
f 1914//4 1915//4 1916//4
f 1916//4 1915//4 1917//4
f 1915//4 1918//4 1917//4
f 1917//4 1918//4 1919//4
s 516
f 1920//4 1921//35 1922//29
f 1922//29 1921//35 1923//4
f 1921//35 1924//4 1923//4
s 517
f 1925//4 1926//4 1927//4
s 518
f 1928//4 1929//4 1930//6
f 1929//4 1931//4 1930//6
f 1930//6 1931//4 1932//4
s 519
f 1933//4 1934//4 1935//4
s 520
f 1936//4 1937//4 1938//4
f 1938//4 1937//4 1939//4
f 1939//4 1937//4 1940//4
s 521
f 1941//4 1942//4 1943//4
s 522
f 1944//4 1945//4 1946//4
s 523
f 1947//4 1948//4 1949//4
f 1948//4 1950//4 1949//4
f 1950//4 1951//4 1949//4
s 524
f 1952//4 1953//4 1954//4
f 1954//4 1953//4 1955//35
f 1953//4 1956//29 1955//35
f 1955//35 1956//29 1957//4
s 525
f 1958//4 1959//35 1960//4
f 1960//4 1959//35 1961//32
f 1961//32 1959//35 1962//4
s 526
f 1963//4 1964//4 1965//4
s 527
f 1966//4 1967//4 1968//30
f 1968//30 1967//4 1969//4
f 1967//4 1970//4 1969//4
f 1970//4 1971//4 1969//4
s 528
f 1972//4 1973//35 1974//29
f 1973//35 1975//4 1974//29
f 1974//29 1975//4 1976//4
f 1975//4 1977//4 1976//4
s 529
f 1978//4 1979//4 1980//4
s 530
f 1981//4 1982//4 1983//4
f 1982//4 1984//4 1983//4
f 1984//4 1985//4 1983//4
s 531
f 1986//4 1987//4 1988//4
s 532
f 1989//4 1990//4 1991//4
f 1990//4 1992//4 1991//4
f 1991//4 1992//4 1993//4
s 533
f 1994//4 1995//4 1996//4
s 534
f 1997//4 1998//4 1999//4
f 1998//4 2000//4 1999//4
f 2000//4 2001//4 1999//4
s 535
f 2002//4 2003//35 2004//29
f 2004//29 2003//35 2005//4
f 2003//35 2006//4 2005//4
f 2006//4 2007//4 2005//4
s 536
f 2008//4 2009//4 2010//4
s 537
f 2011//6 2012//31 2013//6
s 538
f 2014//4 2015//4 2016//4
s 539
f 2017//4 2018//4 2019//6
s 540
f 2020//4 2021//4 2022//4
f 2022//4 2021//4 2023//34
f 2021//4 2024//42 2023//34
f 2024//42 2025//4 2023//34
s 541
f 2026//4 2027//4 2028//32
f 2027//4 2029//43 2028//32
f 2028//32 2029//43 2030//5
f 2029//43 2031//4 2030//5
s 542
f 2032//4 2033//4 2034//4
f 2034//4 2033//4 2035//4
s 543
f 2036//4 2037//4 2038//4
s 544
f 2039//4 2040//4 2041//4
s 545
f 2042//4 2043//4 2044//4
s 546
f 2045//4 2046//4 2047//4
s 547
f 2048//4 2049//4 2050//4
f 2049//4 2051//4 2050//4
s 548
f 2052//4 2053//4 2054//4
s 549
f 2055//31 2056//4 2057//4
s 550
f 2058//4 2059//4 2060//4
f 2059//4 2061//6 2060//4
s 551
f 2062//4 2063//4 2064//4
f 2064//4 2063//4 2065//4
f 2063//4 2066//4 2065//4
s 552
f 2067//4 2068//4 2069//4
s 553
f 2070//4 2071//4 2072//4
s 554
f 2073//4 2074//4 2075//4
f 2074//4 2076//4 2075//4
f 2075//4 2076//4 2077//4
s 555
f 2078//4 2079//4 2080//4
f 2080//4 2079//4 2081//4
f 2081//4 2079//4 2082//4
s 556
f 2083//4 2084//4 2085//4
s 557
g Panel_derecha_2_cal_solar_4
usemtl cal_solar_4
f 2086//4 2087//4 2088//4
f 2087//4 2089//4 2088//4
s 558
f 2090//4 2091//4 2092//4
f 2092//4 2091//4 2093//4
s 559
f 2094//4 2095//4 2096//4
f 2096//4 2095//4 2097//4
s 560
f 2098//32 2099//4 2100//4
f 2099//4 2101//4 2100//4
s 561
f 2102//4 2103//4 2104//4
f 2104//4 2103//4 2105//4
f 2103//4 2106//40 2105//4
f 2106//40 2107//4 2105//4
s 562
f 2108//4 2109//4 2110//4
s 563
f 2111//4 2112//4 2113//4
s 564
f 2114//4 2115//4 2116//32
f 2116//32 2115//4 2117//4
s 565
f 2118//4 2119//4 2120//4
s 566
f 2121//4 2122//4 2123//4
f 2122//4 2124//32 2123//4
f 2124//32 2125//4 2123//4
s 567
f 2126//4 2127//4 2128//4
s 568
f 2129//4 2130//4 2131//4
s 569
f 2132//4 2133//30 2134//4
f 2134//4 2133//30 2135//4
s 570
f 2136//4 2137//6 2138//4
f 2138//4 2137//6 2139//4
f 2137//6 2140//4 2139//4
f 2139//4 2140//4 2141//4
s 571
f 2142//4 2143//4 2144//4
f 2143//4 2145//4 2144//4
s 572
f 2146//4 2147//4 2148//4
f 2148//4 2147//4 2149//4
s 573
f 2150//4 2151//4 2152//4
s 574
f 2153//4 2154//4 2155//32
f 2154//4 2156//4 2155//32
s 575
f 2157//4 2158//4 2159//4
s 576
f 2160//4 2161//4 2162//4
s 577
f 2163//29 2164//4 2165//32
f 2165//32 2164//4 2166//32
s 578
f 2167//4 2168//4 2169//4
s 579
f 2170//4 2171//4 2172//4
f 2172//4 2171//4 2173//4
f 2171//4 2174//4 2173//4
f 2174//4 2175//31 2173//4
s 580
f 2176//4 2177//4 2178//4
f 2177//4 2179//43 2178//4
f 2178//4 2179//43 2180//4
f 2179//43 2181//4 2180//4
s 581
f 2182//4 2183//4 2184//4
f 2184//4 2183//4 2185//4
f 2183//4 2186//29 2185//4
f 2186//29 2187//4 2185//4
s 582
f 2188//4 2189//4 2190//4
s 583
f 2191//4 2192//32 2193//4
f 2192//32 2194//32 2193//4
s 584
f 2195//4 2196//4 2197//4
s 585
f 2198//4 2199//35 2200//29
f 2200//29 2199//35 2201//4
f 2199//35 2202//4 2201//4
s 586
f 2203//4 2204//4 2205//4
s 587
f 2206//4 2207//4 2208//4
f 2207//4 2209//4 2208//4
s 588
f 2210//4 2211//4 2212//4
f 2212//4 2211//4 2213//4
s 589
f 2214//4 2215//4 2216//4
s 590
f 2217//4 2218//4 2219//4
f 2218//4 2220//4 2219//4
f 2220//4 2221//4 2219//4
s 591
f 2222//4 2223//4 2224//4
f 2224//4 2223//4 2225//4
f 2225//4 2223//4 2226//4
s 592
f 2227//4 2228//4 2229//4
s 593
f 2230//4 2231//4 2232//4
f 2232//4 2231//4 2233//4
f 2231//4 2234//4 2233//4
f 2233//4 2234//4 2235//4
s 594
f 2236//4 2237//4 2238//4
f 2237//4 2239//32 2238//4
f 2238//4 2239//32 2240//32
s 595
f 2241//4 2242//4 2243//4
s 596
f 2244//4 2245//4 2246//4
f 2245//4 2247//5 2246//4
f 2246//4 2247//5 2248//4
f 2248//4 2247//5 2249//4
s 597
f 2250//32 2251//4 2252//4
f 2251//4 2253//4 2252//4
s 598
f 2254//4 2255//5 2256//4
f 2256//4 2255//5 2257//4
s 599
f 2258//4 2259//4 2260//4
f 2259//4 2261//4 2260//4
s 600
f 2262//4 2263//4 2264//4
f 2264//4 2263//4 2265//4
s 601
f 2266//4 2267//4 2268//4
f 2268//4 2267//4 2269//4
f 2267//4 2270//4 2269//4
f 2270//4 2271//4 2269//4
s 602
f 2272//4 2273//35 2274//4
f 2274//4 2273//35 2275//4
f 2275//4 2273//35 2276//4
s 603
f 2277//4 2278//4 2279//4
s 604
f 2280//4 2281//4 2282//4
f 2282//4 2281//4 2283//30
f 2281//4 2284//4 2283//30
f 2284//4 2285//4 2283//30
s 605
f 2286//4 2287//4 2288//4
f 2288//4 2287//4 2289//4
f 2289//4 2287//4 2290//4
s 606
f 2291//31 2292//4 2293//6
s 607
f 2294//4 2295//4 2296//4
f 2296//4 2295//4 2297//29
f 2295//4 2298//4 2297//29
f 2298//4 2299//4 2297//29
s 608
f 2300//4 2301//4 2302//4
f 2302//4 2301//4 2303//4
f 2303//4 2301//4 2304//29
s 609
f 2305//4 2306//4 2307//4
s 610
f 2308//4 2309//35 2310//35
f 2310//35 2309//35 2311//4
f 2309//35 2312//4 2311//4
f 2312//4 2313//4 2311//4
s 611
f 2314//4 2315//4 2316//4
f 2316//4 2315//4 2317//35
f 2315//4 2318//29 2317//35
f 2318//29 2319//4 2317//35
s 612
f 2320//4 2321//39 2322//4
f 2322//4 2321//39 2323//4
f 2321//39 2324//4 2323//4
f 2324//4 2325//4 2323//4
s 613
f 2326//4 2327//4 2328//4
s 614
f 2329//4 2330//4 2331//4
f 2331//4 2330//4 2332//29
f 2332//29 2330//4 2333//4
s 615
f 2334//4 2335//35 2336//29
f 2336//29 2335//35 2337//4
f 2335//35 2338//4 2337//4
f 2338//4 2339//4 2337//4
s 616
f 2340//4 2341//4 2342//6
s 617
f 2343//4 2344//4 2345//4
f 2344//4 2346//4 2345//4
s 618
f 2347//4 2348//4 2349//4
s 619
f 2350//4 2351//4 2352//4
s 620
f 2353//29 2354//4 2355//4
f 2354//4 2356//4 2355//4
f 2355//4 2356//4 2357//4
s 621
f 2358//4 2359//34 2360//4
f 2360//4 2359//34 2361//4
f 2361//4 2359//34 2362//4
s 622
f 2363//4 2364//4 2365//4
s 623
f 2366//4 2367//4 2368//4
f 2368//4 2367//4 2369//4
s 624
f 2370//4 2371//6 2372//41
f 2371//6 2373//4 2372//41
s 625
f 2374//4 2375//40 2376//29
f 2376//29 2375//40 2377//4
f 2375//40 2378//4 2377//4
s 626
f 2379//4 2380//4 2381//4
s 627
f 2382//4 2383//4 2384//4
f 2384//4 2383//4 2385//4
f 2383//4 2386//4 2385//4
f 2386//4 2387//4 2385//4
s 628
f 2388//4 2389//4 2390//4
s 629
f 2391//4 2392//4 2393//4
f 2392//4 2394//4 2393//4
f 2394//4 2395//4 2393//4
s 630
f 2396//4 2397//4 2398//4
f 2398//4 2397//4 2399//4
s 631
f 2400//4 2401//4 2402//4
s 632
f 2403//4 2404//4 2405//4
s 633
f 2406//4 2407//4 2408//4
s 634
f 2409//4 2410//4 2411//4
f 2410//4 2412//4 2411//4
f 2412//4 2413//4 2411//4
s 635
f 2414//4 2415//35 2416//29
f 2416//29 2415//35 2417//4
f 2415//35 2418//4 2417//4
f 2418//4 2419//4 2417//4
s 636
f 2420//4 2421//4 2422//4
f 2422//4 2421//4 2423//30
f 2421//4 2424//4 2423//30
f 2424//4 2425//4 2423//30
s 637
f 2426//32 2427//41 2428//4
f 2427//41 2429//4 2428//4
s 638
f 2430//29 2431//29 2432//4
f 2432//4 2431//29 2433//4
s 639
f 2434//4 2435//4 2436//4
f 2435//4 2437//4 2436//4
s 640
f 2438//4 2439//4 2440//4
f 2440//4 2439//4 2441//4
s 641
f 2442//4 2443//32 2444//4
f 2444//4 2443//32 2445//4
f 2443//32 2446//35 2445//4
f 2446//35 2447//4 2445//4
s 642
f 2448//4 2449//4 2450//4
s 643
f 2451//4 2452//4 2453//34
f 2452//4 2454//4 2453//34
f 2453//34 2454//4 2455//4
s 644
f 2456//32 2457//4 2458//4
f 2457//4 2459//4 2458//4
s 645
f 2460//4 2461//4 2462//4
f 2462//4 2461//4 2463//4
s 646
f 2464//4 2465//4 2466//4
s 647
f 2467//4 2468//32 2469//35
f 2468//32 2470//4 2469//35
f 2469//35 2470//4 2471//4
s 648
f 2472//4 2473//4 2474//4
f 2474//4 2473//4 2475//4
f 2473//4 2476//4 2475//4
f 2476//4 2477//4 2475//4
s 649
f 2478//4 2479//4 2480//4
f 2480//4 2479//4 2481//4
f 2479//4 2482//4 2481//4
s 650
f 2483//4 2484//4 2485//4
s 651
g Panel_derecha_2_cal_solar_5
usemtl cal_solar_5
f 2486//4 2487//4 2488//4
s 652
f 2489//4 2490//4 2491//4
f 2491//4 2490//4 2492//4
f 2492//4 2490//4 2493//4
s 653
f 2494//4 2495//32 2496//4
s 654
f 2497//4 2498//4 2499//4
s 655
f 2500//4 2501//4 2502//4
f 2501//4 2503//4 2502//4
s 656
f 2504//4 2505//4 2506//29
f 2506//29 2505//4 2507//4
f 2505//4 2508//4 2507//4
f 2508//4 2509//4 2507//4
s 657
f 2510//32 2511//32 2512//4
s 658
f 2513//4 2514//4 2515//4
s 659
f 2516//4 2517//4 2518//41
f 2518//41 2517//4 2519//4
s 660
f 2520//31 2521//6 2522//31
s 661
f 2523//4 2524//4 2525//39
f 2524//4 2526//4 2525//39
f 2525//39 2526//4 2527//4
s 662
f 2528//4 2529//4 2530//6
f 2530//6 2529//4 2531//4
f 2529//4 2532//4 2531//4
f 2531//4 2532//4 2533//4
s 663
f 2534//4 2535//4 2536//4
f 2536//4 2535//4 2537//43
f 2535//4 2538//29 2537//43
f 2537//43 2538//29 2539//4
s 664
f 2540//4 2541//4 2542//4
f 2542//4 2541//4 2543//4
f 2541//4 2544//4 2543//4
f 2543//4 2544//4 2545//4
s 665
f 2546//4 2547//4 2548//4
f 2548//4 2547//4 2549//4
f 2547//4 2550//4 2549//4
f 2550//4 2551//4 2549//4
s 666
f 2552//4 2553//4 2554//4
s 667
f 2555//4 2556//4 2557//4
f 2556//4 2558//4 2557//4
f 2557//4 2558//4 2559//4
s 668
f 2560//4 2561//4 2562//4
f 2562//4 2561//4 2563//4
s 669
f 2564//29 2565//32 2566//4
s 670
f 2567//4 2568//4 2569//4
s 671
f 2570//4 2571//35 2572//29
f 2572//29 2571//35 2573//4
f 2571//35 2574//4 2573//4
s 672
f 2575//4 2576//4 2577//4
s 673
f 2578//4 2579//4 2580//4
s 674
f 2581//4 2582//4 2583//6
f 2582//4 2584//4 2583//6
f 2584//4 2585//4 2583//6
s 675
f 2586//4 2587//4 2588//4
f 2588//4 2587//4 2589//39
f 2587//4 2590//4 2589//39
f 2589//39 2590//4 2591//4
s 676
f 2592//4 2593//4 2594//30
f 2594//30 2593//4 2595//4
f 2593//4 2596//4 2595//4
f 2595//4 2596//4 2597//4
s 677
f 2598//4 2599//4 2600//4
f 2600//4 2599//4 2601//4
f 2599//4 2602//4 2601//4
s 678
f 2603//4 2604//4 2605//4
s 679
f 2606//4 2607//35 2608//4
f 2607//35 2609//4 2608//4
f 2608//4 2609//4 2610//4
s 680
f 2611//4 2612//4 2613//6
s 681
f 2614//4 2615//4 2616//4
s 682
f 2617//4 2618//4 2619//4
s 683
f 2620//4 2621//4 2622//4
f 2621//4 2623//4 2622//4
s 684
f 2624//4 2625//4 2626//4
s 685
f 2627//4 2628//4 2629//4
f 2629//4 2628//4 2630//4
f 2628//4 2631//4 2630//4
s 686
f 2632//4 2633//35 2634//4
f 2634//4 2633//35 2635//4
f 2633//35 2636//4 2635//4
f 2636//4 2637//4 2635//4
s 687
f 2638//4 2639//4 2640//4
s 688
f 2641//4 2642//4 2643//4
f 2643//4 2642//4 2644//4
s 689
f 2645//4 2646//4 2647//4
s 690
f 2648//4 2649//4 2650//4
f 2650//4 2649//4 2651//4
f 2649//4 2652//4 2651//4
f 2652//4 2653//4 2651//4
s 691
f 2654//4 2655//4 2656//4
f 2656//4 2655//4 2657//32
f 2655//4 2658//4 2657//32
f 2657//32 2658//4 2659//4
s 692
f 2660//4 2661//4 2662//4
s 693
f 2663//4 2664//4 2665//4
s 694
f 2666//4 2667//4 2668//4
f 2668//4 2667//4 2669//4
s 695
f 2670//4 2671//4 2672//29
f 2672//29 2671//4 2673//4
f 2671//4 2674//4 2673//4
f 2674//4 2675//4 2673//4
s 696
f 2676//4 2677//29 2678//6
f 2678//6 2677//29 2679//4
f 2677//29 2680//4 2679//4
s 697
f 2681//4 2682//4 2683//4
s 698
f 2684//4 2685//4 2686//4
s 699
f 2687//4 2688//4 2689//4
f 2688//4 2690//4 2689//4
s 700
f 2691//4 2692//4 2693//4
s 701
f 2694//4 2695//4 2696//29
f 2695//4 2697//4 2696//29
f 2697//4 2698//4 2696//29
s 702
f 2699//4 2700//4 2701//4
s 703
f 2702//4 2703//4 2704//4
f 2704//4 2703//4 2705//4
f 2703//4 2706//4 2705//4
s 704
f 2707//4 2708//4 2709//4
s 705
f 2710//4 2711//4 2712//4
f 2712//4 2711//4 2713//4
s 706
f 2714//4 2715//4 2716//4
s 707
f 2717//4 2718//4 2719//4
s 708
f 2720//4 2721//32 2722//4
f 2722//4 2721//32 2723//4
f 2721//32 2724//4 2723//4
f 2723//4 2724//4 2725//4
s 709
f 2726//4 2727//35 2728//35
f 2728//35 2727//35 2729//4
f 2727//35 2730//4 2729//4
f 2730//4 2731//4 2729//4
s 710
f 2732//4 2733//4 2734//4
f 2734//4 2733//4 2735//4
f 2733//4 2736//4 2735//4
f 2736//4 2737//4 2735//4
s 711
f 2738//4 2739//4 2740//32
f 2740//32 2739//4 2741//4
s 712
f 2742//6 2743//4 2744//4
f 2743//4 2745//4 2744//4
s 713
f 2746//4 2747//4 2748//4
s 714
f 2749//4 2750//4 2751//4
f 2750//4 2752//4 2751//4
f 2752//4 2753//4 2751//4
s 715
f 2754//4 2755//4 2756//30
f 2755//4 2757//35 2756//30
f 2756//30 2757//35 2758//4
f 2758//4 2757//35 2759//4
s 716
f 2760//4 2761//32 2762//32
s 717
f 2763//4 2764//4 2765//4
s 718
f 2766//4 2767//4 2768//4
f 2767//4 2769//4 2768//4
s 719
f 2770//4 2771//4 2772//4
s 720
f 2773//4 2774//4 2775//4
f 2774//4 2776//4 2775//4
f 2776//4 2777//4 2775//4
s 721
f 2778//4 2779//4 2780//4
f 2780//4 2779//4 2781//4
s 722
f 2782//29 2783//4 2784//29
f 2783//4 2785//4 2784//29
s 723
f 2786//4 2787//4 2788//4
f 2788//4 2787//4 2789//4
s 724
f 2790//4 2791//4 2792//4
f 2791//4 2793//4 2792//4
s 725
f 2794//4 2795//4 2796//4
f 2796//4 2795//4 2797//4
f 2795//4 2798//4 2797//4
s 726
f 2799//4 2800//4 2801//4
s 727
f 2802//4 2803//4 2804//4
s 728
f 2805//4 2806//4 2807//4
f 2806//4 2808//29 2807//4
f 2807//4 2808//29 2809//4
s 729
f 2810//4 2811//4 2812//4
f 2812//4 2811//4 2813//4
f 2813//4 2811//4 2814//4
s 730
f 2815//4 2816//4 2817//4
s 731
f 2818//4 2819//4 2820//4
s 732
f 2821//4 2822//4 2823//4
s 733
f 2824//32 2825//4 2826//32
s 734
f 2827//4 2828//4 2829//4
s 735
f 2830//4 2831//35 2832//29
f 2832//29 2831//35 2833//4
f 2831//35 2834//4 2833//4
f 2834//4 2835//4 2833//4
s 736
f 2836//4 2837//4 2838//4
f 2838//4 2837//4 2839//4
f 2837//4 2840//4 2839//4
s 737
f 2841//4 2842//4 2843//4
s 738
f 2844//4 2845//4 2846//4
f 2845//4 2847//4 2846//4
f 2847//4 2848//32 2846//4
s 739
f 2849//4 2850//4 2851//4
s 740
f 2852//4 2853//4 2854//4
f 2854//4 2853//4 2855//4
f 2853//4 2856//4 2855//4
f 2855//4 2856//4 2857//4
s 741
f 2858//4 2859//4 2860//4
s 742
f 2861//4 2862//4 2863//4
s 743
f 2864//4 2865//4 2866//4
f 2866//4 2865//4 2867//4
s 744
f 2868//4 2869//4 2870//4
f 2870//4 2869//4 2871//4
f 2869//4 2872//4 2871//4
f 2871//4 2872//4 2873//4
s 745
f 2874//4 2875//4 2876//4
f 2876//4 2875//4 2877//4
s 746
f 2878//4 2879//4 2880//4
f 2879//4 2881//4 2880//4
s 747
g Panel_derecha_2_cal_solar_6
usemtl cal_solar_6
f 2882//4 2883//4 2884//4
f 2884//4 2883//4 2885//4
s 748
f 2886//4 2887//4 2888//4
s 749
f 2889//4 2890//4 2891//4
s 750
f 2892//4 2893//4 2894//4
f 2894//4 2893//4 2895//4
s 751
f 2896//4 2897//4 2898//4
s 752
f 2899//4 2900//4 2901//4
s 753
f 2902//4 2903//4 2904//4
f 2904//4 2903//4 2905//4
f 2903//4 2906//4 2905//4
f 2906//4 2907//4 2905//4
s 754
f 2908//4 2909//4 2910//4
s 755
f 2911//4 2912//4 2913//4
f 2913//4 2912//4 2914//4
f 2914//4 2912//4 2915//4
s 756
f 2916//4 2917//4 2918//4
s 757
f 2919//4 2920//4 2921//4
f 2920//4 2922//4 2921//4
f 2922//4 2923//4 2921//4
s 758
f 2924//4 2925//4 2926//4
f 2926//4 2925//4 2927//4
f 2925//4 2928//35 2927//4
f 2927//4 2928//35 2929//4
s 759
f 2930//4 2931//4 2932//4
f 2932//4 2931//4 2933//4
f 2931//4 2934//4 2933//4
f 2934//4 2935//4 2933//4
s 760
f 2936//4 2937//4 2938//4
f 2938//4 2937//4 2939//4
f 2937//4 2940//4 2939//4
f 2940//4 2941//4 2939//4
s 761
f 2942//4 2943//42 2944//4
f 2944//4 2943//42 2945//4
f 2943//42 2946//4 2945//4
f 2946//4 2947//4 2945//4
s 762
f 2948//4 2949//4 2950//4
s 763
f 2951//4 2952//4 2953//35
f 2952//4 2954//4 2953//35
f 2954//4 2955//4 2953//35
s 764
f 2956//4 2957//4 2958//4
s 765
f 2959//4 2960//4 2961//4
f 2960//4 2962//29 2961//4
f 2961//4 2962//29 2963//4
s 766
f 2964//4 2965//4 2966//4
f 2966//4 2965//4 2967//4
f 2965//4 2968//4 2967//4
f 2968//4 2969//4 2967//4
s 767
f 2970//4 2971//4 2972//4
s 768
f 2973//4 2974//4 2975//4
s 769
f 2976//4 2977//4 2978//4
f 2978//4 2977//4 2979//4
s 770
f 2980//4 2981//4 2982//4
f 2982//4 2981//4 2983//4
s 771
f 2984//4 2985//4 2986//4
f 2985//4 2987//4 2986//4
s 772
f 2988//4 2989//4 2990//4
f 2989//4 2991//4 2990//4
s 773
f 2992//4 2993//4 2994//4
s 774
f 2995//4 2996//4 2997//4
s 775
f 2998//4 2999//4 3000//4
f 3000//4 2999//4 3001//4
s 776
f 3002//4 3003//4 3004//4
f 3003//4 3005//4 3004//4
s 777
f 3006//4 3007//4 3008//4
f 3007//4 3009//4 3008//4
s 778
f 3010//4 3011//4 3012//4
s 779
f 3013//4 3014//4 3015//4
s 780
f 3016//4 3017//6 3018//29
f 3018//29 3017//6 3019//4
f 3017//6 3020//4 3019//4
f 3020//4 3021//4 3019//4
s 781
f 3022//4 3023//4 3024//4
f 3024//4 3023//4 3025//4
f 3025//4 3023//4 3026//4
s 782
f 3027//4 3028//4 3029//4
s 783
f 3030//4 3031//4 3032//4
s 784
f 3033//4 3034//32 3035//4
f 3034//32 3036//4 3035//4
f 3036//4 3037//4 3035//4
s 785
f 3038//4 3039//4 3040//4
f 3040//4 3039//4 3041//35
f 3039//4 3042//29 3041//35
f 3042//29 3043//4 3041//35
s 786
f 3044//4 3045//4 3046//4
s 787
f 3047//4 3048//4 3049//4
f 3048//4 3050//4 3049//4
f 3049//4 3050//4 3051//4
s 788
f 3052//4 3053//4 3054//4
f 3054//4 3053//4 3055//4
f 3053//4 3056//4 3055//4
f 3056//4 3057//4 3055//4
s 789
f 3058//32 3059//4 3060//4
s 790
f 3061//4 3062//4 3063//4
s 791
f 3064//4 3065//4 3066//4
f 3066//4 3065//4 3067//4
s 792
f 3068//4 3069//4 3070//4
f 3070//4 3069//4 3071//4
f 3069//4 3072//4 3071//4
s 793
f 3073//4 3074//4 3075//4
s 794
f 3076//4 3077//4 3078//4
s 795
f 3079//29 3080//4 3081//4
f 3081//4 3080//4 3082//4
s 796
f 3083//4 3084//4 3085//4
s 797
f 3086//4 3087//4 3088//35
f 3087//4 3089//30 3088//35
f 3088//35 3089//30 3090//4
f 3090//4 3089//30 3091//4
s 798
f 3092//4 3093//4 3094//4
f 3094//4 3093//4 3095//4
f 3095//4 3093//4 3096//4
s 799
f 3097//4 3098//4 3099//4
s 800
f 3100//4 3101//4 3102//4
f 3102//4 3101//4 3103//4
f 3101//4 3104//4 3103//4
f 3103//4 3104//4 3105//4
s 801
f 3106//4 3107//30 3108//4
f 3108//4 3107//30 3109//4
f 3107//30 3110//4 3109//4
f 3110//4 3111//4 3109//4
s 802
f 3112//4 3113//4 3114//4
s 803
f 3115//4 3116//4 3117//4
f 3116//4 3118//4 3117//4
s 804
f 3119//4 3120//4 3121//4
s 805
f 3122//4 3123//4 3124//4
s 806
f 3125//4 3126//4 3127//4
s 807
f 3128//4 3129//4 3130//4
f 3129//4 3131//4 3130//4
s 808
f 3132//32 3133//4 3134//4
f 3134//4 3133//4 3135//4
s 809
f 3136//4 3137//4 3138//4
f 3137//4 3139//4 3138//4
s 810
f 3140//4 3141//4 3142//4
f 3141//4 3143//5 3142//4
f 3142//4 3143//5 3144//4
f 3144//4 3143//5 3145//4
s 811
f 3146//4 3147//4 3148//4
s 812
f 3149//4 3150//4 3151//4
s 813
f 3152//4 3153//4 3154//4
f 3153//4 3155//4 3154//4
s 814
f 3156//4 3157//4 3158//4
f 3158//4 3157//4 3159//4
f 3157//4 3160//4 3159//4
f 3159//4 3160//4 3161//4
s 815
f 3162//4 3163//4 3164//35
f 3164//35 3163//4 3165//4
f 3163//4 3166//4 3165//4
f 3166//4 3167//4 3165//4
s 816
f 3168//4 3169//4 3170//4
s 817
f 3171//4 3172//4 3173//4
f 3172//4 3174//29 3173//4
f 3174//29 3175//4 3173//4
s 818
f 3176//4 3177//4 3178//4
f 3178//4 3177//4 3179//4
f 3177//4 3180//4 3179//4
s 819
f 3181//4 3182//4 3183//4
s 820
f 3184//4 3185//4 3186//4
f 3186//4 3185//4 3187//4
s 821
f 3188//4 3189//4 3190//4
s 822
f 3191//4 3192//4 3193//4
s 823
f 3194//4 3195//4 3196//30
f 3196//30 3195//4 3197//4
s 824
f 3198//4 3199//4 3200//4
f 3199//4 3201//4 3200//4
s 825
f 3202//4 3203//4 3204//4
s 826
f 3205//4 3206//5 3207//4
f 3207//4 3206//5 3208//4
f 3208//4 3206//5 3209//4
s 827
f 3210//4 3211//4 3212//4
s 828
f 3213//4 3214//4 3215//4
f 3215//4 3214//4 3216//4
f 3214//4 3217//4 3216//4
s 829
f 3218//4 3219//35 3220//4
f 3220//4 3219//35 3221//4
f 3219//35 3222//4 3221//4
f 3221//4 3222//4 3223//4
s 830
f 3224//4 3225//4 3226//4
s 831
f 3227//4 3228//4 3229//4
f 3228//4 3230//4 3229//4
f 3230//4 3231//4 3229//4
s 832
f 3232//4 3233//4 3234//4
s 833
f 3235//4 3236//4 3237//4
f 3236//4 3238//4 3237//4
f 3238//4 3239//4 3237//4
s 834
f 3240//4 3241//4 3242//4
f 3241//4 3243//6 3242//4
f 3242//4 3243//6 3244//4
f 3244//4 3243//6 3245//4
s 835
f 3246//4 3247//4 3248//4
f 3248//4 3247//4 3249//4
f 3247//4 3250//4 3249//4
s 836
f 3251//4 3252//4 3253//4
s 837
f 3254//4 3255//4 3256//4
s 838
f 3257//4 3258//4 3259//4
f 3258//4 3260//4 3259//4
f 3259//4 3260//4 3261//4
s 839
f 3262//4 3263//4 3264//4
s 840
f 3265//4 3266//4 3267//4
f 3266//4 3268//4 3267//4
f 3268//4 3269//4 3267//4
s 841
f 3270//4 3271//4 3272//41
f 3271//4 3273//4 3272//41
s 842
f 3274//4 3275//4 3276//4
s 843
f 3277//4 3278//4 3279//4
s 844
f 3280//4 3281//4 3282//4
f 3281//4 3283//4 3282//4
s 845
f 3284//4 3285//4 3286//4
f 3286//4 3285//4 3287//4
s 846
f 3288//4 3289//4 3290//4
s 847
f 3291//4 3292//4 3293//4
f 3292//4 3294//4 3293//4
f 3294//4 3295//4 3293//4
s 848
f 3296//4 3297//29 3298//29
f 3298//29 3297//29 3299//4
f 3297//29 3300//4 3299//4
f 3299//4 3300//4 3301//4
s 849
f 3302//4 3303//4 3304//4
f 3304//4 3303//4 3305//4
f 3303//4 3306//4 3305//4
f 3306//4 3307//4 3305//4
s 850
f 3308//4 3309//29 3310//41
f 3310//41 3309//29 3311//4
s 851
f 3312//4 3313//4 3314//4
f 3313//4 3315//4 3314//4
s 852
f 3316//4 3317//4 3318//4
f 3318//4 3317//4 3319//4
s 853
f 3320//4 3321//4 3322//4
f 3321//4 3323//31 3322//4
s 854
g Panel_derecha_2_cal_solar_7
usemtl cal_solar_7
f 3324//4 3325//4 3326//4
f 3326//4 3325//4 3327//29
f 3325//4 3328//4 3327//29
f 3327//29 3328//4 3329//4
s 855
f 3330//4 3331//4 3332//4
f 3332//4 3331//4 3333//4
f 3331//4 3334//4 3333//4
f 3333//4 3334//4 3335//4
s 856
f 3336//4 3337//4 3338//4
f 3338//4 3337//4 3339//4
f 3337//4 3340//4 3339//4
s 857
f 3341//4 3342//4 3343//4
s 858
f 3344//4 3345//4 3346//41
f 3345//4 3347//4 3346//41
s 859
f 3348//4 3349//4 3350//4
s 860
f 3351//4 3352//4 3353//4
s 861
f 3354//4 3355//4 3356//4
s 862
f 3357//4 3358//29 3359//39
f 3358//29 3360//4 3359//39
f 3359//39 3360//4 3361//4
s 863
f 3362//4 3363//4 3364//4
s 864
f 3365//4 3366//4 3367//4
s 865
f 3368//4 3369//4 3370//4
f 3370//4 3369//4 3371//4
s 866
f 3372//4 3373//4 3374//4
s 867
f 3375//4 3376//32 3377//4
f 3377//4 3376//32 3378//4
s 868
f 3379//4 3380//4 3381//4
s 869
f 3382//4 3383//35 3384//35
f 3384//35 3383//35 3385//4
f 3385//4 3383//35 3386//4
s 870
f 3387//4 3388//4 3389//4
s 871
f 3390//29 3391//4 3392//4
f 3391//4 3393//4 3392//4
s 872
f 3394//29 3395//4 3396//4
f 3396//4 3395//4 3397//4
s 873
f 3398//4 3399//4 3400//4
f 3399//4 3401//4 3400//4
s 874
f 3402//4 3403//35 3404//4
f 3404//4 3403//35 3405//4
s 875
f 3406//4 3407//4 3408//4
f 3408//4 3407//4 3409//4
f 3407//4 3410//4 3409//4
f 3410//4 3411//6 3409//4
s 876
f 3412//4 3413//4 3414//4
s 877
f 3415//4 3416//4 3417//4
s 878
f 3418//29 3419//4 3420//4
f 3419//4 3421//4 3420//4
s 879
f 3422//32 3423//4 3424//32
s 880
f 3425//4 3426//4 3427//4
s 881
f 3428//32 3429//4 3430//32
s 882
f 3431//4 3432//4 3433//4
s 883
f 3434//32 3435//4 3436//32
s 884
f 3437//4 3438//4 3439//4
s 885
f 3440//32 3441//29 3442//4
f 3441//29 3443//4 3442//4
s 886
f 3444//4 3445//4 3446//4
s 887
f 3447//4 3448//4 3449//6
f 3448//4 3450//4 3449//6
s 888
f 3451//4 3452//4 3453//4
s 889
f 3454//4 3455//4 3456//4
f 3456//4 3455//4 3457//4
s 890
f 3458//32 3459//29 3460//4
f 3459//29 3461//4 3460//4
s 891
f 3462//4 3463//4 3464//4
f 3464//4 3463//4 3465//4
f 3463//4 3466//4 3465//4
f 3465//4 3466//4 3467//4
s 892
f 3468//4 3469//35 3470//4
f 3470//4 3469//35 3471//4
f 3469//35 3472//4 3471//4
f 3471//4 3472//4 3473//4
s 893
f 3474//4 3475//4 3476//4
f 3475//4 3477//4 3476//4
f 3476//4 3477//4 3478//4
f 3477//4 3479//4 3478//4
s 894
f 3480//4 3481//4 3482//4
f 3482//4 3481//4 3483//4
f 3481//4 3484//4 3483//4
f 3483//4 3484//4 3485//4
s 895
f 3486//4 3487//4 3488//4
f 3488//4 3487//4 3489//4
f 3489//4 3487//4 3490//4
s 896
f 3491//4 3492//4 3493//4
s 897
f 3494//4 3495//4 3496//4
s 898
f 3497//4 3498//4 3499//4
f 3498//4 3500//4 3499//4
s 899
f 3501//4 3502//4 3503//4
s 900
f 3504//4 3505//35 3506//4
f 3505//35 3507//4 3506//4
f 3506//4 3507//4 3508//4
f 3508//4 3507//4 3509//4
s 901
f 3510//4 3511//4 3512//35
f 3512//35 3511//4 3513//4
s 902
f 3514//4 3515//4 3516//30
f 3515//4 3517//4 3516//30
s 903
f 3518//4 3519//4 3520//29
f 3520//29 3519//4 3521//40
f 3519//4 3522//4 3521//40
s 904
f 3523//4 3524//4 3525//4
s 905
f 3526//4 3527//43 3528//4
f 3528//4 3527//43 3529//4
f 3527//43 3530//4 3529//4
f 3529//4 3530//4 3531//4
s 906
f 3532//4 3533//4 3534//4
s 907
f 3535//4 3536//4 3537//4
f 3536//4 3538//4 3537//4
f 3538//4 3539//4 3537//4
s 908
f 3540//4 3541//4 3542//4
f 3542//4 3541//4 3543//4
f 3543//4 3541//4 3544//4
s 909
f 3545//4 3546//4 3547//4
s 910
f 3548//4 3549//4 3550//4
f 3550//4 3549//4 3551//4
f 3551//4 3549//4 3552//4
s 911
f 3553//4 3554//4 3555//4
s 912
f 3556//4 3557//34 3558//4
f 3558//4 3557//34 3559//4
f 3557//34 3560//4 3559//4
f 3560//4 3561//4 3559//4
s 913
f 3562//4 3563//4 3564//4
f 3563//4 3565//4 3564//4
s 914
f 3566//4 3567//4 3568//4
f 3568//4 3567//4 3569//4
s 915
f 3570//4 3571//4 3572//4
s 916
f 3573//4 3574//4 3575//4
s 917
f 3576//4 3577//4 3578//4
f 3577//4 3579//4 3578//4
s 918
f 3580//4 3581//4 3582//4
f 3581//4 3583//4 3582//4
s 919
f 3584//4 3585//4 3586//4
f 3586//4 3585//4 3587//4
s 920
f 3588//4 3589//4 3590//4
s 921
f 3591//29 3592//4 3593//32
f 3593//32 3592//4 3594//29
s 922
f 3595//4 3596//4 3597//4
s 923
g Panel_derecha_2_cal_solar_side
usemtl cal_solar_side
f 3598//44 3599//44 3600//44
f 3599//44 3601//44 3600//44
s 924
f 3602//45 3603//45 3604//45
f 3603//45 3605//45 3604//45
s 925
f 3606//10 3607//10 3608//10
f 3607//10 3609//46 3608//10
s 926
g Panel_derecha_2_cal_grey
usemtl cal_grey
f 3610//7 3611//7 3612//7
s 927
f 3613//7 3614//7 3615//7
s 928
f 3616//7 3617//7 3618//7
s 929
f 3619//7 3620//7 3621//7
s 930
f 3622//10 3623//47 3624//10
f 3624//10 3623//47 3625//10
s 931
f 3626//44 3627//48 3628//48
s 932
f 3629//44 3630//44 3631//44
s 933
f 3632//4 3633//4 3634//4
s 934
f 3635//6 3636//6 3637//6
s 935
f 3638//45 3639//45 3640//45
s 936
f 3641//49 3642//49 3643//49
s 937
f 3644//9 3645//9 3646//15
s 938
f 3647//9 3648//9 3649//9
s 939
f 3650//7 3651//7 3652//7
s 940
f 3653//7 3654//7 3655//7
s 941
f 3656//7 3657//7 3658//7
s 942
f 3659//7 3660//7 3661//7
s 943
f 3662//10 3663//10 3664//10
s 944
f 3665//10 3666//10 3667//10
s 945
f 3668//44 3669//44 3670//44
s 946
f 3671//44 3672//44 3673//44
s 947
f 3674//4 3675//4 3676//4
s 948
f 3677//4 3678//4 3679//4
s 949
f 3680//45 3681//45 3682//45
s 950
f 3683//45 3684//45 3685//45
s 951
f 3686//9 3687//9 3688//50
s 952
f 3689//9 3690//9 3691//9
s 953
f 3692//10 3693//10 3694//10
s 954
f 3695//10 3696//10 3697//10
s 955
f 3698//10 3699//10 3700//10
f 3699//10 3701//10 3700//10
s 956
f 3702//8 3703//8 3704//8
f 3703//8 3705//7 3704//8
s 957
f 3706//51 3707//51 3708//51
s 958
f 3709//45 3710//45 3711//45
s 959
f 3712//4 3713//4 3714//40
f 3714//40 3713//4 3715//40
s 960
f 3716//44 3717//44 3718//44
s 961
f 3719//52 3720//52 3721//52
s 962
f 3722//9 3723//9 3724//9
s 963
f 3725//26 3726//26 3727//26
s 964
f 3728//4 3729//4 3730//4
f 3730//4 3729//4 3731//4
s 965
f 3732//9 3733//9 3734//26
f 3734//26 3733//9 3735//53
s 966
f 3736//44 3737//44 3738//44
f 3738//44 3737//44 3739//44
s 967
f 3740//45 3741//45 3742//45
s 968
f 3743//45 3744//45 3745//45
s 969
f 3746//10 3747//10 3748//10
s 970
f 3749//10 3750//10 3751//10
s 971
f 3752//47 3753//47 3754//47
s 972
f 3755//10 3756//10 3757//10
s 973
f 3758//7 3759//7 3760//7
f 3759//7 3761//7 3760//7
s 974
f 3762//45 3763//45 3764//54
s 975
f 3765//49 3766//49 3767//45
s 976
f 3768//4 3769//4 3770//4
s 977
f 3771//4 3772//4 3773//4
s 978
f 3774//44 3775//44 3776//44
s 979
f 3777//44 3778//44 3779//44
s 980
f 3780//26 3781//26 3782//26
s 981
f 3783//3 3784//3 3785//3
s 982
f 3786//4 3787//29 3788//4
f 3788//4 3787//29 3789//6
s 983
f 3790//9 3791//9 3792//9
f 3792//9 3791//9 3793//9
s 984
f 3794//44 3795//44 3796//55
f 3796//55 3795//44 3797//44
s 985
f 3798//45 3799//45 3800//51
s 986
f 3801//45 3802//49 3803//49
s 987
f 3804//7 3805//7 3806//7
s 988
f 3807//56 3808//56 3809//56
s 989
f 3810//7 3811//7 3812//7
s 990
f 3813//7 3814//7 3815//7
s 991
f 3816//10 3817//47 3818//47
f 3818//47 3817//47 3819//10
s 992
f 3820//52 3821//48 3822//48
s 993
f 3823//44 3824//44 3825//57
s 994
f 3826//4 3827//4 3828//4
s 995
f 3829//4 3830//4 3831//4
s 996
f 3832//45 3833//45 3834//45
s 997
f 3835//45 3836//45 3837//45
s 998
f 3838//9 3839//9 3840//9
s 999
f 3841//9 3842//9 3843//9
s 1000
f 3844//7 3845//7 3846//7
s 1001
f 3847//8 3848//7 3849//7
s 1002
f 3850//7 3851//7 3852//7
f 3852//7 3851//7 3853//7
s 1003
f 3854//10 3855//10 3856//10
f 3856//10 3855//10 3857//10
s 1004
f 3858//44 3859//44 3860//44
s 1005
f 3861//44 3862//44 3863//44
s 1006
f 3864//4 3865//4 3866//4
s 1007
f 3867//4 3868//4 3869//4
s 1008
f 3870//45 3871//45 3872//45
s 1009
f 3873//49 3874//49 3875//49
s 1010
f 3876//9 3877//38 3878//9
f 3878//9 3877//38 3879//26
s 1011
f 3880//10 3881//10 3882//10
s 1012
f 3883//10 3884//10 3885//10
s 1013
f 3886//10 3887//10 3888//10
f 3887//10 3889//10 3888//10
s 1014
f 3890//7 3891//7 3892//7
f 3891//7 3893//8 3892//7
s 1015
f 3894//49 3895//49 3896//49
s 1016
f 3897//51 3898//51 3899//51
s 1017
f 3900//4 3901//4 3902//4
s 1018
f 3903//29 3904//29 3905//29
s 1019
f 3906//44 3907//44 3908//44
s 1020
f 3909//44 3910//48 3911//48
s 1021
f 3912//26 3913//26 3914//26
s 1022
f 3915//9 3916//9 3917//9
s 1023
f 3918//4 3919//4 3920//4
f 3920//4 3919//4 3921//4
s 1024
f 3922//9 3923//9 3924//9
f 3924//9 3923//9 3925//9
s 1025
f 3926//48 3927//44 3928//58
f 3928//58 3927//44 3929//44
s 1026
f 3930//45 3931//59 3932//45
f 3931//59 3933//45 3932//45
s 1027
f 3934//10 3935//10 3936//10
s 1028
f 3937//10 3938//10 3939//10
s 1029
f 3940//10 3941//10 3942//10
f 3941//10 3943//10 3942//10
s 1030
f 3944//7 3945//7 3946//7
f 3945//7 3947//7 3946//7
s 1031
f 3948//45 3949//45 3950//45
s 1032
f 3951//51 3952//51 3953//51
s 1033
f 3954//4 3955//4 3956//4
s 1034
f 3957//60 3958//60 3959//60
s 1035
f 3960//48 3961//48 3962//44
s 1036
f 3963//44 3964//44 3965//44
s 1037
f 3966//3 3967//3 3968//3
s 1038
f 3969//26 3970//26 3971//26
s 1039
f 3972//4 3973//4 3974//4
f 3974//4 3973//4 3975//29
s 1040
f 3976//9 3977//9 3978//9
f 3978//9 3977//9 3979//9
s 1041
f 3980//44 3981//44 3982//44
f 3982//44 3981//44 3983//55
s 1042
f 3984//45 3985//45 3986//51
f 3985//45 3987//49 3986//51
s 1043
g Panel_derecha_2_cal_silver
usemtl cal_silver
f 3988//9 3989//9 3990//9
f 3990//9 3989//9 3991//9
s 1044
f 3992//12 3993//12 3994//12
f 3994//12 3993//12 3995//12
s 1045
f 3996//9 3997//9 3998//9
f 3998//9 3997//9 3999//9
s 1046
f 4000//9 4001//9 4002//9
s 1047
f 4003//27 4004//27 4005//27
s 1048
f 4006//9 4007//9 4008//15
f 4008//15 4007//9 4009//9
s 1049
f 4010//9 4011//9 4012//9
f 4012//9 4011//9 4013//9
s 1050
f 4014//15 4015//9 4016//9
f 4016//9 4015//9 4017//9
s 1051
f 4018//9 4019//9 4020//12
f 4020//12 4019//9 4021//23
s 1052
f 4022//9 4023//9 4024//9
f 4024//9 4023//9 4025//9
s 1053
f 4026//26 4027//9 4028//9
f 4028//9 4027//9 4029//9
s 1054
f 4030//9 4031//9 4032//9
s 1055
f 4033//9 4034//9 4035//9
s 1056
f 4036//9 4037//9 4038//9
f 4038//9 4037//9 4039//9
s 1057
f 4040//9 4041//9 4042//9
f 4042//9 4041//9 4043//9
s 1058
f 4044//26 4045//9 4046//9
f 4046//9 4045//9 4047//61
s 1059
f 4048//9 4049//26 4050//26
f 4050//26 4049//26 4051//9
s 1060
f 4052//9 4053//9 4054//9
f 4054//9 4053//9 4055//9
s 1061
f 4056//9 4057//9 4058//9
f 4058//9 4057//9 4059//9
s 1062
f 4060//15 4061//9 4062//9
f 4062//9 4061//9 4063//9
s 1063
f 4064//9 4065//9 4066//9
s 1064
f 4067//9 4068//9 4069//9
s 1065
f 4070//9 4071//62 4072//9
f 4072//9 4071//62 4073//12
s 1066
f 4074//9 4075//9 4076//9
f 4076//9 4075//9 4077//9
s 1067
f 4078//9 4079//9 4080//9
f 4080//9 4079//9 4081//9
s 1068
f 4082//9 4083//9 4084//9
f 4084//9 4083//9 4085//9
s 1069
f 4086//9 4087//9 4088//9
f 4088//9 4087//9 4089//9
s 1070
f 4090//9 4091//9 4092//9
f 4092//9 4091//9 4093//9
s 1071
f 4094//9 4095//9 4096//9
f 4096//9 4095//9 4097//9
s 1072
g Panel_derecha_2_cal_solar_2
usemtl cal_solar_2
f 4098//4 4099//4 4100//4
f 4099//4 4101//4 4100//4
f 4100//4 4101//4 4102//4
s 1073
f 4103//4 4104//4 4105//4
s 1074
f 4106//4 4107//4 4108//4
s 1075
f 4109//32 4110//4 4111//4
f 4111//4 4110//4 4112//4
f 4112//4 4110//4 4113//4
s 1076
f 4114//4 4115//4 4116//4
s 1077
f 4117//4 4118//4 4119//4
f 4118//4 4120//4 4119//4
f 4119//4 4120//4 4121//4
s 1078
f 4122//32 4123//6 4124//4
f 4123//6 4125//4 4124//4
s 1079
f 4126//4 4127//4 4128//4
f 4128//4 4127//4 4129//4
s 1080
f 4130//4 4131//4 4132//4
s 1081
f 4133//4 4134//4 4135//4
s 1082
f 4136//4 4137//4 4138//4
s 1083
f 4139//4 4140//4 4141//4
s 1084
f 4142//4 4143//4 4144//4
s 1085
f 4145//32 4146//4 4147//4
f 4147//4 4146//4 4148//4
f 4146//4 4149//6 4148//4
s 1086
f 4150//4 4151//40 4152//29
f 4152//29 4151//40 4153//4
f 4151//40 4154//4 4153//4
f 4154//4 4155//4 4153//4
s 1087
f 4156//4 4157//4 4158//4
s 1088
f 4159//4 4160//4 4161//4
s 1089
f 4162//4 4163//35 4164//4
f 4163//35 4165//4 4164//4
s 1090
f 4166//4 4167//4 4168//4
f 4168//4 4167//4 4169//4
f 4167//4 4170//4 4169//4
f 4169//4 4170//4 4171//4
s 1091
f 4172//4 4173//4 4174//4
f 4173//4 4175//4 4174//4
f 4174//4 4175//4 4176//32
f 4175//4 4177//4 4176//32
s 1092
f 4178//4 4179//30 4180//4
f 4180//4 4179//30 4181//4
f 4179//30 4182//4 4181//4
f 4181//4 4182//4 4183//31
s 1093
f 4184//4 4185//4 4186//40
f 4185//4 4187//4 4186//40
f 4186//40 4187//4 4188//4
f 4187//4 4189//4 4188//4
s 1094
f 4190//4 4191//4 4192//29
f 4192//29 4191//4 4193//4
s 1095
f 4194//4 4195//4 4196//4
s 1096
f 4197//4 4198//4 4199//4
s 1097
f 4200//4 4201//4 4202//4
s 1098
f 4203//4 4204//4 4205//4
s 1099
f 4206//4 4207//4 4208//4
f 4208//4 4207//4 4209//4
s 1100
f 4210//4 4211//29 4212//4
f 4212//4 4211//29 4213//4
s 1101
f 4214//4 4215//4 4216//4
f 4215//4 4217//4 4216//4
s 1102
f 4218//4 4219//4 4220//4
s 1103
f 4221//4 4222//4 4223//4
f 4222//4 4224//4 4223//4
s 1104
f 4225//4 4226//4 4227//4
s 1105
f 4228//4 4229//4 4230//4
s 1106
f 4231//4 4232//4 4233//35
f 4232//4 4234//4 4233//35
f 4234//4 4235//4 4233//35
s 1107
f 4236//4 4237//4 4238//4
s 1108
f 4239//4 4240//4 4241//4
f 4240//4 4242//4 4241//4
s 1109
f 4243//4 4244//4 4245//4
s 1110
f 4246//4 4247//4 4248//4
s 1111
f 4249//31 4250//4 4251//4
f 4250//4 4252//4 4251//4
f 4251//4 4252//4 4253//4
s 1112
f 4254//4 4255//4 4256//4
f 4256//4 4255//4 4257//29
f 4255//4 4258//4 4257//29
f 4257//29 4258//4 4259//4
s 1113
f 4260//4 4261//4 4262//4
s 1114
f 4263//4 4264//4 4265//4
f 4264//4 4266//4 4265//4
f 4266//4 4267//4 4265//4
s 1115
f 4268//4 4269//35 4270//4
f 4270//4 4269//35 4271//30
f 4269//35 4272//4 4271//30
f 4271//30 4272//4 4273//4
s 1116
f 4274//4 4275//4 4276//32
f 4275//4 4277//29 4276//32
f 4276//32 4277//29 4278//29
f 4277//29 4279//4 4278//29
s 1117
f 4280//4 4281//4 4282//4
s 1118
f 4283//4 4284//4 4285//4
s 1119
f 4286//4 4287//4 4288//4
s 1120
f 4289//4 4290//4 4291//4
s 1121
f 4292//32 4293//4 4294//4
f 4293//4 4295//4 4294//4
s 1122
f 4296//4 4297//4 4298//4
s 1123
f 4299//4 4300//4 4301//4
s 1124
f 4302//4 4303//29 4304//4
f 4303//29 4305//4 4304//4
f 4304//4 4305//4 4306//4
f 4305//4 4307//4 4306//4
s 1125
f 4308//4 4309//4 4310//4
s 1126
f 4311//4 4312//4 4313//4
f 4312//4 4314//6 4313//4
f 4313//4 4314//6 4315//4
s 1127
f 4316//4 4317//4 4318//5
f 4317//4 4319//4 4318//5
f 4319//4 4320//4 4318//5
s 1128
f 4321//4 4322//4 4323//4
s 1129
f 4324//4 4325//4 4326//4
s 1130
f 4327//4 4328//4 4329//4
s 1131
f 4330//4 4331//4 4332//4
f 4332//4 4331//4 4333//4
s 1132
f 4334//4 4335//4 4336//4
s 1133
f 4337//4 4338//4 4339//4
s 1134
f 4340//4 4341//4 4342//4
s 1135
f 4343//4 4344//4 4345//4
s 1136
f 4346//4 4347//4 4348//4
f 4348//4 4347//4 4349//4
f 4347//4 4350//4 4349//4
s 1137
f 4351//4 4352//4 4353//4
s 1138
f 4354//4 4355//4 4356//4
f 4355//4 4357//4 4356//4
s 1139
f 4358//4 4359//4 4360//4
f 4360//4 4359//4 4361//4
s 1140
f 4362//4 4363//4 4364//4
s 1141
f 4365//29 4366//4 4367//4
f 4366//4 4368//29 4367//4
f 4367//4 4368//29 4369//4
s 1142
f 4370//4 4371//34 4372//4
f 4372//4 4371//34 4373//4
f 4371//34 4374//29 4373//4
f 4373//4 4374//29 4375//4
s 1143
f 4376//4 4377//4 4378//4
s 1144
f 4379//4 4380//4 4381//4
f 4380//4 4382//4 4381//4
f 4382//4 4383//4 4381//4
s 1145
f 4384//4 4385//4 4386//4
f 4386//4 4385//4 4387//34
f 4385//4 4388//4 4387//34
f 4388//4 4389//4 4387//34
s 1146
f 4390//4 4391//4 4392//4
f 4392//4 4391//4 4393//4
s 1147
f 4394//4 4395//4 4396//4
f 4395//4 4397//4 4396//4
s 1148
f 4398//4 4399//4 4400//4
f 4399//4 4401//4 4400//4
s 1149
f 4402//4 4403//4 4404//29
f 4404//29 4403//4 4405//4
s 1150
f 4406//4 4407//4 4408//5
f 4407//4 4409//4 4408//5
f 4408//5 4409//4 4410//4
f 4410//4 4409//4 4411//4
s 1151
f 4412//4 4413//4 4414//4
s 1152
f 4415//4 4416//4 4417//4
s 1153
f 4418//4 4419//4 4420//4
s 1154
f 4421//4 4422//4 4423//4
s 1155
f 4424//4 4425//4 4426//4
f 4426//4 4425//4 4427//4
f 4425//4 4428//4 4427//4
f 4427//4 4428//4 4429//4
s 1156
f 4430//4 4431//4 4432//4
f 4432//4 4431//4 4433//4
s 1157
f 4434//4 4435//29 4436//4
f 4435//29 4437//4 4436//4
s 1158
f 4438//4 4439//4 4440//4
s 1159
f 4441//4 4442//4 4443//4
f 4443//4 4442//4 4444//4
s 1160
f 4445//4 4446//4 4447//4
s 1161
f 4448//4 4449//29 4450//35
f 4450//35 4449//29 4451//4
f 4449//29 4452//4 4451//4
f 4452//4 4453//4 4451//4
s 1162
f 4454//4 4455//4 4456//4
f 4456//4 4455//4 4457//4
f 4455//4 4458//4 4457//4
f 4457//4 4458//4 4459//4
s 1163
f 4460//4 4461//29 4462//4
f 4461//29 4463//30 4462//4
f 4462//4 4463//30 4464//4
f 4463//30 4465//4 4464//4
s 1164
f 4466//4 4467//4 4468//4
s 1165
f 4469//4 4470//4 4471//4
f 4470//4 4472//4 4471//4
s 1166
f 4473//4 4474//4 4475//4
s 1167
f 4476//4 4477//4 4478//4
s 1168
f 4479//4 4480//4 4481//4
f 4481//4 4480//4 4482//6
s 1169
f 4483//4 4484//4 4485//4
s 1170
f 4486//4 4487//4 4488//4
s 1171
f 4489//4 4490//4 4491//4
s 1172
f 4492//4 4493//4 4494//4
s 1173
f 4495//4 4496//4 4497//4
s 1174
f 4498//4 4499//4 4500//4
f 4499//4 4501//29 4500//4
f 4500//4 4501//29 4502//4
f 4502//4 4501//29 4503//4
s 1175
f 4504//4 4505//4 4506//4
f 4505//4 4507//4 4506//4
s 1176
f 4508//4 4509//4 4510//4
s 1177
f 4511//4 4512//4 4513//4
s 1178
f 4514//4 4515//4 4516//4
f 4515//4 4517//4 4516//4
s 1179
f 4518//4 4519//4 4520//6
f 4520//6 4519//4 4521//31
s 1180
f 4522//4 4523//29 4524//29
f 4524//29 4523//29 4525//4
f 4525//4 4523//29 4526//4
s 1181
f 4527//4 4528//4 4529//4
s 1182
f 4530//4 4531//4 4532//4
f 4532//4 4531//4 4533//4
f 4531//4 4534//4 4533//4
s 1183
f 4535//4 4536//4 4537//4
s 1184
f 4538//4 4539//4 4540//4
f 4539//4 4541//4 4540//4
s 1185
f 4542//4 4543//4 4544//4
f 4544//4 4543//4 4545//4
s 1186
f 4546//4 4547//42 4548//4
f 4548//4 4547//42 4549//4
f 4547//42 4550//4 4549//4
f 4550//4 4551//4 4549//4
s 1187
f 4552//4 4553//4 4554//4
s 1188
f 4555//4 4556//32 4557//6
f 4556//32 4558//6 4557//6
f 4558//6 4559//4 4557//6
s 1189
f 4560//4 4561//4 4562//4
f 4562//4 4561//4 4563//4
f 4563//4 4561//4 4564//4
s 1190
f 4565//4 4566//4 4567//4
s 1191
f 4568//4 4569//4 4570//4
f 4570//4 4569//4 4571//6
f 4569//4 4572//4 4571//6
f 4571//6 4572//4 4573//4
s 1192
f 4574//4 4575//4 4576//4
s 1193
f 4577//4 4578//4 4579//4
s 1194
f 4580//4 4581//4 4582//4
f 4581//4 4583//4 4582//4
s 1195
f 4584//4 4585//4 4586//4
f 4586//4 4585//4 4587//4
f 4585//4 4588//4 4587//4
f 4588//4 4589//4 4587//4
s 1196
f 4590//4 4591//4 4592//4
f 4592//4 4591//4 4593//4
s 1197
f 4594//4 4595//4 4596//4
f 4595//4 4597//4 4596//4
s 1198
f 4598//4 4599//4 4600//4
f 4600//4 4599//4 4601//4
s 1199
f 4602//4 4603//6 4604//4
f 4603//6 4605//4 4604//4
s 1200
f 4606//4 4607//4 4608//4
s 1201
f 4609//4 4610//32 4611//4
f 4610//32 4612//4 4611//4
f 4612//4 4613//4 4611//4
s 1202
f 4614//4 4615//4 4616//4
s 1203
f 4617//4 4618//4 4619//4
f 4618//4 4620//4 4619//4
f 4620//4 4621//4 4619//4
s 1204
f 4622//4 4623//4 4624//4
s 1205
f 4625//4 4626//4 4627//4
f 4626//4 4628//4 4627//4
f 4627//4 4628//4 4629//4
s 1206
f 4630//4 4631//29 4632//35
f 4632//35 4631//29 4633//4
f 4631//29 4634//4 4633//4
f 4633//4 4634//4 4635//4
s 1207
f 4636//4 4637//29 4638//4
f 4638//4 4637//29 4639//4
f 4637//29 4640//4 4639//4
s 1208
f 4641//4 4642//4 4643//4
s 1209
f 4644//4 4645//4 4646//4
f 4646//4 4645//4 4647//4
f 4645//4 4648//4 4647//4
s 1210
f 4649//4 4650//4 4651//4
s 1211
f 4652//4 4653//29 4654//29
f 4654//29 4653//29 4655//4
f 4653//29 4656//4 4655//4
f 4655//4 4656//4 4657//4
s 1212
f 4658//4 4659//4 4660//4
f 4660//4 4659//4 4661//4
f 4659//4 4662//4 4661//4
f 4661//4 4662//4 4663//4
s 1213
f 4664//4 4665//4 4666//4
f 4666//4 4665//4 4667//4
f 4665//4 4668//35 4667//4
f 4668//35 4669//4 4667//4
s 1214
f 4670//4 4671//4 4672//4
f 4671//4 4673//4 4672//4
f 4672//4 4673//4 4674//4
f 4674//4 4673//4 4675//4
s 1215
f 4676//4 4677//4 4678//4
f 4678//4 4677//4 4679//4
f 4677//4 4680//4 4679//4
f 4680//4 4681//4 4679//4
s 1216
f 4682//4 4683//39 4684//4
f 4684//4 4683//39 4685//4
f 4683//39 4686//4 4685//4
f 4686//4 4687//4 4685//4
s 1217
f 4688//4 4689//35 4690//4
f 4690//4 4689//35 4691//4
f 4689//35 4692//4 4691//4
f 4692//4 4693//4 4691//4
s 1218
f 4694//4 4695//30 4696//4
f 4696//4 4695//30 4697//4
f 4697//4 4695//30 4698//4
s 1219
f 4699//4 4700//4 4701//4
s 1220
f 4702//4 4703//29 4704//29
f 4704//29 4703//29 4705//4
f 4705//4 4703//29 4706//4
s 1221
f 4707//4 4708//4 4709//4
s 1222
f 4710//4 4711//4 4712//4
f 4712//4 4711//4 4713//29
f 4711//4 4714//29 4713//29
f 4713//29 4714//29 4715//4
s 1223
f 4716//4 4717//4 4718//4
f 4718//4 4717//4 4719//4
f 4717//4 4720//4 4719//4
f 4720//4 4721//4 4719//4
s 1224
f 4722//4 4723//4 4724//4
f 4724//4 4723//4 4725//4
s 1225
f 4726//32 4727//4 4728//4
f 4727//4 4729//4 4728//4
s 1226
f 4730//4 4731//4 4732//4
s 1227
f 4733//6 4734//4 4735//4
s 1228
f 4736//4 4737//4 4738//4
f 4737//4 4739//4 4738//4
s 1229
f 4740//4 4741//4 4742//4
f 4742//4 4741//4 4743//4
s 1230
f 4744//4 4745//4 4746//4
s 1231
f 4747//4 4748//4 4749//4
s 1232
f 4750//4 4751//4 4752//4
f 4751//4 4753//4 4752//4
f 4752//4 4753//4 4754//34
f 4754//34 4753//4 4755//4
s 1233
f 4756//4 4757//4 4758//4
f 4758//4 4757//4 4759//4
f 4757//4 4760//4 4759//4
s 1234
f 4761//4 4762//4 4763//4
s 1235
f 4764//4 4765//4 4766//4
f 4766//4 4765//4 4767//29
f 4765//4 4768//4 4767//29
f 4768//4 4769//4 4767//29
s 1236
f 4770//4 4771//4 4772//35
f 4772//35 4771//4 4773//4
f 4771//4 4774//4 4773//4
f 4773//4 4774//4 4775//4
s 1237
f 4776//4 4777//4 4778//4
f 4778//4 4777//4 4779//4
f 4777//4 4780//4 4779//4
f 4779//4 4780//4 4781//4
s 1238
f 4782//4 4783//4 4784//4
f 4783//4 4785//35 4784//4
f 4784//4 4785//35 4786//4
f 4786//4 4785//35 4787//4
s 1239
f 4788//4 4789//4 4790//4
s 1240
f 4791//4 4792//4 4793//4
s 1241
f 4794//4 4795//4 4796//4
f 4795//4 4797//4 4796//4
s 1242
f 4798//4 4799//4 4800//4
s 1243
f 4801//32 4802//4 4803//29
f 4802//4 4804//4 4803//29
f 4803//29 4804//4 4805//4
s 1244
f 4806//4 4807//4 4808//4
f 4808//4 4807//4 4809//4
f 4809//4 4807//4 4810//4
s 1245
f 4811//4 4812//4 4813//4
s 1246
f 4814//4 4815//4 4816//4
s 1247
f 4817//4 4818//4 4819//4
s 1248
f 4820//4 4821//4 4822//4
s 1249
f 4823//4 4824//4 4825//4
