# Blender 5.2.0 LTS
# www.blender.org
mtllib Panel_izquierda2.mtl
g Panele_izquierdo2_Mesh.005
v -2.065324 2.852797 4.689806
v -1.925936 2.725025 4.492342
v -1.925936 2.980568 4.893077
v -1.652973 2.725025 4.492342
v -1.652973 2.980568 4.893077
v -1.513585 2.852797 4.695613
v -2.860988 -1.026798 -1.431591
v -3.000375 -0.904835 -1.234126
v -2.994567 -1.154569 -1.634863
v -3.273341 -0.904835 -1.234126
v -3.273341 -1.160377 -1.634863
v -3.412729 -1.032606 -1.431591
v -4.841440 -0.056899 0.113278
v -5.114406 -0.056899 0.113278
v -5.114406 -0.312442 -0.287459
v -5.253793 -0.184671 -0.084187
v -4.841440 -0.056899 0.113278
v -5.114406 -0.312442 -0.287459
v -4.841440 -0.306634 -0.287459
v -4.841440 -0.056899 0.113278
v -4.841440 -0.306634 -0.287459
v -4.702055 -0.178863 -0.084187
v -3.790233 -0.178863 -0.084187
v -3.923813 -0.051092 0.119085
v -3.923813 -0.306634 -0.281651
v -4.196776 -0.306634 -0.287459
v -4.202585 -0.051092 0.119085
v -4.336164 -0.178863 -0.084187
v -6.624428 -0.329865 -0.304882
v -6.485041 -0.451828 -0.508155
v -6.485041 -0.202094 -0.107418
v -6.212074 -0.196286 -0.101610
v -6.212074 -0.451828 -0.508155
v -6.072690 -0.324057 -0.304882
v -6.990319 -0.033669 0.153932
v -7.129704 0.088295 0.357204
v -7.123896 -0.161440 -0.043532
v -7.402668 -0.167247 -0.043532
v -7.402668 0.088295 0.357204
v -7.402668 0.088295 0.357204
v -7.542058 -0.039476 0.153932
v -7.402668 -0.167247 -0.043532
v -3.313996 -1.456574 -2.111101
v -3.453383 -1.328802 -1.907828
v -3.447575 -1.584345 -2.308565
v -3.726347 -1.584345 -2.308565
v -3.726347 -1.334610 -1.907828
v -3.859926 -1.462381 -2.111101
v -8.436452 -2.629745 -3.934742
v -8.297068 -2.757515 -4.132207
v -8.297068 -2.501973 -3.731470
v -8.024103 -2.501973 -3.731470
v -8.024103 -2.757515 -4.132207
v -7.884714 -2.629745 -3.934742
v -4.353588 -3.338293 -5.073066
v -4.626552 -3.344101 -5.073066
v -4.626552 -3.593835 -5.479611
v -4.626552 -3.344101 -5.073066
v -4.765939 -3.471872 -5.276338
v -4.626552 -3.593835 -5.479611
v -4.626552 -3.593835 -5.479611
v -4.353588 -3.593835 -5.479611
v -4.353588 -3.338293 -5.073066
v -4.214201 -3.466064 -5.276338
v -4.760131 -3.750645 -5.723537
v -4.620746 -3.878416 -5.921001
v -4.626552 -3.622874 -5.520265
v -4.347780 -3.622874 -5.520265
v -4.347780 -3.878416 -5.921001
v -4.214201 -3.750645 -5.723537
v -3.401112 -3.030481 -4.585214
v -3.261725 -3.152444 -4.788486
v -3.267533 -2.902710 -4.387749
v -2.988761 -2.896902 -4.387749
v -2.988761 -3.152444 -4.788486
v -2.855182 -3.024673 -4.585214
v -2.024669 -2.885287 -4.364518
v -1.885282 -3.007250 -4.567790
v -1.885282 -2.757515 -4.167054
v -1.612318 -3.007250 -4.567790
v -1.612318 -2.751708 -4.167054
v -1.472931 -2.879479 -4.364518
v -5.271215 -3.338293 -5.073066
v -5.544181 -3.593835 -5.473803
v -5.271215 -3.593835 -5.473803
v -5.271215 -3.338293 -5.073066
v -5.271215 -3.593835 -5.473803
v -5.137636 -3.466064 -5.270531
v -5.271215 -3.338293 -5.073066
v -5.549989 -3.344101 -5.073066
v -5.544181 -3.593835 -5.473803
v -5.683568 -3.471872 -5.270531
v -5.596452 -3.890032 -5.944232
v -5.735839 -3.768068 -5.740961
v -5.735839 -4.017803 -6.141697
v -6.008803 -4.023611 -6.141697
v -6.008803 -3.768068 -5.740961
v -6.148190 -3.895840 -5.944232
v -6.601195 -2.902710 -4.370326
v -6.467619 -3.030481 -4.573598
v -6.467619 -2.774939 -4.172861
v -6.194653 -2.774939 -4.172861
v -6.188844 -3.024673 -4.573598
v -6.055265 -2.896902 -4.370326
v -7.100666 -3.344101 -5.067259
v -7.100666 -3.599643 -5.467995
v -6.967087 -3.471872 -5.270531
v -7.100666 -3.344101 -5.067259
v -7.379440 -3.344101 -5.067259
v -7.100666 -3.599643 -5.467995
v -7.373630 -3.599643 -5.473803
v -7.513017 -3.471872 -5.270531
v -8.297068 -3.349908 -5.067259
v -8.018292 -3.605451 -5.473803
v -8.018292 -3.349908 -5.067259
v -7.884714 -3.477679 -5.270531
v -8.018292 -3.605451 -5.473803
v -8.297068 -3.349908 -5.067259
v -8.291259 -3.605451 -5.473803
v -8.430646 -3.477679 -5.270531
v -8.482917 -3.210522 -4.846563
v -8.761689 -3.210522 -4.846563
v -8.755880 -3.466064 -5.247300
v -8.761689 -3.210522 -4.846563
v -8.895268 -3.338293 -5.049836
v -8.755880 -3.466064 -5.247300
v -8.755880 -3.466064 -5.247300
v -8.482917 -3.460256 -5.247300
v -8.482917 -3.210522 -4.846563
v -8.349338 -3.332485 -5.044028
v -7.437516 -2.757515 -4.143823
v -7.571095 -2.635552 -3.940551
v -7.571095 -2.885287 -4.341287
v -7.844059 -2.891094 -4.347095
v -7.849870 -2.635552 -3.940551
v -7.983447 -2.763323 -4.143823
v -4.371010 -0.759640 -1.001816
v -4.643976 -0.765448 -1.007623
v -4.643976 -1.015183 -1.408360
v -4.783363 -0.893219 -1.205087
v -4.643976 -1.015183 -1.408360
v -4.371010 -1.015183 -1.408360
v -4.371010 -0.759640 -1.001816
v -4.231625 -0.887412 -1.205087
v -4.202585 0.262528 0.618554
v -3.929621 0.268336 0.618554
v -3.929621 0.518071 1.019291
v -3.790233 0.396107 0.816019
v -3.929621 0.518071 1.019291
v -4.202585 0.518071 1.019291
v -4.202585 0.262528 0.618554
v -4.341972 0.390299 0.816019
v -3.325612 -0.027861 0.148124
v -3.464997 0.099910 0.351396
v -3.459191 -0.155632 -0.049340
v -3.732155 -0.155632 -0.049340
v -3.737963 0.099910 0.351396
v -3.871542 -0.027861 0.148124
v -5.253793 0.099910 0.363012
v -5.114406 -0.022053 0.165548
v -5.120214 0.227682 0.566284
v -4.841440 0.233490 0.566284
v -4.841440 -0.022053 0.165548
v -4.707860 0.105718 0.368820
v -5.253793 0.384491 0.816019
v -5.120214 0.262528 0.612746
v -5.120214 0.512263 1.019291
v -4.847248 0.518071 1.019291
v -4.841440 0.262528 0.618554
v -4.707860 0.390299 0.816019
v -1.954977 -0.167247 -0.072571
v -2.094362 -0.039476 0.124893
v -2.094362 -0.295018 -0.275843
v -2.367328 -0.295018 -0.275843
v -2.367328 -0.039476 0.124893
v -2.506715 -0.167247 -0.072571
v -2.953912 -0.312442 -0.304882
v -2.820333 -0.440213 -0.502347
v -2.820333 -0.184671 -0.101610
v -2.547369 -0.184671 -0.101610
v -2.541561 -0.440213 -0.502347
v -2.407982 -0.312442 -0.299074
v -1.623932 -0.718986 -0.949545
v -1.902706 -0.469252 -0.548809
v -1.902706 -0.718986 -0.949545
v -2.036286 -0.597023 -0.752081
v -1.902706 -0.469252 -0.548809
v -1.623932 -0.718986 -0.949545
v -1.629740 -0.463444 -0.548809
v -1.490353 -0.591215 -0.752081
v -6.949665 -0.347288 -0.333921
v -6.949665 -0.597023 -0.734657
v -6.670890 -0.597023 -0.734657
v -6.949665 -0.347288 -0.333921
v -7.089049 -0.475059 -0.531385
v -6.949665 -0.597023 -0.734657
v -6.949665 -0.347288 -0.333921
v -6.670890 -0.597023 -0.734657
v -6.676696 -0.341480 -0.328113
v -6.537311 -0.469252 -0.531385
v -6.618620 -0.614446 -0.757889
v -6.479233 -0.742217 -0.955353
v -6.485041 -0.486675 -0.554616
v -6.212074 -0.486675 -0.554616
v -6.206269 -0.736409 -0.955353
v -6.072690 -0.608638 -0.757889
v -5.631298 0.384491 0.816019
v -5.764877 0.512263 1.019291
v -5.764877 0.256720 0.618554
v -6.037843 0.256720 0.612746
v -6.043649 0.512263 1.019291
v -6.177228 0.384491 0.816019
v -5.764877 0.227682 0.566284
v -5.764877 -0.027861 0.165548
v -5.625490 0.099910 0.363012
v -5.764877 -0.027861 0.165548
v -5.764877 0.227682 0.566284
v -6.037843 -0.027861 0.165548
v -6.037843 0.227682 0.566284
v -6.037843 0.227682 0.566284
v -6.177228 0.099910 0.363012
v -6.037843 -0.027861 0.165548
v -7.902138 -0.329865 -0.299074
v -8.041525 -0.202094 -0.101610
v -8.041525 -0.457636 -0.502347
v -8.320300 -0.202094 -0.101610
v -8.314489 -0.457636 -0.502347
v -8.453876 -0.329865 -0.304882
v -7.588517 -0.341480 -0.328113
v -7.588517 -0.597023 -0.728850
v -7.454938 -0.469252 -0.525578
v -7.588517 -0.597023 -0.728850
v -7.588517 -0.341480 -0.328113
v -7.861484 -0.602831 -0.728850
v -7.867292 -0.347288 -0.328113
v -8.000871 -0.475059 -0.531385
v -8.448069 -0.614446 -0.746273
v -8.314489 -0.742217 -0.949545
v -8.314489 -0.486675 -0.548809
v -8.041525 -0.486675 -0.548809
v -8.035717 -0.742217 -0.949545
v -8.041525 -0.486675 -0.548809
v -8.035717 -0.742217 -0.949545
v -7.902138 -0.614446 -0.746273
v -8.453876 0.233490 0.589515
v -8.320300 0.105718 0.392051
v -8.320300 0.361261 0.792787
v -8.047331 0.361261 0.792787
v -8.041525 0.111526 0.392051
v -7.907946 0.239297 0.589515
v -1.019923 -2.165123 -3.237809
v -1.159310 -2.037352 -3.040345
v -1.159310 -2.292894 -3.441082
v -1.432277 -2.043159 -3.040345
v -1.432277 -2.292894 -3.441082
v -1.432277 -2.043159 -3.040345
v -1.571664 -2.170930 -3.237809
v -1.432277 -2.292894 -3.441082
v -1.025731 -1.311379 -1.884598
v -1.165118 -1.183608 -1.687133
v -1.165118 -1.439150 -2.087870
v -1.443890 -1.183608 -1.687133
v -1.438085 -1.439150 -2.087870
v -1.577470 -1.311379 -1.884598
v -4.190971 -1.735347 -2.540876
v -3.912196 -1.735347 -2.540876
v -3.918005 -1.479805 -2.140140
v -3.778617 -1.607576 -2.343412
v -3.918005 -1.479805 -2.140140
v -4.190971 -1.479805 -2.140140
v -4.190971 -1.735347 -2.540876
v -4.324547 -1.607576 -2.343412
v -3.726347 -1.299764 -1.861366
v -3.453383 -1.299764 -1.855559
v -3.453383 -1.044221 -1.454822
v -3.313996 -1.171993 -1.658094
v -3.453383 -1.044221 -1.454822
v -3.726347 -1.044221 -1.454822
v -3.726347 -1.299764 -1.861366
v -3.865734 -1.171993 -1.658094
v -5.247985 -1.044221 -1.443206
v -5.108598 -1.166185 -1.640671
v -5.108598 -0.916450 -1.239934
v -4.835634 -0.910642 -1.239934
v -4.835634 -1.166185 -1.640671
v -4.696247 -1.038413 -1.443206
v -3.772809 -2.461319 -3.696624
v -3.912196 -2.339356 -3.493351
v -3.906388 -2.589090 -3.894088
v -4.179355 -2.594898 -3.894088
v -4.185163 -2.339356 -3.493351
v -4.318742 -2.467127 -3.696624
v -3.772809 -2.176738 -3.243617
v -3.912196 -2.048967 -3.040345
v -3.912196 -2.304509 -3.446889
v -4.185163 -2.304509 -3.446889
v -4.185163 -2.054775 -3.040345
v -4.324547 -2.182546 -3.243617
v -4.771747 -2.606514 -3.917319
v -4.632360 -2.734285 -4.114784
v -4.632360 -2.478742 -3.714047
v -4.359396 -2.478742 -3.714047
v -4.359396 -2.734285 -4.114784
v -4.220009 -2.606514 -3.911511
v -4.771747 -2.321932 -3.464312
v -4.632360 -2.449703 -3.661777
v -4.632360 -2.194161 -3.261040
v -4.359396 -2.194161 -3.261040
v -4.359396 -2.443896 -3.661777
v -4.220009 -2.316125 -3.464312
v -1.943361 -1.886349 -2.796418
v -2.082748 -1.758578 -2.593146
v -2.082748 -2.014120 -2.993883
v -2.355712 -2.014120 -2.993883
v -2.355712 -1.764385 -2.593146
v -2.495099 -1.892156 -2.796418
v -2.030478 -1.746962 -2.569915
v -1.891090 -1.868925 -2.767379
v -1.896898 -1.619191 -2.366643
v -1.618124 -1.868925 -2.767379
v -1.618124 -1.613383 -2.366643
v -1.478739 -1.741154 -2.569915
v -2.088554 -1.195223 -1.698748
v -2.361520 -1.450766 -2.099485
v -2.088554 -1.450766 -2.099485
v -2.088554 -1.195223 -1.698748
v -2.088554 -1.450766 -2.099485
v -1.949169 -1.322994 -1.896213
v -2.088554 -1.195223 -1.698748
v -2.361520 -1.195223 -1.698748
v -2.361520 -1.450766 -2.099485
v -2.361520 -1.195223 -1.698748
v -2.500907 -1.322994 -1.902021
v -2.361520 -1.450766 -2.099485
v -2.036286 -1.171993 -1.663902
v -1.896898 -1.299764 -1.867174
v -1.896898 -1.044221 -1.466438
v -1.623932 -1.299764 -1.867174
v -1.623932 -1.044221 -1.466438
v -1.484547 -1.171993 -1.663902
v -5.561605 -1.601768 -2.325988
v -5.288639 -1.601768 -2.325988
v -5.288639 -1.346226 -1.925252
v -5.149252 -1.473997 -2.128524
v -5.288639 -1.346226 -1.925252
v -5.561605 -1.352033 -1.925252
v -5.561605 -1.601768 -2.325988
v -5.700990 -1.479805 -2.128524
v -6.612812 -1.479805 -2.128524
v -6.473424 -1.607576 -2.331796
v -6.479233 -1.352033 -1.925252
v -6.200460 -1.352033 -1.925252
v -6.200460 -1.607576 -2.325988
v -6.066882 -1.479805 -2.128524
v -7.077434 -1.334610 -1.896213
v -6.943854 -1.462381 -2.099485
v -6.943854 -1.206839 -1.698748
v -6.670890 -1.206839 -1.692941
v -6.665082 -1.462381 -2.099485
v -6.531503 -1.334610 -1.896213
v -7.083241 -1.050029 -1.449014
v -6.943854 -1.177800 -1.646479
v -6.943854 -0.922258 -1.245742
v -6.670890 -0.922258 -1.245742
v -6.670890 -1.177800 -1.646479
v -6.531503 -1.050029 -1.443206
v -5.613873 -1.340418 -1.907828
v -5.753261 -1.212647 -1.704556
v -5.753261 -1.468189 -2.111101
v -6.026227 -1.468189 -2.111101
v -6.026227 -1.212647 -1.710364
v -6.165615 -1.340418 -1.907828
v -5.747453 -1.776001 -2.598954
v -6.020419 -2.031543 -2.999691
v -5.747453 -2.031543 -2.999691
v -5.747453 -1.776001 -2.598954
v -5.747453 -2.031543 -2.999691
v -5.613873 -1.903772 -2.796418
v -5.747453 -1.776001 -2.598954
v -6.026227 -1.776001 -2.598954
v -6.020419 -2.031543 -2.999691
v -6.159806 -1.903772 -2.796418
v -5.747453 -2.345163 -3.499159
v -5.741645 -2.600705 -3.899896
v -5.608068 -2.472934 -3.696624
v -5.741645 -2.600705 -3.899896
v -5.747453 -2.345163 -3.499159
v -6.020419 -2.600705 -3.899896
v -6.020419 -2.345163 -3.499159
v -6.153998 -2.472934 -3.702431
v -8.448069 -1.212647 -1.692941
v -8.308683 -1.340418 -1.890405
v -8.308683 -1.084876 -1.489668
v -8.035717 -1.084876 -1.489668
v -8.035717 -1.334610 -1.890405
v -7.896330 -1.206839 -1.692941
v -8.912692 -1.067452 -1.460630
v -8.773305 -1.195223 -1.663902
v -8.773305 -0.939681 -1.257358
v -8.500339 -0.939681 -1.257358
v -8.500339 -1.189416 -1.658094
v -8.360954 -1.061645 -1.460630
v -6.972892 -2.060582 -3.040345
v -7.112282 -1.932811 -2.842880
v -7.112282 -2.188354 -3.243617
v -7.385246 -2.188354 -3.243617
v -7.391054 -1.938619 -2.842880
v -7.524633 -2.066390 -3.046153
v -1.472931 2.260403 3.760561
v -1.606510 2.132632 3.557289
v -1.472931 2.010669 3.354017
v -1.472931 2.010669 3.354017
v -1.194157 2.010669 3.354017
v -1.472931 2.260403 3.760561
v -1.199965 2.266211 3.760561
v -1.060578 2.138440 3.557289
v -1.048964 1.853859 3.104282
v -1.188349 1.975822 3.307554
v -1.188349 1.726088 2.906818
v -1.461315 1.975822 3.307554
v -1.461315 1.720280 2.906818
v -1.461315 1.975822 3.307554
v -1.600702 1.848051 3.104282
v -1.461315 1.720280 2.906818
v -1.182543 0.837498 1.501336
v -1.455507 0.837498 1.501336
v -1.176735 0.581956 1.100600
v -1.182543 0.837498 1.501336
v -1.176735 0.581956 1.100600
v -1.043156 0.709727 1.303872
v -1.176735 0.581956 1.100600
v -1.455507 0.837498 1.501336
v -1.455507 0.581956 1.100600
v -1.594894 0.709727 1.303872
v -3.801850 1.557662 2.651276
v -3.941234 1.679626 2.854548
v -3.935426 1.429891 2.453812
v -4.214201 1.424084 2.448004
v -4.214201 1.679626 2.854548
v -4.347780 1.551855 2.651276
v -5.131830 1.964207 3.301747
v -5.265409 1.836435 3.098474
v -5.126022 1.708664 2.901010
v -5.131830 1.964207 3.301747
v -5.126022 1.708664 2.901010
v -4.853056 1.964207 3.301747
v -4.853056 1.708664 2.901010
v -4.719477 1.836435 3.104282
v -3.796041 1.267273 2.198269
v -3.935426 1.395045 2.401541
v -3.935426 1.139502 2.000805
v -4.208393 1.139502 2.000805
v -4.208393 1.395045 2.401541
v -4.347780 1.267273 2.198269
v -3.935426 0.825882 1.501336
v -3.929621 0.570340 1.100600
v -3.796041 0.698111 1.298064
v -3.929621 0.570340 1.100600
v -3.935426 0.825882 1.501336
v -4.202585 0.570340 1.094792
v -4.208393 0.825882 1.501336
v -4.208393 0.825882 1.501336
v -4.341972 0.698111 1.298064
v -4.202585 0.570340 1.094792
v -3.470805 1.249850 2.169230
v -3.470805 0.994308 1.768494
v -3.331420 1.122079 1.971766
v -3.470805 0.994308 1.768494
v -3.470805 1.249850 2.169230
v -3.743771 0.994308 1.768494
v -3.743771 1.249850 2.169230
v -3.883158 1.122079 1.971766
v -3.470805 0.965269 1.722032
v -3.464997 0.709727 1.315488
v -3.331420 0.837498 1.518760
v -3.464997 0.709727 1.315488
v -3.470805 0.965269 1.722032
v -3.743771 0.709727 1.315488
v -3.743771 0.965269 1.722032
v -3.877350 0.837498 1.518760
v -5.259601 0.976885 1.745263
v -5.120214 0.849114 1.547798
v -5.126022 1.104656 1.948535
v -4.847248 1.104656 1.948535
v -4.847248 0.849114 1.547798
v -4.713668 0.976885 1.751070
v -2.971337 1.697049 2.871972
v -2.831950 1.569278 2.674507
v -2.831950 1.824820 3.075244
v -2.558986 1.824820 3.075244
v -2.558986 1.575086 2.674507
v -2.419599 1.702857 2.877779
v -3.435958 1.842243 3.104282
v -3.296571 1.714472 2.906818
v -3.302379 1.970014 3.307554
v -3.023607 1.970014 3.307554
v -3.023607 1.720280 2.906818
v -2.890028 1.848051 3.104282
v -2.105978 1.679626 2.842932
v -2.105978 1.429891 2.442196
v -1.972399 1.557662 2.645468
v -2.105978 1.429891 2.442196
v -2.105978 1.679626 2.842932
v -2.378944 1.424084 2.442196
v -2.384752 1.679626 2.842932
v -2.384752 1.679626 2.842932
v -2.518329 1.551855 2.645468
v -2.378944 1.424084 2.442196
v -2.111786 1.970014 3.295939
v -2.384752 1.714472 2.895202
v -2.111786 1.714472 2.895202
v -2.111786 1.970014 3.295939
v -2.111786 1.714472 2.895202
v -1.972399 1.842243 3.092667
v -2.111786 1.970014 3.295939
v -2.384752 1.964207 3.295939
v -2.384752 1.714472 2.895202
v -2.524137 1.836435 3.092667
v -1.966591 0.709727 1.303872
v -2.100170 0.831690 1.507144
v -2.100170 0.581956 1.100600
v -2.373136 0.576148 1.100600
v -2.378944 0.831690 1.501336
v -2.512523 0.703919 1.303872
v -2.047899 0.558725 1.071561
v -1.908514 0.430954 0.874097
v -1.908514 0.686496 1.274833
v -1.635548 0.436762 0.874097
v -1.635548 0.686496 1.274833
v -1.496161 0.564533 1.071561
v -6.636044 1.395045 2.413157
v -6.496657 1.267273 2.215693
v -6.496657 1.522816 2.616429
v -6.223691 1.522816 2.616429
v -6.223691 1.267273 2.215693
v -6.084303 1.395045 2.413157
v -6.961278 1.371814 2.384118
v -7.100666 1.244043 2.180846
v -6.961278 1.116272 1.977574
v -6.961278 1.371814 2.384118
v -6.961278 1.116272 1.977574
v -6.688312 1.371814 2.384118
v -6.688312 1.122079 1.983381
v -6.548927 1.249850 2.180846
v -7.919562 1.383429 2.407349
v -8.053142 1.511200 2.604813
v -8.053142 1.255658 2.204077
v -8.331913 1.511200 2.604813
v -8.326105 1.255658 2.204077
v -8.465492 1.383429 2.401541
v -7.141320 1.807397 3.063628
v -7.414284 1.551855 2.662891
v -7.141320 1.551855 2.662891
v -7.141320 1.807397 3.063628
v -7.141320 1.551855 2.662891
v -7.001933 1.679626 2.866163
v -7.141320 1.807397 3.063628
v -7.414284 1.807397 3.063628
v -7.414284 1.551855 2.662891
v -7.553671 1.679626 2.866163
v -7.600133 0.802652 1.478105
v -7.594328 0.547109 1.077369
v -7.460749 0.674880 1.280641
v -7.594328 0.547109 1.077369
v -7.600133 0.802652 1.478105
v -7.873100 0.547109 1.077369
v -7.873100 0.796844 1.478105
v -8.012487 0.669072 1.280641
v -7.408478 0.686496 1.298064
v -7.135512 0.686496 1.298064
v -7.135512 0.942038 1.698801
v -6.996125 0.814267 1.501336
v -7.135512 0.942038 1.698801
v -7.408478 0.942038 1.698801
v -7.408478 0.686496 1.298064
v -7.547863 0.814267 1.501336
v -5.271215 2.690179 4.457494
v -5.137636 2.568215 4.254222
v -5.137636 2.817950 4.654959
v -4.864672 2.823757 4.660767
v -4.858864 2.568215 4.254222
v -4.725285 2.695986 4.457494
v -3.807655 2.701794 4.457494
v -3.947042 2.823757 4.660767
v -3.947042 2.574023 4.260031
v -4.220009 2.568215 4.260031
v -4.220009 2.823757 4.660767
v -4.220009 2.823757 4.660767
v -4.359396 2.695986 4.457494
v -4.220009 2.568215 4.260031
v -3.749579 2.138440 3.574712
v -3.476613 2.138440 3.574712
v -3.476613 2.393982 3.975449
v -3.343034 2.266211 3.777984
v -3.476613 2.393982 3.975449
v -3.755387 2.393982 3.975449
v -3.749579 2.138440 3.574712
v -3.888966 2.266211 3.777984
v -4.400050 3.247725 5.328661
v -4.673014 3.247725 5.328661
v -4.673014 2.992183 4.927925
v -4.812401 3.119954 5.125389
v -4.400050 3.247725 5.328661
v -4.673014 2.992183 4.927925
v -4.400050 2.992183 4.927925
v -4.400050 3.247725 5.328661
v -4.400050 2.992183 4.927925
v -4.260663 3.119954 5.125389
v -4.812401 3.404535 5.578395
v -4.673014 3.276764 5.375124
v -4.678823 3.532306 5.781668
v -4.400050 3.532306 5.781668
v -4.400050 3.276764 5.380930
v -4.266471 3.404535 5.578395
v -2.390558 2.585639 4.271646
v -2.117594 2.585639 4.271646
v -2.117594 2.841181 4.672381
v -1.978207 2.713410 4.474918
v -2.117594 2.841181 4.672381
v -2.390558 2.841181 4.672381
v -2.390558 2.585639 4.271646
v -2.529945 2.713410 4.474918
v -2.059515 2.568215 4.242606
v -1.925936 2.440444 4.039335
v -1.925936 2.695986 4.440071
v -1.647164 2.440444 4.039335
v -1.652973 2.695986 4.445879
v -1.513585 2.568215 4.242606
v -2.071132 3.706540 6.043018
v -1.931745 3.584577 5.845553
v -1.931745 3.834311 6.246290
v -1.658778 3.584577 5.845553
v -1.658778 3.840119 6.246290
v -1.519393 3.712348 6.048825
v -5.178293 2.841181 4.689806
v -5.317677 2.968952 4.893077
v -5.317677 2.713410 4.486533
v -5.590644 2.713410 4.486533
v -5.596452 2.963145 4.887269
v -5.730031 2.835373 4.689806
v -5.184098 3.410343 5.590012
v -5.323485 3.538114 5.793283
v -5.323485 3.282572 5.392547
v -5.596452 3.282572 5.392547
v -5.596452 3.538114 5.793283
v -5.735839 3.410343 5.590012
v -8.941730 2.684371 4.463302
v -8.802343 2.556600 4.260031
v -8.802343 2.812142 4.666575
v -8.529377 2.812142 4.666575
v -8.529377 2.556600 4.260031
v -8.389992 2.684371 4.463302
v -7.007741 2.544984 4.236799
v -7.147126 2.672756 4.434264
v -7.147126 2.417213 4.033526
v -7.420094 2.417213 4.033526
v -7.420094 2.672756 4.434264
v -7.559479 2.544984 4.230991
v -7.483979 3.549730 5.816514
v -7.617556 3.671693 6.019787
v -7.617556 3.421959 5.619050
v -7.890524 3.416151 5.619050
v -7.896330 3.671693 6.019787
v -8.029909 3.543922 5.816514
v -8.343530 3.236110 5.334469
v -8.477106 3.108339 5.131196
v -8.337722 2.986375 4.933732
v -8.343530 3.236110 5.334469
v -8.337722 2.986375 4.933732
v -8.064757 3.241918 5.334469
v -8.064757 2.986375 4.933732
v -7.925368 3.114146 5.137005
v -8.343530 3.811080 6.234674
v -8.482917 3.683308 6.037210
v -8.343530 3.555537 5.833937
v -8.343530 3.811080 6.234674
v -8.343530 3.555537 5.833937
v -8.070563 3.811080 6.234674
v -8.070563 3.555537 5.833937
v -8.070563 3.811080 6.234674
v -8.070563 3.555537 5.833937
v -7.931179 3.683308 6.037210
v -8.808151 3.665885 6.013978
v -8.947538 3.538114 5.816514
v -8.808151 3.416151 5.613243
v -8.808151 3.665885 6.013978
v -8.808151 3.416151 5.613243
v -8.535188 3.671693 6.019787
v -8.535188 3.416151 5.613243
v -8.395798 3.543922 5.816514
v -1.473600 3.121514 5.117250
v -1.194923 2.871866 4.716655
v -1.200729 3.121514 5.117250
v -1.061390 2.999593 4.914050
v -1.194923 2.871866 4.716655
v -1.473600 3.121514 5.117250
v -1.467794 2.866061 4.716655
v -1.607130 2.993788 4.914050
v -4.376471 -0.193566 -0.107918
v -4.649340 -0.193566 -0.107918
v -4.649340 -0.449019 -0.508515
v -4.788678 -0.321293 -0.311120
v -4.376471 -0.193566 -0.107918
v -4.649340 -0.449019 -0.508515
v -4.376471 -0.449019 -0.508515
v -4.376471 -0.193566 -0.107918
v -4.376471 -0.449019 -0.508515
v -4.237133 -0.321293 -0.311120
v -3.418522 -0.745112 -0.984586
v -3.279186 -0.872838 -1.187787
v -3.279186 -0.617386 -0.787190
v -3.006315 -0.617386 -0.787190
v -3.006315 -0.872838 -1.187787
v -2.866976 -0.745112 -0.984586
v -2.094813 -0.605774 -0.769773
v -2.089008 -0.861227 -1.170370
v -1.955475 -0.733500 -0.972974
v -2.089008 -0.861227 -1.170370
v -2.094813 -0.605774 -0.769773
v -2.367685 -0.861227 -1.170370
v -2.367685 -0.605774 -0.769773
v -2.501215 -0.733500 -0.972974
v -2.361876 -1.163125 -1.646441
v -2.089008 -1.163125 -1.646441
v -2.089008 -0.907673 -1.245844
v -1.949669 -1.035399 -1.449045
v -2.089008 -0.907673 -1.245844
v -2.361876 -0.907673 -1.245844
v -2.361876 -1.163125 -1.646441
v -2.501215 -1.035399 -1.449045
v -3.766867 -2.753899 -4.148716
v -3.906205 -2.626173 -3.951321
v -3.906205 -2.881626 -4.351917
v -4.179076 -2.881626 -4.351917
v -4.179076 -2.626173 -3.951321
v -4.179076 -2.626173 -3.951321
v -4.318412 -2.753899 -4.148716
v -4.179076 -2.881626 -4.351917
v -3.766867 -3.038381 -4.601564
v -3.906205 -2.910655 -4.398363
v -3.906205 -3.166107 -4.798959
v -4.179076 -3.166107 -4.798959
v -4.179076 -2.910655 -4.398363
v -4.318412 -3.038381 -4.601564
v -3.302409 -2.887432 -4.369335
v -3.441745 -2.759705 -4.166133
v -3.441745 -3.015158 -4.566730
v -3.714616 -3.015158 -4.566730
v -3.714616 -2.765511 -4.166133
v -3.853954 -2.893237 -4.369335
v -5.229914 -3.044186 -4.601564
v -5.090578 -3.171913 -4.804765
v -5.096384 -2.916460 -4.404169
v -4.817707 -2.916460 -4.398363
v -4.817707 -3.166107 -4.804765
v -4.817707 -2.916460 -4.398363
v -4.817707 -3.166107 -4.804765
v -4.684174 -3.038381 -4.601564
v -2.849560 -3.317056 -5.042801
v -2.988898 -3.189330 -4.845405
v -2.988898 -3.444783 -5.246001
v -3.261767 -3.444783 -5.246001
v -3.261767 -3.189330 -4.845405
v -3.401105 -3.317056 -5.042801
v -1.885807 -3.038381 -4.618981
v -2.019340 -3.166107 -4.816377
v -1.880001 -3.293833 -5.019578
v -1.880001 -3.293833 -5.019578
v -1.607130 -3.293833 -5.019578
v -1.885807 -3.038381 -4.618981
v -1.607130 -3.038381 -4.613176
v -1.473600 -3.166107 -4.816377
v -2.930841 -3.746681 -5.722073
v -2.791503 -3.868602 -5.919467
v -2.797308 -3.618955 -5.518871
v -2.518632 -3.613149 -5.518871
v -2.518632 -3.868602 -5.919467
v -2.379296 -3.740876 -5.722073
v -7.052917 -2.759705 -4.142911
v -6.919386 -2.881626 -4.340306
v -6.919386 -2.631979 -3.939709
v -6.646515 -2.631979 -3.939709
v -6.646515 -2.881626 -4.340306
v -6.507177 -2.753899 -4.142911
v -5.549230 -3.311250 -5.019578
v -5.276361 -3.311250 -5.019578
v -5.276361 -3.055798 -4.618981
v -5.137023 -3.183524 -4.822183
v -5.276361 -3.055798 -4.618981
v -5.549230 -3.055798 -4.618981
v -5.549230 -3.311250 -5.019578
v -5.688569 -3.183524 -4.822183
v -7.563825 -3.775710 -5.745295
v -7.836694 -4.031163 -6.145892
v -7.563825 -4.031163 -6.145892
v -7.563825 -3.775710 -5.745295
v -7.563825 -4.031163 -6.145892
v -7.424484 -3.903436 -5.948496
v -7.563825 -3.775710 -5.745295
v -7.842499 -3.775710 -5.745295
v -7.836694 -4.031163 -6.145892
v -7.976032 -3.903436 -5.948496
v -8.295348 -3.067410 -4.624787
v -8.428879 -3.195136 -4.827988
v -8.295348 -3.322862 -5.025383
v -8.295348 -3.067410 -4.624787
v -8.295348 -3.322862 -5.025383
v -8.022477 -3.067410 -4.624787
v -8.016672 -3.322862 -5.025383
v -7.883139 -3.195136 -4.827988
v -1.038168 0.404426 0.826807
v -1.177506 0.532152 1.024202
v -1.177506 0.276699 0.623605
v -1.456181 0.532152 1.024202
v -1.450375 0.276699 0.623605
v -1.589713 0.404426 0.826807
v -5.247333 -0.466436 -0.537544
v -5.113801 -0.594163 -0.734939
v -5.113801 -0.338710 -0.334342
v -4.840930 -0.338710 -0.334342
v -4.835124 -0.594163 -0.734939
v -4.701591 -0.466436 -0.537544
v -2.036757 -0.878644 -1.205204
v -1.897418 -1.006370 -1.402599
v -1.903224 -0.750918 -1.002003
v -1.624547 -1.006370 -1.402599
v -1.624547 -0.750918 -1.002003
v -1.485211 -0.878644 -1.199398
v -7.087751 0.102527 0.373959
v -6.954220 -0.025200 0.176563
v -6.954220 0.230253 0.577159
v -6.681349 0.230253 0.577159
v -6.675544 -0.025200 0.176563
v -6.542013 0.102527 0.379764
v -6.989055 -0.327098 -0.299508
v -7.128393 -0.199372 -0.102113
v -7.122587 -0.454825 -0.502709
v -7.401261 -0.199372 -0.102113
v -7.401261 -0.454825 -0.502709
v -7.534794 -0.327098 -0.305314
v -8.504353 -0.634803 -0.781385
v -8.777224 -0.634803 -0.781385
v -8.777224 -0.890256 -1.181981
v -8.916562 -0.762529 -0.978780
v -8.777224 -0.890256 -1.181981
v -8.504353 -0.890256 -1.181981
v -8.504353 -0.634803 -0.781385
v -8.365017 -0.762529 -0.978780
v -7.598659 0.514734 1.024202
v -7.592854 0.259282 0.623605
v -7.459321 0.387008 0.826807
v -7.592854 0.259282 0.623605
v -7.598659 0.514734 1.024202
v -7.871528 0.259282 0.623605
v -7.871528 0.508929 1.024202
v -8.005060 0.381203 0.826807
v -7.453515 0.102527 0.373959
v -7.592854 0.224447 0.577159
v -7.592854 -0.025200 0.170757
v -7.865722 -0.031006 0.170757
v -7.871528 0.224447 0.571354
v -8.005060 0.096721 0.373959
v -3.859760 -1.749505 -2.569554
v -3.720421 -1.877232 -2.766949
v -3.726227 -1.621779 -2.366353
v -3.447553 -1.621779 -2.366353
v -3.447553 -1.877232 -2.766949
v -3.314020 -1.749505 -2.563748
v -5.241525 -1.325686 -1.890282
v -5.107995 -1.453413 -2.093483
v -5.107995 -1.197960 -1.692887
v -4.835124 -1.197960 -1.692887
v -4.829318 -1.453413 -2.093483
v -4.695785 -1.325686 -1.890282
v -5.235719 -2.184936 -3.243020
v -5.102189 -2.312663 -3.446221
v -5.102189 -2.057210 -3.045625
v -4.829318 -2.057210 -3.045625
v -4.823512 -2.306857 -3.446221
v -4.689980 -2.179131 -3.243020
v -1.612936 -2.155908 -3.219797
v -1.891613 -1.900455 -2.819201
v -1.891613 -2.155908 -3.219797
v -2.030951 -2.028182 -3.016596
v -1.618742 -1.900455 -2.819201
v -1.891613 -1.900455 -2.819201
v -1.612936 -2.155908 -3.219797
v -1.618742 -1.900455 -2.819201
v -1.612936 -2.155908 -3.219797
v -1.479406 -2.028182 -3.016596
v -2.942453 -2.318469 -3.469444
v -2.803114 -2.446195 -3.672645
v -2.803114 -2.190742 -3.272049
v -2.530243 -2.190742 -3.272049
v -2.530243 -2.446195 -3.672645
v -2.390907 -2.318469 -3.469444
v -6.663932 -1.749505 -2.552137
v -6.942609 -1.499858 -2.151540
v -6.942609 -1.755311 -2.557942
v -7.076139 -1.627585 -2.354741
v -6.942609 -1.499858 -2.151540
v -6.663932 -1.749505 -2.552137
v -6.669738 -1.499858 -2.151540
v -6.530402 -1.621779 -2.354741
v -5.148634 -1.761117 -2.575360
v -5.287973 -1.633391 -2.377964
v -5.282167 -1.888844 -2.778561
v -5.560842 -1.888844 -2.778561
v -5.560842 -1.633391 -2.377964
v -5.694374 -1.761117 -2.575360
v -6.617487 -1.197960 -1.675469
v -6.478148 -1.319880 -1.878670
v -6.478148 -1.070234 -1.478074
v -6.205280 -1.064428 -1.478074
v -6.205280 -1.319880 -1.878670
v -6.065942 -1.192154 -1.675469
v -6.199474 -1.639196 -2.377964
v -6.478148 -1.639196 -2.377964
v -6.472343 -1.894649 -2.778561
v -6.611681 -1.766923 -2.581165
v -6.472343 -1.894649 -2.778561
v -6.199474 -1.894649 -2.778561
v -6.199474 -1.639196 -2.377964
v -6.060136 -1.766923 -2.581165
v -8.765613 -2.080433 -3.063042
v -8.904950 -2.208160 -3.266243
v -8.765613 -2.335886 -3.463638
v -8.765613 -2.080433 -3.063042
v -8.765613 -2.335886 -3.463638
v -8.492741 -2.080433 -3.063042
v -8.492741 -2.335886 -3.463638
v -8.353405 -2.208160 -3.266243
v -8.899145 -2.492641 -3.713285
v -8.765613 -2.620367 -3.916487
v -8.765613 -2.364914 -3.515890
v -8.492741 -2.364914 -3.515890
v -8.486936 -2.620367 -3.916487
v -8.492741 -2.364914 -3.515890
v -8.486936 -2.620367 -3.916487
v -8.353405 -2.492641 -3.713285
v -3.023732 2.256457 3.752901
v -3.296603 2.256457 3.752901
v -3.017926 2.001005 3.352305
v -3.023732 2.256457 3.752901
v -3.017926 2.001005 3.352305
v -2.884393 2.128731 3.555506
v -3.017926 2.001005 3.352305
v -3.296603 2.256457 3.752901
v -3.296603 2.001005 3.352305
v -3.430133 2.128731 3.555506
v -3.882982 1.414625 2.429191
v -3.743644 1.286899 2.225991
v -3.749450 1.542351 2.626587
v -3.470775 1.542351 2.626587
v -3.470775 1.286899 2.225991
v -3.337243 1.414625 2.429191
v -4.794484 1.124337 1.982149
v -4.660951 1.002417 1.778948
v -4.660951 1.252064 2.179545
v -4.388083 1.257870 2.179545
v -4.382277 1.002417 1.778948
v -4.248744 1.130143 1.982149
v -2.054174 1.704912 2.876234
v -1.914835 1.577186 2.673033
v -1.920641 1.832638 3.079435
v -1.641964 1.577186 2.673033
v -1.641964 1.832638 3.079435
v -1.508434 1.704912 2.876234
v -6.942609 0.799216 1.477049
v -7.081945 0.677295 1.279655
v -6.942609 0.549569 1.082259
v -6.942609 0.799216 1.477049
v -6.942609 0.549569 1.082259
v -6.669738 0.805022 1.477049
v -6.669738 0.549569 1.082259
v -6.536208 0.677295 1.279655
v -7.105170 1.826833 3.096852
v -6.965832 1.699106 2.893651
v -6.965832 1.954559 3.294247
v -6.692961 1.954559 3.300053
v -6.692961 1.699106 2.893651
v -6.553625 1.826833 3.096852
v -6.042719 0.845662 1.546719
v -5.769848 0.845662 1.546719
v -5.769848 1.101115 1.947314
v -5.630512 0.973388 1.744114
v -5.769848 1.101115 1.947314
v -6.042719 1.101115 1.947314
v -6.042719 0.845662 1.546719
v -6.182057 0.973388 1.744114
v -5.166051 0.828245 1.511884
v -5.305390 0.955971 1.715085
v -5.305390 0.700518 1.314488
v -5.578259 0.700518 1.314488
v -5.578259 0.955971 1.715085
v -5.717597 0.828245 1.511884
v -1.061390 3.284074 5.366898
v -1.200729 3.411801 5.570099
v -1.200729 3.156348 5.163697
v -1.473600 3.405995 5.570099
v -1.473600 3.156348 5.163697
v -1.612936 3.278269 5.366898
v -3.755255 2.970564 4.885021
v -3.894594 2.842837 4.681821
v -3.755255 2.715111 4.484425
v -3.755255 2.970564 4.885021
v -3.755255 2.715111 4.484425
v -3.482387 2.970564 4.885021
v -3.482387 2.715111 4.484425
v -3.482387 2.970564 4.885021
v -3.482387 2.715111 4.484425
v -3.343048 2.842837 4.687626
v -2.843754 3.260852 5.343675
v -2.983092 3.133125 5.140475
v -2.843754 3.005399 4.943078
v -2.843754 3.260852 5.343675
v -2.843754 3.005399 4.943078
v -2.570885 3.260852 5.343675
v -2.570885 3.011204 4.943078
v -2.431547 3.138931 5.140475
v -7.110976 2.691888 4.461202
v -6.971637 2.564162 4.258001
v -6.971637 2.819615 4.664402
v -6.698766 2.564162 4.258001
v -6.698766 2.819615 4.664402
v -6.559431 2.691888 4.461202
v -5.317001 2.680277 4.437979
v -5.589870 2.424824 4.037383
v -5.317001 2.424824 4.037383
v -5.317001 2.680277 4.437979
v -5.317001 2.424824 4.037383
v -5.177663 2.552551 4.240584
v -5.317001 2.680277 4.437979
v -5.589870 2.680277 4.437979
v -5.589870 2.424824 4.037383
v -5.729208 2.552551 4.240584
v -5.781459 2.540939 4.217360
v -5.781459 2.285486 3.816764
v -5.642123 2.413213 4.019965
v -5.781459 2.285486 3.816764
v -5.781459 2.540939 4.217360
v -6.054330 2.285486 3.816764
v -6.054330 2.540939 4.217360
v -6.193669 2.413213 4.019965
v -5.177663 2.268069 3.787735
v -5.317001 2.395796 3.990937
v -5.311195 2.140343 3.584535
v -5.589870 2.140343 3.584535
v -5.589870 2.395796 3.990937
v -5.723403 2.268069 3.787735
v -7.110976 2.976370 4.919856
v -6.971637 2.854449 4.716655
v -6.977443 3.104096 5.117250
v -6.698766 3.109902 5.117250
v -6.698766 2.854449 4.716655
v -6.565236 2.982176 4.919856
v -2.690094 3.700681 5.665358
v -2.573966 3.700681 5.665358
v -2.690094 3.572940 5.462132
v -2.573966 3.572940 5.462132
v -2.568161 3.485842 5.328584
v -2.690094 3.358101 5.125359
v -2.690094 3.485842 5.328584
v -2.568161 3.485842 5.328584
v -2.568161 3.358101 5.125359
v -2.690094 3.358101 5.125359
v -2.742352 3.485842 5.328584
v -2.858483 3.358101 5.125359
v -2.858483 3.485842 5.328584
v -2.742352 3.485842 5.328584
v -2.742352 3.358101 5.125359
v -2.858483 3.358101 5.125359
v -2.864289 3.700681 5.665358
v -2.742352 3.700681 5.665358
v -2.858483 3.572940 5.462132
v -2.742352 3.572940 5.462132
v -3.450739 3.694875 5.665358
v -3.572675 3.567133 5.462132
v -3.572675 3.694875 5.665358
v -3.450739 3.694875 5.665358
v -3.450739 3.567133 5.462132
v -3.572675 3.567133 5.462132
v -3.572675 3.480037 5.328584
v -3.450739 3.480037 5.328584
v -3.566867 3.352295 5.125359
v -3.450739 3.352295 5.125359
v -3.398480 3.480037 5.328584
v -3.282352 3.485842 5.328584
v -3.398480 3.352295 5.125359
v -3.282352 3.352295 5.125359
v -3.404286 3.694875 5.665358
v -3.282352 3.694875 5.665358
v -3.398480 3.567133 5.462132
v -3.282352 3.567133 5.462132
v -2.904933 3.700681 5.665358
v -2.939772 3.358101 5.125359
v -2.939772 3.700681 5.665358
v -2.904933 3.700681 5.665358
v -2.899127 3.358101 5.125359
v -2.939772 3.358101 5.125359
v -2.974611 3.700681 5.665358
v -3.009450 3.358101 5.125359
v -3.009450 3.700681 5.665358
v -2.974611 3.700681 5.665358
v -2.968805 3.358101 5.125359
v -3.009450 3.358101 5.125359
v -3.044289 3.700681 5.665358
v -3.079127 3.358101 5.125359
v -3.084933 3.700681 5.665358
v -3.044289 3.700681 5.665358
v -3.038481 3.358101 5.125359
v -3.079127 3.358101 5.125359
v -3.113966 3.694875 5.665358
v -3.148803 3.352295 5.125359
v -3.154611 3.694875 5.665358
v -3.113966 3.694875 5.665358
v -3.108158 3.358101 5.125359
v -3.148803 3.352295 5.125359
v -3.172030 3.694875 5.665358
v -3.206869 3.352295 5.125359
v -3.212675 3.694875 5.665358
v -3.172030 3.694875 5.665358
v -3.172030 3.352295 5.125359
v -3.206869 3.352295 5.125359
v -2.556547 1.366491 1.984073
v -2.672675 1.238749 1.780846
v -2.672675 1.366491 1.984073
v -2.556547 1.366491 1.984073
v -2.556547 1.238749 1.780846
v -2.672675 1.238749 1.780846
v -2.672675 1.378104 1.978266
v -2.672675 1.366491 1.984073
v -2.672675 1.244556 1.775041
v -2.672675 1.366491 1.984073
v -2.672675 1.238749 1.780846
v -2.672675 1.244556 1.775041
v -2.550741 1.151653 1.647299
v -2.672675 1.023911 1.444074
v -2.672675 1.151653 1.647299
v -2.550741 1.151653 1.647299
v -2.550741 1.023911 1.444074
v -2.672675 1.023911 1.444074
v -2.672675 1.151653 1.647299
v -2.672675 1.023911 1.444074
v -2.672675 1.035524 1.438267
v -2.724933 1.151653 1.641492
v -2.841063 1.023911 1.444074
v -2.841063 1.151653 1.641492
v -2.724933 1.151653 1.641492
v -2.724933 1.023911 1.444074
v -2.841063 1.023911 1.444074
v -2.841063 1.163266 1.641492
v -2.841063 1.151653 1.641492
v -2.841063 1.029717 1.438267
v -2.724933 1.366491 1.984073
v -2.846869 1.238749 1.780846
v -2.846869 1.366491 1.984073
v -2.724933 1.366491 1.984073
v -2.724933 1.238749 1.780846
v -2.846869 1.238749 1.780846
v -2.846869 1.372298 1.978266
v -2.846869 1.366491 1.984073
v -2.846869 1.244556 1.775041
v -3.555255 1.360685 1.978266
v -3.433319 1.366491 1.978266
v -3.555255 1.232943 1.780846
v -3.433319 1.232943 1.780846
v -3.555255 1.151653 1.641492
v -3.433319 1.151653 1.641492
v -3.555255 1.018105 1.438267
v -3.433319 1.023911 1.438267
v -3.433319 1.157459 1.635687
v -3.433319 1.029717 1.432460
v -3.433319 1.151653 1.641492
v -3.381061 1.151653 1.641492
v -3.264933 1.151653 1.641492
v -3.381061 1.023911 1.438267
v -3.264933 1.023911 1.438267
v -3.386869 1.366491 1.978266
v -3.264933 1.366491 1.984073
v -3.386869 1.232943 1.780846
v -3.264933 1.238749 1.780846
v -2.887514 1.366491 1.984073
v -2.922353 1.023911 1.444074
v -2.922353 1.366491 1.984073
v -2.887514 1.366491 1.984073
v -2.881708 1.023911 1.444074
v -2.922353 1.023911 1.444074
v -2.922353 1.372298 1.978266
v -2.922353 1.366491 1.984073
v -2.922353 1.029717 1.438267
v -2.922353 1.366491 1.984073
v -2.922353 1.023911 1.444074
v -2.922353 1.029717 1.438267
v -2.957191 1.366491 1.984073
v -2.992030 1.023911 1.438267
v -2.997836 1.366491 1.984073
v -2.957191 1.366491 1.984073
v -2.951386 1.023911 1.438267
v -2.992030 1.023911 1.438267
v -2.997836 1.372298 1.978266
v -2.997836 1.366491 1.984073
v -2.992030 1.029717 1.438267
v -3.067514 1.366491 1.984073
v -3.026869 1.366491 1.984073
v -3.061708 1.023911 1.438267
v -3.021061 1.023911 1.438267
v -3.096547 1.366491 1.984073
v -3.131383 1.023911 1.438267
v -3.137191 1.366491 1.984073
v -3.096547 1.366491 1.984073
v -3.090739 1.023911 1.438267
v -3.131383 1.023911 1.438267
v -3.154611 1.366491 1.984073
v -3.195255 1.023911 1.438267
v -3.195255 1.366491 1.984073
v -3.154611 1.366491 1.984073
v -3.154611 1.023911 1.438267
v -3.195255 1.023911 1.438267
v -2.655255 -1.095441 -1.906244
v -2.539127 -1.223182 -2.109470
v -2.655255 -1.223182 -2.109470
v -2.539127 -1.095441 -1.906244
v -2.539127 -1.223182 -2.109470
v -2.655255 -1.095441 -1.906244
v -2.655255 -1.008344 -1.766890
v -2.661063 -0.880602 -1.563664
v -2.539127 -1.008344 -1.766890
v -2.539127 -0.880602 -1.563664
v -2.829450 -1.008344 -1.766890
v -2.829450 -0.880602 -1.563664
v -2.707514 -1.008344 -1.766890
v -2.707514 -0.880602 -1.563664
v -2.829450 -1.095441 -1.906244
v -2.707514 -1.223182 -2.109470
v -2.823644 -1.223182 -2.109470
v -2.707514 -1.095441 -1.906244
v -2.707514 -1.223182 -2.109470
v -2.829450 -1.095441 -1.906244
v -3.537836 -1.223182 -2.109470
v -3.537836 -1.095441 -1.906244
v -3.415900 -1.223182 -2.109470
v -3.415900 -1.095441 -1.906244
v -3.537836 -0.886409 -1.569470
v -3.415900 -1.014151 -1.772696
v -3.537836 -1.014151 -1.772696
v -3.415900 -0.880602 -1.569470
v -3.415900 -1.014151 -1.772696
v -3.537836 -0.886409 -1.569470
v -3.369450 -1.008344 -1.772696
v -3.369450 -0.880602 -1.569470
v -3.247514 -1.008344 -1.772696
v -3.247514 -0.880602 -1.569470
v -3.363642 -1.223182 -2.109470
v -3.369450 -1.095441 -1.906244
v -3.247514 -1.223182 -2.109470
v -3.247514 -1.095441 -1.906244
v -2.910739 -0.880602 -1.563664
v -2.864289 -1.223182 -2.109470
v -2.904933 -1.223182 -2.109470
v -2.870094 -0.880602 -1.563664
v -2.864289 -1.223182 -2.109470
v -2.910739 -0.880602 -1.563664
v -2.910739 -0.874796 -1.569470
v -2.904933 -1.223182 -2.109470
v -2.904933 -1.217376 -2.115276
v -2.974611 -1.223182 -2.109470
v -2.980417 -0.880602 -1.569470
v -2.933966 -1.223182 -2.109470
v -2.939772 -0.880602 -1.569470
v -3.050094 -0.880602 -1.569470
v -3.003642 -1.223182 -2.109470
v -3.044289 -1.223182 -2.109470
v -3.009450 -0.880602 -1.569470
v -3.003642 -1.223182 -2.109470
v -3.050094 -0.880602 -1.569470
v -3.119772 -0.880602 -1.569470
v -3.079127 -1.223182 -2.109470
v -3.113966 -1.223182 -2.109470
v -3.079127 -0.880602 -1.569470
v -3.079127 -1.223182 -2.109470
v -3.119772 -0.880602 -1.569470
v -3.177836 -0.880602 -1.569470
v -3.137191 -1.223182 -2.109470
v -3.177836 -1.223182 -2.109470
v -3.137191 -0.880602 -1.569470
v -3.137191 -1.223182 -2.109470
v -3.177836 -0.880602 -1.569470
v -7.991376 3.590359 5.520197
v -7.869440 3.590359 5.520197
v -7.991376 3.462617 5.316972
v -7.869440 3.462617 5.316972
v -7.869440 3.375520 5.183423
v -7.991376 3.247779 4.980198
v -7.991376 3.375520 5.183423
v -7.869440 3.375520 5.183423
v -7.869440 3.247779 4.980198
v -7.991376 3.247779 4.980198
v -8.159762 3.375520 5.183423
v -8.037829 3.375520 5.183423
v -8.159762 3.247779 4.980198
v -8.037829 3.247779 4.980198
v -8.043634 3.590359 5.520197
v -8.159762 3.462617 5.316972
v -8.159762 3.590359 5.520197
v -8.043634 3.590359 5.520197
v -8.037829 3.462617 5.316972
v -8.159762 3.462617 5.316972
v -8.873957 3.584552 5.520197
v -8.752021 3.584552 5.520197
v -8.868152 3.456810 5.316972
v -8.752021 3.456810 5.316972
v -8.752021 3.375520 5.183423
v -8.868152 3.241973 4.980198
v -8.868152 3.369714 5.183423
v -8.752021 3.375520 5.183423
v -8.746213 3.241973 4.980198
v -8.868152 3.241973 4.980198
v -8.699762 3.375520 5.183423
v -8.577829 3.375520 5.183423
v -8.699762 3.241973 4.980198
v -8.577829 3.247779 4.980198
v -8.583634 3.590359 5.520197
v -8.699762 3.456810 5.316972
v -8.699762 3.584552 5.520197
v -8.583634 3.590359 5.520197
v -8.577829 3.456810 5.316972
v -8.699762 3.456810 5.316972
v -8.200407 3.590359 5.520197
v -8.241054 3.247779 4.980198
v -8.241054 3.590359 5.520197
v -8.200407 3.590359 5.520197
v -8.200407 3.247779 4.980198
v -8.241054 3.247779 4.980198
v -8.241054 3.596165 5.514390
v -8.241054 3.247779 4.980198
v -8.241054 3.253585 4.974391
v -8.270084 3.590359 5.520197
v -8.310729 3.247779 4.980198
v -8.310729 3.590359 5.520197
v -8.270084 3.590359 5.520197
v -8.270084 3.247779 4.980198
v -8.310729 3.247779 4.980198
v -8.339763 3.590359 5.520197
v -8.380407 3.247779 4.980198
v -8.380407 3.590359 5.520197
v -8.339763 3.590359 5.520197
v -8.339763 3.247779 4.980198
v -8.380407 3.247779 4.980198
v -8.409440 3.590359 5.520197
v -8.450085 3.247779 4.980198
v -8.450085 3.590359 5.520197
v -8.409440 3.590359 5.520197
v -8.409440 3.247779 4.980198
v -8.450085 3.247779 4.980198
v -8.473312 3.590359 5.520197
v -8.508151 3.247779 4.980198
v -8.513957 3.590359 5.520197
v -8.473312 3.590359 5.520197
v -8.467506 3.247779 4.980198
v -8.508151 3.247779 4.980198
v -7.985570 2.603263 3.964070
v -7.985570 2.736811 4.167295
v -7.863635 2.609070 3.969877
v -7.863635 2.736811 4.167295
v -7.985570 2.945844 4.509875
v -7.863635 2.818102 4.306650
v -7.985570 2.818102 4.306650
v -7.869440 2.951651 4.509875
v -7.863635 2.818102 4.306650
v -7.985570 2.945844 4.509875
v -8.153956 2.945844 4.509875
v -8.037829 2.818102 4.306650
v -8.153956 2.818102 4.306650
v -8.037829 2.945844 4.509875
v -8.037829 2.818102 4.306650
v -8.153956 2.945844 4.509875
v -8.153956 2.603263 3.964070
v -8.153956 2.731004 4.167295
v -8.032023 2.603263 3.964070
v -8.037829 2.736811 4.167295
v -8.862343 2.603263 3.964070
v -8.862343 2.731004 4.167295
v -8.746213 2.603263 3.964070
v -8.746213 2.731004 4.167295
v -8.868152 2.818102 4.300844
v -8.868152 2.945844 4.504069
v -8.746213 2.818102 4.300844
v -8.746213 2.945844 4.504069
v -8.693957 2.818102 4.300844
v -8.693957 2.945844 4.504069
v -8.577829 2.818102 4.300844
v -8.577829 2.945844 4.504069
v -8.693957 2.603263 3.964070
v -8.693957 2.731004 4.167295
v -8.572021 2.603263 3.964070
v -8.577829 2.731004 4.167295
v -8.235246 2.945844 4.509875
v -8.194601 2.603263 3.964070
v -8.235246 2.603263 3.964070
v -8.194601 2.945844 4.509875
v -8.194601 2.603263 3.964070
v -8.235246 2.945844 4.509875
v -8.304924 2.945844 4.504069
v -8.264279 2.603263 3.964070
v -8.304924 2.603263 3.964070
v -8.264279 2.945844 4.509875
v -8.264279 2.603263 3.964070
v -8.304924 2.945844 4.504069
v -8.374601 2.945844 4.504069
v -8.333957 2.603263 3.964070
v -8.374601 2.603263 3.964070
v -8.333957 2.945844 4.504069
v -8.333957 2.603263 3.964070
v -8.374601 2.945844 4.504069
v -8.444279 2.945844 4.504069
v -8.403635 2.603263 3.964070
v -8.444279 2.603263 3.964070
v -8.409440 2.945844 4.504069
v -8.403635 2.603263 3.964070
v -8.444279 2.945844 4.504069
v -8.444279 2.957456 4.504069
v -8.444279 2.945844 4.504069
v -8.444279 2.614877 3.958263
v -8.508151 2.945844 4.504069
v -8.461699 2.603263 3.964070
v -8.502343 2.603263 3.964070
v -8.467506 2.945844 4.504069
v -8.461699 2.603263 3.964070
v -8.508151 2.945844 4.504069
v -7.840409 -0.851570 -1.488181
v -7.956537 -0.979312 -1.691406
v -7.956537 -0.851570 -1.488181
v -7.840409 -0.851570 -1.488181
v -7.840409 -0.979312 -1.691406
v -7.956537 -0.979312 -1.691406
v -7.956537 -1.066409 -1.830760
v -7.840409 -1.060602 -1.830760
v -7.956537 -1.194150 -2.033986
v -7.834601 -1.194150 -2.033986
v -8.008796 -1.066409 -1.830760
v -8.124924 -1.194150 -2.033986
v -8.124924 -1.066409 -1.830760
v -8.008796 -1.066409 -1.830760
v -8.008796 -1.194150 -2.033986
v -8.124924 -1.194150 -2.033986
v -8.130732 -0.851570 -1.493987
v -8.008796 -0.851570 -1.493987
v -8.130732 -0.979312 -1.691406
v -8.008796 -0.979312 -1.691406
v -8.130732 -0.851570 -1.493987
v -8.130732 -0.979312 -1.691406
v -8.130732 -0.967699 -1.697212
v -8.839118 -0.851570 -1.493987
v -8.717182 -0.851570 -1.493987
v -8.839118 -0.979312 -1.697212
v -8.717182 -0.979312 -1.697212
v -8.839118 -1.066409 -1.830760
v -8.717182 -1.066409 -1.830760
v -8.839118 -1.194150 -2.033986
v -8.717182 -1.194150 -2.033986
v -8.548796 -1.066409 -1.830760
v -8.664924 -1.194150 -2.033986
v -8.664924 -1.066409 -1.830760
v -8.548796 -1.066409 -1.830760
v -8.548796 -1.194150 -2.033986
v -8.664924 -1.194150 -2.033986
v -8.670730 -0.851570 -1.493987
v -8.548796 -0.851570 -1.493987
v -8.670730 -0.979312 -1.697212
v -8.548796 -0.979312 -1.697212
v -8.171376 -0.851570 -1.493987
v -8.206215 -1.194150 -2.033986
v -8.206215 -0.851570 -1.493987
v -8.171376 -0.851570 -1.493987
v -8.165568 -1.194150 -2.033986
v -8.206215 -1.194150 -2.033986
v -8.241054 -0.851570 -1.493987
v -8.275893 -1.194150 -2.033986
v -8.281698 -0.851570 -1.493987
v -8.241054 -0.851570 -1.493987
v -8.235246 -1.194150 -2.033986
v -8.275893 -1.194150 -2.033986
v -8.281698 -0.839957 -1.499793
v -8.275893 -1.194150 -2.033986
v -8.275893 -1.182537 -2.039793
v -8.310729 -0.851570 -1.493987
v -8.345569 -1.194150 -2.033986
v -8.351377 -0.851570 -1.493987
v -8.310729 -0.851570 -1.493987
v -8.304924 -1.194150 -2.033986
v -8.345569 -1.194150 -2.033986
v -8.380407 -0.851570 -1.493987
v -8.415246 -1.194150 -2.033986
v -8.421052 -0.851570 -1.493987
v -8.380407 -0.851570 -1.493987
v -8.374601 -1.194150 -2.033986
v -8.415246 -1.194150 -2.033986
v -8.438474 -0.851570 -1.493987
v -8.479118 -1.194150 -2.033986
v -8.479118 -0.851570 -1.493987
v -8.438474 -0.851570 -1.493987
v -8.438474 -1.194150 -2.033986
v -8.479118 -1.194150 -2.033986
v -7.939118 -3.365760 -5.459787
v -7.817184 -3.493502 -5.663013
v -7.939118 -3.493502 -5.663013
v -7.822990 -3.365760 -5.459787
v -7.817184 -3.493502 -5.663013
v -7.939118 -3.365760 -5.459787
v -7.944924 -3.150922 -5.123013
v -7.822990 -3.278663 -5.326239
v -7.939118 -3.278663 -5.326239
v -7.822990 -3.150922 -5.123013
v -7.822990 -3.278663 -5.326239
v -7.944924 -3.150922 -5.123013
v -8.113313 -3.278663 -5.326239
v -8.113313 -3.150922 -5.123013
v -7.991376 -3.278663 -5.326239
v -7.991376 -3.150922 -5.123013
v -8.113313 -3.365760 -5.459787
v -7.991376 -3.493502 -5.663013
v -8.107507 -3.493502 -5.663013
v -7.991376 -3.365760 -5.459787
v -7.991376 -3.493502 -5.663013
v -8.113313 -3.365760 -5.459787
v -8.113313 -3.354147 -5.465594
v -8.107507 -3.493502 -5.663013
v -8.107507 -3.487695 -5.668819
v -8.821696 -3.499308 -5.668819
v -8.821696 -3.365760 -5.465594
v -8.699762 -3.493502 -5.668819
v -8.699762 -3.365760 -5.465594
v -8.821696 -3.156728 -5.123013
v -8.699762 -3.284470 -5.326239
v -8.821696 -3.284470 -5.326239
v -8.699762 -3.150922 -5.123013
v -8.699762 -3.284470 -5.326239
v -8.821696 -3.156728 -5.123013
v -8.653313 -3.284470 -5.326239
v -8.653313 -3.150922 -5.123013
v -8.531376 -3.278663 -5.326239
v -8.531376 -3.150922 -5.123013
v -8.653313 -3.145115 -5.128820
v -8.653313 -3.284470 -5.326239
v -8.653313 -3.272857 -5.332045
v -8.647504 -3.493502 -5.668819
v -8.653313 -3.365760 -5.465594
v -8.531376 -3.493502 -5.663013
v -8.531376 -3.365760 -5.465594
v -8.194601 -3.150922 -5.123013
v -8.148151 -3.493502 -5.663013
v -8.188796 -3.493502 -5.663013
v -8.153956 -3.150922 -5.123013
v -8.148151 -3.493502 -5.663013
v -8.194601 -3.150922 -5.123013
v -8.264279 -3.150922 -5.123013
v -8.217829 -3.493502 -5.663013
v -8.258473 -3.493502 -5.663013
v -8.223635 -3.150922 -5.123013
v -8.217829 -3.493502 -5.663013
v -8.264279 -3.150922 -5.123013
v -8.333957 -3.150922 -5.123013
v -8.287507 -3.493502 -5.663013
v -8.328151 -3.493502 -5.663013
v -8.293312 -3.150922 -5.123013
v -8.287507 -3.493502 -5.663013
v -8.333957 -3.150922 -5.123013
v -8.403635 -3.150922 -5.123013
v -8.357182 -3.493502 -5.663013
v -8.397829 -3.493502 -5.663013
v -8.362990 -3.150922 -5.123013
v -8.357182 -3.493502 -5.663013
v -8.403635 -3.150922 -5.123013
v -8.461699 -3.150922 -5.123013
v -8.421052 -3.493502 -5.663013
v -8.461699 -3.493502 -5.663013
v -8.421052 -3.150922 -5.123013
v -8.421052 -3.493502 -5.663013
v -8.461699 -3.150922 -5.123013
v -2.637836 -3.423824 -5.587529
v -2.521708 -3.551566 -5.790754
v -2.637836 -3.551566 -5.790754
v -2.521708 -3.423824 -5.587529
v -2.521708 -3.551566 -5.790754
v -2.637836 -3.423824 -5.587529
v -2.643644 -3.342534 -5.453980
v -2.643644 -3.214792 -5.250755
v -2.521708 -3.342534 -5.453980
v -2.521708 -3.208986 -5.250755
v -2.812030 -3.214792 -5.250755
v -2.690094 -3.342534 -5.453980
v -2.812030 -3.342534 -5.453980
v -2.690094 -3.214792 -5.250755
v -2.690094 -3.342534 -5.453980
v -2.812030 -3.214792 -5.250755
v -2.812030 -3.429631 -5.587529
v -2.690094 -3.557373 -5.790754
v -2.812030 -3.557373 -5.790754
v -2.690094 -3.423824 -5.587529
v -2.690094 -3.557373 -5.790754
v -2.812030 -3.429631 -5.587529
v -3.520416 -3.557373 -5.790754
v -3.520416 -3.429631 -5.587529
v -3.398480 -3.557373 -5.790754
v -3.398480 -3.429631 -5.587529
v -3.520416 -3.342534 -5.453980
v -3.520416 -3.214792 -5.250755
v -3.398480 -3.342534 -5.453980
v -3.404286 -3.214792 -5.250755
v -3.352030 -3.214792 -5.250755
v -3.230094 -3.342534 -5.453980
v -3.352030 -3.342534 -5.453980
v -3.230094 -3.214792 -5.250755
v -3.230094 -3.342534 -5.453980
v -3.352030 -3.214792 -5.250755
v -3.352030 -3.429631 -5.587529
v -3.230094 -3.557373 -5.790754
v -3.352030 -3.557373 -5.790754
v -3.230094 -3.429631 -5.587529
v -3.230094 -3.557373 -5.790754
v -3.352030 -3.429631 -5.587529
v -2.893319 -3.214792 -5.250755
v -2.846869 -3.557373 -5.790754
v -2.887514 -3.557373 -5.790754
v -2.852675 -3.214792 -5.250755
v -2.846869 -3.557373 -5.790754
v -2.893319 -3.214792 -5.250755
v -2.962997 -3.214792 -5.250755
v -2.916547 -3.557373 -5.790754
v -2.957191 -3.557373 -5.790754
v -2.922353 -3.214792 -5.250755
v -2.916547 -3.557373 -5.790754
v -2.962997 -3.214792 -5.250755
v -3.032675 -3.214792 -5.250755
v -2.992030 -3.557373 -5.790754
v -3.026869 -3.557373 -5.790754
v -2.992030 -3.214792 -5.250755
v -2.992030 -3.557373 -5.790754
v -3.032675 -3.214792 -5.250755
v -3.102353 -3.214792 -5.250755
v -3.061708 -3.557373 -5.790754
v -3.096547 -3.557373 -5.790754
v -3.061708 -3.214792 -5.250755
v -3.061708 -3.557373 -5.790754
v -3.102353 -3.214792 -5.250755
v -3.160416 -3.214792 -5.250755
v -3.119772 -3.557373 -5.790754
v -3.160416 -3.557373 -5.790754
v -3.119772 -3.214792 -5.250755
v -3.119772 -3.557373 -5.790754
v -3.160416 -3.214792 -5.250755
v -1.522999 4.037455 6.193744
v -1.075905 4.037455 6.193744
v -1.522999 3.874875 5.938261
v -1.075905 3.874875 5.938261
v -1.308161 -3.719953 -6.057851
v -1.029452 -3.719953 -6.057851
v -1.308161 -3.876727 -6.313334
v -1.029452 -3.876727 -6.313334
v -8.908795 -3.754791 -6.075270
v -8.630085 -3.754791 -6.075270
v -8.902987 -3.911566 -6.324947
v -8.630085 -3.911566 -6.324947
v -3.623341 3.719114 5.701129
v -2.520419 3.724919 5.706934
v -3.617536 3.318580 5.068400
v -2.520419 3.324384 5.068400
v -3.605927 1.385565 2.020855
v -2.503004 1.391370 2.020855
v -3.600121 0.985031 1.388127
v -2.503004 0.990835 1.388127
v -3.571098 -3.583385 -5.827300
v -3.571098 -3.182851 -5.194571
v -2.468178 -3.577580 -5.827300
v -2.473981 -3.177046 -5.194571
v -3.588512 -1.249836 -2.147026
v -3.588512 -0.849302 -1.514297
v -2.485592 -1.244031 -2.147026
v -2.491395 -0.843497 -1.508493
v -8.923166 3.608822 5.556008
v -7.820246 3.614627 5.561814
v -8.917363 3.208287 4.923279
v -7.820246 3.214093 4.929084
v -8.911557 2.575559 3.924845
v -8.917363 2.976093 4.563380
v -7.814440 2.581363 3.930651
v -7.814440 2.981898 4.563380
v -8.870925 -3.519532 -5.705398
v -8.870925 -3.118998 -5.072670
v -7.768002 -3.513727 -5.699593
v -7.773808 -3.113193 -5.066864
v -8.888337 -0.831887 -1.456249
v -7.791223 -0.826082 -1.450444
v -8.888337 -1.232422 -2.088978
v -7.785417 -1.226617 -2.083173
v -3.316842 -0.893725 -1.217518
v -3.456173 -0.766004 -1.014327
v -3.456173 -1.021445 -1.414905
v -3.729032 -1.021445 -1.414905
v -3.729032 -0.766004 -1.014327
v -3.868363 -0.893725 -1.217518
v -4.640490 -1.346552 -1.919981
v -4.779821 -1.474272 -2.123173
v -4.640490 -1.596187 -2.326364
v -4.640490 -1.346552 -1.919981
v -4.640490 -1.596187 -2.326364
v -4.367633 -1.340747 -1.919981
v -4.367633 -1.596187 -2.326364
v -4.367633 -1.340747 -1.919981
v -4.367633 -1.596187 -2.326364
v -4.228302 -1.468467 -2.123173
v -3.276205 -1.189804 -1.687762
v -3.415536 -1.317525 -1.885148
v -3.276205 -1.445245 -2.088340
v -3.276205 -1.189804 -1.687762
v -3.276205 -1.445245 -2.088340
v -3.003346 -1.189804 -1.687762
v -3.003346 -1.445245 -2.088340
v -2.864015 -1.317525 -1.885148
v -7.392287 -1.613604 -2.326364
v -7.113622 -1.607798 -2.326364
v -7.119428 -1.358163 -1.925787
v -6.980097 -1.480078 -2.128978
v -7.119428 -1.358163 -1.925787
v -7.392287 -1.358163 -1.925787
v -7.392287 -1.613604 -2.326364
v -7.392287 -1.358163 -1.925787
v -7.531618 -1.485883 -2.128978
v -7.392287 -1.613604 -2.326364
v -3.845141 -3.465550 -5.275545
v -3.711615 -3.593270 -5.478736
v -3.711615 -3.337830 -5.078159
v -3.438759 -3.337830 -5.072353
v -3.432953 -3.593270 -5.478736
v -3.299425 -3.465550 -5.275545
v -3.705810 -3.883544 -5.937368
v -3.432953 -3.883544 -5.931563
v -3.432953 -3.628103 -5.530985
v -3.299425 -3.755824 -5.734177
v -3.432953 -3.628103 -5.530985
v -3.711615 -3.628103 -5.530985
v -3.705810 -3.883544 -5.937368
v -3.711615 -3.628103 -5.530985
v -3.845141 -3.755824 -5.734177
v -3.705810 -3.883544 -5.937368
v -4.814655 -3.773240 -5.751594
v -5.087512 -3.773240 -5.757399
v -5.087512 -4.028681 -6.157977
v -5.087512 -3.773240 -5.757399
v -5.226842 -3.900961 -5.954785
v -5.087512 -4.028681 -6.157977
v -5.087512 -4.028681 -6.157977
v -4.814655 -4.022875 -6.157977
v -4.814655 -3.773240 -5.751594
v -4.675324 -3.895155 -5.954785
v -2.933681 -3.175277 -4.816913
v -2.794350 -3.297191 -5.020104
v -2.800155 -3.047556 -4.619527
v -2.521493 -3.041750 -4.619527
v -2.521493 -3.297191 -5.020104
v -2.387968 -3.169471 -4.816913
v -6.649186 -3.779045 -5.757399
v -6.927848 -3.779045 -5.757399
v -6.922043 -4.034487 -6.157977
v -6.927848 -3.779045 -5.757399
v -7.061374 -3.906766 -5.954785
v -6.922043 -4.034487 -6.157977
v -6.922043 -4.034487 -6.157977
v -6.649186 -4.034487 -6.157977
v -6.649186 -3.779045 -5.757399
v -6.509853 -3.906766 -5.954785
v -8.895903 -3.622298 -5.496153
v -8.756572 -3.750018 -5.699344
v -8.756572 -3.494578 -5.298767
v -8.483713 -3.494578 -5.298767
v -8.477907 -3.750018 -5.699344
v -8.344381 -3.622298 -5.496153
v -7.380676 -3.024334 -4.561472
v -7.107817 -3.024334 -4.561472
v -7.107817 -2.768893 -4.160894
v -6.968486 -2.896614 -4.358280
v -7.107817 -2.768893 -4.160894
v -7.380676 -2.768893 -4.160894
v -7.380676 -3.024334 -4.561472
v -7.520007 -2.896614 -4.364086
v -8.489518 -2.925641 -4.393113
v -8.762378 -2.925641 -4.393113
v -8.756572 -3.181082 -4.799497
v -8.762378 -2.925641 -4.393113
v -8.895903 -3.053361 -4.596304
v -8.756572 -3.181082 -4.799497
v -8.756572 -3.181082 -4.799497
v -8.483713 -3.175277 -4.793691
v -8.489518 -2.925641 -4.393113
v -8.350187 -3.047556 -4.596304
v -3.781281 -0.748588 -0.985300
v -3.920612 -0.620868 -0.782108
v -3.920612 -0.876309 -1.188491
v -4.193468 -0.876309 -1.188491
v -4.199274 -0.620868 -0.787914
v -4.199274 -0.620868 -0.787914
v -4.332799 -0.748588 -0.985300
v -4.193468 -0.876309 -1.188491
v -4.785626 -0.040320 0.135157
v -4.652101 -0.168041 -0.068034
v -4.652101 0.087400 0.332543
v -4.379245 0.087400 0.338349
v -4.373439 -0.168041 -0.068034
v -4.239913 -0.040320 0.135157
v -3.427147 0.116428 0.378987
v -3.287816 -0.011293 0.181601
v -3.287816 0.244148 0.582179
v -3.014957 0.244148 0.582179
v -3.009152 -0.005487 0.181601
v -3.014957 0.244148 0.582179
v -3.009152 -0.005487 0.181601
v -2.875626 0.122233 0.378987
v -3.427147 0.400896 0.831814
v -3.287816 0.273176 0.628622
v -3.287816 0.528616 1.029200
v -3.014957 0.534422 1.035005
v -3.014957 0.278981 0.628622
v -2.875626 0.406701 0.831814
v -2.097694 0.244148 0.570567
v -2.097694 -0.011293 0.169990
v -1.958361 0.116428 0.367376
v -2.097694 -0.011293 0.169990
v -2.097694 0.244148 0.570567
v -2.370551 -0.011293 0.169990
v -2.370551 0.238342 0.570567
v -2.509882 0.110622 0.367376
v -2.097694 0.528616 1.023395
v -2.370551 0.273176 0.617012
v -2.097694 0.273176 0.617012
v -2.097694 0.528616 1.023395
v -2.097694 0.273176 0.617012
v -1.964166 0.400896 0.820203
v -2.097694 0.528616 1.023395
v -2.376356 0.528616 1.023395
v -2.370551 0.273176 0.617012
v -2.509882 0.400896 0.820203
v -5.621615 -0.748588 -0.973689
v -5.760946 -0.620868 -0.776302
v -5.755141 -0.876309 -1.176880
v -6.033805 -0.876309 -1.176880
v -6.033805 -0.620868 -0.776302
v -6.033805 -0.620868 -0.776302
v -6.167331 -0.748588 -0.973689
v -6.033805 -0.876309 -1.176880
v -5.290705 -0.766004 -1.002716
v -5.563561 -1.021445 -1.409099
v -5.290705 -1.021445 -1.409099
v -5.290705 -0.766004 -1.002716
v -5.290705 -1.021445 -1.409099
v -5.151371 -0.893725 -1.205907
v -5.290705 -0.766004 -1.002716
v -5.569367 -0.766004 -1.002716
v -5.563561 -1.021445 -1.409099
v -5.702892 -0.893725 -1.205907
v -6.625964 -0.040320 0.146768
v -6.486632 -0.168041 -0.056424
v -6.486632 0.087400 0.344154
v -6.213774 0.087400 0.344154
v -6.213774 -0.168041 -0.056424
v -6.074442 -0.040320 0.146768
v -5.691281 -2.623757 -3.934481
v -5.557755 -2.745671 -4.131867
v -5.557755 -2.496036 -3.731289
v -5.284899 -2.490231 -3.731289
v -5.284899 -2.745671 -4.131867
v -5.145568 -2.617951 -3.934481
v -4.779821 -1.752935 -2.570194
v -4.640490 -1.880656 -2.767580
v -4.640490 -1.625215 -2.367002
v -4.367633 -1.625215 -2.367002
v -4.361828 -1.880656 -2.767580
v -4.228302 -1.752935 -2.570194
v -5.244259 -1.613604 -2.343781
v -5.104928 -1.741324 -2.546972
v -5.104928 -1.485883 -2.140589
v -4.832072 -1.485883 -2.140589
v -4.826266 -1.741324 -2.541167
v -4.692741 -1.613604 -2.343781
v -2.858209 -1.892266 -2.796607
v -2.997540 -1.764546 -2.593416
v -2.997540 -2.019987 -2.993994
v -3.270399 -2.019987 -2.993994
v -3.276205 -1.764546 -2.593416
v -3.409730 -1.892266 -2.796607
v -2.811767 -1.619409 -2.367002
v -2.945292 -1.747130 -2.570194
v -2.805961 -1.874850 -2.773386
v -2.811767 -1.619409 -2.367002
v -2.805961 -1.874850 -2.773386
v -2.533104 -1.619409 -2.367002
v -2.533104 -1.874850 -2.767580
v -2.393773 -1.747130 -2.570194
v -2.951098 -1.178193 -1.670345
v -2.811767 -1.305913 -1.867732
v -2.811767 -1.050473 -1.467154
v -2.538910 -1.050473 -1.467154
v -2.538910 -1.305913 -1.867732
v -2.399577 -1.172388 -1.664540
v -2.800155 -2.478620 -3.719678
v -2.939486 -2.606340 -3.922870
v -2.800155 -2.734061 -4.126061
v -2.800155 -2.478620 -3.719678
v -2.800155 -2.734061 -4.126061
v -2.527299 -2.478620 -3.719678
v -2.527299 -2.728255 -4.120256
v -2.387968 -2.600534 -3.922870
v -7.055568 -2.484425 -3.713872
v -6.922043 -2.612145 -3.911259
v -6.922043 -2.362510 -3.516486
v -6.649186 -2.356704 -3.510681
v -6.649186 -2.612145 -3.911259
v -6.509853 -2.484425 -3.713872
v -7.072985 -1.915489 -2.814024
v -6.939460 -2.043209 -3.011410
v -6.939460 -1.787768 -2.610832
v -6.666601 -1.787768 -2.610832
v -6.660795 -2.043209 -3.011410
v -6.527270 -1.915489 -2.814024
v -6.608547 -2.054820 -3.028826
v -6.469215 -2.176735 -3.232018
v -6.475021 -1.927099 -2.831440
v -6.196357 -1.921294 -2.831440
v -6.196357 -2.176735 -3.232018
v -6.062831 -2.049014 -3.028826
v -6.660795 -2.072237 -3.063659
v -6.939460 -2.072237 -3.063659
v -6.933654 -2.327677 -3.464237
v -7.072985 -2.199957 -3.261045
v -6.660795 -2.072237 -3.063659
v -6.933654 -2.327677 -3.464237
v -6.660795 -2.327677 -3.464237
v -6.660795 -2.072237 -3.063659
v -6.660795 -2.327677 -3.464237
v -6.527270 -2.199957 -3.261045
v -8.495324 -1.509105 -2.163811
v -8.773986 -1.509105 -2.163811
v -8.768183 -1.764546 -2.564389
v -8.773986 -1.509105 -2.163811
v -8.907514 -1.636826 -2.361197
v -8.768183 -1.764546 -2.564389
v -8.768183 -1.764546 -2.564389
v -8.495324 -1.764546 -2.564389
v -8.495324 -1.509105 -2.163811
v -8.355993 -1.636826 -2.361197
v -8.495324 -1.793573 -2.610832
v -8.768183 -1.793573 -2.610832
v -8.768183 -2.049014 -3.017215
v -8.768183 -1.793573 -2.610832
v -8.907514 -1.921294 -2.814024
v -8.768183 -2.049014 -3.017215
v -8.768183 -2.049014 -3.017215
v -8.495324 -2.049014 -3.011410
v -8.495324 -1.793573 -2.610832
v -8.355993 -1.921294 -2.814024
v -7.583864 -1.503300 -2.158005
v -7.578061 -1.758740 -2.558583
v -7.444533 -1.631020 -2.361197
v -7.578061 -1.758740 -2.558583
v -7.583864 -1.503300 -2.158005
v -7.856723 -1.758740 -2.564389
v -7.856723 -1.503300 -2.158005
v -7.990251 -1.631020 -2.361197
v -6.974291 -2.345094 -3.493264
v -7.113622 -2.223179 -3.290073
v -7.107817 -2.472814 -3.696456
v -7.386481 -2.478620 -3.696456
v -7.386481 -2.223179 -3.295878
v -7.520007 -2.350899 -3.493264
v -1.046903 1.283328 2.201906
v -1.186234 1.405243 2.405098
v -1.186234 1.155608 2.004520
v -1.459091 1.405243 2.405098
v -1.459091 1.149802 2.004520
v -1.598422 1.277522 2.201906
v -3.479396 2.113511 3.537165
v -3.473590 1.863876 3.136587
v -3.340065 1.991596 3.333974
v -3.473590 1.863876 3.136587
v -3.479396 2.113511 3.537165
v -3.752253 1.858070 3.136587
v -3.752253 2.113511 3.537165
v -3.885778 1.985790 3.333974
v -2.881432 1.271717 2.196101
v -3.020763 1.399438 2.399292
v -3.020763 1.143997 1.998714
v -3.293620 1.143997 1.998714
v -3.293620 1.393632 2.399292
v -3.432953 1.265912 2.196101
v -2.103498 1.399438 2.399292
v -2.376356 1.143997 1.998714
v -2.103498 1.143997 1.998714
v -2.103498 1.399438 2.399292
v -2.103498 1.143997 1.998714
v -1.964166 1.271717 2.196101
v -2.103498 1.399438 2.399292
v -2.382162 1.399438 2.399292
v -2.376356 1.143997 1.998714
v -2.515687 1.271717 2.196101
v -2.051249 1.132386 1.975493
v -1.911918 1.004665 1.772301
v -1.917724 1.260106 2.172879
v -1.639061 1.004665 1.772301
v -1.639061 1.260106 2.172879
v -1.499730 1.132386 1.975493
v -2.968515 1.411048 2.422514
v -2.829184 1.283328 2.225128
v -2.834989 1.538769 2.625706
v -2.556325 1.544574 2.625706
v -2.556325 1.289134 2.225128
v -2.416994 1.416854 2.422514
v -2.556325 1.254301 2.172879
v -2.829184 1.254301 2.172879
v -2.829184 0.998860 1.772301
v -2.829184 1.254301 2.172879
v -2.968515 1.126580 1.969687
v -2.829184 0.998860 1.772301
v -2.556325 1.254301 2.172879
v -2.829184 0.998860 1.772301
v -2.556325 1.004665 1.772301
v -2.556325 1.254301 2.172879
v -2.556325 1.004665 1.772301
v -2.416994 1.132386 1.975493
v -2.962709 0.557644 1.069838
v -2.823378 0.429923 0.872452
v -2.823378 0.685364 1.273030
v -2.550519 0.685364 1.273030
v -2.550519 0.429923 0.872452
v -2.411188 0.557644 1.069838
v -2.103498 1.120775 1.958076
v -2.376356 0.865334 1.551692
v -2.103498 0.865334 1.551692
v -2.103498 1.120775 1.958076
v -2.103498 0.865334 1.551692
v -1.964166 0.993054 1.754884
v -2.103498 1.120775 1.958076
v -2.376356 1.120775 1.952271
v -2.376356 0.865334 1.551692
v -2.515687 0.993054 1.754884
v -6.625964 0.534422 1.058228
v -6.486632 0.412507 0.860842
v -6.486632 0.662142 1.255613
v -6.219579 0.662142 1.261419
v -6.213774 0.412507 0.860842
v -6.080248 0.540227 1.058228
v -6.637575 1.678100 2.863730
v -6.498241 1.556185 2.666344
v -6.498241 1.805821 3.066922
v -6.225385 1.811626 3.066922
v -6.225385 1.556185 2.666344
v -6.086054 1.683905 2.863730
v -5.639032 1.823237 3.084338
v -5.778363 1.950957 3.287529
v -5.772558 1.695517 2.886952
v -6.051220 1.695517 2.881146
v -6.051220 1.950957 3.287529
v -6.051220 1.950957 3.287529
v -6.190551 1.823237 3.084338
v -6.051220 1.695517 2.881146
v -6.631769 0.824695 1.511055
v -6.492436 0.696975 1.313668
v -6.492436 0.952416 1.714246
v -6.219579 0.952416 1.714246
v -6.219579 0.696975 1.313668
v -6.080248 0.824695 1.511055
v -5.766752 0.813085 1.493638
v -6.039611 0.557644 1.093060
v -5.766752 0.563449 1.093060
v -5.766752 0.813085 1.493638
v -5.766752 0.563449 1.093060
v -5.633227 0.691170 1.296252
v -5.766752 0.813085 1.493638
v -6.045414 0.813085 1.493638
v -6.039611 0.557644 1.093060
v -6.045414 0.813085 1.493638
v -6.178942 0.685364 1.296252
v -6.039611 0.557644 1.093060
v -7.415507 1.515547 2.608289
v -7.136845 1.260106 2.207711
v -7.136845 1.515547 2.608289
v -7.003317 1.387826 2.410903
v -7.136845 1.260106 2.207711
v -7.415507 1.515547 2.608289
v -7.409701 1.260106 2.207711
v -7.549033 1.387826 2.405098
v -8.524352 1.939347 3.281724
v -8.797209 1.939347 3.281724
v -8.797209 1.683905 2.881146
v -8.930735 1.811626 3.078532
v -8.797209 1.683905 2.881146
v -8.518547 1.683905 2.881146
v -8.524352 1.939347 3.281724
v -8.385021 1.811626 3.084338
v -7.601281 1.370410 2.381876
v -7.601281 1.114969 1.981298
v -7.461950 1.242689 2.184489
v -7.601281 1.114969 1.981298
v -7.601281 1.370410 2.381876
v -7.874140 1.114969 1.981298
v -7.879946 1.370410 2.381876
v -8.013471 1.242689 2.178684
v -7.461950 0.958221 1.731663
v -7.601281 1.085942 1.929048
v -7.601281 0.830501 1.528471
v -7.874140 0.830501 1.528471
v -7.874140 1.085942 1.929048
v -8.013471 0.958221 1.731663
v -8.518547 1.080136 1.929048
v -8.791403 1.080136 1.929048
v -8.791403 0.824695 1.528471
v -8.924929 0.952416 1.725857
v -8.791403 0.824695 1.528471
v -8.512741 0.824695 1.528471
v -8.518547 1.080136 1.929048
v -8.379215 0.952416 1.731663
v -1.058514 2.711474 4.466041
v -1.197846 2.839195 4.663427
v -1.192040 2.583754 4.262850
v -1.470702 2.839195 4.663427
v -1.470702 2.583754 4.262850
v -1.604227 2.711474 4.466041
v -3.502619 3.831931 6.242516
v -3.502619 3.576491 5.841938
v -3.363288 3.704211 6.045130
v -3.502619 3.576491 5.841938
v -3.502619 3.831931 6.242516
v -3.775475 3.576491 5.841938
v -3.775475 3.826126 6.242516
v -3.909001 3.704211 6.045130
v -4.808849 2.839195 4.686648
v -4.669518 2.711474 4.483458
v -4.675324 2.966916 4.884035
v -4.402467 2.966916 4.884035
v -4.396662 2.711474 4.483458
v -4.402467 2.966916 4.884035
v -4.396662 2.711474 4.483458
v -4.263134 2.839195 4.686648
v -4.216691 1.997402 3.357195
v -3.943835 1.997402 3.357195
v -3.943835 2.252842 3.757773
v -3.804503 2.125122 3.554582
v -3.943835 2.252842 3.757773
v -4.216691 2.252842 3.757773
v -4.216691 1.997402 3.357195
v -4.356022 2.125122 3.554582
v -3.955446 3.680989 6.010298
v -3.949640 3.425548 5.609719
v -3.816112 3.553269 5.812911
v -3.949640 3.425548 5.609719
v -3.955446 3.680989 6.010298
v -4.228302 3.425548 5.609719
v -4.228302 3.680989 6.010298
v -4.361828 3.553269 5.812911
v -4.402467 3.820320 6.230906
v -4.681129 3.820320 6.230906
v -4.675324 3.564879 5.830328
v -4.681129 3.820320 6.230906
v -4.814655 3.692600 6.027713
v -4.675324 3.564879 5.830328
v -4.675324 3.564879 5.830328
v -4.402467 3.564879 5.830328
v -4.402467 3.820320 6.230906
v -4.268939 3.692600 6.027713
v -1.650673 3.013360 4.942089
v -1.929335 3.268800 5.342668
v -1.929335 3.013360 4.942089
v -2.068666 3.141080 5.145282
v -1.929335 3.268800 5.342668
v -1.650673 3.013360 4.942089
v -1.656476 3.268800 5.342668
v -1.517145 3.141080 5.145282
v -2.974320 2.276064 3.786800
v -2.834989 2.148343 3.589414
v -2.840795 2.403785 3.989992
v -2.562130 2.403785 3.989992
v -2.562130 2.154149 3.589414
v -2.428605 2.281869 3.792606
v -1.975778 2.142538 3.571998
v -2.115109 2.270259 3.769384
v -2.109303 2.014818 3.368806
v -2.387968 2.014818 3.368806
v -2.387968 2.270259 3.769384
v -2.521493 2.142538 3.571998
v -2.985932 3.704211 6.045130
v -2.846598 3.576491 5.841938
v -2.846598 3.831931 6.242516
v -2.573742 3.831931 6.242516
v -2.573742 3.582296 5.841938
v -2.434411 3.710016 6.045130
v -2.985932 3.419743 5.592303
v -2.846598 3.292022 5.394917
v -2.846598 3.547463 5.795496
v -2.573742 3.547463 5.795496
v -2.567936 3.292022 5.394917
v -2.434411 3.419743 5.592303
v -2.068666 3.425548 5.592303
v -1.929335 3.297828 5.394917
v -1.929335 3.553269 5.795496
v -1.656476 3.297828 5.394917
v -1.656476 3.553269 5.795496
v -1.656476 3.553269 5.795496
v -1.656476 3.297828 5.394917
v -1.517145 3.425548 5.598109
v -6.649186 3.692600 6.045130
v -6.509853 3.564879 5.841938
v -6.509853 3.820320 6.242516
v -6.236996 3.820320 6.242516
v -6.236996 3.570685 5.841938
v -6.103471 3.692600 6.045130
v -6.190551 2.694058 4.466041
v -6.057025 2.566338 4.262850
v -6.057025 2.821779 4.663427
v -5.778363 2.566338 4.262850
v -5.784169 2.821779 4.663427
v -5.644838 2.694058 4.466041
v -7.107817 2.397979 4.001604
v -6.968486 2.270259 3.804217
v -6.968486 2.525699 4.204794
v -6.695627 2.525699 4.204794
v -6.695627 2.276064 3.804217
v -6.556298 2.403785 4.007409
v -6.509853 2.961110 4.889841
v -6.643381 2.833390 4.686648
v -6.509853 2.705669 4.489264
v -6.509853 2.961110 4.889841
v -6.509853 2.705669 4.489264
v -6.236996 2.961110 4.889841
v -6.231191 2.711474 4.489264
v -6.097665 2.839195 4.686648
v -6.649186 3.402326 5.586498
v -6.509853 3.280411 5.389111
v -6.515658 3.535852 5.789690
v -6.236996 3.535852 5.789690
v -6.236996 3.280411 5.389111
v -6.097665 3.408132 5.592303
v -7.113622 3.262995 5.371696
v -6.974291 3.135274 5.168503
v -6.980097 3.390716 5.569082
v -6.701432 3.390716 5.569082
v -6.701432 3.141080 5.168503
v -6.701432 3.390716 5.569082
v -6.701432 3.141080 5.168503
v -6.562101 3.268800 5.371696
v -5.789975 3.675183 6.010298
v -5.789975 3.419743 5.609719
v -5.650644 3.547463 5.812911
v -5.789975 3.419743 5.609719
v -5.789975 3.675183 6.010298
v -6.062831 3.419743 5.609719
v -6.062831 3.675183 6.010298
v -6.202162 3.547463 5.807106
v -7.009123 2.258648 3.780994
v -7.142648 2.386368 3.984186
v -7.142648 2.130927 3.583609
v -7.415507 2.130927 3.583609
v -7.421313 2.386368 3.984186
v -7.554838 2.258648 3.780994
v -1.033441 -0.735558 -0.978737
v -1.172780 -0.607831 -0.775536
v -1.166974 -0.863284 -1.181938
v -1.445648 -0.607831 -0.781342
v -1.445648 -0.863284 -1.181938
v -1.579181 -0.735558 -0.978737
v -2.043642 -0.311738 -0.299465
v -1.904303 -0.433659 -0.502666
v -1.904303 -0.184012 -0.102070
v -1.625626 -0.433659 -0.502666
v -1.631432 -0.178206 -0.096264
v -1.492096 -0.305933 -0.299465
v -5.306469 0.669432 1.262280
v -5.579338 0.669432 1.262280
v -5.579338 0.413980 0.861683
v -5.718676 0.541706 1.059079
v -5.306469 0.669432 1.262280
v -5.579338 0.413980 0.861683
v -5.306469 0.413980 0.861683
v -5.306469 0.669432 1.262280
v -5.306469 0.413980 0.861683
v -5.172936 0.541706 1.059079
v -3.471854 1.830581 3.085284
v -3.471854 1.575129 2.684687
v -3.338322 1.702855 2.882082
v -3.471854 1.575129 2.684687
v -3.471854 1.830581 3.085284
v -3.744723 1.575129 2.684687
v -3.750529 1.830581 3.085284
v -3.884062 1.702855 2.882082
v -4.383356 0.971331 1.732545
v -4.656225 0.971331 1.732545
v -4.656225 0.715878 1.326143
v -4.656225 0.971331 1.732545
v -4.795563 0.837799 1.529344
v -4.656225 0.715878 1.326143
v -4.656225 0.715878 1.326143
v -4.383356 0.715878 1.331949
v -4.383356 0.971331 1.732545
v -4.244018 0.843605 1.529344
v -5.579338 1.273230 2.214422
v -5.306469 1.273230 2.214422
v -5.306469 1.528683 2.615018
v -5.172936 1.400956 2.417623
v -5.306469 1.528683 2.615018
v -5.585143 1.528683 2.615018
v -5.579338 1.273230 2.214422
v -5.718676 1.400956 2.417623
v -3.756335 3.003342 4.943121
v -3.483466 3.003342 4.943121
v -3.483466 3.258794 5.343718
v -3.344127 3.131068 5.140517
v -3.483466 3.258794 5.343718
v -3.762140 3.258794 5.343718
v -3.756335 3.003342 4.943121
v -3.762140 3.258794 5.343718
v -3.895673 3.131068 5.140517
v -3.756335 3.003342 4.943121
v -7.013356 3.409744 5.599171
v -7.152695 3.537470 5.802372
v -7.152695 3.282017 5.401776
v -7.425563 3.282017 5.395970
v -7.425563 3.537470 5.802372
v -7.564904 3.409744 5.599171
v -2.937726 -2.889489 -4.369292
v -2.798388 -3.011409 -4.566687
v -2.798388 -2.761762 -4.166090
v -2.525517 -2.755956 -4.166090
v -2.525517 -3.011409 -4.566687
v -2.386181 -2.883683 -4.369292
v -3.466049 0.384951 0.803626
v -3.460243 0.129498 0.397224
v -3.326710 0.257225 0.600425
v -3.460243 0.129498 0.397224
v -3.466049 0.384951 0.803626
v -3.738918 0.129498 0.397224
v -3.738918 0.384951 0.803626
v -3.872450 0.257225 0.600425
v -2.960949 0.257225 0.600425
v -2.821610 0.129498 0.397224
v -2.821610 0.384951 0.797820
v -2.548742 0.384951 0.803626
v -2.548742 0.135304 0.397224
v -2.409403 0.263030 0.600425
v -2.043642 0.263030 0.600425
v -1.904303 0.135304 0.403030
v -1.910109 0.390757 0.803626
v -1.631432 0.135304 0.403030
v -1.631432 0.390757 0.803626
v -1.497902 0.263030 0.600425
v -2.949337 -1.461275 -2.116663
v -2.809999 -1.589002 -2.319864
v -2.809999 -1.333549 -1.919268
v -2.537130 -1.333549 -1.919268
v -2.537130 -1.589002 -2.319864
v -2.397792 -1.461275 -2.116663
v -2.809999 -1.908318 -2.819158
v -2.943532 -2.036044 -3.022359
v -2.804193 -2.163771 -3.219754
v -2.809999 -1.908318 -2.819158
v -2.804193 -2.163771 -3.219754
v -2.531322 -1.902512 -2.819158
v -2.531322 -2.157965 -3.219754
v -2.391986 -2.030238 -3.022359
v -6.641789 1.964113 3.317513
v -6.502453 1.836387 3.114312
v -6.502453 2.091840 3.514908
v -6.229582 2.091840 3.514908
v -6.223776 1.842193 3.114312
v -6.090243 1.969919 3.317513
v -7.895832 -1.774786 -2.586928
v -8.035168 -1.652865 -2.389533
v -8.029362 -1.902512 -2.790129
v -8.308039 -1.652865 -2.389533
v -8.302234 -1.908318 -2.790129
v -8.308039 -1.652865 -2.389533
v -8.441569 -1.780592 -2.586928
v -8.302234 -1.908318 -2.790129
v -2.815805 -0.758781 -1.001960
v -2.949337 -0.886507 -1.205161
v -2.815805 -1.008428 -1.402557
v -2.815805 -0.758781 -1.001960
v -2.815805 -1.008428 -1.402557
v -2.542936 -0.752975 -1.001960
v -2.537130 -1.008428 -1.402557
v -2.403598 -0.880701 -1.205161
v -5.149714 -1.188406 -1.675427
v -5.289052 -1.060679 -1.472226
v -5.289052 -1.316132 -1.878628
v -5.561921 -1.316132 -1.878628
v -5.561921 -1.066485 -1.472226
v -5.701259 -1.194211 -1.675427
v -6.026381 -1.182600 -1.658009
v -5.753510 -1.182600 -1.658009
v -5.753510 -0.927147 -1.257413
v -5.619980 -1.054873 -1.454808
v -5.753510 -0.927147 -1.257413
v -6.032187 -0.927147 -1.257413
v -6.026381 -1.182600 -1.658009
v -6.165720 -1.054873 -1.454808
v -1.149557 -3.470063 -5.292405
v -1.149557 -3.725516 -5.698807
v -1.010219 -3.597789 -5.495606
v -1.149557 -3.470063 -5.292405
v -1.422426 -3.470063 -5.298210
v -1.149557 -3.725516 -5.698807
v -1.422426 -3.725516 -5.698807
v -1.561764 -3.597789 -5.495606
v -1.010219 -3.882271 -5.948454
v -1.149557 -3.754545 -5.745253
v -1.143751 -4.009997 -6.145849
v -1.422426 -3.754545 -5.745253
v -1.422426 -4.009997 -6.145849
v -1.555958 -3.882271 -5.948454
v -3.709889 -3.301697 -5.019535
v -3.437021 -3.301697 -5.019535
v -3.437021 -3.046244 -4.618938
v -3.303488 -3.173970 -4.816334
v -3.437021 -3.046244 -4.618938
v -3.715695 -3.046244 -4.618938
v -3.709889 -3.301697 -5.019535
v -3.715695 -3.046244 -4.618938
v -3.849228 -3.173970 -4.822140
v -3.709889 -3.301697 -5.019535
v -2.873861 -0.172401 -0.078847
v -3.013200 -0.044674 0.124354
v -3.007394 -0.300127 -0.276242
v -3.286071 -0.300127 -0.276242
v -3.286071 -0.044674 0.124354
v -3.419601 -0.172401 -0.078847
v -6.676623 -0.056286 0.124354
v -6.949494 -0.056286 0.124354
v -6.949494 -0.311738 -0.276242
v -6.949494 -0.056286 0.124354
v -7.088832 -0.184012 -0.073041
v -6.949494 -0.311738 -0.276242
v -6.949494 -0.311738 -0.276242
v -6.676623 -0.305933 -0.276242
v -6.676623 -0.056286 0.124354
v -6.537287 -0.178206 -0.073041
v -5.161325 -0.033063 0.147577
v -5.300663 0.088858 0.350778
v -5.294858 -0.160789 -0.055624
v -5.573532 -0.166595 -0.055624
v -5.573532 0.088858 0.344972
v -5.573532 0.088858 0.344972
v -5.707065 -0.038868 0.147577
v -5.573532 -0.166595 -0.055624
v -5.236801 -1.896706 -2.795935
v -5.103268 -2.024433 -2.993330
v -5.103268 -1.768980 -2.592734
v -4.830397 -1.768980 -2.592734
v -4.824592 -2.024433 -2.993330
v -4.830397 -1.768980 -2.592734
v -4.824592 -2.024433 -2.993330
v -4.691059 -1.896706 -2.795935
v -4.191767 -1.449664 -2.093440
v -3.918895 -1.449664 -2.093440
v -3.918895 -1.194211 -1.687038
v -3.779557 -1.321938 -1.890239
v -3.918895 -1.194211 -1.687038
v -4.191767 -1.194211 -1.687038
v -4.191767 -1.449664 -2.093440
v -4.191767 -1.194211 -1.687038
v -4.331102 -1.321938 -1.890239
v -4.191767 -1.449664 -2.093440
v -4.778146 -1.188406 -1.675427
v -4.638808 -1.316132 -1.872822
v -4.644613 -1.060679 -1.472226
v -4.365939 -1.060679 -1.472226
v -4.365939 -1.310326 -1.872822
v -4.232406 -1.182600 -1.669621
v -3.309294 -2.036044 -3.022359
v -3.448632 -1.908318 -2.824964
v -3.442826 -2.163771 -3.225560
v -3.721500 -2.163771 -3.225560
v -3.721500 -1.914124 -2.824964
v -3.721500 -1.914124 -2.824964
v -3.860839 -2.041850 -3.022359
v -3.721500 -2.163771 -3.225560
v -3.413795 -1.606419 -2.337281
v -3.274459 -1.728340 -2.540482
v -3.274459 -1.478693 -2.139886
v -3.001588 -1.472887 -2.139886
v -3.001588 -1.728340 -2.540482
v -3.001588 -1.472887 -2.139886
v -3.001588 -1.728340 -2.540482
v -2.862250 -1.600613 -2.337281
v -3.407990 -2.181188 -3.254589
v -3.268654 -2.308914 -3.451984
v -3.268654 -2.053462 -3.051388
v -2.995783 -2.053462 -3.051388
v -2.995783 -2.308914 -3.451984
v -2.856444 -2.181188 -3.254589
v -8.035168 -1.368384 -1.942491
v -8.308039 -1.368384 -1.942491
v -8.308039 -1.623836 -2.343087
v -8.441569 -1.496110 -2.145692
v -8.308039 -1.623836 -2.343087
v -8.029362 -1.623836 -2.343087
v -8.035168 -1.368384 -1.942491
v -7.895832 -1.496110 -2.139886
v -1.463068 1.691243 2.853054
v -1.184391 1.435791 2.452457
v -1.190197 1.691243 2.858860
v -1.050858 1.563517 2.655658
v -1.184391 1.435791 2.452457
v -1.463068 1.691243 2.853054
v -1.463068 1.435791 2.452457
v -1.596598 1.563517 2.655658
v -4.389162 1.818970 3.073672
v -4.662030 1.818970 3.067866
v -4.662030 1.563517 2.667269
v -4.662030 1.818970 3.067866
v -4.801369 1.691243 2.870471
v -4.662030 1.563517 2.667269
v -4.389162 1.818970 3.073672
v -4.662030 1.563517 2.667269
v -4.389162 1.563517 2.667269
v -4.389162 1.818970 3.073672
v -4.389162 1.563517 2.667269
v -4.249823 1.691243 2.870471
v -1.915914 1.546100 2.626630
v -2.055253 1.418373 2.423429
v -1.915914 1.290647 2.226033
v -1.915914 1.290647 2.226033
v -1.643046 1.290647 2.226033
v -1.915914 1.546100 2.626630
v -1.643046 1.546100 2.626630
v -1.503707 1.418373 2.423429
v -7.466206 1.528683 2.632436
v -7.605544 1.656409 2.835636
v -7.605544 1.400956 2.429234
v -7.878412 1.400956 2.429234
v -7.878412 1.656409 2.835636
v -8.017751 1.528683 2.632436
v -7.408146 0.971331 1.749962
v -7.135278 0.971331 1.749962
v -7.135278 1.226784 2.150559
v -6.995939 1.099057 1.953163
v -7.135278 1.226784 2.150559
v -7.413952 1.226784 2.150559
v -7.408146 0.971331 1.749962
v -7.413952 1.226784 2.150559
v -7.547487 1.099057 1.947357
v -7.408146 0.971331 1.749962
v -8.458986 0.530095 1.059079
v -8.319651 0.402368 0.855878
v -8.319651 0.657821 1.262280
v -8.046779 0.657821 1.262280
v -8.046779 0.402368 0.861683
v -7.907443 0.535900 1.059079
v -8.458986 0.814576 1.511927
v -8.319651 0.686850 1.308725
v -8.325456 0.942302 1.709322
v -8.052585 0.942302 1.709322
v -8.046779 0.692655 1.308725
v -7.913249 0.820382 1.511927
v -8.511237 0.797159 1.477092
v -8.789914 0.797159 1.477092
v -8.784108 0.541706 1.076496
v -8.789914 0.797159 1.477092
v -8.923447 0.669432 1.279697
v -8.784108 0.541706 1.076496
v -8.784108 0.541706 1.076496
v -8.511237 0.541706 1.076496
v -8.511237 0.797159 1.477092
v -8.377707 0.669432 1.279697
v -5.736093 3.694225 6.046213
v -5.602562 3.572304 5.843011
v -5.602562 3.821952 6.243608
v -5.329691 3.821952 6.243608
v -5.329691 3.572304 5.843011
v -5.196159 3.700031 6.046213
v -3.030617 2.829169 4.658639
v -3.309294 2.829169 4.658639
v -3.303488 2.573716 4.258044
v -3.442826 2.701443 4.455439
v -3.030617 2.829169 4.658639
v -3.303488 2.573716 4.258044
v -3.030617 2.573716 4.258044
v -3.030617 2.829169 4.658639
v -3.030617 2.573716 4.258044
v -2.891278 2.701443 4.461245
v -2.978366 2.562105 4.240627
v -2.839027 2.434379 4.037426
v -2.839027 2.689831 4.443828
v -2.566159 2.689831 4.443828
v -2.566159 2.440184 4.037426
v -2.426820 2.567911 4.240627
v -3.442826 2.411155 4.008397
v -3.303488 2.289235 3.805196
v -3.303488 2.538882 4.205791
v -3.030617 2.544687 4.211597
v -3.030617 2.289235 3.805196
v -2.891278 2.416961 4.008397
v -6.641789 2.260206 3.787778
v -6.502453 2.138285 3.584577
v -6.502453 2.387933 3.985174
v -6.229582 2.393738 3.985174
v -6.229582 2.138285 3.584577
v -6.090243 2.266012 3.787778
v -5.776735 2.254400 3.770361
v -6.049603 1.998948 3.363959
v -5.776735 1.998948 3.369765
v -5.776735 2.254400 3.770361
v -5.776735 1.998948 3.369765
v -5.643202 2.126674 3.567160
v -5.776735 2.254400 3.770361
v -6.055409 2.254400 3.770361
v -6.049603 1.998948 3.363959
v -6.188942 2.126674 3.567160
v -7.924860 2.834975 4.693475
v -8.064197 2.956895 4.890870
v -8.064197 2.707248 4.490273
v -8.342873 2.956895 4.890870
v -8.337068 2.701443 4.490273
v -8.476403 2.829169 4.687669
v -8.528657 3.096234 5.117293
v -8.807331 3.096234 5.117293
v -8.801525 2.840780 4.710892
v -8.940864 2.968507 4.914093
v -8.801525 2.840780 4.710892
v -8.528657 2.846586 4.710892
v -8.528657 3.096234 5.117293
v -8.395123 2.974313 4.914093
v -7.477817 2.689831 4.467050
v -7.611350 2.817557 4.664445
v -7.611350 2.562105 4.263849
v -7.884218 2.562105 4.263849
v -7.890024 2.817557 4.664445
v -8.023557 2.689831 4.467050
v -7.472011 2.120868 3.561354
v -7.611350 2.248595 3.764555
v -7.605544 1.993142 3.363959
v -7.884218 1.993142 3.363959
v -7.884218 2.242789 3.764555
v -8.017751 2.115063 3.561354
v -7.472011 2.405349 4.014202
v -7.611350 2.533076 4.217403
v -7.611350 2.277623 3.811001
v -7.884218 2.277623 3.811001
v -7.884218 2.533076 4.211597
v -8.023557 2.405349 4.014202
v -8.337068 2.387933 3.996785
v -8.470597 2.260206 3.793584
v -8.331262 2.138285 3.590383
v -8.337068 2.387933 3.996785
v -8.331262 2.138285 3.590383
v -8.058391 2.393738 3.996785
v -8.058391 2.138285 3.596189
v -8.058391 2.393738 3.996785
v -8.058391 2.138285 3.596189
v -7.924860 2.266012 3.793584
v -8.801525 2.242789 3.764555
v -8.935058 2.115063 3.561354
v -8.795719 1.987336 3.358153
v -8.801525 2.242789 3.764555
v -8.795719 1.987336 3.358153
v -8.522848 2.242789 3.764555
v -8.522848 1.987336 3.358153
v -8.383512 2.115063 3.561354
v -8.431691 -2.912955 -4.375921
v -8.298141 -3.034892 -4.579149
v -8.298141 -2.785212 -4.172693
v -8.025236 -2.779405 -4.172693
v -8.019428 -3.034892 -4.579149
v -8.025236 -2.779405 -4.172693
v -8.019428 -3.034892 -4.579149
v -7.885880 -2.907149 -4.375921
v -4.785209 -0.607775 -0.752665
v -4.645854 -0.729711 -0.955893
v -4.645854 -0.480032 -0.555245
v -4.372946 -0.474225 -0.555245
v -4.372946 -0.729711 -0.955893
v -4.233591 -0.601968 -0.752665
v -2.956161 -0.596162 -0.752665
v -2.816806 -0.723905 -0.955893
v -2.816806 -0.468419 -0.549438
v -2.543900 -0.468419 -0.549438
v -2.543900 -0.723905 -0.955893
v -2.404545 -0.596162 -0.752665
v -1.429052 -2.901342 -4.393341
v -1.150341 -3.151022 -4.793989
v -1.156146 -2.895535 -4.393341
v -1.016791 -3.023279 -4.596568
v -1.429052 -2.901342 -4.393341
v -1.429052 -3.151022 -4.793989
v -1.150341 -3.151022 -4.793989
v -1.429052 -2.901342 -4.393341
v -1.562601 -3.029085 -4.596568
v -1.429052 -3.151022 -4.793989
v -5.226503 -3.331023 -5.055282
v -5.092953 -3.452960 -5.252702
v -5.092953 -3.203280 -4.852054
v -4.820048 -3.197474 -4.852054
v -4.814240 -3.452960 -5.252702
v -4.680693 -3.325217 -5.055282
v -3.763266 -3.894253 -5.955288
v -3.896813 -3.766510 -5.752061
v -3.896813 -4.021996 -6.152710
v -4.169721 -4.021996 -6.152710
v -4.175527 -3.766510 -5.752061
v -4.309076 -3.894253 -5.955288
v -4.767790 -3.185861 -4.834634
v -4.628434 -3.313603 -5.032055
v -4.628434 -3.058118 -4.631407
v -4.355526 -3.058118 -4.631407
v -4.349721 -3.313603 -5.032055
v -4.216171 -3.185861 -4.834634
v -4.628434 -2.773599 -4.184307
v -4.767790 -2.901342 -4.381728
v -4.628434 -3.029085 -4.584955
v -4.628434 -2.773599 -4.184307
v -4.628434 -3.029085 -4.584955
v -4.355526 -2.773599 -4.178500
v -4.355526 -3.029085 -4.584955
v -4.216171 -2.901342 -4.381728
v -3.397455 -3.894253 -5.955288
v -3.258100 -4.021996 -6.152710
v -3.258100 -3.766510 -5.752061
v -2.985194 -3.766510 -5.752061
v -2.985194 -4.016190 -6.152710
v -2.845839 -3.888447 -5.955288
v -3.403261 -2.744566 -4.137855
v -3.263905 -2.872309 -4.335276
v -3.269713 -2.616824 -3.934627
v -2.991000 -2.616824 -3.934627
v -2.991000 -2.866503 -4.335276
v -2.851645 -2.738760 -4.137855
v -1.940023 -2.744566 -4.149468
v -2.079379 -2.616824 -3.946240
v -2.073573 -2.872309 -4.346889
v -2.352287 -2.872309 -4.346889
v -2.352287 -2.616824 -3.946240
v -2.485834 -2.744566 -4.149468
v -7.067163 -3.331023 -5.043669
v -6.927807 -3.452960 -5.241089
v -6.927807 -3.203280 -4.840441
v -6.654902 -3.197474 -4.840441
v -6.654902 -3.452960 -5.241089
v -6.515546 -3.325217 -5.043669
v -6.016186 -3.174247 -4.805602
v -5.737475 -3.174247 -4.805602
v -5.743280 -2.918761 -4.399148
v -5.603925 -3.046504 -4.602375
v -5.743280 -2.918761 -4.399148
v -6.016186 -2.918761 -4.399148
v -6.016186 -3.174247 -4.805602
v -6.149735 -3.046504 -4.602375
v -8.013622 -3.632961 -5.513995
v -8.292334 -3.632961 -5.513995
v -8.286528 -3.888447 -5.914643
v -8.425883 -3.760704 -5.717222
v -8.013622 -3.632961 -5.513995
v -8.286528 -3.888447 -5.914643
v -8.013622 -3.882640 -5.914643
v -8.013622 -3.632961 -5.513995
v -8.013622 -3.882640 -5.914643
v -7.880073 -3.754897 -5.717222
v -7.572329 -3.203280 -4.846248
v -7.839426 -3.458766 -5.246895
v -7.566520 -3.458766 -5.246895
v -7.572329 -3.203280 -4.846248
v -7.566520 -3.458766 -5.246895
v -7.432971 -3.331023 -5.043669
v -7.572329 -3.203280 -4.846248
v -7.845234 -3.203280 -4.846248
v -7.839426 -3.458766 -5.246895
v -7.978784 -3.331023 -5.043669
v -8.902016 -2.767792 -4.143661
v -8.762661 -2.895535 -4.346889
v -8.762661 -2.640050 -3.946240
v -8.489756 -2.640050 -3.946240
v -8.489756 -2.889729 -4.346889
v -8.350397 -2.761986 -4.143661
v -1.179374 0.245781 0.577023
v -1.452279 0.245781 0.571217
v -1.173566 -0.003899 0.170568
v -1.179374 0.245781 0.577023
v -1.173566 -0.003899 0.170568
v -1.040016 0.123844 0.373796
v -1.173566 -0.003899 0.170568
v -1.452279 0.245781 0.571217
v -1.452279 -0.009705 0.170568
v -1.585827 0.118038 0.373796
v -3.734232 -0.189707 -0.108144
v -3.873588 -0.317450 -0.311371
v -3.734232 -0.445193 -0.508792
v -3.734232 -0.189707 -0.108144
v -3.734232 -0.445193 -0.508792
v -3.461327 -0.189707 -0.108144
v -3.455519 -0.445193 -0.508792
v -3.321972 -0.317450 -0.305565
v -3.925846 0.234168 0.571217
v -4.198751 -0.021318 0.164762
v -3.925846 -0.021318 0.164762
v -3.925846 0.234168 0.571217
v -3.925846 -0.021318 0.164762
v -3.792296 0.106425 0.367989
v -3.925846 0.234168 0.571217
v -4.204560 0.234168 0.565410
v -4.198751 -0.021318 0.164762
v -4.338107 0.106425 0.367989
v -2.956161 -0.027125 0.147342
v -2.822611 -0.154868 -0.050079
v -2.822611 0.100618 0.350570
v -2.549706 0.100618 0.350570
v -2.543900 -0.154868 -0.050079
v -2.410351 -0.027125 0.147342
v -6.625868 0.245781 0.594443
v -6.486513 0.118038 0.397022
v -6.492319 0.373524 0.797670
v -6.213608 0.373524 0.797670
v -6.213608 0.118038 0.397022
v -6.080058 0.245781 0.594443
v -5.162631 0.251587 0.600250
v -5.301987 0.379330 0.797670
v -5.296181 0.123844 0.397022
v -5.574892 0.118038 0.397022
v -5.574892 0.373524 0.797670
v -5.714247 0.245781 0.600250
v -8.780080 -0.352289 -0.328791
v -8.913630 -0.480032 -0.532018
v -8.780080 -0.601968 -0.729439
v -8.780080 -0.352289 -0.328791
v -8.780080 -0.601968 -0.729439
v -8.507174 -0.346482 -0.328791
v -8.501369 -0.601968 -0.729439
v -8.367819 -0.474225 -0.532018
v -7.125226 -0.491645 -0.561051
v -7.125226 -0.741324 -0.961699
v -6.985871 -0.613581 -0.758471
v -7.125226 -0.741324 -0.961699
v -7.125226 -0.491645 -0.561051
v -7.398132 -0.747131 -0.961699
v -7.398132 -0.491645 -0.561051
v -7.537489 -0.619388 -0.758471
v -8.309752 -0.770356 -0.996538
v -8.449108 -0.898100 -1.199766
v -8.309752 -1.025843 -1.402993
v -8.309752 -0.770356 -0.996538
v -8.309752 -1.025843 -1.402993
v -8.036847 -0.770356 -0.996538
v -8.036847 -1.025843 -1.397187
v -7.897492 -0.898100 -1.199766
v -7.456198 -0.183900 -0.079111
v -7.589748 -0.056157 0.124116
v -7.589748 -0.311643 -0.276532
v -7.862653 -0.311643 -0.276532
v -7.868459 -0.061964 0.124116
v -8.002008 -0.189707 -0.079111
v -1.022596 -1.879398 -2.790747
v -1.161952 -1.751655 -2.587519
v -1.161952 -2.007141 -2.988168
v -1.434860 -1.757462 -2.587519
v -1.434860 -2.007141 -2.988168
v -1.574215 -1.885205 -2.790747
v -3.774877 -1.891011 -2.790747
v -3.914232 -1.763268 -2.593326
v -3.914232 -2.018754 -2.993974
v -4.187140 -2.018754 -2.993974
v -4.187140 -1.769075 -2.593326
v -4.326496 -1.896817 -2.790747
v -3.304552 -2.320692 -3.475914
v -3.443908 -2.198756 -3.272686
v -3.443908 -2.448435 -3.673335
v -3.716813 -2.454242 -3.673335
v -3.722619 -2.198756 -3.272686
v -3.856169 -2.326499 -3.475914
v -4.773595 -2.036174 -3.011394
v -4.634240 -2.163917 -3.214621
v -4.634240 -1.908431 -2.813973
v -4.361334 -1.908431 -2.813973
v -4.361334 -2.158110 -3.214621
v -4.361334 -1.908431 -2.813973
v -4.361334 -2.158110 -3.214621
v -4.221979 -2.030367 -3.011394
v -2.032929 -1.461330 -2.117193
v -1.893573 -1.583267 -2.320420
v -1.893573 -1.333587 -1.913965
v -1.620665 -1.583267 -2.314614
v -1.620665 -1.327781 -1.913965
v -1.481310 -1.455523 -2.117193
v -1.614860 -2.442629 -3.667528
v -1.887765 -2.187143 -3.266880
v -1.887765 -2.442629 -3.673335
v -2.027121 -2.314886 -3.470107
v -1.887765 -2.187143 -3.266880
v -1.614860 -2.442629 -3.667528
v -1.614860 -2.187143 -3.266880
v -1.475504 -2.314886 -3.470107
v -6.602643 -2.622630 -3.934627
v -6.463288 -2.750373 -4.132048
v -6.469093 -2.500694 -3.737206
v -6.196188 -2.494887 -3.737206
v -6.190380 -2.750373 -4.132048
v -6.196188 -2.494887 -3.737206
v -6.190380 -2.750373 -4.132048
v -6.056833 -2.622630 -3.934627
v -6.974259 -2.628437 -3.934627
v -7.113615 -2.500694 -3.737206
v -7.113615 -2.756180 -4.137855
v -7.386520 -2.500694 -3.737206
v -7.386520 -2.756180 -4.137855
v -7.520070 -2.628437 -3.934627
v -8.774274 -1.223264 -1.710738
v -8.907825 -1.351007 -1.913965
v -8.774274 -1.478750 -2.111386
v -8.774274 -1.223264 -1.710738
v -8.774274 -1.478750 -2.111386
v -8.501369 -1.223264 -1.710738
v -8.495561 -1.478750 -2.111386
v -8.362014 -1.351007 -1.908159
v -7.438778 -2.204562 -3.261073
v -7.578134 -2.076819 -3.063652
v -7.578134 -2.332305 -3.464300
v -7.851039 -2.332305 -3.464300
v -7.851039 -2.076819 -3.063652
v -7.990397 -2.204562 -3.261073
v -4.663273 1.534824 2.626718
v -4.802629 1.407081 2.423490
v -4.663273 1.279338 2.220263
v -4.663273 1.534824 2.626718
v -4.663273 1.279338 2.220263
v -4.390368 1.534824 2.626718
v -4.384560 1.279338 2.226069
v -4.390368 1.534824 2.626718
v -4.384560 1.279338 2.226069
v -4.251010 1.407081 2.423490
v -4.802629 1.976117 3.317691
v -4.663273 1.848374 3.120270
v -4.669079 2.103861 3.520918
v -4.390368 2.103861 3.520918
v -4.390368 1.848374 3.120270
v -4.251010 1.976117 3.323498
v -2.561320 2.115474 3.526725
v -2.834225 2.109667 3.526725
v -2.834225 1.859988 3.126076
v -2.973581 1.981924 3.323498
v -2.561320 2.115474 3.526725
v -2.834225 1.859988 3.126076
v -2.561320 1.859988 3.126076
v -2.561320 2.115474 3.526725
v -2.561320 1.859988 3.126076
v -2.421964 1.987731 3.323498
v -1.922604 2.115474 3.526725
v -1.916798 1.859988 3.126076
v -1.643893 1.859988 3.126076
v -1.922604 2.115474 3.526725
v -2.056154 1.987731 3.329304
v -1.916798 1.859988 3.126076
v -1.922604 2.115474 3.526725
v -1.643893 1.859988 3.126076
v -1.649699 2.115474 3.526725
v -1.510343 1.987731 3.329304
v -1.910993 0.971593 1.726710
v -2.050348 0.843850 1.523483
v -1.910993 0.721914 1.320255
v -1.910993 0.721914 1.320255
v -1.638087 0.721914 1.320255
v -1.910993 0.971593 1.726710
v -1.638087 0.977400 1.726710
v -1.498729 0.849657 1.523483
v -6.997485 0.536106 1.058963
v -7.136840 0.658042 1.256384
v -7.136840 0.408363 0.855735
v -7.409748 0.658042 1.256384
v -7.403940 0.408363 0.855735
v -7.543295 0.530299 1.058963
v -7.102001 1.534824 2.638330
v -6.962646 1.407081 2.435103
v -6.962646 1.662567 2.841558
v -6.689741 1.407081 2.440910
v -6.689741 1.662567 2.841558
v -6.550385 1.534824 2.638330
v -5.586505 1.842568 3.114464
v -5.313600 1.842568 3.114464
v -5.313600 2.098054 3.520918
v -5.174245 1.970311 3.317691
v -5.313600 2.098054 3.520918
v -5.586505 2.098054 3.520918
v -5.586505 1.842568 3.114464
v -5.586505 2.098054 3.520918
v -5.725861 1.970311 3.317691
v -5.586505 1.842568 3.114464
v -6.631674 1.110949 1.964777
v -6.492319 0.983206 1.761549
v -6.498127 1.238692 2.162197
v -6.219413 1.238692 2.162197
v -6.219413 0.983206 1.761549
v -6.085864 1.110949 1.964777
v -8.332980 1.790310 3.050592
v -8.466530 1.662567 2.847365
v -8.327174 1.540630 2.649943
v -8.332980 1.790310 3.050592
v -8.327174 1.540630 2.649943
v -8.054267 1.796116 3.050592
v -8.054267 1.540630 2.649943
v -7.914911 1.668373 2.853171
v -1.063244 3.567099 5.820292
v -1.202599 3.694842 6.017714
v -1.202599 3.439356 5.617064
v -1.475504 3.694842 6.017714
v -1.475504 3.439356 5.617064
v -1.614860 3.567099 5.814487
v -5.139406 3.108385 5.106092
v -5.272953 2.980642 4.908672
v -5.139406 2.852899 4.705444
v -5.139406 3.108385 5.106092
v -5.139406 2.852899 4.705444
v -4.866500 3.108385 5.106092
v -4.860693 2.852899 4.705444
v -4.727143 2.980642 4.908672
v -3.751652 2.423218 4.026084
v -3.478747 2.429024 4.026084
v -3.478747 2.678704 4.426732
v -3.345197 2.556767 4.229311
v -3.478747 2.678704 4.426732
v -3.757457 2.678704 4.426732
v -3.751652 2.423218 4.026084
v -3.891007 2.550961 4.229311
v -4.808434 2.556767 4.240924
v -4.669079 2.429024 4.037697
v -4.669079 2.684510 4.438346
v -4.396173 2.684510 4.438346
v -4.396173 2.429024 4.037697
v -4.256818 2.556767 4.240924
v -2.120026 3.125805 5.117706
v -2.392931 2.870318 4.717057
v -2.114220 2.870318 4.717057
v -2.120026 3.125805 5.117706
v -2.114220 2.870318 4.717057
v -1.980670 2.998062 4.920284
v -2.120026 3.125805 5.117706
v -2.392931 3.119998 5.117706
v -2.392931 2.870318 4.717057
v -2.526481 2.992255 4.920284
v -2.114220 2.556767 4.223505
v -2.114220 2.301282 3.822856
v -1.974862 2.429024 4.020278
v -2.114220 2.301282 3.822856
v -2.114220 2.556767 4.223505
v -2.387125 2.301282 3.822856
v -2.387125 2.556767 4.223505
v -2.526481 2.429024 4.020278
v -3.449713 3.276774 5.373192
v -3.310358 3.154837 5.169965
v -3.310358 3.404517 5.576420
v -3.037453 3.410323 5.576420
v -3.037453 3.154837 5.169965
v -2.898097 3.282580 5.373192
v -2.398737 3.433549 5.611259
v -2.120026 3.433549 5.611259
v -2.125831 3.689035 6.011907
v -1.986476 3.561292 5.814487
v -2.125831 3.689035 6.011907
v -2.398737 3.689035 6.011907
v -2.398737 3.433549 5.611259
v -2.398737 3.689035 6.011907
v -2.532287 3.561292 5.814487
v -2.398737 3.433549 5.611259
v -7.102001 3.549679 5.820292
v -6.962646 3.421936 5.622871
v -6.968454 3.677422 6.017714
v -6.695546 3.677422 6.017714
v -6.689741 3.427742 5.622871
v -6.556190 3.549679 5.820292
v -8.338786 2.672898 4.444151
v -8.472336 2.545154 4.246731
v -8.332980 2.423218 4.043503
v -8.338786 2.672898 4.444151
v -8.332980 2.423218 4.043503
v -8.060075 2.678704 4.444151
v -8.060075 2.423218 4.043503
v -7.926525 2.550961 4.246731
v -8.478142 3.398710 5.582226
v -8.338786 3.270967 5.384805
v -8.344592 3.526453 5.785453
v -8.065881 3.526453 5.785453
v -8.065881 3.270967 5.384805
v -8.065881 3.526453 5.785453
v -8.065881 3.270967 5.384805
v -7.932331 3.398710 5.588033
v -3.728854 -0.737266 -0.966315
v -3.456039 -0.737266 -0.966315
v -3.456039 -0.481864 -0.565797
v -3.322533 -0.609565 -0.763154
v -3.456039 -0.481864 -0.565797
v -3.734660 -0.481864 -0.565797
v -3.728854 -0.737266 -0.966315
v -3.868165 -0.609565 -0.768959
v -7.437990 -2.490252 -3.711887
v -7.577299 -2.362552 -3.514531
v -7.571494 -2.617954 -3.915048
v -7.850114 -2.617954 -3.915048
v -7.850114 -2.362552 -3.514531
v -7.989426 -2.490252 -3.711887
v -5.226439 -3.616343 -5.505505
v -5.087128 -3.744044 -5.702862
v -5.092934 -3.488642 -5.302345
v -4.814313 -3.482838 -5.302345
v -4.814313 -3.738240 -5.702862
v -4.680807 -3.610539 -5.505505
v -2.074545 -3.186804 -4.843782
v -2.347362 -3.442206 -5.244298
v -2.068742 -3.436401 -5.244298
v -2.074545 -3.186804 -4.843782
v -2.068742 -3.436401 -5.244298
v -1.935236 -3.308700 -5.041138
v -2.074545 -3.186804 -4.843782
v -2.347362 -3.186804 -4.843782
v -2.347362 -3.442206 -5.244298
v -2.480868 -3.314505 -5.041138
v -2.347362 -3.157781 -4.797346
v -2.074545 -3.157781 -4.797346
v -2.074545 -2.902379 -4.396829
v -1.935236 -3.030080 -4.599989
v -2.074545 -2.902379 -4.396829
v -2.347362 -2.902379 -4.396829
v -2.347362 -3.157781 -4.797346
v -2.486671 -3.030080 -4.599989
v -5.603737 -3.331918 -5.052747
v -5.737243 -3.204217 -4.849587
v -5.737243 -3.459620 -5.255908
v -6.010058 -3.459620 -5.255908
v -6.015863 -3.204217 -4.855392
v -6.149369 -3.331918 -5.052747
v -5.603737 -2.757264 -4.153036
v -5.743049 -2.629563 -3.949875
v -5.743049 -2.884965 -4.350392
v -6.015863 -2.884965 -4.350392
v -6.015863 -2.635367 -3.949875
v -6.155172 -2.763068 -4.153036
v -7.432184 -3.616343 -5.493896
v -7.565690 -3.488642 -5.296540
v -7.565690 -3.744044 -5.697057
v -7.838505 -3.744044 -5.697057
v -7.844308 -3.488642 -5.296540
v -7.977814 -3.616343 -5.493896
v -7.107126 -3.053298 -4.611598
v -7.101323 -3.308700 -5.012115
v -6.967817 -3.180999 -4.814759
v -7.101323 -3.308700 -5.012115
v -7.107126 -3.053298 -4.611598
v -7.379943 -3.308700 -5.012115
v -7.379943 -3.059103 -4.611598
v -7.519252 -3.186804 -4.814759
v -3.786901 -0.464450 -0.536775
v -3.926210 -0.336749 -0.333614
v -3.920407 -0.592151 -0.734131
v -4.199028 -0.592151 -0.734131
v -4.199028 -0.336749 -0.333614
v -4.332531 -0.464450 -0.536775
v -5.249657 -0.754680 -0.989533
v -5.110348 -0.882380 -1.186889
v -5.110348 -0.626979 -0.786372
v -4.837531 -0.626979 -0.786372
v -4.837531 -0.882380 -1.186889
v -4.837531 -0.626979 -0.786372
v -4.837531 -0.882380 -1.186889
v -4.698222 -0.754680 -0.989533
v -4.651784 0.371411 0.786672
v -4.791095 0.243711 0.583512
v -4.651784 0.116009 0.386155
v -4.651784 0.371411 0.786672
v -4.651784 0.116009 0.386155
v -4.378969 0.371411 0.786672
v -4.378969 0.116009 0.386155
v -4.378969 0.371411 0.786672
v -4.378969 0.116009 0.386155
v -4.239657 0.243711 0.583512
v -3.009086 -0.330944 -0.333614
v -3.281901 -0.336749 -0.333614
v -3.281901 -0.586346 -0.734131
v -3.421210 -0.464450 -0.536775
v -3.281901 -0.586346 -0.734131
v -3.009086 -0.586346 -0.734131
v -3.009086 -0.330944 -0.333614
v -2.869774 -0.458645 -0.536775
v -7.078102 0.388825 0.827305
v -6.938793 0.261124 0.629949
v -6.944596 0.516526 1.024661
v -6.671784 0.516526 1.024661
v -6.665978 0.261124 0.629949
v -6.532473 0.388825 0.827305
v -6.619540 -0.899794 -1.210107
v -6.480231 -1.027495 -1.407464
v -6.480231 -0.772093 -1.006947
v -6.207414 -0.772093 -1.006947
v -6.207414 -1.021691 -1.407464
v -6.068105 -0.893990 -1.204303
v -8.784656 -0.063933 0.119144
v -8.918159 -0.191634 -0.078212
v -8.778850 -0.319335 -0.281372
v -8.784656 -0.063933 0.119144
v -8.778850 -0.319335 -0.281372
v -8.506032 -0.063933 0.119144
v -8.506032 -0.319335 -0.281372
v -8.366723 -0.191634 -0.078212
v -6.991035 0.249515 0.606730
v -7.130343 0.377216 0.809891
v -7.130343 0.121814 0.403569
v -7.403161 0.121814 0.403569
v -7.403161 0.371411 0.809891
v -7.542472 0.243711 0.606730
v -1.941039 -2.455425 -3.688668
v -2.080350 -2.327724 -3.491312
v -2.080350 -2.583126 -3.891829
v -2.353165 -2.583126 -3.891829
v -2.353165 -2.327724 -3.491312
v -2.492477 -2.455425 -3.688668
v -6.160978 -1.625368 -2.353612
v -6.021669 -1.747265 -2.556773
v -6.027472 -1.497667 -2.156256
v -5.748852 -1.747265 -2.556773
v -5.748852 -1.491863 -2.150451
v -5.609543 -1.619564 -2.353612
v -5.145175 -2.333529 -3.479703
v -5.284484 -2.205827 -3.276542
v -5.278681 -2.461230 -3.677059
v -5.551496 -2.461230 -3.682864
v -5.557302 -2.205827 -3.276542
v -5.690807 -2.333529 -3.479703
v -7.443793 -1.915598 -2.812175
v -7.577299 -1.787897 -2.609014
v -7.577299 -2.043299 -3.015336
v -7.850114 -2.043299 -3.015336
v -7.855920 -1.793701 -2.609014
v -7.989426 -1.921403 -2.812175
v -8.442184 -2.060713 -3.032749
v -8.302873 -2.188414 -3.230105
v -8.302873 -1.933012 -2.829589
v -8.030055 -1.933012 -2.829589
v -8.024252 -2.182609 -3.230105
v -7.890747 -2.054908 -3.032749
v -1.459259 1.120204 1.953395
v -1.180639 0.864802 1.552878
v -1.180639 1.120204 1.953395
v -1.047133 0.992503 1.756039
v -1.459259 1.120204 1.953395
v -1.453453 0.864802 1.552878
v -1.180639 0.864802 1.552878
v -1.459259 1.120204 1.953395
v -1.592765 0.992503 1.750234
v -1.453453 0.864802 1.552878
v -6.184196 1.538135 2.638337
v -6.044887 1.410434 2.440981
v -6.050690 1.665835 2.841498
v -5.772069 1.410434 2.440981
v -5.772069 1.665835 2.841498
v -5.632761 1.538135 2.638337
v -7.095517 0.957675 1.732821
v -6.956208 0.835779 1.529660
v -6.962013 1.085376 1.930177
v -6.683390 1.091181 1.930177
v -6.683390 0.835779 1.529660
v -6.549887 0.963480 1.732821
v -5.168393 1.114399 1.965004
v -5.307704 1.242100 2.168165
v -5.307704 0.986698 1.761844
v -5.580519 0.986698 1.761844
v -5.580519 1.242100 2.168165
v -5.580519 1.242100 2.168165
v -5.719828 1.114399 1.965004
v -5.580519 0.986698 1.761844
v -8.059079 2.077961 3.503221
v -8.331897 2.077961 3.503221
v -8.331897 1.822560 3.102705
v -8.471206 1.950260 3.300061
v -8.059079 2.077961 3.503221
v -8.331897 1.822560 3.102705
v -8.053273 1.822560 3.102705
v -8.059079 2.077961 3.503221
v -8.053273 1.822560 3.102705
v -7.919770 1.950260 3.300061
v -3.943624 2.542329 4.211382
v -3.943624 2.286927 3.805060
v -3.804313 2.414628 4.008222
v -3.943624 2.286927 3.805060
v -3.943624 2.542329 4.211382
v -4.216440 2.286927 3.805060
v -4.222245 2.536525 4.205577
v -4.222245 2.536525 4.205577
v -4.355751 2.408823 4.008222
v -4.216440 2.286927 3.805060
v -2.898798 2.989282 4.913738
v -3.032304 3.116984 5.116898
v -3.032304 2.861581 4.716382
v -3.305119 2.861581 4.716382
v -3.310924 3.116984 5.116898
v -3.444430 2.989282 4.913738
v -2.567936 2.977674 4.890519
v -2.840751 2.977674 4.890519
v -2.840751 2.722271 4.490003
v -2.840751 2.977674 4.890519
v -2.980062 2.849972 4.693163
v -2.840751 2.722271 4.490003
v -2.840751 2.722271 4.490003
v -2.567936 2.722271 4.490003
v -2.567936 2.977674 4.890519
v -2.428627 2.849972 4.693163
v -1.981671 3.279513 5.360691
v -2.120983 3.401409 5.563852
v -2.120983 3.151811 5.163335
v -2.393798 3.146007 5.163335
v -2.393798 3.401409 5.563852
v -2.533109 3.273707 5.360691
v -6.642760 2.548133 4.234600
v -6.503449 2.420433 4.037244
v -6.509254 2.675834 4.437761
v -6.230634 2.675834 4.437761
v -6.230634 2.420433 4.037244
v -6.091322 2.548133 4.234600
v -5.185807 3.128593 5.140116
v -5.319313 3.250489 5.343278
v -5.319313 3.000892 4.936955
v -5.592128 2.995087 4.936955
v -5.597934 3.250489 5.343278
v -5.731440 3.122788 5.140116
v -7.478620 3.262099 5.366496
v -7.617931 3.389799 5.569656
v -7.617931 3.134397 5.163335
v -7.890747 3.134397 5.163335
v -7.890747 3.389799 5.569656
v -7.890747 3.389799 5.569656
v -8.030055 3.262099 5.366496
v -7.890747 3.134397 5.163335
v -9.003415 4.025146 6.225874
v -1.001950 4.060036 6.243320
v -8.945266 -3.941430 -6.357826
v -0.943800 -3.906540 -6.346196
v -8.945266 -4.098435 -6.264786
v -0.943800 -4.063545 -6.247341
v -9.003415 3.873955 6.324729
v -1.001950 3.908845 6.342175
v -9.003415 4.025146 6.225874
v -8.945266 -3.941430 -6.357826
v -8.945266 -4.098435 -6.264786
v -9.003415 4.025146 6.225874
v -8.945266 -4.098435 -6.264786
v -9.003415 3.873955 6.324729
v -8.276538 3.897216 6.010718
v -8.375393 3.897216 6.010718
v -8.369577 3.618095 5.568777
v -8.276538 3.897216 6.010718
v -8.369577 3.618095 5.568777
v -8.270724 3.623909 5.568777
v -8.945266 -4.098435 -6.264786
v -8.945266 -3.941430 -6.357826
v -0.943800 -4.063545 -6.247341
v -0.943800 -3.906540 -6.346196
v -9.003415 4.025146 6.225874
v -9.003415 3.873955 6.324729
v -1.001950 4.060036 6.243320
v -1.001950 3.908845 6.342175
v -0.943800 -4.063545 -6.247341
v -0.943800 -3.906540 -6.346196
v -1.001950 3.908845 6.342175
v -1.001950 4.060036 6.243320
v -9.015065 -0.064299 -0.267120
v -9.015065 -0.354415 -0.320308
v -9.015065 -0.248040 -0.151074
v -9.010231 -0.388262 -0.784494
v -9.010231 -0.572003 -0.663612
v -9.010231 -0.465626 -0.494378
v -9.015065 -0.281886 -0.615260
v -9.010231 -0.388262 -0.784494
v -9.010231 -0.465626 -0.494378
v -8.976384 -0.059464 -0.267120
v -8.971550 -0.572003 -0.663612
v -8.971550 -0.388262 -0.784494
v -8.976384 -0.248040 -0.151074
v -9.015065 -0.248040 -0.151074
v -9.010231 -0.572003 -0.663612
v -8.976384 -0.248040 -0.151074
v -9.010231 -0.572003 -0.663612
v -8.971550 -0.572003 -0.663612
v -9.010231 -0.388262 -0.784494
v -8.971550 -0.572003 -0.663612
v -9.010231 -0.572003 -0.663612
v -8.971550 -0.388262 -0.784494
v -8.971550 -0.572003 -0.663612
v -9.010231 -0.388262 -0.784494
v -8.976384 -0.059464 -0.267120
v -8.971550 -0.388262 -0.784494
v -9.010231 -0.388262 -0.784494
v -8.976384 -0.059464 -0.267120
v -9.010231 -0.388262 -0.784494
v -9.015065 -0.064299 -0.267120
v -8.981220 0.501427 0.622569
v -9.019902 0.317688 0.743451
v -8.976384 0.317688 0.743451
v -0.935333 -0.025617 -0.252614
v -0.935333 -0.214193 -0.136568
v -0.935333 -0.320568 -0.305802
v -0.935333 -0.025617 -0.252614
v -0.935333 -0.320568 -0.305802
v -0.935333 -0.131993 -0.421849
v -0.930499 -0.354415 -0.769988
v -0.930499 -0.431780 -0.479872
v -0.930499 -0.538156 -0.649106
v -0.974015 -0.025617 -0.252614
v -0.974015 -0.354415 -0.769988
v -0.974015 -0.538156 -0.649106
v -0.974015 -0.354415 -0.769988
v -0.930499 -0.538156 -0.649106
v -0.974015 -0.538156 -0.649106
v -0.935333 -0.214193 -0.136568
v -0.974015 -0.214193 -0.136568
v -0.974015 -0.538156 -0.649106
v -0.935333 -0.025617 -0.252614
v -0.974015 -0.214193 -0.136568
v -0.935333 -0.214193 -0.136568
v -0.935333 0.211311 0.124537
v -0.935333 0.027571 0.240583
v -0.978849 0.211311 0.124537
v -0.974015 0.027571 0.240583
v -0.935333 0.027571 0.240583
v -0.940167 0.351534 0.757957
v -0.974015 0.027571 0.240583
v -0.978849 0.351534 0.757957
v -0.940167 0.540109 0.637075
v -0.978849 0.351534 0.757957
v -0.940167 0.351534 0.757957
v -0.940167 0.540109 0.637075
v -0.978849 0.540109 0.637075
v -0.978849 0.351534 0.757957
v -9.015065 -0.064299 -0.267120
v -9.015065 -0.170675 -0.436355
v -9.015065 -0.354415 -0.320308
v -8.976384 -0.059464 -0.267120
v -8.976384 -0.248040 -0.151074
v -8.971550 -0.572003 -0.663612
v -8.976384 -0.059464 -0.267120
v -9.015065 -0.248040 -0.151074
v -8.976384 -0.248040 -0.151074
v -8.976384 -0.059464 -0.267120
v -9.015065 -0.064299 -0.267120
v -9.015065 -0.248040 -0.151074
v -9.019902 0.501427 0.622569
v -9.019902 0.211311 0.574217
v -9.019902 0.317688 0.743451
v -9.019902 0.501427 0.622569
v -9.019902 0.395051 0.453335
v -9.019902 0.211311 0.574217
v -9.015065 0.177465 0.110031
v -9.015065 -0.011111 0.226077
v -9.015065 0.100100 0.395312
v -9.015065 0.283841 0.279265
v -9.015065 0.177465 0.110031
v -9.015065 0.100100 0.395312
v -8.981220 0.501427 0.622569
v -8.976384 -0.006276 0.226077
v -8.976384 0.177465 0.110031
v -8.981220 0.501427 0.622569
v -8.976384 0.317688 0.743451
v -8.976384 -0.006276 0.226077
v -8.981220 0.501427 0.622569
v -9.019902 0.501427 0.622569
v -9.019902 0.317688 0.743451
v -8.976384 0.317688 0.743451
v -9.019902 0.317688 0.743451
v -9.015065 -0.011111 0.226077
v -8.976384 0.317688 0.743451
v -9.015065 -0.011111 0.226077
v -8.976384 -0.006276 0.226077
v -9.015065 0.177465 0.110031
v -8.976384 -0.006276 0.226077
v -9.015065 -0.011111 0.226077
v -8.976384 0.177465 0.110031
v -8.976384 -0.006276 0.226077
v -9.015065 0.177465 0.110031
v -8.981220 0.501427 0.622569
v -8.976384 0.177465 0.110031
v -9.015065 0.177465 0.110031
v -8.981220 0.501427 0.622569
v -9.015065 0.177465 0.110031
v -9.019902 0.501427 0.622569
v -0.935333 -0.243204 -0.600754
v -0.930499 -0.431780 -0.479872
v -0.930499 -0.354415 -0.769988
v -0.974015 -0.025617 -0.252614
v -0.974015 -0.538156 -0.649106
v -0.974015 -0.214193 -0.136568
v -0.930499 -0.354415 -0.769988
v -0.930499 -0.538156 -0.649106
v -0.974015 -0.354415 -0.769988
v -0.935333 -0.214193 -0.136568
v -0.974015 -0.538156 -0.649106
v -0.930499 -0.538156 -0.649106
v -0.935333 -0.025617 -0.252614
v -0.974015 -0.025617 -0.252614
v -0.974015 -0.214193 -0.136568
v -0.935333 -0.025617 -0.252614
v -0.930499 -0.354415 -0.769988
v -0.974015 -0.025617 -0.252614
v -0.974015 -0.025617 -0.252614
v -0.930499 -0.354415 -0.769988
v -0.974015 -0.354415 -0.769988
v -0.930499 -0.431780 -0.479872
v 0.084908 -0.426944 -0.479872
v -0.935333 -0.320568 -0.305802
v 0.084908 -0.315733 -0.300967
v -0.935333 -0.243204 -0.600754
v -0.935333 -0.131993 -0.421849
v 0.084908 -0.238369 -0.595918
v 0.084908 -0.127158 -0.421849
v 0.084908 -0.238369 -0.595918
v 0.084908 -0.426944 -0.479872
v -0.935333 -0.243204 -0.600754
v -0.930499 -0.431780 -0.479872
v 0.084908 -0.315733 -0.300967
v 0.084908 -0.127158 -0.421849
v -0.935333 -0.320568 -0.305802
v -0.935333 -0.131993 -0.421849
v -0.940167 0.351534 0.757957
v -0.935333 0.245158 0.588722
v -0.940167 0.540109 0.637075
v -0.940167 0.433734 0.467840
v -0.935333 0.322523 0.293771
v -0.935333 0.133947 0.409817
v -0.935333 0.211311 0.124537
v -0.935333 0.211311 0.124537
v -0.935333 0.133947 0.409817
v -0.935333 0.027571 0.240583
v -0.978849 0.351534 0.757957
v -0.978849 0.540109 0.637075
v -0.974015 0.027571 0.240583
v -0.978849 0.211311 0.124537
v -0.940167 0.540109 0.637075
v -0.935333 0.211311 0.124537
v -0.978849 0.540109 0.637075
v -0.978849 0.540109 0.637075
v -0.935333 0.211311 0.124537
v -0.978849 0.211311 0.124537
v -0.935333 0.133947 0.409817
v 0.084908 0.138783 0.409817
v -0.935333 0.245158 0.588722
v 0.080072 0.249993 0.588722
v 0.080072 0.438569 0.472676
v 0.084908 0.322523 0.293771
v -0.940167 0.433734 0.467840
v -0.935333 0.322523 0.293771
v 0.084908 0.322523 0.293771
v 0.084908 0.138783 0.409817
v -0.935333 0.322523 0.293771
v -0.935333 0.133947 0.409817
v 0.080072 0.438569 0.472676
v -0.935333 0.245158 0.588722
v 0.080072 0.249993 0.588722
v 0.080072 0.438569 0.472676
v -0.940167 0.433734 0.467840
v -0.935333 0.245158 0.588722
v -2.510121 1.224360 1.750087
v -2.001720 1.224360 1.755864
v -2.510121 1.172365 1.669205
v -2.001720 1.172365 1.674982
v -4.873031 3.916576 6.019503
v -4.919250 -3.819211 -6.199461
v -4.971244 3.910799 6.019503
v -4.873031 3.916576 6.019503
v -4.815258 -3.819211 -6.199461
v -4.919250 -3.819211 -6.199461
v -3.064740 3.922354 6.019503
v -2.972304 3.922354 6.019503
v -3.064740 3.720149 5.701752
v -2.972304 3.720149 5.701752
v -2.995412 3.321516 5.072027
v -3.024298 1.380348 2.004288
v -3.041630 3.321516 5.072027
v -2.995412 3.321516 5.072027
v -2.978080 1.380348 2.004288
v -3.024298 1.380348 2.004288
v -2.619889 0.993269 1.391895
v -2.648776 -0.849686 -1.514080
v -2.660331 0.993269 1.391895
v -2.619889 0.993269 1.391895
v -2.608334 -0.849686 -1.514080
v -2.648776 -0.849686 -1.514080
v -3.035853 -1.254096 -2.155359
v -2.954972 -1.254096 -2.155359
v -3.024298 -3.183710 -5.199989
v -2.943417 -3.183710 -5.199989
v -8.426062 -1.219432 -2.068700
v -8.345180 -1.219432 -2.068700
v -8.414509 -3.125937 -5.084444
v -8.333625 -3.125937 -5.084444
v -8.374066 2.587800 3.939680
v -8.431838 -0.826577 -1.456308
v -8.454948 2.587800 3.939680
v -8.374066 2.587800 3.939680
v -8.350959 -0.826577 -1.456308
v -8.431838 -0.826577 -1.456308
v -8.379846 3.223302 4.950704
v -8.454948 2.986433 4.575180
v -8.460725 3.223302 4.950704
v -8.379846 3.223302 4.950704
v -8.379846 2.992211 4.575180
v -8.454948 2.986433 4.575180
v -4.873031 3.593048 5.511101
v -3.619359 3.598826 5.511101
v -4.873031 3.564162 5.459106
v -3.619359 3.564162 5.459106
v -7.842556 3.356179 5.147132
v -4.971244 3.367735 5.152910
v -7.842556 3.321516 5.100914
v -4.971244 3.338848 5.106691
v -7.854111 2.795782 4.263207
v -4.977023 2.807338 4.268984
v -7.854111 2.761119 4.211212
v -4.977023 2.772673 4.216989
v -4.861476 2.541582 3.847243
v -3.024298 2.547359 3.847243
v -4.861476 2.506918 3.795247
v -3.024298 2.518473 3.801024
v -8.356735 1.969630 2.963317
v -4.942358 1.981185 2.969095
v -8.356735 1.923412 2.893990
v -4.942358 1.940745 2.899767
v -7.784782 -1.103886 -1.895382
v -4.936581 -1.092332 -1.889604
v -7.784782 -1.150104 -1.964709
v -4.936581 -1.138550 -1.958932
v -7.744343 -3.166378 -5.147994
v -4.896139 -3.154824 -5.142217
v -7.744343 -3.206819 -5.217321
v -4.896139 -3.195264 -5.211544
v -7.744343 -3.403247 -5.523517
v -4.896139 -3.391692 -5.517740
v -7.744343 -3.449465 -5.598622
v -4.896139 -3.437911 -5.598622
v -4.826813 -2.265121 -3.738336
v -3.053185 -2.253567 -3.738336
v -4.826813 -2.317116 -3.824995
v -3.053185 -2.311340 -3.824995
v -4.821034 -3.281924 -5.344422
v -3.584696 -3.276146 -5.344422
v -4.821034 -3.333919 -5.431081
v -3.584696 -3.328142 -5.431081
v -1.926615 3.928131 6.019503
v -1.967055 -3.385915 -5.529295
v -2.019052 3.928131 6.019503
v -1.926615 3.928131 6.019503
v -1.868842 -3.385915 -5.529295
v -1.967055 -3.385915 -5.529295
v -2.469679 -3.339697 -5.454190
v -1.961278 -3.339697 -5.448413
v -2.469679 -3.391692 -5.535072
v -1.961278 -3.385915 -5.529295
v -2.954972 -2.415331 -3.992537
v -1.978610 -2.415331 -3.992537
v -2.954972 -2.467327 -4.073419
v -1.978610 -2.461549 -4.073419
v -2.492790 -1.023004 -1.797167
v -1.990165 -1.023004 -1.797167
v -2.492790 -1.075000 -1.878049
v -1.990165 -1.075000 -1.878049
v -2.527452 3.546830 5.430220
v -2.019052 3.552608 5.430220
v -2.521676 3.500612 5.349337
v -2.019052 3.500612 5.349337
v -8.668708 -3.836543 -6.199461
v -1.314222 -3.801879 -6.187906
v -8.668708 -3.882761 -6.280342
v -1.314222 -3.853875 -6.268788
v -8.374066 3.951241 6.094607
v -1.522203 3.980126 6.106162
v -8.374066 3.899245 6.013725
v -1.522203 3.928131 6.025280
v -1.150338 -3.184829 -4.847066
v -1.150338 -3.434558 -5.247793
v -1.016762 -3.306789 -5.044526
v -1.150338 -3.184829 -4.847066
v -1.429105 -3.184829 -4.847066
v -1.150338 -3.434558 -5.247793
v -1.423297 -3.440366 -5.247793
v -1.562682 -3.312598 -5.044526
v -1.156146 -2.609872 -3.941073
v -1.156146 -2.865408 -4.341801
v -1.016762 -2.737640 -4.144341
v -1.156146 -2.609872 -3.941073
v -1.429105 -2.615680 -3.941073
v -1.156146 -2.865408 -4.341801
v -1.429105 -2.865408 -4.341801
v -1.568490 -2.743448 -4.144341
v -3.763781 -3.608787 -5.503330
v -3.903163 -3.481019 -5.300063
v -3.897357 -3.736556 -5.700790
v -4.176125 -3.736556 -5.700790
v -4.176125 -3.481019 -5.300063
v -4.176125 -3.481019 -5.300063
v -4.309699 -3.608787 -5.503330
v -4.176125 -3.736556 -5.700790
v -3.763781 -3.324213 -5.050334
v -3.903163 -3.196445 -4.852874
v -3.903163 -3.451981 -5.253602
v -4.176125 -3.451981 -5.253602
v -4.176125 -3.196445 -4.852874
v -4.315507 -3.324213 -5.050334
v -5.233117 -2.760871 -4.150148
v -5.093732 -2.882831 -4.353416
v -5.099540 -2.633102 -3.952688
v -4.820773 -2.627295 -3.952688
v -4.820773 -2.882831 -4.353416
v -4.687196 -2.755063 -4.150148
v -2.015678 -3.451981 -5.271024
v -1.882103 -3.579749 -5.468484
v -1.882103 -3.324213 -5.067757
v -1.603336 -3.579749 -5.468484
v -1.609142 -3.324213 -5.067757
v -1.469760 -3.451981 -5.265216
v -2.933288 -3.457789 -5.271024
v -2.793903 -3.585557 -5.468484
v -2.793903 -3.330020 -5.067757
v -2.520944 -3.330020 -5.067757
v -2.520944 -3.585557 -5.468484
v -2.381559 -3.457789 -5.271024
v -3.258515 -3.481019 -5.300063
v -3.397899 -3.608787 -5.503330
v -3.258515 -3.736556 -5.700790
v -3.258515 -3.481019 -5.300063
v -3.258515 -3.736556 -5.700790
v -2.985556 -3.481019 -5.300063
v -2.985556 -3.730748 -5.700790
v -2.846171 -3.602980 -5.503330
v -1.934371 -3.591365 -5.485908
v -2.073754 -3.463596 -5.288447
v -2.067948 -3.719133 -5.689175
v -2.346715 -3.719133 -5.689175
v -2.346715 -3.469404 -5.288447
v -2.480289 -3.597172 -5.485908
v -2.015678 -3.742363 -5.718213
v -1.876295 -3.864324 -5.921481
v -1.882103 -3.614595 -5.520753
v -1.603336 -3.864324 -5.921481
v -1.603336 -3.608787 -5.520753
v -1.469760 -3.736556 -5.718213
v -1.928563 -3.875939 -5.938904
v -2.067948 -3.753979 -5.735636
v -2.067948 -4.003707 -6.142171
v -2.340907 -4.009515 -6.142171
v -2.340907 -3.753979 -5.735636
v -2.480289 -3.881747 -5.938904
v -6.928949 -3.492634 -5.300063
v -7.062526 -3.620403 -5.497522
v -6.923141 -3.742363 -5.700790
v -6.923141 -3.742363 -5.700790
v -6.650182 -3.742363 -5.700790
v -6.928949 -3.492634 -5.300063
v -6.650182 -3.486827 -5.300063
v -6.516606 -3.614595 -5.497522
v -6.144916 -3.614595 -5.497522
v -6.011340 -3.742363 -5.694983
v -6.011340 -3.486827 -5.294254
v -5.732573 -3.736556 -5.694983
v -5.738380 -3.486827 -5.294254
v -5.598998 -3.608787 -5.497522
v -5.546728 -3.881747 -5.921481
v -5.267961 -3.881747 -5.921481
v -5.273769 -3.626210 -5.520753
v -5.134387 -3.753979 -5.724021
v -5.273769 -3.626210 -5.520753
v -5.546728 -3.626210 -5.520753
v -5.546728 -3.881747 -5.921481
v -5.680305 -3.753979 -5.724021
v -6.458529 -3.632018 -5.520753
v -6.597914 -3.759786 -5.724021
v -6.458529 -3.887554 -5.927289
v -6.458529 -3.632018 -5.520753
v -6.458529 -3.887554 -5.927289
v -6.185571 -3.632018 -5.520753
v -6.185571 -3.881747 -5.927289
v -6.046185 -3.753979 -5.724021
v -6.191379 -3.341636 -5.073565
v -6.464338 -3.347443 -5.073565
v -6.458529 -3.597172 -5.474292
v -6.597914 -3.475212 -5.271024
v -6.458529 -3.597172 -5.474292
v -6.185571 -3.597172 -5.474292
v -6.191379 -3.341636 -5.073565
v -6.051994 -3.469404 -5.271024
v -6.603720 -3.184829 -4.823835
v -6.464338 -3.312598 -5.021296
v -6.464338 -3.057061 -4.620568
v -6.191379 -3.057061 -4.620568
v -6.191379 -3.312598 -5.021296
v -6.051994 -3.184829 -4.823835
v -6.655991 -2.911870 -4.388262
v -6.928949 -2.917677 -4.388262
v -6.928949 -3.167406 -4.794797
v -6.928949 -2.917677 -4.388262
v -7.068332 -3.045445 -4.591529
v -6.928949 -3.167406 -4.794797
v -6.928949 -3.167406 -4.794797
v -6.655991 -3.167406 -4.788990
v -6.655991 -2.911870 -4.388262
v -6.516606 -3.039638 -4.591529
v -5.140194 -2.894447 -4.370839
v -5.279577 -2.766678 -4.167572
v -5.273769 -3.022215 -4.568299
v -5.552536 -3.022215 -4.568299
v -5.552536 -2.772486 -4.167572
v -5.686112 -2.900254 -4.370839
v -7.103178 -3.632018 -5.526560
v -7.376140 -3.887554 -5.927289
v -7.097370 -3.887554 -5.927289
v -7.103178 -3.632018 -5.526560
v -7.097370 -3.887554 -5.927289
v -6.963796 -3.759786 -5.724021
v -7.103178 -3.632018 -5.526560
v -7.376140 -3.637826 -5.526560
v -7.376140 -3.887554 -5.927289
v -7.509714 -3.765594 -5.729828
v -8.479591 -3.777210 -5.747252
v -8.752551 -3.783017 -5.747252
v -8.752551 -4.032746 -6.147979
v -8.752551 -3.783017 -5.747252
v -8.891935 -3.910785 -5.950519
v -8.752551 -4.032746 -6.147979
v -8.752551 -4.032746 -6.147979
v -8.479591 -4.032746 -6.147979
v -8.479591 -3.777210 -5.747252
v -8.340207 -3.904977 -5.950519
v -7.573598 -2.917677 -4.394070
v -7.567790 -3.173214 -4.794797
v -7.434216 -3.045445 -4.591529
v -7.567790 -3.173214 -4.794797
v -7.573598 -2.917677 -4.394070
v -7.846560 -3.173214 -4.794797
v -7.846560 -2.917677 -4.394070
v -7.980134 -3.045445 -4.597337
v -1.446530 -0.896615 -1.228900
v -1.446530 -1.152152 -1.629628
v -1.173568 -1.146344 -1.629628
v -1.446530 -0.896615 -1.228900
v -1.585912 -1.024383 -1.432168
v -1.446530 -1.152152 -1.629628
v -1.446530 -0.896615 -1.228900
v -1.173568 -1.146344 -1.629628
v -1.173568 -0.896615 -1.228900
v -1.034186 -1.018576 -1.432168
v -1.034186 -0.164851 -0.078986
v -1.173568 -0.037083 0.124282
v -1.173568 -0.292620 -0.276446
v -1.452335 -0.037083 0.124282
v -1.446530 -0.292620 -0.276446
v -1.452335 -0.037083 0.124282
v -1.585912 -0.164851 -0.078986
v -1.446530 -0.292620 -0.276446
v -1.034186 -0.449426 -0.526175
v -1.173568 -0.321658 -0.328715
v -1.173568 -0.577195 -0.729442
v -1.446530 -0.321658 -0.328715
v -1.446530 -0.577195 -0.729442
v -1.585912 -0.449426 -0.526175
v -1.632374 -0.147429 -0.049948
v -1.905333 0.102301 0.350780
v -1.905333 -0.147429 -0.049948
v -2.044716 -0.025468 0.147513
v -1.905333 0.102301 0.350780
v -1.632374 -0.147429 -0.049948
v -1.632374 0.108108 0.350780
v -1.492990 -0.019660 0.153320
v -2.364137 -0.577195 -0.723635
v -2.091178 -0.577195 -0.717827
v -2.096986 -0.321658 -0.317099
v -1.957601 -0.449426 -0.520367
v -2.096986 -0.321658 -0.317099
v -2.369945 -0.321658 -0.317099
v -2.364137 -0.577195 -0.723635
v -2.503522 -0.449426 -0.520367
v -6.168146 -0.466849 -0.531983
v -6.028764 -0.594617 -0.729442
v -6.034572 -0.339081 -0.328715
v -5.755805 -0.594617 -0.729442
v -5.761611 -0.339081 -0.328715
v -5.622228 -0.466849 -0.526175
v -5.157616 -0.606233 -0.752673
v -5.296999 -0.478464 -0.555213
v -5.291193 -0.734001 -0.955941
v -5.564152 -0.734001 -0.955941
v -5.569960 -0.478464 -0.555213
v -5.703534 -0.606233 -0.752673
v -5.569960 -0.449426 -0.502944
v -5.296999 -0.449426 -0.502944
v -5.296999 -0.193890 -0.102216
v -5.157616 -0.321658 -0.305484
v -5.296999 -0.193890 -0.102216
v -5.569960 -0.193890 -0.102216
v -5.569960 -0.449426 -0.502944
v -5.709342 -0.321658 -0.305484
v -7.085756 -0.763039 -0.990787
v -6.946374 -0.890808 -1.188247
v -6.946374 -0.635271 -0.787519
v -6.673412 -0.635271 -0.787519
v -6.673412 -0.885000 -1.188247
v -6.534030 -0.757231 -0.990787
v -5.761611 -0.060314 0.112666
v -6.034572 -0.315850 -0.288061
v -5.761611 -0.310043 -0.288061
v -5.761611 -0.060314 0.112666
v -5.761611 -0.310043 -0.288061
v -5.622228 -0.182274 -0.084793
v -5.761611 -0.060314 0.112666
v -6.034572 -0.060314 0.112666
v -6.034572 -0.315850 -0.288061
v -6.173954 -0.188082 -0.084793
v -7.451637 -0.757231 -0.979172
v -7.591022 -0.629463 -0.775904
v -7.585212 -0.885000 -1.182439
v -7.858173 -0.885000 -1.182439
v -7.863981 -0.629463 -0.775904
v -7.997556 -0.757231 -0.979172
v -6.981217 -0.902423 -1.211478
v -7.120602 -0.774655 -1.008210
v -7.120602 -1.030191 -1.408938
v -7.393561 -1.030191 -1.408938
v -7.399367 -0.774655 -1.008210
v -7.532946 -0.902423 -1.211478
v -8.456359 -0.048698 0.141705
v -8.316977 -0.176467 -0.061563
v -8.316977 0.079070 0.339165
v -8.044018 0.079070 0.339165
v -8.044018 -0.176467 -0.061563
v -7.904635 -0.048698 0.141705
v -8.781589 0.224261 0.571471
v -8.920974 0.096493 0.374011
v -8.781589 -0.031276 0.170743
v -8.781589 0.224261 0.571471
v -8.781589 -0.031276 0.170743
v -8.508630 0.224261 0.571471
v -8.508630 -0.031276 0.170743
v -8.369245 0.096493 0.374011
v -8.514436 0.508836 1.024468
v -8.787396 0.508836 1.024468
v -8.781589 0.253299 0.623740
v -8.920974 0.381068 0.821200
v -8.781589 0.253299 0.623740
v -8.508630 0.253299 0.623740
v -8.514436 0.508836 1.024468
v -8.375053 0.381068 0.821200
v -1.028378 -1.593533 -2.338161
v -1.161954 -1.465765 -2.134894
v -1.161954 -1.721301 -2.541429
v -1.440722 -1.471572 -2.134894
v -1.434913 -1.727109 -2.541429
v -1.574296 -1.599341 -2.338161
v -1.022570 -2.453065 -3.691344
v -1.156146 -2.325297 -3.488076
v -1.156146 -2.580834 -3.888804
v -1.434913 -2.325297 -3.488076
v -1.429105 -2.580834 -3.894612
v -1.568490 -2.453065 -3.691344
v -3.728935 -2.737640 -4.126918
v -3.455976 -2.737640 -4.126918
v -3.455976 -2.482104 -3.726190
v -3.316591 -2.609872 -3.923650
v -3.455976 -2.482104 -3.726190
v -3.728935 -2.482104 -3.726190
v -3.728935 -2.737640 -4.126918
v -3.728935 -2.482104 -3.726190
v -3.862511 -2.609872 -3.923650
v -3.728935 -2.737640 -4.126918
v -3.781203 -1.035999 -1.437976
v -3.920588 -0.908230 -1.240516
v -3.920588 -1.163767 -1.641244
v -4.193546 -1.163767 -1.641244
v -4.193546 -0.908230 -1.240516
v -4.332931 -1.035999 -1.437976
v -5.099540 -2.342720 -3.493884
v -5.233117 -2.470488 -3.697151
v -5.099540 -2.598257 -3.894612
v -5.099540 -2.342720 -3.493884
v -5.099540 -2.598257 -3.894612
v -4.826581 -2.342720 -3.493884
v -4.820773 -2.598257 -3.894612
v -4.826581 -2.342720 -3.493884
v -4.820773 -2.598257 -3.894612
v -4.687196 -2.470488 -3.697151
v -1.945988 -1.605148 -2.349777
v -2.085370 -1.477380 -2.146509
v -2.085370 -1.732916 -2.553045
v -2.358329 -1.732916 -2.553045
v -2.358329 -1.483188 -2.146509
v -2.358329 -1.483188 -2.146509
v -2.497714 -1.610956 -2.349777
v -2.358329 -1.732916 -2.553045
v -3.403708 -2.470488 -3.702959
v -3.270131 -2.598257 -3.906227
v -3.270131 -2.342720 -3.505499
v -2.997172 -2.342720 -3.505499
v -2.991364 -2.592449 -3.906227
v -2.857787 -2.464681 -3.702959
v -2.352521 -2.296259 -3.441615
v -2.079562 -2.296259 -3.441615
v -2.079562 -2.040723 -3.035079
v -1.945988 -2.168490 -3.238347
v -2.079562 -2.040723 -3.035079
v -2.358329 -2.040723 -3.040887
v -2.352521 -2.296259 -3.441615
v -2.491906 -2.168490 -3.238347
v -2.021486 -2.604064 -3.923650
v -1.887909 -2.726025 -4.121110
v -1.887909 -2.476296 -3.720382
v -1.609142 -2.726025 -4.121110
v -1.614950 -2.470488 -3.720382
v -1.475568 -2.598257 -3.917842
v -6.609528 -2.336912 -3.482268
v -6.470146 -2.464681 -3.679728
v -6.470146 -2.209144 -3.279001
v -6.197184 -2.209144 -3.279001
v -6.197184 -2.464681 -3.679728
v -6.057802 -2.336912 -3.482268
v -5.146000 -2.046530 -3.029272
v -5.285385 -1.918762 -2.826004
v -5.279577 -2.174298 -3.226732
v -5.558344 -2.174298 -3.226732
v -5.558344 -1.918762 -2.826004
v -5.691921 -2.046530 -3.029272
v -5.610612 -2.185914 -3.249962
v -5.749997 -2.058145 -3.046695
v -5.744189 -2.313682 -3.447423
v -6.022956 -2.313682 -3.447423
v -6.022956 -2.063953 -3.046695
v -6.156532 -2.191721 -3.249962
v -6.975412 -1.773570 -2.587890
v -7.114794 -1.645802 -2.384623
v -7.114794 -1.901339 -2.785351
v -7.387753 -1.645802 -2.384623
v -7.387753 -1.901339 -2.785351
v -7.527135 -1.773570 -2.587890
v -7.585212 -0.931461 -1.257939
v -7.585212 -1.186998 -1.658666
v -7.445829 -1.059229 -1.461206
v -7.585212 -1.186998 -1.658666
v -7.585212 -0.931461 -1.257939
v -7.858173 -1.186998 -1.658666
v -7.858173 -0.937269 -1.257939
v -7.997556 -1.065037 -1.461206
v -7.445829 -1.343804 -1.908396
v -7.585212 -1.221844 -1.710935
v -7.579406 -1.471572 -2.111663
v -7.858173 -1.477380 -2.111663
v -7.858173 -1.221844 -1.710935
v -7.997556 -1.349612 -1.908396
v -6.981217 -1.198613 -1.676089
v -7.120602 -1.070845 -1.478629
v -7.120602 -1.326381 -1.879357
v -7.393561 -1.326381 -1.879357
v -7.393561 -1.070845 -1.478629
v -7.532946 -1.198613 -1.676089
v -8.026593 -2.214952 -3.279001
v -8.299553 -2.214952 -3.284808
v -8.299553 -2.470488 -3.685536
v -8.438937 -2.342720 -3.482268
v -8.026593 -2.214952 -3.279001
v -8.299553 -2.470488 -3.685536
v -8.026593 -2.470488 -3.685536
v -8.026593 -2.214952 -3.279001
v -8.026593 -2.470488 -3.685536
v -7.887211 -2.342720 -3.482268
v -3.339823 0.555297 1.070929
v -3.479206 0.677258 1.268389
v -3.479206 0.427529 0.867661
v -3.752165 0.427529 0.867661
v -3.752165 0.677258 1.268389
v -3.885741 0.549490 1.065121
v -5.262155 1.548405 2.650609
v -5.128578 1.420637 2.447341
v -5.128578 1.676174 2.848070
v -4.855619 1.676174 2.853877
v -4.849811 1.420637 2.447341
v -4.716235 1.548405 2.650609
v -4.849811 1.391599 2.400880
v -5.128578 1.391599 2.400880
v -5.122770 1.136062 2.000153
v -5.128578 1.391599 2.400880
v -5.262155 1.263830 2.197613
v -5.122770 1.136062 2.000153
v -4.849811 1.391599 2.400880
v -5.122770 1.136062 2.000153
v -4.849811 1.136062 2.000153
v -4.849811 1.391599 2.400880
v -4.849811 1.136062 2.000153
v -4.716235 1.263830 2.197613
v -3.804435 1.838788 3.103606
v -3.938009 1.966556 3.301066
v -3.938009 1.711019 2.900338
v -4.210968 1.711019 2.900338
v -4.216776 1.966556 3.301066
v -4.350353 1.838788 3.103606
v -3.798627 0.985063 1.750424
v -3.932201 1.112832 1.953691
v -3.932201 0.857295 1.547156
v -4.205163 0.857295 1.547156
v -4.210968 1.107024 1.947884
v -4.344545 0.979256 1.750424
v -4.791735 0.555297 1.076736
v -4.652350 0.427529 0.879276
v -4.658158 0.683065 1.280004
v -4.379391 0.683065 1.280004
v -4.379391 0.427529 0.879276
v -4.245814 0.555297 1.076736
v -4.849811 0.822449 1.500695
v -5.122770 0.816641 1.500695
v -5.122770 0.566912 1.094160
v -5.256347 0.688873 1.297427
v -4.849811 0.822449 1.500695
v -5.122770 0.566912 1.094160
v -4.844003 0.566912 1.094160
v -4.849811 0.822449 1.500695
v -4.844003 0.566912 1.094160
v -4.710426 0.694681 1.297427
v -3.432746 1.560021 2.656417
v -3.299169 1.432252 2.453149
v -3.299169 1.687788 2.853877
v -3.026210 1.687788 2.853877
v -3.020402 1.432252 2.453149
v -2.886825 1.560021 2.656417
v -3.432746 0.979256 1.738809
v -3.293361 0.851487 1.541348
v -3.293361 1.107024 1.942076
v -3.020402 1.107024 1.942076
v -3.020402 0.851487 1.541348
v -2.881017 0.979256 1.738809
v -2.962326 0.839872 1.523925
v -2.828749 0.717911 1.320658
v -2.828749 0.967640 1.721385
v -2.555790 0.973448 1.721385
v -2.549982 0.717911 1.320658
v -2.416405 0.845680 1.523925
v -3.426938 0.694681 1.285812
v -3.287553 0.566912 1.088351
v -3.293361 0.822449 1.489080
v -3.020402 0.822449 1.489080
v -3.014594 0.566912 1.088351
v -2.881017 0.694681 1.291619
v -5.308615 1.815557 3.068760
v -5.308615 1.560021 2.668032
v -5.175038 1.687788 2.865492
v -5.308615 1.560021 2.668032
v -5.308615 1.815557 3.068760
v -5.581574 1.560021 2.668032
v -5.587382 1.809750 3.068760
v -5.720959 1.681981 2.865492
v -5.773227 1.385791 2.395073
v -6.046185 1.130254 1.994345
v -5.773227 1.130254 1.994345
v -5.773227 1.385791 2.395073
v -5.773227 1.130254 1.994345
v -5.633844 1.258023 2.197613
v -5.773227 1.385791 2.395073
v -6.046185 1.385791 2.395073
v -6.046185 1.130254 1.994345
v -6.185571 1.258023 2.197613
v -8.932588 1.525174 2.627379
v -8.793205 1.397406 2.429918
v -8.793205 1.652943 2.830647
v -8.520246 1.652943 2.830647
v -8.520246 1.397406 2.429918
v -8.520246 1.652943 2.830647
v -8.520246 1.397406 2.429918
v -8.380861 1.525174 2.633186
v -8.520246 1.368368 2.383457
v -8.793205 1.368368 2.377650
v -8.793205 1.112832 1.976922
v -8.793205 1.368368 2.377650
v -8.926779 1.240600 2.180190
v -8.793205 1.112832 1.976922
v -8.520246 1.368368 2.383457
v -8.793205 1.112832 1.976922
v -8.514436 1.112832 1.976922
v -8.520246 1.368368 2.383457
v -8.514436 1.112832 1.976922
v -8.380861 1.240600 2.180190
v -7.469059 1.815557 3.086183
v -7.608444 1.943326 3.283643
v -7.602636 1.687788 2.882915
v -7.881403 1.687788 2.882915
v -7.881403 1.943326 3.283643
v -8.020788 1.815557 3.080376
v -7.004450 1.966556 3.318489
v -7.143832 2.088517 3.515949
v -7.143832 1.838788 3.115221
v -7.416791 1.832980 3.115221
v -7.416791 2.088517 3.515949
v -7.556174 1.960748 3.318489
v -8.462170 1.101216 1.959499
v -8.322785 0.973448 1.762039
v -8.328590 1.228985 2.162767
v -8.049826 1.228985 2.162767
v -8.049826 0.979256 1.762039
v -7.916249 1.107024 1.959499
v -1.057416 2.425360 4.015407
v -1.190992 2.553128 4.212867
v -1.190992 2.297592 3.812139
v -1.469760 2.553128 4.212867
v -1.463951 2.297592 3.812139
v -1.603336 2.425360 4.015407
v -5.273769 2.407938 4.003791
v -5.134387 2.280169 3.806331
v -5.134387 2.535705 4.207060
v -4.861427 2.535705 4.207060
v -4.855619 2.280169 3.806331
v -4.722043 2.407938 4.003791
v -4.803349 2.268554 3.788908
v -4.663966 2.140785 3.585640
v -4.669775 2.396322 3.986369
v -4.396813 2.402129 3.986369
v -4.391007 2.146593 3.585640
v -4.257431 2.274361 3.788908
v -5.267961 2.123362 3.556602
v -5.128578 1.995594 3.353335
v -5.134387 2.251131 3.754063
v -4.855619 2.251131 3.754063
v -4.855619 1.995594 3.353335
v -4.722043 2.123362 3.556602
v -3.810241 2.982894 4.909785
v -3.949625 3.110663 5.113052
v -3.949625 2.855126 4.706517
v -4.222585 2.855126 4.706517
v -4.222585 3.110663 5.107245
v -4.222585 3.110663 5.107245
v -4.361969 2.982894 4.909785
v -4.222585 2.855126 4.706517
v -3.949625 3.395238 5.560242
v -3.949625 3.139701 5.159514
v -3.810241 3.267470 5.362782
v -3.949625 3.139701 5.159514
v -3.949625 3.395238 5.560242
v -4.222585 3.139701 5.159514
v -4.228393 3.395238 5.560242
v -4.361969 3.267470 5.362782
v -3.485014 3.546237 5.792547
v -3.757973 3.290700 5.391820
v -3.485014 3.290700 5.391820
v -3.485014 3.546237 5.792547
v -3.485014 3.290700 5.391820
v -3.351437 3.418468 5.595088
v -3.485014 3.546237 5.792547
v -3.763781 3.546237 5.792547
v -3.757973 3.290700 5.391820
v -3.897357 3.418468 5.595088
v -4.867233 3.395238 5.560242
v -5.140194 3.389430 5.560242
v -5.140194 3.139701 5.159514
v -5.279577 3.261662 5.356974
v -5.140194 3.139701 5.159514
v -4.867233 3.139701 5.159514
v -4.867233 3.395238 5.560242
v -4.727851 3.267470 5.356974
v -5.279577 3.546237 5.809970
v -5.140194 3.424276 5.606703
v -5.140194 3.674005 6.013238
v -4.867233 3.679813 6.013238
v -4.867233 3.424276 5.606703
v -4.727851 3.552044 5.809970
v -2.062140 2.280169 3.788908
v -1.922755 2.152401 3.591449
v -1.922755 2.407938 3.992177
v -1.649796 2.158208 3.591449
v -1.649796 2.407938 3.992177
v -1.510414 2.285976 3.788908
v -3.310783 3.691428 6.024853
v -3.450167 3.563660 5.821587
v -3.310783 3.435891 5.624126
v -3.310783 3.691428 6.024853
v -3.310783 3.435891 5.624126
v -3.037824 3.691428 6.024853
v -3.037824 3.441699 5.624126
v -2.898441 3.569467 5.827394
v -7.021872 3.691428 6.042276
v -7.161257 3.819196 6.239738
v -7.155446 3.563660 5.844817
v -7.434216 3.813388 6.239738
v -7.428405 3.563660 5.839009
v -7.434216 3.813388 6.239738
v -7.567790 3.685620 6.042276
v -7.428405 3.563660 5.839009
v -6.696642 2.245323 3.754063
v -6.969601 2.239515 3.754063
v -6.969601 1.989787 3.353335
v -7.103178 2.111747 3.550795
v -6.696642 2.245323 3.754063
v -6.969601 1.989787 3.353335
v -6.690836 1.989787 3.353335
v -6.696642 2.245323 3.754063
v -6.690836 1.989787 3.353335
v -6.557260 2.117555 3.556602
v -6.650182 3.122278 5.136284
v -6.510798 2.994510 4.938823
v -6.510798 3.250047 5.339552
v -6.237839 3.250047 5.339552
v -6.232030 2.994510 4.938823
v -6.237839 3.250047 5.339552
v -6.232030 2.994510 4.938823
v -6.098456 3.122278 5.142091
v -6.057802 2.849319 4.706517
v -5.784843 2.849319 4.706517
v -5.784843 3.104856 5.107245
v -5.645458 2.977087 4.909785
v -5.784843 3.104856 5.107245
v -6.057802 3.104856 5.107245
v -6.057802 2.849319 4.706517
v -6.057802 3.104856 5.107245
v -6.197184 2.977087 4.909785
v -6.057802 2.849319 4.706517
v -5.651266 3.261662 5.356974
v -5.784843 3.389430 5.560242
v -5.784843 3.133894 5.159514
v -6.057802 3.133894 5.159514
v -6.063610 3.389430 5.560242
v -6.197184 3.261662 5.356974
v -7.149641 2.959664 4.892362
v -7.149641 2.709935 4.491634
v -7.010256 2.837703 4.689095
v -7.149641 2.959664 4.892362
v -7.422599 2.959664 4.892362
v -7.149641 2.709935 4.491634
v -7.422599 2.704127 4.491634
v -7.422599 2.959664 4.892362
v -7.561984 2.831896 4.689095
v -7.422599 2.704127 4.491634
v -8.938396 2.396322 4.009600
v -8.799010 2.274361 3.812139
v -8.799010 2.524091 4.212867
v -8.526052 2.529898 4.212867
v -8.526052 2.274361 3.812139
v -8.386669 2.402129 4.015407
v -7.887211 2.849319 4.712325
v -7.614250 2.849319 4.712325
v -7.614250 3.104856 5.118861
v -7.474867 2.977087 4.915593
v -7.614250 3.104856 5.118861
v -7.887211 3.099047 5.118861
v -7.887211 2.849319 4.712325
v -7.887211 3.099047 5.118861
v -8.026593 2.971280 4.915593
v -7.887211 2.849319 4.712325
v -7.016064 3.122278 5.147899
v -7.149641 3.250047 5.351167
v -7.149641 2.994510 4.950439
v -7.422599 2.994510 4.944631
v -7.428405 3.250047 5.351167
v -7.561984 3.122278 5.147899
v -8.944203 3.255854 5.362782
v -8.804821 3.128086 5.165322
v -8.804821 3.383623 5.566050
v -8.531859 3.383623 5.566050
v -8.531859 3.128086 5.165322
v -8.392477 3.255854 5.362782
vn 0.0027 -0.8443 0.5358
vn 0.0026 -0.8443 0.5358
vn 0.0026 -0.8444 0.5358
vn 0.0027 -0.8444 0.5358
vn 0.0026 -0.8443 0.5359
vn 0.0027 -0.8442 0.5360
vn 0.0027 -0.8443 0.5359
vn 0.0027 -0.8441 0.5362
vn 0.0028 -0.8444 0.5357
vn 0.0028 -0.8443 0.5358
vn 0.0028 -0.8444 0.5358
vn 0.0027 -0.8442 0.5361
vn 0.0026 -0.8446 0.5354
vn 0.0028 -0.8439 0.5364
vn 0.0025 -0.8445 0.5356
vn 0.0025 -0.8442 0.5360
vn 0.0028 -0.8440 0.5364
vn 0.0024 -0.8444 0.5357
vn 0.0024 -0.8442 0.5360
vn 0.0027 -0.8444 0.5357
vn 0.0027 -0.8441 0.5363
vn 0.0030 -0.8444 0.5356
vn 0.0026 -0.8444 0.5357
vn 0.0028 -0.8443 0.5359
vn 0.0025 -0.8443 0.5359
vn 0.0028 -0.8442 0.5360
vn -0.0027 0.8443 -0.5358
vn -0.0027 0.8444 -0.5358
vn -0.0028 0.8443 -0.5358
vn -0.0026 0.8444 -0.5358
vn -0.0031 0.8443 -0.5358
vn -0.0025 0.8443 -0.5358
vn 1.0000 0.0039 0.0020
vn -1.0000 -0.0039 -0.0019
vn -0.0026 0.8444 -0.5357
vn -0.0026 0.8443 -0.5358
vn 1.0000 0.0039 0.0019
vn -0.0027 0.8443 -0.5359
vn 1.0000 0.0039 0.0021
vn 1.0000 0.0040 0.0019
vn -0.0026 0.8443 -0.5359
vn 1.0000 0.0039 0.0023
vn -0.0027 0.8444 -0.5357
vn -0.0029 0.8444 -0.5357
vn 0.0025 -0.8444 0.5357
vn 0.0026 -0.8444 0.5356
vn 0.0027 -0.8444 0.5356
vn 0.0028 -0.8440 0.5363
vn 0.0029 -0.8444 0.5358
vn 0.0025 -0.8444 0.5358
vn 0.0027 -0.8441 0.5361
vn 0.0027 -0.8440 0.5363
vn 0.0029 -0.8444 0.5357
vn 0.0025 -0.8448 0.5350
vn -1.0000 -0.0039 -0.0020
vn 0.0027 -0.5358 -0.8443
vn 0.0027 -0.5357 -0.8444
vn 0.0027 -0.5359 -0.8443
vn -0.0027 0.5358 0.8443
vn 1.0000 0.0035 0.0023
vn 0.0027 -0.5358 -0.8444
vn -0.0033 0.8443 -0.5358
vn -0.0033 0.8444 -0.5357
vn -0.0029 0.5359 0.8443
vn -0.0027 0.5359 0.8443
vn 1.0000 0.0040 0.0020
vn 0.0032 -0.8443 0.5358
vn 0.0032 -0.8444 0.5357
vn -0.0023 0.8445 -0.5356
vn -1.0000 -0.0040 -0.0019
vn -0.0025 0.8444 -0.5358
vn -0.0024 0.8444 -0.5357
vn -0.0025 0.8443 -0.5359
vn -0.0028 0.8443 -0.5359
vn -0.0020 0.8443 -0.5359
vn -0.0030 0.8443 -0.5358
vn 0.0026 -0.8445 0.5356
vn 0.0030 -0.8445 0.5356
s 1
g off
g Panele_izquierdo2_cal_solar_1
usemtl cal_solar_1
f 1//1 2//1 3//2
f 2//1 4//1 3//2
f 3//2 4//1 5//1
f 5//1 4//1 6//1
s 2
f 7//1 8//1 9//1
f 8//1 10//1 9//1
f 9//1 10//1 11//1
f 10//1 12//1 11//1
s 3
f 13//1 14//1 15//1
f 14//1 16//1 15//1
s 4
f 17//1 18//1 19//1
s 5
f 20//1 21//1 22//1
s 6
f 23//1 24//3 25//1
f 25//1 24//3 26//1
f 24//3 27//4 26//1
f 27//4 28//1 26//1
s 7
f 29//1 30//1 31//1
f 31//1 30//1 32//1
f 30//1 33//1 32//1
f 32//1 33//1 34//1
s 8
f 35//1 36//1 37//1
f 37//1 36//1 38//1
f 36//1 39//5 38//1
s 9
f 40//1 41//1 42//1
s 10
f 43//1 44//1 45//6
f 45//6 44//1 46//1
f 44//1 47//1 46//1
f 47//1 48//1 46//1
s 11
f 49//1 50//5 51//1
f 51//1 50//5 52//7
f 50//5 53//7 52//7
f 52//7 53//7 54//1
s 12
f 55//1 56//1 57//1
s 13
f 58//1 59//1 60//1
s 14
f 61//1 62//4 63//1
f 63//1 62//4 64//1
s 15
f 65//1 66//1 67//1
f 67//1 66//1 68//8
f 66//1 69//7 68//8
f 68//8 69//7 70//1
s 16
f 71//1 72//1 73//1
f 73//1 72//1 74//9
f 72//1 75//1 74//9
f 74//9 75//1 76//1
s 17
f 77//1 78//1 79//1
f 78//1 80//4 79//1
f 79//1 80//4 81//1
f 81//1 80//4 82//1
s 18
f 83//1 84//7 85//1
s 19
f 86//1 87//1 88//1
s 20
f 89//1 90//1 91//1
f 90//1 92//1 91//1
s 21
f 93//1 94//1 95//1
f 95//1 94//1 96//10
f 94//1 97//1 96//10
f 97//1 98//1 96//10
s 22
f 99//1 100//1 101//1
f 101//1 100//1 102//1
f 100//1 103//1 102//1
f 102//1 103//1 104//1
s 23
f 105//1 106//1 107//1
s 24
f 108//1 109//2 110//1
f 110//1 109//2 111//1
f 109//2 112//1 111//1
s 25
f 113//1 114//1 115//1
f 115//1 114//1 116//1
s 26
f 117//1 118//1 119//1
f 118//1 120//1 119//1
s 27
f 121//7 122//7 123//1
s 28
f 124//1 125//1 126//1
s 29
f 127//1 128//1 129//1
f 129//1 128//1 130//1
s 30
f 131//1 132//1 133//1
f 133//1 132//1 134//1
f 132//1 135//1 134//1
f 135//1 136//1 134//1
s 31
f 137//1 138//1 139//1
f 138//1 140//1 139//1
s 32
f 141//1 142//4 143//1
f 143//1 142//4 144//1
s 33
f 145//1 146//1 147//1
f 147//1 146//1 148//1
s 34
f 149//1 150//1 151//1
f 150//1 152//1 151//1
s 35
f 153//1 154//6 155//4
f 155//4 154//6 156//1
f 154//6 157//1 156//1
f 157//1 158//1 156//1
s 36
f 159//1 160//1 161//1
f 161//1 160//1 162//11
f 160//1 163//5 162//11
f 162//11 163//5 164//1
s 37
f 165//1 166//1 167//1
f 167//1 166//1 168//1
f 166//1 169//1 168//1
f 168//1 169//1 170//1
s 38
f 171//1 172//5 173//1
f 173//1 172//5 174//6
f 172//5 175//12 174//6
f 175//12 176//1 174//6
s 39
f 177//1 178//1 179//1
f 179//1 178//1 180//1
f 178//1 181//1 180//1
f 180//1 181//1 182//1
s 40
f 183//1 184//1 185//1
f 184//1 186//1 185//1
s 41
f 187//1 188//1 189//1
f 189//1 188//1 190//1
s 42
f 191//1 192//1 193//1
s 43
f 194//1 195//1 196//1
s 44
f 197//1 198//4 199//1
f 199//1 198//4 200//1
s 45
f 201//1 202//1 203//1
f 203//1 202//1 204//1
f 202//1 205//1 204//1
f 204//1 205//1 206//1
s 46
f 207//1 208//1 209//1
f 209//1 208//1 210//1
f 208//1 211//1 210//1
f 211//1 212//1 210//1
s 47
f 213//1 214//1 215//1
s 48
f 216//1 217//1 218//1
f 217//1 219//1 218//1
s 49
f 220//1 221//1 222//1
s 50
f 223//1 224//1 225//1
f 224//1 226//1 225//1
f 225//1 226//1 227//1
f 226//1 228//1 227//1
s 51
f 229//1 230//1 231//1
s 52
f 232//1 233//1 234//10
f 233//1 235//1 234//10
f 235//1 236//1 234//10
s 53
f 237//1 238//8 239//1
f 239//1 238//8 240//5
f 240//5 238//8 241//1
s 54
f 242//1 243//1 244//1
s 55
f 245//1 246//1 247//5
f 247//5 246//1 248//1
f 246//1 249//1 248//1
f 248//1 249//1 250//1
s 56
f 251//1 252//1 253//13
f 252//1 254//1 253//13
f 254//1 255//1 253//13
s 57
f 256//1 257//1 258//1
s 58
f 259//1 260//1 261//1
f 260//1 262//14 261//1
f 261//1 262//14 263//1
f 262//14 264//1 263//1
s 59
f 265//1 266//8 267//1
f 267//1 266//8 268//1
s 60
f 269//1 270//1 271//1
f 270//1 272//1 271//1
s 61
f 273//1 274//1 275//1
f 275//1 274//1 276//1
s 62
f 277//1 278//15 279//4
f 278//15 280//1 279//4
s 63
f 281//1 282//1 283//1
f 283//1 282//1 284//1
f 282//1 285//1 284//1
f 284//1 285//1 286//1
s 64
f 287//1 288//1 289//1
f 289//1 288//1 290//9
f 288//1 291//1 290//9
f 291//1 292//1 290//9
s 65
f 293//1 294//1 295//1
f 295//1 294//1 296//1
f 294//1 297//1 296//1
f 297//1 298//1 296//1
s 66
f 299//1 300//1 301//1
f 301//1 300//1 302//1
f 300//1 303//1 302//1
f 302//1 303//1 304//1
s 67
f 305//1 306//10 307//1
f 307//1 306//10 308//1
f 306//10 309//1 308//1
f 308//1 309//1 310//1
s 68
f 311//1 312//1 313//7
f 313//7 312//1 314//1
f 312//1 315//1 314//1
f 315//1 316//1 314//1
s 69
f 317//1 318//1 319//1
f 318//1 320//1 319//1
f 319//1 320//1 321//1
f 321//1 320//1 322//1
s 70
f 323//5 324//1 325//7
s 71
f 326//1 327//1 328//1
s 72
f 329//5 330//16 331//5
s 73
f 332//1 333//1 334//1
s 74
f 335//1 336//1 337//17
f 336//1 338//1 337//17
f 337//17 338//1 339//1
f 339//1 338//1 340//1
s 75
f 341//5 342//8 343//1
f 343//1 342//8 344//1
s 76
f 345//1 346//1 347//1
f 346//1 348//1 347//1
s 77
f 349//7 350//1 351//1
f 351//1 350//1 352//1
f 350//1 353//1 352//1
f 352//1 353//1 354//1
s 78
f 355//1 356//18 357//1
f 357//1 356//18 358//1
f 356//18 359//1 358//1
f 358//1 359//1 360//1
s 79
f 361//1 362//1 363//1
f 363//1 362//1 364//2
f 362//1 365//5 364//2
f 364//2 365//5 366//1
s 80
f 367//1 368//1 369//1
f 369//1 368//1 370//1
f 368//1 371//1 370//1
f 371//1 372//1 370//1
s 81
f 373//5 374//5 375//5
s 82
f 376//1 377//1 378//1
s 83
f 379//1 380//1 381//1
f 380//1 382//1 381//1
s 84
f 383//1 384//1 385//1
s 85
f 386//5 387//5 388//1
f 387//5 389//1 388//1
f 389//1 390//1 388//1
s 86
f 391//1 392//10 393//1
f 393//1 392//10 394//1
f 392//10 395//1 394//1
f 394//1 395//1 396//1
s 87
f 397//1 398//1 399//4
f 399//4 398//1 400//1
f 398//1 401//1 400//1
f 400//1 401//1 402//1
s 88
f 403//1 404//1 405//1
f 405//1 404//1 406//1
f 404//1 407//1 406//1
f 407//1 408//1 406//1
s 89
f 409//1 410//1 411//1
s 90
f 412//1 413//1 414//1
f 414//1 413//1 415//1
f 415//1 413//1 416//1
s 91
f 417//1 418//1 419//1
f 418//1 420//1 419//1
f 420//1 421//1 419//1
s 92
f 422//1 423//1 424//1
s 93
f 425//5 426//5 427//19
s 94
f 428//1 429//1 430//1
s 95
f 431//5 432//10 433//1
f 432//10 434//1 433//1
s 96
f 435//1 436//1 437//1
f 437//1 436//1 438//20
f 436//1 439//1 438//20
f 439//1 440//1 438//20
s 97
f 441//1 442//1 443//1
s 98
f 444//5 445//1 446//1
f 445//1 447//1 446//1
f 446//1 447//1 448//1
s 99
f 449//1 450//6 451//1
f 451//1 450//6 452//2
f 450//6 453//1 452//2
f 453//1 454//1 452//2
s 100
f 455//1 456//1 457//1
s 101
f 458//1 459//1 460//7
f 459//1 461//1 460//7
s 102
f 462//4 463//1 464//1
s 103
f 465//1 466//1 467//1
s 104
f 468//1 469//1 470//21
f 469//1 471//1 470//21
f 471//1 472//1 470//21
s 105
f 473//1 474//1 475//1
s 106
f 476//1 477//1 478//1
f 477//1 479//1 478//1
f 479//1 480//1 478//1
s 107
f 481//1 482//1 483//1
f 483//1 482//1 484//2
f 482//1 485//1 484//2
f 484//2 485//1 486//1
s 108
f 487//1 488//1 489//1
f 489//1 488//1 490//1
f 488//1 491//1 490//1
f 490//1 491//1 492//1
s 109
f 493//1 494//22 495//5
f 495//5 494//22 496//1
f 494//22 497//1 496//1
f 496//1 497//1 498//1
s 110
f 499//1 500//1 501//1
s 111
f 502//1 503//1 504//1
f 503//1 505//7 504//1
s 112
f 506//1 507//1 508//1
s 113
f 509//1 510//1 511//1
s 114
f 512//1 513//1 514//1
s 115
f 515//1 516//1 517//1
f 516//1 518//1 517//1
s 116
f 519//1 520//20 521//1
f 521//1 520//20 522//1
f 520//20 523//1 522//1
f 523//1 524//1 522//1
s 117
f 525//1 526//1 527//20
f 526//1 528//1 527//20
f 527//20 528//1 529//1
f 529//1 528//1 530//1
s 118
f 531//1 532//2 533//2
f 533//2 532//2 534//7
f 532//2 535//6 534//7
f 534//7 535//6 536//1
s 119
f 537//1 538//1 539//1
s 120
f 540//23 541//1 542//1
f 541//1 543//1 542//1
f 542//1 543//1 544//1
s 121
f 545//1 546//1 547//1
f 546//1 548//1 547//1
f 547//1 548//1 549//1
f 548//1 550//1 549//1
s 122
f 551//1 552//1 553//1
s 123
f 554//1 555//1 556//1
s 124
f 557//1 558//7 559//7
f 558//7 560//1 559//7
s 125
f 561//1 562//1 563//1
s 126
f 564//1 565//1 566//1
f 565//1 567//1 566//1
f 567//1 568//1 566//1
s 127
f 569//7 570//1 571//1
f 571//1 570//1 572//1
s 128
f 573//16 574//20 575//1
f 574//20 576//1 575//1
s 129
f 577//1 578//1 579//1
f 579//1 578//1 580//1
f 578//1 581//1 580//1
f 580//1 581//1 582//1
s 130
f 583//1 584//1 585//1
f 585//1 584//1 586//1
f 584//1 587//1 586//1
s 131
f 588//1 589//1 590//1
s 132
f 591//1 592//1 593//1
f 593//1 592//1 594//1
s 133
f 595//1 596//1 597//24
f 596//1 598//1 597//24
s 134
f 599//25 600//1 601//1
f 600//1 602//1 601//1
s 135
f 603//1 604//1 605//7
s 136
f 606//1 607//1 608//1
s 137
f 609//1 610//1 611//1
f 611//1 610//1 612//1
f 610//1 613//1 612//1
f 612//1 613//1 614//1
s 138
f 615//5 616//1 617//1
f 617//1 616//1 618//1
s 139
f 619//25 620//7 621//1
f 620//7 622//1 621//1
s 140
f 623//1 624//7 625//1
f 624//7 626//1 625//1
f 625//1 626//1 627//1
f 627//1 626//1 628//1
s 141
f 629//1 630//1 631//1
f 630//1 632//20 631//1
f 631//1 632//20 633//1
f 633//1 632//20 634//1
s 142
f 635//4 636//1 637//1
f 637//1 636//1 638//1
f 636//1 639//1 638//1
f 639//1 640//1 638//1
s 143
f 641//1 642//1 643//7
f 643//7 642//1 644//1
f 642//1 645//1 644//1
f 645//1 646//1 644//1
s 144
f 647//4 648//1 649//1
f 649//1 648//1 650//1
f 648//1 651//4 650//1
f 650//1 651//4 652//1
s 145
f 653//1 654//1 655//1
f 655//1 654//1 656//1
f 654//1 657//1 656//1
f 657//1 658//1 656//1
s 146
f 659//1 660//1 661//1
f 661//1 660//1 662//1
f 660//1 663//2 662//1
f 663//2 664//1 662//1
s 147
f 665//1 666//1 667//1
s 148
f 668//1 669//10 670//1
f 669//10 671//1 670//1
f 670//1 671//1 672//1
s 149
f 673//1 674//1 675//1
s 150
f 676//25 677//1 678//1
f 678//1 677//1 679//1
s 151
f 680//1 681//1 682//1
s 152
f 683//1 684//1 685//1
s 153
f 686//1 687//20 688//1
f 687//20 689//1 688//1
f 688//1 689//1 690//1
s 154
g Panele_izquierdo2_cal_solar_5
usemtl cal_solar_5
f 691//1 692//1 693//1
f 693//1 692//1 694//1
s 155
f 695//1 696//26 697//1
f 696//26 698//1 697//1
s 156
f 699//1 700//1 701//1
f 700//1 702//1 701//1
s 157
f 703//1 704//1 705//1
s 158
f 706//1 707//1 708//1
s 159
f 709//1 710//8 711//4
f 711//4 710//8 712//1
f 710//8 713//1 712//1
f 712//1 713//1 714//1
s 160
f 715//1 716//1 717//1
s 161
f 718//5 719//1 720//1
f 719//1 721//2 720//1
f 721//2 722//1 720//1
s 162
f 723//1 724//7 725//1
f 725//1 724//7 726//1
s 163
f 727//1 728//1 729//1
f 728//1 730//1 729//1
s 164
f 731//1 732//1 733//1
f 733//1 732//1 734//1
f 732//1 735//1 734//1
s 165
f 736//1 737//1 738//1
s 166
f 739//1 740//1 741//6
f 741//6 740//1 742//1
f 740//1 743//1 742//1
f 743//1 744//1 742//1
s 167
f 745//1 746//10 747//7
f 747//7 746//10 748//10
f 746//10 749//1 748//10
f 749//1 750//1 748//10
s 168
f 751//1 752//1 753//1
f 753//1 752//1 754//1
f 754//1 752//1 755//1
s 169
f 756//1 757//1 758//1
s 170
f 759//1 760//1 761//1
f 761//1 760//1 762//6
f 760//1 763//1 762//6
f 763//1 764//1 762//6
s 171
f 765//1 766//1 767//1
s 172
f 768//1 769//1 770//1
f 770//1 769//1 771//1
f 771//1 769//1 772//1
s 173
f 773//1 774//1 775//1
f 775//1 774//1 776//1
f 774//1 777//7 776//1
f 776//1 777//7 778//1
s 174
f 779//1 780//1 781//1
f 781//1 780//1 782//1
f 780//1 783//1 782//1
f 782//1 783//1 784//1
s 175
f 785//1 786//7 787//1
f 787//1 786//7 788//1
s 176
f 789//1 790//1 791//1
f 790//1 792//1 791//1
s 177
f 793//1 794//1 795//1
s 178
f 796//1 797//1 798//1
s 179
f 799//7 800//1 801//1
f 800//1 802//1 801//1
s 180
f 803//1 804//1 805//1
s 181
f 806//1 807//7 808//6
f 807//7 809//4 808//6
f 808//6 809//4 810//1
s 182
f 811//1 812//1 813//1
f 812//1 814//1 813//1
f 813//1 814//1 815//7
f 814//1 816//1 815//7
s 183
f 817//1 818//1 819//1
f 819//1 818//1 820//6
f 818//1 821//7 820//6
f 820//6 821//7 822//1
s 184
f 823//1 824//1 825//1
f 824//1 826//1 825//1
f 825//1 826//1 827//1
f 827//1 826//1 828//1
s 185
f 829//1 830//1 831//1
f 831//1 830//1 832//1
f 830//1 833//1 832//1
f 832//1 833//1 834//1
s 186
f 835//1 836//1 837//1
f 836//1 838//2 837//1
f 837//1 838//2 839//1
f 838//2 840//1 839//1
s 187
f 841//1 842//1 843//1
f 842//1 844//1 843//1
s 188
f 845//1 846//1 847//1
f 847//1 846//1 848//1
s 189
f 849//1 850//1 851//1
s 190
f 852//1 853//1 854//1
f 853//1 855//1 854//1
f 855//1 856//1 854//1
s 191
f 857//1 858//1 859//1
f 859//1 858//1 860//1
f 858//1 861//1 860//1
f 861//1 862//1 860//1
s 192
f 863//1 864//1 865//2
f 865//2 864//1 866//1
f 864//1 867//5 866//1
f 866//1 867//5 868//1
s 193
f 869//1 870//12 871//1
f 871//1 870//12 872//1
f 870//12 873//2 872//1
f 872//1 873//2 874//1
s 194
f 875//1 876//1 877//7
f 877//7 876//1 878//1
f 876//1 879//1 878//1
f 878//1 879//1 880//1
s 195
f 881//5 882//1 883//8
f 882//1 884//1 883//8
s 196
f 885//1 886//1 887//1
s 197
f 888//1 889//1 890//1
s 198
f 891//1 892//1 893//4
f 893//4 892//1 894//1
f 892//1 895//1 894//1
f 894//1 895//1 896//1
s 199
f 897//1 898//1 899//1
f 898//1 900//1 899//1
s 200
f 901//1 902//1 903//1
f 903//1 902//1 904//1
s 201
f 905//1 906//1 907//1
f 907//1 906//1 908//1
f 906//1 909//6 908//1
f 909//6 910//1 908//1
s 202
f 911//1 912//1 913//1
f 913//1 912//1 914//10
f 912//1 915//1 914//10
f 914//10 915//1 916//1
s 203
f 917//1 918//1 919//1
f 918//1 920//1 919//1
s 204
f 921//1 922//7 923//1
f 923//1 922//7 924//1
s 205
f 925//1 926//1 927//1
s 206
f 928//1 929//1 930//6
f 929//1 931//1 930//6
f 930//6 931//1 932//1
s 207
f 933//1 934//6 935//1
f 935//1 934//6 936//1
f 936//1 934//6 937//1
s 208
f 938//1 939//1 940//1
s 209
f 941//5 942//25 943//1
s 210
f 944//1 945//1 946//1
s 211
f 947//7 948//1 949//1
f 948//1 950//1 949//1
s 212
f 951//1 952//1 953//1
f 953//1 952//1 954//5
f 952//1 955//1 954//5
f 954//5 955//1 956//1
s 213
f 957//1 958//1 959//1
f 959//1 958//1 960//1
f 958//1 961//1 960//1
f 960//1 961//1 962//1
s 214
f 963//1 964//1 965//1
f 964//1 966//23 965//1
f 965//1 966//23 967//1
f 967//1 966//23 968//1
s 215
f 969//1 970//1 971//1
s 216
f 972//1 973//1 974//10
f 973//1 975//1 974//10
f 974//10 975//1 976//1
s 217
f 977//1 978//18 979//1
f 979//1 978//18 980//1
f 978//18 981//4 980//1
f 980//1 981//4 982//1
s 218
f 983//1 984//1 985//1
f 985//1 984//1 986//1
s 219
f 987//1 988//1 989//1
f 988//1 990//1 989//1
s 220
f 991//1 992//12 993//7
f 993//7 992//12 994//1
f 992//12 995//1 994//1
f 995//1 996//1 994//1
s 221
f 997//1 998//1 999//1
f 998//1 1000//1 999//1
f 999//1 1000//1 1001//1
f 1000//1 1002//1 1001//1
s 222
f 1003//1 1004//1 1005//1
s 223
f 1006//1 1007//1 1008//5
f 1008//5 1007//1 1009//7
s 224
f 1010//1 1011//1 1012//1
s 225
f 1013//1 1014//1 1015//1
s 226
f 1016//1 1017//1 1018//1
f 1017//1 1019//1 1018//1
f 1018//1 1019//1 1020//1
s 227
f 1021//1 1022//1 1023//1
f 1022//1 1024//1 1023//1
f 1023//1 1024//1 1025//1
f 1025//1 1024//1 1026//1
s 228
f 1027//1 1028//1 1029//1
s 229
f 1030//1 1031//1 1032//1
s 230
f 1033//1 1034//1 1035//1
f 1034//1 1036//1 1035//1
s 231
f 1037//1 1038//1 1039//1
s 232
f 1040//1 1041//1 1042//12
f 1041//1 1043//8 1042//12
f 1043//8 1044//1 1042//12
s 233
f 1045//1 1046//4 1047//1
f 1047//1 1046//4 1048//1
f 1046//4 1049//1 1048//1
f 1049//1 1050//1 1048//1
s 234
f 1051//1 1052//1 1053//1
f 1053//1 1052//1 1054//1
f 1052//1 1055//1 1054//1
f 1054//1 1055//1 1056//1
s 235
g Panele_izquierdo2_cal_bronze
usemtl cal_bronze
f 1057//27 1058//27 1059//27
f 1058//27 1060//27 1059//27
s 236
f 1061//27 1062//27 1063//27
s 237
f 1064//27 1065//27 1066//27
s 238
f 1067//28 1068//27 1069//27
s 239
f 1070//27 1071//27 1072//27
s 240
f 1073//27 1074//27 1075//28
f 1074//27 1076//27 1075//28
s 241
f 1077//27 1078//27 1079//27
s 242
f 1080//27 1081//27 1082//27
s 243
f 1083//27 1084//27 1085//27
f 1084//27 1086//27 1085//27
s 244
f 1087//27 1088//27 1089//27
f 1088//27 1090//27 1089//27
s 245
f 1091//27 1092//27 1093//27
f 1092//27 1094//27 1093//27
s 246
f 1095//27 1096//27 1097//27
s 247
f 1098//27 1099//27 1100//27
s 248
f 1101//27 1102//27 1103//27
s 249
f 1104//27 1105//29 1106//29
s 250
f 1107//27 1108//27 1109//27
s 251
f 1110//28 1111//28 1112//30
s 252
f 1113//29 1114//29 1115//27
s 253
f 1116//31 1117//31 1118//31
s 254
f 1119//29 1120//29 1121//27
s 255
f 1122//32 1123//27 1124//27
s 256
f 1125//27 1126//27 1127//27
s 257
f 1128//27 1129//27 1130//27
s 258
f 1131//33 1132//33 1133//33
s 259
f 1134//33 1135//33 1136//33
s 260
f 1137//27 1138//27 1139//27
s 261
f 1140//27 1141//27 1142//27
s 262
f 1143//33 1144//33 1145//33
s 263
f 1146//27 1147//27 1148//27
s 264
f 1149//27 1150//27 1151//27
s 265
f 1152//33 1153//33 1154//33
s 266
f 1155//27 1156//27 1157//27
s 267
f 1158//27 1159//27 1160//27
s 268
f 1161//33 1162//33 1163//33
s 269
f 1164//27 1165//27 1166//27
f 1165//27 1167//27 1166//27
s 270
f 1168//27 1169//27 1170//27
f 1169//27 1171//27 1170//27
s 271
f 1172//34 1173//34 1174//34
s 272
f 1175//27 1176//35 1177//27
f 1176//35 1178//27 1177//27
s 273
f 1179//27 1180//27 1181//27
f 1180//27 1182//27 1181//27
s 274
f 1183//36 1184//27 1185//27
s 275
f 1186//36 1187//27 1188//27
s 276
f 1189//33 1190//33 1191//33
s 277
f 1192//37 1193//37 1194//37
s 278
f 1195//27 1196//27 1197//27
s 279
f 1198//38 1199//38 1200//38
s 280
f 1201//39 1202//39 1203//39
s 281
f 1204//27 1205//27 1206//27
f 1205//27 1207//27 1206//27
s 282
f 1208//27 1209//27 1210//27
s 283
f 1211//28 1212//28 1213//28
s 284
f 1214//27 1215//27 1216//27
s 285
f 1217//28 1218//28 1219//28
s 286
f 1220//27 1221//27 1222//27
s 287
f 1223//27 1224//27 1225//27
s 288
f 1226//27 1227//27 1228//27
f 1227//27 1229//27 1228//27
s 289
f 1230//35 1231//27 1232//27
f 1231//27 1233//27 1232//27
s 290
f 1234//28 1235//27 1236//27
s 291
f 1237//27 1238//27 1239//27
s 292
f 1240//27 1241//27 1242//28
f 1241//27 1243//27 1242//28
s 293
f 1244//27 1245//27 1246//27
s 294
f 1247//27 1248//27 1249//27
s 295
f 1250//35 1251//27 1252//27
f 1251//27 1253//27 1252//27
s 296
f 1254//27 1255//27 1256//27
f 1255//27 1257//27 1256//27
s 297
f 1258//38 1259//38 1260//38
s 298
f 1261//28 1262//28 1263//28
s 299
f 1264//40 1265//40 1266//40
s 300
f 1267//27 1268//27 1269//27
f 1268//27 1270//27 1269//27
s 301
f 1271//30 1272//28 1273//30
s 302
f 1274//27 1275//27 1276//27
s 303
f 1277//27 1278//27 1279//27
s 304
f 1280//27 1281//27 1282//27
s 305
f 1283//27 1284//36 1285//27
s 306
f 1286//27 1287//27 1288//27
s 307
f 1289//27 1290//27 1291//27
f 1290//27 1292//38 1291//27
s 308
f 1293//27 1294//27 1295//27
s 309
f 1296//27 1297//28 1298//27
s 310
f 1299//27 1300//27 1301//27
f 1300//27 1302//27 1301//27
s 311
f 1303//27 1304//27 1305//27
s 312
f 1306//27 1307//27 1308//27
s 313
f 1309//28 1310//27 1311//28
f 1310//27 1312//27 1311//28
s 314
f 1313//27 1314//27 1315//27
s 315
f 1316//27 1317//27 1318//27
s 316
f 1319//27 1320//27 1321//27
f 1320//27 1322//27 1321//27
s 317
f 1323//27 1324//27 1325//27
s 318
f 1326//27 1327//27 1328//27
s 319
f 1329//27 1330//27 1331//27
s 320
f 1332//27 1333//27 1334//27
s 321
f 1335//33 1336//33 1337//33
s 322
f 1338//29 1339//29 1340//29
s 323
f 1341//27 1342//27 1343//27
s 324
f 1344//29 1345//29 1346//29
s 325
f 1347//27 1348//27 1349//27
s 326
f 1350//29 1351//29 1352//29
s 327
f 1353//27 1354//27 1355//27
s 328
f 1356//29 1357//29 1358//27
s 329
f 1359//27 1360//27 1361//27
s 330
f 1362//27 1363//27 1364//27
f 1363//27 1365//27 1364//27
s 331
f 1366//27 1367//27 1368//27
s 332
f 1369//27 1370//27 1371//27
s 333
f 1372//27 1373//27 1374//27
s 334
f 1375//27 1376//27 1377//27
s 335
f 1378//27 1379//27 1380//27
f 1379//27 1381//27 1380//27
s 336
f 1382//27 1383//27 1384//27
f 1383//27 1385//27 1384//27
s 337
f 1386//28 1387//28 1388//28
f 1387//28 1389//27 1388//28
s 338
f 1390//27 1391//27 1392//35
f 1391//27 1393//27 1392//35
s 339
f 1394//38 1395//27 1396//27
f 1395//27 1397//27 1396//27
s 340
f 1398//27 1399//27 1400//28
s 341
f 1401//28 1402//28 1403//28
s 342
f 1404//27 1405//27 1406//27
s 343
f 1407//28 1408//27 1409//27
s 344
f 1410//27 1411//27 1412//27
s 345
f 1413//29 1414//29 1415//29
s 346
f 1416//29 1417//29 1418//29
s 347
f 1419//27 1420//36 1421//36
s 348
f 1422//37 1423//37 1424//37
s 349
f 1425//29 1426//27 1427//27
s 350
f 1428//27 1429//27 1430//36
s 351
f 1431//28 1432//27 1433//27
s 352
f 1434//27 1435//27 1436//27
s 353
f 1437//27 1438//27 1439//27
f 1438//27 1440//27 1439//27
s 354
f 1441//27 1442//27 1443//27
s 355
f 1444//27 1445//27 1446//27
s 356
f 1447//27 1448//27 1449//27
f 1448//27 1450//27 1449//27
s 357
f 1451//33 1452//33 1453//33
s 358
f 1454//38 1455//27 1456//27
f 1455//27 1457//27 1456//27
s 359
f 1458//38 1459//27 1460//27
f 1459//27 1461//27 1460//27
s 360
f 1462//27 1463//27 1464//27
s 361
f 1465//27 1466//27 1467//27
s 362
f 1468//28 1469//27 1470//27
f 1469//27 1471//27 1470//27
s 363
f 1472//27 1473//27 1474//27
s 364
f 1475//36 1476//27 1477//27
s 365
f 1478//29 1479//27 1480//29
s 366
f 1481//41 1482//38 1483//41
s 367
f 1484//37 1485//37 1486//37
s 368
f 1487//30 1488//30 1489//30
s 369
f 1490//27 1491//27 1492//27
s 370
f 1493//29 1494//27 1495//29
s 371
f 1496//27 1497//27 1498//27
s 372
f 1499//29 1500//29 1501//29
s 373
f 1502//27 1503//27 1504//27
s 374
f 1505//27 1506//27 1507//27
s 375
f 1508//35 1509//27 1510//28
s 376
f 1511//27 1512//27 1513//27
s 377
f 1514//27 1515//27 1516//27
s 378
f 1517//27 1518//27 1519//28
f 1518//27 1520//27 1519//28
s 379
f 1521//27 1522//27 1523//27
s 380
f 1524//27 1525//27 1526//27
s 381
f 1527//42 1528//42 1529//42
s 382
f 1530//27 1531//27 1532//27
f 1531//27 1533//27 1532//27
s 383
f 1534//27 1535//27 1536//27
s 384
f 1537//27 1538//27 1539//27
s 385
f 1540//27 1541//27 1542//27
f 1541//27 1543//27 1542//27
s 386
f 1544//39 1545//39 1546//39
s 387
f 1547//27 1548//27 1549//27
f 1548//27 1550//27 1549//27
s 388
f 1551//29 1552//27 1553//27
s 389
f 1554//36 1555//36 1556//36
s 390
f 1557//29 1558//27 1559//27
s 391
f 1560//36 1561//36 1562//36
s 392
f 1563//29 1564//27 1565//27
s 393
f 1566//36 1567//36 1568//36
s 394
f 1569//27 1570//27 1571//27
s 395
f 1572//36 1573//27 1574//27
s 396
f 1575//27 1576//27 1577//27
s 397
f 1578//36 1579//38 1580//38
s 398
f 1581//27 1582//27 1583//27
s 399
f 1584//27 1585//27 1586//27
s 400
f 1587//35 1588//27 1589//27
f 1588//27 1590//27 1589//27
s 401
f 1591//27 1592//27 1593//27
s 402
f 1594//27 1595//27 1596//27
s 403
f 1597//27 1598//27 1599//27
s 404
f 1600//27 1601//27 1602//27
s 405
f 1603//35 1604//27 1605//27
f 1604//27 1606//27 1605//27
s 406
f 1607//35 1608//27 1609//27
f 1608//27 1610//28 1609//27
s 407
f 1611//27 1612//27 1613//27
s 408
f 1614//27 1615//27 1616//27
s 409
f 1617//27 1618//27 1619//27
s 410
f 1620//27 1621//27 1622//27
s 411
f 1623//29 1624//27 1625//29
s 412
f 1626//36 1627//27 1628//27
s 413
f 1629//29 1630//29 1631//29
s 414
f 1632//36 1633//27 1634//27
s 415
f 1635//27 1636//27 1637//27
s 416
f 1638//29 1639//27 1640//27
s 417
f 1641//27 1642//27 1643//27
s 418
f 1644//29 1645//27 1646//27
s 419
f 1647//29 1648//29 1649//29
s 420
f 1650//29 1651//27 1652//27
s 421
f 1653//27 1654//27 1655//27
f 1654//27 1656//27 1655//27
s 422
f 1657//27 1658//27 1659//27
f 1658//27 1660//27 1659//27
s 423
f 1661//27 1662//27 1663//27
f 1662//27 1664//27 1663//27
s 424
g Panele_izquierdo2_cal_brown
usemtl cal_brown
f 1665//27 1666//27 1667//43
f 1666//27 1668//27 1667//43
s 425
f 1669//27 1670//27 1671//29
f 1670//27 1672//27 1671//29
s 426
f 1673//27 1674//27 1675//27
f 1674//27 1676//44 1675//27
s 427
f 1677//29 1678//27 1679//28
f 1678//27 1680//27 1679//28
s 428
f 1681//28 1682//27 1683//35
f 1682//27 1684//28 1683//35
s 429
f 1685//27 1686//27 1687//27
f 1686//27 1688//27 1687//27
s 430
f 1689//27 1690//28 1691//28
f 1690//28 1692//28 1691//28
s 431
f 1693//27 1694//28 1695//27
f 1694//28 1696//28 1695//27
s 432
g Panele_izquierdo2_cal_solar_3
usemtl cal_solar_3
f 1697//1 1698//12 1699//7
f 1699//7 1698//12 1700//1
f 1698//12 1701//1 1700//1
f 1701//1 1702//1 1700//1
s 433
f 1703//1 1704//1 1705//1
s 434
f 1706//1 1707//1 1708//1
f 1708//1 1707//1 1709//4
s 435
f 1710//1 1711//1 1712//4
s 436
f 1713//1 1714//1 1715//1
s 437
f 1716//7 1717//5 1718//1
f 1717//5 1719//1 1718//1
f 1718//1 1719//1 1720//1
s 438
f 1721//1 1722//1 1723//1
f 1723//1 1722//1 1724//1
s 439
f 1725//1 1726//5 1727//1
s 440
f 1728//1 1729//1 1730//1
s 441
f 1731//1 1732//2 1733//1
f 1733//1 1732//2 1734//1
f 1732//2 1735//1 1734//1
f 1734//1 1735//1 1736//1
s 442
f 1737//1 1738//1 1739//1
f 1739//1 1738//1 1740//1
s 443
f 1741//1 1742//4 1743//1
s 444
f 1744//1 1745//1 1746//1
s 445
f 1747//1 1748//1 1749//1
s 446
f 1750//1 1751//1 1752//1
s 447
f 1753//1 1754//1 1755//1
f 1755//1 1754//1 1756//1
s 448
f 1757//1 1758//1 1759//1
f 1759//1 1758//1 1760//1
f 1758//1 1761//1 1760//1
f 1760//1 1761//1 1762//1
s 449
f 1763//1 1764//1 1765//1
s 450
f 1766//1 1767//1 1768//1
s 451
f 1769//1 1770//1 1771//1
f 1771//1 1770//1 1772//1
s 452
f 1773//1 1774//6 1775//1
f 1775//1 1774//6 1776//1
f 1774//6 1777//1 1776//1
f 1776//1 1777//1 1778//1
s 453
f 1779//1 1780//1 1781//1
f 1781//1 1780//1 1782//1
s 454
f 1783//1 1784//1 1785//1
f 1784//1 1786//1 1785//1
s 455
f 1787//1 1788//4 1789//4
s 456
f 1790//1 1791//1 1792//1
s 457
f 1793//1 1794//1 1795//1
f 1795//1 1794//1 1796//1
s 458
f 1797//4 1798//1 1799//4
f 1799//4 1798//1 1800//1
f 1798//1 1801//1 1800//1
s 459
f 1802//1 1803//1 1804//1
s 460
f 1805//1 1806//45 1807//1
f 1807//1 1806//45 1808//1
f 1806//45 1809//1 1808//1
f 1808//1 1809//1 1810//1
s 461
f 1811//1 1812//11 1813//1
f 1813//1 1812//11 1814//1
f 1814//1 1812//11 1815//1
s 462
f 1816//1 1817//1 1818//1
s 463
f 1819//1 1820//1 1821//1
f 1821//1 1820//1 1822//10
f 1820//1 1823//1 1822//10
f 1822//10 1823//1 1824//1
s 464
f 1825//1 1826//1 1827//1
s 465
f 1828//1 1829//1 1830//1
f 1829//1 1831//1 1830//1
f 1831//1 1832//1 1830//1
s 466
f 1833//1 1834//1 1835//1
s 467
f 1836//1 1837//4 1838//1
s 468
f 1839//1 1840//1 1841//1
f 1840//1 1842//1 1841//1
s 469
f 1843//1 1844//1 1845//1
f 1845//1 1844//1 1846//1
f 1844//1 1847//1 1846//1
s 470
f 1848//1 1849//1 1850//1
s 471
f 1851//1 1852//1 1853//1
s 472
f 1854//23 1855//4 1856//23
s 473
f 1857//1 1858//1 1859//4
f 1858//1 1860//1 1859//4
s 474
f 1861//1 1862//6 1863//7
f 1863//7 1862//6 1864//1
f 1862//6 1865//1 1864//1
f 1864//1 1865//1 1866//1
s 475
f 1867//1 1868//1 1869//1
f 1869//1 1868//1 1870//1
f 1868//1 1871//7 1870//1
f 1870//1 1871//7 1872//1
s 476
f 1873//1 1874//1 1875//1
f 1875//1 1874//1 1876//8
f 1874//1 1877//6 1876//8
f 1876//8 1877//6 1878//1
s 477
f 1879//1 1880//1 1881//1
f 1881//1 1880//1 1882//1
f 1880//1 1883//1 1882//1
f 1882//1 1883//1 1884//1
s 478
f 1885//1 1886//7 1887//7
f 1887//7 1886//7 1888//1
f 1886//7 1889//1 1888//1
f 1889//1 1890//1 1888//1
s 479
f 1891//1 1892//4 1893//4
s 480
f 1894//4 1895//1 1896//1
f 1895//1 1897//1 1896//1
f 1896//1 1897//1 1898//1
s 481
f 1899//1 1900//1 1901//1
f 1901//1 1900//1 1902//24
f 1900//1 1903//24 1902//24
f 1902//24 1903//24 1904//1
s 482
f 1905//4 1906//1 1907//23
s 483
f 1908//1 1909//1 1910//1
f 1909//1 1911//1 1910//1
f 1910//1 1911//1 1912//1
s 484
f 1913//1 1914//1 1915//1
f 1915//1 1914//1 1916//10
f 1914//1 1917//7 1916//10
f 1916//10 1917//7 1918//1
s 485
f 1919//1 1920//1 1921//1
f 1921//1 1920//1 1922//6
f 1920//1 1923//7 1922//6
f 1922//6 1923//7 1924//1
s 486
f 1925//1 1926//1 1927//1
f 1927//1 1926//1 1928//9
f 1926//1 1929//1 1928//9
f 1928//9 1929//1 1930//1
s 487
f 1931//1 1932//1 1933//1
f 1932//1 1934//1 1933//1
s 488
f 1935//7 1936//1 1937//1
s 489
f 1938//1 1939//1 1940//1
s 490
f 1941//7 1942//1 1943//1
s 491
f 1944//1 1945//1 1946//1
s 492
f 1947//1 1948//1 1949//1
f 1949//1 1948//1 1950//1
s 493
f 1951//1 1952//4 1953//4
s 494
f 1954//1 1955//15 1956//1
s 495
f 1957//1 1958//1 1959//1
f 1959//1 1958//1 1960//1
s 496
f 1961//1 1962//1 1963//1
s 497
f 1964//1 1965//1 1966//1
f 1965//1 1967//1 1966//1
f 1967//1 1968//1 1966//1
s 498
f 1969//1 1970//1 1971//1
f 1971//1 1970//1 1972//1
f 1970//1 1973//1 1972//1
f 1973//1 1974//1 1972//1
s 499
f 1975//1 1976//1 1977//1
f 1976//1 1978//4 1977//1
f 1977//1 1978//4 1979//1
f 1978//4 1980//1 1979//1
s 500
f 1981//1 1982//1 1983//1
s 501
f 1984//1 1985//1 1986//1
f 1985//1 1987//1 1986//1
f 1987//1 1988//1 1986//1
s 502
f 1989//1 1990//1 1991//7
f 1991//7 1990//1 1992//1
f 1990//1 1993//1 1992//1
f 1993//1 1994//1 1992//1
s 503
f 1995//5 1996//1 1997//5
s 504
f 1998//1 1999//1 2000//1
s 505
f 2001//1 2002//1 2003//1
f 2002//1 2004//1 2003//1
s 506
f 2005//1 2006//7 2007//1
f 2006//7 2008//1 2007//1
f 2007//1 2008//1 2009//1
f 2009//1 2008//1 2010//1
s 507
f 2011//1 2012//1 2013//1
f 2013//1 2012//1 2014//1
f 2012//1 2015//1 2014//1
f 2014//1 2015//1 2016//1
s 508
f 2017//7 2018//1 2019//7
s 509
f 2020//1 2021//1 2022//1
s 510
f 2023//1 2024//1 2025//1
s 511
f 2026//1 2027//1 2028//1
s 512
f 2029//1 2030//1 2031//1
f 2031//1 2030//1 2032//6
f 2030//1 2033//7 2032//6
f 2032//6 2033//7 2034//1
s 513
f 2035//1 2036//1 2037//1
s 514
f 2038//1 2039//4 2040//1
s 515
f 2041//1 2042//1 2043//1
f 2042//1 2044//1 2043//1
s 516
f 2045//1 2046//4 2047//1
f 2047//1 2046//4 2048//4
f 2046//4 2049//1 2048//4
f 2048//4 2049//1 2050//1
s 517
f 2051//1 2052//1 2053//1
f 2053//1 2052//1 2054//1
f 2052//1 2055//7 2054//1
f 2054//1 2055//7 2056//1
s 518
f 2057//1 2058//1 2059//1
f 2059//1 2058//1 2060//7
f 2058//1 2061//1 2060//7
s 519
f 2062//46 2063//46 2064//20
s 520
f 2065//7 2066//1 2067//1
f 2067//1 2066//1 2068//8
f 2066//1 2069//7 2068//8
f 2068//8 2069//7 2070//1
s 521
f 2071//1 2072//1 2073//1
s 522
f 2074//1 2075//1 2076//1
s 523
f 2077//1 2078//7 2079//1
s 524
f 2080//1 2081//1 2082//1
s 525
f 2083//5 2084//1 2085//1
f 2085//1 2084//1 2086//1
s 526
f 2087//1 2088//1 2089//1
f 2088//1 2090//1 2089//1
s 527
f 2091//1 2092//5 2093//1
f 2092//5 2094//1 2093//1
s 528
f 2095//5 2096//1 2097//1
f 2097//1 2096//1 2098//1
s 529
f 2099//1 2100//1 2101//1
s 530
f 2102//5 2103//7 2104//1
f 2103//7 2105//1 2104//1
f 2105//1 2106//1 2104//1
s 531
f 2107//1 2108//1 2109//1
f 2109//1 2108//1 2110//1
f 2108//1 2111//1 2110//1
f 2111//1 2112//1 2110//1
s 532
f 2113//1 2114//1 2115//1
f 2114//1 2116//1 2115//1
s 533
f 2117//1 2118//1 2119//1
f 2119//1 2118//1 2120//1
s 534
f 2121//1 2122//1 2123//1
f 2122//1 2124//7 2123//1
f 2123//1 2124//7 2125//1
f 2124//7 2126//1 2125//1
s 535
f 2127//1 2128//1 2129//1
s 536
f 2130//1 2131//1 2132//47
f 2131//1 2133//1 2132//47
f 2133//1 2134//1 2132//47
s 537
f 2135//1 2136//1 2137//7
f 2137//7 2136//1 2138//1
f 2138//1 2136//1 2139//1
s 538
f 2140//1 2141//1 2142//1
s 539
f 2143//1 2144//7 2145//24
f 2145//24 2144//7 2146//1
s 540
f 2147//1 2148//1 2149//1
f 2148//1 2150//1 2149//1
s 541
f 2151//1 2152//1 2153//1
s 542
f 2154//1 2155//1 2156//7
f 2155//1 2157//1 2156//7
f 2157//1 2158//1 2156//7
s 543
f 2159//1 2160//7 2161//1
s 544
f 2162//1 2163//1 2164//1
s 545
f 2165//1 2166//1 2167//1
f 2167//1 2166//1 2168//1
s 546
f 2169//1 2170//24 2171//8
f 2170//24 2172//1 2171//8
s 547
f 2173//7 2174//1 2175//1
f 2175//1 2174//1 2176//1
s 548
f 2177//1 2178//1 2179//2
f 2179//2 2178//1 2180//1
f 2178//1 2181//1 2180//1
f 2180//1 2181//1 2182//1
s 549
f 2183//1 2184//1 2185//1
f 2185//1 2184//1 2186//4
f 2184//1 2187//17 2186//4
f 2187//17 2188//1 2186//4
s 550
f 2189//1 2190//1 2191//4
f 2191//4 2190//1 2192//1
f 2190//1 2193//1 2192//1
f 2192//1 2193//1 2194//1
s 551
f 2195//1 2196//1 2197//1
f 2197//1 2196//1 2198//7
f 2196//1 2199//8 2198//7
f 2198//7 2199//8 2200//1
s 552
f 2201//1 2202//1 2203//1
f 2202//1 2204//5 2203//1
f 2204//5 2205//1 2203//1
s 553
f 2206//1 2207//1 2208//1
s 554
f 2209//1 2210//1 2211//1
f 2211//1 2210//1 2212//1
f 2210//1 2213//1 2212//1
f 2212//1 2213//1 2214//1
s 555
f 2215//1 2216//1 2217//7
f 2216//1 2218//1 2217//7
f 2217//7 2218//1 2219//1
f 2219//1 2218//1 2220//1
s 556
f 2221//1 2222//1 2223//2
f 2223//2 2222//1 2224//1
f 2222//1 2225//1 2224//1
f 2224//1 2225//1 2226//1
s 557
f 2227//1 2228//1 2229//1
s 558
f 2230//1 2231//1 2232//1
f 2231//1 2233//1 2232//1
f 2232//1 2233//1 2234//1
s 559
f 2235//1 2236//24 2237//24
f 2237//24 2236//24 2238//1
f 2236//24 2239//1 2238//1
f 2238//1 2239//1 2240//1
s 560
f 2241//1 2242//1 2243//7
f 2243//7 2242//1 2244//1
f 2244//1 2242//1 2245//1
s 561
f 2246//1 2247//1 2248//1
s 562
f 2249//1 2250//1 2251//1
s 563
f 2252//1 2253//1 2254//1
f 2253//1 2255//1 2254//1
f 2255//1 2256//1 2254//1
s 564
f 2257//1 2258//7 2259//6
f 2259//6 2258//7 2260//1
f 2258//7 2261//5 2260//1
f 2261//5 2262//1 2260//1
s 565
g Panele_izquierdo2_cal_solar_4
usemtl cal_solar_4
f 2263//1 2264//1 2265//1
f 2264//1 2266//2 2265//1
f 2265//1 2266//2 2267//7
f 2266//2 2268//1 2267//7
s 566
f 2269//1 2270//1 2271//1
f 2270//1 2272//1 2271//1
f 2271//1 2272//1 2273//1
f 2273//1 2272//1 2274//1
s 567
f 2275//1 2276//1 2277//1
f 2276//1 2278//1 2277//1
s 568
f 2279//1 2280//1 2281//1
s 569
f 2282//1 2283//1 2284//1
s 570
f 2285//1 2286//1 2287//1
s 571
f 2288//1 2289//7 2290//1
f 2289//7 2291//1 2290//1
f 2291//1 2292//1 2290//1
s 572
f 2293//15 2294//1 2295//1
s 573
f 2296//1 2297//1 2298//1
s 574
f 2299//1 2300//1 2301//1
f 2301//1 2300//1 2302//1
s 575
f 2303//1 2304//1 2305//1
f 2305//1 2304//1 2306//1
s 576
f 2307//1 2308//1 2309//1
f 2308//1 2310//1 2309//1
s 577
f 2311//1 2312//1 2313//24
f 2313//24 2312//1 2314//1
s 578
f 2315//1 2316//1 2317//1
s 579
f 2318//1 2319//1 2320//1
s 580
f 2321//1 2322//18 2323//1
f 2323//1 2322//18 2324//1
f 2322//18 2325//1 2324//1
f 2325//1 2326//1 2324//1
s 581
f 2327//1 2328//1 2329//1
f 2329//1 2328//1 2330//1
f 2328//1 2331//1 2330//1
f 2330//1 2331//1 2332//1
s 582
f 2333//1 2334//1 2335//1
s 583
f 2336//1 2337//1 2338//1
f 2337//1 2339//1 2338//1
f 2339//1 2340//1 2338//1
s 584
f 2341//1 2342//1 2343//1
f 2343//1 2342//1 2344//1
f 2342//1 2345//1 2344//1
f 2344//1 2345//1 2346//1
s 585
f 2347//1 2348//1 2349//5
f 2348//1 2350//7 2349//5
f 2349//5 2350//7 2351//12
f 2351//12 2350//7 2352//1
s 586
f 2353//1 2354//1 2355//1
f 2355//1 2354//1 2356//1
f 2354//1 2357//1 2356//1
f 2356//1 2357//1 2358//1
s 587
f 2359//1 2360//1 2361//1
s 588
f 2362//1 2363//1 2364//1
f 2363//1 2365//1 2364//1
f 2364//1 2365//1 2366//1
s 589
f 2367//1 2368//1 2369//1
f 2369//1 2368//1 2370//1
f 2368//1 2371//1 2370//1
f 2370//1 2371//1 2372//1
s 590
f 2373//1 2374//1 2375//1
f 2374//1 2376//1 2375//1
f 2376//1 2377//1 2375//1
s 591
f 2378//1 2379//1 2380//1
s 592
f 2381//1 2382//1 2383//1
s 593
f 2384//1 2385//1 2386//1
f 2385//1 2387//1 2386//1
f 2386//1 2387//1 2388//1
s 594
f 2389//1 2390//1 2391//23
f 2391//23 2390//1 2392//1
f 2390//1 2393//1 2392//1
f 2393//1 2394//1 2392//1
s 595
f 2395//1 2396//1 2397//1
f 2397//1 2396//1 2398//1
s 596
f 2399//5 2400//4 2401//1
f 2400//4 2402//1 2401//1
s 597
f 2403//1 2404//1 2405//1
s 598
f 2406//1 2407//1 2408//1
f 2408//1 2407//1 2409//1
f 2407//1 2410//1 2409//1
s 599
f 2411//1 2412//7 2413//48
f 2412//7 2414//1 2413//48
f 2413//48 2414//1 2415//1
f 2414//1 2416//1 2415//1
s 600
f 2417//1 2418//1 2419//1
f 2419//1 2418//1 2420//1
s 601
f 2421//1 2422//1 2423//1
s 602
f 2424//1 2425//1 2426//1
s 603
f 2427//1 2428//7 2429//1
f 2429//1 2428//7 2430//1
f 2428//7 2431//1 2430//1
f 2431//1 2432//1 2430//1
s 604
f 2433//1 2434//1 2435//7
s 605
f 2436//1 2437//1 2438//1
s 606
f 2439//1 2440//1 2441//1
f 2441//1 2440//1 2442//1
s 607
f 2443//1 2444//1 2445//1
f 2445//1 2444//1 2446//1
f 2444//1 2447//1 2446//1
s 608
f 2448//1 2449//1 2450//1
s 609
f 2451//1 2452//1 2453//1
f 2453//1 2452//1 2454//1
f 2454//1 2452//1 2455//1
s 610
f 2456//1 2457//1 2458//1
s 611
f 2459//1 2460//23 2461//1
f 2461//1 2460//23 2462//1
s 612
f 2463//1 2464//1 2465//1
s 613
f 2466//1 2467//1 2468//4
s 614
f 2469//1 2470//11 2471//1
f 2471//1 2470//11 2472//1
f 2470//11 2473//1 2472//1
f 2472//1 2473//1 2474//1
s 615
f 2475//1 2476//11 2477//1
f 2477//1 2476//11 2478//49
f 2476//11 2479//1 2478//49
s 616
f 2480//1 2481//1 2482//1
s 617
f 2483//1 2484//1 2485//1
f 2485//1 2484//1 2486//1
f 2486//1 2484//1 2487//1
s 618
f 2488//1 2489//1 2490//1
s 619
f 2491//1 2492//5 2493//1
f 2493//1 2492//5 2494//7
f 2492//5 2495//7 2494//7
f 2494//7 2495//7 2496//1
s 620
f 2497//7 2498//1 2499//1
f 2498//1 2500//1 2499//1
s 621
f 2501//5 2502//1 2503//1
f 2503//1 2502//1 2504//1
s 622
f 2505//1 2506//1 2507//1
f 2507//1 2506//1 2508//1
s 623
f 2509//1 2510//1 2511//1
f 2510//1 2512//1 2511//1
s 624
f 2513//1 2514//1 2515//1
s 625
f 2516//1 2517//1 2518//1
s 626
f 2519//1 2520//1 2521//1
s 627
f 2522//1 2523//1 2524//1
s 628
f 2525//1 2526//1 2527//1
s 629
f 2528//1 2529//6 2530//1
f 2530//1 2529//6 2531//8
f 2531//8 2529//6 2532//1
s 630
f 2533//1 2534//1 2535//1
f 2535//1 2534//1 2536//1
f 2534//1 2537//1 2536//1
f 2537//1 2538//1 2536//1
s 631
f 2539//1 2540//1 2541//1
f 2541//1 2540//1 2542//1
s 632
f 2543//1 2544//1 2545//1
s 633
f 2546//1 2547//1 2548//1
s 634
f 2549//1 2550//1 2551//1
f 2551//1 2550//1 2552//1
f 2550//1 2553//7 2552//1
f 2552//1 2553//7 2554//1
s 635
f 2555//1 2556//1 2557//1
f 2557//1 2556//1 2558//1
f 2556//1 2559//1 2558//1
f 2558//1 2559//1 2560//1
s 636
f 2561//1 2562//5 2563//1
s 637
f 2564//1 2565//1 2566//1
s 638
f 2567//1 2568//1 2569//1
f 2569//1 2568//1 2570//1
s 639
f 2571//1 2572//1 2573//1
f 2573//1 2572//1 2574//1
f 2572//1 2575//1 2574//1
f 2574//1 2575//1 2576//1
s 640
f 2577//1 2578//1 2579//1
f 2578//1 2580//1 2579//1
s 641
f 2581//7 2582//1 2583//1
s 642
f 2584//1 2585//1 2586//1
s 643
f 2587//1 2588//1 2589//1
f 2589//1 2588//1 2590//1
f 2588//1 2591//1 2590//1
f 2590//1 2591//1 2592//1
s 644
f 2593//1 2594//1 2595//1
f 2595//1 2594//1 2596//1
f 2594//1 2597//4 2596//1
f 2596//1 2597//4 2598//1
s 645
f 2599//1 2600//1 2601//1
f 2601//1 2600//1 2602//22
f 2600//1 2603//1 2602//22
f 2602//22 2603//1 2604//1
s 646
f 2605//1 2606//1 2607//1
s 647
f 2608//1 2609//1 2610//1
s 648
f 2611//1 2612//1 2613//1
f 2612//1 2614//1 2613//1
s 649
f 2615//1 2616//1 2617//1
f 2616//1 2618//20 2617//1
f 2617//1 2618//20 2619//1
f 2618//20 2620//1 2619//1
s 650
f 2621//1 2622//1 2623//1
f 2622//1 2624//24 2623//1
s 651
f 2625//1 2626//1 2627//1
f 2627//1 2626//1 2628//1
s 652
f 2629//1 2630//5 2631//1
f 2631//1 2630//5 2632//1
f 2630//5 2633//6 2632//1
f 2633//6 2634//1 2632//1
s 653
f 2635//1 2636//1 2637//1
f 2637//1 2636//1 2638//1
f 2636//1 2639//1 2638//1
f 2639//1 2640//1 2638//1
s 654
f 2641//4 2642//1 2643//23
f 2643//23 2642//1 2644//50
f 2642//1 2645//1 2644//50
f 2645//1 2646//1 2644//50
s 655
f 2647//1 2648//1 2649//1
s 656
f 2650//1 2651//1 2652//1
f 2652//1 2651//1 2653//1
s 657
f 2654//1 2655//1 2656//1
s 658
f 2657//4 2658//1 2659//1
s 659
f 2660//1 2661//1 2662//1
f 2661//1 2663//1 2662//1
f 2662//1 2663//1 2664//1
s 660
g Panele_izquierdo2_cal_solar_6
usemtl cal_solar_6
f 2665//1 2666//1 2667//1
f 2667//1 2666//1 2668//1
f 2668//1 2666//1 2669//1
s 661
f 2670//1 2671//1 2672//1
s 662
f 2673//1 2674//1 2675//1
f 2675//1 2674//1 2676//1
f 2674//1 2677//1 2676//1
f 2676//1 2677//1 2678//1
s 663
f 2679//1 2680//1 2681//1
f 2681//1 2680//1 2682//1
f 2680//1 2683//1 2682//1
f 2682//1 2683//1 2684//1
s 664
f 2685//1 2686//1 2687//1
f 2687//1 2686//1 2688//1
s 665
f 2689//1 2690//1 2691//1
s 666
f 2692//1 2693//1 2694//1
s 667
f 2695//1 2696//11 2697//1
f 2697//1 2696//11 2698//1
f 2696//11 2699//7 2698//1
f 2698//1 2699//7 2700//1
s 668
f 2701//1 2702//7 2703//1
f 2703//1 2702//7 2704//1
f 2702//7 2705//1 2704//1
f 2705//1 2706//1 2704//1
s 669
f 2707//1 2708//5 2709//1
f 2709//1 2708//5 2710//6
f 2708//5 2711//1 2710//6
f 2710//6 2711//1 2712//1
s 670
f 2713//1 2714//1 2715//1
s 671
f 2716//1 2717//1 2718//1
f 2717//1 2719//1 2718//1
f 2718//1 2719//1 2720//1
s 672
f 2721//1 2722//10 2723//1
f 2723//1 2722//10 2724//1
f 2722//10 2725//1 2724//1
f 2724//1 2725//1 2726//1
s 673
f 2727//1 2728//11 2729//1
f 2729//1 2728//11 2730//1
f 2728//11 2731//1 2730//1
f 2730//1 2731//1 2732//1
s 674
f 2733//1 2734//1 2735//7
f 2735//7 2734//1 2736//1
f 2734//1 2737//5 2736//1
f 2737//5 2738//1 2736//1
s 675
f 2739//1 2740//10 2741//1
f 2741//1 2740//10 2742//1
f 2740//10 2743//6 2742//1
f 2742//1 2743//6 2744//1
s 676
f 2745//1 2746//1 2747//1
f 2747//1 2746//1 2748//1
s 677
f 2749//1 2750//1 2751//1
f 2750//1 2752//1 2751//1
s 678
f 2753//1 2754//1 2755//1
f 2754//1 2756//1 2755//1
s 679
f 2757//1 2758//1 2759//1
s 680
f 2760//1 2761//1 2762//1
s 681
f 2763//1 2764//1 2765//1
s 682
f 2766//1 2767//1 2768//1
s 683
f 2769//1 2770//1 2771//1
f 2770//1 2772//1 2771//1
s 684
f 2773//1 2774//1 2775//1
f 2775//1 2774//1 2776//1
f 2774//1 2777//1 2776//1
f 2776//1 2777//1 2778//1
s 685
f 2779//1 2780//1 2781//1
s 686
f 2782//1 2783//1 2784//1
s 687
f 2785//1 2786//1 2787//1
f 2786//1 2788//1 2787//1
s 688
f 2789//1 2790//1 2791//1
s 689
f 2792//1 2793//1 2794//1
f 2793//1 2795//1 2794//1
f 2794//1 2795//1 2796//1
s 690
f 2797//1 2798//1 2799//1
s 691
f 2800//1 2801//1 2802//1
s 692
f 2803//1 2804//1 2805//1
f 2804//1 2806//1 2805//1
s 693
f 2807//1 2808//1 2809//1
f 2809//1 2808//1 2810//51
f 2808//1 2811//7 2810//51
f 2810//51 2811//7 2812//1
s 694
f 2813//1 2814//1 2815//1
f 2815//1 2814//1 2816//7
f 2814//1 2817//7 2816//7
f 2816//7 2817//7 2818//1
s 695
f 2819//1 2820//1 2821//1
f 2821//1 2820//1 2822//1
f 2820//1 2823//1 2822//1
f 2823//1 2824//1 2822//1
s 696
f 2825//1 2826//1 2827//1
s 697
f 2828//1 2829//1 2830//10
f 2829//1 2831//8 2830//10
f 2830//10 2831//8 2832//1
s 698
f 2833//1 2834//1 2835//1
s 699
f 2836//1 2837//1 2838//1
f 2837//1 2839//1 2838//1
f 2839//1 2840//1 2838//1
s 700
f 2841//4 2842//1 2843//4
s 701
f 2844//1 2845//1 2846//3
f 2845//1 2847//1 2846//3
f 2846//3 2847//1 2848//1
s 702
f 2849//1 2850//1 2851//6
f 2851//6 2850//1 2852//1
f 2850//1 2853//1 2852//1
f 2853//1 2854//1 2852//1
s 703
f 2855//1 2856//1 2857//1
f 2856//1 2858//1 2857//1
f 2857//1 2858//1 2859//1
f 2858//1 2860//1 2859//1
s 704
f 2861//1 2862//1 2863//1
f 2863//1 2862//1 2864//1
f 2862//1 2865//1 2864//1
f 2865//1 2866//1 2864//1
s 705
f 2867//1 2868//1 2869//1
f 2869//1 2868//1 2870//1
f 2868//1 2871//1 2870//1
f 2871//1 2872//1 2870//1
s 706
f 2873//1 2874//1 2875//1
f 2875//1 2874//1 2876//1
f 2876//1 2874//1 2877//1
s 707
f 2878//1 2879//1 2880//1
s 708
f 2881//1 2882//1 2883//1
f 2882//1 2884//1 2883//1
f 2883//1 2884//1 2885//1
f 2885//1 2884//1 2886//1
s 709
f 2887//1 2888//1 2889//1
f 2888//1 2890//1 2889//1
s 710
f 2891//1 2892//1 2893//6
f 2893//6 2892//1 2894//1
s 711
f 2895//1 2896//1 2897//1
f 2897//1 2896//1 2898//1
f 2898//1 2896//1 2899//1
s 712
f 2900//1 2901//1 2902//1
s 713
f 2903//1 2904//1 2905//1
f 2904//1 2906//6 2905//1
f 2905//1 2906//6 2907//1
f 2906//6 2908//1 2907//1
s 714
f 2909//1 2910//1 2911//1
s 715
f 2912//1 2913//1 2914//1
f 2913//1 2915//1 2914//1
f 2914//1 2915//1 2916//1
s 716
f 2917//1 2918//5 2919//1
f 2919//1 2918//5 2920//52
f 2918//5 2921//1 2920//52
f 2921//1 2922//1 2920//52
s 717
f 2923//1 2924//1 2925//4
s 718
f 2926//1 2927//7 2928//1
f 2928//1 2927//7 2929//1
s 719
f 2930//1 2931//1 2932//1
s 720
f 2933//1 2934//5 2935//5
f 2935//5 2934//5 2936//1
f 2934//5 2937//5 2936//1
f 2936//1 2937//5 2938//1
s 721
f 2939//1 2940//1 2941//1
f 2940//1 2942//1 2941//1
s 722
f 2943//1 2944//1 2945//1
s 723
f 2946//1 2947//1 2948//1
s 724
f 2949//1 2950//1 2951//1
s 725
f 2952//1 2953//1 2954//1
s 726
f 2955//5 2956//1 2957//1
f 2957//1 2956//1 2958//1
s 727
f 2959//1 2960//1 2961//1
s 728
f 2962//1 2963//1 2964//1
f 2964//1 2963//1 2965//1
f 2965//1 2963//1 2966//1
s 729
f 2967//1 2968//1 2969//1
f 2968//1 2970//1 2969//1
f 2969//1 2970//1 2971//1
f 2970//1 2972//1 2971//1
s 730
f 2973//1 2974//1 2975//1
f 2974//1 2976//1 2975//1
f 2975//1 2976//1 2977//7
f 2977//7 2976//1 2978//1
s 731
f 2979//1 2980//1 2981//1
f 2981//1 2980//1 2982//1
s 732
f 2983//1 2984//1 2985//1
s 733
f 2986//1 2987//1 2988//1
s 734
f 2989//1 2990//1 2991//1
f 2991//1 2990//1 2992//2
f 2990//1 2993//1 2992//2
f 2992//2 2993//1 2994//1
s 735
f 2995//1 2996//1 2997//1
s 736
f 2998//1 2999//10 3000//1
f 2999//10 3001//1 3000//1
f 3000//1 3001//1 3002//1
s 737
f 3003//1 3004//1 3005//1
f 3004//1 3006//1 3005//1
f 3005//1 3006//1 3007//1
f 3006//1 3008//1 3007//1
s 738
f 3009//1 3010//1 3011//1
s 739
f 3012//1 3013//1 3014//1
f 3013//1 3015//1 3014//1
f 3014//1 3015//1 3016//1
s 740
f 3017//1 3018//1 3019//1
f 3019//1 3018//1 3020//1
s 741
f 3021//1 3022//7 3023//1
f 3022//7 3024//1 3023//1
s 742
f 3025//1 3026//1 3027//7
f 3027//7 3026//1 3028//1
f 3026//1 3029//1 3028//1
f 3028//1 3029//1 3030//1
s 743
f 3031//5 3032//5 3033//1
s 744
f 3034//1 3035//1 3036//1
s 745
f 3037//1 3038//1 3039//1
f 3038//1 3040//1 3039//1
s 746
f 3041//1 3042//1 3043//1
s 747
f 3044//1 3045//1 3046//1
f 3045//1 3047//1 3046//1
f 3047//1 3048//1 3046//1
s 748
f 3049//1 3050//1 3051//1
f 3051//1 3050//1 3052//1
f 3050//1 3053//1 3052//1
f 3052//1 3053//1 3054//1
s 749
f 3055//1 3056//1 3057//1
f 3057//1 3056//1 3058//1
s 750
f 3059//1 3060//1 3061//1
s 751
f 3062//1 3063//1 3064//1
s 752
f 3065//1 3066//1 3067//1
f 3067//1 3066//1 3068//7
f 3066//1 3069//1 3068//7
f 3068//7 3069//1 3070//1
s 753
f 3071//1 3072//1 3073//1
s 754
f 3074//1 3075//1 3076//1
f 3075//1 3077//1 3076//1
f 3076//1 3077//1 3078//1
s 755
f 3079//1 3080//1 3081//1
f 3081//1 3080//1 3082//5
f 3082//5 3080//1 3083//1
s 756
f 3084//1 3085//1 3086//1
s 757
g Panele_izquierdo2_cal_solar_7
usemtl cal_solar_7
f 3087//5 3088//1 3089//1
f 3089//1 3088//1 3090//1
s 758
f 3091//1 3092//1 3093//1
f 3092//1 3094//1 3093//1
s 759
f 3095//1 3096//1 3097//1
f 3097//1 3096//1 3098//7
f 3096//1 3099//7 3098//7
f 3099//7 3100//1 3098//7
s 760
f 3101//1 3102//1 3103//1
f 3103//1 3102//1 3104//1
f 3102//1 3105//1 3104//1
f 3104//1 3105//1 3106//1
s 761
f 3107//1 3108//1 3109//1
s 762
f 3110//1 3111//1 3112//1
s 763
f 3113//1 3114//7 3115//24
f 3114//7 3116//1 3115//24
s 764
f 3117//1 3118//7 3119//1
f 3119//1 3118//7 3120//1
s 765
f 3121//5 3122//1 3123//1
f 3122//1 3124//1 3123//1
s 766
f 3125//1 3126//1 3127//1
f 3127//1 3126//1 3128//45
f 3126//1 3129//1 3128//45
f 3129//1 3130//1 3128//45
s 767
f 3131//1 3132//1 3133//6
f 3133//6 3132//1 3134//1
f 3132//1 3135//1 3134//1
f 3135//1 3136//1 3134//1
s 768
f 3137//1 3138//1 3139//1
f 3139//1 3138//1 3140//1
f 3138//1 3141//1 3140//1
f 3141//1 3142//1 3140//1
s 769
f 3143//1 3144//1 3145//1
s 770
f 3146//7 3147//1 3148//1
f 3147//1 3149//1 3148//1
f 3149//1 3150//1 3148//1
s 771
f 3151//1 3152//1 3153//7
f 3153//7 3152//1 3154//1
f 3152//1 3155//5 3154//1
f 3155//5 3156//1 3154//1
s 772
f 3157//1 3158//1 3159//1
f 3159//1 3158//1 3160//5
f 3160//5 3158//1 3161//5
s 773
f 3162//1 3163//1 3164//1
s 774
f 3165//1 3166//1 3167//1
s 775
f 3168//7 3169//1 3170//5
f 3170//5 3169//1 3171//1
s 776
f 3172//1 3173//1 3174//1
s 777
f 3175//1 3176//1 3177//1
f 3176//1 3178//1 3177//1
s 778
f 3179//5 3180//7 3181//1
f 3181//1 3180//7 3182//1
s 779
f 3183//1 3184//1 3185//1
f 3185//1 3184//1 3186//1
f 3184//1 3187//1 3186//1
f 3186//1 3187//1 3188//1
s 780
f 3189//1 3190//10 3191//1
f 3191//1 3190//10 3192//11
f 3190//10 3193//1 3192//11
f 3192//11 3193//1 3194//1
s 781
f 3195//1 3196//1 3197//1
s 782
f 3198//5 3199//1 3200//1
f 3199//1 3201//1 3200//1
f 3200//1 3201//1 3202//1
s 783
f 3203//23 3204//1 3205//1
f 3205//1 3204//1 3206//1
f 3204//1 3207//1 3206//1
f 3207//1 3208//1 3206//1
s 784
f 3209//1 3210//1 3211//1
f 3211//1 3210//1 3212//1
f 3210//1 3213//1 3212//1
f 3213//1 3214//1 3212//1
s 785
f 3215//1 3216//1 3217//1
f 3216//1 3218//1 3217//1
f 3217//1 3218//1 3219//1
f 3219//1 3218//1 3220//1
s 786
f 3221//1 3222//3 3223//1
f 3223//1 3222//3 3224//1
f 3222//3 3225//1 3224//1
f 3225//1 3226//1 3224//1
s 787
f 3227//7 3228//1 3229//1
f 3229//1 3228//1 3230//1
f 3228//1 3231//1 3230//1
f 3231//1 3232//1 3230//1
s 788
f 3233//1 3234//1 3235//1
f 3235//1 3234//1 3236//1
f 3234//1 3237//1 3236//1
f 3236//1 3237//1 3238//1
s 789
f 3239//1 3240//1 3241//1
f 3241//1 3240//1 3242//1
s 790
f 3243//5 3244//1 3245//1
s 791
f 3246//1 3247//1 3248//1
s 792
f 3249//1 3250//1 3251//5
f 3250//1 3252//6 3251//5
f 3251//5 3252//6 3253//1
f 3253//1 3252//6 3254//1
s 793
f 3255//1 3256//1 3257//1
f 3257//1 3256//1 3258//1
f 3256//1 3259//1 3258//1
f 3258//1 3259//1 3260//1
s 794
f 3261//4 3262//4 3263//1
f 3263//1 3262//4 3264//1
f 3262//4 3265//1 3264//1
s 795
f 3266//1 3267//1 3268//1
s 796
f 3269//1 3270//1 3271//1
f 3270//1 3272//1 3271//1
s 797
f 3273//1 3274//25 3275//25
s 798
f 3276//1 3277//1 3278//1
s 799
f 3279//1 3280//1 3281//1
s 800
f 3282//4 3283//1 3284//1
f 3283//1 3285//1 3284//1
s 801
f 3286//1 3287//1 3288//1
s 802
f 3289//1 3290//7 3291//7
f 3291//7 3290//7 3292//1
f 3290//7 3293//1 3292//1
f 3293//1 3294//1 3292//1
s 803
f 3295//5 3296//1 3297//5
s 804
f 3298//1 3299//1 3300//1
s 805
f 3301//7 3302//1 3303//1
f 3303//1 3302//1 3304//1
s 806
f 3305//1 3306//1 3307//1
f 3307//1 3306//1 3308//53
f 3306//1 3309//1 3308//53
f 3309//1 3310//1 3308//53
s 807
f 3311//1 3312//1 3313//1
f 3313//1 3312//1 3314//7
f 3312//1 3315//6 3314//7
f 3314//7 3315//6 3316//1
s 808
f 3317//1 3318//1 3319//1
f 3319//1 3318//1 3320//1
f 3318//1 3321//4 3320//1
f 3321//4 3322//1 3320//1
s 809
f 3323//1 3324//1 3325//1
f 3325//1 3324//1 3326//1
f 3324//1 3327//1 3326//1
s 810
f 3328//1 3329//1 3330//1
s 811
g Panele_izquierdo2_cal_solar_back
usemtl cal_solar_back
f 3331//43 3332//28 3333//27
f 3332//28 3334//38 3333//27
s 812
f 3335//20 3336//54 3337//13
f 3336//54 3338//4 3337//13
s 813
f 3339//55 3340//55 3341//55
s 814
f 3342//55 3343//55 3344//55
s 815
f 3345//23 3346//1 3347//1
s 816
f 3348//1 3349//1 3350//1
s 817
g Panele_izquierdo2_cal_solar_side
usemtl cal_solar_side
f 3351//56 3352//56 3353//57
f 3352//56 3354//58 3353//57
s 818
f 3355//59 3356//59 3357//59
f 3357//59 3356//59 3358//59
s 819
f 3359//33 3360//60 3361//33
f 3360//60 3362//33 3361//33
s 820
g Panele_izquierdo2_cal_grey
usemtl cal_grey
f 3363//55 3364//55 3365//55
s 821
f 3366//55 3367//55 3368//55
s 822
f 3369//55 3370//55 3371//55
s 823
f 3372//39 3373//39 3374//33
s 824
f 3375//1 3376//1 3377//1
s 825
f 3378//1 3379//1 3380//1
s 826
f 3381//56 3382//56 3383//56
s 827
f 3384//61 3385//61 3386//61
s 828
f 3387//27 3388//27 3389//27
s 829
f 3390//62 3391//62 3392//63
s 830
f 3393//64 3394//65 3395//65
s 831
f 3396//33 3397//33 3398//33
s 832
f 3399//37 3400//37 3401//37
s 833
f 3402//33 3403//33 3404//33
s 834
f 3405//55 3406//55 3407//55
s 835
f 3408//56 3409//56 3410//56
s 836
f 3411//1 3412//1 3413//1
s 837
f 3414//59 3415//59 3416//59
s 838
f 3417//56 3418//56 3419//61
f 3419//61 3418//56 3420//58
s 839
f 3421//7 3422//1 3423//1
f 3422//1 3424//1 3423//1
s 840
f 3425//59 3426//59 3427//59
s 841
f 3428//59 3429//59 3430//59
s 842
f 3431//55 3432//55 3433//55
s 843
f 3434//33 3435//33 3436//33
s 844
f 3437//59 3438//59 3439//59
s 845
f 3440//65 3441//59 3442//65
s 846
f 3443//55 3444//55 3445//55
s 847
f 3446//55 3447//55 3448//55
s 848
f 3449//55 3450//55 3451//55
s 849
f 3452//55 3453//55 3454//55
s 850
f 3455//33 3456//33 3457//33
s 851
f 3458//66 3459//66 3460//66
s 852
f 3461//59 3462//59 3463//59
s 853
f 3464//7 3465//7 3466//7
s 854
f 3467//67 3468//67 3469//68
s 855
f 3470//56 3471//56 3472//56
s 856
f 3473//56 3474//56 3475//61
s 857
f 3476//27 3477//36 3478//69
s 858
f 3479//30 3480//27 3481//27
s 859
f 3482//66 3483//66 3484//66
s 860
f 3485//55 3486//55 3487//55
s 861
f 3488//58 3489//58 3490//58
s 862
f 3491//3 3492//4 3493//4
s 863
f 3494//59 3495//59 3496//59
s 864
f 3497//27 3498//27 3499//36
s 865
f 3500//27 3501//27 3502//27
s 866
f 3503//1 3504//1 3505//1
f 3504//1 3506//1 3505//1
s 867
f 3507//27 3508//27 3509//38
f 3508//27 3510//27 3509//38
s 868
f 3511//56 3512//56 3513//61
f 3513//61 3512//56 3514//56
s 869
f 3515//59 3516//59 3517//59
f 3516//59 3518//59 3517//59
s 870
f 3519//33 3520//33 3521//33
f 3521//33 3520//33 3522//33
s 871
f 3523//33 3524//33 3525//33
s 872
f 3526//33 3527//33 3528//33
s 873
f 3529//55 3530//55 3531//70
f 3530//55 3532//55 3531//70
s 874
f 3533//27 3534//27 3535//27
s 875
f 3536//27 3537//27 3538//27
s 876
f 3539//1 3540//1 3541//1
f 3540//1 3542//1 3541//1
s 877
f 3543//38 3544//27 3545//27
f 3545//27 3544//27 3546//27
s 878
f 3547//56 3548//56 3549//56
f 3549//56 3548//56 3550//56
s 879
f 3551//59 3552//59 3553//59
s 880
f 3554//59 3555//59 3556//59
s 881
g Panele_izquierdo2_cal_silver
usemtl cal_silver
f 3557//27 3558//27 3559//27
f 3558//27 3560//27 3559//27
s 882
f 3561//27 3562//27 3563//27
s 883
f 3564//71 3565//72 3566//27
s 884
f 3567//27 3568//41 3569//73
f 3568//41 3570//27 3569//73
s 885
f 3571//30 3572//28 3573//28
s 886
f 3574//27 3575//30 3576//29
s 887
f 3577//74 3578//74 3579//74
s 888
f 3580//27 3581//27 3582//27
s 889
f 3583//27 3584//27 3585//27
f 3584//27 3586//27 3585//27
s 890
f 3587//27 3588//27 3589//29
f 3588//27 3590//27 3589//29
s 891
f 3591//71 3592//27 3593//27
s 892
f 3594//29 3595//29 3596//27
s 893
f 3597//27 3598//27 3599//27
s 894
f 3600//27 3601//27 3602//27
s 895
f 3603//27 3604//27 3605//27
f 3604//27 3606//27 3605//27
s 896
f 3607//27 3608//27 3609//75
f 3608//27 3610//27 3609//75
s 897
f 3611//27 3612//27 3613//27
f 3612//27 3614//27 3613//27
s 898
f 3615//27 3616//27 3617//36
f 3616//27 3618//27 3617//36
s 899
f 3619//27 3620//27 3621//27
f 3620//27 3622//27 3621//27
s 900
f 3623//27 3624//27 3625//27
f 3624//27 3626//27 3625//27
s 901
f 3627//27 3628//32 3629//27
f 3628//32 3630//27 3629//27
s 902
f 3631//27 3632//27 3633//27
f 3632//27 3634//27 3633//27
s 903
f 3635//27 3636//27 3637//27
f 3636//27 3638//27 3637//27
s 904
f 3639//27 3640//27 3641//27
f 3640//27 3642//27 3641//27
s 905
f 3643//36 3644//36 3645//36
s 906
f 3646//36 3647//36 3648//71
s 907
f 3649//27 3650//76 3651//27
f 3650//76 3652//27 3651//27
s 908
f 3653//27 3654//27 3655//27
f 3654//27 3656//27 3655//27
s 909
f 3657//27 3658//27 3659//27
f 3658//27 3660//27 3659//27
s 910
f 3661//27 3662//36 3663//27
f 3662//36 3664//27 3663//27
s 911
f 3665//27 3666//27 3667//27
f 3666//27 3668//38 3667//27
s 912
f 3669//38 3670//27 3671//36
f 3670//27 3672//27 3671//36
s 913
g Panele_izquierdo2_cal_solar_2
usemtl cal_solar_2
f 3673//1 3674//1 3675//1
s 914
f 3676//1 3677//1 3678//1
f 3678//1 3677//1 3679//1
f 3677//1 3680//1 3679//1
s 915
f 3681//1 3682//1 3683//1
s 916
f 3684//1 3685//1 3686//11
f 3686//11 3685//1 3687//1
f 3685//1 3688//1 3687//1
s 917
f 3689//1 3690//7 3691//1
f 3691//1 3690//7 3692//1
f 3690//7 3693//7 3692//1
s 918
f 3694//1 3695//1 3696//1
s 919
f 3697//1 3698//2 3699//1
f 3699//1 3698//2 3700//7
f 3698//2 3701//6 3700//7
f 3701//6 3702//1 3700//7
s 920
f 3703//1 3704//1 3705//1
f 3705//1 3704//1 3706//1
f 3704//1 3707//1 3706//1
f 3706//1 3707//1 3708//1
s 921
f 3709//1 3710//1 3711//2
f 3710//1 3712//1 3711//2
f 3711//2 3712//1 3713//1
f 3713//1 3712//1 3714//1
s 922
f 3715//1 3716//2 3717//1
f 3717//1 3716//2 3718//7
f 3716//2 3719//7 3718//7
f 3718//7 3719//7 3720//1
s 923
f 3721//1 3722//1 3723//1
s 924
f 3724//1 3725//1 3726//1
f 3725//1 3727//1 3726//1
f 3726//1 3727//1 3728//1
s 925
f 3729//1 3730//1 3731//1
f 3731//1 3730//1 3732//1
f 3730//1 3733//1 3732//1
f 3733//1 3734//1 3732//1
s 926
f 3735//1 3736//1 3737//1
f 3736//1 3738//20 3737//1
f 3737//1 3738//20 3739//1
f 3739//1 3738//20 3740//1
s 927
f 3741//1 3742//1 3743//1
f 3743//1 3742//1 3744//1
f 3742//1 3745//1 3744//1
f 3745//1 3746//1 3744//1
s 928
f 3747//1 3748//1 3749//1
s 929
f 3750//1 3751//77 3752//1
f 3752//1 3751//77 3753//1
f 3753//1 3751//77 3754//1
s 930
f 3755//1 3756//1 3757//1
f 3756//1 3758//1 3757//1
f 3757//1 3758//1 3759//1
f 3759//1 3758//1 3760//1
s 931
f 3761//7 3762//4 3763//1
f 3763//1 3762//4 3764//1
s 932
f 3765//1 3766//1 3767//1
f 3766//1 3768//1 3767//1
s 933
f 3769//1 3770//1 3771//1
s 934
f 3772//1 3773//1 3774//1
f 3773//1 3775//1 3774//1
f 3774//1 3775//1 3776//1
s 935
f 3777//1 3778//1 3779//1
f 3778//1 3780//1 3779//1
s 936
f 3781//1 3782//1 3783//1
f 3783//1 3782//1 3784//1
s 937
f 3785//1 3786//1 3787//1
f 3787//1 3786//1 3788//1
f 3786//1 3789//7 3788//1
f 3788//1 3789//7 3790//1
s 938
f 3791//1 3792//1 3793//1
s 939
f 3794//1 3795//1 3796//1
s 940
f 3797//1 3798//1 3799//1
f 3799//1 3798//1 3800//1
s 941
f 3801//1 3802//1 3803//7
f 3803//7 3802//1 3804//1
f 3802//1 3805//1 3804//1
f 3805//1 3806//1 3804//1
s 942
f 3807//1 3808//1 3809//1
s 943
f 3810//1 3811//1 3812//1
s 944
f 3813//1 3814//1 3815//1
f 3814//1 3816//1 3815//1
s 945
f 3817//1 3818//1 3819//1
s 946
f 3820//1 3821//1 3822//1
s 947
f 3823//1 3824//7 3825//1
f 3825//1 3824//7 3826//1
s 948
f 3827//1 3828//1 3829//1
s 949
f 3830//5 3831//1 3832//1
f 3831//1 3833//1 3832//1
f 3833//1 3834//1 3832//1
s 950
f 3835//1 3836//1 3837//1
s 951
f 3838//1 3839//1 3840//1
s 952
f 3841//1 3842//1 3843//1
f 3843//1 3842//1 3844//1
s 953
f 3845//1 3846//6 3847//6
f 3846//6 3848//1 3847//6
f 3848//1 3849//5 3847//6
s 954
f 3850//1 3851//1 3852//1
s 955
f 3853//1 3854//1 3855//1
f 3854//1 3856//4 3855//1
f 3855//1 3856//4 3857//1
f 3856//4 3858//1 3857//1
s 956
f 3859//1 3860//1 3861//1
f 3860//1 3862//1 3861//1
s 957
f 3863//1 3864//7 3865//1
f 3865//1 3864//7 3866//1
s 958
f 3867//1 3868//1 3869//1
f 3869//1 3868//1 3870//1
s 959
f 3871//1 3872//1 3873//1
f 3872//1 3874//1 3873//1
s 960
f 3875//1 3876//1 3877//1
f 3876//1 3878//1 3877//1
f 3877//1 3878//1 3879//1
f 3879//1 3878//1 3880//1
s 961
f 3881//1 3882//1 3883//1
f 3883//1 3882//1 3884//52
f 3882//1 3885//48 3884//52
f 3885//48 3886//1 3884//52
s 962
f 3887//1 3888//1 3889//1
f 3889//1 3888//1 3890//1
s 963
f 3891//1 3892//1 3893//1
f 3892//1 3894//1 3893//1
s 964
f 3895//1 3896//78 3897//1
f 3897//1 3896//78 3898//10
f 3896//78 3899//1 3898//10
f 3898//10 3899//1 3900//1
s 965
f 3901//1 3902//1 3903//1
s 966
f 3904//1 3905//1 3906//1
s 967
f 3907//1 3908//4 3909//1
f 3908//4 3910//10 3909//1
s 968
f 3911//1 3912//1 3913//4
f 3913//4 3912//1 3914//46
f 3912//1 3915//1 3914//46
f 3915//1 3916//1 3914//46
s 969
f 3917//1 3918//6 3919//7
f 3919//7 3918//6 3920//1
f 3918//6 3921//1 3920//1
f 3921//1 3922//1 3920//1
s 970
f 3923//1 3924//6 3925//4
f 3925//4 3924//6 3926//1
f 3924//6 3927//1 3926//1
f 3926//1 3927//1 3928//1
s 971
f 3929//1 3930//1 3931//1
s 972
f 3932//5 3933//1 3934//1
f 3933//1 3935//1 3934//1
f 3934//1 3935//1 3936//1
s 973
f 3937//1 3938//1 3939//1
f 3938//1 3940//1 3939//1
s 974
f 3941//1 3942//1 3943//1
f 3943//1 3942//1 3944//1
s 975
f 3945//1 3946//1 3947//1
f 3946//1 3948//1 3947//1
f 3947//1 3948//1 3949//1
f 3948//1 3950//1 3949//1
s 976
f 3951//1 3952//7 3953//1
f 3952//7 3954//1 3953//1
f 3953//1 3954//1 3955//1
f 3954//1 3956//1 3955//1
s 977
f 3957//1 3958//1 3959//1
f 3959//1 3958//1 3960//1
s 978
f 3961//1 3962//7 3963//1
s 979
f 3964//1 3965//1 3966//1
s 980
f 3967//1 3968//2 3969//1
f 3969//1 3968//2 3970//1
f 3968//2 3971//6 3970//1
f 3971//6 3972//1 3970//1
s 981
f 3973//1 3974//1 3975//1
s 982
f 3976//1 3977//25 3978//7
f 3978//7 3977//25 3979//7
s 983
f 3980//1 3981//1 3982//1
s 984
f 3983//1 3984//1 3985//1
f 3985//1 3984//1 3986//1
f 3984//1 3987//1 3986//1
s 985
f 3988//1 3989//1 3990//1
s 986
f 3991//1 3992//1 3993//1
f 3993//1 3992//1 3994//1
f 3992//1 3995//1 3994//1
f 3994//1 3995//1 3996//1
s 987
f 3997//1 3998//23 3999//1
f 3999//1 3998//23 4000//1
s 988
f 4001//1 4002//1 4003//1
f 4002//1 4004//1 4003//1
s 989
f 4005//1 4006//1 4007//1
f 4006//1 4008//77 4007//1
f 4007//1 4008//77 4009//1
f 4009//1 4008//77 4010//1
s 990
f 4011//1 4012//1 4013//1
f 4013//1 4012//1 4014//7
f 4012//1 4015//7 4014//7
f 4014//7 4015//7 4016//1
s 991
f 4017//1 4018//6 4019//1
f 4019//1 4018//6 4020//1
f 4018//6 4021//1 4020//1
f 4021//1 4022//1 4020//1
s 992
f 4023//1 4024//1 4025//20
f 4025//20 4024//1 4026//1
f 4024//1 4027//1 4026//1
f 4027//1 4028//1 4026//1
s 993
f 4029//1 4030//8 4031//6
f 4030//8 4032//2 4031//6
f 4031//6 4032//2 4033//1
f 4032//2 4034//1 4033//1
s 994
f 4035//1 4036//1 4037//1
s 995
f 4038//7 4039//1 4040//10
f 4039//1 4041//1 4040//10
f 4041//1 4042//1 4040//10
s 996
f 4043//1 4044//1 4045//1
f 4045//1 4044//1 4046//1
f 4044//1 4047//8 4046//1
f 4047//8 4048//1 4046//1
s 997
f 4049//1 4050//1 4051//1
f 4051//1 4050//1 4052//1
f 4050//1 4053//1 4052//1
f 4053//1 4054//1 4052//1
s 998
f 4055//1 4056//1 4057//1
f 4056//1 4058//1 4057//1
s 999
f 4059//1 4060//1 4061//1
s 1000
f 4062//1 4063//1 4064//1
s 1001
f 4065//1 4066//1 4067//1
f 4067//1 4066//1 4068//1
f 4066//1 4069//1 4068//1
f 4069//1 4070//1 4068//1
s 1002
f 4071//1 4072//2 4073//1
f 4073//1 4072//2 4074//1
f 4072//2 4075//1 4074//1
f 4074//1 4075//1 4076//1
s 1003
f 4077//1 4078//1 4079//1
s 1004
f 4080//1 4081//1 4082//1
s 1005
f 4083//1 4084//1 4085//1
s 1006
f 4086//1 4087//1 4088//1
s 1007
f 4089//1 4090//1 4091//1
f 4091//1 4090//1 4092//1
f 4090//1 4093//1 4092//1
f 4093//1 4094//1 4092//1
s 1008
f 4095//1 4096//1 4097//1
f 4097//1 4096//1 4098//1
f 4096//1 4099//1 4098//1
f 4099//1 4100//1 4098//1
s 1009
f 4101//1 4102//1 4103//2
f 4103//2 4102//1 4104//6
f 4102//1 4105//7 4104//6
f 4104//6 4105//7 4106//1
s 1010
f 4107//1 4108//1 4109//1
f 4108//1 4110//1 4109//1
s 1011
f 4111//23 4112//4 4113//4
s 1012
f 4114//1 4115//1 4116//1
s 1013
f 4117//1 4118//7 4119//1
f 4119//1 4118//7 4120//1
f 4118//7 4121//1 4120//1
f 4120//1 4121//1 4122//1
s 1014
f 4123//1 4124//1 4125//2
f 4125//2 4124//1 4126//6
f 4124//1 4127//7 4126//6
f 4126//6 4127//7 4128//1
s 1015
f 4129//1 4130//1 4131//1
f 4131//1 4130//1 4132//11
f 4130//1 4133//1 4132//11
f 4132//11 4133//1 4134//1
s 1016
f 4135//1 4136//1 4137//2
f 4137//2 4136//1 4138//1
f 4136//1 4139//1 4138//1
f 4138//1 4139//1 4140//1
s 1017
f 4141//1 4142//1 4143//1
s 1018
f 4144//1 4145//1 4146//1
f 4145//1 4147//1 4146//1
f 4147//1 4148//1 4146//1
s 1019
f 4149//1 4150//1 4151//1
s 1020
f 4152//1 4153//1 4154//1
s 1021
f 4155//1 4156//1 4157//1
f 4156//1 4158//1 4157//1
s 1022
f 4159//1 4160//1 4161//1
f 4161//1 4160//1 4162//1
f 4162//1 4160//1 4163//1
s 1023
f 4164//1 4165//1 4166//1
s 1024
f 4167//1 4168//1 4169//1
s 1025
f 4170//1 4171//1 4172//1
s 1026
f 4173//1 4174//1 4175//1
s 1027
f 4176//1 4177//1 4178//1
s 1028
f 4179//1 4180//1 4181//1
f 4181//1 4180//1 4182//1
f 4180//1 4183//1 4182//1
f 4183//1 4184//1 4182//1
s 1029
f 4185//1 4186//9 4187//1
f 4187//1 4186//9 4188//1
f 4186//9 4189//7 4188//1
f 4189//7 4190//1 4188//1
s 1030
f 4191//1 4192//1 4193//1
f 4193//1 4192//1 4194//1
f 4192//1 4195//1 4194//1
f 4194//1 4195//1 4196//1
s 1031
f 4197//1 4198//1 4199//1
f 4198//1 4200//1 4199//1
f 4199//1 4200//1 4201//1
f 4200//1 4202//1 4201//1
s 1032
f 4203//1 4204//1 4205//1
f 4205//1 4204//1 4206//7
f 4204//1 4207//7 4206//7
f 4206//7 4207//7 4208//1
s 1033
f 4209//1 4210//1 4211//1
f 4211//1 4210//1 4212//1
f 4210//1 4213//1 4212//1
f 4212//1 4213//1 4214//1
s 1034
f 4215//1 4216//7 4217//1
f 4217//1 4216//7 4218//25
f 4216//7 4219//1 4218//25
f 4218//25 4219//1 4220//1
s 1035
f 4221//1 4222//1 4223//1
f 4223//1 4222//1 4224//1
f 4222//1 4225//1 4224//1
s 1036
f 4226//1 4227//1 4228//1
s 1037
f 4229//1 4230//1 4231//1
s 1038
f 4232//1 4233//1 4234//6
f 4233//1 4235//48 4234//6
f 4235//48 4236//1 4234//6
s 1039
f 4237//1 4238//1 4239//1
s 1040
f 4240//1 4241//1 4242//1
s 1041
f 4243//1 4244//1 4245//1
f 4244//1 4246//1 4245//1
s 1042
f 4247//1 4248//1 4249//1
f 4248//1 4250//1 4249//1
s 1043
f 4251//1 4252//6 4253//1
f 4253//1 4252//6 4254//1
s 1044
f 4255//1 4256//1 4257//1
f 4257//1 4256//1 4258//1
f 4256//1 4259//4 4258//1
f 4258//1 4259//4 4260//1
s 1045
f 4261//1 4262//1 4263//4
f 4262//1 4264//1 4263//4
f 4263//4 4264//1 4265//1
f 4265//1 4264//1 4266//1
s 1046
f 4267//1 4268//1 4269//1
s 1047
f 4270//1 4271//1 4272//1
f 4271//1 4273//1 4272//1
f 4272//1 4273//1 4274//1
s 1048
f 4275//1 4276//1 4277//2
f 4276//1 4278//1 4277//2
f 4278//1 4279//1 4277//2
s 1049
f 4280//1 4281//1 4282//1
s 1050
f 4283//1 4284//1 4285//1
f 4284//1 4286//1 4285//1
s 1051
f 4287//1 4288//1 4289//1
s 1052
f 4290//1 4291//1 4292//1
s 1053
f 4293//1 4294//1 4295//1
f 4295//1 4294//1 4296//1
f 4296//1 4294//1 4297//5
s 1054
f 4298//1 4299//1 4300//1
s 1055
f 4301//5 4302//1 4303//1
f 4303//1 4302//1 4304//1
s 1056
f 4305//1 4306//25 4307//1
s 1057
f 4308//1 4309//1 4310//1
s 1058
f 4311//1 4312//12 4313//1
f 4313//1 4312//12 4314//1
f 4312//12 4315//1 4314//1
f 4315//1 4316//1 4314//1
s 1059
f 4317//1 4318//1 4319//1
s 1060
f 4320//1 4321//1 4322//1
f 4321//1 4323//1 4322//1
s 1061
f 4324//1 4325//1 4326//1
s 1062
f 4327//1 4328//1 4329//1
f 4329//1 4328//1 4330//1
f 4328//1 4331//1 4330//1
f 4330//1 4331//1 4332//1
s 1063
f 4333//1 4334//1 4335//4
f 4335//4 4334//1 4336//1
s 1064
f 4337//1 4338//1 4339//1
s 1065
f 4340//1 4341//1 4342//1
s 1066
f 4343//1 4344//1 4345//1
f 4345//1 4344//1 4346//1
f 4344//1 4347//1 4346//1
f 4347//1 4348//4 4346//1
s 1067
f 4349//1 4350//1 4351//2
f 4351//2 4350//1 4352//6
f 4350//1 4353//7 4352//6
f 4352//6 4353//7 4354//1
