# Blender 5.2.0 LTS
# www.blender.org
mtllib Panel_izquierda1.mtl
g Panele_izquierdo1_Mesh.001
v -4.740754 -3.162971 -4.821975
v -4.880138 -3.041007 -4.624510
v -4.874330 -3.290742 -5.025247
v -5.153105 -3.296549 -5.025247
v -5.153105 -3.041007 -4.624510
v -5.286684 -3.168778 -4.821975
v -4.276129 -2.733195 -4.136657
v -4.415517 -2.605424 -3.939193
v -4.415517 -2.860966 -4.339929
v -4.688483 -2.860966 -4.339929
v -4.688483 -2.605424 -3.939193
v -4.827870 -2.733195 -4.142465
v -3.904433 -2.727387 -4.136657
v -3.765045 -2.855158 -4.339929
v -3.770854 -2.599616 -3.933385
v -3.492082 -2.599616 -3.933385
v -3.492082 -2.855158 -4.334121
v -3.358501 -2.727387 -4.136657
v -4.380671 -1.734257 -2.562750
v -4.241283 -1.862028 -2.766022
v -4.241283 -1.606486 -2.365285
v -3.968319 -1.606486 -2.365285
v -3.968319 -1.862028 -2.766022
v -3.828932 -1.734257 -2.562750
v -3.916049 -1.310290 -1.894855
v -3.776662 -1.432253 -2.092320
v -3.782470 -1.182519 -1.691583
v -3.503695 -1.176711 -1.691583
v -3.503695 -1.432253 -2.092320
v -3.364309 -1.304482 -1.894855
v -2.475718 1.866564 3.117255
v -2.615105 1.994335 3.314720
v -2.609297 1.738793 2.913983
v -2.888072 1.738793 2.913983
v -2.888072 1.994335 3.314720
v -3.021651 1.866564 3.111448
v -4.270324 2.127914 3.529608
v -4.403901 2.000143 3.332143
v -4.264516 1.872372 3.128871
v -4.270324 2.127914 3.529608
v -4.264516 1.872372 3.128871
v -3.997357 2.127914 3.529608
v -3.991549 1.872372 3.128871
v -3.857970 2.000143 3.332143
v -2.882263 0.873434 1.549156
v -2.603489 0.873434 1.549156
v -2.609297 1.128976 1.949893
v -2.469910 1.001205 1.746620
v -2.609297 1.128976 1.949893
v -2.882263 1.128976 1.949893
v -2.882263 0.873434 1.549156
v -3.015842 1.001205 1.746620
v -4.409708 2.580921 4.249773
v -4.270324 2.453149 4.052308
v -4.276129 2.708692 4.453044
v -3.997357 2.708692 4.453044
v -3.997357 2.453149 4.052308
v -3.857970 2.580921 4.249773
v -8.486767 -3.604361 -5.495676
v -8.347383 -3.732132 -5.698948
v -8.353188 -3.476590 -5.298212
v -8.074416 -3.732132 -5.698948
v -8.074416 -3.476590 -5.298212
v -7.940837 -3.604361 -5.495676
v -6.198505 -3.743748 -5.727987
v -6.059118 -3.871519 -5.925451
v -6.064926 -3.615977 -5.524715
v -5.791960 -3.615977 -5.524715
v -5.786151 -3.871519 -5.925451
v -5.652573 -3.743748 -5.727987
v -4.874330 -3.604361 -5.513100
v -4.874330 -3.854096 -5.913836
v -4.734945 -3.726325 -5.710564
v -4.874330 -3.854096 -5.913836
v -4.874330 -3.604361 -5.513100
v -5.147296 -3.859903 -5.913836
v -5.147296 -3.604361 -5.513100
v -5.286684 -3.732132 -5.710564
v -8.033762 -3.174586 -4.816167
v -7.894374 -3.302357 -5.019439
v -7.900182 -3.046815 -4.618702
v -7.621408 -3.046815 -4.612895
v -7.621408 -3.296549 -5.019439
v -7.487831 -3.168778 -4.816167
v -2.458296 -2.715772 -4.119234
v -2.591875 -2.588001 -3.921769
v -2.591875 -2.843543 -4.322506
v -2.864839 -2.843543 -4.322506
v -2.864839 -2.588001 -3.921769
v -2.864839 -2.588001 -3.921769
v -3.004226 -2.715772 -4.125041
v -2.864839 -2.843543 -4.322506
v -4.363246 -3.441743 -5.257557
v -4.229667 -3.569515 -5.460830
v -4.229667 -3.313972 -5.060093
v -3.956703 -3.313972 -5.054286
v -3.950895 -3.563707 -5.460830
v -3.817316 -3.435936 -5.257557
v -2.435064 -3.865711 -5.937067
v -2.574451 -3.737940 -5.739603
v -2.568643 -3.993482 -6.140339
v -2.841609 -3.993482 -6.140339
v -2.847417 -3.737940 -5.739603
v -2.847417 -3.737940 -5.739603
v -2.980996 -3.865711 -5.937067
v -2.841609 -3.993482 -6.140339
v -0.605615 -3.563707 -5.472445
v -0.745003 -3.435936 -5.269173
v -0.739194 -3.691478 -5.675717
v -1.017966 -3.691478 -5.675717
v -1.017966 -3.435936 -5.274981
v -1.157354 -3.563707 -5.472445
v -2.074983 -3.000353 -4.572240
v -1.935596 -3.128124 -4.775512
v -1.935596 -2.872582 -4.374776
v -1.662629 -2.872582 -4.368968
v -1.662629 -3.122316 -4.775512
v -1.523242 -2.994545 -4.572240
v -0.750808 -2.582193 -3.921769
v -0.750808 -2.831927 -4.322506
v -0.611423 -2.704156 -4.119234
v -0.750808 -2.831927 -4.322506
v -0.750808 -2.582193 -3.921769
v -1.023775 -2.837735 -4.322506
v -1.023775 -2.582193 -3.921769
v -1.023775 -2.582193 -3.921769
v -1.163162 -2.709964 -4.119234
v -1.023775 -2.837735 -4.322506
v -8.509999 -0.171966 -0.077021
v -8.376420 -0.299737 -0.280293
v -8.376420 -0.044195 0.120443
v -8.097646 -0.299737 -0.280293
v -8.103454 -0.044195 0.120443
v -7.964067 -0.171966 -0.077021
v -8.509999 -0.462354 -0.530028
v -8.370612 -0.584318 -0.733300
v -8.376420 -0.334583 -0.326756
v -8.097646 -0.584318 -0.733300
v -8.097646 -0.328776 -0.326756
v -7.958261 -0.456547 -0.530028
v -8.515807 0.397197 0.823184
v -8.376420 0.269426 0.619912
v -8.382229 0.524968 1.026456
v -8.103454 0.269426 0.619912
v -8.103454 0.524968 1.026456
v -7.969875 0.397197 0.823184
v -6.227543 -0.020963 0.155290
v -6.088156 -0.142927 -0.047982
v -6.088156 0.106808 0.358562
v -5.815192 0.112616 0.358562
v -5.815192 -0.142927 -0.042174
v -5.675805 -0.015156 0.155290
v -7.180019 -0.038387 0.126251
v -7.458791 -0.038387 0.126251
v -7.452983 -0.293929 -0.274486
v -7.592370 -0.166158 -0.071214
v -7.452983 -0.293929 -0.274486
v -7.180019 -0.293929 -0.274486
v -7.180019 -0.038387 0.126251
v -7.040632 -0.166158 -0.071214
v -7.644640 0.101000 0.352754
v -7.923412 0.101000 0.352754
v -7.917607 -0.154542 -0.047982
v -7.923412 0.101000 0.352754
v -8.056992 -0.026771 0.149482
v -7.917607 -0.154542 -0.047982
v -7.917607 -0.154542 -0.047982
v -7.644640 -0.154542 -0.047982
v -7.644640 0.101000 0.352754
v -7.505253 -0.026771 0.149482
v -6.999977 -1.008285 -1.401194
v -6.721203 -1.008285 -1.401194
v -6.727011 -0.752743 -1.000458
v -6.587626 -0.880514 -1.197922
v -6.727011 -0.752743 -1.000458
v -6.999977 -0.752743 -1.000458
v -6.999977 -1.008285 -1.401194
v -6.999977 -0.752743 -1.000458
v -7.133556 -0.880514 -1.197922
v -6.999977 -1.008285 -1.401194
v -3.974125 -0.735320 -0.988842
v -4.247091 -0.741128 -0.988842
v -4.247091 -0.990862 -1.395387
v -4.386478 -0.868899 -1.192114
v -4.247091 -0.990862 -1.395387
v -3.974125 -0.990862 -1.395387
v -3.974125 -0.735320 -0.988842
v -3.834740 -0.863091 -1.192114
v -2.928726 -0.003540 0.161098
v -3.062305 0.124231 0.364370
v -3.062305 -0.131311 -0.036367
v -3.335269 -0.131311 -0.036367
v -3.341077 0.124231 0.364370
v -3.474656 -0.003540 0.161098
v -2.092405 -0.712089 -0.959803
v -1.953018 -0.834052 -1.157268
v -1.953018 -0.584318 -0.756531
v -1.680054 -0.578510 -0.756531
v -1.680054 -0.834052 -1.157268
v -1.540667 -0.706281 -0.959803
v -2.011096 0.008076 0.178521
v -2.150484 0.135847 0.375986
v -2.150484 -0.119696 -0.024751
v -2.423450 0.135847 0.375986
v -2.423450 -0.119696 -0.024751
v -2.562835 0.008076 0.172713
v -1.099275 0.002268 0.166905
v -1.232854 0.130039 0.364370
v -1.232854 -0.125504 -0.036367
v -1.505820 -0.125504 -0.036367
v -1.511629 0.130039 0.364370
v -1.645208 0.002268 0.161098
v -1.099275 0.292656 0.614104
v -1.238662 0.414620 0.817377
v -1.232854 0.164885 0.416640
v -1.511629 0.159078 0.416640
v -1.511629 0.414620 0.817377
v -1.645208 0.286849 0.614104
v -8.504191 -1.606486 -2.342054
v -8.364804 -1.734257 -2.539519
v -8.364804 -1.478715 -2.138782
v -8.091840 -1.728450 -2.539519
v -8.091840 -1.478715 -2.138782
v -7.952453 -1.600679 -2.336246
v -5.646764 -2.593808 -3.915962
v -5.786151 -2.471845 -3.718497
v -5.786151 -2.721580 -4.119234
v -6.059118 -2.471845 -3.718497
v -6.059118 -2.721580 -4.119234
v -6.192697 -2.599616 -3.915962
v -5.757113 -1.019901 -1.430233
v -5.617726 -1.147672 -1.633505
v -5.617726 -0.892130 -1.232769
v -5.344760 -0.892130 -1.232769
v -5.344760 -1.147672 -1.633505
v -5.205375 -1.019901 -1.430233
v -4.752367 -1.449676 -2.115551
v -4.891755 -1.321905 -1.912279
v -4.891755 -1.577447 -2.313015
v -5.164721 -1.577447 -2.313015
v -5.164721 -1.321905 -1.912279
v -5.304106 -1.449676 -2.115551
v -4.287745 -1.298674 -1.877432
v -4.427133 -1.176711 -1.679968
v -4.427133 -1.426445 -2.080704
v -4.700099 -1.432253 -2.080704
v -4.700099 -1.176711 -1.679968
v -4.839484 -1.304482 -1.883240
v -4.281938 -2.158225 -3.230644
v -4.421325 -2.030454 -3.033180
v -4.421325 -2.285996 -3.433916
v -4.694291 -2.285996 -3.433916
v -4.694291 -2.030454 -3.033180
v -4.833676 -2.158225 -3.236452
v -6.250773 -1.757488 -2.591789
v -6.529548 -1.757488 -2.591789
v -6.523739 -2.013031 -2.992525
v -6.663126 -1.885259 -2.789253
v -6.523739 -2.013031 -2.992525
v -6.250773 -2.013031 -2.992525
v -6.250773 -1.757488 -2.591789
v -6.111388 -1.885259 -2.789253
v -7.580754 -1.891067 -2.795061
v -7.441369 -2.018839 -2.992525
v -7.441369 -1.763296 -2.591789
v -7.168403 -1.763296 -2.591789
v -7.168403 -2.013031 -2.992525
v -7.029016 -1.885259 -2.795061
v -7.580754 -1.606486 -2.347862
v -7.441369 -1.734257 -2.551134
v -7.441369 -1.478715 -2.144590
v -7.168403 -1.478715 -2.144590
v -7.168403 -1.734257 -2.551134
v -7.029016 -1.606486 -2.347862
v -7.580754 -1.321905 -1.894855
v -7.441369 -1.449676 -2.098128
v -7.447177 -1.194134 -1.697391
v -7.174211 -1.194134 -1.697391
v -7.168403 -1.449676 -2.098128
v -7.034823 -1.321905 -1.894855
v -8.039570 -2.605424 -3.921769
v -7.900182 -2.733195 -4.119234
v -7.900182 -2.477653 -3.718497
v -7.627216 -2.477653 -3.718497
v -7.627216 -2.733195 -4.119234
v -7.627216 -2.477653 -3.718497
v -7.627216 -2.733195 -4.119234
v -7.487831 -2.605424 -3.921769
v -3.050689 -2.460230 -3.718497
v -3.044881 -2.715772 -4.119234
v -2.911301 -2.588001 -3.915962
v -3.044881 -2.715772 -4.119234
v -3.050689 -2.460230 -3.718497
v -3.317847 -2.715772 -4.119234
v -3.323655 -2.460230 -3.718497
v -3.457232 -2.588001 -3.915962
v -1.953018 -0.886322 -1.238577
v -2.086597 -1.014093 -1.436041
v -1.953018 -1.141864 -1.639313
v -1.953018 -0.886322 -1.238577
v -1.953018 -1.141864 -1.639313
v -1.680054 -0.886322 -1.238577
v -1.674246 -1.136056 -1.639313
v -1.680054 -0.886322 -1.238577
v -1.674246 -1.136056 -1.639313
v -1.540667 -1.008285 -1.436041
v -1.668438 -1.740065 -2.591789
v -1.947212 -1.740065 -2.591789
v -1.941404 -1.995607 -2.992525
v -1.947212 -1.740065 -2.591789
v -2.080791 -1.867836 -2.789253
v -1.941404 -1.995607 -2.992525
v -1.941404 -1.995607 -2.992525
v -1.668438 -1.995607 -2.992525
v -1.668438 -1.740065 -2.591789
v -1.534858 -1.867836 -2.789253
v -7.975683 2.127914 3.558646
v -8.109262 2.255685 3.756111
v -8.109262 2.000143 3.355374
v -8.388037 2.255685 3.756111
v -8.382229 2.000143 3.355374
v -8.521616 2.127914 3.552839
v -4.305170 1.291594 2.211243
v -4.444555 1.413557 2.414515
v -4.444555 1.163823 2.007971
v -4.717521 1.158015 2.007971
v -4.717521 1.413557 2.408707
v -4.856908 1.285786 2.211243
v -6.233351 0.850203 1.525925
v -6.093964 0.722432 1.322653
v -6.099772 0.977974 1.723389
v -5.820998 0.977974 1.729197
v -5.820998 0.722432 1.322653
v -5.681613 0.850203 1.525925
v -4.769792 0.577237 1.090342
v -4.903371 0.705009 1.287806
v -4.903371 0.449466 0.887070
v -5.176334 0.449466 0.887070
v -5.182143 0.705009 1.287806
v -5.315722 0.577237 1.090342
v -6.686357 1.274171 2.199627
v -6.546969 1.152208 2.002163
v -6.552778 1.401942 2.402899
v -6.274005 1.407750 2.402899
v -6.274005 1.152208 2.002163
v -6.134618 1.279979 2.205435
v -8.068607 1.413557 2.426131
v -7.929221 1.285786 2.222858
v -7.929221 1.541328 2.623595
v -7.656257 1.541328 2.629403
v -7.656257 1.285786 2.222858
v -7.516870 1.413557 2.426131
v -6.140427 1.854948 3.111448
v -6.279814 1.982719 3.314720
v -6.279814 1.727177 2.908176
v -6.552778 1.727177 2.908176
v -6.552778 1.976912 3.314720
v -6.552778 1.976912 3.314720
v -6.692165 1.849141 3.111448
v -6.552778 1.727177 2.908176
v -2.475718 1.576175 2.658441
v -2.609297 1.703946 2.855906
v -2.609297 1.448404 2.455169
v -2.888072 1.703946 2.855906
v -2.882263 1.448404 2.455169
v -3.021651 1.576175 2.658441
v -4.403901 1.425173 2.426131
v -4.264516 1.303210 2.228666
v -4.264516 1.552944 2.629403
v -3.991549 1.558752 2.629403
v -3.985741 1.303210 2.228666
v -3.852162 1.430981 2.431938
v -3.933471 1.291594 2.211243
v -3.794086 1.163823 2.007971
v -3.799892 1.419365 2.414515
v -3.526928 1.419365 2.414515
v -3.521120 1.163823 2.007971
v -3.387539 1.291594 2.211243
v -2.109829 1.860756 3.105640
v -1.970442 1.738793 2.902368
v -1.970442 1.988527 3.303104
v -1.697476 1.994335 3.303104
v -1.697476 1.738793 2.902368
v -1.558091 1.866564 3.105640
v -1.110891 1.721370 2.873329
v -1.250278 1.849141 3.076601
v -1.244470 1.593599 2.675864
v -1.517437 1.593599 2.670057
v -1.523242 1.843333 3.076601
v -1.523242 1.843333 3.076601
v -1.656821 1.715562 2.873329
v -1.517437 1.593599 2.670057
v -2.156292 0.983782 1.717582
v -2.156292 0.734047 1.316845
v -2.016904 0.861818 1.520117
v -2.156292 0.983782 1.717582
v -2.429255 0.983782 1.717582
v -2.156292 0.734047 1.316845
v -2.429255 0.728240 1.316845
v -2.568643 0.856011 1.520117
v -0.774041 0.856011 1.502694
v -0.774041 0.600469 1.101957
v -0.634653 0.728240 1.305229
v -0.774041 0.600469 1.101957
v -0.774041 0.856011 1.502694
v -1.047007 0.600469 1.101957
v -1.047007 0.850203 1.502694
v -1.186392 0.722432 1.299422
v -8.533230 2.987465 4.911859
v -8.399651 2.859694 4.714394
v -8.399651 3.115236 5.115131
v -8.120878 2.859694 4.714394
v -8.126686 3.115236 5.115131
v -7.987299 2.987465 4.917666
v -4.781408 2.859694 4.696971
v -4.920793 2.987465 4.894435
v -4.920793 2.731923 4.493700
v -5.193759 2.731923 4.493700
v -5.193759 2.987465 4.894435
v -5.333146 2.859694 4.691163
v -5.780344 2.139529 3.564455
v -5.640959 2.017566 3.361182
v -5.640959 2.267301 3.767727
v -5.367992 2.273108 3.767727
v -5.362184 2.017566 3.366990
v -5.228605 2.145337 3.564455
v -6.244967 2.563497 4.232349
v -6.105580 2.435726 4.034884
v -6.111388 2.691268 4.435621
v -5.832614 2.691268 4.435621
v -5.832614 2.435726 4.034884
v -5.699035 2.563497 4.232349
v -5.646764 3.126852 5.120938
v -5.786151 2.999081 4.917666
v -5.646764 2.871310 4.714394
v -5.646764 3.126852 5.120938
v -5.646764 2.871310 4.714394
v -5.373800 3.126852 5.120938
v -5.373800 2.871310 4.720202
v -5.234413 2.999081 4.917666
v -4.787213 3.428856 5.591368
v -4.926600 3.550819 5.788833
v -4.926600 3.301085 5.388097
v -5.199567 3.295277 5.388097
v -5.199567 3.550819 5.788833
v -5.338954 3.423048 5.585561
v -6.285622 2.836462 4.662125
v -6.285622 2.580921 4.261387
v -6.146235 2.708692 4.464660
v -6.285622 2.580921 4.261387
v -6.285622 2.836462 4.662125
v -6.558586 2.580921 4.261387
v -6.558586 2.836462 4.662125
v -6.697973 2.708692 4.464660
v -7.609794 2.714499 4.476275
v -7.476215 2.586728 4.273004
v -7.476215 2.842270 4.673739
v -7.203249 2.842270 4.673739
v -7.197441 2.586728 4.273004
v -7.063861 2.714499 4.476275
v -7.609794 2.139529 3.570262
v -7.470407 2.011759 3.372797
v -7.470407 2.267301 3.773534
v -7.197441 2.267301 3.773534
v -7.197441 2.017566 3.372797
v -7.058056 2.145337 3.576070
v -7.667871 2.691268 4.441429
v -7.940837 2.691268 4.441429
v -7.935029 2.435726 4.040692
v -7.940837 2.691268 4.441429
v -8.074416 2.563497 4.243964
v -7.935029 2.435726 4.040692
v -7.935029 2.435726 4.040692
v -7.662065 2.435726 4.040692
v -7.667871 2.691268 4.441429
v -7.528486 2.563497 4.243964
v -2.893880 2.859694 4.679548
v -2.615105 2.604151 4.278811
v -2.620913 2.859694 4.679548
v -2.481526 2.731923 4.482083
v -2.615105 2.604151 4.278811
v -2.893880 2.859694 4.679548
v -2.893880 2.604151 4.278811
v -3.033264 2.731923 4.482083
v -2.946148 2.586728 4.255580
v -3.085535 2.714499 4.453044
v -3.079727 2.458957 4.052308
v -3.358501 2.458957 4.052308
v -3.358501 2.714499 4.453044
v -3.358501 2.714499 4.453044
v -3.492082 2.586728 4.255580
v -3.358501 2.458957 4.052308
v -3.950895 3.579858 5.823680
v -3.811508 3.452087 5.626215
v -3.817316 3.707629 6.026952
v -3.538544 3.707629 6.026952
v -3.538544 3.452087 5.626215
v -3.404964 3.579858 5.823680
v -1.116699 2.604151 4.267195
v -1.256086 2.731923 4.470468
v -1.250278 2.476380 4.069731
v -1.529050 2.476380 4.069731
v -1.529050 2.726115 4.470468
v -1.662629 2.598344 4.267195
v -2.121445 3.591473 5.841104
v -1.982058 3.469511 5.637831
v -1.987866 3.719245 6.038568
v -1.709092 3.725052 6.038568
v -1.709092 3.469511 5.637831
v -1.575513 3.597281 5.841104
v -1.122507 3.167506 5.155786
v -1.256086 3.295277 5.359057
v -1.256086 3.039735 4.958321
v -1.529050 3.039735 4.958321
v -1.534858 3.289469 5.359057
v -1.668438 3.161698 5.155786
v -0.657886 3.312700 5.388097
v -0.791465 3.440472 5.591368
v -0.791465 3.184929 5.190632
v -1.064429 3.184929 5.190632
v -1.070237 3.440472 5.591368
v -1.070237 3.440472 5.591368
v -1.203816 3.312700 5.388097
v -1.064429 3.184929 5.190632
v -2.397803 -3.554008 -5.453653
v -2.124934 -3.554008 -5.447847
v -2.124934 -3.298556 -5.047251
v -1.985596 -3.426282 -5.250452
v -2.124934 -3.298556 -5.047251
v -2.397803 -3.298556 -5.047251
v -2.397803 -3.554008 -5.453653
v -2.537141 -3.432088 -5.250452
v -6.229597 0.266171 0.607544
v -6.090258 0.138444 0.404343
v -6.090258 0.393897 0.804939
v -5.817387 0.393897 0.810745
v -5.817387 0.144250 0.404343
v -5.817387 0.393897 0.810745
v -5.817387 0.144250 0.404343
v -5.678051 0.271977 0.607544
v -7.588139 -0.738223 -0.971618
v -7.448801 -0.860143 -1.169014
v -7.448801 -0.610497 -0.768418
v -7.175932 -0.604691 -0.768418
v -7.175932 -0.860143 -1.169014
v -7.036593 -0.732417 -0.965813
v -6.200566 -3.455311 -5.267869
v -6.061230 -3.583037 -5.471070
v -6.067035 -3.327585 -5.070474
v -5.788359 -3.577232 -5.471070
v -5.788359 -3.321779 -5.070474
v -5.654826 -3.449505 -5.267869
v -4.412399 -3.461117 -5.291092
v -4.406591 -3.716569 -5.691688
v -4.273061 -3.588843 -5.494293
v -4.406591 -3.716569 -5.691688
v -4.412399 -3.461117 -5.291092
v -4.685267 -3.716569 -5.691688
v -4.685267 -3.461117 -5.291092
v -4.818800 -3.588843 -5.494293
v -7.622973 -3.327585 -5.064668
v -7.895844 -3.333390 -5.064668
v -7.895844 -3.583037 -5.471070
v -7.895844 -3.333390 -5.064668
v -8.029377 -3.461117 -5.267869
v -7.895844 -3.583037 -5.471070
v -7.622973 -3.327585 -5.064668
v -7.895844 -3.583037 -5.471070
v -7.617167 -3.583037 -5.471070
v -7.622973 -3.327585 -5.064668
v -7.617167 -3.583037 -5.471070
v -7.483637 -3.455311 -5.267869
v -6.101869 -3.884936 -5.947141
v -6.235402 -3.757210 -5.749745
v -6.235402 -4.012662 -6.150342
v -6.508271 -4.012662 -6.150342
v -6.514076 -3.757210 -5.749745
v -6.647609 -3.884936 -5.947141
v -6.107675 -3.019880 -4.582791
v -6.247014 -2.892154 -4.379591
v -6.241208 -3.147606 -4.780187
v -6.514076 -3.147606 -4.785993
v -6.519882 -2.892154 -4.379591
v -6.653415 -3.019880 -4.582791
v -3.767961 -3.170830 -4.838244
v -3.901493 -3.298556 -5.041445
v -3.762155 -3.426282 -5.238840
v -3.767961 -3.170830 -4.838244
v -3.762155 -3.426282 -5.238840
v -3.489284 -3.170830 -4.838244
v -3.489284 -3.426282 -5.238840
v -3.349946 -3.298556 -5.035639
v -0.743167 -3.153412 -4.820827
v -0.743167 -3.403059 -5.221423
v -0.609634 -3.275333 -5.024028
v -0.743167 -3.403059 -5.221423
v -0.743167 -3.153412 -4.820827
v -1.016038 -3.408865 -5.221423
v -1.021843 -3.153412 -4.820827
v -1.155374 -3.281138 -5.024028
v -1.991402 -2.851514 -4.338950
v -2.130740 -2.723787 -4.141555
v -2.124934 -2.979240 -4.542151
v -2.403609 -2.723787 -4.141555
v -2.403609 -2.979240 -4.542151
v -2.542947 -2.851514 -4.344756
v -8.505446 -0.744029 -0.983230
v -8.371916 -0.871755 -1.180625
v -8.371916 -0.616302 -0.780029
v -8.093239 -0.871755 -1.180625
v -8.099045 -0.616302 -0.780029
v -7.959706 -0.744029 -0.977424
v -4.760741 -0.302792 -0.298152
v -4.900080 -0.175066 -0.094951
v -4.894274 -0.430519 -0.501354
v -5.172951 -0.430519 -0.501354
v -5.172951 -0.175066 -0.100757
v -5.306481 -0.302792 -0.298152
v -7.001760 -0.436324 -0.501354
v -6.728889 -0.436324 -0.501354
v -6.728889 -0.180872 -0.094951
v -6.589552 -0.308598 -0.298152
v -6.728889 -0.180872 -0.094951
v -7.001760 -0.180872 -0.094951
v -7.001760 -0.436324 -0.501354
v -7.141098 -0.308598 -0.298152
v -8.052600 -0.598885 -0.751000
v -7.913261 -0.726611 -0.954202
v -7.919067 -0.471159 -0.547799
v -7.640390 -0.471159 -0.547799
v -7.640390 -0.726611 -0.954202
v -7.501054 -0.598885 -0.751000
v -7.181737 0.242948 0.572709
v -7.454606 0.242948 0.572709
v -7.454606 -0.012505 0.172113
v -7.593945 0.115221 0.369509
v -7.454606 -0.012505 0.172113
v -7.181737 -0.012505 0.172113
v -7.181737 0.242948 0.572709
v -7.042399 0.115221 0.369509
v -4.389174 -0.581468 -0.739389
v -4.249838 -0.709194 -0.942590
v -4.249838 -0.453741 -0.541994
v -3.976967 -0.453741 -0.541994
v -3.971161 -0.703388 -0.942590
v -3.837628 -0.575662 -0.739389
v -2.920320 -0.860143 -1.192237
v -3.059659 -0.732417 -0.989036
v -3.059659 -0.987870 -1.389632
v -3.332530 -0.987870 -1.389632
v -3.332530 -0.732417 -0.989036
v -3.471865 -0.860143 -1.192237
v -3.930521 0.417120 0.828162
v -3.791183 0.289394 0.630767
v -3.791183 0.544847 1.031363
v -3.518314 0.544847 1.031363
v -3.518314 0.289394 0.630767
v -3.378975 0.417120 0.833968
v -3.924716 0.132639 0.381120
v -3.791183 0.004913 0.177918
v -3.791183 0.260365 0.578515
v -3.518314 0.260365 0.584321
v -3.512509 0.004913 0.177918
v -3.378975 0.132639 0.381120
v -1.091511 -0.273763 -0.280735
v -1.230850 -0.151843 -0.077534
v -1.230850 -0.401490 -0.478130
v -1.503718 -0.407296 -0.478130
v -1.503718 -0.151843 -0.077534
v -1.643057 -0.279569 -0.280735
v -1.039260 -0.262152 -0.257512
v -0.766389 -0.262152 -0.257512
v -0.766389 -0.006699 0.148890
v -0.632859 -0.134426 -0.054311
v -0.766389 -0.006699 0.148890
v -1.045066 -0.006699 0.148890
v -1.039260 -0.262152 -0.257512
v -1.178599 -0.134426 -0.054311
v -2.421026 -0.447936 -0.536188
v -2.142351 -0.697583 -0.942590
v -2.148157 -0.442130 -0.536188
v -2.008818 -0.569856 -0.739389
v -2.142351 -0.697583 -0.942590
v -2.421026 -0.447936 -0.536188
v -2.421026 -0.697583 -0.942590
v -2.554558 -0.575662 -0.739389
v -0.632859 0.155862 0.398537
v -0.772195 0.277782 0.595932
v -0.766389 0.028136 0.195336
v -1.045066 0.022330 0.195336
v -1.045066 0.277782 0.595932
v -1.184404 0.150056 0.398537
v -8.499640 -2.178048 -3.241664
v -8.360302 -2.305774 -3.444865
v -8.360302 -2.050321 -3.038463
v -8.087434 -2.299968 -3.439060
v -8.087434 -2.050321 -3.038463
v -7.948095 -2.172242 -3.241664
v -5.805776 -1.034316 -1.447690
v -6.084452 -1.034316 -1.447690
v -6.078647 -1.289768 -1.854092
v -6.217985 -1.162042 -1.650891
v -5.805776 -1.034316 -1.447690
v -6.078647 -1.289768 -1.854092
v -5.805776 -1.289768 -1.854092
v -5.805776 -1.034316 -1.447690
v -5.805776 -1.289768 -1.854092
v -5.672246 -1.162042 -1.650891
v -5.741913 -2.450917 -3.688707
v -5.608380 -2.578644 -3.886102
v -5.608380 -2.323191 -3.485506
v -5.335512 -2.323191 -3.485506
v -5.329706 -2.572838 -3.886102
v -5.196174 -2.445112 -3.682901
v -4.882663 -2.456723 -3.700318
v -4.882663 -2.712176 -4.106720
v -4.743324 -2.584450 -3.903519
v -4.882663 -2.712176 -4.106720
v -4.882663 -2.456723 -3.700318
v -5.155534 -2.712176 -4.106720
v -5.155534 -2.456723 -3.706124
v -5.294870 -2.584450 -3.903519
v -6.717277 -1.614890 -2.364997
v -6.717277 -1.870343 -2.765594
v -6.577941 -1.742616 -2.568198
v -6.717277 -1.870343 -2.765594
v -6.717277 -1.614890 -2.364997
v -6.990148 -1.870343 -2.765594
v -6.995954 -1.614890 -2.364997
v -6.995954 -1.614890 -2.364997
v -7.129487 -1.742616 -2.568198
v -6.990148 -1.870343 -2.765594
v -2.914514 -1.725199 -2.562392
v -3.053853 -1.603279 -2.359191
v -3.048047 -1.852926 -2.765594
v -3.326721 -1.858731 -2.765594
v -3.326721 -1.603279 -2.359191
v -3.326721 -1.603279 -2.359191
v -3.466060 -1.731005 -2.562392
v -3.326721 -1.858731 -2.765594
v -3.913105 -1.870343 -2.783011
v -3.773766 -1.998070 -2.980406
v -3.773766 -1.742616 -2.579810
v -3.500895 -1.742616 -2.579810
v -3.500895 -1.998070 -2.980406
v -3.361558 -1.870343 -2.783011
v -2.084295 -1.301380 -1.888926
v -1.950762 -1.423301 -2.092127
v -1.950762 -1.173654 -1.685725
v -1.677891 -1.167848 -1.685725
v -1.672085 -1.423301 -2.086322
v -1.538555 -1.295574 -1.888926
v -1.997207 -2.299968 -3.473894
v -2.130740 -2.178048 -3.270693
v -2.130740 -2.427694 -3.677095
v -2.409414 -2.178048 -3.270693
v -2.403609 -2.433500 -3.677095
v -2.542947 -2.305774 -3.473894
v -1.079900 -2.572838 -3.909325
v -1.213433 -2.450917 -3.711930
v -1.213433 -2.700564 -4.112526
v -1.486301 -2.706370 -4.112526
v -1.492107 -2.450917 -3.711930
v -1.625640 -2.578644 -3.909325
v -8.522863 1.270565 2.204123
v -8.383527 1.142838 2.000922
v -8.383527 1.398291 2.401519
v -8.110656 1.142838 2.000922
v -8.110656 1.398291 2.401519
v -7.971318 1.270565 2.204123
v -8.517057 0.701601 1.298427
v -8.377722 0.573875 1.101032
v -8.383527 0.829328 1.501628
v -8.104851 0.573875 1.101032
v -8.104851 0.829328 1.501628
v -7.971318 0.701601 1.304233
v -5.811581 0.689990 1.275205
v -5.805776 0.440343 0.874608
v -5.672246 0.568070 1.077809
v -5.811581 0.689990 1.275205
v -6.084452 0.689990 1.275205
v -5.805776 0.440343 0.874608
v -6.078647 0.440343 0.874608
v -6.217985 0.562264 1.072003
v -4.307895 1.572464 2.662777
v -4.447233 1.700189 2.860172
v -4.447233 1.444737 2.459576
v -4.720102 1.444737 2.459576
v -4.720102 1.700189 2.860172
v -4.720102 1.700189 2.860172
v -4.859440 1.572464 2.662777
v -4.720102 1.444737 2.459576
v -5.770942 0.997695 1.757081
v -5.631603 0.869968 1.559686
v -5.631603 1.125421 1.960282
v -5.358735 1.125421 1.960282
v -5.358735 0.869968 1.559686
v -5.219396 0.997695 1.757081
v -4.307895 1.003500 1.762886
v -4.441427 1.131227 1.960282
v -4.441427 0.875774 1.559686
v -4.714296 0.875774 1.559686
v -4.720102 1.131227 1.960282
v -4.853634 1.003500 1.757081
v -7.657809 1.827916 3.074985
v -7.930678 1.827916 3.074985
v -7.930678 1.572464 2.674389
v -7.930678 1.827916 3.074985
v -8.070017 1.700189 2.877589
v -7.930678 1.572464 2.674389
v -7.930678 1.572464 2.674389
v -7.657809 1.572464 2.674389
v -7.657809 1.827916 3.074985
v -7.518471 1.700189 2.877589
v -7.460412 0.835134 1.507434
v -7.599751 0.707407 1.304233
v -7.460412 0.579681 1.106838
v -7.460412 0.835134 1.507434
v -7.460412 0.579681 1.106838
v -7.187543 0.835134 1.507434
v -7.181737 0.579681 1.106838
v -7.048205 0.707407 1.304233
v -7.652004 0.684184 1.275205
v -7.924872 0.684184 1.275205
v -7.924872 0.428732 0.874608
v -8.058405 0.556458 1.072003
v -7.652004 0.684184 1.275205
v -7.924872 0.428732 0.874608
v -7.646195 0.428732 0.874608
v -7.652004 0.684184 1.275205
v -7.646195 0.428732 0.874608
v -7.512665 0.556458 1.072003
v -2.014624 0.579681 1.077809
v -2.153963 0.707407 1.275205
v -2.148157 0.451955 0.880414
v -2.421026 0.451955 0.874608
v -2.426834 0.701601 1.275205
v -2.560364 0.579681 1.077809
v -2.943543 2.002088 3.330437
v -3.077075 2.129815 3.533638
v -3.077075 1.874362 3.133042
v -3.349946 1.874362 3.133042
v -3.355752 2.129815 3.533638
v -3.489284 2.002088 3.330437
v -3.349946 1.305399 2.227346
v -3.071270 1.305399 2.227346
v -3.077075 1.560852 2.633748
v -2.937737 1.433125 2.430547
v -3.077075 1.560852 2.633748
v -3.349946 1.560852 2.633748
v -3.349946 1.305399 2.227346
v -3.483477 1.433125 2.430547
v -2.159768 1.560852 2.627943
v -2.432639 1.305399 2.227346
v -2.159768 1.305399 2.227346
v -2.159768 1.560852 2.627943
v -2.159768 1.305399 2.227346
v -2.020430 1.433125 2.430547
v -2.159768 1.560852 2.627943
v -2.432639 1.560852 2.627943
v -2.432639 1.305399 2.227346
v -2.432639 1.560852 2.627943
v -2.571975 1.433125 2.424741
v -2.432639 1.305399 2.227346
v -0.644470 1.868556 3.109819
v -0.783806 1.996282 3.307214
v -0.783806 1.740830 2.906618
v -1.056677 1.740830 2.906618
v -1.056677 1.996282 3.307214
v -1.196016 1.868556 3.104013
v -2.101712 1.003500 1.751275
v -1.962373 0.881580 1.548074
v -1.968179 1.131227 1.954476
v -1.689502 1.137033 1.954476
v -1.689502 0.881580 1.553880
v -1.689502 1.137033 1.954476
v -1.689502 0.881580 1.553880
v -1.555972 1.009306 1.751275
v -1.103123 0.585487 1.083614
v -1.236655 0.713213 1.281010
v -1.236655 0.457761 0.880414
v -1.509524 0.457761 0.880414
v -1.515330 0.713213 1.281010
v -1.648862 0.585487 1.083614
v -8.116462 2.292376 3.812314
v -8.395139 2.542022 4.212910
v -8.395139 2.286569 3.812314
v -8.528668 2.414296 4.009709
v -8.395139 2.542022 4.212910
v -8.116462 2.292376 3.812314
v -8.122268 2.542022 4.212910
v -7.982929 2.420101 4.015515
v -8.540280 3.558028 5.815296
v -8.400944 3.430301 5.617901
v -8.400944 3.685754 6.018497
v -8.128073 3.430301 5.617901
v -8.128073 3.685754 6.018497
v -7.988735 3.558028 5.815296
v -4.917497 2.704583 4.450946
v -4.917497 2.449131 4.050350
v -4.783967 2.576857 4.247746
v -4.917497 2.449131 4.050350
v -4.917497 2.704583 4.450946
v -5.190368 2.449131 4.050350
v -5.196174 2.704583 4.450946
v -5.196174 2.704583 4.450946
v -5.329706 2.576857 4.247746
v -5.190368 2.449131 4.050350
v -4.783967 3.140014 5.136024
v -4.923302 3.267740 5.339225
v -4.923302 3.012288 4.938628
v -5.196174 3.012288 4.938628
v -5.196174 3.267740 5.339225
v -5.335512 3.140014 5.136024
v -4.319506 3.290964 5.368254
v -4.458844 3.418690 5.571455
v -4.458844 3.163237 5.170858
v -4.731713 3.163237 5.170858
v -4.731713 3.412884 5.571455
v -4.871051 3.285158 5.368254
v -6.612775 2.571051 4.241940
v -6.752113 2.698778 4.445140
v -6.746305 2.443325 4.044544
v -7.024982 2.437519 4.044544
v -7.024982 2.692971 4.445140
v -7.158515 2.565246 4.241940
v -6.154120 3.290964 5.379865
v -6.287653 3.418690 5.577261
v -6.287653 3.163237 5.176664
v -6.560522 3.163237 5.176664
v -6.566328 3.412884 5.577261
v -6.699860 3.285158 5.379865
v -3.396392 2.727806 4.479974
v -3.535732 2.855532 4.683177
v -3.535732 2.600080 4.276773
v -3.808600 2.855532 4.677371
v -3.808600 2.600080 4.276773
v -3.947938 2.727806 4.479974
v -2.484890 3.308381 5.391478
v -2.624229 3.436107 5.588872
v -2.624229 3.180654 5.188275
v -2.897097 3.180654 5.188275
v -2.897097 3.430301 5.588872
v -2.897097 3.430301 5.588872
v -3.036436 3.302575 5.385671
v -2.897097 3.180654 5.188275
v -2.119128 3.308381 5.385671
v -1.979790 3.180654 5.188275
v -1.985596 3.436107 5.588872
v -1.706921 3.436107 5.588872
v -1.706921 3.180654 5.188275
v -1.573389 3.308381 5.391478
v -2.179170 3.724992 5.678328
v -2.301106 3.597250 5.475101
v -2.301106 3.724992 5.678328
v -2.179170 3.724992 5.678328
v -2.179170 3.597250 5.475101
v -2.301106 3.597250 5.475101
v -2.301106 3.510154 5.341554
v -2.179170 3.510154 5.341554
v -2.301106 3.382413 5.138328
v -2.179170 3.382413 5.138328
v -2.347559 3.510154 5.341554
v -2.469492 3.382413 5.138328
v -2.469492 3.510154 5.341554
v -2.347559 3.510154 5.341554
v -2.347559 3.382413 5.138328
v -2.469492 3.382413 5.138328
v -2.353364 3.724992 5.678328
v -2.469492 3.597250 5.475101
v -2.469492 3.724992 5.678328
v -2.353364 3.724992 5.678328
v -2.353364 3.597250 5.475101
v -2.469492 3.597250 5.475101
v -3.061751 3.719186 5.678328
v -3.183684 3.591445 5.475101
v -3.183684 3.719186 5.678328
v -3.061751 3.719186 5.678328
v -3.061751 3.591445 5.475101
v -3.183684 3.591445 5.475101
v -3.061751 3.504348 5.335747
v -3.177879 3.376606 5.138328
v -3.177879 3.504348 5.335747
v -3.061751 3.504348 5.335747
v -3.061751 3.376606 5.138328
v -3.177879 3.376606 5.138328
v -3.009492 3.504348 5.335747
v -2.887556 3.510154 5.341554
v -3.009492 3.376606 5.138328
v -2.887556 3.376606 5.138328
v -3.009492 3.719186 5.678328
v -2.893364 3.719186 5.678328
v -3.009492 3.591445 5.475101
v -2.893364 3.591445 5.475101
v -2.550784 3.724992 5.678328
v -2.510137 3.724992 5.678328
v -2.550784 3.382413 5.138328
v -2.510137 3.382413 5.138328
v -2.620462 3.724992 5.678328
v -2.579815 3.724992 5.678328
v -2.620462 3.382413 5.138328
v -2.579815 3.382413 5.138328
v -2.649492 3.724992 5.678328
v -2.690137 3.382413 5.138328
v -2.690137 3.724992 5.678328
v -2.649492 3.724992 5.678328
v -2.649492 3.382413 5.138328
v -2.690137 3.382413 5.138328
v -2.719170 3.719186 5.678328
v -2.759815 3.376606 5.138328
v -2.759815 3.719186 5.678328
v -2.719170 3.719186 5.678328
v -2.719170 3.382413 5.138328
v -2.759815 3.376606 5.138328
v -2.783040 3.719186 5.678328
v -2.817879 3.376606 5.138328
v -2.823687 3.719186 5.678328
v -2.783040 3.719186 5.678328
v -2.777234 3.376606 5.138328
v -2.817879 3.376606 5.138328
v -2.283687 1.390802 1.991235
v -2.167559 1.390802 1.997042
v -2.283687 1.263060 1.793816
v -2.161751 1.263060 1.793816
v -2.283687 1.402415 1.991235
v -2.283687 1.390802 1.991235
v -2.283687 1.268867 1.788010
v -2.283687 1.390802 1.991235
v -2.283687 1.263060 1.793816
v -2.283687 1.268867 1.788010
v -2.283687 1.175964 1.654462
v -2.161751 1.175964 1.654462
v -2.283687 1.048222 1.451236
v -2.161751 1.048222 1.451236
v -2.283687 1.175964 1.654462
v -2.283687 1.048222 1.451236
v -2.283687 1.059835 1.445430
v -2.452073 1.175964 1.654462
v -2.335945 1.175964 1.654462
v -2.452073 1.048222 1.451236
v -2.330139 1.048222 1.451236
v -2.452073 1.187577 1.648655
v -2.452073 1.175964 1.654462
v -2.452073 1.054028 1.445430
v -2.452073 1.390802 1.991235
v -2.335945 1.390802 1.991235
v -2.452073 1.263060 1.793816
v -2.335945 1.263060 1.793816
v -2.452073 1.396609 1.991235
v -2.452073 1.390802 1.991235
v -2.452073 1.268867 1.788010
v -3.166265 1.384996 1.991235
v -3.044331 1.390802 1.991235
v -3.166265 1.257254 1.788010
v -3.044331 1.257254 1.788010
v -3.160459 1.175964 1.654462
v -3.044331 1.175964 1.654462
v -3.160459 1.042416 1.451236
v -3.044331 1.048222 1.451236
v -3.044331 1.181770 1.648655
v -3.044331 1.054028 1.445430
v -3.044331 1.175964 1.654462
v -2.992073 1.175964 1.654462
v -2.875945 1.175964 1.654462
v -2.992073 1.048222 1.451236
v -2.870137 1.048222 1.451236
v -2.992073 1.390802 1.991235
v -2.875945 1.390802 1.991235
v -2.992073 1.257254 1.788010
v -2.875945 1.263060 1.788010
v -2.533365 1.390802 1.991235
v -2.492720 1.390802 1.991235
v -2.533365 1.048222 1.451236
v -2.492720 1.048222 1.451236
v -2.533365 1.396609 1.985428
v -2.533365 1.390802 1.991235
v -2.533365 1.054028 1.445430
v -2.533365 1.390802 1.991235
v -2.533365 1.048222 1.451236
v -2.533365 1.054028 1.445430
v -2.562395 1.390802 1.991235
v -2.603042 1.048222 1.451236
v -2.603042 1.390802 1.991235
v -2.562395 1.390802 1.991235
v -2.562395 1.048222 1.451236
v -2.603042 1.048222 1.451236
v -2.603042 1.396609 1.985428
v -2.603042 1.390802 1.991235
v -2.603042 1.054028 1.445430
v -2.672718 1.390802 1.991235
v -2.632073 1.390802 1.991235
v -2.672718 1.048222 1.451236
v -2.632073 1.048222 1.451236
v -2.742395 1.390802 1.991235
v -2.707556 1.390802 1.991235
v -2.742395 1.048222 1.451236
v -2.701751 1.048222 1.451236
v -2.765623 1.390802 1.991235
v -2.800459 1.048222 1.451236
v -2.806267 1.390802 1.991235
v -2.765623 1.390802 1.991235
v -2.759815 1.048222 1.451236
v -2.800459 1.048222 1.451236
v -2.266267 -1.198871 -2.096500
v -2.266267 -1.071130 -1.893275
v -2.144331 -1.198871 -2.096500
v -2.144331 -1.071130 -1.893275
v -2.266267 -0.984033 -1.759727
v -2.266267 -0.856291 -1.556501
v -2.150139 -0.984033 -1.759727
v -2.150139 -0.856291 -1.556501
v -2.440462 -0.856291 -1.556501
v -2.318526 -0.984033 -1.759727
v -2.440462 -0.984033 -1.759727
v -2.318526 -0.856291 -1.556501
v -2.318526 -0.984033 -1.759727
v -2.440462 -0.856291 -1.556501
v -2.434654 -1.071130 -1.893275
v -2.318526 -1.198871 -2.096500
v -2.434654 -1.198871 -2.096500
v -2.318526 -1.071130 -1.893275
v -2.318526 -1.198871 -2.096500
v -2.434654 -1.071130 -1.893275
v -3.148848 -1.198871 -2.096500
v -3.148848 -1.071130 -1.893275
v -3.026912 -1.198871 -2.096500
v -3.026912 -1.071130 -1.893275
v -3.148848 -0.989839 -1.759727
v -3.148848 -0.862098 -1.556501
v -3.026912 -0.989839 -1.759727
v -3.026912 -0.856291 -1.556501
v -2.980459 -0.856291 -1.556501
v -2.858526 -0.984033 -1.759727
v -2.980459 -0.984033 -1.759727
v -2.858526 -0.856291 -1.556501
v -2.858526 -0.984033 -1.759727
v -2.980459 -0.856291 -1.556501
v -2.974653 -1.198871 -2.096500
v -2.974653 -1.071130 -1.893275
v -2.858526 -1.198871 -2.096500
v -2.858526 -1.071130 -1.893275
v -2.515945 -0.856291 -1.556501
v -2.475301 -1.198871 -2.096500
v -2.515945 -1.198871 -2.096500
v -2.481106 -0.856291 -1.556501
v -2.475301 -1.198871 -2.096500
v -2.515945 -0.856291 -1.556501
v -2.515945 -0.850485 -1.562308
v -2.515945 -1.198871 -2.096500
v -2.515945 -1.193065 -2.102307
v -2.591429 -0.856291 -1.556501
v -2.544976 -1.198871 -2.096500
v -2.585623 -1.198871 -2.096500
v -2.550784 -0.856291 -1.556501
v -2.544976 -1.198871 -2.096500
v -2.591429 -0.856291 -1.556501
v -2.661106 -0.856291 -1.556501
v -2.614654 -1.198871 -2.096500
v -2.655298 -1.198871 -2.096500
v -2.620462 -0.856291 -1.556501
v -2.614654 -1.198871 -2.096500
v -2.661106 -0.856291 -1.556501
v -2.724976 -1.198871 -2.096500
v -2.730784 -0.856291 -1.556501
v -2.684331 -1.198871 -2.096500
v -2.690137 -0.856291 -1.556501
v -2.788848 -0.856291 -1.556501
v -2.748203 -1.198871 -2.096500
v -2.788848 -1.198871 -2.096500
v -2.748203 -0.856291 -1.556501
v -2.748203 -1.198871 -2.096500
v -2.788848 -0.856291 -1.556501
v -7.480453 3.614670 5.533166
v -7.602389 3.486928 5.329940
v -7.602389 3.614670 5.533166
v -7.480453 3.614670 5.533166
v -7.480453 3.486928 5.329940
v -7.602389 3.486928 5.329940
v -7.602389 3.399832 5.196393
v -7.480453 3.399832 5.196393
v -7.596584 3.272090 4.993166
v -7.480453 3.272090 4.993166
v -7.648839 3.399832 5.196393
v -7.770776 3.272090 4.993166
v -7.770776 3.399832 5.196393
v -7.648839 3.399832 5.196393
v -7.648839 3.272090 4.993166
v -7.770776 3.272090 4.993166
v -7.648839 3.614670 5.533166
v -7.770776 3.486928 5.329940
v -7.770776 3.614670 5.533166
v -7.648839 3.614670 5.533166
v -7.648839 3.486928 5.329940
v -7.770776 3.486928 5.329940
v -8.363034 3.608864 5.533166
v -8.479162 3.481122 5.329940
v -8.479162 3.608864 5.533166
v -8.363034 3.608864 5.533166
v -8.363034 3.481122 5.329940
v -8.479162 3.481122 5.329940
v -8.479162 3.394025 5.196393
v -8.357226 3.399832 5.196393
v -8.479162 3.266284 4.993166
v -8.357226 3.266284 4.993166
v -8.188840 3.399832 5.196393
v -8.310776 3.266284 4.993166
v -8.310776 3.399832 5.196393
v -8.188840 3.399832 5.196393
v -8.188840 3.272090 4.993166
v -8.310776 3.266284 4.993166
v -8.310776 3.608864 5.533166
v -8.188840 3.614670 5.533166
v -8.310776 3.481122 5.329940
v -8.188840 3.481122 5.329940
v -7.811420 3.614670 5.533166
v -7.846259 3.272090 4.993166
v -7.852067 3.614670 5.533166
v -7.811420 3.614670 5.533166
v -7.811420 3.272090 4.993166
v -7.846259 3.272090 4.993166
v -7.852067 3.620477 5.527359
v -7.846259 3.272090 4.993166
v -7.846259 3.277896 4.987360
v -7.881098 3.614670 5.533166
v -7.915937 3.272090 4.993166
v -7.921742 3.614670 5.533166
v -7.881098 3.614670 5.533166
v -7.881098 3.272090 4.993166
v -7.915937 3.272090 4.993166
v -7.991420 3.614670 5.533166
v -7.950776 3.614670 5.533166
v -7.991420 3.272090 4.993166
v -7.950776 3.272090 4.993166
v -8.020453 3.614670 5.533166
v -8.061098 3.272090 4.993166
v -8.061098 3.614670 5.533166
v -8.020453 3.614670 5.533166
v -8.020453 3.272090 4.993166
v -8.061098 3.272090 4.993166
v -8.078517 3.614670 5.533166
v -8.119162 3.272090 4.993166
v -8.119162 3.614670 5.533166
v -8.078517 3.614670 5.533166
v -8.078517 3.272090 4.993166
v -8.119162 3.272090 4.993166
v -7.596584 2.761123 4.180264
v -7.474648 2.633382 3.977039
v -7.596584 2.627575 3.977039
v -7.474648 2.761123 4.180264
v -7.474648 2.633382 3.977039
v -7.596584 2.761123 4.180264
v -7.596584 2.842412 4.313813
v -7.596584 2.970154 4.517038
v -7.474648 2.842412 4.319620
v -7.474648 2.975961 4.517038
v -7.764970 2.842412 4.313813
v -7.764970 2.970154 4.517038
v -7.643034 2.842412 4.313813
v -7.648839 2.970154 4.517038
v -7.764970 2.755316 4.180264
v -7.643034 2.627575 3.977039
v -7.764970 2.627575 3.977039
v -7.643034 2.761123 4.180264
v -7.643034 2.627575 3.977039
v -7.764970 2.755316 4.180264
v -8.473356 2.755316 4.180264
v -8.351420 2.627575 3.977039
v -8.473356 2.627575 3.977039
v -8.357226 2.755316 4.180264
v -8.351420 2.627575 3.977039
v -8.473356 2.755316 4.180264
v -8.473356 2.842412 4.313813
v -8.479162 2.970154 4.517038
v -8.357226 2.842412 4.313813
v -8.357226 2.970154 4.517038
v -8.304968 2.842412 4.313813
v -8.304968 2.970154 4.517038
v -8.183034 2.842412 4.313813
v -8.188840 2.970154 4.517038
v -8.304968 2.627575 3.977039
v -8.304968 2.755316 4.180264
v -8.183034 2.627575 3.977039
v -8.183034 2.755316 4.180264
v -7.846259 2.970154 4.517038
v -7.805614 2.627575 3.977039
v -7.846259 2.627575 3.977039
v -7.805614 2.970154 4.517038
v -7.805614 2.627575 3.977039
v -7.846259 2.970154 4.517038
v -7.915937 2.970154 4.517038
v -7.875292 2.627575 3.977039
v -7.915937 2.627575 3.977039
v -7.875292 2.970154 4.517038
v -7.875292 2.627575 3.977039
v -7.915937 2.970154 4.517038
v -7.985615 2.970154 4.517038
v -7.944970 2.627575 3.977039
v -7.985615 2.627575 3.977039
v -7.944970 2.970154 4.517038
v -7.944970 2.627575 3.977039
v -7.985615 2.970154 4.517038
v -8.055292 2.627575 3.977039
v -8.055292 2.970154 4.517038
v -8.014647 2.627575 3.977039
v -8.014647 2.970154 4.517038
v -8.055292 2.981768 4.511232
v -8.055292 2.970154 4.517038
v -8.055292 2.639187 3.971232
v -8.113357 2.627575 3.977039
v -8.119162 2.970154 4.517038
v -8.072712 2.627575 3.977039
v -8.078517 2.970154 4.517038
v -7.451423 -0.827259 -1.481017
v -7.567551 -0.955001 -1.684243
v -7.567551 -0.827259 -1.481017
v -7.451423 -0.827259 -1.481017
v -7.445614 -0.955001 -1.684243
v -7.567551 -0.955001 -1.684243
v -7.567551 -1.042098 -1.817791
v -7.445614 -1.036291 -1.817791
v -7.567551 -1.169839 -2.021017
v -7.445614 -1.169839 -2.021017
v -7.735937 -1.042098 -1.817791
v -7.619809 -1.042098 -1.817791
v -7.735937 -1.169839 -2.021017
v -7.614003 -1.169839 -2.021017
v -7.619809 -0.827259 -1.481017
v -7.735937 -0.955001 -1.684243
v -7.741745 -0.827259 -1.481017
v -7.619809 -0.827259 -1.481017
v -7.619809 -0.955001 -1.684243
v -7.735937 -0.955001 -1.684243
v -7.741745 -0.827259 -1.481017
v -7.735937 -0.955001 -1.684243
v -7.735937 -0.943388 -1.690049
v -8.450129 -0.827259 -1.481017
v -8.328196 -0.827259 -1.481017
v -8.450129 -0.955001 -1.684243
v -8.328196 -0.955001 -1.684243
v -8.450129 -1.042098 -1.817791
v -8.328196 -1.042098 -1.817791
v -8.444324 -1.169839 -2.021017
v -8.328196 -1.169839 -2.021017
v -8.275937 -1.042098 -1.817791
v -8.159806 -1.042098 -1.817791
v -8.275937 -1.169839 -2.021017
v -8.154001 -1.169839 -2.021017
v -8.281742 -0.827259 -1.481017
v -8.159806 -0.827259 -1.481017
v -8.275937 -0.955001 -1.684243
v -8.159806 -0.955001 -1.684243
v -7.776581 -0.827259 -1.481017
v -7.817228 -1.169839 -2.021017
v -7.817228 -0.827259 -1.481017
v -7.776581 -0.827259 -1.481017
v -7.776581 -1.169839 -2.021017
v -7.817228 -1.169839 -2.021017
v -7.846259 -0.827259 -1.481017
v -7.886906 -1.169839 -2.021017
v -7.886906 -0.827259 -1.481017
v -7.846259 -0.827259 -1.481017
v -7.846259 -1.169839 -2.021017
v -7.886906 -1.169839 -2.021017
v -7.886906 -0.815646 -1.486824
v -7.886906 -1.169839 -2.021017
v -7.886906 -1.158226 -2.026823
v -7.921742 -0.827259 -1.481017
v -7.956582 -1.169839 -2.021017
v -7.956582 -0.827259 -1.481017
v -7.921742 -0.827259 -1.481017
v -7.915937 -1.169839 -2.021017
v -7.956582 -1.169839 -2.021017
v -7.991420 -0.827259 -1.481017
v -8.026259 -1.169839 -2.021017
v -8.026259 -0.827259 -1.481017
v -7.991420 -0.827259 -1.481017
v -7.985615 -1.169839 -2.021017
v -8.026259 -1.169839 -2.021017
v -8.049484 -0.827259 -1.481017
v -8.084323 -1.169839 -2.021017
v -8.090131 -0.827259 -1.481017
v -8.049484 -0.827259 -1.481017
v -8.043678 -1.169839 -2.021017
v -8.084323 -1.169839 -2.021017
v -7.550131 -3.341449 -5.452624
v -7.428195 -3.469190 -5.650043
v -7.550131 -3.469190 -5.655849
v -7.428195 -3.341449 -5.452624
v -7.428195 -3.469190 -5.650043
v -7.550131 -3.341449 -5.452624
v -7.550131 -3.126610 -5.110044
v -7.434003 -3.254352 -5.313270
v -7.550131 -3.254352 -5.313270
v -7.434003 -3.126610 -5.110044
v -7.434003 -3.254352 -5.313270
v -7.550131 -3.126610 -5.110044
v -7.718517 -3.254352 -5.313270
v -7.724326 -3.126610 -5.110044
v -7.602389 -3.254352 -5.313270
v -7.602389 -3.126610 -5.110044
v -7.718517 -3.341449 -5.452624
v -7.602389 -3.469190 -5.655849
v -7.718517 -3.469190 -5.655849
v -7.602389 -3.341449 -5.452624
v -7.602389 -3.469190 -5.655849
v -7.718517 -3.341449 -5.452624
v -7.718517 -3.329836 -5.458431
v -7.718517 -3.469190 -5.655849
v -7.718517 -3.463384 -5.655849
v -8.432710 -3.341449 -5.452624
v -8.310776 -3.469190 -5.655849
v -8.426904 -3.474997 -5.655849
v -8.310776 -3.341449 -5.452624
v -8.310776 -3.469190 -5.655849
v -8.432710 -3.341449 -5.452624
v -8.432710 -3.132416 -5.115851
v -8.310776 -3.260158 -5.319076
v -8.432710 -3.260158 -5.319076
v -8.310776 -3.126610 -5.115851
v -8.310776 -3.260158 -5.319076
v -8.432710 -3.132416 -5.115851
v -8.258517 -3.260158 -5.319076
v -8.264323 -3.126610 -5.115851
v -8.142389 -3.254352 -5.313270
v -8.142389 -3.126610 -5.115851
v -8.264323 -3.120804 -5.121657
v -8.258517 -3.260158 -5.319076
v -8.258517 -3.248546 -5.319076
v -8.258517 -3.469190 -5.655849
v -8.258517 -3.341449 -5.452624
v -8.142389 -3.469190 -5.655849
v -8.142389 -3.341449 -5.452624
v -7.799809 -3.126610 -5.110044
v -7.759164 -3.469190 -5.655849
v -7.799809 -3.469190 -5.655849
v -7.764970 -3.126610 -5.110044
v -7.759164 -3.469190 -5.655849
v -7.799809 -3.126610 -5.110044
v -7.869487 -3.126610 -5.110044
v -7.828840 -3.469190 -5.655849
v -7.869487 -3.469190 -5.655849
v -7.834648 -3.126610 -5.110044
v -7.828840 -3.469190 -5.655849
v -7.869487 -3.126610 -5.110044
v -7.944970 -3.126610 -5.110044
v -7.898518 -3.469190 -5.655849
v -7.939162 -3.469190 -5.655849
v -7.904323 -3.126610 -5.110044
v -7.898518 -3.469190 -5.655849
v -7.944970 -3.126610 -5.110044
v -8.014647 -3.126610 -5.115851
v -7.968195 -3.469190 -5.655849
v -8.008840 -3.469190 -5.655849
v -7.974001 -3.126610 -5.115851
v -7.968195 -3.469190 -5.655849
v -8.014647 -3.126610 -5.115851
v -8.072712 -3.126610 -5.115851
v -8.032064 -3.469190 -5.655849
v -8.066904 -3.469190 -5.655849
v -8.032064 -3.126610 -5.115851
v -8.032064 -3.469190 -5.655849
v -8.072712 -3.126610 -5.115851
v -2.248848 -3.527255 -5.777785
v -2.248848 -3.399513 -5.574559
v -2.126912 -3.527255 -5.777785
v -2.132720 -3.399513 -5.574559
v -2.248848 -3.318223 -5.441011
v -2.248848 -3.190481 -5.237785
v -2.132720 -3.318223 -5.441011
v -2.132720 -3.184675 -5.237785
v -2.423042 -3.318223 -5.441011
v -2.423042 -3.190481 -5.237785
v -2.301106 -3.318223 -5.441011
v -2.301106 -3.190481 -5.237785
v -2.417234 -3.405319 -5.574559
v -2.301106 -3.533061 -5.777785
v -2.417234 -3.533061 -5.777785
v -2.301106 -3.399513 -5.574559
v -2.301106 -3.533061 -5.777785
v -2.417234 -3.405319 -5.574559
v -3.131428 -3.405319 -5.580366
v -3.009492 -3.533061 -5.777785
v -3.131428 -3.533061 -5.777785
v -3.009492 -3.405319 -5.574559
v -3.009492 -3.533061 -5.777785
v -3.131428 -3.405319 -5.580366
v -3.131428 -3.318223 -5.441011
v -3.131428 -3.190481 -5.237785
v -3.009492 -3.318223 -5.441011
v -3.009492 -3.190481 -5.237785
v -2.963040 -3.190481 -5.237785
v -2.841106 -3.318223 -5.441011
v -2.963040 -3.318223 -5.441011
v -2.841106 -3.190481 -5.237785
v -2.841106 -3.318223 -5.441011
v -2.963040 -3.190481 -5.237785
v -2.957234 -3.533061 -5.777785
v -2.957234 -3.405319 -5.574559
v -2.841106 -3.533061 -5.777785
v -2.841106 -3.405319 -5.574559
v -2.504331 -3.190481 -5.237785
v -2.457881 -3.533061 -5.777785
v -2.498526 -3.533061 -5.777785
v -2.463687 -3.190481 -5.237785
v -2.457881 -3.533061 -5.777785
v -2.504331 -3.190481 -5.237785
v -2.574009 -3.190481 -5.237785
v -2.527556 -3.533061 -5.777785
v -2.568203 -3.533061 -5.777785
v -2.533365 -3.190481 -5.237785
v -2.527556 -3.533061 -5.777785
v -2.574009 -3.190481 -5.237785
v -2.643687 -3.190481 -5.237785
v -2.597234 -3.533061 -5.777785
v -2.637879 -3.533061 -5.777785
v -2.603042 -3.190481 -5.237785
v -2.597234 -3.533061 -5.777785
v -2.643687 -3.190481 -5.237785
v -2.713364 -3.190481 -5.237785
v -2.666912 -3.533061 -5.777785
v -2.707556 -3.533061 -5.777785
v -2.672718 -3.190481 -5.237785
v -2.666912 -3.533061 -5.777785
v -2.713364 -3.190481 -5.237785
v -2.771428 -3.190481 -5.237785
v -2.730784 -3.533061 -5.777785
v -2.771428 -3.533061 -5.777785
v -2.730784 -3.190481 -5.237785
v -2.730784 -3.533061 -5.777785
v -2.771428 -3.190481 -5.237785
v -1.134011 4.061766 6.206714
v -0.686914 4.061766 6.206714
v -1.134011 3.899185 5.951230
v -0.681108 3.899185 5.951230
v -0.919172 -3.695642 -6.044881
v -0.640464 -3.695642 -6.044881
v -0.913367 -3.852415 -6.300365
v -0.640464 -3.852415 -6.300365
v -8.241098 -3.730481 -6.062301
v -8.514001 -3.887254 -6.311977
v -8.514001 -3.730481 -6.062301
v -8.241098 -3.730481 -6.062301
v -8.235292 -3.887254 -6.311977
v -8.514001 -3.887254 -6.311977
v -3.231045 3.743414 5.714093
v -2.133931 3.749219 5.714093
v -3.231045 3.342880 5.081365
v -2.128125 3.348685 5.081365
v -3.213631 1.409865 2.028015
v -2.116516 1.415670 2.033820
v -3.213631 1.009330 1.395286
v -2.110711 1.015135 1.401091
v -3.178802 -3.559085 -5.820140
v -3.184607 -3.158551 -5.181607
v -2.081687 -3.553280 -5.814335
v -2.081687 -3.152746 -5.181607
v -3.196216 -1.225536 -2.134062
v -3.196216 -0.825002 -1.501333
v -2.093296 -1.219731 -2.134062
v -2.099102 -0.819197 -1.501333
v -8.530873 3.633122 5.568973
v -7.433757 3.638927 5.568973
v -8.530873 3.232588 4.936244
v -7.427953 3.238392 4.936244
v -8.525067 2.599859 3.937810
v -8.525067 3.000394 4.570539
v -7.422148 2.605664 3.943615
v -7.427953 3.006199 4.576344
v -8.478630 -3.495232 -5.692433
v -8.484435 -3.094697 -5.059705
v -7.381513 -3.489427 -5.692433
v -7.381513 -3.088893 -5.053900
v -8.501850 -0.807587 -1.443285
v -7.398928 -0.801782 -1.443285
v -8.496044 -1.208122 -2.076013
v -7.398928 -1.202317 -2.076013
v -5.152870 -3.011641 -4.571727
v -4.880012 -3.005835 -4.571727
v -4.880012 -2.756200 -4.171150
v -4.740680 -2.878115 -4.374341
v -4.880012 -2.756200 -4.171150
v -5.152870 -2.756200 -4.171150
v -5.152870 -3.011641 -4.571727
v -5.152870 -2.756200 -4.171150
v -5.292202 -2.883920 -4.374341
v -5.152870 -3.011641 -4.571727
v -2.592654 -2.320789 -3.497715
v -2.592654 -2.570425 -3.892487
v -2.459129 -2.442704 -3.695101
v -2.592654 -2.570425 -3.892487
v -2.592654 -2.320789 -3.497715
v -2.865510 -2.570425 -3.892487
v -2.865510 -2.320789 -3.497715
v -2.865510 -2.320789 -3.497715
v -3.004844 -2.448510 -3.695101
v -2.865510 -2.570425 -3.892487
v -3.341560 0.732891 1.326634
v -3.068704 0.732891 1.326634
v -3.068704 0.988331 1.727213
v -2.935176 0.860611 1.529826
v -3.068704 0.988331 1.727213
v -3.347366 0.988331 1.727213
v -3.341560 0.732891 1.326634
v -3.480891 0.860611 1.529826
v -5.745028 -2.738783 -4.142122
v -5.605698 -2.866504 -4.339509
v -5.605698 -2.611063 -3.938931
v -5.332839 -2.611063 -3.938931
v -5.327033 -2.860698 -4.339509
v -5.193508 -2.732978 -4.142122
v -6.238493 -3.470273 -5.297411
v -6.511349 -3.725714 -5.697989
v -6.238493 -3.725714 -5.697989
v -6.238493 -3.470273 -5.297411
v -6.238493 -3.725714 -5.697989
v -6.099162 -3.597993 -5.494797
v -6.238493 -3.470273 -5.297411
v -6.517155 -3.470273 -5.297411
v -6.511349 -3.725714 -5.697989
v -6.517155 -3.470273 -5.297411
v -6.650681 -3.597993 -5.494797
v -6.511349 -3.725714 -5.697989
v -6.563601 -3.737325 -5.715405
v -6.702931 -3.609604 -5.518019
v -6.702931 -3.865046 -5.918597
v -6.975788 -3.865046 -5.918597
v -6.975788 -3.609604 -5.518019
v -7.115119 -3.743130 -5.715405
v -7.898859 -2.762005 -4.165344
v -8.038190 -2.889725 -4.368536
v -7.898859 -3.011641 -4.565922
v -7.898859 -2.762005 -4.165344
v -7.898859 -3.011641 -4.565922
v -7.626000 -2.756200 -4.165344
v -7.626000 -3.011641 -4.565922
v -7.486669 -2.883920 -4.362731
v -7.434421 -2.616868 -3.944736
v -7.573752 -2.744589 -4.147928
v -7.434421 -2.872309 -4.345314
v -7.434421 -2.616868 -3.944736
v -7.434421 -2.872309 -4.345314
v -7.161564 -2.616868 -3.944736
v -7.161564 -2.872309 -4.345314
v -7.022233 -2.744589 -4.147928
v -3.353172 -3.580577 -5.483186
v -3.492504 -3.452857 -5.279995
v -3.486697 -3.708297 -5.680573
v -3.765360 -3.452857 -5.279995
v -3.765360 -3.708297 -5.680573
v -3.898888 -3.580577 -5.483186
v -2.900344 -3.719909 -5.709600
v -3.039675 -3.592188 -5.506409
v -3.033870 -3.847629 -5.906986
v -3.312532 -3.847629 -5.906986
v -3.312532 -3.592188 -5.506409
v -3.446060 -3.719909 -5.709600
v -2.906150 -3.150972 -4.803946
v -3.039675 -3.023252 -4.606560
v -3.039675 -3.278692 -5.007138
v -3.312532 -3.278692 -5.007138
v -3.318338 -3.023252 -4.606560
v -3.451865 -3.150972 -4.803946
v -2.070161 -3.568966 -5.477381
v -1.930830 -3.696687 -5.674767
v -1.930830 -3.441246 -5.274189
v -1.657974 -3.441246 -5.274189
v -1.657974 -3.696687 -5.674767
v -1.518643 -3.568966 -5.471576
v -2.070161 -3.853434 -5.924402
v -1.930830 -3.981154 -6.127594
v -1.930830 -3.725714 -5.727016
v -1.657974 -3.725714 -5.727016
v -1.652168 -3.981154 -6.127594
v -1.518643 -3.853434 -5.924402
v -1.071621 -3.702492 -5.692183
v -1.205147 -3.574771 -5.488992
v -1.205147 -3.830213 -5.895375
v -1.478003 -3.836018 -5.895375
v -1.483809 -3.580577 -5.494797
v -1.617334 -3.708297 -5.692183
v -8.090439 -0.904253 -1.227774
v -8.363296 -0.904253 -1.233580
v -8.084633 -1.159694 -1.634157
v -8.090439 -0.904253 -1.227774
v -8.084633 -1.159694 -1.634157
v -7.951108 -1.031974 -1.430966
v -8.084633 -1.159694 -1.634157
v -8.363296 -0.904253 -1.233580
v -8.363296 -1.159694 -1.634157
v -8.502628 -1.031974 -1.430966
v -5.808888 -0.753311 -1.007166
v -6.081745 -0.753311 -1.007166
v -6.081745 -1.008752 -1.413549
v -6.221076 -0.881032 -1.210358
v -5.808888 -0.753311 -1.007166
v -6.081745 -1.008752 -1.413549
v -5.808888 -1.008752 -1.407744
v -5.808888 -0.753311 -1.007166
v -5.808888 -1.008752 -1.407744
v -5.669557 -0.881032 -1.210358
v -4.299464 0.129121 0.380342
v -4.438796 0.256842 0.577729
v -4.432990 0.001400 0.177151
v -4.711654 0.001400 0.177151
v -4.711654 0.256842 0.577729
v -4.845180 0.129121 0.374537
v -4.763903 0.262647 0.595145
v -4.903234 0.390367 0.798337
v -4.903234 0.134927 0.397759
v -5.176090 0.134927 0.391954
v -5.176090 0.390367 0.798337
v -5.315422 0.262647 0.595145
v -6.592626 0.262647 0.606756
v -6.731957 0.390367 0.804142
v -6.731957 0.134927 0.403564
v -7.004816 0.134927 0.403564
v -7.010622 0.390367 0.804142
v -7.144147 0.262647 0.600950
v -6.128190 0.413589 0.838975
v -6.267521 0.541310 1.036361
v -6.267521 0.285869 0.635783
v -6.540378 0.285869 0.635783
v -6.546183 0.541310 1.036361
v -6.679709 0.407784 0.838975
v -2.459129 -0.718478 -0.972333
v -2.592654 -0.590758 -0.769142
v -2.592654 -0.846198 -1.169719
v -2.865510 -0.846198 -1.169719
v -2.871316 -0.590758 -0.769142
v -3.004844 -0.718478 -0.972333
v -0.630405 -0.416594 -0.502090
v -0.763931 -0.288873 -0.304704
v -0.763931 -0.544314 -0.705281
v -1.036787 -0.544314 -0.705281
v -1.042593 -0.294679 -0.304704
v -1.176118 -0.422399 -0.507895
v -2.006301 -0.857809 -1.187136
v -2.145633 -0.730089 -0.989750
v -2.139827 -0.985530 -1.390327
v -2.418489 -0.730089 -0.989750
v -2.418489 -0.985530 -1.390327
v -2.552017 -0.857809 -1.192941
v -0.775542 0.564532 1.047972
v -0.769736 0.309091 0.647394
v -0.636209 0.436811 0.850586
v -0.769736 0.309091 0.647394
v -0.775542 0.564532 1.047972
v -1.048398 0.309091 0.647394
v -1.048398 0.564532 1.047972
v -1.181924 0.436811 0.844780
v -5.750834 -1.304831 -1.883793
v -5.611501 -1.432551 -2.081179
v -5.617306 -1.177111 -1.680601
v -5.344450 -1.177111 -1.680601
v -5.338644 -1.432551 -2.081179
v -5.205119 -1.304831 -1.883793
v -6.209465 -2.314984 -3.468687
v -6.070134 -2.436899 -3.666073
v -6.075939 -2.187263 -3.265496
v -5.797277 -2.181458 -3.265496
v -5.797277 -2.436899 -3.666073
v -5.663752 -2.309178 -3.468687
v -6.255910 -1.182916 -1.680601
v -6.255910 -1.438357 -2.081179
v -6.116579 -1.310636 -1.883793
v -6.255910 -1.438357 -2.081179
v -6.255910 -1.182916 -1.680601
v -6.528766 -1.438357 -2.081179
v -6.528766 -1.182916 -1.680601
v -6.668097 -1.310636 -1.883793
v -6.714543 -2.187263 -3.265496
v -6.987399 -2.442704 -3.666073
v -6.714543 -2.442704 -3.666073
v -6.714543 -2.187263 -3.265496
v -6.714543 -2.442704 -3.666073
v -6.575212 -2.314984 -3.468687
v -6.714543 -2.187263 -3.265496
v -6.987399 -2.187263 -3.265496
v -6.987399 -2.442704 -3.666073
v -7.126730 -2.314984 -3.468687
v -7.573752 -2.169847 -3.236468
v -7.440227 -2.297567 -3.439660
v -7.440227 -2.042127 -3.033277
v -7.167370 -2.042127 -3.033277
v -7.161564 -2.297567 -3.439660
v -7.028037 -2.169847 -3.236468
v -2.447517 -1.583494 -2.336620
v -2.586848 -1.455773 -2.133428
v -2.586848 -1.711214 -2.534006
v -2.865510 -1.455773 -2.133428
v -2.859707 -1.711214 -2.539811
v -2.999038 -1.583494 -2.336620
v -2.865510 -1.420941 -2.081179
v -2.586848 -1.420941 -2.081179
v -2.592654 -1.165500 -1.674796
v -2.453323 -1.293220 -1.877987
v -2.592654 -1.165500 -1.674796
v -2.865510 -1.165500 -1.680601
v -2.865510 -1.420941 -2.081179
v -2.999038 -1.293220 -1.877987
v -2.911956 -2.297567 -3.462882
v -3.045481 -2.169847 -3.265496
v -3.045481 -2.425288 -3.666073
v -3.318338 -2.425288 -3.666073
v -3.324143 -2.175653 -3.265496
v -3.457669 -2.303373 -3.462882
v -2.853902 -2.285957 -3.445465
v -2.581043 -2.285957 -3.445465
v -2.586848 -2.030516 -3.044888
v -2.447517 -2.158236 -3.242274
v -2.586848 -2.030516 -3.044888
v -2.859707 -2.030516 -3.044888
v -2.853902 -2.285957 -3.445465
v -2.993233 -2.158236 -3.242274
v -1.994690 -2.018904 -3.021666
v -2.134021 -1.891184 -2.824279
v -2.134021 -2.146625 -3.224857
v -2.412686 -1.891184 -2.824279
v -2.406880 -2.146625 -3.224857
v -2.546211 -2.018904 -3.021666
v -2.081773 -2.158236 -3.242274
v -1.942442 -2.280151 -3.439660
v -1.942442 -2.030516 -3.039082
v -1.669585 -2.024710 -3.039082
v -1.669585 -2.280151 -3.439660
v -1.530252 -2.152431 -3.242274
v -6.284936 2.010095 3.358551
v -6.563601 2.259730 3.759128
v -6.557795 2.010095 3.358551
v -6.697126 2.132010 3.555937
v -6.563601 2.259730 3.759128
v -6.284936 2.010095 3.358551
v -6.284936 2.265535 3.759128
v -6.151411 2.137815 3.561742
v -3.840832 0.570337 1.077000
v -3.980163 0.698057 1.274385
v -3.980163 0.442617 0.873808
v -4.253022 0.442617 0.873808
v -4.253022 0.698057 1.274385
v -4.386547 0.570337 1.071194
v -6.238493 1.423742 2.435481
v -6.099162 1.296021 2.232289
v -6.099162 1.551463 2.632866
v -5.826305 1.296021 2.232289
v -5.826305 1.551463 2.632866
v -5.686972 1.423742 2.435481
v -6.104968 2.126204 3.544326
v -6.244298 1.998484 3.341134
v -6.104968 1.870764 3.143748
v -6.104968 2.126204 3.544326
v -6.104968 1.870764 3.143748
v -5.832111 2.126204 3.544326
v -5.826305 1.870764 3.143748
v -5.692778 1.998484 3.341134
v -6.604238 1.417936 2.429675
v -6.743568 1.545657 2.627061
v -6.737763 1.290216 2.226483
v -7.016428 1.290216 2.226483
v -7.016428 1.545657 2.627061
v -7.149953 1.417936 2.429675
v -7.602780 1.551463 2.644477
v -7.463449 1.429547 2.447091
v -7.469252 1.679183 2.847669
v -7.190590 1.684988 2.847669
v -7.190590 1.429547 2.447091
v -7.057065 1.557268 2.644477
v -6.598432 0.564532 1.077000
v -6.737763 0.686446 1.274385
v -6.731957 0.436811 0.873808
v -7.010622 0.431006 0.873808
v -7.010622 0.686446 1.274385
v -7.144147 0.558726 1.071194
v -8.061413 0.843194 1.524021
v -7.927885 0.715474 1.320829
v -7.927885 0.970915 1.727213
v -7.655029 0.970915 1.727213
v -7.649223 0.715474 1.320829
v -7.515697 0.843194 1.524021
v -3.074509 0.703863 1.274385
v -3.341560 0.448422 0.873808
v -3.068704 0.448422 0.873808
v -3.074509 0.703863 1.274385
v -3.068704 0.448422 0.873808
v -2.935176 0.576142 1.077000
v -3.074509 0.703863 1.274385
v -3.347366 0.698057 1.274385
v -3.341560 0.448422 0.873808
v -3.480891 0.570337 1.077000
v -0.642014 1.296021 2.203261
v -0.781345 1.423742 2.406453
v -0.775542 1.168301 2.005875
v -1.054204 1.168301 2.005875
v -1.054204 1.423742 2.406453
v -1.187730 1.296021 2.203261
v -1.112258 2.004289 3.323718
v -1.251589 2.132010 3.526909
v -1.245784 1.876569 3.126331
v -1.524446 1.876569 3.126331
v -1.524446 2.132010 3.526909
v -1.657974 2.004289 3.323718
v -4.322687 3.002831 4.920223
v -4.456213 3.130552 5.123415
v -4.456213 2.875110 4.717031
v -4.729069 2.875110 4.717031
v -4.734875 3.130552 5.117610
v -4.868400 3.002831 4.920223
v -5.779860 2.428089 4.014570
v -5.640529 2.300368 3.817183
v -5.640529 2.555809 4.217761
v -5.367672 2.555809 4.217761
v -5.367672 2.300368 3.817183
v -5.228342 2.428089 4.014570
v -5.785666 3.571768 5.820073
v -5.652140 3.444047 5.616880
v -5.652140 3.699488 6.023263
v -5.379284 3.699488 6.023263
v -5.373478 3.444047 5.616880
v -5.239950 3.571768 5.820073
v -4.792931 3.711099 6.040680
v -4.926456 3.838820 6.238066
v -4.926456 3.583378 5.837488
v -5.199313 3.583378 5.837488
v -5.205119 3.838820 6.238066
v -5.338644 3.711099 6.040680
v -8.078828 2.846083 4.693810
v -7.939497 2.724168 4.490618
v -7.939497 2.973804 4.891196
v -7.666640 2.979609 4.897002
v -7.666640 2.724168 4.490618
v -7.527309 2.851889 4.693810
v -8.078828 3.136357 5.146637
v -7.939497 3.008636 4.943445
v -7.945302 3.264077 5.344024
v -7.666640 3.264077 5.344024
v -7.666640 3.008636 4.943445
v -7.533114 3.136357 5.146637
v -6.557795 2.294563 3.811378
v -6.279132 2.294563 3.811378
v -6.284936 2.550004 4.211956
v -6.145605 2.422283 4.014570
v -6.284936 2.550004 4.211956
v -6.557795 2.550004 4.211956
v -6.557795 2.294563 3.811378
v -6.697126 2.422283 4.014570
v -6.615849 3.142162 5.146637
v -6.755180 3.269883 5.349828
v -6.755180 3.014442 4.943445
v -7.028037 3.008636 4.943445
v -7.028037 3.264077 5.344024
v -7.167370 3.136357 5.146637
v -6.755180 3.554351 5.796850
v -6.755180 3.298910 5.396272
v -6.615849 3.426631 5.599464
v -6.755180 3.298910 5.396272
v -6.755180 3.554351 5.796850
v -7.028037 3.298910 5.396272
v -7.028037 3.548545 5.796850
v -7.028037 3.548545 5.796850
v -7.167370 3.420825 5.593659
v -7.028037 3.298910 5.396272
v -2.958399 3.728516 6.058096
v -3.091924 3.856236 6.261288
v -3.091924 3.606600 5.860711
v -3.364783 3.600795 5.860711
v -3.364783 3.856236 6.261288
v -3.504115 3.728516 6.058096
v -4.003385 2.997026 4.902806
v -4.276242 2.997026 4.902806
v -4.276242 2.741585 4.502229
v -4.276242 2.997026 4.902806
v -4.409770 2.869305 4.699615
v -4.276242 2.741585 4.502229
v -4.276242 2.741585 4.502229
v -3.997580 2.741585 4.502229
v -4.003385 2.997026 4.902806
v -3.864054 2.869305 4.705421
v -3.945331 2.445506 4.031986
v -3.806000 2.317785 3.834599
v -3.806000 2.573226 4.235177
v -3.533141 2.573226 4.235177
v -3.533141 2.317785 3.834599
v -3.393809 2.445506 4.031986
v -3.939525 2.161037 3.584964
v -3.806000 2.033317 3.381773
v -3.806000 2.288758 3.782350
v -3.533141 2.288758 3.782350
v -3.527338 2.033317 3.381773
v -3.393809 2.161037 3.584964
v -4.003385 3.281494 5.355634
v -4.276242 3.281494 5.355634
v -4.276242 3.026053 4.955056
v -4.415575 3.153773 5.152443
v -4.003385 3.281494 5.355634
v -4.276242 3.026053 4.955056
v -4.003385 3.026053 4.955056
v -4.003385 3.281494 5.355634
v -4.003385 3.026053 4.955056
v -3.864054 3.153773 5.152443
v -2.441712 2.753195 4.508035
v -2.168855 2.753195 4.508035
v -2.168855 3.008636 4.914418
v -2.035330 2.880916 4.711227
v -2.168855 3.008636 4.914418
v -2.447517 3.008636 4.914418
v -2.441712 2.753195 4.508035
v -2.581043 2.875110 4.711227
v -0.647820 2.457116 4.037791
v -0.787151 2.584837 4.235177
v -0.787151 2.329396 3.834599
v -1.060010 2.329396 3.834599
v -1.060010 2.584837 4.235177
v -1.199341 2.457116 4.037791
v -1.251589 2.445506 4.020375
v -1.251589 2.190064 3.613991
v -1.112258 2.317785 3.817183
v -1.251589 2.190064 3.613991
v -1.251589 2.445506 4.020375
v -1.524446 2.190064 3.613991
v -1.524446 2.445506 4.020375
v -1.663779 2.317785 3.817183
v -1.704417 3.153773 5.140831
v -1.983079 3.147968 5.135026
v -1.977273 2.898332 4.734448
v -2.116607 3.020248 4.937639
v -1.977273 2.898332 4.734448
v -1.704417 2.898332 4.734448
v -1.704417 3.153773 5.140831
v -1.570891 3.026053 4.937639
v -1.123870 3.734321 6.058096
v -1.263201 3.862041 6.261288
v -1.257395 3.606600 5.860711
v -1.536057 3.606600 5.860711
v -1.536057 3.862041 6.261288
v -1.675388 3.734321 6.058096
v -1.123870 3.449852 5.611074
v -1.257395 3.577573 5.808461
v -1.257395 3.322132 5.407884
v -1.530252 3.322132 5.407884
v -1.536057 3.577573 5.808461
v -1.669585 3.449852 5.605269
v -0.659431 3.600795 5.843294
v -0.798762 3.728516 6.040680
v -0.792957 3.473074 5.640103
v -1.065815 3.473074 5.640103
v -1.071621 3.722710 6.040680
v -1.205147 3.594990 5.843294
v -2.927205 -0.287432 -0.286498
v -3.060738 -0.159706 -0.089103
v -3.060738 -0.415158 -0.489699
v -3.333609 -0.415158 -0.489699
v -3.339414 -0.165511 -0.089103
v -3.472944 -0.293238 -0.286498
v -2.462747 0.147999 0.392774
v -2.602085 0.269919 0.595975
v -2.596279 0.020272 0.195379
v -2.874954 0.014467 0.195379
v -2.874954 0.269919 0.595975
v -3.014292 0.142193 0.392774
v -3.368443 -1.587919 -2.335926
v -3.501976 -1.460192 -2.138530
v -3.501976 -1.715645 -2.539127
v -3.780651 -1.460192 -2.138530
v -3.774845 -1.715645 -2.539127
v -3.914184 -1.587919 -2.341731
v -3.972240 -1.036373 -1.459258
v -4.245111 -1.036373 -1.459258
v -4.245111 -1.291826 -1.865661
v -4.384447 -1.164099 -1.662459
v -4.245111 -1.291826 -1.865661
v -3.972240 -1.286020 -1.859855
v -3.972240 -1.036373 -1.459258
v -3.832902 -1.158293 -1.662459
v -1.028728 -1.709839 -2.539127
v -0.755857 -1.704034 -2.539127
v -0.755857 -1.448581 -2.138530
v -0.622327 -1.576307 -2.335926
v -0.755857 -1.448581 -2.138530
v -1.034534 -1.454386 -2.138530
v -1.028728 -1.709839 -2.539127
v -1.168067 -1.582113 -2.335926
v -1.080979 -2.005932 -3.009392
v -1.220317 -1.878206 -2.806191
v -1.220317 -2.133659 -3.206787
v -1.493186 -2.133659 -3.206787
v -1.493186 -1.878206 -2.806191
v -1.632524 -2.005932 -3.009392
v -2.027315 2.011643 3.336286
v -2.166653 2.133563 3.539487
v -2.160847 1.883916 3.133085
v -2.439524 2.133563 3.539487
v -2.439524 1.878111 3.133085
v -2.439524 2.133563 3.539487
v -2.573054 2.005837 3.336286
v -2.439524 1.878111 3.133085
v -6.753192 2.981202 4.898031
v -6.747387 2.725749 4.491630
v -6.613854 2.853476 4.694830
v -6.747387 2.725749 4.491630
v -6.753192 2.981202 4.898031
v -7.026061 2.725749 4.491630
v -7.026061 2.981202 4.898031
v -7.165400 2.853476 4.694830
v -6.155200 3.573388 5.832756
v -6.294538 3.701114 6.030152
v -6.288732 3.445662 5.629555
v -6.567409 3.445662 5.629555
v -6.567409 3.701114 6.030152
v -6.567409 3.701114 6.030152
v -6.700939 3.573388 5.826950
v -6.567409 3.445662 5.629555
v -2.950428 3.161180 5.153484
v -3.089766 3.283101 5.356685
v -3.083960 3.033454 4.956089
v -3.362637 3.027647 4.956089
v -3.362637 3.283101 5.356685
v -3.362637 3.283101 5.356685
v -3.496168 3.155374 5.153484
v -3.362637 3.027647 4.956089
v -2.108596 2.168397 3.585933
v -1.975064 2.040672 3.382732
v -1.975064 2.296124 3.783328
v -1.702195 2.296124 3.783328
v -1.696389 2.040672 3.382732
v -1.562857 2.168397 3.585933
v -2.166653 2.719944 4.456794
v -2.166653 2.464490 4.050393
v -2.033120 2.592217 4.253594
v -2.166653 2.719944 4.456794
v -2.445330 2.714137 4.456794
v -2.166653 2.464490 4.050393
v -2.439524 2.464490 4.050393
v -2.578860 2.586411 4.253594
v -7.571801 -3.033549 -4.600166
v -7.432463 -3.161275 -4.797561
v -7.432463 -2.905823 -4.396965
v -7.159594 -2.905823 -4.396965
v -7.159594 -3.155470 -4.797561
v -7.020256 -3.027743 -4.594360
v -2.903982 -3.434145 -5.256214
v -3.037515 -3.306419 -5.053014
v -3.037515 -3.561872 -5.459415
v -3.310384 -3.561872 -5.459415
v -3.316189 -3.306419 -5.058820
v -3.449722 -3.434145 -5.256214
v -2.573054 -3.161275 -4.820785
v -2.573054 -3.410923 -5.227186
v -2.439524 -3.283196 -5.023985
v -2.573054 -3.410923 -5.227186
v -2.573054 -3.161275 -4.820785
v -2.845926 -3.416728 -5.227186
v -2.851731 -3.161275 -4.820785
v -2.985264 -3.289002 -5.023985
v -6.114560 -2.174299 -3.247428
v -6.248093 -2.046572 -3.044227
v -6.248093 -2.302025 -3.450629
v -6.520961 -2.302025 -3.450629
v -6.526767 -2.046572 -3.050032
v -6.660300 -2.174299 -3.247428
v -6.242287 1.715549 2.889243
v -6.102949 1.587823 2.691848
v -6.102949 1.843276 3.092445
v -5.830077 1.843276 3.092445
v -5.824272 1.587823 2.691848
v -5.690742 1.715549 2.889243
v -8.535554 3.271489 5.362491
v -8.396217 3.143763 5.165096
v -8.402023 3.399216 5.565691
v -8.123346 3.149568 5.165096
v -8.129152 3.399216 5.565691
v -7.989814 3.277295 5.368296
v -8.535554 2.702526 4.462600
v -8.396217 2.574799 4.259399
v -8.396217 2.830252 4.665801
v -8.117541 2.574799 4.265205
v -8.123346 2.830252 4.665801
v -7.984008 2.702526 4.462600
v -7.618247 3.277295 5.362491
v -7.478910 3.149568 5.165096
v -7.478910 3.405021 5.565691
v -7.206039 3.405021 5.565691
v -7.206039 3.149568 5.165096
v -7.066701 3.277295 5.362491
v -0.645549 2.174203 3.585933
v -0.784885 2.301929 3.789134
v -0.784885 2.046477 3.382732
v -1.057756 2.040672 3.382732
v -1.057756 2.296124 3.789134
v -1.197095 2.168397 3.585933
v -6.068114 -3.033549 -4.611777
v -6.201647 -3.161275 -4.814979
v -6.068114 -3.289002 -5.012374
v -6.068114 -3.033549 -4.611777
v -6.068114 -3.289002 -5.012374
v -5.795243 -3.033549 -4.611777
v -5.789438 -3.289002 -5.012374
v -5.655905 -3.161275 -4.809173
v -6.567409 -3.451562 -5.267826
v -6.706745 -3.323836 -5.064625
v -6.706745 -3.579288 -5.465221
v -6.979616 -3.579288 -5.465221
v -6.979616 -3.329642 -5.064625
v -7.118954 -3.457368 -5.267826
v -6.573215 -2.882600 -4.362131
v -6.712551 -2.754873 -4.164735
v -6.706745 -3.010326 -4.565331
v -6.985422 -3.010326 -4.565331
v -6.985422 -2.754873 -4.164735
v -7.118954 -2.882600 -4.362131
v -4.285751 -1.872400 -2.782968
v -4.425089 -1.744674 -2.579767
v -4.419284 -2.000127 -2.980363
v -4.697958 -2.000127 -2.986169
v -4.697958 -1.744674 -2.579767
v -4.831491 -1.872400 -2.782968
v -6.108754 -2.458780 -3.700275
v -6.248093 -2.331054 -3.497075
v -6.248093 -2.586507 -3.897671
v -6.520961 -2.586507 -3.897671
v -6.520961 -2.331054 -3.497075
v -6.660300 -2.458780 -3.700275
v -5.772021 1.285925 2.209971
v -5.632682 1.158198 2.006771
v -5.632682 1.413651 2.407367
v -5.359814 1.413651 2.413173
v -5.359814 1.158198 2.006771
v -5.220475 1.285925 2.209971
v -1.104202 1.158198 1.983547
v -1.243540 1.285925 2.186749
v -1.243540 1.030472 1.786152
v -1.516411 1.030472 1.786152
v -1.516411 1.280119 2.186749
v -1.516411 1.280119 2.186749
v -1.655747 1.152393 1.983547
v -1.516411 1.030472 1.786152
v -1.017117 -3.979885 -6.127076
v -0.738440 -3.974079 -6.127076
v -0.744246 -3.724432 -5.720674
v -0.604907 -3.846353 -5.923875
v -0.744246 -3.724432 -5.720674
v -1.017117 -3.724432 -5.720674
v -1.017117 -3.979885 -6.127076
v -1.150647 -3.852159 -5.923875
v -4.227695 -2.720039 -4.118289
v -3.954823 -2.720039 -4.118289
v -3.960629 -2.464586 -3.717693
v -3.821290 -2.592312 -3.920894
v -3.960629 -2.464586 -3.717693
v -4.227695 -2.464586 -3.717693
v -4.227695 -2.720039 -4.118289
v -4.227695 -2.464586 -3.717693
v -4.367030 -2.592312 -3.920894
v -4.227695 -2.720039 -4.118289
v -5.748798 -2.162688 -3.235816
v -5.609459 -2.290414 -3.433211
v -5.609459 -2.034961 -3.032615
v -5.336591 -2.034961 -3.032615
v -5.330785 -2.290414 -3.433211
v -5.336591 -2.034961 -3.032615
v -5.330785 -2.290414 -3.433211
v -5.197253 -2.162688 -3.235816
v -6.596437 0.850494 1.524894
v -6.735773 0.972415 1.728095
v -6.735773 0.722767 1.327499
v -7.008644 0.716962 1.321693
v -7.014450 0.972415 1.728095
v -7.147983 0.844688 1.524894
v -2.886565 0.589235 1.101075
v -2.613697 0.589235 1.101075
v -2.619502 0.844688 1.495865
v -2.480164 0.716962 1.298470
v -2.619502 0.844688 1.495865
v -2.892371 0.844688 1.495865
v -2.886565 0.589235 1.101075
v -3.025903 0.716962 1.298470
v -3.798068 1.134975 1.960325
v -3.931601 1.007249 1.757123
v -3.792262 0.879522 1.559728
v -3.798068 1.134975 1.960325
v -3.792262 0.879522 1.559728
v -3.519393 1.134975 1.960325
v -3.519393 0.879522 1.559728
v -3.385860 1.007249 1.762929
v -2.886565 2.029060 3.371120
v -2.613697 2.029060 3.371120
v -2.613697 2.284513 3.771717
v -2.480164 2.156786 3.574322
v -2.613697 2.284513 3.771717
v -2.892371 2.284513 3.771717
v -2.886565 2.029060 3.371120
v -2.892371 2.284513 3.771717
v -3.025903 2.156786 3.568516
v -2.886565 2.029060 3.371120
v -4.268334 2.423850 4.003946
v -4.407672 2.296124 3.800745
v -4.268334 2.168397 3.597544
v -4.268334 2.423850 4.003946
v -4.268334 2.168397 3.597544
v -3.995463 2.423850 4.003946
v -3.995463 2.168397 3.597544
v -3.856125 2.296124 3.800745
v -8.071095 -4.014719 -6.150299
v -8.349770 -3.765072 -5.749702
v -8.343965 -4.020525 -6.150299
v -8.483303 -3.892799 -5.947098
v -8.349770 -3.765072 -5.749702
v -8.071095 -4.014719 -6.150299
v -8.076901 -3.765072 -5.749702
v -7.937563 -3.886993 -5.947098
v -4.274140 -3.300613 -5.041402
v -4.413478 -3.172887 -4.838202
v -4.407672 -3.428339 -5.244603
v -4.686347 -3.434145 -5.244603
v -4.686347 -3.178693 -4.838202
v -4.825685 -3.306419 -5.041402
v -4.268334 -3.875382 -5.941293
v -4.407672 -3.747655 -5.743897
v -4.407672 -4.003108 -6.144493
v -4.680541 -4.003108 -6.144493
v -4.680541 -3.747655 -5.743897
v -4.819880 -3.875382 -5.941293
v -6.207453 -2.876794 -4.362131
v -6.068114 -3.004520 -4.559526
v -6.068114 -2.749068 -4.158929
v -5.795243 -2.749068 -4.158929
v -5.795243 -3.004520 -4.559526
v -5.655905 -2.876794 -4.362131
v -7.891118 -3.614123 -5.517473
v -8.030456 -3.741850 -5.720674
v -7.891118 -3.869576 -5.918069
v -7.891118 -3.614123 -5.517473
v -7.891118 -3.869576 -5.918069
v -7.618247 -3.614123 -5.517473
v -7.618247 -3.869576 -5.918069
v -7.478910 -3.741850 -5.720674
v -3.896767 -3.863770 -5.929681
v -3.757428 -3.991496 -6.127076
v -3.763234 -3.736044 -5.726480
v -3.484556 -3.736044 -5.726480
v -3.484556 -3.985691 -6.127076
v -3.351026 -3.857964 -5.929681
v -1.075173 -3.143858 -4.803367
v -1.214512 -3.016132 -4.600166
v -1.208706 -3.271584 -5.006568
v -1.487381 -3.271584 -5.006568
v -1.487381 -3.016132 -4.605972
v -1.620913 -3.143858 -4.803367
v -8.100123 -0.014562 0.172156
v -8.378800 0.240891 0.572752
v -8.378800 -0.014562 0.172156
v -8.512331 0.113164 0.369551
v -8.378800 0.240891 0.572752
v -8.100123 -0.014562 0.172156
v -8.105929 0.240891 0.572752
v -7.966591 0.113164 0.375357
v -5.812660 -0.432576 -0.501311
v -6.091337 -0.182929 -0.100714
v -6.085531 -0.432576 -0.501311
v -6.224870 -0.310655 -0.303915
v -6.091337 -0.182929 -0.100714
v -5.812660 -0.432576 -0.501311
v -5.812660 -0.177123 -0.100714
v -5.673325 -0.304849 -0.303915
v -4.430895 -0.316461 -0.321333
v -4.703764 -0.571913 -0.727735
v -4.430895 -0.571913 -0.727735
v -4.430895 -0.316461 -0.321333
v -4.430895 -0.571913 -0.727735
v -4.297362 -0.444187 -0.524533
v -4.430895 -0.316461 -0.321333
v -4.709569 -0.316461 -0.321333
v -4.703764 -0.571913 -0.727735
v -4.709569 -0.316461 -0.321333
v -4.843102 -0.444187 -0.524533
v -4.703764 -0.571913 -0.727735
v -6.265510 0.252502 0.584363
v -6.265510 0.002855 0.183767
v -6.126171 0.130582 0.386968
v -6.265510 0.002855 0.183767
v -6.265510 0.252502 0.584363
v -6.538378 -0.002951 0.183767
v -6.544184 0.252502 0.584363
v -6.677717 0.124776 0.386968
v -3.374248 -0.432576 -0.512922
v -3.513588 -0.304849 -0.315527
v -3.513588 -0.560302 -0.716123
v -3.786457 -0.304849 -0.315527
v -3.786457 -0.560302 -0.716123
v -3.925795 -0.432576 -0.512922
v -2.422107 -0.409353 -0.483893
v -2.143430 -0.409353 -0.483893
v -2.149236 -0.153900 -0.083297
v -2.009898 -0.281626 -0.280692
v -2.149236 -0.153900 -0.083297
v -2.422107 -0.153900 -0.083297
v -2.422107 -0.409353 -0.483893
v -2.561443 -0.281626 -0.280692
v -1.678970 -0.293238 -0.303915
v -1.957647 -0.299044 -0.303915
v -1.951841 -0.548691 -0.710317
v -1.957647 -0.299044 -0.303915
v -2.091179 -0.426770 -0.507116
v -1.951841 -0.548691 -0.710317
v -1.678970 -0.293238 -0.303915
v -1.951841 -0.548691 -0.710317
v -1.678970 -0.548691 -0.710317
v -1.678970 -0.293238 -0.303915
v -1.678970 -0.548691 -0.710317
v -1.545440 -0.420964 -0.507116
v -0.628132 -0.705446 -0.954159
v -0.767468 -0.577719 -0.756763
v -0.761663 -0.833172 -1.157360
v -1.034534 -0.833172 -1.157360
v -1.040339 -0.577719 -0.756763
v -1.173872 -0.705446 -0.954159
v -2.096985 0.147999 0.392774
v -1.957647 0.020272 0.195379
v -1.957647 0.275725 0.595975
v -1.684775 0.275725 0.595975
v -1.684775 0.020272 0.195379
v -1.545440 0.147999 0.392774
v -6.219064 -1.448581 -2.103696
v -6.079726 -1.576307 -2.301091
v -6.079726 -1.320854 -1.900495
v -5.806855 -1.320854 -1.900495
v -5.806855 -1.576307 -2.301091
v -5.667519 -1.442775 -2.103696
v -5.748798 -1.878206 -2.782968
v -5.609459 -2.005932 -2.986169
v -5.609459 -1.750480 -2.585573
v -5.336591 -1.750480 -2.585573
v -5.336591 -2.005932 -2.986169
v -5.336591 -1.750480 -2.585573
v -5.336591 -2.005932 -2.986169
v -5.197253 -1.878206 -2.782968
v -7.583412 -1.036373 -1.447647
v -7.444074 -1.164099 -1.645042
v -7.449880 -0.908647 -1.244446
v -7.171206 -0.908647 -1.244446
v -7.171206 -1.164099 -1.645042
v -7.037673 -1.036373 -1.447647
v -7.635664 -1.047984 -1.465064
v -7.914340 -1.047984 -1.465064
v -7.908535 -1.303437 -1.865661
v -8.047873 -1.175711 -1.668265
v -7.908535 -1.303437 -1.865661
v -7.635664 -1.303437 -1.865661
v -7.635664 -1.047984 -1.465064
v -7.502133 -1.175711 -1.662459
v -8.042068 -2.319442 -3.468046
v -7.902729 -2.447169 -3.671247
v -7.902729 -2.191716 -3.270651
v -7.629858 -2.191716 -3.270651
v -7.629858 -2.447169 -3.671247
v -7.490522 -2.319442 -3.468046
v -3.774845 -2.029155 -3.032615
v -3.908378 -2.156882 -3.235816
v -3.769040 -2.284608 -3.433211
v -3.774845 -2.029155 -3.032615
v -3.769040 -2.284608 -3.433211
v -3.501976 -2.029155 -3.032615
v -3.496168 -2.284608 -3.433211
v -3.501976 -2.029155 -3.032615
v -3.496168 -2.284608 -3.433211
v -3.362637 -2.156882 -3.230010
v -2.079568 -2.441363 -3.694470
v -1.940230 -2.569090 -3.891865
v -1.940230 -2.313637 -3.491269
v -1.667359 -2.313637 -3.491269
v -1.667359 -2.569090 -3.891865
v -1.528023 -2.441363 -3.694470
v -5.777826 1.854887 3.109862
v -5.638488 1.727161 2.912467
v -5.638488 1.982614 3.313063
v -5.365619 1.982614 3.313063
v -5.365619 1.727161 2.912467
v -5.226281 1.854887 3.109862
v -4.918576 2.121951 3.533681
v -4.912770 1.872305 3.133085
v -4.779240 2.000031 3.330480
v -4.912770 1.872305 3.133085
v -4.918576 2.121951 3.533681
v -5.185641 1.866499 3.127279
v -5.191447 2.121951 3.533681
v -5.324980 1.994225 3.330480
v -7.937563 2.110340 3.527876
v -8.071095 1.982614 3.324674
v -7.931757 1.854887 3.127279
v -7.937563 2.110340 3.527876
v -7.931757 1.854887 3.127279
v -7.658888 2.110340 3.527876
v -7.658888 1.860693 3.127279
v -7.525356 1.988419 3.330480
v -6.602243 1.134975 1.977742
v -6.741581 1.262701 2.175138
v -6.735773 1.007249 1.774541
v -7.014450 1.007249 1.774541
v -7.014450 1.256896 2.175138
v -7.147983 1.129169 1.977742
v -6.271315 0.827271 1.495865
v -6.271315 0.577624 1.095269
v -6.131977 0.705350 1.292664
v -6.271315 0.577624 1.095269
v -6.271315 0.827271 1.495865
v -6.544184 0.571818 1.095269
v -6.544184 0.827271 1.495865
v -6.683522 0.699544 1.292664
v -3.531005 1.982614 3.301452
v -3.803874 1.982614 3.301452
v -3.803874 1.727161 2.900855
v -3.803874 1.982614 3.301452
v -3.937406 1.854887 3.098250
v -3.803874 1.727161 2.900855
v -3.803874 1.727161 2.900855
v -3.525199 1.727161 2.900855
v -3.531005 1.982614 3.301452
v -3.391665 1.854887 3.098250
v -2.933011 1.146587 1.977742
v -3.072349 1.274313 2.180943
v -3.072349 1.018860 1.780347
v -3.345220 1.018860 1.780347
v -3.345220 1.274313 2.180943
v -3.484556 1.146587 1.977742
v -0.645549 1.582017 2.657014
v -0.779080 1.709744 2.854409
v -0.779080 1.454291 2.453813
v -1.051951 1.454291 2.453813
v -1.057756 1.709744 2.854409
v -1.191289 1.582017 2.657014
v -2.108596 1.576212 2.651208
v -1.969258 1.448485 2.453813
v -1.969258 1.703938 2.854409
v -1.696389 1.703938 2.854409
v -1.696389 1.454291 2.453813
v -1.557051 1.582017 2.657014
v -1.963452 0.850494 1.501671
v -2.102791 0.722767 1.298470
v -1.963452 0.595041 1.101075
v -1.963452 0.850494 1.501671
v -1.963452 0.595041 1.101075
v -1.690581 0.850494 1.501671
v -1.690581 0.595041 1.101075
v -1.551245 0.722767 1.304275
v -4.454118 2.563188 4.218760
v -4.454118 2.307735 3.818162
v -4.314779 2.435462 4.015558
v -4.454118 2.307735 3.818162
v -4.454118 2.563188 4.218760
v -4.726986 2.301929 3.818162
v -4.726986 2.557382 4.218760
v -4.866325 2.429656 4.015558
v -7.020256 2.156786 3.591738
v -6.747387 2.156786 3.591738
v -6.747387 2.412239 3.992335
v -6.608048 2.284513 3.794940
v -6.747387 2.412239 3.992335
v -7.020256 2.406433 3.992335
v -7.020256 2.156786 3.591738
v -7.159594 2.278707 3.794940
v -7.670500 3.550165 5.797922
v -7.943368 3.550165 5.797922
v -7.943368 3.294712 5.391520
v -8.082706 3.416633 5.594721
v -7.670500 3.550165 5.797922
v -7.943368 3.294712 5.391520
v -7.670500 3.294712 5.397326
v -7.670500 3.550165 5.797922
v -7.670500 3.294712 5.397326
v -7.531161 3.422438 5.594721
v -4.279945 3.567582 5.803727
v -4.413478 3.439856 5.606332
v -4.279945 3.312129 5.403131
v -4.279945 3.567582 5.803727
v -4.279945 3.312129 5.403131
v -4.007074 3.567582 5.803727
v -4.001268 3.312129 5.403131
v -3.867738 3.439856 5.606332
v -1.255152 3.010231 4.915448
v -1.255152 2.754777 4.514853
v -1.115813 2.882504 4.712247
v -1.255152 2.754777 4.514853
v -1.255152 3.010231 4.915448
v -1.528023 2.754777 4.514853
v -1.528023 3.010231 4.915448
v -1.667359 2.882504 4.712247
v -2.114402 2.737360 4.485823
v -1.975064 2.609634 4.282622
v -1.980869 2.865087 4.689024
v -1.702195 2.865087 4.689024
v -1.702195 2.609634 4.288428
v -1.568662 2.737360 4.485823
v -5.603883 -3.178968 -4.844891
v -5.737433 -3.306712 -5.042312
v -5.598078 -3.434455 -5.245539
v -5.603883 -3.178968 -4.844891
v -5.598078 -3.434455 -5.245539
v -5.325172 -3.178968 -4.839085
v -5.325172 -3.434455 -5.245539
v -5.191623 -3.306712 -5.042312
v -4.274196 -3.016386 -4.589405
v -4.413551 -2.888644 -4.391984
v -4.413551 -3.144129 -4.792633
v -4.686457 -3.144129 -4.792633
v -4.686457 -2.888644 -4.391984
v -4.825812 -3.016386 -4.589405
v -4.750329 -2.011862 -3.004230
v -4.883879 -1.884119 -2.801003
v -4.883879 -2.139605 -3.201652
v -5.156784 -2.139605 -3.201652
v -5.162590 -1.889925 -2.801003
v -5.296139 -2.017668 -3.004230
v -2.456760 -1.007337 -1.424863
v -2.590310 -0.879595 -1.227442
v -2.590310 -1.135081 -1.628090
v -2.863215 -1.135081 -1.628090
v -2.869021 -0.885401 -1.227442
v -3.002571 -1.013144 -1.430669
v -8.489714 -3.318324 -5.048119
v -8.350358 -3.446067 -5.245539
v -8.350358 -3.190581 -4.844891
v -8.077453 -3.446067 -5.245539
v -8.077453 -3.190581 -4.844891
v -7.938097 -3.318324 -5.048119
v -8.356164 -2.621544 -3.944884
v -8.356164 -2.877031 -4.345532
v -8.083259 -2.877031 -4.345532
v -8.356164 -2.621544 -3.944884
v -8.495520 -2.749287 -4.148111
v -8.356164 -2.877031 -4.345532
v -8.356164 -2.621544 -3.944884
v -8.083259 -2.877031 -4.345532
v -8.083259 -2.621544 -3.944884
v -7.943903 -2.749287 -4.142305
v -6.654860 -3.312518 -5.042312
v -6.515505 -3.434455 -5.239732
v -6.515505 -3.184775 -4.839085
v -6.242599 -3.178968 -4.839085
v -6.242599 -3.434455 -5.239732
v -6.103244 -3.306712 -5.036506
v -7.154221 -3.463487 -5.286185
v -7.427126 -3.469293 -5.286185
v -7.427126 -3.724779 -5.686833
v -7.566481 -3.597036 -5.483606
v -7.427126 -3.724779 -5.686833
v -7.154221 -3.718973 -5.686833
v -7.154221 -3.463487 -5.286185
v -7.014863 -3.591230 -5.483606
v -6.567763 -3.167356 -4.815859
v -6.707119 -3.039613 -4.612631
v -6.707119 -3.295099 -5.013279
v -6.980024 -3.295099 -5.019086
v -6.980024 -3.039613 -4.612631
v -7.119379 -3.167356 -4.815859
v -6.109049 -2.731868 -4.130692
v -6.248405 -2.604125 -3.927464
v -6.242599 -2.859611 -4.333919
v -6.521310 -2.859611 -4.333919
v -6.521310 -2.609931 -3.933271
v -6.654860 -2.737674 -4.130692
v -2.845796 -3.451874 -5.280378
v -2.572891 -3.701554 -5.681026
v -2.572891 -3.446067 -5.280378
v -2.433535 -3.573811 -5.483606
v -2.845796 -3.451874 -5.280378
v -2.845796 -3.701554 -5.681026
v -2.572891 -3.701554 -5.681026
v -2.845796 -3.451874 -5.280378
v -2.985152 -3.579617 -5.483606
v -2.845796 -3.701554 -5.681026
v -2.851602 -3.126710 -4.775213
v -2.578696 -3.126710 -4.775213
v -2.578696 -2.871224 -4.368758
v -2.439341 -2.998967 -4.571986
v -2.578696 -2.871224 -4.368758
v -2.851602 -2.877031 -4.374565
v -2.851602 -3.126710 -4.775213
v -2.990957 -3.004773 -4.571986
v -4.233552 -3.027999 -4.606825
v -4.367099 -3.155742 -4.810052
v -4.227743 -3.283485 -5.007473
v -4.233552 -3.027999 -4.606825
v -4.227743 -3.283485 -5.007473
v -3.954838 -3.027999 -4.606825
v -3.954838 -3.277679 -5.007473
v -3.821288 -3.149936 -4.804245
v -1.481270 -3.550584 -5.448767
v -1.208364 -3.550584 -5.448767
v -1.208364 -3.295099 -5.048119
v -1.069006 -3.422841 -5.245539
v -1.208364 -3.295099 -5.048119
v -1.481270 -3.295099 -5.048119
v -1.481270 -3.550584 -5.448767
v -1.620625 -3.422841 -5.245539
v -2.073530 -3.283485 -5.024893
v -1.934175 -3.411228 -5.222313
v -1.934175 -3.155742 -4.821665
v -1.661270 -3.155742 -4.821665
v -1.661270 -3.411228 -5.222313
v -1.521914 -3.283485 -5.024893
v -1.074815 -2.853805 -4.351338
v -1.214170 -2.731868 -4.153918
v -1.214170 -2.981547 -4.554566
v -1.487075 -2.987354 -4.554566
v -1.487075 -2.731868 -4.153918
v -1.626431 -2.859611 -4.351338
v -4.297421 -0.159589 -0.071949
v -4.436779 -0.031846 0.125473
v -4.430971 -0.287332 -0.275176
v -4.709684 -0.287332 -0.275176
v -4.709684 -0.031846 0.125473
v -4.843232 -0.159589 -0.071949
v -5.754853 -0.734432 -0.977762
v -5.621303 -0.862175 -1.180990
v -5.621303 -0.606689 -0.774535
v -5.348398 -0.606689 -0.774535
v -5.342592 -0.862175 -1.175183
v -5.209042 -0.734432 -0.977762
v -5.760658 -0.165395 -0.077755
v -5.621303 -0.287332 -0.275176
v -5.627111 -0.037652 0.125473
v -5.348398 -0.031846 0.125473
v -5.348398 -0.287332 -0.275176
v -5.209042 -0.159589 -0.071949
v -4.761942 -0.020233 0.142892
v -4.901298 0.107511 0.346120
v -4.901298 -0.147976 -0.054529
v -5.174203 -0.147976 -0.054529
v -5.174203 0.107511 0.346120
v -5.313559 -0.020233 0.142892
v -7.641964 -0.182815 -0.100981
v -7.920678 -0.182815 -0.100981
v -7.914870 -0.438301 -0.501629
v -8.054228 -0.310558 -0.298402
v -7.914870 -0.438301 -0.501629
v -7.641964 -0.438301 -0.501629
v -7.641964 -0.182815 -0.100981
v -7.508415 -0.310558 -0.298402
v -6.260019 -0.612495 -0.780342
v -6.260019 -0.862175 -1.180990
v -6.120663 -0.734432 -0.977762
v -6.260019 -0.862175 -1.180990
v -6.260019 -0.612495 -0.780342
v -6.532924 -0.867982 -1.180990
v -6.532924 -0.612495 -0.780342
v -6.532924 -0.612495 -0.780342
v -6.672279 -0.740239 -0.983569
v -6.532924 -0.867982 -1.180990
v -7.647773 0.386222 0.804833
v -7.920678 0.386222 0.804833
v -7.920678 0.130737 0.398378
v -7.920678 0.386222 0.804833
v -8.060034 0.258479 0.601606
v -7.920678 0.130737 0.398378
v -7.647773 0.386222 0.804833
v -7.920678 0.130737 0.398378
v -7.647773 0.130737 0.404184
v -7.647773 0.386222 0.804833
v -7.647773 0.130737 0.404184
v -7.508415 0.258479 0.601606
v -7.595514 0.397835 0.822253
v -7.456157 0.270092 0.619025
v -7.456157 0.525578 1.019673
v -7.183251 0.525578 1.025480
v -7.183251 0.275899 0.619025
v -7.043896 0.403642 0.822253
v -2.613535 0.554611 1.042900
v -2.613535 0.304932 0.648058
v -2.479985 0.432674 0.845478
v -2.613535 0.304932 0.648058
v -2.613535 0.554611 1.042900
v -2.886441 0.304932 0.648058
v -2.886441 0.554611 1.042900
v -3.025799 0.426868 0.845478
v -3.919999 -0.717013 -0.960343
v -3.780643 -0.844756 -1.163570
v -3.786449 -0.589270 -0.757115
v -3.507738 -0.589270 -0.757115
v -3.507738 -0.844756 -1.157764
v -3.374187 -0.717013 -0.960343
v -1.092234 -0.560237 -0.722276
v -1.231589 -0.432494 -0.524855
v -1.231589 -0.687980 -0.925504
v -1.504495 -0.687980 -0.925504
v -1.504495 -0.432494 -0.524855
v -1.643850 -0.560237 -0.728083
v -2.096758 -0.136363 -0.054529
v -1.957402 -0.264106 -0.257756
v -1.957402 -0.008620 0.142892
v -1.684497 -0.008620 0.142892
v -1.684497 -0.264106 -0.257756
v -1.545139 -0.136363 -0.054529
v -2.096758 0.432674 0.845478
v -1.963208 0.304932 0.642251
v -1.963208 0.560417 1.048706
v -1.690303 0.560417 1.048706
v -1.684497 0.304932 0.648058
v -1.550947 0.432674 0.845478
v -8.501328 -1.889925 -2.789390
v -8.361972 -2.017668 -2.992618
v -8.361972 -1.762182 -2.591969
v -8.089067 -2.017668 -2.992618
v -8.089067 -1.762182 -2.586163
v -7.949709 -1.889925 -2.789390
v -4.750329 -1.733150 -2.557130
v -4.889684 -1.605407 -2.359709
v -4.883879 -1.860893 -2.760358
v -5.162590 -1.860893 -2.760358
v -5.162590 -1.605407 -2.359709
v -5.296139 -1.733150 -2.557130
v -4.291615 -1.013144 -1.430669
v -4.430971 -0.891208 -1.227442
v -4.425165 -1.140887 -1.628090
v -4.703876 -1.146693 -1.628090
v -4.703876 -0.891208 -1.227442
v -4.837426 -1.018951 -1.430669
v -4.280002 -2.441543 -3.683591
v -4.419359 -2.313800 -3.480364
v -4.419359 -2.569286 -3.886819
v -4.692265 -2.575092 -3.886819
v -4.692265 -2.319607 -3.486170
v -4.831620 -2.447349 -3.683591
v -6.585182 -1.169919 -1.662929
v -6.724538 -1.042177 -1.465508
v -6.718732 -1.297662 -1.866157
v -6.997443 -1.297662 -1.866157
v -6.997443 -1.047983 -1.465508
v -7.130993 -1.175726 -1.662929
v -6.114855 -1.593794 -2.330677
v -6.254213 -1.466051 -2.133256
v -6.254213 -1.721537 -2.533904
v -6.527118 -1.721537 -2.533904
v -6.527118 -1.466051 -2.133256
v -6.666474 -1.593794 -2.336483
v -1.992241 -2.580899 -3.915851
v -2.131597 -2.458963 -3.718430
v -2.125791 -2.708642 -4.113272
v -2.398696 -2.708642 -4.113272
v -2.404502 -2.458963 -3.718430
v -2.538052 -2.586705 -3.915851
v -3.780643 -0.897014 -1.239055
v -3.919999 -1.024757 -1.442282
v -3.780643 -1.146693 -1.645510
v -3.780643 -0.897014 -1.239055
v -3.780643 -1.146693 -1.645510
v -3.507738 -0.891208 -1.239055
v -3.507738 -1.146693 -1.645510
v -3.368382 -1.018951 -1.442282
v -3.960646 -2.174444 -3.265523
v -4.239357 -2.180250 -3.265523
v -4.233552 -2.429930 -3.666172
v -4.372907 -2.307994 -3.468750
v -4.233552 -2.429930 -3.666172
v -3.960646 -2.429930 -3.666172
v -3.960646 -2.174444 -3.265523
v -3.827096 -2.302187 -3.462944
v -2.137403 -1.599601 -2.365516
v -2.137403 -1.855086 -2.766164
v -1.998047 -1.727344 -2.562937
v -2.137403 -1.855086 -2.766164
v -2.137403 -1.599601 -2.365516
v -2.410308 -1.855086 -2.766164
v -2.410308 -1.599601 -2.365516
v -2.549663 -1.727344 -2.568743
v -0.755457 -1.738956 -2.586163
v -0.755457 -1.988636 -2.986811
v -0.616101 -1.860893 -2.789390
v -0.755457 -1.988636 -2.986811
v -0.755457 -1.738956 -2.586163
v -1.028362 -1.994443 -2.992618
v -1.028362 -1.738956 -2.586163
v -1.167717 -1.866699 -2.789390
v -1.086426 -1.158306 -1.668736
v -1.225784 -1.030563 -1.465508
v -1.225784 -1.286050 -1.871963
v -1.498689 -1.286050 -1.871963
v -1.498689 -1.030563 -1.465508
v -1.638045 -1.158306 -1.668736
v -0.749651 -2.307994 -3.491976
v -1.022556 -2.563479 -3.892625
v -0.749651 -2.563479 -3.892625
v -0.749651 -2.307994 -3.491976
v -0.749651 -2.563479 -3.892625
v -0.616101 -2.435737 -3.689398
v -0.749651 -2.307994 -3.491976
v -1.028362 -2.307994 -3.491976
v -1.022556 -2.563479 -3.892625
v -1.161912 -2.435737 -3.689398
v -8.518747 0.984292 1.751293
v -8.385197 0.856549 1.548065
v -8.385197 1.112035 1.954520
v -8.106486 0.856549 1.553871
v -8.112292 1.112035 1.954520
v -7.972936 0.984292 1.751293
v -8.524552 1.843654 3.104207
v -8.391003 1.715911 2.906786
v -8.391003 1.971397 3.307434
v -8.112292 1.715911 2.906786
v -8.118097 1.971397 3.307434
v -7.978742 1.843654 3.104207
v -6.236794 1.135261 1.977746
v -6.097436 1.007518 1.774518
v -6.097436 1.263004 2.175167
v -5.824531 1.263004 2.175167
v -5.824531 1.007518 1.774518
v -5.685175 1.135261 1.977746
v -4.907104 0.990098 1.739680
v -4.907104 0.734612 1.339031
v -4.767748 0.862355 1.542258
v -4.907104 0.734612 1.339031
v -4.907104 0.990098 1.739680
v -5.180009 0.734612 1.339031
v -5.180009 0.990098 1.739680
v -5.180009 0.990098 1.739680
v -5.319367 0.862355 1.542258
v -5.180009 0.734612 1.339031
v -6.608407 1.988816 3.330660
v -6.747766 2.116559 3.528081
v -6.741957 1.861073 3.127433
v -7.020671 1.861073 3.127433
v -7.020671 2.116559 3.528081
v -7.154221 1.988816 3.330660
v -4.262582 1.268811 2.180974
v -4.401940 1.141068 1.977746
v -4.262582 1.013325 1.774518
v -4.262582 1.268811 2.180974
v -4.262582 1.013325 1.774518
v -3.989677 1.268811 2.180974
v -3.983871 1.013325 1.780325
v -3.850321 1.146874 1.977746
v -4.396132 0.856549 1.524839
v -4.256776 0.728806 1.327418
v -4.262582 0.984292 1.728066
v -3.983871 0.984292 1.728066
v -3.983871 0.728806 1.327418
v -3.850321 0.856549 1.530646
v -1.103845 1.437199 2.430653
v -1.243203 1.564942 2.628074
v -1.243203 1.309456 2.227426
v -1.516109 1.309456 2.227426
v -1.516109 1.564942 2.628074
v -1.516109 1.564942 2.628074
v -1.655464 1.437199 2.424846
v -1.516109 1.309456 2.227426
v -1.969014 1.419779 2.401621
v -2.102564 1.292036 2.204199
v -1.969014 1.164293 2.000972
v -1.969014 1.419779 2.401621
v -1.969014 1.164293 2.000972
v -1.696108 1.419779 2.401621
v -1.690303 1.164293 2.000972
v -1.696108 1.419779 2.401621
v -1.690303 1.164293 2.000972
v -1.556753 1.292036 2.204199
v -4.454198 2.848178 4.671962
v -4.454198 2.592692 4.265507
v -4.314840 2.720435 4.468735
v -4.454198 2.592692 4.265507
v -4.454198 2.848178 4.671962
v -4.727104 2.592692 4.265507
v -4.732909 2.842371 4.671962
v -4.866459 2.714628 4.468735
v -4.779362 2.290754 3.800987
v -4.918717 2.418497 3.998408
v -4.918717 2.163011 3.597759
v -5.191623 2.163011 3.597759
v -5.191623 2.418497 3.998408
v -5.330978 2.290754 3.795180
v -6.248405 3.144310 5.148096
v -6.109049 3.016567 4.950673
v -6.114855 3.272053 5.351323
v -5.841950 3.272053 5.351323
v -5.836144 3.016567 4.950673
v -5.702594 3.144310 5.148096
v -6.254213 3.428828 5.601002
v -6.114855 3.301085 5.397774
v -6.114855 3.556571 5.798423
v -5.841950 3.556571 5.798423
v -5.841950 3.301085 5.397774
v -5.702594 3.428828 5.601002
v -7.607126 2.424304 4.021634
v -7.473576 2.302367 3.824213
v -7.473576 2.552047 4.224862
v -7.200671 2.557853 4.224862
v -7.194865 2.302367 3.824213
v -7.061315 2.430110 4.027441
v -7.618740 3.562378 5.815842
v -7.479384 3.434635 5.612615
v -7.479384 3.690121 6.013264
v -7.206479 3.690121 6.019070
v -7.206479 3.434635 5.612615
v -7.067121 3.562378 5.815842
v -2.636763 3.719153 6.036489
v -2.636763 3.463668 5.641648
v -2.503213 3.591410 5.839068
v -2.636763 3.463668 5.641648
v -2.636763 3.719153 6.036489
v -2.909668 3.463668 5.641648
v -2.909668 3.719153 6.036489
v -3.049024 3.591410 5.839068
v -3.083863 2.430110 4.004214
v -3.356768 2.174624 3.603566
v -3.078057 2.174624 3.603566
v -3.083863 2.430110 4.004214
v -3.078057 2.174624 3.603566
v -2.944507 2.302367 3.800987
v -3.083863 2.430110 4.004214
v -3.356768 2.430110 4.004214
v -3.356768 2.174624 3.603566
v -3.490319 2.302367 3.800987
v -0.650940 3.028180 4.939061
v -0.790295 3.155923 5.142289
v -0.790295 2.900437 4.735833
v -1.063201 2.900437 4.735833
v -1.069006 3.155923 5.142289
v -1.202556 3.028180 4.939061
v -2.032886 3.167536 5.171320
v -2.172241 3.295279 5.368742
v -2.172241 3.039793 4.968093
v -2.445147 3.295279 5.368742
v -2.445147 3.039793 4.968093
v -2.584505 3.167536 5.165515
v -5.757477 -0.445956 -0.523811
v -5.618165 -0.573657 -0.726972
v -5.623971 -0.318255 -0.326455
v -5.345351 -0.318255 -0.326455
v -5.345351 -0.573657 -0.726972
v -5.211845 -0.445956 -0.523811
v -2.460469 -0.428543 -0.512202
v -2.593972 -0.300841 -0.314846
v -2.593972 -0.556244 -0.715362
v -2.872593 -0.306646 -0.314846
v -2.866790 -0.556244 -0.715362
v -2.872593 -0.306646 -0.314846
v -3.006099 -0.434347 -0.512202
v -2.866790 -0.556244 -0.715362
v -4.747477 -2.297621 -3.455130
v -4.886789 -2.169920 -3.251969
v -4.880983 -2.425323 -3.652486
v -5.159604 -2.425323 -3.652486
v -5.159604 -2.175725 -3.251969
v -5.293109 -2.303426 -3.455130
v -3.389202 1.574042 2.657105
v -3.528515 1.701743 2.854462
v -3.528515 1.446341 2.453945
v -3.801330 1.701743 2.854462
v -3.801330 1.446341 2.453945
v -3.940639 1.568237 2.651301
v -3.929030 0.720767 1.310440
v -3.795524 0.593066 1.107280
v -3.795524 0.848468 1.507796
v -3.522709 0.848468 1.507796
v -3.516906 0.593066 1.107280
v -3.383399 0.720767 1.310440
v -8.491440 -3.034804 -4.598635
v -8.352128 -3.162505 -4.795991
v -8.352128 -2.907104 -4.395474
v -8.079313 -3.162505 -4.795991
v -8.079313 -2.907104 -4.395474
v -7.940004 -3.034804 -4.592830
v -7.156384 -3.185724 -4.836623
v -7.435004 -3.185724 -4.836623
v -7.429199 -3.441126 -5.242944
v -7.568510 -3.313425 -5.039784
v -7.429199 -3.441126 -5.242944
v -7.156384 -3.441126 -5.242944
v -7.156384 -3.185724 -4.836623
v -7.022878 -3.313425 -5.039784
v -1.984492 -3.713942 -5.707312
v -2.123801 -3.592046 -5.504151
v -2.123801 -3.841643 -5.910472
v -2.396616 -3.592046 -5.504151
v -2.396616 -3.847447 -5.910472
v -2.535928 -3.719746 -5.707312
v -2.077366 -2.715552 -4.122658
v -1.938054 -2.837448 -4.320014
v -1.938054 -2.587851 -3.919498
v -1.665239 -2.582046 -3.919498
v -1.665239 -2.837448 -4.320014
v -1.525928 -2.709748 -4.122658
v -2.129607 -3.011586 -4.592830
v -2.123801 -3.266988 -4.993347
v -1.990296 -3.139287 -4.790186
v -2.129607 -3.011586 -4.592830
v -2.402422 -3.011586 -4.592830
v -2.123801 -3.266988 -4.993347
v -2.402422 -3.266988 -4.993347
v -2.535928 -3.139287 -4.795991
v -1.020930 -3.121873 -4.772773
v -0.748113 -3.121873 -4.772773
v -0.748113 -2.866471 -4.372256
v -0.608804 -2.994172 -4.569612
v -0.748113 -2.866471 -4.372256
v -1.020930 -2.866471 -4.372256
v -1.020930 -3.121873 -4.772773
v -1.160239 -2.994172 -4.569612
v -6.221845 -0.596876 -0.761799
v -6.082533 -0.724577 -0.959156
v -6.088339 -0.469175 -0.558639
v -5.809719 -0.469175 -0.558639
v -5.809719 -0.724577 -0.959156
v -5.676213 -0.596876 -0.755995
v -4.300524 0.413123 0.828659
v -4.439836 0.540824 1.031820
v -4.439836 0.285423 0.625499
v -4.712650 0.285423 0.625499
v -4.712650 0.540824 1.031820
v -4.851960 0.413123 0.828659
v -6.674601 -0.161531 -0.071053
v -6.535292 -0.289232 -0.274214
v -6.541098 -0.033830 0.126303
v -6.262477 -0.033830 0.126303
v -6.262477 -0.289232 -0.274214
v -6.128972 -0.161531 -0.071053
v -6.587533 -0.591071 -0.750190
v -6.726845 -0.463370 -0.547029
v -6.726845 -0.718772 -0.947546
v -6.999660 -0.718772 -0.947546
v -6.999660 -0.469175 -0.547029
v -7.138969 -0.596876 -0.750190
v -6.593339 -0.022221 0.155326
v -6.732648 0.105480 0.352682
v -6.726845 -0.149922 -0.047835
v -7.005463 -0.149922 -0.047835
v -7.005463 0.105480 0.352682
v -7.144775 -0.022221 0.149522
v -4.387594 -0.295037 -0.291627
v -4.248283 -0.422738 -0.488983
v -4.254088 -0.167336 -0.088466
v -3.975468 -0.167336 -0.088466
v -3.975468 -0.422738 -0.488983
v -3.841962 -0.295037 -0.291627
v -2.924834 -0.573657 -0.738581
v -3.058340 -0.445956 -0.541225
v -3.058340 -0.701358 -0.941742
v -3.331157 -0.701358 -0.941742
v -3.336961 -0.445956 -0.541225
v -3.470467 -0.573657 -0.738581
v -2.013513 0.291227 0.625499
v -2.152825 0.418928 0.828659
v -2.152825 0.163526 0.428142
v -2.425640 0.418928 0.828659
v -2.425640 0.163526 0.422337
v -2.564951 0.291227 0.625499
v -8.503049 -1.322450 -1.887890
v -8.363740 -1.450151 -2.091051
v -8.369543 -1.194749 -1.684730
v -8.090922 -1.444346 -2.091051
v -8.090922 -1.188944 -1.684730
v -7.957417 -1.316645 -1.887890
v -8.497246 -2.460150 -3.693118
v -8.357934 -2.587851 -3.890475
v -8.357934 -2.332449 -3.489958
v -8.085119 -2.587851 -3.890475
v -8.085119 -2.332449 -3.489958
v -7.945807 -2.460150 -3.693118
v -6.216039 -1.740380 -2.561223
v -6.076730 -1.862276 -2.758579
v -6.076730 -1.612679 -2.358062
v -5.803913 -1.862276 -2.758579
v -5.803913 -1.606875 -2.358062
v -5.664604 -1.734576 -2.561223
v -4.753283 -1.165725 -1.661511
v -4.892592 -1.038025 -1.458350
v -4.892592 -1.293427 -1.864672
v -5.165409 -1.293427 -1.864672
v -5.165409 -1.038025 -1.464155
v -5.304718 -1.165725 -1.661511
v -6.581730 -1.455955 -2.114269
v -6.721039 -1.328254 -1.911109
v -6.721039 -1.583656 -2.317430
v -6.993854 -1.583656 -2.317430
v -6.993854 -1.334059 -1.916913
v -7.133166 -1.461760 -2.114269
v -7.638166 -1.334059 -1.916913
v -7.910981 -1.334059 -1.916913
v -7.910981 -1.589461 -2.317430
v -7.910981 -1.334059 -1.916913
v -8.044487 -1.461760 -2.114269
v -7.910981 -1.589461 -2.317430
v -7.910981 -1.589461 -2.317430
v -7.632360 -1.589461 -2.317430
v -7.638166 -1.334059 -1.916913
v -7.498854 -1.461760 -2.114269
v -6.575924 -2.599460 -3.919498
v -6.715234 -2.471759 -3.716337
v -6.709430 -2.727161 -4.116854
v -6.982245 -2.727161 -4.122658
v -6.988051 -2.471759 -3.716337
v -7.121557 -2.599460 -3.919498
v -7.574313 -2.454345 -3.687314
v -7.435004 -2.582046 -3.890475
v -7.435004 -2.326644 -3.489958
v -7.162189 -2.326644 -3.484153
v -7.162189 -2.582046 -3.890475
v -7.022878 -2.454345 -3.687314
v -3.905812 -2.442736 -3.687314
v -3.772306 -2.570437 -3.884670
v -3.772306 -2.315035 -3.484153
v -3.499491 -2.315035 -3.484153
v -3.493685 -2.570437 -3.884670
v -3.360178 -2.436931 -3.681509
v -4.242479 -1.891300 -2.816625
v -4.375986 -2.019001 -3.013981
v -4.236674 -2.146702 -3.217142
v -4.242479 -1.891300 -2.816625
v -4.236674 -2.146702 -3.217142
v -3.963859 -1.891300 -2.816625
v -3.963859 -2.146702 -3.217142
v -3.824547 -2.019001 -3.013981
v -2.083169 -1.583656 -2.340648
v -1.943860 -1.711357 -2.538005
v -1.949663 -1.455955 -2.137488
v -1.671043 -1.455955 -2.137488
v -1.671043 -1.711357 -2.538005
v -1.537537 -1.583656 -2.340648
v -2.001904 -1.154117 -1.655706
v -2.141216 -1.026415 -1.458350
v -2.141216 -1.281817 -1.858867
v -2.414031 -1.026415 -1.458350
v -2.414031 -1.281817 -1.858867
v -2.553343 -1.154117 -1.655706
v -0.759722 -0.881301 -1.231971
v -0.759722 -1.136703 -1.638293
v -0.626216 -1.009001 -1.435132
v -0.759722 -1.136703 -1.638293
v -0.759722 -0.881301 -1.231971
v -1.032539 -1.136703 -1.638293
v -1.038342 -0.881301 -1.237776
v -1.171848 -1.009001 -1.435132
v -1.078975 -2.291816 -3.460935
v -1.218286 -2.164116 -3.257774
v -1.218286 -2.419518 -3.658291
v -1.491101 -2.419518 -3.658291
v -1.491101 -2.164116 -3.257774
v -1.491101 -2.164116 -3.257774
v -1.630410 -2.291816 -3.460935
v -1.491101 -2.419518 -3.658291
v -4.770698 1.428927 2.436531
v -4.910007 1.556628 2.633887
v -4.910007 1.301226 2.233371
v -5.182821 1.301226 2.233371
v -5.182821 1.556628 2.633887
v -5.322133 1.428927 2.436531
v -5.774892 1.568237 2.657105
v -5.635580 1.440536 2.459749
v -5.635580 1.695938 2.860266
v -5.362765 1.695938 2.860266
v -5.362765 1.440536 2.459749
v -5.223454 1.574042 2.662910
v -5.769086 0.709158 1.304636
v -5.629777 0.587261 1.107280
v -5.629777 0.842663 1.507796
v -5.356960 0.842663 1.507796
v -5.356960 0.587261 1.107280
v -5.217650 0.714962 1.310440
v -4.300524 0.720767 1.310440
v -4.439836 0.842663 1.507796
v -4.439836 0.593066 1.107280
v -4.712650 0.587261 1.107280
v -4.718456 0.842663 1.507796
v -4.851960 0.714962 1.310440
v -7.655578 1.254789 2.175324
v -7.928395 1.254789 2.175324
v -7.928395 0.999387 1.774808
v -8.067704 1.127088 1.972164
v -7.655578 1.254789 2.175324
v -7.928395 0.999387 1.774808
v -7.655578 0.999387 1.774808
v -7.655578 1.254789 2.175324
v -7.655578 0.999387 1.774808
v -7.516269 1.127088 1.977968
v -3.075755 1.846857 3.080841
v -3.075755 1.591456 2.680324
v -2.936445 1.719157 2.883485
v -3.075755 1.591456 2.680324
v -3.075755 1.846857 3.080841
v -3.348570 1.591456 2.680324
v -3.354375 1.846857 3.080841
v -3.487882 1.719157 2.883485
v -2.025122 1.724961 2.883485
v -2.164434 1.852662 3.086645
v -2.158628 1.597260 2.686129
v -2.437249 1.846857 3.086645
v -2.437249 1.597260 2.686129
v -2.437249 1.846857 3.086645
v -2.570755 1.719157 2.883485
v -2.437249 1.597260 2.686129
v -2.158628 1.272203 2.169520
v -2.158628 1.016801 1.769003
v -2.019319 1.144502 1.972164
v -2.158628 1.272203 2.169520
v -2.431446 1.272203 2.169520
v -2.158628 1.016801 1.769003
v -2.431446 1.016801 1.769003
v -2.570755 1.144502 1.972164
v -5.832936 2.729156 4.491357
v -6.111557 2.978754 4.891873
v -6.111557 2.729156 4.491357
v -6.250868 2.851052 4.688713
v -6.111557 2.978754 4.891873
v -5.832936 2.729156 4.491357
v -5.838742 2.984558 4.891873
v -5.699430 2.856857 4.694517
v -4.312133 2.148696 3.568426
v -4.451445 2.276397 3.765783
v -4.451445 2.020996 3.365266
v -4.724259 2.020996 3.365266
v -4.724259 2.270593 3.765783
v -4.724259 2.270593 3.765783
v -4.863571 2.142892 3.568426
v -4.724259 2.020996 3.365266
v -5.786500 3.286397 5.367850
v -5.647189 3.158696 5.170494
v -5.647189 3.414098 5.571011
v -5.374374 3.414098 5.571011
v -5.374374 3.158696 5.170494
v -5.235063 3.286397 5.367850
v -7.940004 2.404099 3.992162
v -8.073510 2.276397 3.789001
v -7.934198 2.148696 3.591645
v -7.940004 2.404099 3.992162
v -7.934198 2.148696 3.591645
v -7.661384 2.404099 3.992162
v -7.661384 2.154501 3.591645
v -7.522072 2.282202 3.794806
v -2.948054 2.874270 4.706126
v -3.087363 3.001972 4.903483
v -3.081560 2.746569 4.502966
v -3.360178 2.746569 4.502966
v -3.360178 2.996167 4.903483
v -3.499491 2.868466 4.706126
v -0.611152 3.933217 6.349354
v -8.612619 3.898327 6.337725
v -0.558818 -4.039174 -6.234346
v -8.554470 -4.074064 -6.251791
v -0.558818 -3.882168 -6.333201
v -8.554470 -3.917058 -6.350646
v -0.616968 4.084407 6.256315
v -8.612619 4.049517 6.238870
v -0.558818 -4.039174 -6.234346
v -0.558818 -3.882168 -6.333201
v -0.611152 3.933217 6.349354
v -0.616968 4.084407 6.256315
v -8.612619 3.898327 6.337725
v -8.612619 4.049517 6.238870
v -8.554470 -4.074064 -6.251791
v -8.554470 -3.917058 -6.350646
v -7.984597 3.921587 6.023713
v -7.978781 3.642466 5.581772
v -7.885742 3.921587 6.023713
v -7.879926 3.648281 5.581772
v -0.616968 4.084407 6.256315
v -8.612619 3.898327 6.337725
v -0.611152 3.933217 6.349354
v -0.558818 -3.882168 -6.333201
v -0.558818 -4.039174 -6.234346
v -8.554470 -3.917058 -6.350646
v -8.554470 -3.917058 -6.350646
v -0.558818 -4.039174 -6.234346
v -8.554470 -4.074064 -6.251791
v -0.616968 4.084407 6.256315
v -8.612619 4.049517 6.238870
v -8.612619 3.898327 6.337725
v -8.586117 -0.225691 -0.136183
v -8.624799 -0.225691 -0.136183
v -8.619963 -0.549654 -0.653556
v -8.586117 -0.225691 -0.136183
v -8.619963 -0.549654 -0.653556
v -8.581281 -0.549654 -0.653556
v -8.619963 -0.365914 -0.769603
v -8.581281 -0.549654 -0.653556
v -8.619963 -0.549654 -0.653556
v -8.581281 -0.365914 -0.769603
v -8.581281 -0.549654 -0.653556
v -8.619963 -0.365914 -0.769603
v -8.586117 -0.037116 -0.257065
v -8.581281 -0.365914 -0.769603
v -8.619963 -0.365914 -0.769603
v -8.624799 0.016072 0.236133
v -8.624799 0.122449 0.405367
v -8.624799 0.199812 0.120086
v -8.624799 0.306189 0.289321
v -8.586117 0.199812 0.120086
v -8.586117 0.016072 0.236133
v -8.624799 0.199812 0.120086
v -8.590952 0.528611 0.637460
v -8.586117 0.199812 0.120086
v -8.624799 0.199812 0.120086
v -8.624799 -0.037116 -0.257065
v -8.624799 -0.332067 -0.305417
v -8.624799 -0.225691 -0.136183
v -8.624799 -0.037116 -0.257065
v -8.624799 -0.143492 -0.426299
v -8.624799 -0.332067 -0.305417
v -8.619963 -0.549654 -0.653556
v -8.624799 -0.443278 -0.484322
v -8.619963 -0.365914 -0.769603
v -8.624799 -0.254702 -0.600368
v -8.581281 -0.365914 -0.769603
v -8.586117 -0.037116 -0.257065
v -8.581281 -0.549654 -0.653556
v -8.586117 -0.225691 -0.136183
v -8.586117 -0.037116 -0.257065
v -8.624799 -0.225691 -0.136183
v -8.586117 -0.225691 -0.136183
v -8.586117 -0.037116 -0.257065
v -8.624799 -0.037116 -0.257065
v -8.624799 -0.225691 -0.136183
v -8.586117 -0.037116 -0.257065
v -8.619963 -0.365914 -0.769603
v -8.624799 -0.037116 -0.257065
v -8.629636 0.422235 0.468226
v -8.629636 0.233660 0.584272
v -8.629636 0.528611 0.637460
v -8.629636 0.340035 0.753507
v -8.586117 0.199812 0.120086
v -8.590952 0.528611 0.637460
v -8.586117 0.016072 0.236133
v -8.586117 0.340035 0.753507
v -8.590952 0.528611 0.637460
v -8.629636 0.340035 0.753507
v -8.586117 0.340035 0.753507
v -8.590952 0.528611 0.637460
v -8.629636 0.528611 0.637460
v -8.629636 0.340035 0.753507
v -8.586117 0.016072 0.236133
v -8.586117 0.340035 0.753507
v -8.624799 0.016072 0.236133
v -8.629636 0.340035 0.753507
v -8.624799 0.199812 0.120086
v -8.586117 0.016072 0.236133
v -8.624799 0.016072 0.236133
v -8.590952 0.528611 0.637460
v -8.624799 0.199812 0.120086
v -8.629636 0.528611 0.637460
v -0.018020 0.180472 0.463390
v -0.008350 0.175636 0.468226
v 0.112532 0.180472 0.463390
v -0.027690 0.185307 0.458555
v -0.018020 0.180472 0.463390
v 0.122202 0.185307 0.463390
v -0.027690 0.552787 0.226462
v -0.051868 0.547952 0.231297
v -0.003513 0.547952 0.231297
v -0.027690 0.552787 0.226462
v -0.003513 0.547952 0.231297
v -0.027690 0.528611 0.192616
v -0.003513 0.547952 0.231297
v -0.051868 0.547952 0.231297
v 0.020662 0.543117 0.236133
v -0.003513 0.547952 0.231297
v 0.020662 0.543117 0.236133
v -0.003513 0.528611 0.197451
v -0.003513 0.547952 0.231297
v -0.003513 0.528611 0.197451
v -0.027690 0.528611 0.192616
v -0.027690 0.552787 0.226462
v -0.051868 0.523776 0.197451
v -0.051868 0.547952 0.231297
v -0.027690 0.552787 0.226462
v -0.027690 0.528611 0.192616
v -0.051868 0.523776 0.197451
v -0.051868 0.547952 0.231297
v -0.071208 0.533446 0.236133
v 0.020662 0.543117 0.236133
v -0.051868 0.547952 0.231297
v -0.071208 0.514105 0.202286
v -0.071208 0.533446 0.236133
v -0.051868 0.547952 0.231297
v -0.051868 0.523776 0.197451
v -0.071208 0.514105 0.202286
v -0.071208 0.533446 0.236133
v -0.090549 0.494764 0.216792
v -0.090549 0.518940 0.250639
v -0.090549 0.518940 0.250639
v 0.035168 0.533446 0.240968
v -0.071208 0.533446 0.236133
v 0.020662 0.543117 0.236133
v -0.071208 0.533446 0.236133
v -0.071208 0.514105 0.202286
v -0.090549 0.494764 0.216792
v -0.090549 0.518940 0.250639
v -0.100220 0.499599 0.260309
v -0.047031 0.504435 0.255474
v -0.090549 0.518940 0.250639
v -0.100220 0.475423 0.226462
v -0.100220 0.499599 0.260309
v 0.035168 0.533446 0.240968
v -0.090549 0.518940 0.250639
v 0.049675 0.518940 0.250639
v -0.090549 0.518940 0.250639
v -0.027690 0.514105 0.250639
v 0.049675 0.518940 0.250639
v -0.090549 0.518940 0.250639
v -0.037361 0.509270 0.255474
v -0.027690 0.514105 0.250639
v -0.090549 0.518940 0.250639
v -0.047031 0.504435 0.255474
v -0.037361 0.509270 0.255474
v -0.090549 0.518940 0.250639
v -0.090549 0.494764 0.216792
v -0.100220 0.475423 0.226462
v -0.100220 0.499599 0.260309
v -0.100220 0.475423 0.274815
v -0.056702 0.480258 0.274815
v -0.100220 0.499599 0.260309
v -0.100220 0.456082 0.240968
v -0.100220 0.475423 0.274815
v -0.100220 0.499599 0.260309
v -0.056702 0.480258 0.274815
v -0.056702 0.489929 0.269980
v -0.100220 0.499599 0.260309
v -0.056702 0.489929 0.269980
v -0.051868 0.499599 0.260309
v -0.047031 0.504435 0.255474
v -0.100220 0.499599 0.260309
v -0.051868 0.499599 0.260309
v -0.100220 0.499599 0.260309
v -0.100220 0.475423 0.226462
v -0.100220 0.456082 0.240968
v -0.100220 0.475423 0.274815
v -0.095383 0.456082 0.289321
v -0.037361 0.456082 0.289321
v -0.100220 0.475423 0.274815
v -0.095383 0.436741 0.255474
v -0.095383 0.456082 0.289321
v -0.100220 0.475423 0.274815
v -0.037361 0.456082 0.289321
v -0.047031 0.460917 0.284486
v -0.100220 0.475423 0.274815
v -0.047031 0.460917 0.284486
v -0.051868 0.470588 0.279651
v -0.056702 0.480258 0.274815
v -0.100220 0.475423 0.274815
v -0.051868 0.470588 0.279651
v -0.100220 0.475423 0.274815
v -0.100220 0.456082 0.240968
v -0.095383 0.436741 0.255474
v -0.095383 0.456082 0.289321
v -0.080879 0.441576 0.298991
v -0.027690 0.456082 0.289321
v -0.095383 0.456082 0.289321
v -0.080879 0.417400 0.265144
v -0.080879 0.441576 0.298991
v -0.037361 0.456082 0.289321
v -0.095383 0.456082 0.289321
v -0.027690 0.456082 0.289321
v -0.095383 0.456082 0.289321
v -0.095383 0.436741 0.255474
v -0.080879 0.417400 0.265144
v -0.080879 0.441576 0.298991
v -0.061538 0.427070 0.308662
v 0.136709 0.393223 0.328003
v -0.080879 0.441576 0.298991
v -0.061538 0.402894 0.274815
v -0.061538 0.427070 0.308662
v -0.018020 0.456082 0.289321
v -0.080879 0.441576 0.298991
v 0.136709 0.393223 0.328003
v -0.027690 0.456082 0.289321
v -0.080879 0.441576 0.298991
v -0.018020 0.456082 0.289321
v -0.080879 0.441576 0.298991
v -0.080879 0.417400 0.265144
v -0.061538 0.402894 0.274815
v -0.061538 0.427070 0.308662
v -0.047031 0.417400 0.313497
v 0.136709 0.393223 0.328003
v -0.061538 0.427070 0.308662
v -0.047031 0.393223 0.279651
v -0.047031 0.417400 0.313497
v -0.061538 0.427070 0.308662
v -0.061538 0.402894 0.274815
v -0.047031 0.393223 0.279651
v -0.047031 0.417400 0.313497
v -0.042195 0.402894 0.323168
v 0.136709 0.393223 0.328003
v -0.047031 0.417400 0.313497
v -0.042195 0.383553 0.289321
v -0.042195 0.402894 0.323168
v -0.047031 0.417400 0.313497
v -0.047031 0.393223 0.279651
v -0.042195 0.383553 0.289321
v -0.037361 0.388388 0.332839
v -0.042195 0.402894 0.323168
v -0.037361 0.369047 0.298991
v -0.042195 0.383553 0.289321
v -0.037361 0.388388 0.332839
v -0.037361 0.369047 0.298991
v -0.037361 0.267507 0.410202
v -0.037361 0.388388 0.332839
v 0.180227 0.369047 0.342509
v 0.165720 0.373882 0.342509
v -0.037361 0.388388 0.332839
v 0.165720 0.373882 0.342509
v 0.146379 0.378718 0.337674
v -0.042195 0.402894 0.323168
v -0.037361 0.388388 0.332839
v 0.136709 0.393223 0.328003
v 0.146379 0.378718 0.337674
v -0.037361 0.267507 0.410202
v -0.042195 0.253000 0.415038
v 0.160886 0.185307 0.463390
v -0.037361 0.267507 0.410202
v -0.042195 0.233660 0.381191
v -0.042195 0.253000 0.415038
v -0.037361 0.267507 0.410202
v -0.037361 0.243330 0.376356
v -0.042195 0.233660 0.381191
v -0.037361 0.369047 0.298991
v -0.037361 0.243330 0.376356
v -0.037361 0.267507 0.410202
v -0.042195 0.253000 0.415038
v -0.047031 0.243330 0.419874
v 0.160886 0.185307 0.463390
v -0.042195 0.253000 0.415038
v -0.047031 0.223989 0.386026
v -0.047031 0.243330 0.419874
v -0.042195 0.253000 0.415038
v -0.042195 0.233660 0.381191
v -0.047031 0.223989 0.386026
v -0.047031 0.243330 0.419874
v -0.061538 0.238495 0.424709
v 0.160886 0.185307 0.463390
v -0.047031 0.243330 0.419874
v -0.061538 0.219154 0.390862
v -0.061538 0.238495 0.424709
v -0.047031 0.243330 0.419874
v -0.047031 0.223989 0.386026
v -0.061538 0.219154 0.390862
v -0.061538 0.238495 0.424709
v -0.080879 0.233660 0.429544
v 0.160886 0.185307 0.463390
v -0.061538 0.238495 0.424709
v -0.080879 0.214319 0.395697
v -0.080879 0.233660 0.429544
v -0.061538 0.238495 0.424709
v -0.061538 0.219154 0.390862
v -0.080879 0.214319 0.395697
v -0.080879 0.233660 0.429544
v -0.100220 0.223989 0.434379
v 0.160886 0.185307 0.463390
v -0.080879 0.233660 0.429544
v -0.100220 0.199812 0.400532
v -0.100220 0.223989 0.434379
v -0.080879 0.233660 0.429544
v -0.080879 0.214319 0.395697
v -0.100220 0.199812 0.400532
v -0.100220 0.223989 0.434379
v -0.119561 0.209484 0.444050
v 0.160886 0.185307 0.463390
v -0.119561 0.209484 0.444050
v -0.100220 0.223989 0.434379
v -0.119561 0.185307 0.410202
v -0.100220 0.199812 0.400532
v -0.119561 0.209484 0.444050
v -0.129231 0.190142 0.458555
v -0.037361 0.190142 0.458555
v -0.119561 0.209484 0.444050
v -0.129231 0.165966 0.424709
v -0.129231 0.190142 0.458555
v -0.119561 0.209484 0.444050
v -0.037361 0.190142 0.458555
v 0.160886 0.185307 0.463390
v -0.119561 0.209484 0.444050
v -0.119561 0.185307 0.410202
v -0.129231 0.165966 0.424709
v -0.129231 0.190142 0.458555
v -0.134065 0.165966 0.473061
v -0.066372 0.175636 0.463390
v -0.129231 0.190142 0.458555
v -0.134065 0.146625 0.439214
v -0.134065 0.165966 0.473061
v -0.129231 0.190142 0.458555
v -0.047031 0.185307 0.458555
v -0.037361 0.190142 0.458555
v -0.129231 0.190142 0.458555
v -0.066372 0.175636 0.463390
v -0.056702 0.180472 0.463390
v -0.129231 0.190142 0.458555
v -0.056702 0.180472 0.463390
v -0.047031 0.185307 0.458555
v -0.129231 0.190142 0.458555
v -0.129231 0.165966 0.424709
v -0.134065 0.146625 0.439214
v -0.134065 0.165966 0.473061
v -0.134065 0.146625 0.482732
v -0.071208 0.151460 0.482732
v -0.134065 0.165966 0.473061
v -0.134065 0.122449 0.448885
v -0.134065 0.146625 0.482732
v -0.134065 0.165966 0.473061
v -0.071208 0.151460 0.482732
v -0.071208 0.156295 0.477897
v -0.134065 0.165966 0.473061
v -0.071208 0.156295 0.477897
v -0.071208 0.165966 0.473061
v -0.066372 0.175636 0.463390
v -0.134065 0.165966 0.473061
v -0.071208 0.165966 0.473061
v -0.134065 0.165966 0.473061
v -0.134065 0.146625 0.439214
v -0.134065 0.122449 0.448885
v -0.134065 0.146625 0.482732
v -0.129231 0.122449 0.497237
v -0.047031 0.132119 0.492402
v -0.134065 0.146625 0.482732
v -0.129231 0.103107 0.463390
v -0.129231 0.122449 0.497237
v -0.134065 0.146625 0.482732
v -0.047031 0.132119 0.492402
v -0.056702 0.136954 0.492402
v -0.134065 0.146625 0.482732
v -0.056702 0.136954 0.492402
v -0.066372 0.141789 0.487567
v -0.071208 0.151460 0.482732
v -0.134065 0.146625 0.482732
v -0.066372 0.141789 0.487567
v -0.134065 0.146625 0.482732
v -0.134065 0.122449 0.448885
v -0.129231 0.103107 0.463390
v -0.129231 0.122449 0.497237
v -0.114724 0.103107 0.511743
v 0.044839 0.107942 0.506908
v -0.129231 0.122449 0.497237
v -0.114724 0.083766 0.477897
v -0.114724 0.103107 0.511743
v -0.037361 0.127284 0.497237
v -0.129231 0.122449 0.497237
v 0.044839 0.107942 0.506908
v -0.047031 0.132119 0.492402
v -0.129231 0.122449 0.497237
v -0.037361 0.127284 0.497237
v -0.129231 0.122449 0.497237
v -0.129231 0.103107 0.463390
v -0.114724 0.083766 0.477897
v -0.114724 0.103107 0.511743
v -0.095383 0.088602 0.521414
v 0.025498 0.093437 0.516579
v -0.114724 0.103107 0.511743
v -0.095383 0.069261 0.487567
v -0.095383 0.088602 0.521414
v 0.044839 0.107942 0.506908
v -0.114724 0.103107 0.511743
v 0.025498 0.093437 0.516579
v -0.114724 0.103107 0.511743
v -0.114724 0.083766 0.477897
v -0.095383 0.069261 0.487567
v -0.095383 0.088602 0.521414
v -0.071208 0.078931 0.526249
v 0.006157 0.083766 0.526249
v -0.095383 0.088602 0.521414
v -0.071208 0.059590 0.492402
v -0.071208 0.078931 0.526249
v 0.025498 0.093437 0.516579
v -0.095383 0.088602 0.521414
v 0.006157 0.083766 0.526249
v -0.095383 0.088602 0.521414
v -0.095383 0.069261 0.487567
v -0.071208 0.059590 0.492402
v -0.071208 0.078931 0.526249
v -0.047031 0.074096 0.531084
v -0.022854 0.074096 0.531084
v 0.006157 0.083766 0.526249
v -0.071208 0.078931 0.526249
v -0.022854 0.074096 0.531084
v -0.047031 0.074096 0.531084
v -0.071208 0.078931 0.526249
v -0.047031 0.054754 0.497237
v -0.071208 0.059590 0.492402
v -0.022854 0.074096 0.531084
v -0.047031 0.074096 0.531084
v -0.022854 0.054754 0.497237
v -0.047031 0.074096 0.531084
v -0.047031 0.054754 0.497237
v -0.022854 0.054754 0.497237
v -0.022854 0.074096 0.531084
v -0.022854 0.054754 0.497237
v 0.006157 0.059590 0.492402
v -0.003513 0.165966 0.473061
v -0.003513 0.161131 0.477897
v 0.044839 0.107942 0.506908
v -0.003513 0.161131 0.477897
v -0.003513 0.151460 0.482732
v 0.044839 0.107942 0.506908
v -0.003513 0.151460 0.482732
v -0.008350 0.141789 0.487567
v 0.044839 0.107942 0.506908
v -0.008350 0.141789 0.487567
v -0.018020 0.136954 0.492402
v 0.044839 0.107942 0.506908
v -0.018020 0.136954 0.492402
v -0.027690 0.132119 0.492402
v 0.044839 0.107942 0.506908
v -0.027690 0.132119 0.492402
v -0.037361 0.127284 0.497237
v 0.044839 0.107942 0.506908
v -0.008350 0.175636 0.468226
v -0.003513 0.165966 0.473061
v 0.098027 0.175636 0.468226
v -0.037361 0.388388 0.332839
v -0.037361 0.267507 0.410202
v 0.180227 0.369047 0.342509
v 0.160886 0.185307 0.463390
v 0.199568 0.369047 0.342509
v -0.037361 0.190142 0.458555
v -0.027690 0.185307 0.458555
v 0.160886 0.185307 0.463390
v 0.049675 0.518940 0.250639
v 0.006157 0.504435 0.260309
v 0.136709 0.393223 0.328003
v 0.049675 0.518940 0.250639
v 0.136709 0.393223 0.328003
v 0.136709 0.369047 0.294156
v 0.006157 0.504435 0.260309
v 0.010991 0.494764 0.265144
v 0.136709 0.393223 0.328003
v 0.010991 0.494764 0.265144
v 0.015828 0.489929 0.269980
v 0.136709 0.393223 0.328003
v 0.015828 0.489929 0.269980
v 0.015828 0.480258 0.274815
v 0.136709 0.393223 0.328003
v 0.015828 0.480258 0.274815
v 0.010991 0.470588 0.279651
v 0.136709 0.393223 0.328003
v 0.010991 0.470588 0.279651
v 0.001321 0.460917 0.284486
v 0.136709 0.393223 0.328003
v 0.001321 0.460917 0.284486
v -0.003513 0.456082 0.289321
v 0.136709 0.393223 0.328003
v -0.003513 0.456082 0.289321
v -0.018020 0.456082 0.289321
v 0.136709 0.393223 0.328003
v 0.035168 0.533446 0.240968
v 0.049675 0.518940 0.250639
v 0.035168 0.509270 0.207121
v 0.049675 0.518940 0.250639
v -0.027690 0.514105 0.250639
v -0.013184 0.514105 0.250639
v 0.049675 0.518940 0.250639
v -0.013184 0.514105 0.250639
v -0.003513 0.509270 0.255474
v 0.049675 0.518940 0.250639
v -0.003513 0.509270 0.255474
v 0.006157 0.504435 0.260309
v 0.049675 0.518940 0.250639
v 0.049675 0.494764 0.216792
v 0.035168 0.509270 0.207121
v 0.049675 0.518940 0.250639
v 0.136709 0.369047 0.294156
v 0.049675 0.494764 0.216792
v 0.020662 0.543117 0.236133
v 0.035168 0.533446 0.240968
v 0.020662 0.518940 0.202286
v 0.035168 0.533446 0.240968
v 0.035168 0.509270 0.207121
v 0.020662 0.518940 0.202286
v 0.020662 0.543117 0.236133
v 0.020662 0.518940 0.202286
v -0.003513 0.528611 0.197451
v -0.027690 0.514105 0.250639
v -0.037361 0.509270 0.255474
v -0.027690 0.489929 0.216792
v -0.037361 0.509270 0.255474
v -0.047031 0.504435 0.255474
v -0.037361 0.489929 0.221627
v -0.037361 0.509270 0.255474
v -0.037361 0.489929 0.221627
v -0.027690 0.489929 0.216792
v -0.027690 0.514105 0.250639
v -0.013184 0.489929 0.216792
v -0.013184 0.514105 0.250639
v -0.027690 0.514105 0.250639
v -0.027690 0.489929 0.216792
v -0.013184 0.489929 0.216792
v -0.013184 0.514105 0.250639
v -0.003513 0.489929 0.221627
v -0.003513 0.509270 0.255474
v -0.013184 0.514105 0.250639
v -0.013184 0.489929 0.216792
v -0.003513 0.489929 0.221627
v -0.003513 0.509270 0.255474
v 0.006157 0.485093 0.226462
v 0.006157 0.504435 0.260309
v -0.003513 0.509270 0.255474
v -0.003513 0.489929 0.221627
v 0.006157 0.485093 0.226462
v 0.006157 0.504435 0.260309
v 0.010991 0.475423 0.231297
v 0.010991 0.494764 0.265144
v 0.006157 0.504435 0.260309
v 0.006157 0.485093 0.226462
v 0.010991 0.475423 0.231297
v 0.010991 0.494764 0.265144
v 0.015828 0.465752 0.236133
v 0.015828 0.489929 0.269980
v 0.010991 0.494764 0.265144
v 0.010991 0.475423 0.231297
v 0.015828 0.465752 0.236133
v 0.015828 0.480258 0.274815
v 0.015828 0.489929 0.269980
v 0.015828 0.456082 0.240968
v 0.015828 0.465752 0.236133
v 0.015828 0.480258 0.274815
v 0.010991 0.446412 0.245804
v 0.010991 0.470588 0.279651
v 0.015828 0.480258 0.274815
v 0.015828 0.456082 0.240968
v 0.010991 0.446412 0.245804
v 0.010991 0.470588 0.279651
v 0.006157 0.441576 0.250639
v 0.001321 0.460917 0.284486
v 0.010991 0.470588 0.279651
v 0.010991 0.446412 0.245804
v 0.006157 0.441576 0.250639
v 0.001321 0.460917 0.284486
v -0.003513 0.436741 0.255474
v -0.003513 0.456082 0.289321
v 0.001321 0.460917 0.284486
v 0.006157 0.441576 0.250639
v -0.003513 0.436741 0.255474
v -0.003513 0.456082 0.289321
v -0.013184 0.431905 0.255474
v -0.018020 0.456082 0.289321
v -0.003513 0.456082 0.289321
v -0.003513 0.436741 0.255474
v -0.013184 0.431905 0.255474
v -0.027690 0.456082 0.289321
v -0.018020 0.456082 0.289321
v -0.027690 0.431905 0.255474
v -0.018020 0.456082 0.289321
v -0.013184 0.431905 0.255474
v -0.027690 0.431905 0.255474
v -0.037361 0.456082 0.289321
v -0.027690 0.456082 0.289321
v -0.037361 0.436741 0.255474
v -0.027690 0.456082 0.289321
v -0.027690 0.431905 0.255474
v -0.037361 0.436741 0.255474
v -0.047031 0.460917 0.284486
v -0.037361 0.456082 0.289321
v -0.047031 0.441576 0.250639
v -0.037361 0.456082 0.289321
v -0.037361 0.436741 0.255474
v -0.047031 0.441576 0.250639
v -0.051868 0.470588 0.279651
v -0.047031 0.460917 0.284486
v -0.051868 0.451247 0.245804
v -0.047031 0.460917 0.284486
v -0.047031 0.441576 0.250639
v -0.051868 0.451247 0.245804
v -0.056702 0.480258 0.274815
v -0.051868 0.470588 0.279651
v -0.056702 0.456082 0.240968
v -0.051868 0.470588 0.279651
v -0.051868 0.451247 0.245804
v -0.056702 0.456082 0.240968
v -0.056702 0.489929 0.269980
v -0.056702 0.480258 0.274815
v -0.056702 0.465752 0.236133
v -0.056702 0.480258 0.274815
v -0.056702 0.456082 0.240968
v -0.056702 0.465752 0.236133
v -0.051868 0.499599 0.260309
v -0.056702 0.489929 0.269980
v -0.051868 0.475423 0.226462
v -0.056702 0.489929 0.269980
v -0.056702 0.465752 0.236133
v -0.051868 0.475423 0.226462
v -0.047031 0.504435 0.255474
v -0.051868 0.499599 0.260309
v -0.047031 0.485093 0.221627
v -0.051868 0.499599 0.260309
v -0.051868 0.475423 0.226462
v -0.047031 0.485093 0.221627
v -0.047031 0.504435 0.255474
v -0.047031 0.485093 0.221627
v -0.037361 0.489929 0.221627
v -0.037361 0.190142 0.458555
v -0.027690 0.165966 0.424709
v -0.027690 0.185307 0.458555
v -0.037361 0.190142 0.458555
v -0.047031 0.185307 0.458555
v -0.037361 0.165966 0.424709
v -0.037361 0.190142 0.458555
v -0.037361 0.165966 0.424709
v -0.027690 0.165966 0.424709
v -0.027690 0.185307 0.458555
v -0.018020 0.161131 0.429544
v -0.018020 0.180472 0.463390
v -0.027690 0.185307 0.458555
v -0.027690 0.165966 0.424709
v -0.018020 0.161131 0.429544
v -0.018020 0.180472 0.463390
v -0.008350 0.156295 0.434379
v -0.008350 0.175636 0.468226
v -0.018020 0.180472 0.463390
v -0.018020 0.161131 0.429544
v -0.008350 0.156295 0.434379
v -0.008350 0.175636 0.468226
v -0.003513 0.146625 0.439214
v -0.003513 0.165966 0.473061
v -0.008350 0.175636 0.468226
v -0.008350 0.156295 0.434379
v -0.003513 0.146625 0.439214
v -0.003513 0.165966 0.473061
v -0.003513 0.136954 0.444050
v -0.003513 0.161131 0.477897
v -0.003513 0.165966 0.473061
v -0.003513 0.146625 0.439214
v -0.003513 0.136954 0.444050
v -0.003513 0.161131 0.477897
v -0.003513 0.127284 0.448885
v -0.003513 0.151460 0.482732
v -0.003513 0.161131 0.477897
v -0.003513 0.136954 0.444050
v -0.003513 0.127284 0.448885
v -0.003513 0.151460 0.482732
v -0.008350 0.117613 0.453720
v -0.008350 0.141789 0.487567
v -0.003513 0.151460 0.482732
v -0.003513 0.127284 0.448885
v -0.008350 0.117613 0.453720
v -0.008350 0.141789 0.487567
v -0.018020 0.112778 0.458555
v -0.018020 0.136954 0.492402
v -0.008350 0.141789 0.487567
v -0.008350 0.117613 0.453720
v -0.018020 0.112778 0.458555
v -0.018020 0.136954 0.492402
v -0.027690 0.107942 0.458555
v -0.027690 0.132119 0.492402
v -0.018020 0.136954 0.492402
v -0.018020 0.112778 0.458555
v -0.027690 0.107942 0.458555
v -0.027690 0.132119 0.492402
v -0.037361 0.107942 0.463390
v -0.037361 0.127284 0.497237
v -0.027690 0.132119 0.492402
v -0.027690 0.107942 0.458555
v -0.037361 0.107942 0.463390
v -0.047031 0.132119 0.492402
v -0.037361 0.127284 0.497237
v -0.047031 0.107942 0.458555
v -0.037361 0.127284 0.497237
v -0.037361 0.107942 0.463390
v -0.047031 0.107942 0.458555
v -0.056702 0.136954 0.492402
v -0.047031 0.132119 0.492402
v -0.056702 0.112778 0.458555
v -0.047031 0.132119 0.492402
v -0.047031 0.107942 0.458555
v -0.056702 0.112778 0.458555
v -0.066372 0.141789 0.487567
v -0.056702 0.136954 0.492402
v -0.066372 0.117613 0.453720
v -0.056702 0.136954 0.492402
v -0.056702 0.112778 0.458555
v -0.066372 0.117613 0.453720
v -0.071208 0.151460 0.482732
v -0.066372 0.141789 0.487567
v -0.071208 0.127284 0.448885
v -0.066372 0.141789 0.487567
v -0.066372 0.117613 0.453720
v -0.071208 0.127284 0.448885
v -0.071208 0.156295 0.477897
v -0.071208 0.151460 0.482732
v -0.071208 0.136954 0.444050
v -0.071208 0.151460 0.482732
v -0.071208 0.127284 0.448885
v -0.071208 0.136954 0.444050
v -0.071208 0.165966 0.473061
v -0.071208 0.156295 0.477897
v -0.071208 0.146625 0.439214
v -0.071208 0.156295 0.477897
v -0.071208 0.136954 0.444050
v -0.071208 0.146625 0.439214
v -0.066372 0.175636 0.463390
v -0.071208 0.165966 0.473061
v -0.066372 0.156295 0.429544
v -0.071208 0.165966 0.473061
v -0.071208 0.146625 0.439214
v -0.066372 0.156295 0.429544
v -0.056702 0.180472 0.463390
v -0.066372 0.175636 0.463390
v -0.056702 0.161131 0.429544
v -0.066372 0.175636 0.463390
v -0.066372 0.156295 0.429544
v -0.056702 0.161131 0.429544
v -0.047031 0.185307 0.458555
v -0.056702 0.180472 0.463390
v -0.047031 0.165966 0.424709
v -0.056702 0.180472 0.463390
v -0.056702 0.161131 0.429544
v -0.047031 0.165966 0.424709
v -0.047031 0.185307 0.458555
v -0.047031 0.165966 0.424709
v -0.037361 0.165966 0.424709
v -0.027690 0.528611 0.192616
v -0.003513 0.528611 0.197451
v -0.003513 0.489929 0.221627
v -0.027690 0.528611 0.192616
v -0.037361 0.489929 0.221627
v -0.051868 0.523776 0.197451
v -0.027690 0.528611 0.192616
v -0.027690 0.489929 0.216792
v -0.037361 0.489929 0.221627
v -0.027690 0.528611 0.192616
v -0.013184 0.489929 0.216792
v -0.027690 0.489929 0.216792
v -0.027690 0.528611 0.192616
v -0.003513 0.489929 0.221627
v -0.013184 0.489929 0.216792
v -0.003513 0.528611 0.197451
v 0.020662 0.518940 0.202286
v 0.015828 0.465752 0.236133
v -0.003513 0.528611 0.197451
v 0.015828 0.465752 0.236133
v 0.010991 0.475423 0.231297
v -0.003513 0.528611 0.197451
v 0.010991 0.475423 0.231297
v 0.006157 0.485093 0.226462
v -0.003513 0.528611 0.197451
v 0.006157 0.485093 0.226462
v -0.003513 0.489929 0.221627
v -0.051868 0.523776 0.197451
v -0.056702 0.465752 0.236133
v -0.071208 0.514105 0.202286
v -0.051868 0.523776 0.197451
v -0.037361 0.489929 0.221627
v -0.047031 0.485093 0.221627
v -0.051868 0.523776 0.197451
v -0.047031 0.485093 0.221627
v -0.051868 0.475423 0.226462
v -0.051868 0.523776 0.197451
v -0.051868 0.475423 0.226462
v -0.056702 0.465752 0.236133
v -0.071208 0.514105 0.202286
v -0.080879 0.417400 0.265144
v -0.090549 0.494764 0.216792
v -0.071208 0.514105 0.202286
v -0.061538 0.402894 0.274815
v -0.080879 0.417400 0.265144
v -0.071208 0.514105 0.202286
v -0.056702 0.456082 0.240968
v -0.061538 0.402894 0.274815
v -0.071208 0.514105 0.202286
v -0.056702 0.465752 0.236133
v -0.056702 0.456082 0.240968
v -0.090549 0.494764 0.216792
v -0.080879 0.417400 0.265144
v -0.095383 0.436741 0.255474
v -0.090549 0.494764 0.216792
v -0.095383 0.436741 0.255474
v -0.100220 0.475423 0.226462
v 0.020662 0.518940 0.202286
v 0.035168 0.509270 0.207121
v 0.025498 0.069261 0.482732
v 0.020662 0.518940 0.202286
v 0.025498 0.069261 0.482732
v 0.015828 0.465752 0.236133
v 0.035168 0.509270 0.207121
v 0.049675 0.494764 0.216792
v 0.044839 0.088602 0.473061
v 0.035168 0.509270 0.207121
v 0.044839 0.088602 0.473061
v 0.025498 0.069261 0.482732
v 0.049675 0.494764 0.216792
v 0.102861 0.151460 0.434379
v 0.044839 0.088602 0.473061
v 0.006157 0.441576 0.250639
v 0.025498 0.069261 0.482732
v 0.006157 0.059590 0.492402
v 0.010991 0.446412 0.245804
v 0.025498 0.069261 0.482732
v 0.006157 0.441576 0.250639
v 0.015828 0.456082 0.240968
v 0.025498 0.069261 0.482732
v 0.010991 0.446412 0.245804
v 0.015828 0.465752 0.236133
v 0.025498 0.069261 0.482732
v 0.015828 0.456082 0.240968
v -0.018020 0.112778 0.458555
v 0.006157 0.059590 0.492402
v -0.022854 0.054754 0.497237
v 0.006157 0.441576 0.250639
v 0.006157 0.059590 0.492402
v -0.003513 0.436741 0.255474
v -0.003513 0.436741 0.255474
v 0.006157 0.059590 0.492402
v -0.003513 0.136954 0.444050
v -0.008350 0.117613 0.453720
v 0.006157 0.059590 0.492402
v -0.018020 0.112778 0.458555
v -0.003513 0.127284 0.448885
v 0.006157 0.059590 0.492402
v -0.008350 0.117613 0.453720
v -0.003513 0.136954 0.444050
v 0.006157 0.059590 0.492402
v -0.003513 0.127284 0.448885
v -0.047031 0.107942 0.458555
v -0.022854 0.054754 0.497237
v -0.047031 0.054754 0.497237
v -0.047031 0.107942 0.458555
v -0.037361 0.107942 0.463390
v -0.022854 0.054754 0.497237
v -0.027690 0.107942 0.458555
v -0.022854 0.054754 0.497237
v -0.037361 0.107942 0.463390
v -0.018020 0.112778 0.458555
v -0.022854 0.054754 0.497237
v -0.027690 0.107942 0.458555
v -0.071208 0.127284 0.448885
v -0.047031 0.054754 0.497237
v -0.071208 0.059590 0.492402
v -0.071208 0.127284 0.448885
v -0.066372 0.117613 0.453720
v -0.047031 0.054754 0.497237
v -0.066372 0.117613 0.453720
v -0.056702 0.112778 0.458555
v -0.047031 0.054754 0.497237
v -0.056702 0.112778 0.458555
v -0.047031 0.107942 0.458555
v -0.047031 0.054754 0.497237
v -0.080879 0.214319 0.395697
v -0.071208 0.136954 0.444050
v -0.071208 0.059590 0.492402
v -0.071208 0.136954 0.444050
v -0.071208 0.127284 0.448885
v -0.071208 0.059590 0.492402
v -0.100220 0.199812 0.400532
v -0.095383 0.069261 0.487567
v -0.114724 0.083766 0.477897
v -0.071208 0.059590 0.492402
v -0.095383 0.069261 0.487567
v -0.080879 0.214319 0.395697
v -0.100220 0.199812 0.400532
v -0.119561 0.185307 0.410202
v -0.114724 0.083766 0.477897
v -0.129231 0.103107 0.463390
v -0.100220 0.199812 0.400532
v -0.114724 0.083766 0.477897
v -0.119561 0.185307 0.410202
v -0.129231 0.165966 0.424709
v -0.129231 0.103107 0.463390
v -0.134065 0.122449 0.448885
v -0.119561 0.185307 0.410202
v -0.129231 0.103107 0.463390
v -0.129231 0.165966 0.424709
v -0.129231 0.165966 0.424709
v -0.134065 0.122449 0.448885
v -0.134065 0.146625 0.439214
v -0.061538 0.219154 0.390862
v -0.066372 0.156295 0.429544
v -0.080879 0.214319 0.395697
v -0.080879 0.214319 0.395697
v -0.066372 0.156295 0.429544
v -0.071208 0.146625 0.439214
v -0.080879 0.214319 0.395697
v -0.071208 0.146625 0.439214
v -0.071208 0.136954 0.444050
v -0.047031 0.223989 0.386026
v -0.056702 0.161131 0.429544
v -0.061538 0.219154 0.390862
v -0.061538 0.219154 0.390862
v -0.056702 0.161131 0.429544
v -0.066372 0.156295 0.429544
v -0.042195 0.233660 0.381191
v -0.047031 0.165966 0.424709
v -0.047031 0.223989 0.386026
v -0.047031 0.223989 0.386026
v -0.047031 0.165966 0.424709
v -0.056702 0.161131 0.429544
v -0.037361 0.243330 0.376356
v -0.037361 0.165966 0.424709
v -0.042195 0.233660 0.381191
v -0.042195 0.233660 0.381191
v -0.037361 0.165966 0.424709
v -0.047031 0.165966 0.424709
v -0.037361 0.369047 0.298991
v -0.027690 0.165966 0.424709
v -0.037361 0.243330 0.376356
v -0.037361 0.243330 0.376356
v -0.027690 0.165966 0.424709
v -0.037361 0.165966 0.424709
v -0.047031 0.441576 0.250639
v -0.037361 0.369047 0.298991
v -0.042195 0.383553 0.289321
v -0.047031 0.441576 0.250639
v -0.037361 0.436741 0.255474
v -0.037361 0.369047 0.298991
v -0.037361 0.436741 0.255474
v -0.027690 0.165966 0.424709
v -0.037361 0.369047 0.298991
v -0.047031 0.441576 0.250639
v -0.042195 0.383553 0.289321
v -0.047031 0.393223 0.279651
v -0.056702 0.456082 0.240968
v -0.047031 0.393223 0.279651
v -0.061538 0.402894 0.274815
v -0.056702 0.456082 0.240968
v -0.051868 0.451247 0.245804
v -0.047031 0.393223 0.279651
v -0.051868 0.451247 0.245804
v -0.047031 0.441576 0.250639
v -0.047031 0.393223 0.279651
v -0.100220 0.475423 0.226462
v -0.095383 0.436741 0.255474
v -0.100220 0.456082 0.240968
v -0.037361 0.436741 0.255474
v -0.027690 0.431905 0.255474
v -0.027690 0.165966 0.424709
v -0.027690 0.431905 0.255474
v -0.013184 0.431905 0.255474
v -0.018020 0.161131 0.429544
v -0.027690 0.431905 0.255474
v -0.018020 0.161131 0.429544
v -0.027690 0.165966 0.424709
v -0.003513 0.436741 0.255474
v -0.008350 0.156295 0.434379
v -0.013184 0.431905 0.255474
v -0.013184 0.431905 0.255474
v -0.008350 0.156295 0.434379
v -0.018020 0.161131 0.429544
v -0.003513 0.436741 0.255474
v -0.003513 0.136954 0.444050
v -0.003513 0.146625 0.439214
v -0.003513 0.436741 0.255474
v -0.003513 0.146625 0.439214
v -0.008350 0.156295 0.434379
v 0.199568 0.436741 0.444050
v -0.129231 0.253000 0.560096
v -0.119561 0.272342 0.545590
v 0.199568 0.436741 0.444050
v -0.119561 0.272342 0.545590
v -0.047031 0.311024 0.521414
v 0.199568 0.436741 0.444050
v -0.047031 0.311024 0.521414
v -0.042195 0.320694 0.516579
v 0.199568 0.436741 0.444050
v -0.042195 0.320694 0.516579
v -0.037361 0.330365 0.511743
v 0.199568 0.436741 0.444050
v -0.032524 0.253000 0.560096
v -0.042195 0.253000 0.560096
v 0.199568 0.436741 0.444050
v -0.022854 0.248165 0.560096
v -0.032524 0.253000 0.560096
v -0.027690 0.639822 0.371520
v -0.027690 0.605975 0.395697
v -0.003513 0.639822 0.371520
v -0.027690 0.639822 0.371520
v -0.003513 0.639822 0.371520
v -0.027690 0.615646 0.328003
v -0.003513 0.639822 0.371520
v 0.006157 0.596305 0.400532
v 0.020662 0.634987 0.376356
v -0.003513 0.639822 0.371520
v 0.020662 0.634987 0.376356
v -0.003513 0.615646 0.332839
v -0.003513 0.639822 0.371520
v -0.027690 0.605975 0.395697
v -0.013184 0.605975 0.395697
v -0.003513 0.639822 0.371520
v -0.013184 0.605975 0.395697
v -0.003513 0.601140 0.395697
v -0.003513 0.639822 0.371520
v -0.003513 0.601140 0.395697
v 0.006157 0.596305 0.400532
v -0.003513 0.639822 0.371520
v -0.003513 0.615646 0.332839
v -0.027690 0.615646 0.328003
v -0.027690 0.639822 0.371520
v -0.051868 0.634987 0.376356
v -0.051868 0.586634 0.405367
v -0.027690 0.639822 0.371520
v -0.051868 0.610810 0.332839
v -0.051868 0.634987 0.376356
v -0.027690 0.639822 0.371520
v -0.037361 0.601140 0.395697
v -0.027690 0.605975 0.395697
v -0.027690 0.639822 0.371520
v -0.051868 0.586634 0.405367
v -0.047031 0.596305 0.400532
v -0.027690 0.639822 0.371520
v -0.047031 0.596305 0.400532
v -0.037361 0.601140 0.395697
v -0.027690 0.639822 0.371520
v -0.027690 0.615646 0.328003
v -0.051868 0.610810 0.332839
v -0.051868 0.634987 0.376356
v -0.076042 0.625316 0.381191
v -0.061538 0.518940 0.448885
v -0.051868 0.634987 0.376356
v -0.076042 0.601140 0.337674
v -0.076042 0.625316 0.381191
v -0.051868 0.634987 0.376356
v -0.061538 0.518940 0.448885
v -0.056702 0.581799 0.410202
v -0.051868 0.634987 0.376356
v -0.056702 0.581799 0.410202
v -0.051868 0.586634 0.405367
v -0.051868 0.634987 0.376356
v -0.051868 0.610810 0.332839
v -0.076042 0.601140 0.337674
v -0.076042 0.625316 0.381191
v -0.090549 0.610810 0.390862
v -0.080879 0.528611 0.444050
v -0.076042 0.625316 0.381191
v -0.090549 0.581799 0.352179
v -0.090549 0.610810 0.390862
v -0.076042 0.625316 0.381191
v -0.080879 0.528611 0.444050
v -0.061538 0.518940 0.448885
v -0.076042 0.625316 0.381191
v -0.076042 0.601140 0.337674
v -0.090549 0.581799 0.352179
v -0.090549 0.610810 0.390862
v -0.100220 0.591470 0.405367
v -0.095383 0.547952 0.429544
v -0.090549 0.610810 0.390862
v -0.100220 0.562458 0.361850
v -0.100220 0.591470 0.405367
v -0.090549 0.610810 0.390862
v -0.095383 0.547952 0.429544
v -0.080879 0.528611 0.444050
v -0.090549 0.610810 0.390862
v -0.090549 0.581799 0.352179
v -0.100220 0.562458 0.361850
v -0.100220 0.591470 0.405367
v -0.100220 0.567293 0.419874
v -0.095383 0.547952 0.429544
v -0.100220 0.591470 0.405367
v -0.100220 0.543117 0.376356
v -0.100220 0.567293 0.419874
v -0.100220 0.591470 0.405367
v -0.100220 0.562458 0.361850
v -0.100220 0.543117 0.376356
v -0.100220 0.567293 0.419874
v -0.095383 0.523776 0.390862
v -0.095383 0.547952 0.429544
v -0.100220 0.567293 0.419874
v -0.100220 0.543117 0.376356
v -0.095383 0.523776 0.390862
v -0.095383 0.547952 0.429544
v -0.080879 0.504435 0.400532
v -0.080879 0.528611 0.444050
v -0.095383 0.547952 0.429544
v -0.095383 0.523776 0.390862
v -0.080879 0.504435 0.400532
v -0.080879 0.528611 0.444050
v -0.061538 0.489929 0.410202
v -0.061538 0.518940 0.448885
v -0.080879 0.528611 0.444050
v -0.080879 0.504435 0.400532
v -0.061538 0.489929 0.410202
v -0.051868 0.562458 0.424709
v -0.061538 0.518940 0.448885
v -0.051868 0.509270 0.458555
v -0.061538 0.518940 0.448885
v -0.047031 0.480258 0.415038
v -0.051868 0.509270 0.458555
v -0.056702 0.572128 0.415038
v -0.061538 0.518940 0.448885
v -0.051868 0.562458 0.424709
v -0.056702 0.581799 0.410202
v -0.061538 0.518940 0.448885
v -0.056702 0.572128 0.415038
v -0.061538 0.518940 0.448885
v -0.061538 0.489929 0.410202
v -0.047031 0.480258 0.415038
v -0.047031 0.552787 0.429544
v -0.051868 0.509270 0.458555
v -0.042195 0.494764 0.463390
v -0.051868 0.509270 0.458555
v -0.042195 0.465752 0.424709
v -0.042195 0.494764 0.463390
v -0.051868 0.562458 0.424709
v -0.051868 0.509270 0.458555
v -0.047031 0.552787 0.429544
v -0.051868 0.509270 0.458555
v -0.047031 0.480258 0.415038
v -0.042195 0.465752 0.424709
v -0.037361 0.547952 0.429544
v -0.042195 0.494764 0.463390
v -0.037361 0.480258 0.473061
v -0.042195 0.494764 0.463390
v -0.037361 0.456082 0.429544
v -0.037361 0.480258 0.473061
v -0.047031 0.552787 0.429544
v -0.042195 0.494764 0.463390
v -0.037361 0.547952 0.429544
v -0.042195 0.494764 0.463390
v -0.042195 0.465752 0.424709
v -0.037361 0.456082 0.429544
v -0.037361 0.547952 0.429544
v -0.037361 0.480258 0.473061
v -0.037361 0.354542 0.550425
v -0.037361 0.480258 0.473061
v -0.037361 0.456082 0.429544
v -0.037361 0.354542 0.550425
v -0.037361 0.354542 0.550425
v -0.042195 0.344870 0.560096
v -0.042195 0.277177 0.603613
v -0.037361 0.354542 0.550425
v -0.042195 0.320694 0.516579
v -0.042195 0.344870 0.560096
v -0.037361 0.547952 0.429544
v -0.037361 0.354542 0.550425
v -0.032524 0.277177 0.603613
v -0.037361 0.354542 0.550425
v -0.042195 0.277177 0.603613
v -0.032524 0.277177 0.603613
v -0.037361 0.354542 0.550425
v -0.037361 0.330365 0.511743
v -0.042195 0.320694 0.516579
v -0.037361 0.456082 0.429544
v -0.037361 0.330365 0.511743
v -0.037361 0.354542 0.550425
v -0.042195 0.344870 0.560096
v -0.047031 0.335200 0.564932
v -0.042195 0.277177 0.603613
v -0.042195 0.344870 0.560096
v -0.047031 0.311024 0.521414
v -0.047031 0.335200 0.564932
v -0.042195 0.344870 0.560096
v -0.042195 0.320694 0.516579
v -0.047031 0.311024 0.521414
v -0.047031 0.335200 0.564932
v -0.061538 0.330365 0.569767
v -0.051868 0.277177 0.603613
v -0.047031 0.335200 0.564932
v -0.061538 0.306189 0.526249
v -0.061538 0.330365 0.569767
v -0.047031 0.335200 0.564932
v -0.051868 0.277177 0.603613
v -0.042195 0.277177 0.603613
v -0.047031 0.335200 0.564932
v -0.047031 0.311024 0.521414
v -0.061538 0.306189 0.526249
v -0.061538 0.330365 0.569767
v -0.080879 0.325530 0.574602
v -0.071208 0.253000 0.618119
v -0.061538 0.330365 0.569767
v -0.080879 0.296518 0.531084
v -0.080879 0.325530 0.574602
v -0.061538 0.330365 0.569767
v -0.061538 0.272342 0.608449
v -0.051868 0.277177 0.603613
v -0.061538 0.330365 0.569767
v -0.071208 0.253000 0.618119
v -0.066372 0.262671 0.613284
v -0.061538 0.330365 0.569767
v -0.066372 0.262671 0.613284
v -0.061538 0.272342 0.608449
v -0.061538 0.330365 0.569767
v -0.061538 0.306189 0.526249
v -0.080879 0.296518 0.531084
v -0.080879 0.325530 0.574602
v -0.100220 0.315859 0.579437
v -0.095383 0.180472 0.661637
v -0.080879 0.325530 0.574602
v -0.100220 0.286847 0.535920
v -0.100220 0.315859 0.579437
v -0.080879 0.325530 0.574602
v -0.095383 0.180472 0.661637
v -0.071208 0.170801 0.671307
v -0.080879 0.325530 0.574602
v -0.071208 0.243330 0.622955
v -0.071208 0.253000 0.618119
v -0.080879 0.325530 0.574602
v -0.080879 0.296518 0.531084
v -0.100220 0.286847 0.535920
v -0.100220 0.315859 0.579437
v -0.119561 0.301354 0.589108
v -0.114724 0.194977 0.651966
v -0.100220 0.315859 0.579437
v -0.119561 0.272342 0.545590
v -0.119561 0.301354 0.589108
v -0.100220 0.315859 0.579437
v -0.114724 0.194977 0.651966
v -0.095383 0.180472 0.661637
v -0.100220 0.315859 0.579437
v -0.100220 0.286847 0.535920
v -0.119561 0.272342 0.545590
v -0.119561 0.301354 0.589108
v -0.129231 0.282012 0.598778
v -0.129231 0.214319 0.642295
v -0.119561 0.301354 0.589108
v -0.129231 0.253000 0.560096
v -0.129231 0.282012 0.598778
v -0.119561 0.301354 0.589108
v -0.129231 0.214319 0.642295
v -0.114724 0.194977 0.651966
v -0.119561 0.301354 0.589108
v -0.119561 0.272342 0.545590
v -0.129231 0.253000 0.560096
v -0.129231 0.282012 0.598778
v -0.138901 0.257836 0.613284
v -0.134065 0.238495 0.627790
v -0.129231 0.282012 0.598778
v -0.138901 0.233660 0.569767
v -0.138901 0.257836 0.613284
v -0.129231 0.282012 0.598778
v -0.134065 0.238495 0.627790
v -0.129231 0.214319 0.642295
v -0.129231 0.282012 0.598778
v -0.129231 0.253000 0.560096
v -0.138901 0.233660 0.569767
v -0.138901 0.257836 0.613284
v -0.134065 0.209484 0.584272
v -0.134065 0.238495 0.627790
v -0.138901 0.257836 0.613284
v -0.138901 0.233660 0.569767
v -0.134065 0.209484 0.584272
v -0.134065 0.238495 0.627790
v -0.129231 0.190142 0.598778
v -0.129231 0.214319 0.642295
v -0.134065 0.238495 0.627790
v -0.134065 0.209484 0.584272
v -0.129231 0.190142 0.598778
v -0.129231 0.214319 0.642295
v -0.114724 0.170801 0.613284
v -0.114724 0.194977 0.651966
v -0.129231 0.214319 0.642295
v -0.129231 0.190142 0.598778
v -0.114724 0.170801 0.613284
v -0.114724 0.194977 0.651966
v -0.095383 0.156295 0.622955
v -0.095383 0.180472 0.661637
v -0.114724 0.194977 0.651966
v -0.114724 0.170801 0.613284
v -0.095383 0.156295 0.622955
v -0.095383 0.180472 0.661637
v -0.071208 0.141789 0.627790
v -0.071208 0.170801 0.671307
v -0.095383 0.180472 0.661637
v -0.095383 0.156295 0.622955
v -0.071208 0.141789 0.627790
v -0.051868 0.223989 0.637460
v -0.071208 0.170801 0.671307
v -0.047031 0.165966 0.671307
v -0.071208 0.170801 0.671307
v -0.047031 0.136954 0.632625
v -0.047031 0.165966 0.671307
v -0.061538 0.228824 0.632625
v -0.071208 0.170801 0.671307
v -0.051868 0.223989 0.637460
v -0.066372 0.238495 0.627790
v -0.071208 0.170801 0.671307
v -0.061538 0.228824 0.632625
v -0.071208 0.243330 0.622955
v -0.071208 0.170801 0.671307
v -0.066372 0.238495 0.627790
v -0.080879 0.325530 0.574602
v -0.071208 0.170801 0.671307
v -0.071208 0.243330 0.622955
v -0.071208 0.170801 0.671307
v -0.071208 0.141789 0.627790
v -0.047031 0.136954 0.632625
v -0.032524 0.219154 0.637460
v -0.047031 0.165966 0.671307
v -0.022854 0.165966 0.671307
v -0.022854 0.165966 0.671307
v -0.047031 0.165966 0.671307
v -0.022854 0.136954 0.632625
v -0.042195 0.219154 0.637460
v -0.047031 0.165966 0.671307
v -0.032524 0.219154 0.637460
v -0.051868 0.223989 0.637460
v -0.047031 0.165966 0.671307
v -0.042195 0.219154 0.637460
v -0.047031 0.165966 0.671307
v -0.047031 0.136954 0.632625
v -0.022854 0.136954 0.632625
v -0.003513 0.243330 0.622955
v -0.022854 0.165966 0.671307
v 0.001321 0.170801 0.671307
v -0.003513 0.243330 0.622955
v -0.008350 0.233660 0.627790
v -0.022854 0.165966 0.671307
v -0.008350 0.233660 0.627790
v -0.013184 0.228824 0.632625
v -0.022854 0.165966 0.671307
v -0.013184 0.228824 0.632625
v -0.022854 0.223989 0.637460
v -0.022854 0.165966 0.671307
v -0.022854 0.223989 0.637460
v -0.032524 0.219154 0.637460
v -0.022854 0.165966 0.671307
v -0.022854 0.165966 0.671307
v -0.022854 0.136954 0.632625
v 0.001321 0.146625 0.627790
v 0.020662 0.634987 0.376356
v 0.001321 0.170801 0.671307
v 0.025498 0.185307 0.661637
v 0.020662 0.634987 0.376356
v 0.010991 0.572128 0.419874
v 0.001321 0.170801 0.671307
v 0.010991 0.572128 0.419874
v 0.010991 0.562458 0.424709
v 0.001321 0.170801 0.671307
v 0.010991 0.562458 0.424709
v 0.001321 0.552787 0.429544
v 0.001321 0.170801 0.671307
v 0.001321 0.552787 0.429544
v -0.003513 0.253000 0.618119
v 0.001321 0.170801 0.671307
v -0.003513 0.253000 0.618119
v -0.003513 0.243330 0.622955
v 0.001321 0.170801 0.671307
v 0.035168 0.620481 0.386026
v 0.025498 0.185307 0.661637
v 0.044839 0.199812 0.651966
v 0.020662 0.634987 0.376356
v 0.025498 0.185307 0.661637
v 0.035168 0.620481 0.386026
v 0.035168 0.620481 0.386026
v 0.044839 0.199812 0.651966
v 0.049675 0.610810 0.390862
v 0.049675 0.610810 0.390862
v 0.098027 0.267507 0.613284
v 0.136709 0.480258 0.473061
v 0.049675 0.610810 0.390862
v 0.136709 0.480258 0.473061
v 0.136709 0.456082 0.429544
v 0.035168 0.620481 0.386026
v 0.049675 0.610810 0.390862
v 0.035168 0.596305 0.342509
v 0.049675 0.610810 0.390862
v 0.049675 0.581799 0.352179
v 0.035168 0.596305 0.342509
v 0.049675 0.610810 0.390862
v 0.136709 0.456082 0.429544
v 0.049675 0.581799 0.352179
v 0.020662 0.634987 0.376356
v 0.035168 0.620481 0.386026
v 0.020662 0.605975 0.337674
v 0.035168 0.620481 0.386026
v 0.035168 0.596305 0.342509
v 0.020662 0.605975 0.337674
v 0.020662 0.634987 0.376356
v 0.006157 0.596305 0.400532
v 0.010991 0.586634 0.405367
v 0.020662 0.634987 0.376356
v 0.010991 0.586634 0.405367
v 0.010991 0.576963 0.410202
v 0.020662 0.634987 0.376356
v 0.010991 0.576963 0.410202
v 0.010991 0.572128 0.419874
v 0.020662 0.634987 0.376356
v 0.020662 0.605975 0.337674
v -0.003513 0.615646 0.332839
v -0.027690 0.605975 0.395697
v -0.013184 0.576963 0.352179
v -0.013184 0.605975 0.395697
v -0.027690 0.605975 0.395697
v -0.037361 0.601140 0.395697
v -0.027690 0.576963 0.352179
v -0.027690 0.605975 0.395697
v -0.027690 0.576963 0.352179
v -0.013184 0.576963 0.352179
v -0.013184 0.605975 0.395697
v -0.003513 0.572128 0.357015
v -0.003513 0.601140 0.395697
v -0.013184 0.605975 0.395697
v -0.013184 0.576963 0.352179
v -0.003513 0.572128 0.357015
v -0.003513 0.601140 0.395697
v 0.006157 0.567293 0.357015
v 0.006157 0.596305 0.400532
v -0.003513 0.601140 0.395697
v -0.003513 0.572128 0.357015
v 0.006157 0.567293 0.357015
v 0.006157 0.596305 0.400532
v 0.010991 0.562458 0.361850
v 0.010991 0.586634 0.405367
v 0.006157 0.596305 0.400532
v 0.006157 0.567293 0.357015
v 0.010991 0.562458 0.361850
v 0.010991 0.586634 0.405367
v 0.015828 0.552787 0.371520
v 0.010991 0.576963 0.410202
v 0.010991 0.586634 0.405367
v 0.010991 0.562458 0.361850
v 0.015828 0.552787 0.371520
v 0.010991 0.576963 0.410202
v 0.010991 0.543117 0.376356
v 0.010991 0.572128 0.419874
v 0.010991 0.576963 0.410202
v 0.015828 0.552787 0.371520
v 0.010991 0.543117 0.376356
v 0.010991 0.572128 0.419874
v 0.010991 0.533446 0.381191
v 0.010991 0.562458 0.424709
v 0.010991 0.572128 0.419874
v 0.010991 0.543117 0.376356
v 0.010991 0.533446 0.381191
v 0.010991 0.562458 0.424709
v 0.001321 0.528611 0.386026
v 0.001321 0.552787 0.429544
v 0.010991 0.562458 0.424709
v 0.010991 0.533446 0.381191
v 0.001321 0.528611 0.386026
v 0.001321 0.552787 0.429544
v -0.003513 0.547952 0.429544
v -0.003513 0.253000 0.618119
v 0.001321 0.552787 0.429544
v -0.003513 0.523776 0.390862
v -0.003513 0.547952 0.429544
v 0.001321 0.552787 0.429544
v 0.001321 0.528611 0.386026
v -0.003513 0.523776 0.390862
v -0.003513 0.547952 0.429544
v -0.018020 0.547952 0.434379
v -0.013184 0.272342 0.608449
v -0.003513 0.547952 0.429544
v -0.018020 0.518940 0.390862
v -0.018020 0.547952 0.434379
v -0.003513 0.547952 0.429544
v -0.013184 0.272342 0.608449
v -0.008350 0.262671 0.613284
v -0.003513 0.547952 0.429544
v -0.008350 0.262671 0.613284
v -0.003513 0.253000 0.618119
v -0.003513 0.547952 0.429544
v -0.003513 0.523776 0.390862
v -0.018020 0.518940 0.390862
v -0.027690 0.547952 0.434379
v -0.022854 0.277177 0.603613
v -0.018020 0.547952 0.434379
v -0.027690 0.547952 0.434379
v -0.018020 0.547952 0.434379
v -0.027690 0.518940 0.390862
v -0.018020 0.547952 0.434379
v -0.022854 0.277177 0.603613
v -0.013184 0.272342 0.608449
v -0.018020 0.547952 0.434379
v -0.018020 0.518940 0.390862
v -0.027690 0.518940 0.390862
v -0.037361 0.547952 0.429544
v -0.032524 0.277177 0.603613
v -0.027690 0.547952 0.434379
v -0.037361 0.547952 0.429544
v -0.027690 0.547952 0.434379
v -0.037361 0.523776 0.390862
v -0.027690 0.547952 0.434379
v -0.032524 0.277177 0.603613
v -0.022854 0.277177 0.603613
v -0.027690 0.547952 0.434379
v -0.027690 0.518940 0.390862
v -0.037361 0.523776 0.390862
v -0.047031 0.552787 0.429544
v -0.037361 0.547952 0.429544
v -0.047031 0.528611 0.386026
v -0.037361 0.547952 0.429544
v -0.037361 0.523776 0.390862
v -0.047031 0.528611 0.386026
v -0.051868 0.562458 0.424709
v -0.047031 0.552787 0.429544
v -0.051868 0.533446 0.381191
v -0.047031 0.552787 0.429544
v -0.047031 0.528611 0.386026
v -0.051868 0.533446 0.381191
v -0.056702 0.572128 0.415038
v -0.051868 0.562458 0.424709
v -0.056702 0.543117 0.376356
v -0.051868 0.562458 0.424709
v -0.051868 0.533446 0.381191
v -0.056702 0.543117 0.376356
v -0.056702 0.581799 0.410202
v -0.056702 0.572128 0.415038
v -0.056702 0.552787 0.366685
v -0.056702 0.572128 0.415038
v -0.056702 0.543117 0.376356
v -0.056702 0.552787 0.366685
v -0.051868 0.586634 0.405367
v -0.056702 0.581799 0.410202
v -0.051868 0.562458 0.361850
v -0.056702 0.581799 0.410202
v -0.056702 0.552787 0.366685
v -0.051868 0.562458 0.361850
v -0.047031 0.596305 0.400532
v -0.051868 0.586634 0.405367
v -0.047031 0.567293 0.357015
v -0.051868 0.586634 0.405367
v -0.051868 0.562458 0.361850
v -0.047031 0.567293 0.357015
v -0.037361 0.601140 0.395697
v -0.047031 0.596305 0.400532
v -0.037361 0.576963 0.357015
v -0.047031 0.596305 0.400532
v -0.047031 0.567293 0.357015
v -0.037361 0.576963 0.357015
v -0.037361 0.601140 0.395697
v -0.037361 0.576963 0.357015
v -0.027690 0.576963 0.352179
v -0.042195 0.277177 0.603613
v -0.051868 0.277177 0.603613
v -0.042195 0.253000 0.560096
v -0.051868 0.277177 0.603613
v -0.061538 0.272342 0.608449
v -0.051868 0.248165 0.560096
v -0.051868 0.277177 0.603613
v -0.051868 0.248165 0.560096
v -0.042195 0.253000 0.560096
v -0.042195 0.277177 0.603613
v -0.032524 0.253000 0.560096
v -0.032524 0.277177 0.603613
v -0.042195 0.277177 0.603613
v -0.042195 0.253000 0.560096
v -0.032524 0.253000 0.560096
v -0.032524 0.277177 0.603613
v -0.022854 0.248165 0.560096
v -0.022854 0.277177 0.603613
v -0.032524 0.277177 0.603613
v -0.032524 0.253000 0.560096
v -0.022854 0.248165 0.560096
v -0.013184 0.272342 0.608449
v -0.022854 0.277177 0.603613
v -0.013184 0.243330 0.564932
v -0.022854 0.248165 0.560096
v -0.013184 0.272342 0.608449
v -0.003513 0.233660 0.569767
v -0.008350 0.262671 0.613284
v -0.013184 0.272342 0.608449
v -0.013184 0.243330 0.564932
v -0.003513 0.233660 0.569767
v -0.008350 0.262671 0.613284
v -0.003513 0.228824 0.574602
v -0.003513 0.253000 0.618119
v -0.008350 0.262671 0.613284
v -0.003513 0.233660 0.569767
v -0.003513 0.228824 0.574602
v -0.003513 0.253000 0.618119
v -0.003513 0.219154 0.579437
v -0.003513 0.243330 0.622955
v -0.003513 0.253000 0.618119
v -0.003513 0.228824 0.574602
v -0.003513 0.219154 0.579437
v -0.003513 0.243330 0.622955
v -0.008350 0.209484 0.589108
v -0.008350 0.233660 0.627790
v -0.003513 0.243330 0.622955
v -0.003513 0.219154 0.579437
v -0.008350 0.209484 0.589108
v -0.008350 0.233660 0.627790
v -0.013184 0.199812 0.593943
v -0.013184 0.228824 0.632625
v -0.008350 0.233660 0.627790
v -0.008350 0.209484 0.589108
v -0.013184 0.199812 0.593943
v -0.013184 0.228824 0.632625
v -0.022854 0.194977 0.593943
v -0.022854 0.223989 0.637460
v -0.013184 0.228824 0.632625
v -0.013184 0.199812 0.593943
v -0.022854 0.194977 0.593943
v -0.022854 0.223989 0.637460
v -0.032524 0.194977 0.598778
v -0.032524 0.219154 0.637460
v -0.022854 0.223989 0.637460
v -0.022854 0.194977 0.593943
v -0.032524 0.194977 0.598778
v -0.042195 0.219154 0.637460
v -0.032524 0.219154 0.637460
v -0.042195 0.194977 0.598778
v -0.032524 0.194977 0.598778
v -0.051868 0.223989 0.637460
v -0.042195 0.219154 0.637460
v -0.051868 0.194977 0.593943
v -0.042195 0.219154 0.637460
v -0.042195 0.194977 0.598778
v -0.051868 0.194977 0.593943
v -0.061538 0.228824 0.632625
v -0.051868 0.223989 0.637460
v -0.061538 0.199812 0.589108
v -0.051868 0.223989 0.637460
v -0.051868 0.194977 0.593943
v -0.061538 0.199812 0.589108
v -0.066372 0.238495 0.627790
v -0.061538 0.228824 0.632625
v -0.066372 0.209484 0.584272
v -0.061538 0.228824 0.632625
v -0.061538 0.199812 0.589108
v -0.066372 0.209484 0.584272
v -0.071208 0.243330 0.622955
v -0.066372 0.238495 0.627790
v -0.071208 0.219154 0.579437
v -0.066372 0.238495 0.627790
v -0.066372 0.209484 0.584272
v -0.071208 0.219154 0.579437
v -0.071208 0.253000 0.618119
v -0.071208 0.243330 0.622955
v -0.071208 0.228824 0.574602
v -0.071208 0.243330 0.622955
v -0.071208 0.219154 0.579437
v -0.071208 0.228824 0.574602
v -0.066372 0.262671 0.613284
v -0.071208 0.253000 0.618119
v -0.066372 0.238495 0.569767
v -0.071208 0.253000 0.618119
v -0.071208 0.228824 0.574602
v -0.066372 0.238495 0.569767
v -0.061538 0.272342 0.608449
v -0.066372 0.262671 0.613284
v -0.061538 0.243330 0.564932
v -0.066372 0.262671 0.613284
v -0.066372 0.238495 0.569767
v -0.061538 0.243330 0.564932
v -0.061538 0.272342 0.608449
v -0.061538 0.243330 0.564932
v -0.051868 0.248165 0.560096
v -0.027690 0.615646 0.328003
v -0.003513 0.615646 0.332839
v -0.051868 0.610810 0.332839
v -0.003513 0.615646 0.332839
v 0.020662 0.605975 0.337674
v -0.051868 0.610810 0.332839
v 0.020662 0.605975 0.337674
v 0.035168 0.596305 0.342509
v -0.076042 0.601140 0.337674
v -0.051868 0.610810 0.332839
v 0.020662 0.605975 0.337674
v -0.076042 0.601140 0.337674
v 0.035168 0.596305 0.342509
v 0.049675 0.581799 0.352179
v -0.090549 0.581799 0.352179
v -0.076042 0.601140 0.337674
v 0.035168 0.596305 0.342509
v -0.090549 0.581799 0.352179
v 0.049675 0.581799 0.352179
v 0.136709 0.456082 0.429544
v -0.042195 0.465752 0.424709
v 0.049675 0.581799 0.352179
v -0.042195 0.465752 0.424709
v 0.010991 0.533446 0.381191
v -0.090549 0.581799 0.352179
v 0.049675 0.581799 0.352179
v -0.027690 0.576963 0.352179
v 0.049675 0.581799 0.352179
v -0.013184 0.576963 0.352179
v -0.027690 0.576963 0.352179
v 0.049675 0.581799 0.352179
v -0.003513 0.572128 0.357015
v -0.013184 0.576963 0.352179
v 0.049675 0.581799 0.352179
v 0.010991 0.533446 0.381191
v 0.010991 0.543117 0.376356
v 0.049675 0.581799 0.352179
v 0.010991 0.543117 0.376356
v 0.015828 0.552787 0.371520
v 0.049675 0.581799 0.352179
v 0.015828 0.552787 0.371520
v 0.010991 0.562458 0.361850
v 0.049675 0.581799 0.352179
v 0.010991 0.562458 0.361850
v 0.006157 0.567293 0.357015
v 0.049675 0.581799 0.352179
v 0.006157 0.567293 0.357015
v -0.003513 0.572128 0.357015
v 0.146379 0.446412 0.439214
v -0.037361 0.456082 0.429544
v 0.136709 0.456082 0.429544
v -0.042195 0.465752 0.424709
v -0.037361 0.456082 0.429544
v 0.146379 0.446412 0.439214
v -0.037361 0.330365 0.511743
v -0.022854 0.248165 0.560096
v 0.122202 0.248165 0.560096
v -0.013184 0.243330 0.564932
v 0.044839 0.170801 0.608449
v 0.025498 0.156295 0.618119
v -0.114724 0.170801 0.613284
v -0.114724 0.170801 0.613284
v -0.129231 0.190142 0.598778
v 0.044839 0.170801 0.608449
v -0.032524 0.194977 0.598778
v -0.022854 0.194977 0.593943
v 0.044839 0.170801 0.608449
v -0.032524 0.194977 0.598778
v 0.025498 0.156295 0.618119
v 0.001321 0.146625 0.627790
v -0.095383 0.156295 0.622955
v -0.114724 0.170801 0.613284
v 0.025498 0.156295 0.618119
v -0.095383 0.156295 0.622955
v 0.001321 0.146625 0.627790
v -0.022854 0.136954 0.632625
v -0.071208 0.141789 0.627790
v -0.095383 0.156295 0.622955
v 0.001321 0.146625 0.627790
v -0.071208 0.141789 0.627790
v -0.071208 0.141789 0.627790
v -0.022854 0.136954 0.632625
v -0.047031 0.136954 0.632625
v -0.134065 0.209484 0.584272
v -0.066372 0.209484 0.584272
v -0.129231 0.190142 0.598778
v -0.066372 0.209484 0.584272
v -0.061538 0.199812 0.589108
v -0.129231 0.190142 0.598778
v -0.061538 0.199812 0.589108
v -0.051868 0.194977 0.593943
v -0.129231 0.190142 0.598778
v -0.051868 0.194977 0.593943
v -0.042195 0.194977 0.598778
v -0.129231 0.190142 0.598778
v -0.042195 0.194977 0.598778
v -0.032524 0.194977 0.598778
v -0.129231 0.190142 0.598778
v -0.138901 0.233660 0.569767
v -0.071208 0.228824 0.574602
v -0.134065 0.209484 0.584272
v -0.071208 0.228824 0.574602
v -0.071208 0.219154 0.579437
v -0.134065 0.209484 0.584272
v -0.071208 0.219154 0.579437
v -0.066372 0.209484 0.584272
v -0.134065 0.209484 0.584272
v 0.199568 0.436741 0.444050
v -0.042195 0.253000 0.560096
v -0.129231 0.253000 0.560096
v -0.138901 0.233660 0.569767
v -0.042195 0.253000 0.560096
v -0.051868 0.248165 0.560096
v -0.138901 0.233660 0.569767
v -0.051868 0.248165 0.560096
v -0.061538 0.243330 0.564932
v -0.138901 0.233660 0.569767
v -0.061538 0.243330 0.564932
v -0.066372 0.238495 0.569767
v -0.138901 0.233660 0.569767
v -0.066372 0.238495 0.569767
v -0.071208 0.228824 0.574602
v -0.138901 0.233660 0.569767
v -0.047031 0.311024 0.521414
v -0.119561 0.272342 0.545590
v -0.100220 0.286847 0.535920
v -0.061538 0.306189 0.526249
v -0.100220 0.286847 0.535920
v -0.080879 0.296518 0.531084
v -0.047031 0.311024 0.521414
v -0.100220 0.286847 0.535920
v -0.061538 0.306189 0.526249
v 0.001321 0.528611 0.386026
v -0.042195 0.465752 0.424709
v -0.047031 0.480258 0.415038
v 0.010991 0.533446 0.381191
v -0.042195 0.465752 0.424709
v 0.001321 0.528611 0.386026
v -0.003513 0.523776 0.390862
v -0.047031 0.480258 0.415038
v -0.061538 0.489929 0.410202
v 0.001321 0.528611 0.386026
v -0.047031 0.480258 0.415038
v -0.003513 0.523776 0.390862
v -0.018020 0.518940 0.390862
v -0.061538 0.489929 0.410202
v -0.080879 0.504435 0.400532
v -0.003513 0.523776 0.390862
v -0.061538 0.489929 0.410202
v -0.018020 0.518940 0.390862
v -0.095383 0.523776 0.390862
v -0.027690 0.518940 0.390862
v -0.080879 0.504435 0.400532
v -0.027690 0.518940 0.390862
v -0.018020 0.518940 0.390862
v -0.080879 0.504435 0.400532
v -0.051868 0.533446 0.381191
v -0.047031 0.528611 0.386026
v -0.095383 0.523776 0.390862
v -0.047031 0.528611 0.386026
v -0.037361 0.523776 0.390862
v -0.095383 0.523776 0.390862
v -0.037361 0.523776 0.390862
v -0.027690 0.518940 0.390862
v -0.095383 0.523776 0.390862
v -0.100220 0.562458 0.361850
v -0.051868 0.562458 0.361850
v -0.100220 0.543117 0.376356
v -0.051868 0.562458 0.361850
v -0.056702 0.552787 0.366685
v -0.100220 0.543117 0.376356
v -0.056702 0.552787 0.366685
v -0.056702 0.543117 0.376356
v -0.100220 0.543117 0.376356
v -0.095383 0.523776 0.390862
v -0.100220 0.543117 0.376356
v -0.051868 0.533446 0.381191
v -0.056702 0.543117 0.376356
v -0.090549 0.581799 0.352179
v -0.027690 0.576963 0.352179
v -0.100220 0.562458 0.361850
v -0.027690 0.576963 0.352179
v -0.037361 0.576963 0.357015
v -0.100220 0.562458 0.361850
v -0.037361 0.576963 0.357015
v -0.047031 0.567293 0.357015
v -0.100220 0.562458 0.361850
v -0.047031 0.567293 0.357015
v -0.051868 0.562458 0.361850
v -0.100220 0.562458 0.361850
v -0.013184 -0.312726 -0.324758
v 0.112532 -0.317561 -0.324758
v -0.003513 -0.322397 -0.319923
v -0.022854 -0.312726 -0.324758
v 0.127039 -0.312726 -0.324758
v -0.013184 -0.312726 -0.324758
v 0.049675 0.040249 -0.503663
v 0.049675 -0.365914 -0.242559
v 0.102861 -0.303055 -0.286076
v 0.049675 0.040249 -0.503663
v 0.102861 -0.303055 -0.286076
v 0.141545 -0.085468 -0.421463
v 0.102861 -0.322397 -0.319923
v 0.049675 -0.390090 -0.276405
v -0.022854 -0.365914 -0.290912
v 0.102861 -0.322397 -0.319923
v -0.022854 -0.365914 -0.290912
v -0.013184 -0.361079 -0.295747
v 0.102861 -0.322397 -0.319923
v -0.013184 -0.361079 -0.295747
v -0.003513 -0.356244 -0.295747
v 0.102861 -0.322397 -0.319923
v -0.003513 -0.356244 -0.295747
v 0.001321 -0.346573 -0.305417
v 0.102861 -0.322397 -0.319923
v 0.001321 -0.346573 -0.305417
v 0.001321 -0.336902 -0.310252
v 0.102861 -0.322397 -0.319923
v 0.001321 -0.336902 -0.310252
v 0.001321 -0.327232 -0.315088
v -0.003513 -0.322397 -0.319923
v 0.102861 -0.322397 -0.319923
v 0.001321 -0.327232 -0.315088
v -0.109890 -0.390090 -0.276405
v -0.124395 -0.375584 -0.286076
v 0.049675 -0.390090 -0.276405
v -0.032524 -0.370749 -0.290912
v -0.022854 -0.365914 -0.290912
v 0.040002 0.054754 -0.513333
v 0.030332 -0.385255 -0.232888
v 0.049675 -0.365914 -0.242559
v 0.040002 0.054754 -0.513333
v 0.049675 -0.365914 -0.242559
v 0.049675 0.040249 -0.503663
v -0.022854 0.054754 -0.556851
v 0.001321 0.049919 -0.556851
v -0.047031 0.049919 -0.552016
v 0.001321 0.074096 -0.523004
v 0.001321 0.049919 -0.556851
v -0.022854 0.054754 -0.556851
v -0.022854 0.074096 -0.523004
v -0.022854 0.054754 -0.556851
v -0.047031 0.049919 -0.552016
v -0.022854 0.074096 -0.523004
v 0.001321 0.074096 -0.523004
v -0.022854 0.054754 -0.556851
v 0.001321 0.049919 -0.556851
v 0.025498 0.045084 -0.552016
v -0.047031 0.049919 -0.552016
v 0.025498 0.064425 -0.518169
v 0.025498 0.045084 -0.552016
v 0.001321 0.049919 -0.556851
v 0.001321 0.074096 -0.523004
v 0.025498 0.064425 -0.518169
v 0.001321 0.049919 -0.556851
v 0.025498 0.045084 -0.552016
v 0.040002 0.035414 -0.547181
v -0.071208 0.035414 -0.547181
v 0.040002 0.054754 -0.513333
v 0.040002 0.035414 -0.547181
v 0.025498 0.045084 -0.552016
v -0.047031 0.049919 -0.552016
v 0.025498 0.045084 -0.552016
v -0.071208 0.035414 -0.547181
v 0.025498 0.064425 -0.518169
v 0.040002 0.054754 -0.513333
v 0.025498 0.045084 -0.552016
v 0.040002 0.035414 -0.547181
v 0.049675 0.020908 -0.537510
v -0.085713 0.020908 -0.537510
v 0.049675 0.040249 -0.503663
v 0.049675 0.020908 -0.537510
v 0.040002 0.035414 -0.547181
v -0.071208 0.035414 -0.547181
v 0.040002 0.035414 -0.547181
v -0.085713 0.020908 -0.537510
v 0.040002 0.054754 -0.513333
v 0.049675 0.040249 -0.503663
v 0.040002 0.035414 -0.547181
v 0.049675 0.020908 -0.537510
v 0.141545 -0.104809 -0.455310
v -0.037361 -0.095139 -0.464981
v 0.049675 0.040249 -0.503663
v 0.141545 -0.104809 -0.455310
v 0.049675 0.020908 -0.537510
v 0.049675 0.020908 -0.537510
v -0.037361 -0.095139 -0.464981
v 0.015828 -0.027445 -0.503663
v -0.085713 0.020908 -0.537510
v 0.049675 0.020908 -0.537510
v -0.022854 0.016072 -0.532675
v 0.049675 0.020908 -0.537510
v -0.013184 0.016072 -0.532675
v -0.022854 0.016072 -0.532675
v 0.049675 0.020908 -0.537510
v 0.015828 -0.027445 -0.503663
v 0.015828 -0.017774 -0.513333
v 0.049675 0.020908 -0.537510
v 0.015828 -0.017774 -0.513333
v 0.015828 -0.008104 -0.518169
v 0.049675 0.020908 -0.537510
v 0.015828 -0.008104 -0.518169
v 0.015828 0.001566 -0.523004
v 0.049675 0.020908 -0.537510
v 0.015828 0.001566 -0.523004
v 0.006157 0.006402 -0.527840
v 0.049675 0.020908 -0.537510
v 0.006157 0.006402 -0.527840
v 0.001321 0.011237 -0.532675
v 0.049675 0.020908 -0.537510
v 0.001321 0.011237 -0.532675
v -0.013184 0.016072 -0.532675
v 0.141545 -0.104809 -0.455310
v 0.151216 -0.119315 -0.450475
v -0.032524 -0.109644 -0.455310
v -0.037361 -0.095139 -0.464981
v 0.141545 -0.104809 -0.455310
v -0.032524 -0.109644 -0.455310
v 0.049675 0.040249 -0.503663
v 0.141545 -0.085468 -0.421463
v 0.141545 -0.104809 -0.455310
v 0.151216 -0.119315 -0.450475
v 0.165720 -0.124151 -0.445640
v -0.032524 -0.230526 -0.377946
v -0.032524 -0.109644 -0.455310
v 0.151216 -0.119315 -0.450475
v -0.032524 -0.230526 -0.377946
v 0.165720 -0.124151 -0.445640
v 0.185061 -0.128986 -0.440805
v -0.032524 -0.230526 -0.377946
v 0.204402 -0.128986 -0.440805
v -0.032524 -0.230526 -0.377946
v 0.185061 -0.128986 -0.440805
v 0.204402 -0.128986 -0.440805
v -0.124395 -0.307891 -0.329594
v -0.114724 -0.288550 -0.339264
v 0.204402 -0.128986 -0.440805
v -0.032524 -0.307891 -0.329594
v -0.124395 -0.307891 -0.329594
v 0.204402 -0.128986 -0.440805
v -0.114724 -0.288550 -0.339264
v -0.042195 -0.249867 -0.363440
v 0.204402 -0.128986 -0.440805
v -0.042195 -0.249867 -0.363440
v -0.037361 -0.245032 -0.368275
v 0.204402 -0.128986 -0.440805
v -0.037361 -0.245032 -0.368275
v -0.032524 -0.230526 -0.377946
v 0.204402 -0.128986 -0.440805
v -0.022854 -0.312726 -0.324758
v -0.032524 -0.307891 -0.329594
v 0.030332 -0.404596 -0.266735
v 0.006157 -0.414267 -0.261900
v -0.090549 -0.409431 -0.266735
v 0.006157 -0.394925 -0.228053
v 0.006157 -0.414267 -0.261900
v 0.030332 -0.404596 -0.266735
v 0.049675 -0.390090 -0.276405
v 0.030332 -0.404596 -0.266735
v -0.109890 -0.390090 -0.276405
v -0.090549 -0.409431 -0.266735
v 0.030332 -0.385255 -0.232888
v 0.006157 -0.394925 -0.228053
v 0.030332 -0.404596 -0.266735
v 0.006157 -0.414267 -0.261900
v -0.018020 -0.423937 -0.257065
v -0.071208 -0.419102 -0.257065
v -0.018020 -0.399761 -0.223217
v -0.018020 -0.423937 -0.257065
v 0.006157 -0.414267 -0.261900
v -0.090549 -0.409431 -0.266735
v 0.006157 -0.414267 -0.261900
v -0.071208 -0.419102 -0.257065
v 0.006157 -0.394925 -0.228053
v -0.018020 -0.399761 -0.223217
v 0.006157 -0.414267 -0.261900
v -0.071208 -0.419102 -0.257065
v -0.018020 -0.423937 -0.257065
v -0.042195 -0.423937 -0.257065
v -0.042195 -0.399761 -0.223217
v -0.042195 -0.423937 -0.257065
v -0.018020 -0.423937 -0.257065
v -0.018020 -0.399761 -0.223217
v -0.042195 -0.399761 -0.223217
v -0.018020 -0.423937 -0.257065
v -0.071208 -0.394925 -0.223217
v -0.071208 -0.419102 -0.257065
v -0.042195 -0.423937 -0.257065
v -0.071208 -0.394925 -0.223217
v -0.042195 -0.423937 -0.257065
v -0.042195 -0.399761 -0.223217
v -0.090549 -0.385255 -0.232888
v -0.090549 -0.409431 -0.266735
v -0.071208 -0.419102 -0.257065
v -0.090549 -0.385255 -0.232888
v -0.071208 -0.419102 -0.257065
v -0.071208 -0.394925 -0.223217
v -0.109890 -0.370749 -0.242559
v -0.109890 -0.390090 -0.276405
v -0.090549 -0.409431 -0.266735
v -0.109890 -0.370749 -0.242559
v -0.090549 -0.409431 -0.266735
v -0.090549 -0.385255 -0.232888
v -0.124395 -0.351408 -0.252229
v -0.124395 -0.375584 -0.286076
v -0.109890 -0.390090 -0.276405
v -0.124395 -0.351408 -0.252229
v -0.109890 -0.390090 -0.276405
v -0.109890 -0.370749 -0.242559
v -0.134065 -0.351408 -0.300582
v -0.061538 -0.356244 -0.295747
v -0.124395 -0.375584 -0.286076
v -0.061538 -0.356244 -0.295747
v -0.051868 -0.361079 -0.295747
v -0.124395 -0.375584 -0.286076
v -0.051868 -0.361079 -0.295747
v -0.042195 -0.365914 -0.290912
v -0.124395 -0.375584 -0.286076
v -0.042195 -0.365914 -0.290912
v -0.032524 -0.370749 -0.290912
v -0.124395 -0.375584 -0.286076
v -0.134065 -0.351408 -0.300582
v -0.124395 -0.375584 -0.286076
v -0.134065 -0.332067 -0.266735
v -0.124395 -0.351408 -0.252229
v -0.134065 -0.332067 -0.315088
v -0.066372 -0.332067 -0.315088
v -0.134065 -0.351408 -0.300582
v -0.134065 -0.307891 -0.281241
v -0.134065 -0.332067 -0.315088
v -0.134065 -0.351408 -0.300582
v -0.066372 -0.332067 -0.315088
v -0.066372 -0.336902 -0.310252
v -0.134065 -0.351408 -0.300582
v -0.066372 -0.336902 -0.310252
v -0.066372 -0.346573 -0.305417
v -0.134065 -0.351408 -0.300582
v -0.066372 -0.346573 -0.305417
v -0.061538 -0.356244 -0.295747
v -0.134065 -0.351408 -0.300582
v -0.134065 -0.307891 -0.281241
v -0.134065 -0.351408 -0.300582
v -0.134065 -0.332067 -0.266735
v -0.124395 -0.307891 -0.329594
v -0.042195 -0.312726 -0.324758
v -0.134065 -0.332067 -0.315088
v -0.124395 -0.288550 -0.295747
v -0.124395 -0.307891 -0.329594
v -0.134065 -0.332067 -0.315088
v -0.042195 -0.312726 -0.324758
v -0.051868 -0.312726 -0.324758
v -0.134065 -0.332067 -0.315088
v -0.051868 -0.312726 -0.324758
v -0.061538 -0.322397 -0.319923
v -0.134065 -0.332067 -0.315088
v -0.061538 -0.322397 -0.319923
v -0.066372 -0.332067 -0.315088
v -0.134065 -0.332067 -0.315088
v -0.124395 -0.288550 -0.295747
v -0.134065 -0.332067 -0.315088
v -0.134065 -0.307891 -0.281241
v -0.114724 -0.269209 -0.305417
v -0.114724 -0.288550 -0.339264
v -0.124395 -0.307891 -0.329594
v -0.124395 -0.307891 -0.329594
v -0.032524 -0.307891 -0.329594
v -0.042195 -0.312726 -0.324758
v -0.114724 -0.269209 -0.305417
v -0.124395 -0.307891 -0.329594
v -0.124395 -0.288550 -0.295747
v -0.042195 -0.249867 -0.363440
v -0.114724 -0.288550 -0.339264
v -0.100220 -0.274044 -0.348935
v -0.100220 -0.254702 -0.315088
v -0.100220 -0.274044 -0.348935
v -0.114724 -0.288550 -0.339264
v -0.100220 -0.254702 -0.315088
v -0.114724 -0.288550 -0.339264
v -0.114724 -0.269209 -0.305417
v -0.056702 -0.254702 -0.363440
v -0.100220 -0.274044 -0.348935
v -0.076042 -0.264373 -0.358605
v -0.080879 -0.240197 -0.324758
v -0.076042 -0.264373 -0.358605
v -0.100220 -0.274044 -0.348935
v -0.042195 -0.249867 -0.363440
v -0.100220 -0.274044 -0.348935
v -0.056702 -0.254702 -0.363440
v -0.080879 -0.240197 -0.324758
v -0.100220 -0.274044 -0.348935
v -0.100220 -0.254702 -0.315088
v -0.056702 -0.235362 -0.329594
v -0.056702 -0.254702 -0.363440
v -0.076042 -0.264373 -0.358605
v -0.056702 -0.235362 -0.329594
v -0.076042 -0.264373 -0.358605
v -0.080879 -0.240197 -0.324758
v -0.047031 -0.230526 -0.329594
v -0.042195 -0.249867 -0.363440
v -0.056702 -0.254702 -0.363440
v -0.047031 -0.230526 -0.329594
v -0.056702 -0.254702 -0.363440
v -0.056702 -0.235362 -0.329594
v -0.037361 -0.220856 -0.334429
v -0.037361 -0.245032 -0.368275
v -0.042195 -0.249867 -0.363440
v -0.037361 -0.220856 -0.334429
v -0.042195 -0.249867 -0.363440
v -0.047031 -0.230526 -0.329594
v -0.032524 -0.211185 -0.344099
v -0.032524 -0.230526 -0.377946
v -0.037361 -0.245032 -0.368275
v -0.032524 -0.211185 -0.344099
v -0.037361 -0.245032 -0.368275
v -0.037361 -0.220856 -0.334429
v -0.032524 -0.109644 -0.455310
v -0.032524 -0.230526 -0.377946
v -0.032524 -0.211185 -0.344099
v -0.037361 -0.070962 -0.431134
v -0.037361 -0.095139 -0.464981
v -0.032524 -0.109644 -0.455310
v -0.037361 -0.070962 -0.431134
v -0.032524 -0.109644 -0.455310
v -0.032524 -0.085468 -0.421463
v -0.032524 -0.085468 -0.421463
v -0.032524 -0.109644 -0.455310
v -0.032524 -0.211185 -0.344099
v 0.006157 -0.037116 -0.503663
v -0.037361 -0.095139 -0.464981
v -0.047031 -0.080633 -0.469817
v -0.047031 -0.061292 -0.440805
v -0.047031 -0.080633 -0.469817
v -0.037361 -0.095139 -0.464981
v 0.015828 -0.027445 -0.503663
v -0.037361 -0.095139 -0.464981
v 0.006157 -0.037116 -0.503663
v -0.047031 -0.061292 -0.440805
v -0.037361 -0.095139 -0.464981
v -0.037361 -0.070962 -0.431134
v -0.003513 -0.041951 -0.498828
v -0.047031 -0.080633 -0.469817
v -0.056702 -0.070962 -0.479487
v -0.056702 -0.051621 -0.445640
v -0.056702 -0.070962 -0.479487
v -0.047031 -0.080633 -0.469817
v 0.006157 -0.037116 -0.503663
v -0.047031 -0.080633 -0.469817
v -0.003513 -0.041951 -0.498828
v -0.056702 -0.051621 -0.445640
v -0.047031 -0.080633 -0.469817
v -0.047031 -0.061292 -0.440805
v -0.013184 -0.041951 -0.493993
v -0.056702 -0.070962 -0.479487
v -0.076042 -0.056457 -0.489157
v -0.076042 -0.037116 -0.455310
v -0.076042 -0.056457 -0.489157
v -0.056702 -0.070962 -0.479487
v -0.003513 -0.041951 -0.498828
v -0.056702 -0.070962 -0.479487
v -0.013184 -0.041951 -0.493993
v -0.076042 -0.037116 -0.455310
v -0.056702 -0.070962 -0.479487
v -0.056702 -0.051621 -0.445640
v -0.090549 -0.041951 -0.498828
v -0.022854 -0.041951 -0.493993
v -0.076042 -0.056457 -0.489157
v -0.022854 -0.041951 -0.493993
v -0.013184 -0.041951 -0.493993
v -0.076042 -0.056457 -0.489157
v -0.090549 -0.041951 -0.498828
v -0.076042 -0.056457 -0.489157
v -0.090549 -0.017774 -0.464981
v -0.076042 -0.037116 -0.455310
v -0.095383 -0.017774 -0.513333
v -0.047031 -0.027445 -0.508498
v -0.090549 -0.041951 -0.498828
v -0.095383 0.001566 -0.479487
v -0.095383 -0.017774 -0.513333
v -0.090549 -0.041951 -0.498828
v -0.047031 -0.027445 -0.508498
v -0.042195 -0.032281 -0.503663
v -0.090549 -0.041951 -0.498828
v -0.042195 -0.032281 -0.503663
v -0.032524 -0.041951 -0.498828
v -0.090549 -0.041951 -0.498828
v -0.032524 -0.041951 -0.498828
v -0.022854 -0.041951 -0.493993
v -0.090549 -0.041951 -0.498828
v -0.095383 0.001566 -0.479487
v -0.090549 -0.041951 -0.498828
v -0.090549 -0.017774 -0.464981
v -0.095383 0.001566 -0.523004
v -0.047031 0.001566 -0.523004
v -0.095383 -0.017774 -0.513333
v -0.095383 0.020908 -0.489157
v -0.095383 0.001566 -0.523004
v -0.095383 -0.017774 -0.513333
v -0.047031 0.001566 -0.523004
v -0.051868 -0.008104 -0.518169
v -0.095383 -0.017774 -0.513333
v -0.051868 -0.008104 -0.518169
v -0.051868 -0.017774 -0.513333
v -0.095383 -0.017774 -0.513333
v -0.051868 -0.017774 -0.513333
v -0.047031 -0.027445 -0.508498
v -0.095383 -0.017774 -0.513333
v -0.095383 0.020908 -0.489157
v -0.095383 -0.017774 -0.513333
v -0.095383 0.001566 -0.479487
v -0.085713 0.020908 -0.537510
v -0.022854 0.016072 -0.532675
v -0.095383 0.001566 -0.523004
v -0.085713 0.040249 -0.503663
v -0.085713 0.020908 -0.537510
v -0.095383 0.001566 -0.523004
v -0.022854 0.016072 -0.532675
v -0.032524 0.011237 -0.532675
v -0.095383 0.001566 -0.523004
v -0.032524 0.011237 -0.532675
v -0.042195 0.006402 -0.527840
v -0.095383 0.001566 -0.523004
v -0.042195 0.006402 -0.527840
v -0.047031 0.001566 -0.523004
v -0.095383 0.001566 -0.523004
v -0.085713 0.040249 -0.503663
v -0.095383 0.001566 -0.523004
v -0.095383 0.020908 -0.489157
v -0.071208 0.059590 -0.513333
v -0.071208 0.035414 -0.547181
v -0.085713 0.020908 -0.537510
v -0.071208 0.059590 -0.513333
v -0.085713 0.020908 -0.537510
v -0.085713 0.040249 -0.503663
v -0.047031 0.069261 -0.518169
v -0.047031 0.049919 -0.552016
v -0.071208 0.035414 -0.547181
v -0.047031 0.069261 -0.518169
v -0.071208 0.035414 -0.547181
v -0.071208 0.059590 -0.513333
v -0.022854 0.074096 -0.523004
v -0.047031 0.049919 -0.552016
v -0.047031 0.069261 -0.518169
v -0.032524 0.035414 -0.498828
v -0.032524 0.011237 -0.532675
v -0.022854 0.016072 -0.532675
v -0.022854 0.035414 -0.498828
v -0.022854 0.016072 -0.532675
v -0.013184 0.016072 -0.532675
v -0.022854 0.035414 -0.498828
v -0.032524 0.035414 -0.498828
v -0.022854 0.016072 -0.532675
v -0.042195 0.030578 -0.493993
v -0.042195 0.006402 -0.527840
v -0.032524 0.011237 -0.532675
v -0.032524 0.035414 -0.498828
v -0.042195 0.030578 -0.493993
v -0.032524 0.011237 -0.532675
v -0.047031 0.020908 -0.489157
v -0.047031 0.001566 -0.523004
v -0.042195 0.006402 -0.527840
v -0.042195 0.030578 -0.493993
v -0.047031 0.020908 -0.489157
v -0.042195 0.006402 -0.527840
v -0.051868 0.011237 -0.484322
v -0.051868 -0.008104 -0.518169
v -0.047031 0.001566 -0.523004
v -0.047031 0.020908 -0.489157
v -0.051868 0.011237 -0.484322
v -0.047031 0.001566 -0.523004
v -0.051868 0.001566 -0.479487
v -0.051868 -0.017774 -0.513333
v -0.051868 -0.008104 -0.518169
v -0.051868 0.011237 -0.484322
v -0.051868 0.001566 -0.479487
v -0.051868 -0.008104 -0.518169
v -0.047031 -0.003269 -0.474652
v -0.047031 -0.027445 -0.508498
v -0.051868 -0.017774 -0.513333
v -0.051868 0.001566 -0.479487
v -0.047031 -0.003269 -0.474652
v -0.051868 -0.017774 -0.513333
v -0.042195 -0.012939 -0.469817
v -0.042195 -0.032281 -0.503663
v -0.047031 -0.027445 -0.508498
v -0.047031 -0.003269 -0.474652
v -0.042195 -0.012939 -0.469817
v -0.047031 -0.027445 -0.508498
v -0.032524 -0.017774 -0.464981
v -0.032524 -0.041951 -0.498828
v -0.042195 -0.032281 -0.503663
v -0.042195 -0.012939 -0.469817
v -0.032524 -0.017774 -0.464981
v -0.042195 -0.032281 -0.503663
v -0.022854 -0.022610 -0.464981
v -0.022854 -0.041951 -0.493993
v -0.032524 -0.041951 -0.498828
v -0.032524 -0.017774 -0.464981
v -0.022854 -0.022610 -0.464981
v -0.032524 -0.041951 -0.498828
v -0.013184 -0.022610 -0.460146
v -0.013184 -0.041951 -0.493993
v -0.022854 -0.041951 -0.493993
v -0.022854 -0.022610 -0.464981
v -0.013184 -0.022610 -0.460146
v -0.022854 -0.041951 -0.493993
v -0.003513 -0.017774 -0.464981
v -0.003513 -0.041951 -0.498828
v -0.013184 -0.041951 -0.493993
v -0.003513 -0.017774 -0.464981
v -0.013184 -0.041951 -0.493993
v -0.013184 -0.022610 -0.460146
v 0.006157 -0.037116 -0.503663
v -0.003513 -0.041951 -0.498828
v 0.006157 -0.012939 -0.469817
v -0.003513 -0.017774 -0.464981
v 0.015828 -0.027445 -0.503663
v 0.006157 -0.037116 -0.503663
v 0.015828 -0.008104 -0.469817
v 0.006157 -0.012939 -0.469817
v 0.015828 0.001566 -0.479487
v 0.015828 -0.017774 -0.513333
v 0.015828 -0.027445 -0.503663
v 0.015828 0.001566 -0.479487
v 0.015828 -0.027445 -0.503663
v 0.015828 -0.008104 -0.469817
v 0.015828 0.011237 -0.484322
v 0.015828 -0.008104 -0.518169
v 0.015828 -0.017774 -0.513333
v 0.015828 0.011237 -0.484322
v 0.015828 -0.017774 -0.513333
v 0.015828 0.001566 -0.479487
v 0.015828 0.020908 -0.489157
v 0.015828 0.001566 -0.523004
v 0.015828 -0.008104 -0.518169
v 0.015828 0.020908 -0.489157
v 0.015828 -0.008104 -0.518169
v 0.015828 0.011237 -0.484322
v 0.006157 0.030578 -0.493993
v 0.006157 0.006402 -0.527840
v 0.015828 0.001566 -0.523004
v 0.006157 0.030578 -0.493993
v 0.015828 0.001566 -0.523004
v 0.015828 0.020908 -0.489157
v 0.001321 0.035414 -0.498828
v 0.001321 0.011237 -0.532675
v 0.006157 0.006402 -0.527840
v 0.001321 0.035414 -0.498828
v 0.006157 0.006402 -0.527840
v 0.006157 0.030578 -0.493993
v -0.013184 0.035414 -0.498828
v -0.013184 0.016072 -0.532675
v 0.001321 0.011237 -0.532675
v -0.013184 0.035414 -0.498828
v 0.001321 0.011237 -0.532675
v 0.001321 0.035414 -0.498828
v -0.022854 0.035414 -0.498828
v -0.013184 0.016072 -0.532675
v -0.013184 0.035414 -0.498828
v -0.032524 -0.288550 -0.295747
v -0.032524 -0.307891 -0.329594
v -0.022854 -0.312726 -0.324758
v -0.022854 -0.288550 -0.290912
v -0.022854 -0.312726 -0.324758
v -0.013184 -0.312726 -0.324758
v -0.032524 -0.288550 -0.295747
v -0.022854 -0.312726 -0.324758
v -0.022854 -0.288550 -0.290912
v -0.042195 -0.288550 -0.290912
v -0.042195 -0.312726 -0.324758
v -0.032524 -0.307891 -0.329594
v -0.032524 -0.288550 -0.295747
v -0.042195 -0.288550 -0.290912
v -0.032524 -0.307891 -0.329594
v -0.051868 -0.293385 -0.290912
v -0.051868 -0.312726 -0.324758
v -0.042195 -0.312726 -0.324758
v -0.042195 -0.288550 -0.290912
v -0.051868 -0.293385 -0.290912
v -0.042195 -0.312726 -0.324758
v -0.061538 -0.298220 -0.286076
v -0.061538 -0.322397 -0.319923
v -0.051868 -0.312726 -0.324758
v -0.051868 -0.293385 -0.290912
v -0.061538 -0.298220 -0.286076
v -0.051868 -0.312726 -0.324758
v -0.066372 -0.307891 -0.281241
v -0.066372 -0.332067 -0.315088
v -0.061538 -0.322397 -0.319923
v -0.061538 -0.298220 -0.286076
v -0.066372 -0.307891 -0.281241
v -0.061538 -0.322397 -0.319923
v -0.066372 -0.317561 -0.276405
v -0.066372 -0.336902 -0.310252
v -0.066372 -0.332067 -0.315088
v -0.066372 -0.307891 -0.281241
v -0.066372 -0.317561 -0.276405
v -0.066372 -0.332067 -0.315088
v -0.066372 -0.327232 -0.271570
v -0.066372 -0.346573 -0.305417
v -0.066372 -0.336902 -0.310252
v -0.066372 -0.317561 -0.276405
v -0.066372 -0.327232 -0.271570
v -0.066372 -0.336902 -0.310252
v -0.061538 -0.336902 -0.261900
v -0.061538 -0.356244 -0.295747
v -0.066372 -0.346573 -0.305417
v -0.066372 -0.327232 -0.271570
v -0.061538 -0.336902 -0.261900
v -0.066372 -0.346573 -0.305417
v -0.051868 -0.341737 -0.261900
v -0.051868 -0.361079 -0.295747
v -0.061538 -0.356244 -0.295747
v -0.061538 -0.336902 -0.261900
v -0.051868 -0.341737 -0.261900
v -0.061538 -0.356244 -0.295747
v -0.042195 -0.346573 -0.257065
v -0.042195 -0.365914 -0.290912
v -0.051868 -0.361079 -0.295747
v -0.051868 -0.341737 -0.261900
v -0.042195 -0.346573 -0.257065
v -0.051868 -0.361079 -0.295747
v -0.032524 -0.346573 -0.257065
v -0.032524 -0.370749 -0.290912
v -0.042195 -0.365914 -0.290912
v -0.042195 -0.346573 -0.257065
v -0.032524 -0.346573 -0.257065
v -0.042195 -0.365914 -0.290912
v -0.022854 -0.346573 -0.257065
v -0.022854 -0.365914 -0.290912
v -0.032524 -0.370749 -0.290912
v -0.022854 -0.346573 -0.257065
v -0.032524 -0.370749 -0.290912
v -0.032524 -0.346573 -0.257065
v -0.013184 -0.341737 -0.261900
v -0.013184 -0.361079 -0.295747
v -0.022854 -0.365914 -0.290912
v -0.013184 -0.341737 -0.261900
v -0.022854 -0.365914 -0.290912
v -0.022854 -0.346573 -0.257065
v -0.003513 -0.336902 -0.261900
v -0.003513 -0.356244 -0.295747
v -0.013184 -0.361079 -0.295747
v -0.003513 -0.336902 -0.261900
v -0.013184 -0.361079 -0.295747
v -0.013184 -0.341737 -0.261900
v 0.001321 -0.327232 -0.271570
v 0.001321 -0.346573 -0.305417
v -0.003513 -0.356244 -0.295747
v 0.001321 -0.327232 -0.271570
v -0.003513 -0.356244 -0.295747
v -0.003513 -0.336902 -0.261900
v 0.001321 -0.317561 -0.276405
v 0.001321 -0.336902 -0.310252
v 0.001321 -0.346573 -0.305417
v 0.001321 -0.317561 -0.276405
v 0.001321 -0.346573 -0.305417
v 0.001321 -0.327232 -0.271570
v 0.001321 -0.307891 -0.281241
v 0.001321 -0.327232 -0.315088
v 0.001321 -0.336902 -0.310252
v 0.001321 -0.307891 -0.281241
v 0.001321 -0.336902 -0.310252
v 0.001321 -0.317561 -0.276405
v -0.003513 -0.298220 -0.286076
v -0.003513 -0.322397 -0.319923
v 0.001321 -0.327232 -0.315088
v -0.003513 -0.298220 -0.286076
v 0.001321 -0.327232 -0.315088
v 0.001321 -0.307891 -0.281241
v -0.013184 -0.293385 -0.290912
v -0.013184 -0.312726 -0.324758
v -0.003513 -0.322397 -0.319923
v -0.013184 -0.293385 -0.290912
v -0.003513 -0.322397 -0.319923
v -0.003513 -0.298220 -0.286076
v -0.022854 -0.288550 -0.290912
v -0.013184 -0.312726 -0.324758
v -0.013184 -0.293385 -0.290912
v -0.022854 0.074096 -0.523004
v -0.047031 0.069261 -0.518169
v -0.047031 0.020908 -0.489157
v -0.047031 0.069261 -0.518169
v -0.071208 0.059590 -0.513333
v -0.056702 -0.051621 -0.445640
v -0.047031 0.069261 -0.518169
v -0.056702 -0.051621 -0.445640
v -0.051868 0.011237 -0.484322
v -0.047031 0.069261 -0.518169
v -0.051868 0.011237 -0.484322
v -0.047031 0.020908 -0.489157
v -0.022854 0.074096 -0.523004
v -0.022854 0.035414 -0.498828
v 0.001321 0.074096 -0.523004
v -0.022854 0.074096 -0.523004
v -0.032524 0.035414 -0.498828
v -0.022854 0.035414 -0.498828
v -0.022854 0.074096 -0.523004
v -0.042195 0.030578 -0.493993
v -0.032524 0.035414 -0.498828
v -0.022854 0.074096 -0.523004
v -0.047031 0.020908 -0.489157
v -0.042195 0.030578 -0.493993
v -0.071208 0.059590 -0.513333
v -0.085713 0.040249 -0.503663
v -0.076042 -0.037116 -0.455310
v -0.071208 0.059590 -0.513333
v -0.076042 -0.037116 -0.455310
v -0.056702 -0.051621 -0.445640
v -0.085713 0.040249 -0.503663
v -0.095383 0.020908 -0.489157
v -0.090549 -0.017774 -0.464981
v -0.085713 0.040249 -0.503663
v -0.090549 -0.017774 -0.464981
v -0.076042 -0.037116 -0.455310
v -0.095383 0.020908 -0.489157
v -0.095383 0.001566 -0.479487
v -0.090549 -0.017774 -0.464981
v -0.047031 -0.003269 -0.474652
v -0.056702 -0.051621 -0.445640
v -0.047031 -0.061292 -0.440805
v -0.051868 0.001566 -0.479487
v -0.056702 -0.051621 -0.445640
v -0.047031 -0.003269 -0.474652
v -0.051868 0.011237 -0.484322
v -0.056702 -0.051621 -0.445640
v -0.051868 0.001566 -0.479487
v -0.042195 -0.012939 -0.469817
v -0.047031 -0.061292 -0.440805
v -0.037361 -0.070962 -0.431134
v -0.047031 -0.003269 -0.474652
v -0.047031 -0.061292 -0.440805
v -0.042195 -0.012939 -0.469817
v -0.032524 -0.017774 -0.464981
v -0.037361 -0.070962 -0.431134
v -0.032524 -0.085468 -0.421463
v -0.042195 -0.012939 -0.469817
v -0.037361 -0.070962 -0.431134
v -0.032524 -0.017774 -0.464981
v -0.032524 -0.017774 -0.464981
v -0.032524 -0.085468 -0.421463
v -0.032524 -0.211185 -0.344099
v -0.032524 -0.211185 -0.344099
v -0.037361 -0.220856 -0.334429
v -0.042195 -0.288550 -0.290912
v -0.032524 -0.017774 -0.464981
v -0.032524 -0.211185 -0.344099
v -0.032524 -0.288550 -0.295747
v -0.032524 -0.211185 -0.344099
v -0.042195 -0.288550 -0.290912
v -0.032524 -0.288550 -0.295747
v -0.037361 -0.220856 -0.334429
v -0.047031 -0.230526 -0.329594
v -0.042195 -0.288550 -0.290912
v -0.047031 -0.230526 -0.329594
v -0.056702 -0.235362 -0.329594
v -0.051868 -0.293385 -0.290912
v -0.047031 -0.230526 -0.329594
v -0.051868 -0.293385 -0.290912
v -0.042195 -0.288550 -0.290912
v -0.056702 -0.235362 -0.329594
v -0.080879 -0.240197 -0.324758
v -0.066372 -0.317561 -0.276405
v -0.056702 -0.235362 -0.329594
v -0.066372 -0.317561 -0.276405
v -0.066372 -0.307891 -0.281241
v -0.056702 -0.235362 -0.329594
v -0.066372 -0.307891 -0.281241
v -0.061538 -0.298220 -0.286076
v -0.056702 -0.235362 -0.329594
v -0.061538 -0.298220 -0.286076
v -0.051868 -0.293385 -0.290912
v -0.080879 -0.240197 -0.324758
v -0.100220 -0.254702 -0.315088
v -0.090549 -0.385255 -0.232888
v -0.080879 -0.240197 -0.324758
v -0.090549 -0.385255 -0.232888
v -0.071208 -0.394925 -0.223217
v -0.080879 -0.240197 -0.324758
v -0.071208 -0.394925 -0.223217
v -0.066372 -0.317561 -0.276405
v -0.100220 -0.254702 -0.315088
v -0.114724 -0.269209 -0.305417
v -0.109890 -0.370749 -0.242559
v -0.100220 -0.254702 -0.315088
v -0.109890 -0.370749 -0.242559
v -0.090549 -0.385255 -0.232888
v -0.114724 -0.269209 -0.305417
v -0.124395 -0.288550 -0.295747
v -0.124395 -0.351408 -0.252229
v -0.114724 -0.269209 -0.305417
v -0.124395 -0.351408 -0.252229
v -0.109890 -0.370749 -0.242559
v -0.124395 -0.288550 -0.295747
v -0.134065 -0.307891 -0.281241
v -0.134065 -0.332067 -0.266735
v -0.124395 -0.288550 -0.295747
v -0.134065 -0.332067 -0.266735
v -0.124395 -0.351408 -0.252229
v -0.051868 -0.341737 -0.261900
v -0.071208 -0.394925 -0.223217
v -0.042195 -0.399761 -0.223217
v -0.061538 -0.336902 -0.261900
v -0.071208 -0.394925 -0.223217
v -0.051868 -0.341737 -0.261900
v -0.066372 -0.327232 -0.271570
v -0.071208 -0.394925 -0.223217
v -0.061538 -0.336902 -0.261900
v -0.066372 -0.317561 -0.276405
v -0.071208 -0.394925 -0.223217
v -0.066372 -0.327232 -0.271570
v -0.022854 -0.346573 -0.257065
v -0.042195 -0.399761 -0.223217
v -0.018020 -0.399761 -0.223217
v -0.022854 -0.346573 -0.257065
v -0.032524 -0.346573 -0.257065
v -0.042195 -0.399761 -0.223217
v -0.042195 -0.346573 -0.257065
v -0.042195 -0.399761 -0.223217
v -0.032524 -0.346573 -0.257065
v -0.051868 -0.341737 -0.261900
v -0.042195 -0.399761 -0.223217
v -0.042195 -0.346573 -0.257065
v 0.001321 -0.327232 -0.271570
v -0.018020 -0.399761 -0.223217
v 0.006157 -0.394925 -0.228053
v 0.001321 -0.327232 -0.271570
v -0.003513 -0.336902 -0.261900
v -0.018020 -0.399761 -0.223217
v -0.003513 -0.336902 -0.261900
v -0.013184 -0.341737 -0.261900
v -0.018020 -0.399761 -0.223217
v -0.013184 -0.341737 -0.261900
v -0.022854 -0.346573 -0.257065
v -0.018020 -0.399761 -0.223217
v 0.025498 0.064425 -0.518169
v 0.006157 -0.394925 -0.228053
v 0.030332 -0.385255 -0.232888
v 0.025498 0.064425 -0.518169
v 0.015828 0.001566 -0.479487
v 0.006157 -0.394925 -0.228053
v 0.015828 0.001566 -0.479487
v 0.015828 -0.008104 -0.469817
v 0.006157 -0.394925 -0.228053
v 0.015828 -0.008104 -0.469817
v 0.006157 -0.012939 -0.469817
v 0.006157 -0.394925 -0.228053
v 0.006157 -0.012939 -0.469817
v 0.001321 -0.317561 -0.276405
v 0.006157 -0.394925 -0.228053
v 0.001321 -0.317561 -0.276405
v 0.001321 -0.327232 -0.271570
v 0.006157 -0.394925 -0.228053
v 0.025498 0.064425 -0.518169
v 0.030332 -0.385255 -0.232888
v 0.040002 0.054754 -0.513333
v 0.001321 0.074096 -0.523004
v 0.006157 0.030578 -0.493993
v 0.025498 0.064425 -0.518169
v 0.001321 0.074096 -0.523004
v -0.022854 0.035414 -0.498828
v -0.013184 0.035414 -0.498828
v 0.001321 0.074096 -0.523004
v -0.013184 0.035414 -0.498828
v 0.001321 0.035414 -0.498828
v 0.001321 0.074096 -0.523004
v 0.001321 0.035414 -0.498828
v 0.006157 0.030578 -0.493993
v 0.025498 0.064425 -0.518169
v 0.006157 0.030578 -0.493993
v 0.015828 0.020908 -0.489157
v 0.025498 0.064425 -0.518169
v 0.015828 0.020908 -0.489157
v 0.015828 0.011237 -0.484322
v 0.025498 0.064425 -0.518169
v 0.015828 0.011237 -0.484322
v 0.015828 0.001566 -0.479487
v 0.006157 -0.012939 -0.469817
v -0.003513 -0.017774 -0.464981
v 0.001321 -0.307891 -0.281241
v 0.006157 -0.012939 -0.469817
v 0.001321 -0.307891 -0.281241
v 0.001321 -0.317561 -0.276405
v -0.003513 -0.017774 -0.464981
v -0.013184 -0.022610 -0.460146
v -0.003513 -0.298220 -0.286076
v -0.003513 -0.017774 -0.464981
v -0.003513 -0.298220 -0.286076
v 0.001321 -0.307891 -0.281241
v -0.022854 -0.022610 -0.464981
v -0.013184 -0.293385 -0.290912
v -0.013184 -0.022610 -0.460146
v -0.013184 -0.022610 -0.460146
v -0.013184 -0.293385 -0.290912
v -0.003513 -0.298220 -0.286076
v -0.032524 -0.017774 -0.464981
v -0.022854 -0.288550 -0.290912
v -0.022854 -0.022610 -0.464981
v -0.022854 -0.022610 -0.464981
v -0.022854 -0.288550 -0.290912
v -0.013184 -0.293385 -0.290912
v -0.032524 -0.017774 -0.464981
v -0.032524 -0.288550 -0.295747
v -0.022854 -0.288550 -0.290912
v -0.032524 -0.172503 -0.556851
v -0.032524 -0.298220 -0.479487
v 0.185061 -0.191844 -0.542345
v -0.032524 -0.172503 -0.556851
v 0.185061 -0.191844 -0.542345
v 0.165720 -0.187009 -0.547181
v 0.185061 -0.191844 -0.542345
v -0.032524 -0.298220 -0.479487
v 0.165720 -0.375584 -0.426299
v -0.022854 -0.037116 -0.701909
v 0.001321 -0.037116 -0.701909
v 0.001321 -0.080633 -0.672898
v 0.001321 -0.012939 -0.658392
v 0.001321 -0.037116 -0.701909
v -0.022854 -0.037116 -0.701909
v -0.022854 -0.037116 -0.701909
v -0.032524 -0.075798 -0.672898
v -0.047031 -0.041951 -0.697074
v -0.022854 -0.012939 -0.658392
v -0.022854 -0.037116 -0.701909
v -0.047031 -0.041951 -0.697074
v -0.022854 -0.037116 -0.701909
v -0.008350 -0.075798 -0.677733
v -0.022854 -0.075798 -0.677733
v -0.022854 -0.037116 -0.701909
v 0.001321 -0.080633 -0.672898
v -0.008350 -0.075798 -0.677733
v -0.022854 -0.037116 -0.701909
v -0.022854 -0.075798 -0.677733
v -0.032524 -0.075798 -0.672898
v -0.022854 -0.012939 -0.658392
v 0.001321 -0.012939 -0.658392
v -0.022854 -0.037116 -0.701909
v 0.001321 -0.037116 -0.701909
v 0.025498 -0.046786 -0.697074
v 0.020662 -0.099974 -0.663227
v 0.025498 -0.017774 -0.653556
v 0.025498 -0.046786 -0.697074
v 0.001321 -0.037116 -0.701909
v 0.001321 -0.037116 -0.701909
v 0.020662 -0.099974 -0.663227
v 0.015828 -0.090304 -0.668063
v 0.001321 -0.037116 -0.701909
v 0.015828 -0.090304 -0.668063
v 0.010991 -0.085468 -0.672898
v 0.001321 -0.037116 -0.701909
v 0.010991 -0.085468 -0.672898
v 0.001321 -0.080633 -0.672898
v 0.001321 -0.012939 -0.658392
v 0.025498 -0.017774 -0.653556
v 0.001321 -0.037116 -0.701909
v 0.025498 -0.046786 -0.697074
v 0.040002 -0.056457 -0.687403
v 0.030332 -0.496466 -0.411793
v 0.040002 -0.032281 -0.643886
v 0.040002 -0.056457 -0.687403
v 0.025498 -0.046786 -0.697074
v 0.025498 -0.046786 -0.697074
v 0.030332 -0.496466 -0.411793
v 0.020662 -0.099974 -0.663227
v 0.025498 -0.017774 -0.653556
v 0.040002 -0.032281 -0.643886
v 0.025498 -0.046786 -0.697074
v 0.040002 -0.056457 -0.687403
v 0.054509 -0.070962 -0.677733
v 0.049675 -0.477125 -0.421463
v 0.054509 -0.041951 -0.639051
v 0.054509 -0.070962 -0.677733
v 0.040002 -0.056457 -0.687403
v 0.040002 -0.056457 -0.687403
v 0.049675 -0.477125 -0.421463
v 0.030332 -0.496466 -0.411793
v 0.040002 -0.032281 -0.643886
v 0.054509 -0.041951 -0.639051
v 0.040002 -0.056457 -0.687403
v 0.054509 -0.070962 -0.677733
v 0.141545 -0.196679 -0.600368
v 0.127039 -0.404596 -0.469817
v 0.054509 -0.041951 -0.639051
v 0.141545 -0.196679 -0.600368
v 0.054509 -0.070962 -0.677733
v 0.054509 -0.070962 -0.677733
v 0.127039 -0.404596 -0.469817
v 0.117368 -0.404596 -0.464981
v 0.054509 -0.070962 -0.677733
v 0.117368 -0.404596 -0.464981
v 0.102861 -0.414267 -0.460146
v 0.054509 -0.070962 -0.677733
v 0.102861 -0.414267 -0.460146
v 0.049675 -0.477125 -0.421463
v 0.151216 -0.182174 -0.552016
v 0.151216 -0.206350 -0.590698
v 0.141545 -0.196679 -0.600368
v 0.141545 -0.172503 -0.556851
v 0.151216 -0.182174 -0.552016
v 0.141545 -0.196679 -0.600368
v 0.054509 -0.041951 -0.639051
v 0.141545 -0.172503 -0.556851
v 0.141545 -0.196679 -0.600368
v 0.030332 -0.467455 -0.368275
v 0.030332 -0.496466 -0.411793
v 0.049675 -0.477125 -0.421463
v 0.049675 -0.452949 -0.377946
v 0.030332 -0.467455 -0.368275
v 0.049675 -0.477125 -0.421463
v 0.006157 -0.124151 -0.643886
v 0.030332 -0.496466 -0.411793
v 0.006157 -0.506137 -0.402122
v 0.006157 -0.481960 -0.363440
v 0.006157 -0.506137 -0.402122
v 0.030332 -0.496466 -0.411793
v 0.015828 -0.119315 -0.648721
v 0.030332 -0.496466 -0.411793
v 0.006157 -0.124151 -0.643886
v 0.015828 -0.109644 -0.653556
v 0.030332 -0.496466 -0.411793
v 0.015828 -0.119315 -0.648721
v 0.020662 -0.099974 -0.663227
v 0.030332 -0.496466 -0.411793
v 0.015828 -0.109644 -0.653556
v 0.030332 -0.467455 -0.368275
v 0.006157 -0.481960 -0.363440
v 0.030332 -0.496466 -0.411793
v -0.018020 -0.457784 -0.435970
v 0.006157 -0.506137 -0.402122
v -0.018020 -0.510972 -0.397287
v 0.006157 -0.124151 -0.643886
v 0.006157 -0.506137 -0.402122
v 0.001321 -0.128986 -0.643886
v 0.001321 -0.128986 -0.643886
v 0.006157 -0.506137 -0.402122
v 0.001321 -0.423937 -0.455310
v -0.008350 -0.452949 -0.440805
v 0.006157 -0.506137 -0.402122
v -0.018020 -0.457784 -0.435970
v -0.003513 -0.443278 -0.445640
v 0.006157 -0.506137 -0.402122
v -0.008350 -0.452949 -0.440805
v 0.001321 -0.433608 -0.450475
v 0.006157 -0.506137 -0.402122
v -0.003513 -0.443278 -0.445640
v 0.001321 -0.423937 -0.455310
v 0.006157 -0.506137 -0.402122
v 0.001321 -0.433608 -0.450475
v -0.018020 -0.510972 -0.397287
v 0.006157 -0.506137 -0.402122
v -0.018020 -0.486795 -0.358605
v 0.006157 -0.481960 -0.363440
v -0.037361 -0.457784 -0.435970
v -0.018020 -0.510972 -0.397287
v -0.042195 -0.515807 -0.397287
v -0.037361 -0.457784 -0.435970
v -0.027690 -0.457784 -0.435970
v -0.018020 -0.510972 -0.397287
v -0.018020 -0.457784 -0.435970
v -0.018020 -0.510972 -0.397287
v -0.027690 -0.457784 -0.435970
v -0.042195 -0.515807 -0.397287
v -0.018020 -0.510972 -0.397287
v -0.042195 -0.486795 -0.358605
v -0.018020 -0.486795 -0.358605
v -0.066372 -0.433608 -0.450475
v -0.042195 -0.515807 -0.397287
v -0.066372 -0.510972 -0.402122
v -0.066372 -0.481960 -0.358605
v -0.066372 -0.510972 -0.402122
v -0.042195 -0.515807 -0.397287
v -0.066372 -0.433608 -0.450475
v -0.061538 -0.443278 -0.445640
v -0.042195 -0.515807 -0.397287
v -0.061538 -0.443278 -0.445640
v -0.056702 -0.448114 -0.440805
v -0.042195 -0.515807 -0.397287
v -0.056702 -0.448114 -0.440805
v -0.047031 -0.457784 -0.435970
v -0.042195 -0.515807 -0.397287
v -0.047031 -0.457784 -0.435970
v -0.037361 -0.457784 -0.435970
v -0.042195 -0.515807 -0.397287
v -0.066372 -0.481960 -0.358605
v -0.042195 -0.515807 -0.397287
v -0.042195 -0.486795 -0.358605
v -0.076042 -0.356244 -0.498828
v -0.066372 -0.510972 -0.402122
v -0.090549 -0.496466 -0.411793
v -0.076042 -0.356244 -0.498828
v -0.066372 -0.433608 -0.450475
v -0.066372 -0.510972 -0.402122
v -0.090549 -0.496466 -0.411793
v -0.066372 -0.510972 -0.402122
v -0.090549 -0.472290 -0.368275
v -0.066372 -0.481960 -0.358605
v -0.095383 -0.365914 -0.493993
v -0.090549 -0.496466 -0.411793
v -0.109890 -0.481960 -0.421463
v -0.109890 -0.457784 -0.377946
v -0.109890 -0.481960 -0.421463
v -0.090549 -0.496466 -0.411793
v -0.076042 -0.356244 -0.498828
v -0.090549 -0.496466 -0.411793
v -0.095383 -0.365914 -0.493993
v -0.109890 -0.457784 -0.377946
v -0.090549 -0.496466 -0.411793
v -0.090549 -0.472290 -0.368275
v -0.114724 -0.380420 -0.484322
v -0.109890 -0.481960 -0.421463
v -0.124395 -0.462619 -0.431134
v -0.124395 -0.438443 -0.387617
v -0.124395 -0.462619 -0.431134
v -0.109890 -0.481960 -0.421463
v -0.095383 -0.365914 -0.493993
v -0.109890 -0.481960 -0.421463
v -0.114724 -0.380420 -0.484322
v -0.124395 -0.438443 -0.387617
v -0.109890 -0.481960 -0.421463
v -0.109890 -0.457784 -0.377946
v -0.124395 -0.399761 -0.469817
v -0.124395 -0.462619 -0.431134
v -0.129231 -0.443278 -0.445640
v -0.129231 -0.414267 -0.402122
v -0.129231 -0.443278 -0.445640
v -0.124395 -0.462619 -0.431134
v -0.114724 -0.380420 -0.484322
v -0.124395 -0.462619 -0.431134
v -0.124395 -0.399761 -0.469817
v -0.129231 -0.414267 -0.402122
v -0.124395 -0.462619 -0.431134
v -0.124395 -0.438443 -0.387617
v -0.124395 -0.399761 -0.469817
v -0.129231 -0.443278 -0.445640
v -0.134065 -0.419102 -0.460146
v -0.134065 -0.394925 -0.416628
v -0.134065 -0.419102 -0.460146
v -0.129231 -0.443278 -0.445640
v -0.134065 -0.394925 -0.416628
v -0.129231 -0.443278 -0.445640
v -0.129231 -0.414267 -0.402122
v -0.124395 -0.370749 -0.431134
v -0.124395 -0.399761 -0.469817
v -0.134065 -0.419102 -0.460146
v -0.124395 -0.370749 -0.431134
v -0.134065 -0.419102 -0.460146
v -0.134065 -0.394925 -0.416628
v -0.114724 -0.351408 -0.440805
v -0.114724 -0.380420 -0.484322
v -0.124395 -0.399761 -0.469817
v -0.114724 -0.351408 -0.440805
v -0.124395 -0.399761 -0.469817
v -0.124395 -0.370749 -0.431134
v -0.095383 -0.336902 -0.450475
v -0.095383 -0.365914 -0.493993
v -0.114724 -0.380420 -0.484322
v -0.095383 -0.336902 -0.450475
v -0.114724 -0.380420 -0.484322
v -0.114724 -0.351408 -0.440805
v -0.076042 -0.327232 -0.460146
v -0.076042 -0.356244 -0.498828
v -0.095383 -0.365914 -0.493993
v -0.076042 -0.327232 -0.460146
v -0.095383 -0.365914 -0.493993
v -0.095383 -0.336902 -0.450475
v -0.056702 -0.346573 -0.503663
v -0.056702 -0.409431 -0.464981
v -0.076042 -0.356244 -0.498828
v -0.076042 -0.356244 -0.498828
v -0.056702 -0.409431 -0.464981
v -0.061538 -0.414267 -0.460146
v -0.076042 -0.356244 -0.498828
v -0.061538 -0.414267 -0.460146
v -0.066372 -0.423937 -0.455310
v -0.076042 -0.356244 -0.498828
v -0.066372 -0.423937 -0.455310
v -0.066372 -0.433608 -0.450475
v -0.056702 -0.346573 -0.503663
v -0.076042 -0.356244 -0.498828
v -0.056702 -0.322397 -0.460146
v -0.076042 -0.327232 -0.460146
v -0.042195 -0.341737 -0.508498
v -0.047031 -0.404596 -0.469817
v -0.056702 -0.346573 -0.503663
v -0.042195 -0.317561 -0.464981
v -0.042195 -0.341737 -0.508498
v -0.056702 -0.346573 -0.503663
v -0.056702 -0.346573 -0.503663
v -0.047031 -0.404596 -0.469817
v -0.056702 -0.409431 -0.464981
v -0.042195 -0.317561 -0.464981
v -0.056702 -0.346573 -0.503663
v -0.056702 -0.322397 -0.460146
v -0.037361 -0.332067 -0.513333
v -0.037361 -0.399761 -0.469817
v -0.042195 -0.341737 -0.508498
v -0.037361 -0.307891 -0.469817
v -0.037361 -0.332067 -0.513333
v -0.042195 -0.341737 -0.508498
v -0.042195 -0.341737 -0.508498
v -0.037361 -0.399761 -0.469817
v -0.047031 -0.404596 -0.469817
v -0.037361 -0.307891 -0.469817
v -0.042195 -0.341737 -0.508498
v -0.042195 -0.317561 -0.464981
v -0.032524 -0.322397 -0.518169
v -0.027690 -0.399761 -0.469817
v -0.037361 -0.332067 -0.513333
v -0.032524 -0.298220 -0.479487
v -0.032524 -0.322397 -0.518169
v -0.037361 -0.332067 -0.513333
v -0.037361 -0.332067 -0.513333
v -0.027690 -0.399761 -0.469817
v -0.037361 -0.399761 -0.469817
v -0.032524 -0.298220 -0.479487
v -0.037361 -0.332067 -0.513333
v -0.037361 -0.307891 -0.469817
v -0.032524 -0.196679 -0.600368
v -0.027690 -0.399761 -0.469817
v -0.032524 -0.322397 -0.518169
v -0.032524 -0.196679 -0.600368
v -0.032524 -0.322397 -0.518169
v -0.032524 -0.298220 -0.479487
v -0.042195 -0.124151 -0.643886
v -0.032524 -0.196679 -0.600368
v -0.037361 -0.182174 -0.610039
v -0.042195 -0.124151 -0.643886
v -0.032524 -0.128986 -0.643886
v -0.032524 -0.196679 -0.600368
v -0.032524 -0.128986 -0.643886
v -0.027690 -0.399761 -0.469817
v -0.032524 -0.196679 -0.600368
v -0.037361 -0.182174 -0.610039
v -0.032524 -0.196679 -0.600368
v -0.037361 -0.157997 -0.566522
v -0.032524 -0.172503 -0.556851
v -0.032524 -0.172503 -0.556851
v -0.032524 -0.196679 -0.600368
v -0.032524 -0.298220 -0.479487
v -0.042195 -0.124151 -0.643886
v -0.037361 -0.182174 -0.610039
v -0.042195 -0.172503 -0.614875
v -0.047031 -0.143492 -0.571357
v -0.042195 -0.172503 -0.614875
v -0.037361 -0.182174 -0.610039
v -0.047031 -0.143492 -0.571357
v -0.037361 -0.182174 -0.610039
v -0.037361 -0.157997 -0.566522
v -0.051868 -0.109644 -0.653556
v -0.042195 -0.172503 -0.614875
v -0.056702 -0.162832 -0.619710
v -0.056702 -0.133821 -0.581028
v -0.056702 -0.162832 -0.619710
v -0.042195 -0.172503 -0.614875
v -0.051868 -0.109644 -0.653556
v -0.047031 -0.119315 -0.648721
v -0.042195 -0.172503 -0.614875
v -0.047031 -0.119315 -0.648721
v -0.042195 -0.124151 -0.643886
v -0.042195 -0.172503 -0.614875
v -0.056702 -0.133821 -0.581028
v -0.042195 -0.172503 -0.614875
v -0.047031 -0.143492 -0.571357
v -0.071208 -0.051621 -0.692239
v -0.056702 -0.162832 -0.619710
v -0.076042 -0.148327 -0.629380
v -0.076042 -0.124151 -0.585863
v -0.076042 -0.148327 -0.629380
v -0.056702 -0.162832 -0.619710
v -0.071208 -0.051621 -0.692239
v -0.051868 -0.109644 -0.653556
v -0.056702 -0.162832 -0.619710
v -0.076042 -0.124151 -0.585863
v -0.056702 -0.162832 -0.619710
v -0.056702 -0.133821 -0.581028
v -0.085713 -0.070962 -0.682568
v -0.076042 -0.148327 -0.629380
v -0.090549 -0.128986 -0.643886
v -0.090549 -0.104809 -0.600368
v -0.090549 -0.128986 -0.643886
v -0.076042 -0.148327 -0.629380
v -0.071208 -0.051621 -0.692239
v -0.076042 -0.148327 -0.629380
v -0.085713 -0.070962 -0.682568
v -0.090549 -0.104809 -0.600368
v -0.076042 -0.148327 -0.629380
v -0.076042 -0.124151 -0.585863
v -0.095383 -0.090304 -0.668063
v -0.090549 -0.128986 -0.643886
v -0.095383 -0.109644 -0.653556
v -0.095383 -0.085468 -0.614875
v -0.095383 -0.109644 -0.653556
v -0.090549 -0.128986 -0.643886
v -0.085713 -0.070962 -0.682568
v -0.090549 -0.128986 -0.643886
v -0.095383 -0.090304 -0.668063
v -0.095383 -0.085468 -0.614875
v -0.090549 -0.128986 -0.643886
v -0.090549 -0.104809 -0.600368
v -0.095383 -0.061292 -0.624545
v -0.095383 -0.090304 -0.668063
v -0.095383 -0.109644 -0.653556
v -0.095383 -0.061292 -0.624545
v -0.095383 -0.109644 -0.653556
v -0.095383 -0.085468 -0.614875
v -0.085713 -0.041951 -0.639051
v -0.085713 -0.070962 -0.682568
v -0.095383 -0.090304 -0.668063
v -0.085713 -0.041951 -0.639051
v -0.095383 -0.090304 -0.668063
v -0.095383 -0.061292 -0.624545
v -0.071208 -0.027445 -0.648721
v -0.071208 -0.051621 -0.692239
v -0.085713 -0.070962 -0.682568
v -0.071208 -0.027445 -0.648721
v -0.085713 -0.070962 -0.682568
v -0.085713 -0.041951 -0.639051
v -0.047031 -0.041951 -0.697074
v -0.051868 -0.099974 -0.663227
v -0.071208 -0.051621 -0.692239
v -0.071208 -0.051621 -0.692239
v -0.051868 -0.099974 -0.663227
v -0.051868 -0.109644 -0.653556
v -0.047031 -0.041951 -0.697074
v -0.071208 -0.051621 -0.692239
v -0.047031 -0.017774 -0.653556
v -0.071208 -0.027445 -0.648721
v -0.047031 -0.041951 -0.697074
v -0.032524 -0.075798 -0.672898
v -0.042195 -0.085468 -0.672898
v -0.047031 -0.041951 -0.697074
v -0.042195 -0.085468 -0.672898
v -0.047031 -0.090304 -0.668063
v -0.047031 -0.041951 -0.697074
v -0.047031 -0.090304 -0.668063
v -0.051868 -0.099974 -0.663227
v -0.022854 -0.012939 -0.658392
v -0.047031 -0.041951 -0.697074
v -0.047031 -0.017774 -0.653556
v -0.022854 -0.046786 -0.634215
v -0.022854 -0.075798 -0.677733
v -0.008350 -0.075798 -0.677733
v -0.008350 -0.046786 -0.634215
v -0.008350 -0.075798 -0.677733
v 0.001321 -0.080633 -0.672898
v -0.022854 -0.046786 -0.634215
v -0.008350 -0.075798 -0.677733
v -0.008350 -0.046786 -0.634215
v -0.032524 -0.051621 -0.634215
v -0.032524 -0.075798 -0.672898
v -0.022854 -0.075798 -0.677733
v -0.022854 -0.046786 -0.634215
v -0.032524 -0.051621 -0.634215
v -0.022854 -0.075798 -0.677733
v -0.042195 -0.056457 -0.629380
v -0.042195 -0.085468 -0.672898
v -0.032524 -0.075798 -0.672898
v -0.032524 -0.051621 -0.634215
v -0.042195 -0.056457 -0.629380
v -0.032524 -0.075798 -0.672898
v -0.047031 -0.066127 -0.624545
v -0.047031 -0.090304 -0.668063
v -0.042195 -0.085468 -0.672898
v -0.042195 -0.056457 -0.629380
v -0.047031 -0.066127 -0.624545
v -0.042195 -0.085468 -0.672898
v -0.051868 -0.099974 -0.663227
v -0.047031 -0.090304 -0.668063
v -0.051868 -0.070962 -0.619710
v -0.047031 -0.066127 -0.624545
v -0.051868 -0.080633 -0.614875
v -0.051868 -0.109644 -0.653556
v -0.051868 -0.099974 -0.663227
v -0.051868 -0.070962 -0.619710
v -0.051868 -0.080633 -0.614875
v -0.051868 -0.099974 -0.663227
v -0.047031 -0.090304 -0.610039
v -0.047031 -0.119315 -0.648721
v -0.051868 -0.109644 -0.653556
v -0.051868 -0.080633 -0.614875
v -0.047031 -0.090304 -0.610039
v -0.051868 -0.109644 -0.653556
v -0.042195 -0.099974 -0.605204
v -0.042195 -0.124151 -0.643886
v -0.047031 -0.119315 -0.648721
v -0.047031 -0.090304 -0.610039
v -0.042195 -0.099974 -0.605204
v -0.047031 -0.119315 -0.648721
v -0.032524 -0.104809 -0.600368
v -0.032524 -0.128986 -0.643886
v -0.042195 -0.124151 -0.643886
v -0.042195 -0.099974 -0.605204
v -0.032524 -0.104809 -0.600368
v -0.042195 -0.124151 -0.643886
v -0.032524 -0.128986 -0.643886
v -0.022854 -0.133821 -0.639051
v -0.027690 -0.399761 -0.469817
v -0.022854 -0.104809 -0.595533
v -0.022854 -0.133821 -0.639051
v -0.032524 -0.128986 -0.643886
v -0.032524 -0.104809 -0.600368
v -0.022854 -0.104809 -0.595533
v -0.032524 -0.128986 -0.643886
v -0.022854 -0.133821 -0.639051
v -0.013184 -0.133821 -0.639051
v -0.018020 -0.404596 -0.469817
v -0.013184 -0.104809 -0.595533
v -0.013184 -0.133821 -0.639051
v -0.022854 -0.133821 -0.639051
v -0.022854 -0.133821 -0.639051
v -0.018020 -0.404596 -0.469817
v -0.027690 -0.399761 -0.469817
v -0.022854 -0.104809 -0.595533
v -0.013184 -0.104809 -0.595533
v -0.022854 -0.133821 -0.639051
v 0.001321 -0.128986 -0.643886
v 0.001321 -0.419102 -0.460146
v -0.013184 -0.133821 -0.639051
v -0.003513 -0.104809 -0.600368
v 0.001321 -0.128986 -0.643886
v -0.013184 -0.133821 -0.639051
v -0.013184 -0.133821 -0.639051
v 0.001321 -0.419102 -0.460146
v -0.008350 -0.409431 -0.464981
v -0.013184 -0.133821 -0.639051
v -0.008350 -0.409431 -0.464981
v -0.018020 -0.404596 -0.469817
v -0.003513 -0.104809 -0.600368
v -0.013184 -0.133821 -0.639051
v -0.013184 -0.104809 -0.595533
v 0.006157 -0.099974 -0.600368
v 0.006157 -0.124151 -0.643886
v 0.001321 -0.128986 -0.643886
v 0.001321 -0.128986 -0.643886
v 0.001321 -0.423937 -0.455310
v 0.001321 -0.419102 -0.460146
v 0.006157 -0.099974 -0.600368
v 0.001321 -0.128986 -0.643886
v -0.003513 -0.104809 -0.600368
v 0.015828 -0.090304 -0.605204
v 0.015828 -0.119315 -0.648721
v 0.006157 -0.124151 -0.643886
v 0.015828 -0.090304 -0.605204
v 0.006157 -0.124151 -0.643886
v 0.006157 -0.099974 -0.600368
v 0.015828 -0.080633 -0.614875
v 0.015828 -0.109644 -0.653556
v 0.015828 -0.119315 -0.648721
v 0.015828 -0.080633 -0.614875
v 0.015828 -0.119315 -0.648721
v 0.015828 -0.090304 -0.605204
v 0.015828 -0.075798 -0.619710
v 0.020662 -0.099974 -0.663227
v 0.015828 -0.109644 -0.653556
v 0.015828 -0.075798 -0.619710
v 0.015828 -0.109644 -0.653556
v 0.015828 -0.080633 -0.614875
v 0.015828 -0.066127 -0.624545
v 0.015828 -0.090304 -0.668063
v 0.020662 -0.099974 -0.663227
v 0.015828 -0.066127 -0.624545
v 0.020662 -0.099974 -0.663227
v 0.015828 -0.075798 -0.619710
v 0.006157 -0.056457 -0.629380
v 0.010991 -0.085468 -0.672898
v 0.015828 -0.090304 -0.668063
v 0.006157 -0.056457 -0.629380
v 0.015828 -0.090304 -0.668063
v 0.015828 -0.066127 -0.624545
v 0.001321 -0.051621 -0.634215
v 0.001321 -0.080633 -0.672898
v 0.010991 -0.085468 -0.672898
v 0.001321 -0.051621 -0.634215
v 0.010991 -0.085468 -0.672898
v 0.006157 -0.056457 -0.629380
v -0.008350 -0.046786 -0.634215
v 0.001321 -0.080633 -0.672898
v 0.001321 -0.051621 -0.634215
v -0.047031 -0.375584 -0.426299
v -0.047031 -0.404596 -0.469817
v -0.037361 -0.399761 -0.469817
v -0.037361 -0.375584 -0.431134
v -0.037361 -0.399761 -0.469817
v -0.027690 -0.399761 -0.469817
v -0.037361 -0.375584 -0.431134
v -0.047031 -0.375584 -0.426299
v -0.037361 -0.399761 -0.469817
v -0.056702 -0.380420 -0.421463
v -0.056702 -0.409431 -0.464981
v -0.047031 -0.404596 -0.469817
v -0.047031 -0.375584 -0.426299
v -0.056702 -0.380420 -0.421463
v -0.047031 -0.404596 -0.469817
v -0.061538 -0.390090 -0.421463
v -0.061538 -0.414267 -0.460146
v -0.056702 -0.409431 -0.464981
v -0.056702 -0.380420 -0.421463
v -0.061538 -0.390090 -0.421463
v -0.056702 -0.409431 -0.464981
v -0.066372 -0.399761 -0.411793
v -0.066372 -0.423937 -0.455310
v -0.061538 -0.414267 -0.460146
v -0.061538 -0.390090 -0.421463
v -0.066372 -0.399761 -0.411793
v -0.061538 -0.414267 -0.460146
v -0.066372 -0.433608 -0.450475
v -0.066372 -0.423937 -0.455310
v -0.066372 -0.409431 -0.406958
v -0.066372 -0.399761 -0.411793
v -0.066372 -0.414267 -0.402122
v -0.061538 -0.443278 -0.445640
v -0.066372 -0.433608 -0.450475
v -0.066372 -0.409431 -0.406958
v -0.066372 -0.414267 -0.402122
v -0.066372 -0.433608 -0.450475
v -0.056702 -0.423937 -0.397287
v -0.056702 -0.448114 -0.440805
v -0.061538 -0.443278 -0.445640
v -0.066372 -0.414267 -0.402122
v -0.056702 -0.423937 -0.397287
v -0.061538 -0.443278 -0.445640
v -0.047031 -0.428772 -0.392452
v -0.047031 -0.457784 -0.435970
v -0.056702 -0.448114 -0.440805
v -0.056702 -0.423937 -0.397287
v -0.047031 -0.428772 -0.392452
v -0.056702 -0.448114 -0.440805
v -0.037361 -0.433608 -0.392452
v -0.037361 -0.457784 -0.435970
v -0.047031 -0.457784 -0.435970
v -0.047031 -0.428772 -0.392452
v -0.037361 -0.433608 -0.392452
v -0.047031 -0.457784 -0.435970
v -0.027690 -0.433608 -0.392452
v -0.027690 -0.457784 -0.435970
v -0.037361 -0.457784 -0.435970
v -0.037361 -0.433608 -0.392452
v -0.027690 -0.433608 -0.392452
v -0.037361 -0.457784 -0.435970
v -0.018020 -0.428772 -0.392452
v -0.018020 -0.457784 -0.435970
v -0.027690 -0.457784 -0.435970
v -0.018020 -0.428772 -0.392452
v -0.027690 -0.457784 -0.435970
v -0.027690 -0.433608 -0.392452
v -0.008350 -0.423937 -0.397287
v -0.008350 -0.452949 -0.440805
v -0.018020 -0.457784 -0.435970
v -0.008350 -0.423937 -0.397287
v -0.018020 -0.457784 -0.435970
v -0.018020 -0.428772 -0.392452
v -0.003513 -0.419102 -0.402122
v -0.003513 -0.443278 -0.445640
v -0.008350 -0.452949 -0.440805
v -0.003513 -0.419102 -0.402122
v -0.008350 -0.452949 -0.440805
v -0.008350 -0.423937 -0.397287
v 0.001321 -0.409431 -0.406958
v 0.001321 -0.433608 -0.450475
v -0.003513 -0.443278 -0.445640
v 0.001321 -0.409431 -0.406958
v -0.003513 -0.443278 -0.445640
v -0.003513 -0.419102 -0.402122
v 0.001321 -0.399761 -0.411793
v 0.001321 -0.423937 -0.455310
v 0.001321 -0.433608 -0.450475
v 0.001321 -0.399761 -0.411793
v 0.001321 -0.433608 -0.450475
v 0.001321 -0.409431 -0.406958
v -0.003513 -0.390090 -0.416628
v 0.001321 -0.419102 -0.460146
v 0.001321 -0.423937 -0.455310
v -0.003513 -0.390090 -0.416628
v 0.001321 -0.423937 -0.455310
v 0.001321 -0.399761 -0.411793
v -0.008350 -0.380420 -0.421463
v -0.008350 -0.409431 -0.464981
v 0.001321 -0.419102 -0.460146
v -0.008350 -0.380420 -0.421463
v 0.001321 -0.419102 -0.460146
v -0.003513 -0.390090 -0.416628
v -0.018020 -0.375584 -0.426299
v -0.018020 -0.404596 -0.469817
v -0.008350 -0.409431 -0.464981
v -0.018020 -0.375584 -0.426299
v -0.008350 -0.409431 -0.464981
v -0.008350 -0.380420 -0.421463
v -0.027690 -0.375584 -0.431134
v -0.027690 -0.399761 -0.469817
v -0.018020 -0.404596 -0.469817
v -0.027690 -0.375584 -0.431134
v -0.018020 -0.404596 -0.469817
v -0.018020 -0.375584 -0.426299
v -0.037361 -0.375584 -0.431134
v -0.027690 -0.399761 -0.469817
v -0.027690 -0.375584 -0.431134
v -0.022854 -0.012939 -0.658392
v -0.047031 -0.017774 -0.653556
v 0.001321 -0.012939 -0.658392
v -0.047031 -0.017774 -0.653556
v -0.071208 -0.027445 -0.648721
v 0.025498 -0.017774 -0.653556
v 0.001321 -0.012939 -0.658392
v -0.047031 -0.017774 -0.653556
v 0.025498 -0.017774 -0.653556
v -0.071208 -0.027445 -0.648721
v -0.085713 -0.041951 -0.639051
v 0.040002 -0.032281 -0.643886
v 0.025498 -0.017774 -0.653556
v -0.071208 -0.027445 -0.648721
v 0.040002 -0.032281 -0.643886
v -0.085713 -0.041951 -0.639051
v -0.095383 -0.061292 -0.624545
v -0.042195 -0.056457 -0.629380
v 0.040002 -0.032281 -0.643886
v -0.085713 -0.041951 -0.639051
v 0.054509 -0.041951 -0.639051
v -0.085713 -0.041951 -0.639051
v -0.022854 -0.046786 -0.634215
v 0.054509 -0.041951 -0.639051
v -0.085713 -0.041951 -0.639051
v -0.032524 -0.051621 -0.634215
v -0.022854 -0.046786 -0.634215
v -0.085713 -0.041951 -0.639051
v -0.042195 -0.056457 -0.629380
v -0.032524 -0.051621 -0.634215
v -0.095383 -0.061292 -0.624545
v -0.095383 -0.085468 -0.614875
v -0.051868 -0.080633 -0.614875
v -0.095383 -0.061292 -0.624545
v -0.051868 -0.080633 -0.614875
v -0.051868 -0.070962 -0.619710
v -0.095383 -0.061292 -0.624545
v -0.051868 -0.070962 -0.619710
v -0.047031 -0.066127 -0.624545
v -0.042195 -0.056457 -0.629380
v -0.095383 -0.061292 -0.624545
v -0.047031 -0.066127 -0.624545
v -0.095383 -0.085468 -0.614875
v -0.090549 -0.104809 -0.600368
v -0.032524 -0.104809 -0.600368
v -0.095383 -0.085468 -0.614875
v -0.032524 -0.104809 -0.600368
v -0.042195 -0.099974 -0.605204
v -0.095383 -0.085468 -0.614875
v -0.042195 -0.099974 -0.605204
v -0.047031 -0.090304 -0.610039
v -0.051868 -0.080633 -0.614875
v -0.095383 -0.085468 -0.614875
v -0.047031 -0.090304 -0.610039
v -0.090549 -0.104809 -0.600368
v -0.076042 -0.124151 -0.585863
v -0.022854 -0.104809 -0.595533
v -0.032524 -0.104809 -0.600368
v -0.090549 -0.104809 -0.600368
v -0.022854 -0.104809 -0.595533
v -0.076042 -0.124151 -0.585863
v -0.056702 -0.133821 -0.581028
v 0.141545 -0.172503 -0.556851
v -0.013184 -0.104809 -0.595533
v -0.076042 -0.124151 -0.585863
v 0.141545 -0.172503 -0.556851
v -0.022854 -0.104809 -0.595533
v -0.076042 -0.124151 -0.585863
v -0.013184 -0.104809 -0.595533
v -0.056702 -0.133821 -0.581028
v -0.047031 -0.143492 -0.571357
v 0.141545 -0.172503 -0.556851
v -0.047031 -0.143492 -0.571357
v -0.037361 -0.157997 -0.566522
v 0.141545 -0.172503 -0.556851
v -0.037361 -0.157997 -0.566522
v -0.032524 -0.172503 -0.556851
v 0.141545 -0.172503 -0.556851
v -0.032524 -0.172503 -0.556851
v 0.165720 -0.187009 -0.547181
v 0.151216 -0.182174 -0.552016
v 0.141545 -0.172503 -0.556851
v -0.032524 -0.172503 -0.556851
v 0.151216 -0.182174 -0.552016
v -0.032524 -0.298220 -0.479487
v -0.037361 -0.307891 -0.469817
v 0.165720 -0.375584 -0.426299
v -0.037361 -0.307891 -0.469817
v -0.042195 -0.317561 -0.464981
v 0.165720 -0.375584 -0.426299
v -0.042195 -0.317561 -0.464981
v -0.056702 -0.322397 -0.460146
v 0.165720 -0.375584 -0.426299
v -0.056702 -0.322397 -0.460146
v -0.076042 -0.327232 -0.460146
v 0.165720 -0.375584 -0.426299
v -0.076042 -0.327232 -0.460146
v -0.095383 -0.336902 -0.450475
v 0.165720 -0.375584 -0.426299
v -0.095383 -0.336902 -0.450475
v -0.114724 -0.351408 -0.440805
v 0.165720 -0.375584 -0.426299
v -0.114724 -0.351408 -0.440805
v -0.037361 -0.375584 -0.431134
v -0.027690 -0.375584 -0.431134
v -0.114724 -0.351408 -0.440805
v -0.027690 -0.375584 -0.431134
v 0.165720 -0.375584 -0.426299
v -0.124395 -0.370749 -0.431134
v -0.134065 -0.394925 -0.416628
v -0.061538 -0.390090 -0.421463
v -0.124395 -0.370749 -0.431134
v -0.047031 -0.375584 -0.426299
v -0.037361 -0.375584 -0.431134
v -0.124395 -0.370749 -0.431134
v -0.056702 -0.380420 -0.421463
v -0.047031 -0.375584 -0.426299
v -0.114724 -0.351408 -0.440805
v -0.124395 -0.370749 -0.431134
v -0.037361 -0.375584 -0.431134
v -0.124395 -0.370749 -0.431134
v -0.061538 -0.390090 -0.421463
v -0.056702 -0.380420 -0.421463
v -0.134065 -0.394925 -0.416628
v -0.129231 -0.414267 -0.402122
v -0.066372 -0.409431 -0.406958
v -0.134065 -0.394925 -0.416628
v -0.066372 -0.409431 -0.406958
v -0.066372 -0.399761 -0.411793
v -0.061538 -0.390090 -0.421463
v -0.134065 -0.394925 -0.416628
v -0.066372 -0.399761 -0.411793
v -0.129231 -0.414267 -0.402122
v -0.124395 -0.438443 -0.387617
v -0.037361 -0.433608 -0.392452
v -0.129231 -0.414267 -0.402122
v -0.037361 -0.433608 -0.392452
v -0.047031 -0.428772 -0.392452
v -0.129231 -0.414267 -0.402122
v -0.047031 -0.428772 -0.392452
v -0.056702 -0.423937 -0.397287
v -0.129231 -0.414267 -0.402122
v -0.056702 -0.423937 -0.397287
v -0.066372 -0.414267 -0.402122
v -0.066372 -0.409431 -0.406958
v -0.129231 -0.414267 -0.402122
v -0.066372 -0.414267 -0.402122
v -0.124395 -0.438443 -0.387617
v -0.109890 -0.457784 -0.377946
v 0.049675 -0.452949 -0.377946
v -0.027690 -0.433608 -0.392452
v -0.124395 -0.438443 -0.387617
v 0.049675 -0.452949 -0.377946
v -0.037361 -0.433608 -0.392452
v -0.124395 -0.438443 -0.387617
v -0.027690 -0.433608 -0.392452
v -0.109890 -0.457784 -0.377946
v -0.090549 -0.472290 -0.368275
v 0.030332 -0.467455 -0.368275
v 0.049675 -0.452949 -0.377946
v -0.109890 -0.457784 -0.377946
v 0.030332 -0.467455 -0.368275
v -0.090549 -0.472290 -0.368275
v -0.066372 -0.481960 -0.358605
v 0.006157 -0.481960 -0.363440
v 0.030332 -0.467455 -0.368275
v -0.090549 -0.472290 -0.368275
v 0.006157 -0.481960 -0.363440
v -0.066372 -0.481960 -0.358605
v -0.042195 -0.486795 -0.358605
v -0.018020 -0.486795 -0.358605
v 0.006157 -0.481960 -0.363440
v -0.066372 -0.481960 -0.358605
v -0.018020 -0.486795 -0.358605
v 0.102861 -0.385255 -0.421463
v -0.003513 -0.390090 -0.416628
v 0.049675 -0.452949 -0.377946
v -0.003513 -0.390090 -0.416628
v 0.001321 -0.399761 -0.411793
v 0.049675 -0.452949 -0.377946
v 0.001321 -0.399761 -0.411793
v 0.001321 -0.409431 -0.406958
v 0.049675 -0.452949 -0.377946
v 0.001321 -0.409431 -0.406958
v -0.003513 -0.419102 -0.402122
v 0.049675 -0.452949 -0.377946
v -0.003513 -0.419102 -0.402122
v -0.008350 -0.423937 -0.397287
v 0.049675 -0.452949 -0.377946
v -0.008350 -0.423937 -0.397287
v -0.018020 -0.428772 -0.392452
v 0.049675 -0.452949 -0.377946
v -0.018020 -0.428772 -0.392452
v -0.027690 -0.433608 -0.392452
v 0.049675 -0.452949 -0.377946
v 0.117368 -0.380420 -0.426299
v -0.008350 -0.380420 -0.421463
v 0.102861 -0.385255 -0.421463
v -0.008350 -0.380420 -0.421463
v -0.003513 -0.390090 -0.416628
v 0.102861 -0.385255 -0.421463
v -0.018020 -0.375584 -0.426299
v -0.008350 -0.380420 -0.421463
v 0.117368 -0.380420 -0.426299
v -0.027690 -0.375584 -0.431134
v -0.018020 -0.375584 -0.426299
v 0.165720 -0.375584 -0.426299
v 0.054509 -0.041951 -0.639051
v 0.006157 -0.056457 -0.629380
v 0.141545 -0.172503 -0.556851
v 0.006157 -0.056457 -0.629380
v 0.015828 -0.066127 -0.624545
v 0.141545 -0.172503 -0.556851
v 0.015828 -0.066127 -0.624545
v 0.015828 -0.075798 -0.619710
v 0.141545 -0.172503 -0.556851
v 0.015828 -0.075798 -0.619710
v 0.015828 -0.080633 -0.614875
v 0.141545 -0.172503 -0.556851
v 0.015828 -0.080633 -0.614875
v 0.015828 -0.090304 -0.605204
v 0.141545 -0.172503 -0.556851
v 0.015828 -0.090304 -0.605204
v 0.006157 -0.099974 -0.600368
v 0.141545 -0.172503 -0.556851
v 0.006157 -0.099974 -0.600368
v -0.003513 -0.104809 -0.600368
v 0.141545 -0.172503 -0.556851
v -0.003513 -0.104809 -0.600368
v -0.013184 -0.104809 -0.595533
v 0.141545 -0.172503 -0.556851
v 0.054509 -0.041951 -0.639051
v -0.022854 -0.046786 -0.634215
v -0.008350 -0.046786 -0.634215
v 0.054509 -0.041951 -0.639051
v -0.008350 -0.046786 -0.634215
v 0.001321 -0.051621 -0.634215
v 0.054509 -0.041951 -0.639051
v 0.001321 -0.051621 -0.634215
v 0.006157 -0.056457 -0.629380
v -0.545063 -0.187009 -0.121677
v -0.583745 -0.187009 -0.121677
v -0.545063 -0.293385 -0.290912
v -0.583745 -0.138656 -0.155524
v -0.583745 -0.187009 -0.121677
v -0.545063 -0.187009 -0.121677
v -0.545063 -0.157997 -0.213547
v -0.545063 -0.187009 -0.121677
v -0.545063 -0.293385 -0.290912
v -0.545063 -0.003269 -0.242559
v -0.545063 -0.187009 -0.121677
v -0.545063 -0.133821 -0.208712
v -0.545063 -0.003269 -0.242559
v -0.583745 -0.003269 -0.242559
v -0.545063 -0.187009 -0.121677
v -0.545063 -0.133821 -0.208712
v -0.545063 -0.187009 -0.121677
v -0.545063 -0.157997 -0.213547
v -0.583745 -0.003269 -0.242559
v -0.583745 -0.051621 -0.208712
v -0.545063 -0.187009 -0.121677
v -0.583745 -0.051621 -0.208712
v -0.612759 -0.051621 -0.208712
v -0.545063 -0.187009 -0.121677
v -0.612759 -0.051621 -0.208712
v -0.612759 -0.056457 -0.208712
v -0.545063 -0.187009 -0.121677
v -0.612759 -0.056457 -0.208712
v -0.583745 -0.138656 -0.155524
v -0.545063 -0.187009 -0.121677
v -0.583745 -0.187009 -0.121677
v -0.583745 -0.515807 -0.639051
v -0.540230 -0.515807 -0.639051
v -0.583745 -0.138656 -0.155524
v -0.583745 -0.515807 -0.639051
v -0.583745 -0.187009 -0.121677
v -0.583745 -0.187009 -0.121677
v -0.540230 -0.515807 -0.639051
v -0.540230 -0.404596 -0.469817
v -0.583745 -0.187009 -0.121677
v -0.540230 -0.404596 -0.469817
v -0.545063 -0.293385 -0.290912
v -0.540230 -0.327232 -0.755097
v -0.540230 -0.515807 -0.639051
v -0.583745 -0.515807 -0.639051
v -0.540230 -0.327232 -0.755097
v -0.583745 -0.515807 -0.639051
v -0.583745 -0.462619 -0.672898
v -0.583745 -0.138656 -0.155524
v -0.583745 -0.462619 -0.672898
v -0.583745 -0.515807 -0.639051
v -0.540230 -0.399761 -0.590698
v -0.540230 -0.404596 -0.469817
v -0.540230 -0.515807 -0.639051
v -0.540230 -0.327232 -0.755097
v -0.540230 -0.380420 -0.672898
v -0.540230 -0.515807 -0.639051
v -0.540230 -0.380420 -0.672898
v -0.540230 -0.399761 -0.668063
v -0.540230 -0.515807 -0.639051
v -0.540230 -0.399761 -0.668063
v -0.540230 -0.414267 -0.648721
v -0.540230 -0.515807 -0.639051
v -0.540230 -0.414267 -0.648721
v -0.540230 -0.419102 -0.629380
v -0.540230 -0.515807 -0.639051
v -0.540230 -0.414267 -0.605204
v -0.540230 -0.515807 -0.639051
v -0.540230 -0.419102 -0.629380
v -0.540230 -0.399761 -0.590698
v -0.540230 -0.515807 -0.639051
v -0.540230 -0.414267 -0.605204
v -0.545063 -0.293385 -0.290912
v -0.540230 -0.404596 -0.469817
v -0.240442 -0.404596 -0.469817
v -0.545063 -0.220856 -0.585863
v -0.240442 -0.404596 -0.469817
v -0.540230 -0.404596 -0.469817
v -0.545063 -0.220856 -0.585863
v -0.540230 -0.404596 -0.469817
v -0.540230 -0.375584 -0.585863
v -0.540230 -0.375584 -0.585863
v -0.540230 -0.404596 -0.469817
v -0.540230 -0.399761 -0.590698
v -0.240442 -0.336902 -0.363440
v -0.259783 -0.336902 -0.363440
v -0.240442 -0.404596 -0.469817
v -0.240442 -0.336902 -0.363440
v -0.240442 -0.404596 -0.469817
v -0.221101 -0.409431 -0.469817
v -0.545063 -0.293385 -0.290912
v -0.240442 -0.404596 -0.469817
v -0.259783 -0.336902 -0.363440
v -0.545063 -0.220856 -0.585863
v -0.221101 -0.409431 -0.469817
v -0.240442 -0.404596 -0.469817
v -0.250112 -0.264373 -0.406958
v -0.259783 -0.336902 -0.363440
v -0.240442 -0.336902 -0.363440
v -0.235605 -0.259538 -0.416628
v -0.235605 -0.259538 -0.411793
v -0.240442 -0.336902 -0.363440
v -0.235605 -0.259538 -0.416628
v -0.240442 -0.336902 -0.363440
v -0.221101 -0.341737 -0.363440
v -0.235605 -0.259538 -0.411793
v -0.250112 -0.264373 -0.406958
v -0.240442 -0.336902 -0.363440
v -0.240442 -0.336902 -0.363440
v -0.221101 -0.409431 -0.469817
v -0.221101 -0.341737 -0.363440
v -0.259783 -0.293385 -0.290912
v -0.545063 -0.293385 -0.290912
v -0.259783 -0.336902 -0.363440
v -0.254949 -0.274044 -0.402122
v -0.259783 -0.288550 -0.397287
v -0.259783 -0.336902 -0.363440
v -0.250112 -0.264373 -0.406958
v -0.254949 -0.274044 -0.402122
v -0.259783 -0.336902 -0.363440
v -0.259783 -0.245032 -0.324758
v -0.545063 -0.293385 -0.290912
v -0.259783 -0.293385 -0.290912
v -0.259783 -0.336902 -0.363440
v -0.259783 -0.288550 -0.397287
v -0.259783 -0.293385 -0.290912
v -0.259783 -0.245032 -0.324758
v -0.545063 -0.109644 -0.411793
v -0.545063 -0.138656 -0.290912
v -0.545063 -0.293385 -0.290912
v -0.288794 -0.109644 -0.406958
v -0.545063 -0.109644 -0.411793
v -0.545063 -0.293385 -0.290912
v -0.545063 -0.157997 -0.286076
v -0.545063 -0.177339 -0.271570
v -0.545063 -0.293385 -0.290912
v -0.545063 -0.138656 -0.290912
v -0.545063 -0.157997 -0.286076
v -0.545063 -0.293385 -0.290912
v -0.545063 -0.177339 -0.271570
v -0.545063 -0.182174 -0.247394
v -0.545063 -0.293385 -0.290912
v -0.545063 -0.172503 -0.228053
v -0.545063 -0.293385 -0.290912
v -0.545063 -0.182174 -0.247394
v -0.545063 -0.157997 -0.213547
v -0.545063 -0.293385 -0.290912
v -0.545063 -0.172503 -0.228053
v -0.288794 -0.109644 -0.406958
v -0.545063 -0.293385 -0.290912
v -0.259783 -0.245032 -0.324758
v -0.545063 -0.003269 -0.242559
v -0.545063 -0.119315 -0.286076
v -0.545063 -0.109644 -0.411793
v -0.545063 -0.003269 -0.242559
v -0.545063 -0.109644 -0.411793
v -0.583745 -0.327232 -0.755097
v -0.545063 -0.109644 -0.411793
v -0.545063 -0.119315 -0.286076
v -0.545063 -0.138656 -0.290912
v -0.288794 -0.109644 -0.406958
v -0.545063 -0.220856 -0.585863
v -0.545063 -0.109644 -0.411793
v -0.545063 -0.109644 -0.411793
v -0.545063 -0.220856 -0.585863
v -0.583745 -0.327232 -0.755097
v -0.545063 -0.003269 -0.242559
v -0.545063 -0.133821 -0.208712
v -0.545063 -0.114480 -0.213547
v -0.545063 -0.003269 -0.242559
v -0.545063 -0.114480 -0.213547
v -0.545063 -0.099974 -0.228053
v -0.545063 -0.003269 -0.242559
v -0.545063 -0.099974 -0.228053
v -0.545063 -0.095139 -0.252229
v -0.545063 -0.003269 -0.242559
v -0.545063 -0.095139 -0.252229
v -0.545063 -0.099974 -0.271570
v -0.545063 -0.003269 -0.242559
v -0.545063 -0.099974 -0.271570
v -0.545063 -0.119315 -0.286076
v -0.545063 -0.003269 -0.242559
v -0.583745 -0.327232 -0.755097
v -0.583745 -0.003269 -0.242559
v -0.545063 -0.157997 -0.286076
v -0.612759 -0.177339 -0.271570
v -0.545063 -0.177339 -0.271570
v -0.545063 -0.157997 -0.286076
v -0.612759 -0.162832 -0.286076
v -0.612759 -0.177339 -0.271570
v -0.545063 -0.177339 -0.271570
v -0.612759 -0.182174 -0.247394
v -0.545063 -0.182174 -0.247394
v -0.545063 -0.177339 -0.271570
v -0.612759 -0.177339 -0.271570
v -0.612759 -0.182174 -0.247394
v -0.545063 -0.172503 -0.228053
v -0.545063 -0.182174 -0.247394
v -0.612759 -0.172503 -0.228053
v -0.612759 -0.172503 -0.228053
v -0.545063 -0.182174 -0.247394
v -0.612759 -0.182174 -0.247394
v -0.545063 -0.157997 -0.213547
v -0.545063 -0.172503 -0.228053
v -0.612759 -0.157997 -0.213547
v -0.612759 -0.157997 -0.213547
v -0.545063 -0.172503 -0.228053
v -0.612759 -0.172503 -0.228053
v -0.545063 -0.133821 -0.208712
v -0.545063 -0.157997 -0.213547
v -0.612759 -0.133821 -0.208712
v -0.612759 -0.133821 -0.208712
v -0.545063 -0.157997 -0.213547
v -0.612759 -0.157997 -0.213547
v -0.545063 -0.114480 -0.213547
v -0.545063 -0.133821 -0.208712
v -0.612759 -0.114480 -0.213547
v -0.612759 -0.114480 -0.213547
v -0.545063 -0.133821 -0.208712
v -0.612759 -0.133821 -0.208712
v -0.545063 -0.099974 -0.228053
v -0.545063 -0.114480 -0.213547
v -0.612759 -0.099974 -0.228053
v -0.612759 -0.114480 -0.213547
v -0.545063 -0.095139 -0.252229
v -0.545063 -0.099974 -0.228053
v -0.612759 -0.095139 -0.252229
v -0.612759 -0.095139 -0.252229
v -0.545063 -0.099974 -0.228053
v -0.612759 -0.099974 -0.228053
v -0.545063 -0.095139 -0.252229
v -0.612759 -0.099974 -0.271570
v -0.545063 -0.099974 -0.271570
v -0.545063 -0.095139 -0.252229
v -0.612759 -0.095139 -0.252229
v -0.612759 -0.099974 -0.271570
v -0.545063 -0.099974 -0.271570
v -0.612759 -0.119315 -0.286076
v -0.545063 -0.119315 -0.286076
v -0.545063 -0.099974 -0.271570
v -0.612759 -0.099974 -0.271570
v -0.612759 -0.119315 -0.286076
v -0.545063 -0.138656 -0.290912
v -0.545063 -0.119315 -0.286076
v -0.612759 -0.138656 -0.290912
v -0.612759 -0.119315 -0.286076
v -0.545063 -0.157997 -0.286076
v -0.545063 -0.138656 -0.290912
v -0.612759 -0.162832 -0.286076
v -0.612759 -0.138656 -0.290912
v -0.221101 -0.090304 -0.421463
v -0.254949 -0.230526 -0.329594
v -0.250112 -0.220856 -0.339264
v -0.250112 -0.220856 -0.339264
v -0.254949 -0.230526 -0.329594
v -0.250112 -0.264373 -0.406958
v -0.221101 -0.090304 -0.421463
v -0.283960 -0.090304 -0.421463
v -0.254949 -0.230526 -0.329594
v -0.283960 -0.090304 -0.421463
v -0.259783 -0.245032 -0.324758
v -0.254949 -0.230526 -0.329594
v -0.254949 -0.230526 -0.329594
v -0.259783 -0.245032 -0.324758
v -0.254949 -0.274044 -0.402122
v -0.254949 -0.230526 -0.329594
v -0.254949 -0.274044 -0.402122
v -0.250112 -0.264373 -0.406958
v -0.221101 -0.090304 -0.421463
v -0.250112 -0.220856 -0.339264
v -0.235605 -0.211185 -0.344099
v -0.235605 -0.211185 -0.344099
v -0.250112 -0.220856 -0.339264
v -0.235605 -0.259538 -0.411793
v -0.250112 -0.220856 -0.339264
v -0.250112 -0.264373 -0.406958
v -0.235605 -0.259538 -0.411793
v -0.221101 -0.090304 -0.421463
v -0.235605 -0.211185 -0.344099
v -0.221101 -0.211185 -0.344099
v -0.221101 -0.211185 -0.344099
v -0.235605 -0.211185 -0.344099
v -0.221101 -0.230526 -0.377946
v -0.235605 -0.211185 -0.344099
v -0.235605 -0.259538 -0.411793
v -0.235605 -0.259538 -0.416628
v -0.235605 -0.211185 -0.344099
v -0.235605 -0.259538 -0.416628
v -0.235605 -0.235362 -0.377946
v -0.235605 -0.211185 -0.344099
v -0.235605 -0.235362 -0.377946
v -0.221101 -0.230526 -0.377946
v -0.032524 -0.148327 -0.382782
v -0.221101 -0.211185 -0.344099
v -0.032524 -0.191844 -0.353770
v -0.032524 -0.191844 -0.353770
v -0.221101 -0.211185 -0.344099
v -0.221101 -0.230526 -0.377946
v -0.182419 -0.104809 -0.406958
v -0.221101 -0.211185 -0.344099
v -0.032524 -0.148327 -0.382782
v -0.182419 -0.104809 -0.406958
v -0.216265 -0.104809 -0.406958
v -0.221101 -0.211185 -0.344099
v -0.216265 -0.095139 -0.416628
v -0.221101 -0.211185 -0.344099
v -0.216265 -0.104809 -0.406958
v -0.221101 -0.090304 -0.421463
v -0.221101 -0.211185 -0.344099
v -0.216265 -0.095139 -0.416628
v -0.032524 -0.148327 -0.382782
v -0.032524 -0.191844 -0.353770
v -0.032524 -0.211185 -0.387617
v -0.032524 -0.191844 -0.353770
v -0.221101 -0.230526 -0.377946
v -0.032524 -0.211185 -0.387617
v -0.182419 -0.104809 -0.406958
v -0.032524 -0.148327 -0.382782
v -0.032524 -0.167668 -0.416628
v -0.032524 -0.148327 -0.382782
v -0.032524 -0.211185 -0.387617
v -0.032524 -0.167668 -0.416628
v -0.182419 -0.104809 -0.406958
v -0.211431 -0.128986 -0.440805
v -0.216265 -0.104809 -0.406958
v -0.182419 -0.104809 -0.406958
v -0.182419 -0.128986 -0.440805
v -0.211431 -0.128986 -0.440805
v -0.182419 -0.104809 -0.406958
v -0.032524 -0.167668 -0.416628
v -0.182419 -0.128986 -0.440805
v -0.216265 -0.095139 -0.416628
v -0.216265 -0.104809 -0.406958
v -0.211431 -0.157997 -0.513333
v -0.216265 -0.104809 -0.406958
v -0.211431 -0.128986 -0.440805
v -0.211431 -0.157997 -0.513333
v -0.221101 -0.090304 -0.421463
v -0.216265 -0.095139 -0.416628
v -0.216265 -0.153162 -0.518169
v -0.216265 -0.095139 -0.416628
v -0.211431 -0.157997 -0.513333
v -0.216265 -0.153162 -0.518169
v -0.221101 -0.090304 -0.421463
v -0.283960 -0.153162 -0.518169
v -0.283960 -0.090304 -0.421463
v -0.221101 -0.090304 -0.421463
v -0.216265 -0.153162 -0.518169
v -0.283960 -0.153162 -0.518169
v -0.283960 -0.090304 -0.421463
v -0.288794 -0.095139 -0.416628
v -0.288794 -0.109644 -0.406958
v -0.283960 -0.090304 -0.421463
v -0.288794 -0.157997 -0.513333
v -0.288794 -0.095139 -0.416628
v -0.283960 -0.090304 -0.421463
v -0.288794 -0.109644 -0.406958
v -0.259783 -0.245032 -0.324758
v -0.283960 -0.090304 -0.421463
v -0.283960 -0.153162 -0.518169
v -0.288794 -0.157997 -0.513333
v -0.288794 -0.095139 -0.416628
v -0.288794 -0.167668 -0.508498
v -0.288794 -0.109644 -0.406958
v -0.288794 -0.095139 -0.416628
v -0.288794 -0.157997 -0.513333
v -0.288794 -0.167668 -0.508498
v -0.288794 -0.109644 -0.406958
v -0.288794 -0.167668 -0.508498
v -0.545063 -0.220856 -0.585863
v -0.259783 -0.245032 -0.324758
v -0.259783 -0.288550 -0.397287
v -0.254949 -0.274044 -0.402122
v -0.032524 -0.191844 -0.455310
v -0.056702 -0.298220 -0.387617
v -0.032524 -0.225691 -0.435970
v -0.032524 -0.191844 -0.455310
v -0.032524 -0.225691 -0.435970
v -0.032524 -0.259538 -0.561686
v -0.032524 -0.225691 -0.435970
v -0.032524 -0.293385 -0.387617
v -0.027690 -0.240197 -0.426299
v -0.032524 -0.225691 -0.435970
v -0.027690 -0.240197 -0.426299
v -0.032524 -0.254702 -0.484322
v -0.032524 -0.225691 -0.435970
v -0.056702 -0.298220 -0.387617
v -0.032524 -0.293385 -0.387617
v -0.032524 -0.225691 -0.435970
v -0.032524 -0.254702 -0.484322
v -0.032524 -0.259538 -0.561686
v -0.080879 -0.153162 -0.479487
v -0.080879 -0.307891 -0.382782
v -0.032524 -0.191844 -0.455310
v -0.080879 -0.153162 -0.479487
v -0.032524 -0.191844 -0.455310
v -0.080879 -0.220856 -0.585863
v -0.032524 -0.191844 -0.455310
v -0.080879 -0.307891 -0.382782
v -0.056702 -0.298220 -0.387617
v -0.032524 -0.191844 -0.455310
v -0.032524 -0.259538 -0.561686
v -0.080879 -0.220856 -0.585863
v -0.080879 -0.153162 -0.479487
v -0.211431 -0.167668 -0.508498
v -0.211431 -0.153162 -0.479487
v -0.080879 -0.153162 -0.479487
v -0.206594 -0.346573 -0.358605
v -0.196924 -0.356244 -0.353770
v -0.080879 -0.153162 -0.479487
v -0.196924 -0.356244 -0.353770
v -0.172749 -0.385255 -0.334429
v -0.080879 -0.153162 -0.479487
v -0.172749 -0.385255 -0.334429
v -0.167913 -0.394925 -0.329594
v -0.080879 -0.153162 -0.479487
v -0.167913 -0.394925 -0.329594
v -0.153408 -0.419102 -0.310252
v -0.080879 -0.153162 -0.479487
v -0.153408 -0.419102 -0.310252
v -0.138901 -0.443278 -0.295747
v -0.080879 -0.153162 -0.479487
v -0.138901 -0.443278 -0.295747
v -0.114724 -0.361079 -0.348935
v -0.080879 -0.153162 -0.479487
v -0.114724 -0.361079 -0.348935
v -0.109890 -0.341737 -0.358605
v -0.080879 -0.153162 -0.479487
v -0.109890 -0.341737 -0.358605
v -0.095383 -0.322397 -0.373111
v -0.080879 -0.153162 -0.479487
v -0.095383 -0.322397 -0.373111
v -0.080879 -0.307891 -0.382782
v -0.080879 -0.153162 -0.479487
v -0.080879 -0.220856 -0.585863
v -0.545063 -0.220856 -0.585863
v -0.080879 -0.153162 -0.479487
v -0.545063 -0.220856 -0.585863
v -0.211431 -0.167668 -0.508498
v -0.211431 -0.153162 -0.479487
v -0.235605 -0.259538 -0.416628
v -0.221101 -0.341737 -0.363440
v -0.211431 -0.128986 -0.440805
v -0.235605 -0.259538 -0.416628
v -0.211431 -0.153162 -0.479487
v -0.080879 -0.153162 -0.479487
v -0.211431 -0.153162 -0.479487
v -0.206594 -0.346573 -0.358605
v -0.221101 -0.341737 -0.363440
v -0.211431 -0.153162 -0.479487
v -0.211431 -0.167668 -0.508498
v -0.211431 -0.157997 -0.513333
v -0.211431 -0.128986 -0.440805
v -0.211431 -0.153162 -0.479487
v -0.211431 -0.157997 -0.513333
v -0.211431 -0.128986 -0.440805
v -0.235605 -0.235362 -0.377946
v -0.235605 -0.259538 -0.416628
v -0.221101 -0.341737 -0.363440
v -0.206594 -0.414267 -0.464981
v -0.206594 -0.346573 -0.358605
v -0.221101 -0.341737 -0.363440
v -0.221101 -0.409431 -0.469817
v -0.206594 -0.414267 -0.464981
v -0.206594 -0.346573 -0.358605
v -0.196924 -0.423937 -0.455310
v -0.196924 -0.356244 -0.353770
v -0.206594 -0.346573 -0.358605
v -0.206594 -0.414267 -0.464981
v -0.196924 -0.423937 -0.455310
v -0.196924 -0.356244 -0.353770
v -0.172749 -0.419102 -0.382782
v -0.172749 -0.385255 -0.334429
v -0.196924 -0.356244 -0.353770
v -0.196924 -0.423937 -0.455310
v -0.182419 -0.443278 -0.445640
v -0.196924 -0.356244 -0.353770
v -0.182419 -0.443278 -0.445640
v -0.182419 -0.409431 -0.392452
v -0.196924 -0.356244 -0.353770
v -0.182419 -0.409431 -0.392452
v -0.172749 -0.419102 -0.382782
v -0.172749 -0.385255 -0.334429
v -0.167913 -0.428772 -0.377946
v -0.167913 -0.394925 -0.329594
v -0.172749 -0.385255 -0.334429
v -0.172749 -0.419102 -0.382782
v -0.167913 -0.428772 -0.377946
v -0.167913 -0.394925 -0.329594
v -0.153408 -0.452949 -0.363440
v -0.153408 -0.419102 -0.310252
v -0.167913 -0.394925 -0.329594
v -0.167913 -0.428772 -0.377946
v -0.153408 -0.452949 -0.363440
v -0.153408 -0.419102 -0.310252
v -0.134065 -0.472290 -0.348935
v -0.138901 -0.443278 -0.295747
v -0.153408 -0.419102 -0.310252
v -0.153408 -0.452949 -0.363440
v -0.134065 -0.472290 -0.348935
v -0.114724 -0.361079 -0.348935
v -0.138901 -0.443278 -0.295747
v -0.109890 -0.462619 -0.286076
v -0.138901 -0.443278 -0.295747
v -0.109890 -0.491631 -0.334429
v -0.109890 -0.462619 -0.286076
v -0.138901 -0.443278 -0.295747
v -0.134065 -0.472290 -0.348935
v -0.109890 -0.491631 -0.334429
v -0.095383 -0.404596 -0.319923
v -0.109890 -0.462619 -0.286076
v -0.080879 -0.472290 -0.276405
v -0.109890 -0.462619 -0.286076
v -0.080879 -0.506137 -0.329594
v -0.080879 -0.472290 -0.276405
v -0.109890 -0.385255 -0.334429
v -0.109890 -0.462619 -0.286076
v -0.095383 -0.404596 -0.319923
v -0.114724 -0.361079 -0.348935
v -0.109890 -0.462619 -0.286076
v -0.109890 -0.385255 -0.334429
v -0.109890 -0.462619 -0.286076
v -0.109890 -0.491631 -0.334429
v -0.080879 -0.506137 -0.329594
v -0.056702 -0.428772 -0.305417
v -0.080879 -0.472290 -0.276405
v -0.051868 -0.481960 -0.271570
v -0.080879 -0.419102 -0.310252
v -0.080879 -0.472290 -0.276405
v -0.056702 -0.428772 -0.305417
v -0.095383 -0.404596 -0.319923
v -0.080879 -0.472290 -0.276405
v -0.080879 -0.419102 -0.310252
v -0.051868 -0.481960 -0.271570
v -0.080879 -0.472290 -0.276405
v -0.051868 -0.510972 -0.324758
v -0.080879 -0.506137 -0.329594
v -0.032524 -0.428772 -0.305417
v -0.051868 -0.481960 -0.271570
v -0.018020 -0.481960 -0.271570
v -0.051868 -0.481960 -0.271570
v -0.018020 -0.510972 -0.324758
v -0.018020 -0.481960 -0.271570
v -0.056702 -0.428772 -0.305417
v -0.051868 -0.481960 -0.271570
v -0.032524 -0.428772 -0.305417
v -0.051868 -0.481960 -0.271570
v -0.051868 -0.510972 -0.324758
v -0.018020 -0.510972 -0.324758
v 0.030332 -0.404596 -0.319923
v -0.018020 -0.481960 -0.271570
v 0.069016 -0.472290 -0.276405
v 0.069016 -0.472290 -0.276405
v -0.018020 -0.481960 -0.271570
v -0.018020 -0.510972 -0.324758
v -0.008350 -0.428772 -0.305417
v -0.032524 -0.428772 -0.305417
v -0.018020 -0.481960 -0.271570
v 0.015828 -0.419102 -0.310252
v -0.008350 -0.428772 -0.305417
v -0.018020 -0.481960 -0.271570
v 0.030332 -0.404596 -0.319923
v 0.015828 -0.419102 -0.310252
v -0.018020 -0.481960 -0.271570
v 0.180227 -0.162832 -0.469817
v 0.030332 -0.254702 -0.416628
v 0.030332 -0.322397 -0.373111
v 0.180227 -0.162832 -0.469817
v 0.030332 -0.322397 -0.373111
v 0.044839 -0.341737 -0.358605
v 0.030332 -0.254702 -0.416628
v 0.010991 -0.259538 -0.411793
v 0.015828 -0.307891 -0.382782
v 0.030332 -0.254702 -0.416628
v 0.010991 -0.288550 -0.464981
v 0.010991 -0.259538 -0.411793
v 0.030332 -0.254702 -0.416628
v 0.015828 -0.307891 -0.382782
v 0.030332 -0.322397 -0.373111
v 0.030332 -0.254702 -0.416628
v 0.030332 -0.283714 -0.464981
v 0.010991 -0.288550 -0.464981
v 0.180227 -0.196679 -0.523004
v 0.030332 -0.283714 -0.464981
v 0.030332 -0.254702 -0.416628
v -0.003513 -0.259538 -0.411793
v -0.008350 -0.298220 -0.387617
v 0.010991 -0.259538 -0.411793
v -0.003513 -0.259538 -0.411793
v 0.010991 -0.259538 -0.411793
v -0.003513 -0.288550 -0.464981
v 0.010991 -0.259538 -0.411793
v -0.008350 -0.298220 -0.387617
v 0.015828 -0.307891 -0.382782
v 0.010991 -0.259538 -0.411793
v 0.010991 -0.288550 -0.464981
v -0.003513 -0.288550 -0.464981
v -0.018020 -0.249867 -0.416628
v -0.008350 -0.298220 -0.387617
v -0.003513 -0.259538 -0.411793
v -0.018020 -0.249867 -0.416628
v -0.003513 -0.259538 -0.411793
v -0.018020 -0.283714 -0.469817
v -0.003513 -0.259538 -0.411793
v -0.003513 -0.288550 -0.464981
v -0.018020 -0.283714 -0.469817
v -0.027690 -0.240197 -0.426299
v -0.032524 -0.293385 -0.387617
v -0.018020 -0.249867 -0.416628
v -0.027690 -0.240197 -0.426299
v -0.018020 -0.249867 -0.416628
v -0.027690 -0.269209 -0.474652
v -0.018020 -0.249867 -0.416628
v -0.032524 -0.293385 -0.387617
v -0.008350 -0.298220 -0.387617
v -0.018020 -0.249867 -0.416628
v -0.018020 -0.283714 -0.469817
v -0.027690 -0.269209 -0.474652
v -0.027690 -0.240197 -0.426299
v -0.027690 -0.269209 -0.474652
v -0.032524 -0.254702 -0.484322
v 0.015828 -0.419102 -0.310252
v -0.008350 -0.452949 -0.348935
v -0.008350 -0.428772 -0.305417
v -0.032524 -0.428772 -0.305417
v -0.008350 -0.428772 -0.305417
v -0.032524 -0.457784 -0.348935
v -0.008350 -0.452949 -0.348935
v -0.056702 -0.428772 -0.305417
v -0.032524 -0.428772 -0.305417
v -0.056702 -0.452949 -0.348935
v -0.032524 -0.457784 -0.348935
v -0.080879 -0.419102 -0.310252
v -0.056702 -0.428772 -0.305417
v -0.080879 -0.443278 -0.358605
v -0.056702 -0.428772 -0.305417
v -0.056702 -0.452949 -0.348935
v -0.080879 -0.443278 -0.358605
v -0.095383 -0.404596 -0.319923
v -0.080879 -0.419102 -0.310252
v -0.095383 -0.428772 -0.363440
v -0.080879 -0.419102 -0.310252
v -0.080879 -0.443278 -0.358605
v -0.095383 -0.428772 -0.363440
v -0.109890 -0.385255 -0.334429
v -0.095383 -0.404596 -0.319923
v -0.109890 -0.414267 -0.377946
v -0.095383 -0.404596 -0.319923
v -0.095383 -0.428772 -0.363440
v -0.109890 -0.414267 -0.377946
v -0.114724 -0.361079 -0.348935
v -0.109890 -0.385255 -0.334429
v -0.114724 -0.390090 -0.392452
v -0.109890 -0.385255 -0.334429
v -0.109890 -0.414267 -0.377946
v -0.114724 -0.390090 -0.392452
v -0.109890 -0.341737 -0.358605
v -0.114724 -0.361079 -0.348935
v -0.109890 -0.370749 -0.402122
v -0.114724 -0.361079 -0.348935
v -0.114724 -0.390090 -0.392452
v -0.109890 -0.370749 -0.402122
v -0.095383 -0.322397 -0.373111
v -0.109890 -0.341737 -0.358605
v -0.095383 -0.351408 -0.416628
v -0.109890 -0.341737 -0.358605
v -0.109890 -0.370749 -0.402122
v -0.095383 -0.351408 -0.416628
v -0.080879 -0.307891 -0.382782
v -0.095383 -0.322397 -0.373111
v -0.080879 -0.336902 -0.426299
v -0.095383 -0.322397 -0.373111
v -0.095383 -0.351408 -0.416628
v -0.080879 -0.336902 -0.426299
v -0.056702 -0.298220 -0.387617
v -0.080879 -0.307891 -0.382782
v -0.056702 -0.327232 -0.431134
v -0.080879 -0.307891 -0.382782
v -0.080879 -0.336902 -0.426299
v -0.056702 -0.327232 -0.431134
v -0.032524 -0.293385 -0.387617
v -0.056702 -0.298220 -0.387617
v -0.032524 -0.322397 -0.435970
v -0.056702 -0.298220 -0.387617
v -0.056702 -0.327232 -0.431134
v -0.032524 -0.322397 -0.435970
v -0.032524 -0.293385 -0.387617
v -0.008350 -0.327232 -0.431134
v -0.008350 -0.298220 -0.387617
v -0.032524 -0.293385 -0.387617
v -0.032524 -0.322397 -0.435970
v -0.008350 -0.327232 -0.431134
v -0.008350 -0.298220 -0.387617
v 0.015828 -0.336902 -0.426299
v 0.015828 -0.307891 -0.382782
v -0.008350 -0.298220 -0.387617
v -0.008350 -0.327232 -0.431134
v 0.015828 -0.336902 -0.426299
v 0.015828 -0.307891 -0.382782
v 0.030332 -0.351408 -0.416628
v 0.030332 -0.322397 -0.373111
v 0.015828 -0.307891 -0.382782
v 0.015828 -0.336902 -0.426299
v 0.030332 -0.351408 -0.416628
v 0.030332 -0.322397 -0.373111
v 0.044839 -0.370749 -0.402122
v 0.044839 -0.341737 -0.358605
v 0.030332 -0.322397 -0.373111
v 0.030332 -0.351408 -0.416628
v 0.044839 -0.370749 -0.402122
v 0.044839 -0.341737 -0.358605
v 0.049675 -0.390090 -0.392452
v 0.044839 -0.361079 -0.348935
v 0.044839 -0.341737 -0.358605
v 0.044839 -0.370749 -0.402122
v 0.049675 -0.390090 -0.392452
v 0.044839 -0.361079 -0.348935
v 0.044839 -0.409431 -0.377946
v 0.044839 -0.385255 -0.334429
v 0.044839 -0.361079 -0.348935
v 0.049675 -0.390090 -0.392452
v 0.044839 -0.409431 -0.377946
v 0.044839 -0.385255 -0.334429
v 0.030332 -0.428772 -0.363440
v 0.030332 -0.404596 -0.319923
v 0.044839 -0.385255 -0.334429
v 0.044839 -0.409431 -0.377946
v 0.030332 -0.428772 -0.363440
v 0.030332 -0.404596 -0.319923
v 0.015828 -0.443278 -0.358605
v 0.015828 -0.419102 -0.310252
v 0.030332 -0.404596 -0.319923
v 0.030332 -0.428772 -0.363440
v 0.015828 -0.443278 -0.358605
v 0.015828 -0.419102 -0.310252
v 0.015828 -0.443278 -0.358605
v -0.008350 -0.452949 -0.348935
v -0.032524 -0.259538 -0.561686
v -0.032524 -0.293385 -0.460146
v -0.032524 -0.327232 -0.518169
v -0.032524 -0.293385 -0.460146
v -0.105054 -0.346573 -0.508498
v -0.032524 -0.327232 -0.518169
v -0.032524 -0.259538 -0.561686
v -0.032524 -0.254702 -0.484322
v -0.032524 -0.293385 -0.460146
v -0.032524 -0.293385 -0.460146
v -0.105054 -0.312726 -0.450475
v -0.105054 -0.346573 -0.508498
v -0.032524 -0.293385 -0.460146
v -0.032524 -0.341737 -0.431134
v -0.105054 -0.312726 -0.450475
v -0.032524 -0.254702 -0.484322
v -0.013184 -0.341737 -0.431134
v -0.032524 -0.293385 -0.460146
v -0.032524 -0.341737 -0.431134
v -0.080879 -0.220856 -0.585863
v -0.032524 -0.259538 -0.561686
v -0.032524 -0.327232 -0.518169
v -0.080879 -0.220856 -0.585863
v -0.032524 -0.327232 -0.518169
v -0.105054 -0.346573 -0.508498
v -0.032524 -0.254702 -0.484322
v -0.027690 -0.269209 -0.474652
v -0.013184 -0.341737 -0.431134
v -0.105054 -0.312726 -0.450475
v -0.119561 -0.317561 -0.445640
v -0.105054 -0.346573 -0.508498
v -0.105054 -0.312726 -0.450475
v -0.109890 -0.491631 -0.334429
v -0.119561 -0.317561 -0.445640
v -0.105054 -0.312726 -0.450475
v -0.095383 -0.394925 -0.397287
v -0.109890 -0.491631 -0.334429
v -0.105054 -0.312726 -0.450475
v -0.032524 -0.341737 -0.431134
v -0.051868 -0.341737 -0.431134
v -0.105054 -0.312726 -0.450475
v -0.051868 -0.341737 -0.431134
v -0.071208 -0.351408 -0.426299
v -0.105054 -0.312726 -0.450475
v -0.071208 -0.351408 -0.426299
v -0.085713 -0.361079 -0.416628
v -0.105054 -0.312726 -0.450475
v -0.085713 -0.361079 -0.416628
v -0.095383 -0.380420 -0.406958
v -0.105054 -0.312726 -0.450475
v -0.095383 -0.380420 -0.406958
v -0.095383 -0.394925 -0.397287
v -0.080879 -0.220856 -0.585863
v -0.105054 -0.346573 -0.508498
v -0.545063 -0.220856 -0.585863
v -0.545063 -0.220856 -0.585863
v -0.105054 -0.346573 -0.508498
v -0.119561 -0.351408 -0.503663
v -0.119561 -0.317561 -0.445640
v -0.119561 -0.351408 -0.503663
v -0.105054 -0.346573 -0.508498
v -0.545063 -0.220856 -0.585863
v -0.119561 -0.351408 -0.503663
v -0.134065 -0.361079 -0.498828
v -0.134065 -0.327232 -0.440805
v -0.134065 -0.361079 -0.498828
v -0.119561 -0.351408 -0.503663
v -0.119561 -0.317561 -0.445640
v -0.134065 -0.327232 -0.440805
v -0.119561 -0.351408 -0.503663
v -0.545063 -0.220856 -0.585863
v -0.134065 -0.361079 -0.498828
v -0.138901 -0.370749 -0.489157
v -0.138901 -0.336902 -0.435970
v -0.138901 -0.370749 -0.489157
v -0.134065 -0.361079 -0.498828
v -0.134065 -0.327232 -0.440805
v -0.138901 -0.336902 -0.435970
v -0.134065 -0.361079 -0.498828
v -0.545063 -0.220856 -0.585863
v -0.138901 -0.370749 -0.489157
v -0.143738 -0.385255 -0.479487
v -0.143738 -0.351408 -0.426299
v -0.143738 -0.385255 -0.479487
v -0.138901 -0.370749 -0.489157
v -0.138901 -0.336902 -0.435970
v -0.143738 -0.351408 -0.426299
v -0.138901 -0.370749 -0.489157
v -0.545063 -0.220856 -0.585863
v -0.143738 -0.385255 -0.479487
v -0.143738 -0.409431 -0.464981
v -0.143738 -0.375584 -0.411793
v -0.143738 -0.409431 -0.464981
v -0.143738 -0.385255 -0.479487
v -0.143738 -0.351408 -0.426299
v -0.143738 -0.375584 -0.411793
v -0.143738 -0.385255 -0.479487
v -0.143738 -0.409431 -0.464981
v -0.182419 -0.443278 -0.445640
v -0.196924 -0.423937 -0.455310
v -0.143738 -0.409431 -0.464981
v -0.182419 -0.409431 -0.392452
v -0.182419 -0.443278 -0.445640
v -0.143738 -0.409431 -0.464981
v -0.196924 -0.423937 -0.455310
v -0.206594 -0.414267 -0.464981
v -0.545063 -0.220856 -0.585863
v -0.143738 -0.409431 -0.464981
v -0.206594 -0.414267 -0.464981
v -0.143738 -0.375584 -0.411793
v -0.182419 -0.409431 -0.392452
v -0.143738 -0.409431 -0.464981
v -0.545063 -0.220856 -0.585863
v -0.206594 -0.414267 -0.464981
v -0.221101 -0.409431 -0.469817
v -0.211431 -0.167668 -0.508498
v -0.545063 -0.220856 -0.585863
v -0.288794 -0.167668 -0.508498
v -0.545063 -0.220856 -0.585863
v -0.540230 -0.327232 -0.755097
v -0.583745 -0.327232 -0.755097
v -0.545063 -0.220856 -0.585863
v -0.540230 -0.356244 -0.668063
v -0.540230 -0.327232 -0.755097
v -0.545063 -0.220856 -0.585863
v -0.540230 -0.375584 -0.585863
v -0.540230 -0.356244 -0.595533
v -0.545063 -0.220856 -0.585863
v -0.540230 -0.356244 -0.595533
v -0.540230 -0.341737 -0.610039
v -0.545063 -0.220856 -0.585863
v -0.540230 -0.341737 -0.610039
v -0.540230 -0.336902 -0.629380
v -0.545063 -0.220856 -0.585863
v -0.540230 -0.336902 -0.629380
v -0.540230 -0.341737 -0.653556
v -0.545063 -0.220856 -0.585863
v -0.540230 -0.341737 -0.653556
v -0.540230 -0.356244 -0.668063
v -0.288794 -0.157997 -0.513333
v -0.211431 -0.167668 -0.508498
v -0.288794 -0.167668 -0.508498
v -0.283960 -0.153162 -0.518169
v -0.211431 -0.167668 -0.508498
v -0.288794 -0.157997 -0.513333
v -0.216265 -0.153162 -0.518169
v -0.211431 -0.167668 -0.508498
v -0.283960 -0.153162 -0.518169
v -0.216265 -0.153162 -0.518169
v -0.211431 -0.157997 -0.513333
v -0.211431 -0.167668 -0.508498
v -0.540230 -0.327232 -0.755097
v -0.583745 -0.380420 -0.726086
v -0.583745 -0.327232 -0.755097
v -0.540230 -0.327232 -0.755097
v -0.540230 -0.356244 -0.668063
v -0.540230 -0.380420 -0.672898
v -0.540230 -0.327232 -0.755097
v -0.612759 -0.462619 -0.672898
v -0.583745 -0.380420 -0.726086
v -0.540230 -0.327232 -0.755097
v -0.583745 -0.462619 -0.672898
v -0.607922 -0.462619 -0.672898
v -0.540230 -0.327232 -0.755097
v -0.607922 -0.462619 -0.672898
v -0.612759 -0.462619 -0.672898
v -0.583745 -0.003269 -0.242559
v -0.583745 -0.327232 -0.755097
v -0.583745 -0.380420 -0.726086
v -0.583745 -0.003269 -0.242559
v -0.583745 -0.380420 -0.726086
v -0.583745 -0.051621 -0.208712
v -0.182419 -0.128986 -0.440805
v -0.032524 -0.211185 -0.387617
v -0.211431 -0.128986 -0.440805
v -0.211431 -0.128986 -0.440805
v -0.032524 -0.211185 -0.387617
v -0.221101 -0.230526 -0.377946
v -0.211431 -0.128986 -0.440805
v -0.221101 -0.230526 -0.377946
v -0.235605 -0.235362 -0.377946
v -0.182419 -0.128986 -0.440805
v -0.032524 -0.167668 -0.416628
v -0.032524 -0.211185 -0.387617
v -0.540230 -0.380420 -0.672898
v -0.612759 -0.399761 -0.668063
v -0.540230 -0.399761 -0.668063
v -0.540230 -0.356244 -0.668063
v -0.612759 -0.380420 -0.672898
v -0.540230 -0.380420 -0.672898
v -0.540230 -0.380420 -0.672898
v -0.612759 -0.380420 -0.672898
v -0.612759 -0.399761 -0.668063
v -0.540230 -0.414267 -0.648721
v -0.540230 -0.399761 -0.668063
v -0.612759 -0.414267 -0.648721
v -0.612759 -0.399761 -0.668063
v -0.540230 -0.414267 -0.648721
v -0.612759 -0.419102 -0.629380
v -0.540230 -0.419102 -0.629380
v -0.540230 -0.414267 -0.648721
v -0.612759 -0.414267 -0.648721
v -0.612759 -0.419102 -0.629380
v -0.540230 -0.414267 -0.605204
v -0.540230 -0.419102 -0.629380
v -0.612759 -0.414267 -0.605204
v -0.612759 -0.414267 -0.605204
v -0.540230 -0.419102 -0.629380
v -0.612759 -0.419102 -0.629380
v -0.540230 -0.399761 -0.590698
v -0.540230 -0.414267 -0.605204
v -0.612759 -0.399761 -0.590698
v -0.612759 -0.399761 -0.590698
v -0.540230 -0.414267 -0.605204
v -0.612759 -0.414267 -0.605204
v -0.540230 -0.375584 -0.585863
v -0.540230 -0.399761 -0.590698
v -0.612759 -0.375584 -0.585863
v -0.612759 -0.375584 -0.585863
v -0.540230 -0.399761 -0.590698
v -0.612759 -0.399761 -0.590698
v -0.540230 -0.356244 -0.595533
v -0.540230 -0.375584 -0.585863
v -0.612759 -0.356244 -0.595533
v -0.612759 -0.356244 -0.595533
v -0.540230 -0.375584 -0.585863
v -0.612759 -0.375584 -0.585863
v -0.540230 -0.341737 -0.610039
v -0.540230 -0.356244 -0.595533
v -0.612759 -0.341737 -0.610039
v -0.612759 -0.341737 -0.610039
v -0.540230 -0.356244 -0.595533
v -0.612759 -0.356244 -0.595533
v -0.540230 -0.336902 -0.629380
v -0.540230 -0.341737 -0.610039
v -0.612759 -0.336902 -0.629380
v -0.612759 -0.336902 -0.629380
v -0.540230 -0.341737 -0.610039
v -0.612759 -0.341737 -0.610039
v -0.540230 -0.336902 -0.629380
v -0.612759 -0.341737 -0.653556
v -0.540230 -0.341737 -0.653556
v -0.540230 -0.336902 -0.629380
v -0.612759 -0.336902 -0.629380
v -0.612759 -0.341737 -0.653556
v -0.540230 -0.356244 -0.668063
v -0.540230 -0.341737 -0.653556
v -0.612759 -0.356244 -0.668063
v -0.612759 -0.341737 -0.653556
v -0.540230 -0.356244 -0.668063
v -0.612759 -0.356244 -0.668063
v -0.612759 -0.380420 -0.672898
v -0.583745 -0.380420 -0.726086
v -0.612759 -0.380420 -0.721250
v -0.607922 -0.380420 -0.726086
v -0.583745 -0.051621 -0.208712
v -0.583745 -0.380420 -0.726086
v -0.607922 -0.380420 -0.726086
v -0.612759 -0.051621 -0.208712
v -0.607922 -0.380420 -0.726086
v -0.612759 -0.380420 -0.721250
v -0.583745 -0.051621 -0.208712
v -0.607922 -0.380420 -0.726086
v -0.612759 -0.051621 -0.208712
v -0.583745 -0.380420 -0.726086
v -0.612759 -0.462619 -0.672898
v -0.612759 -0.380420 -0.721250
v -0.612759 -0.138656 -0.155524
v -0.607922 -0.462619 -0.672898
v -0.583745 -0.462619 -0.672898
v -0.583745 -0.138656 -0.155524
v -0.612759 -0.138656 -0.155524
v -0.583745 -0.462619 -0.672898
v -0.612759 -0.133821 -0.155524
v -0.612759 -0.462619 -0.672898
v -0.607922 -0.462619 -0.672898
v -0.612759 -0.133821 -0.155524
v -0.607922 -0.462619 -0.672898
v -0.612759 -0.138656 -0.155524
v -0.612759 -0.380420 -0.721250
v -0.612759 -0.462619 -0.672898
v -0.612759 -0.380420 -0.672898
v -0.612759 -0.133821 -0.155524
v -0.612759 -0.172503 -0.228053
v -0.612759 -0.462619 -0.672898
v -0.612759 -0.380420 -0.672898
v -0.612759 -0.462619 -0.672898
v -0.612759 -0.399761 -0.668063
v -0.612759 -0.399761 -0.668063
v -0.612759 -0.462619 -0.672898
v -0.612759 -0.414267 -0.648721
v -0.612759 -0.414267 -0.605204
v -0.612759 -0.419102 -0.629380
v -0.612759 -0.462619 -0.672898
v -0.612759 -0.182174 -0.247394
v -0.612759 -0.414267 -0.605204
v -0.612759 -0.462619 -0.672898
v -0.612759 -0.414267 -0.648721
v -0.612759 -0.462619 -0.672898
v -0.612759 -0.419102 -0.629380
v -0.612759 -0.172503 -0.228053
v -0.612759 -0.182174 -0.247394
v -0.612759 -0.462619 -0.672898
v -0.612759 -0.051621 -0.208712
v -0.612759 -0.380420 -0.721250
v -0.612759 -0.056457 -0.208712
v -0.612759 -0.056457 -0.208712
v -0.612759 -0.380420 -0.721250
v -0.612759 -0.341737 -0.653556
v -0.612759 -0.356244 -0.668063
v -0.612759 -0.380420 -0.721250
v -0.612759 -0.380420 -0.672898
v -0.612759 -0.341737 -0.653556
v -0.612759 -0.380420 -0.721250
v -0.612759 -0.356244 -0.668063
v -0.612759 -0.056457 -0.208712
v -0.612759 -0.133821 -0.208712
v -0.612759 -0.133821 -0.155524
v -0.612759 -0.056457 -0.208712
v -0.612759 -0.133821 -0.155524
v -0.583745 -0.138656 -0.155524
v -0.612759 -0.056457 -0.208712
v -0.612759 -0.341737 -0.653556
v -0.612759 -0.336902 -0.629380
v -0.612759 -0.056457 -0.208712
v -0.612759 -0.336902 -0.629380
v -0.612759 -0.099974 -0.271570
v -0.612759 -0.056457 -0.208712
v -0.612759 -0.099974 -0.271570
v -0.612759 -0.095139 -0.252229
v -0.612759 -0.056457 -0.208712
v -0.612759 -0.095139 -0.252229
v -0.612759 -0.099974 -0.228053
v -0.612759 -0.056457 -0.208712
v -0.612759 -0.099974 -0.228053
v -0.612759 -0.114480 -0.213547
v -0.612759 -0.056457 -0.208712
v -0.612759 -0.114480 -0.213547
v -0.612759 -0.133821 -0.208712
v -0.612759 -0.133821 -0.208712
v -0.612759 -0.157997 -0.213547
v -0.612759 -0.133821 -0.155524
v -0.612759 -0.133821 -0.155524
v -0.612759 -0.157997 -0.213547
v -0.612759 -0.172503 -0.228053
v -0.612759 -0.133821 -0.155524
v -0.612759 -0.138656 -0.155524
v -0.583745 -0.138656 -0.155524
v -0.612759 -0.099974 -0.271570
v -0.612759 -0.336902 -0.629380
v -0.612759 -0.341737 -0.610039
v -0.612759 -0.099974 -0.271570
v -0.612759 -0.341737 -0.610039
v -0.612759 -0.356244 -0.595533
v -0.612759 -0.138656 -0.290912
v -0.612759 -0.356244 -0.595533
v -0.612759 -0.162832 -0.286076
v -0.612759 -0.119315 -0.286076
v -0.612759 -0.356244 -0.595533
v -0.612759 -0.138656 -0.290912
v -0.612759 -0.099974 -0.271570
v -0.612759 -0.356244 -0.595533
v -0.612759 -0.119315 -0.286076
v -0.612759 -0.356244 -0.595533
v -0.612759 -0.375584 -0.585863
v -0.612759 -0.162832 -0.286076
v -0.612759 -0.399761 -0.590698
v -0.612759 -0.162832 -0.286076
v -0.612759 -0.399761 -0.590698
v -0.612759 -0.414267 -0.605204
v -0.612759 -0.162832 -0.286076
v -0.612759 -0.414267 -0.605204
v -0.612759 -0.177339 -0.271570
v -0.612759 -0.177339 -0.271570
v -0.612759 -0.414267 -0.605204
v -0.612759 -0.182174 -0.247394
v -0.119561 -0.317561 -0.445640
v -0.109890 -0.491631 -0.334429
v -0.134065 -0.327232 -0.440805
v -0.032524 -0.448114 -0.363440
v -0.018020 -0.510972 -0.324758
v -0.051868 -0.510972 -0.324758
v -0.013184 -0.448114 -0.363440
v 0.069016 -0.506137 -0.329594
v -0.018020 -0.510972 -0.324758
v -0.013184 -0.448114 -0.363440
v -0.018020 -0.510972 -0.324758
v -0.032524 -0.448114 -0.363440
v -0.071208 -0.438443 -0.368275
v -0.051868 -0.510972 -0.324758
v -0.080879 -0.506137 -0.329594
v -0.051868 -0.448114 -0.363440
v -0.032524 -0.448114 -0.363440
v -0.051868 -0.510972 -0.324758
v -0.071208 -0.438443 -0.368275
v -0.051868 -0.448114 -0.363440
v -0.051868 -0.510972 -0.324758
v -0.095383 -0.394925 -0.397287
v -0.080879 -0.506137 -0.329594
v -0.109890 -0.491631 -0.334429
v -0.095383 -0.394925 -0.397287
v -0.095383 -0.414267 -0.387617
v -0.080879 -0.506137 -0.329594
v -0.095383 -0.414267 -0.387617
v -0.085713 -0.428772 -0.377946
v -0.080879 -0.506137 -0.329594
v -0.085713 -0.428772 -0.377946
v -0.071208 -0.438443 -0.368275
v -0.080879 -0.506137 -0.329594
v -0.134065 -0.327232 -0.440805
v -0.109890 -0.491631 -0.334429
v -0.134065 -0.472290 -0.348935
v -0.143738 -0.375584 -0.411793
v -0.134065 -0.472290 -0.348935
v -0.153408 -0.452949 -0.363440
v -0.143738 -0.351408 -0.426299
v -0.134065 -0.472290 -0.348935
v -0.143738 -0.375584 -0.411793
v -0.138901 -0.336902 -0.435970
v -0.134065 -0.472290 -0.348935
v -0.143738 -0.351408 -0.426299
v -0.134065 -0.327232 -0.440805
v -0.134065 -0.472290 -0.348935
v -0.138901 -0.336902 -0.435970
v -0.143738 -0.375584 -0.411793
v -0.153408 -0.452949 -0.363440
v -0.167913 -0.428772 -0.377946
v -0.143738 -0.375584 -0.411793
v -0.167913 -0.428772 -0.377946
v -0.172749 -0.419102 -0.382782
v -0.143738 -0.375584 -0.411793
v -0.172749 -0.419102 -0.382782
v -0.182419 -0.409431 -0.392452
v -0.027690 -0.269209 -0.474652
v -0.018020 -0.283714 -0.469817
v -0.013184 -0.341737 -0.431134
v -0.018020 -0.283714 -0.469817
v -0.003513 -0.288550 -0.464981
v -0.013184 -0.341737 -0.431134
v -0.003513 -0.288550 -0.464981
v 0.010991 -0.288550 -0.464981
v 0.006157 -0.351408 -0.426299
v -0.003513 -0.288550 -0.464981
v 0.006157 -0.351408 -0.426299
v -0.013184 -0.341737 -0.431134
v 0.030332 -0.283714 -0.464981
v 0.030332 -0.375584 -0.406958
v 0.010991 -0.288550 -0.464981
v 0.010991 -0.288550 -0.464981
v 0.030332 -0.375584 -0.406958
v 0.020662 -0.361079 -0.416628
v 0.010991 -0.288550 -0.464981
v 0.020662 -0.361079 -0.416628
v 0.006157 -0.351408 -0.426299
v 0.030332 -0.283714 -0.464981
v 0.069016 -0.506137 -0.329594
v 0.030332 -0.394925 -0.397287
v 0.030332 -0.283714 -0.464981
v 0.030332 -0.394925 -0.397287
v 0.030332 -0.375584 -0.406958
v 0.006157 -0.438443 -0.368275
v 0.069016 -0.506137 -0.329594
v -0.013184 -0.448114 -0.363440
v 0.020662 -0.428772 -0.377946
v 0.069016 -0.506137 -0.329594
v 0.006157 -0.438443 -0.368275
v 0.030332 -0.409431 -0.387617
v 0.069016 -0.506137 -0.329594
v 0.020662 -0.428772 -0.377946
v 0.030332 -0.394925 -0.397287
v 0.069016 -0.506137 -0.329594
v 0.030332 -0.409431 -0.387617
v -0.032524 -0.448114 -0.353770
v -0.013184 -0.448114 -0.363440
v -0.032524 -0.448114 -0.363440
v -0.051868 -0.443278 -0.358605
v -0.032524 -0.448114 -0.363440
v -0.051868 -0.448114 -0.363440
v -0.051868 -0.443278 -0.358605
v -0.032524 -0.448114 -0.353770
v -0.032524 -0.448114 -0.363440
v 0.006157 -0.438443 -0.368275
v -0.013184 -0.448114 -0.363440
v -0.013184 -0.443278 -0.358605
v -0.013184 -0.443278 -0.358605
v -0.013184 -0.448114 -0.363440
v -0.032524 -0.448114 -0.353770
v 0.020662 -0.428772 -0.377946
v 0.006157 -0.438443 -0.368275
v 0.006157 -0.433608 -0.363440
v 0.006157 -0.433608 -0.363440
v 0.006157 -0.438443 -0.368275
v -0.013184 -0.443278 -0.358605
v 0.030332 -0.409431 -0.387617
v 0.020662 -0.428772 -0.377946
v 0.020662 -0.423937 -0.368275
v 0.020662 -0.423937 -0.368275
v 0.020662 -0.428772 -0.377946
v 0.006157 -0.433608 -0.363440
v 0.030332 -0.394925 -0.397287
v 0.030332 -0.409431 -0.387617
v 0.030332 -0.409431 -0.377946
v 0.030332 -0.409431 -0.377946
v 0.030332 -0.409431 -0.387617
v 0.020662 -0.423937 -0.368275
v 0.030332 -0.375584 -0.406958
v 0.030332 -0.394925 -0.397287
v 0.030332 -0.390090 -0.392452
v 0.030332 -0.390090 -0.392452
v 0.030332 -0.394925 -0.397287
v 0.030332 -0.409431 -0.377946
v 0.020662 -0.361079 -0.416628
v 0.030332 -0.375584 -0.406958
v 0.030332 -0.375584 -0.402122
v 0.030332 -0.375584 -0.402122
v 0.030332 -0.375584 -0.406958
v 0.030332 -0.390090 -0.392452
v 0.006157 -0.351408 -0.426299
v 0.020662 -0.361079 -0.416628
v 0.020662 -0.356244 -0.411793
v 0.020662 -0.356244 -0.411793
v 0.020662 -0.361079 -0.416628
v 0.030332 -0.375584 -0.402122
v -0.013184 -0.341737 -0.431134
v 0.006157 -0.351408 -0.426299
v 0.006157 -0.346573 -0.416628
v 0.006157 -0.346573 -0.416628
v 0.006157 -0.351408 -0.426299
v 0.020662 -0.356244 -0.411793
v -0.013184 -0.336902 -0.426299
v -0.032524 -0.341737 -0.431134
v -0.013184 -0.341737 -0.431134
v -0.013184 -0.336902 -0.426299
v -0.013184 -0.341737 -0.431134
v 0.006157 -0.346573 -0.416628
v -0.032524 -0.336902 -0.426299
v -0.051868 -0.341737 -0.431134
v -0.032524 -0.341737 -0.431134
v -0.032524 -0.336902 -0.426299
v -0.032524 -0.341737 -0.431134
v -0.013184 -0.336902 -0.426299
v -0.051868 -0.336902 -0.426299
v -0.071208 -0.351408 -0.426299
v -0.051868 -0.341737 -0.431134
v -0.032524 -0.336902 -0.426299
v -0.051868 -0.336902 -0.426299
v -0.051868 -0.341737 -0.431134
v -0.071208 -0.346573 -0.421463
v -0.085713 -0.361079 -0.416628
v -0.071208 -0.351408 -0.426299
v -0.051868 -0.336902 -0.426299
v -0.071208 -0.346573 -0.421463
v -0.071208 -0.351408 -0.426299
v -0.085713 -0.361079 -0.411793
v -0.095383 -0.380420 -0.406958
v -0.085713 -0.361079 -0.416628
v -0.071208 -0.346573 -0.421463
v -0.085713 -0.361079 -0.411793
v -0.085713 -0.361079 -0.416628
v -0.095383 -0.375584 -0.402122
v -0.095383 -0.394925 -0.397287
v -0.095383 -0.380420 -0.406958
v -0.085713 -0.361079 -0.411793
v -0.095383 -0.375584 -0.402122
v -0.095383 -0.380420 -0.406958
v -0.095383 -0.390090 -0.392452
v -0.095383 -0.414267 -0.387617
v -0.095383 -0.394925 -0.397287
v -0.095383 -0.375584 -0.402122
v -0.095383 -0.390090 -0.392452
v -0.095383 -0.394925 -0.397287
v -0.095383 -0.409431 -0.377946
v -0.085713 -0.428772 -0.377946
v -0.095383 -0.414267 -0.387617
v -0.095383 -0.390090 -0.392452
v -0.095383 -0.409431 -0.377946
v -0.095383 -0.414267 -0.387617
v -0.085713 -0.423937 -0.368275
v -0.071208 -0.438443 -0.368275
v -0.085713 -0.428772 -0.377946
v -0.095383 -0.409431 -0.377946
v -0.085713 -0.423937 -0.368275
v -0.085713 -0.428772 -0.377946
v -0.071208 -0.433608 -0.363440
v -0.051868 -0.448114 -0.363440
v -0.071208 -0.438443 -0.368275
v -0.085713 -0.423937 -0.368275
v -0.071208 -0.433608 -0.363440
v -0.071208 -0.438443 -0.368275
v -0.071208 -0.433608 -0.363440
v -0.051868 -0.443278 -0.358605
v -0.051868 -0.448114 -0.363440
v -0.051868 -0.443278 -0.358605
v -0.056702 -0.452949 -0.348935
v -0.032524 -0.448114 -0.353770
v -0.071208 -0.433608 -0.363440
v -0.056702 -0.452949 -0.348935
v -0.051868 -0.443278 -0.358605
v -0.032524 -0.448114 -0.353770
v -0.056702 -0.452949 -0.348935
v -0.032524 -0.457784 -0.348935
v -0.013184 -0.443278 -0.358605
v -0.032524 -0.448114 -0.353770
v -0.032524 -0.457784 -0.348935
v -0.071208 -0.433608 -0.363440
v -0.080879 -0.443278 -0.358605
v -0.056702 -0.452949 -0.348935
v -0.013184 -0.443278 -0.358605
v -0.032524 -0.457784 -0.348935
v -0.008350 -0.452949 -0.348935
v 0.006157 -0.433608 -0.363440
v -0.008350 -0.452949 -0.348935
v 0.015828 -0.443278 -0.358605
v 0.006157 -0.433608 -0.363440
v -0.013184 -0.443278 -0.358605
v -0.008350 -0.452949 -0.348935
v 0.030332 -0.409431 -0.377946
v 0.015828 -0.443278 -0.358605
v 0.030332 -0.428772 -0.363440
v 0.030332 -0.409431 -0.377946
v 0.020662 -0.423937 -0.368275
v 0.015828 -0.443278 -0.358605
v 0.020662 -0.423937 -0.368275
v 0.006157 -0.433608 -0.363440
v 0.015828 -0.443278 -0.358605
v 0.044839 -0.370749 -0.402122
v 0.030332 -0.428772 -0.363440
v 0.044839 -0.409431 -0.377946
v 0.044839 -0.370749 -0.402122
v 0.030332 -0.390090 -0.392452
v 0.030332 -0.428772 -0.363440
v 0.030332 -0.390090 -0.392452
v 0.030332 -0.409431 -0.377946
v 0.030332 -0.428772 -0.363440
v 0.044839 -0.370749 -0.402122
v 0.044839 -0.409431 -0.377946
v 0.049675 -0.390090 -0.392452
v 0.030332 -0.351408 -0.416628
v 0.030332 -0.390090 -0.392452
v 0.044839 -0.370749 -0.402122
v 0.015828 -0.336902 -0.426299
v 0.020662 -0.356244 -0.411793
v 0.030332 -0.351408 -0.416628
v 0.030332 -0.351408 -0.416628
v 0.020662 -0.356244 -0.411793
v 0.030332 -0.375584 -0.402122
v 0.030332 -0.351408 -0.416628
v 0.030332 -0.375584 -0.402122
v 0.030332 -0.390090 -0.392452
v -0.008350 -0.327232 -0.431134
v 0.006157 -0.346573 -0.416628
v 0.015828 -0.336902 -0.426299
v 0.015828 -0.336902 -0.426299
v 0.006157 -0.346573 -0.416628
v 0.020662 -0.356244 -0.411793
v -0.032524 -0.322397 -0.435970
v -0.032524 -0.336902 -0.426299
v -0.008350 -0.327232 -0.431134
v -0.008350 -0.327232 -0.431134
v -0.032524 -0.336902 -0.426299
v -0.013184 -0.336902 -0.426299
v -0.008350 -0.327232 -0.431134
v -0.013184 -0.336902 -0.426299
v 0.006157 -0.346573 -0.416628
v -0.032524 -0.322397 -0.435970
v -0.056702 -0.327232 -0.431134
v -0.051868 -0.336902 -0.426299
v -0.032524 -0.322397 -0.435970
v -0.051868 -0.336902 -0.426299
v -0.032524 -0.336902 -0.426299
v -0.056702 -0.327232 -0.431134
v -0.080879 -0.336902 -0.426299
v -0.071208 -0.346573 -0.421463
v -0.056702 -0.327232 -0.431134
v -0.071208 -0.346573 -0.421463
v -0.051868 -0.336902 -0.426299
v -0.080879 -0.336902 -0.426299
v -0.095383 -0.351408 -0.416628
v -0.095383 -0.375584 -0.402122
v -0.080879 -0.336902 -0.426299
v -0.095383 -0.375584 -0.402122
v -0.085713 -0.361079 -0.411793
v -0.080879 -0.336902 -0.426299
v -0.085713 -0.361079 -0.411793
v -0.071208 -0.346573 -0.421463
v -0.095383 -0.351408 -0.416628
v -0.109890 -0.370749 -0.402122
v -0.109890 -0.414267 -0.377946
v -0.095383 -0.351408 -0.416628
v -0.109890 -0.414267 -0.377946
v -0.095383 -0.390090 -0.392452
v -0.095383 -0.351408 -0.416628
v -0.095383 -0.390090 -0.392452
v -0.095383 -0.375584 -0.402122
v -0.109890 -0.370749 -0.402122
v -0.114724 -0.390090 -0.392452
v -0.109890 -0.414267 -0.377946
v -0.095383 -0.390090 -0.392452
v -0.109890 -0.414267 -0.377946
v -0.095383 -0.428772 -0.363440
v -0.095383 -0.409431 -0.377946
v -0.095383 -0.428772 -0.363440
v -0.085713 -0.423937 -0.368275
v -0.095383 -0.390090 -0.392452
v -0.095383 -0.428772 -0.363440
v -0.095383 -0.409431 -0.377946
v -0.095383 -0.428772 -0.363440
v -0.080879 -0.443278 -0.358605
v -0.085713 -0.423937 -0.368275
v -0.071208 -0.433608 -0.363440
v -0.545063 0.272342 0.603613
v -0.259783 0.161131 0.424709
v -0.259783 0.204648 0.497237
v -0.259783 0.209484 0.395697
v -0.259783 0.204648 0.497237
v -0.259783 0.161131 0.424709
v -0.545063 0.272342 0.603613
v -0.545063 0.161131 0.424709
v -0.259783 0.161131 0.424709
v -0.293630 0.359377 0.298991
v -0.259783 0.161131 0.424709
v -0.293630 0.349706 0.308662
v -0.545063 0.161131 0.424709
v -0.545063 0.344870 0.308662
v -0.259783 0.161131 0.424709
v -0.293630 0.349706 0.308662
v -0.288794 0.364212 0.298991
v -0.259783 0.161131 0.424709
v -0.293630 0.359377 0.298991
v -0.288794 0.364212 0.298991
v -0.259783 0.209484 0.395697
v -0.259783 0.161131 0.424709
v -0.545063 0.272342 0.603613
v -0.259783 0.204648 0.497237
v -0.240442 0.209484 0.497237
v -0.259783 0.257836 0.468226
v -0.240442 0.209484 0.497237
v -0.259783 0.204648 0.497237
v -0.259783 0.257836 0.468226
v -0.259783 0.204648 0.497237
v -0.259783 0.209484 0.395697
v -0.245278 0.272342 0.603613
v -0.545063 0.272342 0.603613
v -0.240442 0.209484 0.497237
v -0.245278 0.272342 0.603613
v -0.240442 0.209484 0.497237
v -0.225935 0.204648 0.502073
v -0.240442 0.286847 0.448885
v -0.225935 0.204648 0.502073
v -0.240442 0.209484 0.497237
v -0.259783 0.267507 0.458555
v -0.240442 0.209484 0.497237
v -0.259783 0.257836 0.468226
v -0.250112 0.282012 0.453720
v -0.240442 0.209484 0.497237
v -0.259783 0.267507 0.458555
v -0.240442 0.286847 0.448885
v -0.240442 0.209484 0.497237
v -0.250112 0.282012 0.453720
v -0.085713 0.460917 0.487567
v -0.545063 0.272342 0.603613
v -0.245278 0.272342 0.603613
v -0.085713 0.460917 0.487567
v -0.245278 0.272342 0.603613
v -0.225935 0.272342 0.603613
v -0.245278 0.272342 0.603613
v -0.225935 0.204648 0.502073
v -0.225935 0.272342 0.603613
v -0.549900 0.407729 0.685813
v -0.549900 0.378718 0.772848
v -0.545063 0.272342 0.603613
v -0.549900 0.378718 0.772848
v -0.588582 0.378718 0.772848
v -0.545063 0.272342 0.603613
v -0.545063 0.161131 0.424709
v -0.085713 0.460917 0.487567
v -0.549900 0.460917 0.487567
v -0.545063 0.272342 0.603613
v -0.549900 0.460917 0.487567
v -0.549900 0.427070 0.603613
v -0.545063 0.272342 0.603613
v -0.549900 0.407729 0.608449
v -0.549900 0.393223 0.627790
v -0.545063 0.272342 0.603613
v -0.549900 0.427070 0.603613
v -0.549900 0.407729 0.608449
v -0.545063 0.272342 0.603613
v -0.549900 0.393223 0.627790
v -0.549900 0.388388 0.647131
v -0.545063 0.272342 0.603613
v -0.549900 0.393223 0.671307
v -0.545063 0.272342 0.603613
v -0.549900 0.388388 0.647131
v -0.549900 0.407729 0.685813
v -0.545063 0.272342 0.603613
v -0.549900 0.393223 0.671307
v -0.588582 0.431905 0.739001
v -0.588582 0.378718 0.772848
v -0.549900 0.378718 0.772848
v -0.549900 0.567293 0.656802
v -0.588582 0.567293 0.656802
v -0.549900 0.378718 0.772848
v -0.588582 0.567293 0.656802
v -0.588582 0.514105 0.685813
v -0.549900 0.378718 0.772848
v -0.549900 0.567293 0.656802
v -0.549900 0.378718 0.772848
v -0.549900 0.431905 0.690648
v -0.588582 0.514105 0.685813
v -0.617593 0.514105 0.685813
v -0.549900 0.378718 0.772848
v -0.617593 0.514105 0.685813
v -0.617593 0.514105 0.690648
v -0.549900 0.378718 0.772848
v -0.617593 0.514105 0.690648
v -0.588582 0.431905 0.739001
v -0.549900 0.378718 0.772848
v -0.549900 0.431905 0.690648
v -0.549900 0.378718 0.772848
v -0.549900 0.407729 0.685813
v -0.588582 0.378718 0.772848
v -0.583745 0.054754 0.255474
v -0.545063 0.054754 0.255474
v -0.588582 0.431905 0.739001
v -0.583745 0.054754 0.255474
v -0.588582 0.378718 0.772848
v -0.588582 0.378718 0.772848
v -0.545063 0.054754 0.255474
v -0.545063 0.161131 0.424709
v -0.545063 0.238495 0.139428
v -0.545063 0.054754 0.255474
v -0.583745 0.054754 0.255474
v -0.545063 0.238495 0.139428
v -0.583745 0.054754 0.255474
v -0.583745 0.103107 0.226462
v -0.588582 0.431905 0.739001
v -0.583745 0.103107 0.226462
v -0.583745 0.054754 0.255474
v -0.545063 0.170801 0.303827
v -0.545063 0.161131 0.424709
v -0.545063 0.054754 0.255474
v -0.545063 0.238495 0.139428
v -0.545063 0.185307 0.221627
v -0.545063 0.054754 0.255474
v -0.545063 0.185307 0.221627
v -0.545063 0.165966 0.231297
v -0.545063 0.054754 0.255474
v -0.545063 0.165966 0.231297
v -0.545063 0.151460 0.245804
v -0.545063 0.054754 0.255474
v -0.545063 0.151460 0.245804
v -0.545063 0.146625 0.265144
v -0.545063 0.054754 0.255474
v -0.545063 0.151460 0.289321
v -0.545063 0.054754 0.255474
v -0.545063 0.146625 0.265144
v -0.545063 0.170801 0.303827
v -0.545063 0.054754 0.255474
v -0.545063 0.151460 0.289321
v -0.545063 0.344870 0.308662
v -0.545063 0.161131 0.424709
v -0.545063 0.190142 0.308662
v -0.545063 0.190142 0.308662
v -0.545063 0.161131 0.424709
v -0.545063 0.170801 0.303827
v -0.293630 0.422235 0.395697
v -0.293630 0.359377 0.298991
v -0.293630 0.349706 0.308662
v -0.293630 0.407729 0.405367
v -0.293630 0.349706 0.308662
v -0.545063 0.344870 0.308662
v -0.293630 0.422235 0.395697
v -0.293630 0.349706 0.308662
v -0.293630 0.407729 0.405367
v -0.288794 0.427070 0.395697
v -0.288794 0.364212 0.298991
v -0.293630 0.359377 0.298991
v -0.288794 0.427070 0.395697
v -0.293630 0.359377 0.298991
v -0.293630 0.422235 0.395697
v -0.221101 0.364212 0.298991
v -0.225935 0.243330 0.371520
v -0.288794 0.364212 0.298991
v -0.221101 0.427070 0.395697
v -0.221101 0.364212 0.298991
v -0.288794 0.364212 0.298991
v -0.288794 0.364212 0.298991
v -0.225935 0.243330 0.371520
v -0.240442 0.243330 0.376356
v -0.288794 0.364212 0.298991
v -0.240442 0.243330 0.376356
v -0.250112 0.233660 0.381191
v -0.288794 0.364212 0.298991
v -0.250112 0.233660 0.381191
v -0.259783 0.223989 0.386026
v -0.288794 0.364212 0.298991
v -0.259783 0.223989 0.386026
v -0.259783 0.209484 0.395697
v -0.221101 0.427070 0.395697
v -0.288794 0.364212 0.298991
v -0.288794 0.427070 0.395697
v -0.221101 0.364212 0.298991
v -0.216265 0.359377 0.298991
v -0.216265 0.349706 0.308662
v -0.216265 0.422235 0.395697
v -0.216265 0.359377 0.298991
v -0.221101 0.364212 0.298991
v -0.221101 0.364212 0.298991
v -0.216265 0.349706 0.308662
v -0.225935 0.243330 0.371520
v -0.221101 0.427070 0.395697
v -0.216265 0.422235 0.395697
v -0.221101 0.364212 0.298991
v -0.216265 0.369047 0.342509
v -0.216265 0.349706 0.308662
v -0.216265 0.359377 0.298991
v -0.216265 0.422235 0.395697
v -0.216265 0.407729 0.405367
v -0.216265 0.359377 0.298991
v -0.216265 0.407729 0.405367
v -0.216265 0.393223 0.381191
v -0.216265 0.359377 0.298991
v -0.216265 0.393223 0.381191
v -0.216265 0.369047 0.342509
v -0.216265 0.359377 0.298991
v -0.187253 0.349706 0.308662
v -0.037361 0.262671 0.361850
v -0.216265 0.349706 0.308662
v -0.187253 0.369047 0.342509
v -0.187253 0.349706 0.308662
v -0.216265 0.349706 0.308662
v -0.216265 0.349706 0.308662
v -0.037361 0.262671 0.361850
v -0.225935 0.243330 0.371520
v -0.187253 0.369047 0.342509
v -0.216265 0.349706 0.308662
v -0.216265 0.369047 0.342509
v -0.187253 0.349706 0.308662
v -0.037361 0.306189 0.337674
v -0.037361 0.262671 0.361850
v -0.187253 0.369047 0.342509
v -0.037361 0.306189 0.337674
v -0.187253 0.349706 0.308662
v -0.037361 0.330365 0.371520
v -0.037361 0.262671 0.361850
v -0.037361 0.306189 0.337674
v -0.187253 0.369047 0.342509
v -0.037361 0.330365 0.371520
v -0.037361 0.306189 0.337674
v -0.037361 0.330365 0.371520
v -0.037361 0.286847 0.395697
v -0.037361 0.262671 0.361850
v -0.240442 0.262671 0.410202
v -0.240442 0.243330 0.376356
v -0.225935 0.243330 0.371520
v -0.225935 0.267507 0.405367
v -0.240442 0.262671 0.410202
v -0.225935 0.243330 0.371520
v -0.037361 0.262671 0.361850
v -0.037361 0.286847 0.395697
v -0.225935 0.243330 0.371520
v -0.225935 0.267507 0.405367
v -0.250112 0.282012 0.453720
v -0.250112 0.233660 0.381191
v -0.240442 0.243330 0.376356
v -0.240442 0.286847 0.448885
v -0.250112 0.282012 0.453720
v -0.240442 0.243330 0.376356
v -0.240442 0.286847 0.448885
v -0.240442 0.243330 0.376356
v -0.240442 0.262671 0.410202
v -0.259783 0.267507 0.458555
v -0.259783 0.223989 0.386026
v -0.250112 0.233660 0.381191
v -0.250112 0.282012 0.453720
v -0.259783 0.267507 0.458555
v -0.250112 0.233660 0.381191
v -0.259783 0.257836 0.468226
v -0.259783 0.209484 0.395697
v -0.259783 0.223989 0.386026
v -0.259783 0.267507 0.458555
v -0.259783 0.257836 0.468226
v -0.259783 0.223989 0.386026
v -0.085713 0.460917 0.487567
v -0.293630 0.407729 0.405367
v -0.545063 0.344870 0.308662
v -0.545063 0.344870 0.308662
v -0.545063 0.238495 0.139428
v -0.588582 0.238495 0.139428
v -0.545063 0.344870 0.308662
v -0.545063 0.209484 0.226462
v -0.545063 0.238495 0.139428
v -0.549900 0.460917 0.487567
v -0.545063 0.344870 0.308662
v -0.588582 0.238495 0.139428
v -0.085713 0.460917 0.487567
v -0.545063 0.344870 0.308662
v -0.549900 0.460917 0.487567
v -0.545063 0.344870 0.308662
v -0.545063 0.190142 0.308662
v -0.545063 0.214319 0.303827
v -0.545063 0.344870 0.308662
v -0.545063 0.214319 0.303827
v -0.545063 0.228824 0.284486
v -0.545063 0.344870 0.308662
v -0.545063 0.228824 0.284486
v -0.545063 0.233660 0.265144
v -0.545063 0.344870 0.308662
v -0.545063 0.233660 0.265144
v -0.545063 0.223989 0.240968
v -0.545063 0.344870 0.308662
v -0.545063 0.223989 0.240968
v -0.545063 0.209484 0.226462
v -0.288794 0.427070 0.395697
v -0.293630 0.422235 0.395697
v -0.293630 0.407729 0.405367
v -0.221101 0.427070 0.395697
v -0.288794 0.427070 0.395697
v -0.293630 0.407729 0.405367
v -0.221101 0.427070 0.395697
v -0.293630 0.407729 0.405367
v -0.216265 0.422235 0.395697
v -0.216265 0.422235 0.395697
v -0.293630 0.407729 0.405367
v -0.216265 0.407729 0.405367
v -0.085713 0.460917 0.487567
v -0.216265 0.407729 0.405367
v -0.293630 0.407729 0.405367
v -0.085713 0.460917 0.487567
v -0.216265 0.393223 0.381191
v -0.216265 0.407729 0.405367
v -0.216265 0.393223 0.381191
v -0.240442 0.262671 0.410202
v -0.216265 0.369047 0.342509
v -0.085713 0.460917 0.487567
v -0.085713 0.393223 0.381191
v -0.216265 0.393223 0.381191
v -0.216265 0.393223 0.381191
v -0.211431 0.199812 0.502073
v -0.225935 0.204648 0.502073
v -0.216265 0.393223 0.381191
v -0.225935 0.204648 0.502073
v -0.240442 0.286847 0.448885
v -0.216265 0.393223 0.381191
v -0.138901 0.103107 0.564932
v -0.158242 0.127284 0.550425
v -0.216265 0.393223 0.381191
v -0.114724 0.180472 0.516579
v -0.138901 0.103107 0.564932
v -0.216265 0.393223 0.381191
v -0.158242 0.127284 0.550425
v -0.172749 0.151460 0.535920
v -0.216265 0.393223 0.381191
v -0.172749 0.151460 0.535920
v -0.177583 0.161131 0.531084
v -0.216265 0.393223 0.381191
v -0.177583 0.161131 0.531084
v -0.201760 0.190142 0.511743
v -0.216265 0.393223 0.381191
v -0.201760 0.190142 0.511743
v -0.211431 0.199812 0.502073
v -0.216265 0.393223 0.381191
v -0.240442 0.286847 0.448885
v -0.240442 0.262671 0.410202
v -0.216265 0.393223 0.381191
v -0.100220 0.223989 0.487567
v -0.114724 0.204648 0.502073
v -0.216265 0.393223 0.381191
v -0.114724 0.204648 0.502073
v -0.114724 0.180472 0.516579
v -0.216265 0.369047 0.342509
v -0.240442 0.262671 0.410202
v -0.225935 0.267507 0.405367
v -0.187253 0.369047 0.342509
v -0.216265 0.369047 0.342509
v -0.225935 0.267507 0.405367
v -0.545063 0.238495 0.139428
v -0.588582 0.190142 0.173274
v -0.588582 0.238495 0.139428
v -0.545063 0.238495 0.139428
v -0.545063 0.209484 0.226462
v -0.545063 0.185307 0.221627
v -0.545063 0.238495 0.139428
v -0.617593 0.107942 0.221627
v -0.588582 0.190142 0.173274
v -0.545063 0.238495 0.139428
v -0.583745 0.103107 0.226462
v -0.612759 0.103107 0.226462
v -0.545063 0.238495 0.139428
v -0.612759 0.103107 0.226462
v -0.617593 0.107942 0.221627
v -0.549900 0.567293 0.656802
v -0.588582 0.238495 0.139428
v -0.588582 0.567293 0.656802
v -0.588582 0.567293 0.656802
v -0.588582 0.238495 0.139428
v -0.588582 0.190142 0.173274
v -0.549900 0.567293 0.656802
v -0.549900 0.460917 0.487567
v -0.588582 0.238495 0.139428
v -0.588582 0.567293 0.656802
v -0.588582 0.190142 0.173274
v -0.588582 0.514105 0.685813
v -0.549900 0.567293 0.656802
v -0.549900 0.451247 0.608449
v -0.549900 0.460917 0.487567
v -0.549900 0.567293 0.656802
v -0.549900 0.431905 0.690648
v -0.549900 0.451247 0.680978
v -0.549900 0.567293 0.656802
v -0.549900 0.451247 0.680978
v -0.549900 0.465752 0.666472
v -0.549900 0.567293 0.656802
v -0.549900 0.465752 0.666472
v -0.549900 0.470588 0.642295
v -0.549900 0.567293 0.656802
v -0.549900 0.470588 0.642295
v -0.549900 0.465752 0.622955
v -0.549900 0.567293 0.656802
v -0.549900 0.465752 0.622955
v -0.549900 0.451247 0.608449
v -0.549900 0.460917 0.487567
v -0.549900 0.451247 0.608449
v -0.549900 0.427070 0.603613
v -0.085713 0.460917 0.487567
v -0.037361 0.417400 0.511743
v -0.085713 0.393223 0.381191
v -0.085713 0.460917 0.487567
v -0.225935 0.272342 0.603613
v -0.211431 0.267507 0.608449
v -0.085713 0.460917 0.487567
v -0.211431 0.267507 0.608449
v -0.201760 0.257836 0.613284
v -0.085713 0.460917 0.487567
v -0.201760 0.257836 0.613284
v -0.187253 0.238495 0.627790
v -0.085713 0.460917 0.487567
v -0.187253 0.238495 0.627790
v -0.143738 0.306189 0.584272
v -0.085713 0.460917 0.487567
v -0.143738 0.306189 0.584272
v -0.138901 0.320694 0.574602
v -0.085713 0.460917 0.487567
v -0.138901 0.320694 0.574602
v -0.124395 0.330365 0.569767
v -0.085713 0.460917 0.487567
v -0.124395 0.330365 0.569767
v -0.109890 0.335200 0.564932
v -0.037361 0.417400 0.511743
v -0.037361 0.349706 0.410202
v -0.085713 0.393223 0.381191
v -0.085713 0.393223 0.381191
v -0.037361 0.349706 0.410202
v -0.037361 0.320694 0.429544
v -0.085713 0.393223 0.381191
v -0.037361 0.320694 0.429544
v -0.037361 0.248165 0.473061
v -0.085713 0.393223 0.381191
v -0.037361 0.248165 0.473061
v -0.061538 0.248165 0.473061
v -0.085713 0.393223 0.381191
v -0.061538 0.248165 0.473061
v -0.085713 0.238495 0.477897
v -0.216265 0.393223 0.381191
v -0.085713 0.393223 0.381191
v -0.100220 0.223989 0.487567
v -0.085713 0.238495 0.477897
v -0.545063 0.185307 0.221627
v -0.617593 0.165966 0.231297
v -0.545063 0.165966 0.231297
v -0.545063 0.209484 0.226462
v -0.617593 0.185307 0.221627
v -0.545063 0.185307 0.221627
v -0.545063 0.185307 0.221627
v -0.617593 0.185307 0.221627
v -0.617593 0.165966 0.231297
v -0.545063 0.165966 0.231297
v -0.617593 0.151460 0.245804
v -0.545063 0.151460 0.245804
v -0.545063 0.165966 0.231297
v -0.617593 0.165966 0.231297
v -0.617593 0.151460 0.245804
v -0.545063 0.151460 0.245804
v -0.617593 0.146625 0.265144
v -0.545063 0.146625 0.265144
v -0.545063 0.151460 0.245804
v -0.617593 0.151460 0.245804
v -0.617593 0.146625 0.265144
v -0.545063 0.151460 0.289321
v -0.545063 0.146625 0.265144
v -0.617593 0.151460 0.289321
v -0.617593 0.151460 0.289321
v -0.545063 0.146625 0.265144
v -0.617593 0.146625 0.265144
v -0.545063 0.170801 0.303827
v -0.545063 0.151460 0.289321
v -0.617593 0.170801 0.303827
v -0.617593 0.170801 0.303827
v -0.545063 0.151460 0.289321
v -0.617593 0.151460 0.289321
v -0.545063 0.190142 0.308662
v -0.545063 0.170801 0.303827
v -0.617593 0.190142 0.308662
v -0.617593 0.170801 0.303827
v -0.545063 0.214319 0.303827
v -0.545063 0.190142 0.308662
v -0.617593 0.209484 0.303827
v -0.617593 0.190142 0.308662
v -0.545063 0.228824 0.284486
v -0.545063 0.214319 0.303827
v -0.617593 0.228824 0.284486
v -0.617593 0.228824 0.284486
v -0.545063 0.214319 0.303827
v -0.617593 0.209484 0.303827
v -0.545063 0.233660 0.265144
v -0.545063 0.228824 0.284486
v -0.617593 0.233660 0.265144
v -0.617593 0.233660 0.265144
v -0.545063 0.228824 0.284486
v -0.617593 0.228824 0.284486
v -0.545063 0.233660 0.265144
v -0.617593 0.223989 0.240968
v -0.545063 0.223989 0.240968
v -0.545063 0.233660 0.265144
v -0.617593 0.233660 0.265144
v -0.617593 0.223989 0.240968
v -0.545063 0.223989 0.240968
v -0.617593 0.209484 0.226462
v -0.545063 0.209484 0.226462
v -0.545063 0.223989 0.240968
v -0.617593 0.223989 0.240968
v -0.617593 0.209484 0.226462
v -0.545063 0.209484 0.226462
v -0.617593 0.209484 0.226462
v -0.617593 0.185307 0.221627
v -0.588582 0.190142 0.173274
v -0.617593 0.185307 0.173274
v -0.612759 0.190142 0.173274
v -0.588582 0.514105 0.685813
v -0.588582 0.190142 0.173274
v -0.612759 0.190142 0.173274
v -0.617593 0.514105 0.685813
v -0.612759 0.190142 0.173274
v -0.617593 0.185307 0.173274
v -0.588582 0.514105 0.685813
v -0.612759 0.190142 0.173274
v -0.617593 0.514105 0.685813
v -0.588582 0.190142 0.173274
v -0.617593 0.107942 0.221627
v -0.617593 0.185307 0.173274
v -0.617593 0.431905 0.739001
v -0.612759 0.103107 0.226462
v -0.583745 0.103107 0.226462
v -0.588582 0.431905 0.739001
v -0.617593 0.431905 0.739001
v -0.583745 0.103107 0.226462
v -0.617593 0.431905 0.739001
v -0.617593 0.107942 0.221627
v -0.612759 0.103107 0.226462
v -0.617593 0.431905 0.739001
v -0.612759 0.103107 0.226462
v -0.617593 0.431905 0.739001
v -0.617593 0.185307 0.173274
v -0.617593 0.107942 0.221627
v -0.617593 0.185307 0.221627
v -0.617593 0.431905 0.739001
v -0.617593 0.393223 0.666472
v -0.617593 0.107942 0.221627
v -0.617593 0.185307 0.221627
v -0.617593 0.107942 0.221627
v -0.617593 0.165966 0.231297
v -0.617593 0.165966 0.231297
v -0.617593 0.107942 0.221627
v -0.617593 0.151460 0.245804
v -0.617593 0.151460 0.289321
v -0.617593 0.146625 0.265144
v -0.617593 0.107942 0.221627
v -0.617593 0.388388 0.647131
v -0.617593 0.151460 0.289321
v -0.617593 0.107942 0.221627
v -0.617593 0.151460 0.245804
v -0.617593 0.107942 0.221627
v -0.617593 0.146625 0.265144
v -0.617593 0.393223 0.666472
v -0.617593 0.388388 0.647131
v -0.617593 0.107942 0.221627
v -0.617593 0.514105 0.685813
v -0.617593 0.185307 0.173274
v -0.617593 0.514105 0.690648
v -0.617593 0.514105 0.690648
v -0.617593 0.185307 0.173274
v -0.617593 0.223989 0.240968
v -0.617593 0.209484 0.226462
v -0.617593 0.185307 0.173274
v -0.617593 0.185307 0.221627
v -0.617593 0.223989 0.240968
v -0.617593 0.185307 0.173274
v -0.617593 0.209484 0.226462
v -0.617593 0.514105 0.690648
v -0.617593 0.431905 0.690648
v -0.617593 0.431905 0.739001
v -0.617593 0.514105 0.690648
v -0.617593 0.431905 0.739001
v -0.588582 0.431905 0.739001
v -0.617593 0.514105 0.690648
v -0.617593 0.223989 0.240968
v -0.617593 0.233660 0.265144
v -0.617593 0.514105 0.690648
v -0.617593 0.233660 0.265144
v -0.617593 0.465752 0.622955
v -0.617593 0.514105 0.690648
v -0.617593 0.465752 0.622955
v -0.617593 0.470588 0.642295
v -0.617593 0.514105 0.690648
v -0.617593 0.470588 0.642295
v -0.617593 0.465752 0.666472
v -0.617593 0.514105 0.690648
v -0.617593 0.465752 0.666472
v -0.617593 0.451247 0.680978
v -0.617593 0.514105 0.690648
v -0.617593 0.451247 0.680978
v -0.617593 0.431905 0.690648
v -0.617593 0.431905 0.690648
v -0.617593 0.407729 0.685813
v -0.617593 0.431905 0.739001
v -0.617593 0.431905 0.739001
v -0.617593 0.407729 0.685813
v -0.617593 0.393223 0.666472
v -0.617593 0.431905 0.739001
v -0.617593 0.431905 0.739001
v -0.588582 0.431905 0.739001
v -0.617593 0.465752 0.622955
v -0.617593 0.233660 0.265144
v -0.617593 0.228824 0.284486
v -0.617593 0.465752 0.622955
v -0.617593 0.228824 0.284486
v -0.617593 0.209484 0.303827
v -0.617593 0.407729 0.608449
v -0.617593 0.209484 0.303827
v -0.617593 0.190142 0.308662
v -0.617593 0.427070 0.603613
v -0.617593 0.209484 0.303827
v -0.617593 0.407729 0.608449
v -0.617593 0.451247 0.608449
v -0.617593 0.209484 0.303827
v -0.617593 0.427070 0.603613
v -0.617593 0.465752 0.622955
v -0.617593 0.209484 0.303827
v -0.617593 0.451247 0.608449
v -0.617593 0.407729 0.608449
v -0.617593 0.190142 0.308662
v -0.617593 0.170801 0.303827
v -0.617593 0.407729 0.608449
v -0.617593 0.170801 0.303827
v -0.617593 0.151460 0.289321
v -0.617593 0.407729 0.608449
v -0.617593 0.151460 0.289321
v -0.617593 0.393223 0.627790
v -0.617593 0.393223 0.627790
v -0.617593 0.151460 0.289321
v -0.617593 0.388388 0.647131
v -0.549900 0.407729 0.608449
v -0.617593 0.407729 0.608449
v -0.617593 0.393223 0.627790
v -0.549900 0.393223 0.627790
v -0.617593 0.393223 0.627790
v -0.617593 0.388388 0.647131
v -0.549900 0.407729 0.608449
v -0.617593 0.393223 0.627790
v -0.549900 0.393223 0.627790
v -0.617593 0.427070 0.603613
v -0.617593 0.407729 0.608449
v -0.549900 0.427070 0.603613
v -0.549900 0.407729 0.608449
v -0.549900 0.451247 0.608449
v -0.617593 0.451247 0.608449
v -0.617593 0.427070 0.603613
v -0.549900 0.451247 0.608449
v -0.617593 0.427070 0.603613
v -0.549900 0.427070 0.603613
v -0.549900 0.465752 0.622955
v -0.617593 0.465752 0.622955
v -0.617593 0.451247 0.608449
v -0.549900 0.465752 0.622955
v -0.617593 0.451247 0.608449
v -0.549900 0.451247 0.608449
v -0.549900 0.470588 0.642295
v -0.617593 0.470588 0.642295
v -0.617593 0.465752 0.622955
v -0.549900 0.470588 0.642295
v -0.617593 0.465752 0.622955
v -0.549900 0.465752 0.622955
v -0.617593 0.465752 0.666472
v -0.617593 0.470588 0.642295
v -0.549900 0.465752 0.666472
v -0.549900 0.470588 0.642295
v -0.617593 0.465752 0.666472
v -0.549900 0.451247 0.680978
v -0.617593 0.451247 0.680978
v -0.549900 0.465752 0.666472
v -0.549900 0.451247 0.680978
v -0.617593 0.465752 0.666472
v -0.617593 0.451247 0.680978
v -0.549900 0.431905 0.690648
v -0.617593 0.431905 0.690648
v -0.549900 0.451247 0.680978
v -0.549900 0.431905 0.690648
v -0.617593 0.451247 0.680978
v -0.617593 0.407729 0.685813
v -0.617593 0.431905 0.690648
v -0.549900 0.407729 0.685813
v -0.549900 0.431905 0.690648
v -0.617593 0.407729 0.685813
v -0.549900 0.393223 0.671307
v -0.617593 0.393223 0.666472
v -0.549900 0.407729 0.685813
v -0.549900 0.393223 0.671307
v -0.617593 0.407729 0.685813
v -0.617593 0.393223 0.666472
v -0.549900 0.388388 0.647131
v -0.617593 0.388388 0.647131
v -0.549900 0.393223 0.671307
v -0.549900 0.388388 0.647131
v -0.617593 0.393223 0.666472
v -0.549900 0.393223 0.627790
v -0.617593 0.388388 0.647131
v -0.549900 0.388388 0.647131
v -0.225935 0.272342 0.603613
v -0.211431 0.199812 0.502073
v -0.211431 0.267507 0.608449
v -0.225935 0.272342 0.603613
v -0.225935 0.204648 0.502073
v -0.211431 0.199812 0.502073
v -0.211431 0.267507 0.608449
v -0.201760 0.190142 0.511743
v -0.201760 0.257836 0.613284
v -0.211431 0.267507 0.608449
v -0.211431 0.199812 0.502073
v -0.201760 0.190142 0.511743
v -0.201760 0.257836 0.613284
v -0.187253 0.199812 0.574602
v -0.187253 0.238495 0.627790
v -0.201760 0.257836 0.613284
v -0.201760 0.190142 0.511743
v -0.177583 0.161131 0.531084
v -0.201760 0.257836 0.613284
v -0.177583 0.161131 0.531084
v -0.187253 0.199812 0.574602
v -0.148572 0.291683 0.593943
v -0.187253 0.238495 0.627790
v -0.148572 0.267507 0.608449
v -0.148572 0.267507 0.608449
v -0.187253 0.238495 0.627790
v -0.148572 0.233660 0.550425
v -0.143738 0.306189 0.584272
v -0.187253 0.238495 0.627790
v -0.148572 0.291683 0.593943
v -0.148572 0.233660 0.550425
v -0.187253 0.238495 0.627790
v -0.187253 0.199812 0.574602
v -0.148572 0.291683 0.593943
v -0.148572 0.267507 0.608449
v -0.148572 0.257836 0.535920
v -0.148572 0.267507 0.608449
v -0.148572 0.233660 0.550425
v -0.148572 0.257836 0.535920
v -0.143738 0.306189 0.584272
v -0.148572 0.291683 0.593943
v -0.143738 0.272342 0.531084
v -0.148572 0.291683 0.593943
v -0.148572 0.257836 0.535920
v -0.143738 0.272342 0.531084
v -0.138901 0.320694 0.574602
v -0.143738 0.306189 0.584272
v -0.138901 0.282012 0.521414
v -0.143738 0.306189 0.584272
v -0.143738 0.272342 0.531084
v -0.138901 0.282012 0.521414
v -0.124395 0.330365 0.569767
v -0.138901 0.320694 0.574602
v -0.124395 0.291683 0.516579
v -0.138901 0.282012 0.521414
v -0.109890 0.335200 0.564932
v -0.124395 0.330365 0.569767
v -0.109890 0.301354 0.511743
v -0.124395 0.330365 0.569767
v -0.124395 0.291683 0.516579
v -0.109890 0.301354 0.511743
v -0.085713 0.460917 0.487567
v -0.109890 0.335200 0.564932
v -0.037361 0.417400 0.511743
v -0.037361 0.349706 0.555260
v -0.037361 0.417400 0.511743
v -0.037361 0.349706 0.555260
v -0.037361 0.354542 0.477897
v -0.037361 0.354542 0.477897
v -0.037361 0.349706 0.555260
v -0.037361 0.315859 0.502073
v -0.109890 0.335200 0.564932
v -0.109890 0.301354 0.511743
v -0.037361 0.349706 0.555260
v -0.037361 0.315859 0.502073
v -0.037361 0.417400 0.511743
v -0.037361 0.354542 0.477897
v -0.037361 0.349706 0.410202
v -0.240442 0.286847 0.448885
v -0.225935 0.204648 0.502073
v -0.240442 0.286847 0.448885
v -0.032524 0.306189 0.434379
v -0.022854 0.296518 0.444050
v -0.013184 0.248165 0.473061
v -0.022854 0.325530 0.492402
v -0.022854 0.296518 0.444050
v -0.032524 0.306189 0.434379
v -0.037361 0.320694 0.429544
v -0.032524 0.306189 0.434379
v -0.037361 0.248165 0.473061
v -0.032524 0.340035 0.487567
v -0.032524 0.306189 0.434379
v -0.037361 0.320694 0.429544
v -0.032524 0.306189 0.434379
v -0.013184 0.248165 0.473061
v -0.037361 0.248165 0.473061
v -0.032524 0.340035 0.487567
v -0.022854 0.325530 0.492402
v -0.032524 0.306189 0.434379
v -0.022854 0.296518 0.444050
v -0.008350 0.286847 0.448885
v -0.013184 0.248165 0.473061
v -0.008350 0.320694 0.497237
v -0.008350 0.286847 0.448885
v -0.022854 0.296518 0.444050
v -0.022854 0.325530 0.492402
v -0.008350 0.320694 0.497237
v -0.022854 0.296518 0.444050
v -0.008350 0.286847 0.448885
v 0.010991 0.286847 0.448885
v 0.010991 0.238495 0.477897
v 0.010991 0.320694 0.497237
v 0.010991 0.286847 0.448885
v -0.008350 0.286847 0.448885
v -0.008350 0.286847 0.448885
v 0.010991 0.238495 0.477897
v -0.013184 0.248165 0.473061
v -0.008350 0.320694 0.497237
v 0.010991 0.320694 0.497237
v -0.008350 0.286847 0.448885
v 0.025498 0.291683 0.444050
v 0.010991 0.238495 0.477897
v 0.010991 0.286847 0.448885
v 0.025498 0.325530 0.497237
v 0.025498 0.291683 0.444050
v 0.010991 0.286847 0.448885
v 0.025498 0.325530 0.497237
v 0.010991 0.286847 0.448885
v 0.010991 0.320694 0.497237
v 0.025498 0.291683 0.444050
v 0.044839 0.185307 0.516579
v 0.040002 0.204648 0.502073
v 0.025498 0.291683 0.444050
v 0.040002 0.204648 0.502073
v 0.025498 0.223989 0.487567
v 0.025498 0.291683 0.444050
v 0.025498 0.223989 0.487567
v 0.010991 0.238495 0.477897
v -0.037361 0.112778 0.555260
v -0.022854 0.064425 0.589108
v -0.056702 0.064425 0.589108
v -0.013184 0.117613 0.555260
v -0.022854 0.064425 0.589108
v -0.037361 0.112778 0.555260
v -0.056702 0.064425 0.589108
v -0.022854 0.064425 0.589108
v -0.056702 0.098272 0.637460
v -0.022854 0.098272 0.642295
v -0.085713 0.127284 0.550425
v -0.056702 0.064425 0.589108
v -0.085713 0.074096 0.584272
v -0.061538 0.117613 0.555260
v -0.037361 0.112778 0.555260
v -0.056702 0.064425 0.589108
v -0.085713 0.127284 0.550425
v -0.061538 0.117613 0.555260
v -0.056702 0.064425 0.589108
v -0.085713 0.074096 0.584272
v -0.056702 0.064425 0.589108
v -0.085713 0.103107 0.637460
v -0.056702 0.098272 0.637460
v -0.114724 0.161131 0.526249
v -0.085713 0.074096 0.584272
v -0.114724 0.083766 0.574602
v -0.114724 0.161131 0.526249
v -0.100220 0.141789 0.540755
v -0.085713 0.074096 0.584272
v -0.100220 0.141789 0.540755
v -0.085713 0.127284 0.550425
v -0.085713 0.074096 0.584272
v -0.114724 0.083766 0.574602
v -0.085713 0.074096 0.584272
v -0.114724 0.117613 0.627790
v -0.085713 0.103107 0.637460
v -0.114724 0.180472 0.516579
v -0.114724 0.083766 0.574602
v -0.138901 0.103107 0.564932
v -0.138901 0.136954 0.613284
v -0.138901 0.103107 0.564932
v -0.114724 0.083766 0.574602
v -0.114724 0.180472 0.516579
v -0.114724 0.161131 0.526249
v -0.114724 0.083766 0.574602
v -0.138901 0.136954 0.613284
v -0.114724 0.083766 0.574602
v -0.114724 0.117613 0.627790
v -0.158242 0.156295 0.598778
v -0.158242 0.127284 0.550425
v -0.138901 0.103107 0.564932
v -0.158242 0.156295 0.598778
v -0.138901 0.103107 0.564932
v -0.138901 0.136954 0.613284
v -0.172749 0.185307 0.584272
v -0.172749 0.151460 0.535920
v -0.158242 0.127284 0.550425
v -0.172749 0.185307 0.584272
v -0.158242 0.127284 0.550425
v -0.158242 0.156295 0.598778
v -0.177583 0.190142 0.579437
v -0.177583 0.161131 0.531084
v -0.172749 0.151460 0.535920
v -0.177583 0.190142 0.579437
v -0.172749 0.151460 0.535920
v -0.172749 0.185307 0.584272
v -0.187253 0.199812 0.574602
v -0.177583 0.161131 0.531084
v -0.177583 0.190142 0.579437
v -0.240442 0.286847 0.448885
v -0.240442 0.286847 0.448885
v -0.240442 0.262671 0.410202
v -0.037361 0.349706 0.410202
v -0.037361 0.354542 0.477897
v -0.037361 0.320694 0.429544
v -0.037361 0.354542 0.477897
v -0.032524 0.340035 0.487567
v -0.037361 0.320694 0.429544
v -0.037361 0.141789 0.603613
v -0.037361 0.112778 0.555260
v -0.061538 0.117613 0.555260
v -0.061538 0.146625 0.598778
v -0.061538 0.117613 0.555260
v -0.085713 0.127284 0.550425
v -0.061538 0.146625 0.598778
v -0.037361 0.141789 0.603613
v -0.061538 0.117613 0.555260
v -0.013184 0.146625 0.598778
v -0.013184 0.117613 0.555260
v -0.037361 0.112778 0.555260
v -0.013184 0.146625 0.598778
v -0.037361 0.112778 0.555260
v -0.037361 0.141789 0.603613
v 0.010991 0.156295 0.593943
v -0.013184 0.117613 0.555260
v -0.013184 0.146625 0.598778
v 0.025498 0.248165 0.535920
v 0.025498 0.223989 0.487567
v 0.040002 0.204648 0.502073
v 0.010991 0.267507 0.526249
v 0.010991 0.238495 0.477897
v 0.025498 0.223989 0.487567
v 0.010991 0.267507 0.526249
v 0.025498 0.223989 0.487567
v 0.025498 0.248165 0.535920
v -0.013184 0.277177 0.516579
v -0.013184 0.248165 0.473061
v 0.010991 0.238495 0.477897
v -0.013184 0.277177 0.516579
v 0.010991 0.238495 0.477897
v 0.010991 0.267507 0.526249
v -0.037361 0.277177 0.516579
v -0.037361 0.248165 0.473061
v -0.013184 0.248165 0.473061
v -0.037361 0.277177 0.516579
v -0.013184 0.248165 0.473061
v -0.013184 0.277177 0.516579
v -0.061538 0.272342 0.516579
v -0.061538 0.248165 0.473061
v -0.037361 0.248165 0.473061
v -0.037361 0.277177 0.516579
v -0.061538 0.272342 0.516579
v -0.037361 0.248165 0.473061
v -0.085713 0.238495 0.477897
v -0.061538 0.248165 0.473061
v -0.085713 0.262671 0.526249
v -0.061538 0.272342 0.516579
v -0.100220 0.248165 0.531084
v -0.100220 0.223989 0.487567
v -0.085713 0.238495 0.477897
v -0.085713 0.262671 0.526249
v -0.100220 0.248165 0.531084
v -0.085713 0.238495 0.477897
v -0.114724 0.228824 0.545590
v -0.114724 0.204648 0.502073
v -0.100220 0.223989 0.487567
v -0.100220 0.248165 0.531084
v -0.114724 0.228824 0.545590
v -0.100220 0.223989 0.487567
v -0.114724 0.209484 0.560096
v -0.114724 0.180472 0.516579
v -0.114724 0.204648 0.502073
v -0.114724 0.228824 0.545590
v -0.114724 0.209484 0.560096
v -0.114724 0.204648 0.502073
v -0.114724 0.190142 0.569767
v -0.114724 0.161131 0.526249
v -0.114724 0.180472 0.516579
v -0.114724 0.209484 0.560096
v -0.114724 0.190142 0.569767
v -0.114724 0.180472 0.516579
v -0.100220 0.170801 0.584272
v -0.100220 0.141789 0.540755
v -0.114724 0.161131 0.526249
v -0.114724 0.190142 0.569767
v -0.100220 0.170801 0.584272
v -0.114724 0.161131 0.526249
v -0.085713 0.156295 0.593943
v -0.085713 0.127284 0.550425
v -0.100220 0.141789 0.540755
v -0.100220 0.170801 0.584272
v -0.085713 0.156295 0.593943
v -0.100220 0.141789 0.540755
v -0.085713 0.156295 0.593943
v -0.061538 0.146625 0.598778
v -0.085713 0.127284 0.550425
v -0.037361 0.354542 0.477897
v -0.037361 0.315859 0.502073
v -0.032524 0.340035 0.487567
v -0.032524 0.340035 0.487567
v -0.037361 0.315859 0.502073
v -0.037361 0.267507 0.531084
v -0.032524 0.340035 0.487567
v -0.037361 0.267507 0.531084
v -0.022854 0.325530 0.492402
v -0.037361 0.315859 0.502073
v -0.109890 0.301354 0.511743
v -0.090549 0.248165 0.545590
v -0.037361 0.315859 0.502073
v -0.090549 0.248165 0.545590
v -0.076042 0.257836 0.535920
v -0.037361 0.315859 0.502073
v -0.076042 0.257836 0.535920
v -0.056702 0.267507 0.531084
v -0.037361 0.315859 0.502073
v -0.056702 0.267507 0.531084
v -0.037361 0.267507 0.531084
v -0.109890 0.301354 0.511743
v -0.124395 0.291683 0.516579
v -0.114724 0.117613 0.627790
v -0.109890 0.301354 0.511743
v -0.114724 0.117613 0.627790
v -0.100220 0.214319 0.564932
v -0.109890 0.301354 0.511743
v -0.100220 0.214319 0.564932
v -0.100220 0.233660 0.555260
v -0.109890 0.301354 0.511743
v -0.100220 0.233660 0.555260
v -0.090549 0.248165 0.545590
v -0.124395 0.291683 0.516579
v -0.138901 0.282012 0.521414
v -0.138901 0.136954 0.613284
v -0.124395 0.291683 0.516579
v -0.138901 0.136954 0.613284
v -0.114724 0.117613 0.627790
v -0.138901 0.282012 0.521414
v -0.143738 0.272342 0.531084
v -0.138901 0.136954 0.613284
v -0.143738 0.272342 0.531084
v -0.148572 0.257836 0.535920
v -0.148572 0.233660 0.550425
v -0.143738 0.272342 0.531084
v -0.148572 0.233660 0.550425
v -0.138901 0.136954 0.613284
v -0.037361 0.161131 0.598778
v -0.056702 0.098272 0.637460
v -0.022854 0.098272 0.642295
v -0.056702 0.161131 0.598778
v -0.085713 0.103107 0.637460
v -0.056702 0.098272 0.637460
v -0.056702 0.161131 0.598778
v -0.056702 0.098272 0.637460
v -0.037361 0.161131 0.598778
v -0.018020 0.161131 0.598778
v -0.037361 0.161131 0.598778
v -0.022854 0.098272 0.642295
v 0.001321 0.170801 0.593943
v -0.018020 0.161131 0.598778
v -0.022854 0.098272 0.642295
v 0.025498 0.325530 0.497237
v 0.010991 0.320694 0.497237
v 0.015828 0.248165 0.545590
v 0.025498 0.325530 0.497237
v 0.015828 0.248165 0.545590
v 0.025498 0.233660 0.555260
v 0.025498 0.325530 0.497237
v 0.025498 0.233660 0.555260
v 0.025498 0.214319 0.564932
v -0.008350 0.320694 0.497237
v 0.001321 0.257836 0.535920
v 0.010991 0.320694 0.497237
v 0.010991 0.320694 0.497237
v 0.001321 0.257836 0.535920
v 0.015828 0.248165 0.545590
v -0.022854 0.325530 0.492402
v -0.018020 0.267507 0.531084
v -0.008350 0.320694 0.497237
v -0.008350 0.320694 0.497237
v -0.018020 0.267507 0.531084
v 0.001321 0.257836 0.535920
v -0.022854 0.325530 0.492402
v -0.037361 0.267507 0.531084
v -0.018020 0.267507 0.531084
v -0.148572 0.233660 0.550425
v -0.187253 0.199812 0.574602
v -0.177583 0.190142 0.579437
v -0.148572 0.233660 0.550425
v -0.177583 0.190142 0.579437
v -0.172749 0.185307 0.584272
v -0.148572 0.233660 0.550425
v -0.172749 0.185307 0.584272
v -0.158242 0.156295 0.598778
v -0.148572 0.233660 0.550425
v -0.158242 0.156295 0.598778
v -0.138901 0.136954 0.613284
v -0.100220 0.199812 0.574602
v -0.114724 0.117613 0.627790
v -0.090549 0.180472 0.584272
v -0.100220 0.214319 0.564932
v -0.114724 0.117613 0.627790
v -0.100220 0.199812 0.574602
v -0.056702 0.161131 0.598778
v -0.076042 0.170801 0.593943
v -0.085713 0.103107 0.637460
v -0.090549 0.180472 0.584272
v -0.114724 0.117613 0.627790
v -0.018020 0.161131 0.598778
v -0.018020 0.156295 0.593943
v -0.037361 0.161131 0.598778
v 0.001321 0.170801 0.593943
v 0.001321 0.165966 0.589108
v -0.018020 0.161131 0.598778
v 0.001321 0.165966 0.589108
v -0.018020 0.156295 0.593943
v -0.018020 0.161131 0.598778
v -0.056702 0.161131 0.598778
v -0.037361 0.161131 0.598778
v -0.037361 0.156295 0.593943
v -0.037361 0.161131 0.598778
v -0.018020 0.156295 0.593943
v -0.037361 0.156295 0.593943
v -0.076042 0.170801 0.593943
v -0.056702 0.161131 0.598778
v -0.056702 0.156295 0.593943
v -0.056702 0.161131 0.598778
v -0.037361 0.156295 0.593943
v -0.056702 0.156295 0.593943
v -0.090549 0.180472 0.584272
v -0.076042 0.170801 0.593943
v -0.076042 0.165966 0.589108
v -0.076042 0.170801 0.593943
v -0.056702 0.156295 0.593943
v -0.076042 0.165966 0.589108
v -0.100220 0.199812 0.574602
v -0.090549 0.180472 0.584272
v -0.090549 0.175636 0.579437
v -0.090549 0.180472 0.584272
v -0.076042 0.165966 0.589108
v -0.090549 0.175636 0.579437
v -0.100220 0.214319 0.564932
v -0.100220 0.199812 0.574602
v -0.100220 0.194977 0.569767
v -0.100220 0.199812 0.574602
v -0.090549 0.175636 0.579437
v -0.100220 0.194977 0.569767
v -0.100220 0.233660 0.555260
v -0.100220 0.214319 0.564932
v -0.100220 0.209484 0.560096
v -0.100220 0.214319 0.564932
v -0.100220 0.194977 0.569767
v -0.100220 0.209484 0.560096
v -0.090549 0.248165 0.545590
v -0.100220 0.233660 0.555260
v -0.100220 0.228824 0.545590
v -0.100220 0.233660 0.555260
v -0.100220 0.209484 0.560096
v -0.100220 0.228824 0.545590
v -0.076042 0.257836 0.535920
v -0.090549 0.248165 0.545590
v -0.090549 0.243330 0.535920
v -0.090549 0.248165 0.545590
v -0.100220 0.228824 0.545590
v -0.090549 0.243330 0.535920
v -0.056702 0.267507 0.531084
v -0.076042 0.257836 0.535920
v -0.076042 0.253000 0.531084
v -0.076042 0.257836 0.535920
v -0.090549 0.243330 0.535920
v -0.076042 0.253000 0.531084
v -0.037361 0.267507 0.531084
v -0.056702 0.267507 0.531084
v -0.056702 0.262671 0.526249
v -0.056702 0.267507 0.531084
v -0.076042 0.253000 0.531084
v -0.056702 0.262671 0.526249
v -0.037361 0.267507 0.531084
v -0.037361 0.267507 0.526249
v -0.018020 0.267507 0.531084
v -0.037361 0.267507 0.531084
v -0.056702 0.262671 0.526249
v -0.037361 0.267507 0.526249
v -0.018020 0.267507 0.531084
v -0.018020 0.262671 0.526249
v 0.001321 0.257836 0.535920
v -0.018020 0.267507 0.531084
v -0.037361 0.267507 0.526249
v -0.018020 0.262671 0.526249
v 0.001321 0.257836 0.535920
v 0.001321 0.253000 0.531084
v 0.015828 0.248165 0.545590
v -0.018020 0.262671 0.526249
v 0.001321 0.253000 0.531084
v 0.001321 0.257836 0.535920
v 0.015828 0.248165 0.545590
v 0.015828 0.243330 0.540755
v 0.025498 0.233660 0.555260
v 0.001321 0.253000 0.531084
v 0.015828 0.243330 0.540755
v 0.015828 0.248165 0.545590
v 0.025498 0.233660 0.555260
v 0.025498 0.228824 0.550425
v 0.025498 0.214319 0.564932
v 0.015828 0.243330 0.540755
v 0.025498 0.228824 0.550425
v 0.025498 0.233660 0.555260
v 0.015828 0.180472 0.579437
v 0.001321 0.165966 0.589108
v 0.001321 0.170801 0.593943
v -0.018020 0.156295 0.593943
v -0.013184 0.146625 0.598778
v -0.037361 0.156295 0.593943
v 0.001321 0.165966 0.589108
v -0.013184 0.146625 0.598778
v -0.018020 0.156295 0.593943
v -0.037361 0.156295 0.593943
v -0.013184 0.146625 0.598778
v -0.037361 0.141789 0.603613
v -0.056702 0.156295 0.593943
v -0.037361 0.156295 0.593943
v -0.037361 0.141789 0.603613
v 0.001321 0.165966 0.589108
v 0.010991 0.156295 0.593943
v -0.013184 0.146625 0.598778
v -0.056702 0.156295 0.593943
v -0.037361 0.141789 0.603613
v -0.061538 0.146625 0.598778
v -0.076042 0.165966 0.589108
v -0.061538 0.146625 0.598778
v -0.085713 0.156295 0.593943
v -0.076042 0.165966 0.589108
v -0.056702 0.156295 0.593943
v -0.061538 0.146625 0.598778
v -0.100220 0.194977 0.569767
v -0.085713 0.156295 0.593943
v -0.100220 0.170801 0.584272
v -0.100220 0.194977 0.569767
v -0.090549 0.175636 0.579437
v -0.085713 0.156295 0.593943
v -0.090549 0.175636 0.579437
v -0.076042 0.165966 0.589108
v -0.085713 0.156295 0.593943
v -0.114724 0.228824 0.545590
v -0.100220 0.170801 0.584272
v -0.114724 0.190142 0.569767
v -0.114724 0.228824 0.545590
v -0.100220 0.209484 0.560096
v -0.100220 0.170801 0.584272
v -0.100220 0.209484 0.560096
v -0.100220 0.194977 0.569767
v -0.100220 0.170801 0.584272
v -0.114724 0.228824 0.545590
v -0.114724 0.190142 0.569767
v -0.114724 0.209484 0.560096
v -0.100220 0.248165 0.531084
v -0.100220 0.209484 0.560096
v -0.114724 0.228824 0.545590
v -0.085713 0.262671 0.526249
v -0.090549 0.243330 0.535920
v -0.100220 0.248165 0.531084
v -0.100220 0.248165 0.531084
v -0.090549 0.243330 0.535920
v -0.100220 0.228824 0.545590
v -0.100220 0.248165 0.531084
v -0.100220 0.228824 0.545590
v -0.100220 0.209484 0.560096
v -0.061538 0.272342 0.516579
v -0.076042 0.253000 0.531084
v -0.085713 0.262671 0.526249
v -0.085713 0.262671 0.526249
v -0.076042 0.253000 0.531084
v -0.090549 0.243330 0.535920
v -0.037361 0.277177 0.516579
v -0.037361 0.267507 0.526249
v -0.061538 0.272342 0.516579
v -0.061538 0.272342 0.516579
v -0.037361 0.267507 0.526249
v -0.056702 0.262671 0.526249
v -0.061538 0.272342 0.516579
v -0.056702 0.262671 0.526249
v -0.076042 0.253000 0.531084
v -0.037361 0.277177 0.516579
v -0.013184 0.277177 0.516579
v -0.018020 0.262671 0.526249
v -0.037361 0.277177 0.516579
v -0.018020 0.262671 0.526249
v -0.037361 0.267507 0.526249
v -0.013184 0.277177 0.516579
v 0.010991 0.267507 0.526249
v 0.001321 0.253000 0.531084
v -0.013184 0.277177 0.516579
v 0.001321 0.253000 0.531084
v -0.018020 0.262671 0.526249
v 0.010991 0.267507 0.526249
v 0.025498 0.248165 0.535920
v 0.025498 0.228824 0.550425
v 0.010991 0.267507 0.526249
v 0.025498 0.228824 0.550425
v 0.015828 0.243330 0.540755
v 0.010991 0.267507 0.526249
v 0.015828 0.243330 0.540755
v 0.001321 0.253000 0.531084
v 0.025498 0.248165 0.535920
v 0.030332 0.209484 0.560096
v 0.025498 0.228824 0.550425
v -0.037361 0.330365 0.371520
v -0.225935 0.267507 0.405367
v -0.037361 0.286847 0.395697
v -0.187253 0.369047 0.342509
v -0.225935 0.267507 0.405367
v -0.037361 0.330365 0.371520
v -4.581725 3.940683 6.026607
v -4.483512 3.940683 6.026607
v -4.529730 -3.795104 -6.186578
v -4.425739 -3.795104 -6.186578
v -2.675220 3.946460 6.032384
v -2.582783 3.946460 6.032384
v -2.669444 3.744256 5.708857
v -2.582783 3.744256 5.708857
v -2.646333 3.345623 5.079132
v -2.605894 3.345623 5.079132
v -2.634778 1.404454 2.017169
v -2.588560 1.404454 2.017169
v -2.230369 1.017375 1.404777
v -2.259256 -0.825578 -1.501199
v -2.270811 1.017375 1.404777
v -2.230369 1.017375 1.404777
v -2.218814 -0.825578 -1.501199
v -2.259256 -0.825578 -1.501199
v -2.646333 -1.229989 -2.148255
v -2.565452 -1.229989 -2.148255
v -2.629002 -3.159603 -5.187108
v -2.553897 -3.159603 -5.187108
v -8.036542 -1.195325 -2.061596
v -7.955661 -1.195325 -2.061596
v -8.024989 -3.101830 -5.077340
v -7.944106 -3.101830 -5.077340
v -8.065429 2.611907 3.952561
v -7.984548 2.611907 3.952561
v -8.036542 -0.802469 -1.443426
v -7.961437 -0.802469 -1.443426
v -8.071208 3.247409 4.957809
v -7.990324 3.253186 4.957809
v -8.065429 3.010540 4.588063
v -7.984548 3.016318 4.588063
v -4.483512 3.617155 5.523983
v -3.229839 3.622933 5.523983
v -4.483512 3.588270 5.471988
v -3.229839 3.594046 5.471988
v -7.453036 3.380286 5.160014
v -4.581725 3.391841 5.165792
v -7.453036 3.345623 5.113795
v -4.581725 3.362955 5.113795
v -7.464592 2.819889 4.276089
v -4.587504 2.831444 4.281867
v -7.464592 2.785226 4.224093
v -4.587504 2.796780 4.229871
v -4.471957 2.565689 3.860124
v -2.634778 2.571466 3.860124
v -4.471957 2.531026 3.808128
v -2.634778 2.542579 3.808128
v -7.967216 1.993738 2.970422
v -4.552838 2.005292 2.976199
v -7.967216 1.947520 2.906872
v -4.552838 1.964851 2.912649
v -7.395266 -1.079779 -1.882500
v -4.547062 -1.068225 -1.876722
v -7.395266 -1.125998 -1.951827
v -4.547062 -1.114443 -1.946050
v -7.354824 -3.142271 -5.135112
v -4.506620 -3.130716 -5.129334
v -7.354824 -3.182712 -5.204440
v -4.506620 -3.171157 -5.198662
v -7.354824 -3.379140 -5.510636
v -4.506620 -3.367585 -5.510636
v -7.354824 -3.425358 -5.591518
v -4.506620 -3.413803 -5.585741
v -4.437294 -2.241014 -3.731231
v -2.663665 -2.229459 -3.725454
v -4.437294 -2.293010 -3.817891
v -2.663665 -2.287232 -3.812114
v -3.195176 -3.252039 -5.331540
v -4.431515 -3.309812 -5.418199
v -4.431515 -3.257816 -5.331540
v -3.195176 -3.252039 -5.331540
v -3.195176 -3.304035 -5.418199
v -4.431515 -3.309812 -5.418199
v -1.629531 3.952238 6.032384
v -1.531316 3.952238 6.032384
v -1.571758 -3.361808 -5.522190
v -1.479321 -3.361808 -5.522190
v -2.080159 -3.315589 -5.441308
v -1.571758 -3.315589 -5.441308
v -2.080159 -3.367585 -5.522190
v -1.571758 -3.361808 -5.522190
v -2.559675 -2.391223 -3.979655
v -1.589090 -2.391223 -3.979655
v -2.559675 -2.443219 -4.060537
v -1.589090 -2.437442 -4.060537
v -2.103269 -0.998897 -1.784286
v -1.594868 -0.998897 -1.784286
v -2.103269 -1.050893 -1.865168
v -1.594868 -1.050893 -1.865168
v -2.114824 1.248468 1.762969
v -1.612200 1.248468 1.762969
v -2.114824 1.196472 1.682087
v -1.612200 1.196472 1.682087
v -2.132156 3.570937 5.437324
v -1.629531 3.576715 5.443101
v -2.132156 3.524719 5.356442
v -1.629531 3.524719 5.362220
v -8.279189 -3.812436 -6.186578
v -0.924702 -3.777772 -6.175024
v -8.279189 -3.858654 -6.267460
v -0.924702 -3.829768 -6.255906
v -7.984548 3.975347 6.107490
v -1.132686 4.004234 6.119043
v -7.984548 3.923352 6.020829
v -1.132686 3.952238 6.032384
v -4.737700 -3.445085 -5.263859
v -4.877084 -3.317316 -5.066399
v -4.871276 -3.572852 -5.467127
v -5.150043 -3.572852 -5.467127
v -5.150043 -3.323123 -5.066399
v -5.283620 -3.450892 -5.269667
v -5.736615 -3.596083 -5.496165
v -5.597233 -3.723852 -5.693624
v -5.597233 -3.468315 -5.292897
v -5.324272 -3.462507 -5.292897
v -5.324272 -3.718044 -5.693624
v -5.184889 -3.590276 -5.496165
v -5.736615 -3.880658 -5.943354
v -5.597233 -4.008426 -6.146622
v -5.597233 -3.752890 -5.745894
v -5.324272 -3.752890 -5.745894
v -5.318466 -4.002619 -6.146622
v -5.184889 -3.874850 -5.943354
v -5.742424 -3.021126 -4.590172
v -5.603039 -3.148894 -4.793440
v -5.603039 -2.893358 -4.392712
v -5.330080 -2.893358 -4.392712
v -5.330080 -3.148894 -4.793440
v -5.330080 -2.893358 -4.392712
v -5.330080 -3.148894 -4.793440
v -5.190697 -3.021126 -4.590172
v -7.566025 -3.880658 -5.937546
v -7.426642 -4.008426 -6.140814
v -7.426642 -3.752890 -5.734278
v -7.153681 -3.752890 -5.734278
v -7.153681 -4.008426 -6.135006
v -7.014298 -3.880658 -5.937546
v -4.366010 -3.723852 -5.711048
v -4.226627 -3.851619 -5.908508
v -4.226627 -3.596083 -5.507780
v -3.953669 -3.596083 -5.507780
v -3.953669 -3.851619 -5.908508
v -3.814284 -3.723852 -5.711048
v -3.041865 -2.736551 -4.154598
v -3.041865 -2.992088 -4.555326
v -2.908289 -2.864319 -4.352058
v -3.041865 -2.992088 -4.555326
v -3.041865 -2.736551 -4.154598
v -3.314824 -2.992088 -4.555326
v -3.320632 -2.736551 -4.154598
v -3.454209 -2.864319 -4.357866
v -3.901398 -3.015318 -4.590172
v -3.767824 -3.143086 -4.787632
v -3.767824 -2.887550 -4.386904
v -3.494862 -2.887550 -4.386904
v -3.489057 -3.137279 -4.787632
v -3.355479 -3.009511 -4.584364
v -4.371818 -2.870127 -4.357866
v -4.232436 -2.997895 -4.555326
v -4.232436 -2.742359 -4.154598
v -3.959474 -2.742359 -4.154598
v -3.959474 -2.992088 -4.555326
v -3.820092 -2.864319 -4.357866
v -6.677455 -1.023294 -1.430810
v -6.538071 -1.151063 -1.628271
v -6.538071 -0.895526 -1.227543
v -6.265111 -1.151063 -1.628271
v -6.265111 -0.895526 -1.227543
v -6.125729 -1.023294 -1.425003
v -4.760932 -0.581913 -0.745508
v -4.894506 -0.454145 -0.542240
v -4.894506 -0.709681 -0.942968
v -5.167465 -0.709681 -0.942968
v -5.173273 -0.459952 -0.542240
v -5.306850 -0.587721 -0.745508
v -4.290512 -0.727104 -0.977814
v -4.429894 -0.599336 -0.774546
v -4.429894 -0.854873 -1.175274
v -4.702853 -0.854873 -1.175274
v -4.702853 -0.605144 -0.774546
v -4.842238 -0.732912 -0.977814
v -4.755124 -0.866488 -1.192697
v -4.894506 -0.744527 -0.995237
v -4.894506 -0.994256 -1.395965
v -5.167465 -1.000064 -1.395965
v -5.167465 -0.744527 -0.995237
v -5.306850 -0.872296 -1.198504
v -5.765654 0.405387 0.828365
v -5.626271 0.283427 0.625098
v -5.626271 0.533156 1.025825
v -5.353310 0.538963 1.025825
v -5.353310 0.283427 0.625098
v -5.213927 0.411195 0.828365
v -5.765654 0.120813 0.375368
v -5.626271 -0.006956 0.172101
v -5.626271 0.248581 0.578636
v -5.353310 0.248581 0.578636
v -5.347504 -0.001148 0.177908
v -5.213927 0.126620 0.375368
v -6.125729 -0.454145 -0.530625
v -6.265111 -0.326377 -0.327357
v -6.259304 -0.581913 -0.728085
v -6.538071 -0.581913 -0.728085
v -6.538071 -0.326377 -0.327357
v -6.671647 -0.454145 -0.530625
v -7.589255 -0.448337 -0.519010
v -7.449872 -0.576105 -0.716469
v -7.449872 -0.320569 -0.315742
v -7.176913 -0.320569 -0.315742
v -7.176913 -0.576105 -0.716469
v -7.037529 -0.448337 -0.519010
v -8.048060 -0.883911 -1.204312
v -7.914484 -1.011679 -1.401772
v -7.914484 -0.756143 -1.001045
v -7.641525 -0.756143 -1.001045
v -7.635717 -1.011679 -1.401772
v -7.502141 -0.883911 -1.198504
v -3.065095 0.411195 0.816750
v -3.065095 0.155658 0.410214
v -2.931521 0.283427 0.613482
v -3.065095 0.155658 0.410214
v -3.065095 0.411195 0.816750
v -3.338054 0.155658 0.410214
v -3.343863 0.405387 0.810942
v -3.343863 0.405387 0.810942
v -3.477439 0.277619 0.613482
v -3.338054 0.155658 0.410214
v -2.600484 -0.012764 0.143063
v -2.594676 -0.268300 -0.257666
v -2.461101 -0.140532 -0.054398
v -2.594676 -0.268300 -0.257666
v -2.600484 -0.012764 0.143063
v -2.873443 -0.268300 -0.257666
v -2.873443 -0.012764 0.143063
v -3.007019 -0.140532 -0.054398
v -3.924630 -0.152147 -0.071820
v -3.785246 -0.279915 -0.269281
v -3.791054 -0.024379 0.131447
v -3.512287 -0.024379 0.131447
v -3.512287 -0.279915 -0.269281
v -3.372901 -0.152147 -0.071820
v -4.389242 -0.006956 0.160486
v -4.249857 -0.134724 -0.042782
v -4.255666 0.120813 0.363753
v -3.982707 0.120813 0.363753
v -3.976898 -0.134724 -0.042782
v -3.843322 -0.006956 0.160486
v -3.982707 0.405387 0.810942
v -4.255666 0.405387 0.810942
v -4.255666 0.149851 0.410214
v -4.255666 0.405387 0.810942
v -4.395048 0.277619 0.613482
v -4.255666 0.149851 0.410214
v -4.255666 0.149851 0.410214
v -3.982707 0.149851 0.410214
v -3.982707 0.405387 0.810942
v -3.843322 0.277619 0.613482
v -1.090496 -0.843257 -1.175274
v -1.229878 -0.715489 -0.977814
v -1.224072 -0.971025 -1.378542
v -1.502839 -0.971025 -1.378542
v -1.502839 -0.721297 -0.977814
v -1.642222 -0.849065 -1.175274
v -4.424086 -1.458868 -2.127729
v -4.424086 -1.714405 -2.534264
v -4.284704 -1.586636 -2.330996
v -4.424086 -1.714405 -2.534264
v -4.424086 -1.458868 -2.127729
v -4.697047 -1.714405 -2.534264
v -4.697047 -1.458868 -2.133536
v -4.836430 -1.586636 -2.330996
v -5.748231 -1.592444 -2.330996
v -5.614655 -1.720212 -2.534264
v -5.614655 -1.464676 -2.133536
v -5.341696 -1.464676 -2.133536
v -5.335888 -1.720212 -2.534264
v -5.202311 -1.592444 -2.330996
v -6.212843 -2.028018 -3.016299
v -6.073459 -2.155786 -3.219567
v -6.073459 -1.900249 -2.818839
v -5.800500 -1.900249 -2.813031
v -5.800500 -2.149979 -3.219567
v -5.661118 -2.022210 -3.016299
v -7.635717 -1.621482 -2.365842
v -7.908676 -1.621482 -2.365842
v -7.908676 -1.877019 -2.766570
v -7.908676 -1.621482 -2.365842
v -8.042253 -1.749250 -2.569110
v -7.908676 -1.877019 -2.766570
v -7.635717 -1.621482 -2.365842
v -7.908676 -1.877019 -2.766570
v -7.629909 -1.877019 -2.766570
v -7.635717 -1.621482 -2.365842
v -7.629909 -1.877019 -2.766570
v -7.496332 -1.749250 -2.569110
v -7.629909 -1.906057 -2.818839
v -7.908676 -1.906057 -2.818839
v -7.902868 -2.161594 -3.219567
v -8.042253 -2.033826 -3.016299
v -7.902868 -2.161594 -3.219567
v -7.629909 -2.161594 -3.219567
v -7.629909 -1.906057 -2.818839
v -7.490527 -2.033826 -3.016299
v -6.578725 -2.028018 -3.016299
v -6.718107 -1.900249 -2.813031
v -6.712302 -2.155786 -3.219567
v -6.991069 -2.155786 -3.219567
v -6.991069 -1.900249 -2.818839
v -7.124643 -2.028018 -3.016299
v -3.971090 -1.319485 -1.912846
v -4.244050 -1.319485 -1.912846
v -4.244050 -1.575021 -2.313573
v -4.377626 -1.447253 -2.116113
v -4.244050 -1.575021 -2.313573
v -3.965282 -1.575021 -2.313573
v -3.971090 -1.319485 -1.912846
v -3.831708 -1.447253 -2.110306
v -3.053482 -1.313677 -1.912846
v -3.053482 -1.569213 -2.313573
v -2.914097 -1.441445 -2.110306
v -3.053482 -1.569213 -2.313573
v -3.053482 -1.313677 -1.912846
v -3.326441 -1.569213 -2.313573
v -3.326441 -1.319485 -1.912846
v -3.465823 -1.447253 -2.110306
v -3.059287 -1.029102 -1.459849
v -3.326441 -1.284639 -1.860577
v -3.053482 -1.284639 -1.860577
v -3.059287 -1.029102 -1.459849
v -3.053482 -1.284639 -1.860577
v -2.919905 -1.156870 -1.657309
v -3.059287 -1.029102 -1.459849
v -3.332249 -1.029102 -1.459849
v -3.326441 -1.284639 -1.860577
v -3.465823 -1.156870 -1.663116
v -2.856021 -1.998980 -2.993068
v -2.583062 -1.998980 -2.993068
v -2.588870 -1.743443 -2.592340
v -2.449485 -1.871211 -2.795608
v -2.588870 -1.743443 -2.592340
v -2.861829 -1.749250 -2.592340
v -2.856021 -1.998980 -2.993068
v -2.995403 -1.877019 -2.795608
v -2.914097 -2.016403 -3.010491
v -3.047673 -1.888634 -2.813031
v -3.047673 -2.144171 -3.213759
v -3.320632 -2.144171 -3.213759
v -3.326441 -1.888634 -2.813031
v -3.460017 -2.016403 -3.016299
v -1.084688 -1.726020 -2.563302
v -1.218264 -1.598252 -2.365842
v -1.218264 -1.853788 -2.766570
v -1.491223 -1.853788 -2.766570
v -1.497031 -1.598252 -2.365842
v -1.630606 -1.726020 -2.563302
v -2.002297 -1.435638 -2.110306
v -2.141680 -1.313677 -1.907038
v -2.135872 -1.563406 -2.307766
v -2.414639 -1.313677 -1.907038
v -2.414639 -1.569213 -2.307766
v -2.548216 -1.441445 -2.110306
v -1.084688 -1.441445 -2.116113
v -1.224072 -1.313677 -1.918653
v -1.224072 -1.569213 -2.319381
v -1.497031 -1.569213 -2.319381
v -1.497031 -1.313677 -1.918653
v -1.636414 -1.441445 -2.121921
v -0.620076 -1.290446 -1.883808
v -0.759461 -1.168486 -1.686347
v -0.759461 -1.418215 -2.087075
v -1.032420 -1.424022 -2.087075
v -1.032420 -1.168486 -1.686347
v -1.171802 -1.296254 -1.889615
v -0.614268 -2.149979 -3.236990
v -0.753652 -2.022210 -3.039529
v -0.753652 -2.277747 -3.440257
v -1.026611 -2.277747 -3.440257
v -1.026611 -2.022210 -3.039529
v -1.165994 -2.149979 -3.242797
v -8.524286 1.555302 2.651967
v -8.384904 1.427534 2.454507
v -8.390713 1.683070 2.855235
v -8.111945 1.427534 2.454507
v -8.111945 1.683070 2.855235
v -8.111945 1.683070 2.855235
v -8.111945 1.427534 2.454507
v -7.978368 1.555302 2.651967
v -4.778354 1.712108 2.878465
v -4.911930 1.839877 3.081733
v -4.911930 1.584340 2.681005
v -5.184889 1.584340 2.681005
v -5.190697 1.839877 3.081733
v -5.324272 1.712108 2.878465
v -4.313742 1.863107 3.110771
v -4.447319 1.985068 3.314039
v -4.447319 1.735339 2.913311
v -4.720277 1.729531 2.913311
v -4.726086 1.985068 3.314039
v -4.859660 1.857300 3.110771
v -4.772545 1.148767 1.989895
v -4.911930 1.276535 2.193162
v -4.906122 1.020998 1.792435
v -5.184889 1.020998 1.792435
v -5.184889 1.276535 2.193162
v -5.318466 1.148767 1.989895
v -7.600871 1.270727 2.198971
v -7.467294 1.142959 2.001510
v -7.467294 1.398496 2.402238
v -7.194335 1.398496 2.402238
v -7.188527 1.142959 2.001510
v -7.054953 1.270727 2.198971
v -6.276728 1.694685 2.861042
v -6.549687 1.439149 2.460315
v -6.276728 1.439149 2.460315
v -6.276728 1.694685 2.861042
v -6.276728 1.439149 2.460315
v -6.137343 1.566917 2.657774
v -6.276728 1.694685 2.861042
v -6.549687 1.694685 2.861042
v -6.549687 1.439149 2.460315
v -6.549687 1.694685 2.861042
v -6.689069 1.566917 2.657774
v -6.549687 1.439149 2.460315
v -6.607763 1.706301 2.878465
v -6.741340 1.834069 3.081733
v -6.741340 1.578532 2.675197
v -7.014298 1.578532 2.675197
v -7.020107 1.828261 3.081733
v -7.153681 1.700493 2.878465
v -7.606679 1.839877 3.093348
v -7.467294 1.712108 2.895888
v -7.467294 1.967645 3.296616
v -7.194335 1.967645 3.296616
v -7.194335 1.712108 2.895888
v -7.054953 1.839877 3.099156
v -6.137343 0.986152 1.745973
v -6.270920 1.113920 1.943434
v -6.270920 0.858384 1.542706
v -6.543879 0.858384 1.542706
v -6.549687 1.113920 1.943434
v -6.683263 0.986152 1.745973
v -7.600871 0.991960 1.757589
v -7.461486 0.864191 1.554321
v -7.461486 1.119728 1.955049
v -7.188527 1.119728 1.955049
v -7.188527 0.864191 1.554321
v -7.049145 0.991960 1.757589
v -4.400856 1.712108 2.878465
v -4.267279 1.584340 2.681005
v -4.267279 1.839877 3.081733
v -3.994320 1.839877 3.081733
v -3.988512 1.590148 2.681005
v -3.854938 1.717916 2.878465
v -2.606292 1.415918 2.402238
v -2.606292 1.160381 2.001510
v -2.472715 1.288150 2.198971
v -2.606292 1.160381 2.001510
v -2.606292 1.415918 2.402238
v -2.879251 1.160381 2.001510
v -2.885059 1.415918 2.402238
v -3.018636 1.288150 2.198971
v -0.637500 1.015190 1.751781
v -0.776882 1.137151 1.955049
v -0.776882 0.887422 1.554321
v -1.049841 0.881615 1.554321
v -1.049841 1.137151 1.955049
v -1.189226 1.009383 1.751781
v -1.102112 0.869999 1.536898
v -1.241494 0.997767 1.734359
v -1.241494 0.742231 1.333630
v -1.514453 0.742231 1.333630
v -1.514453 0.997767 1.734359
v -1.653838 0.869999 1.531091
v -4.005937 3.855131 6.258517
v -4.000128 3.599595 5.857790
v -3.866552 3.727363 6.061058
v -4.000128 3.599595 5.857790
v -4.005937 3.855131 6.258517
v -4.273088 3.599595 5.857790
v -4.278895 3.849324 6.258517
v -4.412472 3.727363 6.055249
v -5.695961 3.715748 6.049443
v -5.829538 3.843516 6.252709
v -5.829538 3.587979 5.851982
v -6.102497 3.843516 6.252709
v -6.102497 3.587979 5.851982
v -6.102497 3.843516 6.252709
v -6.241881 3.715748 6.049443
v -6.102497 3.587979 5.851982
v -5.783078 2.711024 4.463954
v -5.643693 2.589063 4.266494
v -5.643693 2.838792 4.667222
v -5.370734 2.844600 4.667222
v -5.370734 2.589063 4.266494
v -5.231349 2.716832 4.469761
v -6.241881 2.275451 3.784458
v -6.108305 2.153490 3.581190
v -6.108305 2.403219 3.981919
v -5.835346 2.409026 3.981919
v -5.829538 2.153490 3.581190
v -5.695961 2.281258 3.784458
v -4.325358 3.576364 5.822944
v -4.464740 3.704132 6.020403
v -4.458932 3.448596 5.619676
v -4.737700 3.448596 5.619676
v -4.737700 3.698324 6.020403
v -4.737700 3.698324 6.020403
v -4.871276 3.570557 5.822944
v -4.737700 3.448596 5.619676
v -6.700686 2.995599 4.922758
v -6.561303 2.873638 4.719490
v -6.561303 3.123367 5.120218
v -6.288342 3.129175 5.120218
v -6.288342 2.873638 4.719490
v -6.288342 3.129175 5.120218
v -6.288342 2.873638 4.719490
v -6.148959 3.001407 4.922758
v -7.205951 3.123367 5.120218
v -7.478910 3.123367 5.120218
v -7.478910 2.867831 4.719490
v -7.618293 2.995599 4.922758
v -7.478910 2.867831 4.719490
v -7.200143 2.867831 4.719490
v -7.205951 3.123367 5.120218
v -7.066566 2.995599 4.922758
v -6.758761 3.837708 6.246902
v -6.758761 3.582172 5.846175
v -6.619379 3.709940 6.049443
v -6.758761 3.582172 5.846175
v -6.758761 3.837708 6.246902
v -7.031721 3.582172 5.846175
v -7.031721 3.837708 6.246902
v -7.171105 3.709940 6.049443
v -8.082905 3.704132 6.043634
v -7.943522 3.576364 5.846175
v -7.949330 3.831901 6.246902
v -7.670563 3.831901 6.246902
v -7.670563 3.582172 5.846175
v -7.536987 3.709940 6.049443
v -2.037141 3.733171 6.061058
v -2.176526 3.860939 6.258517
v -2.176526 3.611210 5.863598
v -2.443677 3.605402 5.863598
v -2.449485 3.860939 6.258517
v -2.583062 3.733171 6.061058
v -2.478523 2.443872 4.022572
v -2.617908 2.571640 4.225840
v -2.617908 2.316104 3.819304
v -2.890867 2.316104 3.819304
v -2.890867 2.565833 4.225840
v -3.030249 2.438065 4.022572
v -2.948943 3.442788 5.608061
v -3.088326 3.570557 5.805521
v -3.088326 3.315020 5.404793
v -3.361287 3.315020 5.404793
v -3.367095 3.570557 5.805521
v -3.500670 3.442788 5.608061
v -2.623713 3.146598 5.137641
v -2.617908 2.896869 4.736913
v -2.484331 3.024637 4.940181
v -2.617908 2.896869 4.736913
v -2.623713 3.146598 5.137641
v -2.896675 2.891061 4.736913
v -2.896675 3.146598 5.137641
v -3.030249 3.018830 4.934372
v -3.808475 3.134983 5.126026
v -3.947860 3.007214 4.922758
v -3.808475 2.879446 4.719490
v -3.808475 3.134983 5.126026
v -3.808475 2.879446 4.719490
v -3.535517 3.134983 5.126026
v -3.535517 2.879446 4.719490
v -3.396133 3.007214 4.922758
v -3.947860 3.291789 5.375755
v -3.814284 3.164021 5.172487
v -3.814284 3.419557 5.573215
v -3.541325 3.419557 5.573215
v -3.535517 3.169828 5.172487
v -3.541325 3.419557 5.573215
v -3.535517 3.169828 5.172487
v -3.401939 3.297597 5.375755
v -0.649114 2.745870 4.487184
v -0.788499 2.867831 4.690452
v -0.788499 2.618101 4.289724
v -1.061458 2.612294 4.283916
v -1.061458 2.867831 4.690452
v -1.200840 2.740062 4.487184
v -1.700298 2.583256 4.237455
v -1.979065 2.577448 4.237455
v -1.973257 2.327719 3.836727
v -2.112642 2.449680 4.034188
v -1.973257 2.327719 3.836727
v -1.700298 2.327719 3.836727
v -1.700298 2.583256 4.237455
v -1.566724 2.455487 4.034188
v -2.031336 2.304489 3.801881
v -2.164910 2.432257 4.005149
v -2.164910 2.176720 3.604421
v -2.443677 2.432257 4.005149
v -2.437869 2.176720 3.604421
v -2.577254 2.304489 3.801881
v -2.037141 3.454404 5.619676
v -2.176526 3.582172 5.822944
v -2.170718 3.326635 5.416408
v -2.449485 3.582172 5.822944
v -2.449485 3.326635 5.416408
v -2.588870 3.454404 5.619676
vn 0.0027 -0.8443 0.5358
vn 0.0027 -0.8443 0.5359
vn 0.0026 -0.8443 0.5358
vn 0.0026 -0.8443 0.5359
vn 0.0028 -0.8443 0.5359
vn 0.0025 -0.8442 0.5360
vn 0.0027 -0.8442 0.5360
vn 0.0027 -0.8441 0.5361
vn 0.0027 -0.8444 0.5358
vn 0.0028 -0.8443 0.5358
vn 0.0027 -0.8441 0.5363
vn 0.0027 -0.8444 0.5357
vn 0.0027 -0.8440 0.5364
vn 0.0028 -0.8444 0.5358
vn 0.0024 -0.8443 0.5359
vn 0.0027 -0.8441 0.5362
vn 0.0026 -0.8444 0.5357
vn 0.0027 -0.8442 0.5361
vn 0.0024 -0.8444 0.5357
vn 0.0028 -0.8444 0.5357
vn 0.0029 -0.8444 0.5357
vn 0.0026 -0.8444 0.5356
vn 0.0025 -0.8444 0.5357
vn -0.0027 0.8443 -0.5358
vn -0.0027 0.8444 -0.5358
vn -0.0026 0.8443 -0.5358
vn -0.0028 0.8443 -0.5358
vn -0.0031 0.8443 -0.5358
vn -0.0025 0.8443 -0.5358
vn -0.0024 0.8443 -0.5358
vn 1.0000 0.0039 0.0020
vn 1.0000 0.0039 0.0019
vn -1.0000 -0.0039 -0.0020
vn -0.0025 0.8445 -0.5355
vn 1.0000 0.0039 0.0021
vn -0.0023 0.8443 -0.5358
vn -0.0026 0.8444 -0.5357
vn 1.0000 0.0040 0.0019
vn 1.0000 0.0040 0.0020
vn -0.0025 0.8444 -0.5358
vn -0.0025 0.8445 -0.5356
vn -0.0027 0.8443 -0.5359
vn 1.0000 0.0039 0.0018
vn -0.0026 0.8444 -0.5358
vn -0.0026 0.8443 -0.5359
vn -0.0028 0.8444 -0.5358
vn -0.0022 0.8446 -0.5353
vn -0.0030 0.8444 -0.5357
vn 0.0026 -0.8444 0.5358
vn 0.0025 -0.8443 0.5359
vn 0.0028 -0.8441 0.5363
vn 0.0025 -0.8445 0.5356
vn 0.0025 -0.8444 0.5358
vn 0.0027 -0.8440 0.5363
vn 0.0027 -0.8439 0.5364
vn 0.0029 -0.8447 0.5352
vn 0.0027 -0.8444 0.5356
vn -0.0027 0.8444 -0.5357
vn 1.0000 0.0038 0.0018
vn -0.0027 0.5358 0.8443
vn 0.0028 -0.5357 -0.8444
vn 0.0027 -0.5358 -0.8443
vn 0.0026 -0.5358 -0.8443
vn 0.0027 -0.5358 -0.8444
vn -0.0027 0.5359 0.8443
vn -0.0027 0.5358 0.8444
vn -1.0000 -0.0039 -0.0019
vn -0.0027 0.5363 0.8440
vn -0.0028 0.5363 0.8440
vn 0.0684 0.8424 -0.5345
vn 0.3713 0.7859 -0.4945
vn 0.3713 0.7858 -0.4946
vn 0.0679 0.8425 -0.5344
vn -0.2446 0.8203 -0.5170
vn -0.2445 0.8203 -0.5170
vn -0.0028 0.5353 0.8446
vn -0.5328 0.7153 -0.4522
vn -0.5324 0.7154 -0.4526
vn -0.5323 0.7154 -0.4525
vn -0.7669 0.5404 -0.3462
vn -0.0028 0.5354 0.8446
vn -0.0025 0.5354 0.8446
vn -0.9274 0.3139 -0.2036
vn -0.0025 0.5331 0.8460
vn -0.9976 0.0557 -0.0407
vn -0.0031 0.5323 0.8466
vn -0.9976 0.0556 -0.0407
vn -0.9976 0.0557 -0.0406
vn -0.9700 -0.2068 0.1276
vn -0.0025 0.5363 0.8440
vn -0.0029 0.5354 0.8446
vn -0.8466 -0.4516 0.2816
vn -0.8466 -0.4515 0.2817
vn -1.0000 -0.0000 -0.0000
vn -1.0000 -0.0000 0.0001
vn -0.8469 -0.4513 0.2812
vn -0.8469 -0.4513 0.2813
vn -0.6419 -0.6485 0.4090
vn -0.6419 -0.6485 0.4091
vn -0.0027 0.5327 0.8463
vn -0.0027 0.5354 0.8446
vn -0.6513 -0.6414 0.4054
vn -0.8703 -0.4180 0.2605
vn -0.8703 -0.4179 0.2605
vn -0.9849 -0.1487 0.0887
vn -0.9849 -0.1487 0.0886
vn -0.0026 0.5332 0.8460
vn -0.0027 0.5332 0.8460
vn -0.0026 0.5363 0.8440
vn -0.0031 0.5355 0.8446
vn -0.0030 0.5354 0.8446
vn -0.9757 0.1831 -0.1202
vn -0.9758 0.1829 -0.1202
vn -0.9757 0.1831 -0.1204
vn -0.9757 0.1830 -0.1205
vn -0.0028 0.5358 0.8444
vn -0.7866 0.5196 -0.3335
vn -0.7866 0.5196 -0.3336
vn -0.7866 0.5196 -0.3334
vn -0.7867 0.5196 -0.3335
vn -0.7867 0.5196 -0.3334
vn -0.4440 0.7565 -0.4801
vn -0.4440 0.7565 -0.4802
vn -0.3467 0.7930 -0.5009
vn -0.3468 0.7930 -0.5009
vn -0.5532 0.7032 -0.4466
vn -0.5533 0.7032 -0.4466
vn -0.7331 0.5728 -0.3667
vn -0.7330 0.5729 -0.3667
vn -0.7329 0.5729 -0.3669
vn -0.7330 0.5729 -0.3668
vn -0.0028 0.5358 0.8443
vn -0.8775 0.4035 -0.2591
vn -0.8775 0.4035 -0.2590
vn -0.9720 0.1979 -0.1269
vn -0.9720 0.1980 -0.1269
vn -0.0026 0.5358 0.8443
vn -0.9997 -0.0222 0.0101
vn -0.0025 0.5362 0.8441
vn -0.0024 0.5363 0.8440
vn -0.9597 -0.2394 0.1473
vn -0.0026 0.5331 0.8460
vn -0.0029 0.5363 0.8440
vn -0.9595 -0.2399 0.1476
vn -0.9595 -0.2398 0.1476
vn -0.8541 -0.4424 0.2734
vn -0.0030 0.5363 0.8440
vn -0.6900 -0.6141 0.3830
vn -0.6901 -0.6141 0.3830
vn -0.4793 -0.7437 0.4660
vn -0.4792 -0.7437 0.4661
vn -0.2345 -0.8205 0.5213
vn 0.0247 -0.8459 0.5328
vn 0.2829 -0.8109 0.5123
vn 0.2828 -0.8109 0.5124
vn -0.0049 0.5373 0.8434
vn -0.0027 0.5357 0.8444
vn -0.0023 0.5361 0.8441
vn -0.0027 0.5331 0.8460
vn 0.8600 0.4315 -0.2724
vn -0.0031 0.5355 0.8445
vn -0.0030 0.5355 0.8445
vn -0.0028 0.5357 0.8444
vn -0.0028 0.5356 0.8445
vn -0.0024 0.5331 0.8461
vn 0.7904 0.5184 -0.3264
vn 0.6163 0.6663 -0.4198
vn 0.6163 0.6663 -0.4197
vn 0.3718 0.7856 -0.4946
vn 0.2942 -0.8051 0.5150
vn 0.2943 -0.8052 0.5148
vn 0.5764 -0.6906 0.4369
vn 0.5764 -0.6905 0.4369
vn 0.2937 -0.8054 0.5149
vn 0.2937 -0.8054 0.5148
vn -0.0136 -0.8451 0.5344
vn -0.3224 -0.7997 0.5065
vn -0.3218 -0.7998 0.5067
vn -0.6000 -0.6767 0.4266
vn -0.6000 -0.6767 0.4267
vn -0.8173 -0.4885 0.3057
vn -0.8173 -0.4885 0.3056
vn -0.8173 -0.4886 0.3056
vn -0.9556 -0.2507 0.1547
vn -0.9556 -0.2507 0.1548
vn -0.9556 -0.2507 0.1546
vn -0.9556 -0.2508 0.1547
vn -0.9999 0.0100 -0.0120
vn -0.9999 0.0100 -0.0119
vn -0.9463 0.2701 -0.1774
vn -0.9462 0.2704 -0.1777
vn -0.9464 0.2701 -0.1774
vn -0.9462 0.2703 -0.1777
vn -0.8000 0.5039 -0.3257
vn -0.8003 0.5037 -0.3253
vn -0.5773 0.6900 -0.4366
vn -0.5769 0.6902 -0.4369
vn -0.5768 0.6902 -0.4369
vn -0.2932 0.8055 -0.5150
vn -0.2942 0.8054 -0.5146
vn 0.0136 0.8451 -0.5344
vn 0.0131 0.8452 -0.5343
vn 0.3214 0.8001 -0.5065
vn 0.3213 0.8000 -0.5067
vn 0.3213 0.8001 -0.5066
vn 0.3218 0.7998 -0.5067
vn 0.6000 0.6767 -0.4268
vn 0.6000 0.6767 -0.4267
vn 0.8173 0.4885 -0.3056
vn 0.8173 0.4885 -0.3057
vn 0.9556 0.2506 -0.1548
vn 0.9556 0.2507 -0.1548
vn 0.9556 0.2507 -0.1547
vn 0.9999 -0.0100 0.0119
vn 0.9999 -0.0100 0.0120
vn 0.9464 -0.2700 0.1773
vn 0.8003 -0.5038 0.3252
vn 0.8006 -0.5034 0.3250
vn 0.8006 -0.5033 0.3250
vn 0.8006 -0.5034 0.3249
vn -0.1550 -0.8346 0.5285
vn -0.1550 -0.8347 0.5285
vn 0.1583 -0.8332 0.5298
vn -0.1539 -0.8346 0.5289
vn -0.4515 -0.7539 0.4772
vn -0.4516 -0.7539 0.4772
vn -0.4516 -0.7539 0.4771
vn -0.7046 -0.5999 0.3790
vn -0.7046 -0.6000 0.3790
vn -0.7046 -0.6000 0.3789
vn -0.7046 -0.5999 0.3789
vn -0.8894 -0.3867 0.2439
vn -0.8894 -0.3867 0.2438
vn -0.9872 -0.1365 0.0824
vn -0.9882 0.1266 -0.0866
vn -0.9882 0.1266 -0.0865
vn -0.9882 0.1266 -0.0868
vn -0.8926 0.3795 -0.2432
vn -0.8926 0.3796 -0.2432
vn -0.7081 0.5935 -0.3826
vn -0.7081 0.5934 -0.3826
vn -0.4544 0.7515 -0.4783
vn -0.4545 0.7515 -0.4782
vn -0.1578 0.8334 -0.5297
vn -0.1578 0.8333 -0.5298
vn -0.1582 0.8332 -0.5299
vn -0.1582 0.8331 -0.5300
vn 0.1545 0.8346 -0.5288
vn 0.1545 0.8346 -0.5287
vn 0.1550 0.8347 -0.5284
vn 0.4508 0.7540 -0.4777
vn 0.4508 0.7540 -0.4778
vn 0.4507 0.7540 -0.4778
vn 0.7046 0.5998 -0.3792
vn 0.7046 0.5998 -0.3791
vn 0.7046 0.5999 -0.3791
vn 0.8894 0.3867 -0.2440
vn 0.8894 0.3867 -0.2439
vn 0.9875 0.1362 -0.0799
vn 0.9872 0.1365 -0.0824
vn 0.9882 -0.1266 0.0867
vn 0.9882 -0.1265 0.0868
vn 0.8929 -0.3792 0.2428
vn 0.8929 -0.3792 0.2429
vn 0.7081 -0.5935 0.3824
vn 0.7081 -0.5936 0.3824
vn 0.7081 -0.5936 0.3825
vn 0.4553 -0.7514 0.4776
vn 0.4553 -0.7513 0.4777
vn 0.4553 -0.7514 0.4777
vn 0.1572 -0.8335 0.5297
vn 0.1572 -0.8335 0.5296
vn 0.0033 -0.5358 -0.8443
vn 0.0033 -0.5357 -0.8444
vn 0.0021 -0.5359 -0.8443
vn 0.0054 -0.5370 -0.8436
vn 0.0025 -0.5359 -0.8443
vn 0.0026 -0.5359 -0.8443
vn 0.0026 -0.5360 -0.8442
vn 0.0027 -0.5357 -0.8444
vn 0.0033 -0.5358 -0.8444
vn 0.0033 -0.5359 -0.8443
vn 0.0027 -0.5359 -0.8443
vn 0.0022 -0.5358 -0.8443
vn 0.0053 -0.5339 -0.8455
vn 0.0053 -0.5338 -0.8456
vn 0.0054 -0.5338 -0.8456
vn 0.0032 -0.5359 -0.8443
vn 0.0021 -0.5358 -0.8443
vn 0.0032 -0.5358 -0.8443
vn 0.0032 -0.5357 -0.8444
vn 0.0022 -0.5357 -0.8444
vn 0.0022 -0.5358 -0.8444
vn 0.0060 -0.5339 -0.8455
vn 0.0056 -0.5339 -0.8455
vn 0.0058 -0.5339 -0.8455
vn 0.0022 -0.5359 -0.8443
vn 0.0060 -0.5371 -0.8435
vn 0.0024 -0.5360 -0.8442
vn 0.0023 -0.5359 -0.8443
vn 0.0028 -0.5358 -0.8443
vn 0.0048 -0.5372 -0.8435
vn 0.0055 -0.5370 -0.8436
vn 0.0055 -0.5370 -0.8435
vn 0.0025 -0.5365 -0.8439
vn 0.0046 -0.5339 -0.8456
vn 0.0047 -0.5339 -0.8456
vn 0.0048 -0.5338 -0.8456
vn 0.0033 -0.5360 -0.8442
vn 0.0022 -0.5328 -0.8463
vn 0.0060 -0.5370 -0.8436
vn 0.0054 -0.5341 -0.8454
vn 0.0060 -0.5338 -0.8456
vn 0.0060 -0.5336 -0.8457
vn 0.0049 -0.5339 -0.8456
vn 0.0049 -0.5338 -0.8456
vn 0.0013 -0.5358 -0.8443
vn 0.0023 -0.5357 -0.8444
vn 0.0019 -0.5358 -0.8443
vn 0.0049 -0.5369 -0.8436
vn 0.0030 -0.5362 -0.8441
vn 0.0057 -0.5376 -0.8432
vn 0.0058 -0.5376 -0.8432
vn 0.0024 -0.5354 -0.8446
vn 0.0024 -0.5355 -0.8446
vn 0.0023 -0.5354 -0.8446
vn 0.0676 0.8426 -0.5342
vn 0.0678 0.8425 -0.5343
vn 0.3713 0.7858 -0.4947
vn -0.0021 0.5358 0.8444
vn -0.0021 0.5358 0.8443
vn -0.0033 0.5358 0.8443
vn -0.0033 0.5359 0.8443
vn 0.0678 0.8427 -0.5342
vn -0.2448 0.8180 -0.5205
vn -0.2447 0.8180 -0.5205
vn -0.0033 0.5359 0.8442
vn -0.0033 0.5360 0.8442
vn -0.0053 0.5338 0.8456
vn -0.0050 0.5335 0.8458
vn -0.0051 0.5337 0.8457
vn -0.0021 0.5357 0.8444
vn -0.2448 0.8180 -0.5206
vn -0.5320 0.7157 -0.4525
vn -0.5319 0.7157 -0.4525
vn -0.0032 0.5357 0.8444
vn -0.0030 0.5357 0.8444
vn -0.0022 0.5358 0.8444
vn -0.0022 0.5355 0.8445
vn -0.7672 0.5401 -0.3459
vn -0.9274 0.3138 -0.2035
vn -0.9274 0.3138 -0.2036
vn -0.0060 0.5370 0.8435
vn -0.0022 0.5357 0.8444
vn -0.9977 0.0555 -0.0384
vn -0.9977 0.0556 -0.0384
vn -0.6415 -0.6487 0.4095
vn -0.6415 -0.6486 0.4096
vn -0.6419 -0.6486 0.4091
vn -0.6518 -0.6411 0.4052
vn -0.6518 -0.6412 0.4051
vn -0.0028 0.5359 0.8443
vn -0.6510 -0.6414 0.4058
vn -0.6511 -0.6414 0.4058
vn -0.0022 0.5358 0.8443
vn -0.8700 -0.4184 0.2608
vn -0.0021 0.5360 0.8442
vn -0.8703 -0.4181 0.2603
vn -0.8703 -0.4182 0.2602
vn -0.0021 0.5359 0.8443
vn -0.9846 -0.1490 0.0914
vn -0.0032 0.5358 0.8443
vn -0.0042 0.5358 0.8443
vn -0.0050 0.5358 0.8443
vn -0.9757 0.1832 -0.1203
vn -0.0049 0.5339 0.8455
vn -0.9757 0.1831 -0.1203
vn -0.0060 0.5371 0.8435
vn -0.0060 0.5373 0.8434
vn -0.7867 0.5197 -0.3333
vn -0.0022 0.5359 0.8443
vn -0.0060 0.5339 0.8455
vn -0.3473 0.7930 -0.5006
vn -0.0033 0.5358 0.8444
vn -0.0026 0.5357 0.8444
vn -0.0025 0.5358 0.8444
vn -0.0025 0.5357 0.8444
vn -0.7332 0.5728 -0.3666
vn -0.0032 0.5358 0.8444
vn -0.8773 0.4039 -0.2593
vn -0.8775 0.4036 -0.2590
vn -0.9719 0.1982 -0.1270
vn -0.9719 0.1981 -0.1270
vn -0.9719 0.1980 -0.1269
vn -0.9718 0.1983 -0.1272
vn -0.9718 0.1983 -0.1273
vn -0.9997 -0.0227 0.0104
vn -0.9997 -0.0227 0.0105
vn -0.8541 -0.4424 0.2735
vn -0.6900 -0.6140 0.3831
vn -0.4793 -0.7437 0.4661
vn -0.2341 -0.8204 0.5217
vn -0.2340 -0.8204 0.5217
vn -0.0032 0.5360 0.8442
vn -0.0060 0.5370 0.8436
vn -0.0059 0.5370 0.8436
vn -0.0026 0.5359 0.8443
vn -0.0060 0.5341 0.8454
vn -0.0061 0.5341 0.8454
vn -0.0033 0.5357 0.8444
vn 0.2834 -0.8106 0.5125
vn -0.0049 0.5338 0.8456
vn -0.0025 0.5358 0.8443
vn -0.0023 0.5359 0.8443
vn -0.0058 0.5338 0.8456
vn -0.0056 0.5338 0.8456
vn -0.0054 0.5338 0.8456
vn 0.8600 0.4315 -0.2723
vn 0.7901 0.5189 -0.3264
vn 0.7900 0.5188 -0.3266
vn 0.8598 0.4318 -0.2727
vn 0.6168 0.6659 -0.4197
vn -0.0022 0.5356 0.8444
vn -0.0000 0.5346 0.8451
vn 0.0001 0.5346 0.8451
vn 0.3717 0.7856 -0.4947
vn -0.0136 -0.8452 0.5343
vn 0.2938 -0.8054 0.5148
vn -0.3219 -0.7998 0.5067
vn -0.3224 -0.7996 0.5066
vn -0.5996 -0.6769 0.4269
vn -0.5996 -0.6769 0.4270
vn -0.8172 -0.4885 0.3057
vn -0.8169 -0.4889 0.3060
vn -0.9559 -0.2499 0.1540
vn -0.9558 -0.2503 0.1544
vn -0.9999 0.0104 -0.0124
vn -0.9999 0.0102 -0.0125
vn -0.9466 0.2696 -0.1770
vn -0.9466 0.2697 -0.1768
vn -0.9466 0.2695 -0.1770
vn -0.8002 0.5040 -0.3251
vn -0.8002 0.5039 -0.3252
vn -0.8000 0.5042 -0.3252
vn -0.7999 0.5041 -0.3255
vn -0.0026 0.5356 0.8444
vn -0.5773 0.6900 -0.4365
vn -0.2932 0.8055 -0.5149
vn -0.0020 0.5359 0.8443
vn -0.2937 0.8054 -0.5148
vn 0.0136 0.8452 -0.5343
vn 0.3219 0.7998 -0.5067
vn 0.5996 0.6770 -0.4268
vn 0.6000 0.6767 -0.4266
vn 0.8169 0.4889 -0.3060
vn 0.9558 0.2503 -0.1544
vn 0.9462 -0.2705 0.1775
vn 0.9462 -0.2705 0.1774
vn 0.9464 -0.2701 0.1774
vn 0.9463 -0.2702 0.1774
vn 0.9462 -0.2704 0.1776
vn 0.5769 -0.6903 0.4368
vn 0.5769 -0.6902 0.4369
vn 0.2932 -0.8056 0.5148
vn 0.5768 -0.6902 0.4369
vn 0.2942 -0.8052 0.5148
vn -0.3213 -0.8000 0.5068
vn -0.3223 -0.7998 0.5064
vn -0.8172 -0.4886 0.3055
vn -0.8166 -0.4892 0.3063
vn -0.8166 -0.4892 0.3062
vn -0.9556 -0.2508 0.1546
vn -0.9999 0.0100 -0.0121
vn -0.9464 0.2700 -0.1773
vn -0.8003 0.5037 -0.3252
vn -0.8003 0.5038 -0.3252
vn -0.8006 0.5034 -0.3250
vn -0.5769 0.6903 -0.4368
vn -0.5764 0.6904 -0.4371
vn -0.2943 0.8053 -0.5147
vn -0.2938 0.8054 -0.5148
vn 0.3218 0.7999 -0.5066
vn 0.3218 0.7998 -0.5066
vn 0.8172 0.4885 -0.3057
vn 0.8172 0.4885 -0.3058
vn 0.9556 0.2508 -0.1545
vn 0.9462 -0.2705 0.1773
vn 0.8003 -0.5038 0.3253
vn 0.5769 -0.6902 0.4368
vn 0.0027 -0.5327 -0.8463
vn 0.0028 -0.5354 -0.8446
vn 0.0028 -0.5353 -0.8446
vn 0.0055 -0.5371 -0.8435
vn 0.0054 -0.5371 -0.8435
vn 0.0029 -0.5363 -0.8440
vn 0.0023 -0.5355 -0.8446
vn 0.0023 -0.5355 -0.8445
vn 0.0023 -0.5356 -0.8445
vn 0.0020 -0.5357 -0.8444
vn 0.0031 -0.5362 -0.8441
vn 0.0031 -0.5361 -0.8441
vn 0.0027 -0.5363 -0.8440
vn 0.0027 -0.5354 -0.8446
vn 0.0026 -0.5363 -0.8440
vn 0.0024 -0.5363 -0.8440
vn 0.0027 -0.5353 -0.8446
vn 0.0024 -0.5355 -0.8445
vn 0.0026 -0.5354 -0.8446
vn 0.0028 -0.5327 -0.8463
vn 0.0029 -0.5332 -0.8460
vn 0.0028 -0.5332 -0.8460
vn 0.0028 -0.5363 -0.8440
vn 0.0030 -0.5363 -0.8440
vn 0.0030 -0.5361 -0.8441
vn 0.5984 0.7512 0.2786
vn -0.0750 0.2707 -0.9597
vn 0.3982 0.7697 -0.4990
vn -0.0030 -0.5259 -0.8506
vn -0.0029 -0.5259 -0.8506
vn -0.0030 -0.5259 -0.8505
vn 0.0023 -0.5323 -0.8465
vn 0.0026 -0.5324 -0.8465
vn 0.0025 -0.5325 -0.8464
vn 0.0025 -0.5362 -0.8441
vn 0.0026 -0.5353 -0.8446
vn 0.0025 -0.5354 -0.8446
vn 0.0053 -0.5365 -0.8439
vn 0.0027 -0.5331 -0.8460
vn 1.0000 -0.0000 -0.0000
vn 1.0000 -0.0000 -0.0001
vn 0.0029 -0.5364 -0.8440
vn 0.0029 -0.5354 -0.8446
vn 0.0683 0.8423 -0.5346
vn -0.2446 0.8203 -0.5169
vn -0.2445 0.8203 -0.5169
vn 0.0678 0.8425 -0.5344
vn 0.7908 0.5181 -0.3261
vn 0.7907 0.5181 -0.3261
vn 0.0026 -0.5326 -0.8464
vn 0.0026 -0.5326 -0.8463
vn 0.0027 -0.5332 -0.8460
vn 0.0031 -0.5360 -0.8442
vn 0.0031 -0.5361 -0.8442
vn 0.0022 -0.5355 -0.8445
vn 0.0028 -0.5359 -0.8443
vn 0.0024 -0.5323 -0.8465
vn 0.5214 -0.7216 0.4554
vn 0.5214 -0.7217 0.4553
vn 0.2834 -0.8106 0.5124
vn -0.2339 -0.8205 0.5216
vn -0.2340 -0.8205 0.5216
vn -0.4797 -0.7434 0.4661
vn -0.8538 -0.4427 0.2738
vn -0.9595 -0.2399 0.1477
vn -0.9594 -0.2402 0.1481
vn -0.9719 0.1981 -0.1269
vn -0.9718 0.1984 -0.1273
vn -0.8773 0.4040 -0.2592
vn 0.0029 -0.5329 -0.8462
vn 0.0028 -0.5328 -0.8462
vn -0.5530 0.7031 -0.4471
vn -0.5529 0.7031 -0.4471
vn 0.0024 -0.5352 -0.8447
vn 0.0024 -0.5353 -0.8447
vn -0.5537 0.7030 -0.4463
vn -0.5537 0.7031 -0.4462
vn -0.3473 0.7929 -0.5007
vn -0.3464 0.7929 -0.5012
vn -0.3464 0.7930 -0.5012
vn -0.4436 0.7567 -0.4803
vn -0.4435 0.7567 -0.4804
vn -0.4435 0.7567 -0.4803
vn -0.7863 0.5199 -0.3338
vn -0.7863 0.5199 -0.3339
vn -0.9758 0.1827 -0.1202
vn -0.9849 -0.1486 0.0888
vn -0.9849 -0.1486 0.0889
vn 0.0022 -0.5356 -0.8445
vn -0.8701 -0.4184 0.2607
vn -0.8698 -0.4187 0.2611
vn -0.8698 -0.4186 0.2612
vn 0.0051 -0.5366 -0.8438
vn 0.0050 -0.5366 -0.8438
vn -0.6545 -0.6405 0.4017
vn 0.0030 -0.5331 -0.8460
vn 0.0031 -0.5330 -0.8461
vn 0.0031 -0.5331 -0.8461
vn -0.8466 -0.4516 0.2817
vn -0.9700 -0.2068 0.1277
vn -0.9976 0.0556 -0.0406
vn -0.9274 0.3139 -0.2035
vn -0.7672 0.5402 -0.3459
vn -0.5324 0.7154 -0.4525
vn -0.5319 0.7155 -0.4529
vn -0.2447 0.8180 -0.5206
vn 0.2942 -0.8052 0.5150
vn 0.5768 -0.6902 0.4368
vn 0.8003 -0.5037 0.3252
vn 0.8008 -0.5047 0.3226
vn 0.9464 -0.2701 0.1773
vn 0.9463 -0.2704 0.1774
vn 0.9556 0.2508 -0.1544
vn 0.9556 0.2507 -0.1546
vn 0.8173 0.4884 -0.3057
vn 0.8173 0.4885 -0.3058
vn 0.8173 0.4884 -0.3058
vn 0.6005 0.6764 -0.4266
vn 0.6004 0.6763 -0.4267
vn 0.6005 0.6763 -0.4266
vn 0.0142 0.8451 -0.5345
vn 0.0142 0.8451 -0.5344
vn -0.2943 0.8053 -0.5146
vn -0.2940 0.8064 -0.5131
vn -0.5769 0.6902 -0.4368
vn -0.5768 0.6902 -0.4368
vn -0.7999 0.5042 -0.3254
vn -0.9466 0.2696 -0.1769
vn -0.9466 0.2697 -0.1767
vn -0.9559 -0.2498 0.1542
vn -0.9560 -0.2498 0.1540
vn -0.8166 -0.4893 0.3062
vn -0.8166 -0.4893 0.3061
vn -0.6005 -0.6764 0.4266
vn -0.6005 -0.6763 0.4266
vn -0.6004 -0.6764 0.4265
vn -0.6004 -0.6763 0.4267
vn -0.3213 -0.7999 0.5068
vn -0.3214 -0.7998 0.5070
vn -0.1545 -0.8347 0.5286
vn -0.1545 -0.8346 0.5287
vn -0.4511 -0.7541 0.4774
vn -0.4511 -0.7540 0.4774
vn -0.1550 -0.8344 0.5289
vn -0.1550 -0.8344 0.5288
vn 0.1577 -0.8333 0.5298
vn 0.1578 -0.8333 0.5298
vn 0.1580 -0.8334 0.5297
vn 0.4548 -0.7515 0.4778
vn 0.4548 -0.7515 0.4779
vn 0.4544 -0.7515 0.4782
vn 0.4545 -0.7515 0.4782
vn 0.7085 -0.5932 0.3823
vn 0.8926 -0.3796 0.2432
vn 0.8896 0.3863 -0.2436
vn 0.8896 0.3863 -0.2435
vn 0.7046 0.5999 -0.3790
vn 0.4516 0.7539 -0.4772
vn 0.4516 0.7539 -0.4771
vn 0.1550 0.8345 -0.5288
vn 0.1539 0.8349 -0.5285
vn 0.1539 0.8348 -0.5286
vn -0.1583 0.8333 -0.5296
vn -0.1604 0.8342 -0.5276
vn -0.4553 0.7513 -0.4777
vn -0.4553 0.7514 -0.4776
vn -0.7081 0.5935 -0.3824
vn -0.7081 0.5936 -0.3824
vn -0.8929 0.3792 -0.2428
vn -0.8929 0.3792 -0.2429
vn -0.9882 0.1266 -0.0867
vn -0.8891 -0.3870 0.2443
vn -0.7050 -0.5996 0.3788
vn -0.7046 -0.5998 0.3792
vn -0.7046 -0.5997 0.3793
vn -0.4511 -0.7540 0.4775
vn -0.0025 0.5356 0.8444
vn -0.0018 0.5356 0.8445
vn -0.0060 0.5338 0.8456
vn -0.0029 0.5360 0.8442
vn -0.0033 0.5361 0.8442
vn -0.0031 0.5361 0.8441
vn -0.0020 0.5358 0.8444
vn -0.0020 0.5358 0.8443
vn -0.0019 0.5358 0.8443
vn -0.0030 0.5356 0.8445
vn -0.0034 0.5357 0.8444
vn -0.0032 0.5356 0.8445
vn -0.0022 0.5356 0.8445
vn -0.4988 0.8340 -0.2360
vn -0.8427 0.5222 -0.1312
vn -0.9818 0.1879 -0.0260
vn -0.0055 0.5338 0.8456
vn -0.0057 0.5338 0.8456
vn -0.0032 0.5359 0.8443
vn -0.0032 0.5361 0.8442
vn -0.0022 0.5360 0.8442
vn -0.0051 0.5369 0.8436
vn -0.0056 0.5370 0.8435
vn -0.0053 0.5369 0.8436
vn -0.0025 0.5359 0.8443
vn -0.0054 0.5370 0.8435
vn -0.0055 0.5370 0.8436
vn -0.0057 0.5371 0.8435
vn -0.0023 0.5358 0.8443
vn -0.0049 0.5369 0.8436
vn -0.0029 0.5358 0.8444
vn -0.0026 0.5360 0.8442
vn -0.0025 0.5360 0.8442
vn -0.0024 0.5359 0.8443
vn -0.0034 0.5358 0.8443
vn -0.0033 0.5356 0.8444
vn 0.0032 -0.5356 -0.8445
vn 0.0080 -0.5352 -0.8447
vn 0.0081 -0.5352 -0.8447
vn 0.0026 -0.5357 -0.8444
vn 0.0022 -0.5360 -0.8442
vn 0.6168 0.6660 -0.4196
vn 0.7900 0.5188 -0.3265
vn 0.8597 0.4319 -0.2726
vn 0.7588 0.5512 -0.3470
vn 0.7610 0.5505 -0.3432
vn 0.7249 -0.5806 0.3707
vn 0.7249 -0.5806 0.3706
vn 0.5218 -0.7213 0.4554
vn 0.0056 -0.5369 -0.8436
vn 0.0053 -0.5369 -0.8436
vn 0.0054 -0.5339 -0.8455
vn 0.0054 -0.5336 -0.8457
vn 0.5219 -0.7213 0.4554
vn 0.0023 -0.5361 -0.8441
vn 0.0058 -0.5370 -0.8436
vn 0.0055 -0.5368 -0.8437
vn 0.0032 -0.5360 -0.8442
vn 0.0252 -0.8457 0.5331
vn -0.2344 -0.8205 0.5213
vn 0.0056 -0.5337 -0.8456
vn 0.0055 -0.5337 -0.8456
vn 0.0055 -0.5338 -0.8456
vn -0.4797 -0.7436 0.4657
vn 0.0021 -0.5358 -0.8444
vn 0.0021 -0.5357 -0.8444
vn -0.9597 -0.2395 0.1473
vn -0.9718 0.1983 -0.1274
vn -0.8773 0.4039 -0.2592
vn -0.5529 0.7032 -0.4470
vn -0.5528 0.7032 -0.4470
vn 0.0018 -0.5358 -0.8444
vn 0.0019 -0.5357 -0.8444
vn -0.3472 0.7929 -0.5007
vn -0.3463 0.7930 -0.5012
vn 0.0032 -0.5358 -0.8444
vn -0.9757 0.1831 -0.1205
vn 0.0022 -0.5326 -0.8463
vn 0.0022 -0.5327 -0.8463
vn 0.0026 -0.5359 -0.8442
vn -0.9850 -0.1483 0.0884
vn -0.9850 -0.1484 0.0886
vn -0.8703 -0.4182 0.2603
vn -0.8686 -0.4192 0.2642
vn -0.6510 -0.6414 0.4059
vn 0.0034 -0.5358 -0.8443
vn 0.0033 -0.5356 -0.8445
vn -0.6518 -0.6411 0.4051
vn -0.6415 -0.6487 0.4094
vn -0.6415 -0.6486 0.4095
vn 0.0061 -0.5369 -0.8436
vn 0.0060 -0.5369 -0.8436
vn -0.9274 0.3138 -0.2037
vn -0.5319 0.7157 -0.4526
vn 0.0048 -0.5371 -0.8435
vn -0.3224 -0.7997 0.5066
vn 0.8003 -0.5038 0.3251
vn 0.9462 -0.2704 0.1775
vn 0.9999 -0.0100 0.0121
vn 0.9556 0.2506 -0.1549
vn 0.5995 0.6770 -0.4269
vn 0.3224 0.7996 -0.5066
vn 0.3224 0.7996 -0.5067
vn -0.5773 0.6901 -0.4365
vn 0.0014 -0.5359 -0.8443
vn 0.0025 -0.5358 -0.8444
vn 0.0019 -0.5359 -0.8443
vn -0.5764 0.6905 -0.4370
vn -0.7999 0.5041 -0.3256
vn -0.8001 0.5041 -0.3251
vn -0.9466 0.2695 -0.1769
vn -0.9466 0.2696 -0.1771
vn -0.9999 0.0114 -0.0114
vn -0.9999 0.0104 -0.0125
vn -0.9550 -0.2513 0.1576
vn -0.9550 -0.2513 0.1577
vn -0.8169 -0.4889 0.3059
vn -0.6004 -0.6765 0.4265
vn -0.6005 -0.6765 0.4265
vn 0.8006 -0.5034 0.3251
vn 0.9462 -0.2706 0.1774
vn 0.9560 0.2498 -0.1541
vn 0.8169 0.4889 -0.3059
vn 0.8166 0.4894 -0.3059
vn 0.8166 0.4894 -0.3060
vn 0.6005 0.6764 -0.4265
vn 0.6003 0.6752 -0.4287
vn -0.2942 0.8054 -0.5145
vn -0.8006 0.5034 -0.3249
vn -0.9463 0.2705 -0.1774
vn -0.9463 0.2705 -0.1773
vn -0.9462 0.2705 -0.1774
vn -0.9462 0.2704 -0.1775
vn -0.9560 -0.2499 0.1540
vn -0.9559 -0.2499 0.1539
vn -0.8172 -0.4886 0.3056
vn -0.3219 -0.7998 0.5066
vn -0.3219 -0.7999 0.5066
vn -0.3215 -0.8003 0.5061
vn -0.0027 0.5364 0.8440
vn -0.0027 0.5353 0.8446
vn -0.0025 0.5363 0.8441
vn -0.0026 0.5354 0.8446
vn -0.0028 0.5327 0.8463
vn -0.0026 0.5327 0.8463
vn -0.0028 0.5356 0.8444
vn -0.0029 0.5353 0.8446
vn -0.0024 0.5358 0.8444
vn -0.0023 0.5362 0.8441
vn -0.0027 0.5331 0.8461
vn -0.0031 0.5356 0.8445
vn -0.0032 0.5355 0.8445
vn -0.0024 0.5362 0.8441
vn -0.0029 0.5322 0.8466
vn -0.0050 0.5342 0.8453
vn -0.0050 0.5342 0.8454
vn -0.0051 0.5342 0.8453
vn -0.0023 0.5356 0.8444
vn -0.0053 0.5339 0.8455
vn -0.0051 0.5339 0.8455
vn -0.0032 0.5356 0.8444
vn 0.0033 -0.8443 0.5358
vn 0.8837 -0.0669 0.4633
vn 0.8672 0.0038 0.4979
vn 0.8451 0.0746 0.5293
vn -0.1576 -0.8356 0.5263
vn 0.0023 -0.5363 -0.8440
vn -0.0029 0.5358 0.8443
vn -0.0053 0.5371 0.8435
vn -0.0053 0.5370 0.8435
vn -0.0053 0.5370 0.8436
vn -0.1576 -0.8355 0.5263
vn -0.0021 0.5364 0.8440
vn 1.0000 0.0043 -0.0043
vn 1.0000 0.0035 -0.0034
vn 1.0000 0.0039 -0.0038
vn -0.0055 0.7353 0.6778
vn -0.0056 0.7356 0.6774
vn -0.0055 0.7356 0.6774
vn -0.0047 0.9759 0.2182
vn -0.0049 0.9545 -0.2983
vn -0.0050 0.9545 -0.2983
vn -0.0049 0.9545 -0.2982
vn -0.0028 0.6789 -0.7343
vn -0.0000 0.2199 -0.9755
vn 0.0024 -0.2970 -0.9549
vn 0.0025 -0.2970 -0.9549
vn 0.0056 -0.7356 -0.6773
vn 0.0055 -0.7356 -0.6773
vn 0.0047 -0.9759 -0.2181
vn 0.0047 -0.9759 -0.2182
vn 0.0049 -0.9546 0.2977
vn 0.0028 -0.6785 0.7346
vn 0.0027 -0.6785 0.7346
vn -0.0000 -0.2199 0.9755
vn -0.0025 0.2970 0.9549
vn -0.0025 0.2967 0.9550
vn -0.0024 0.2965 0.9550
vn 0.8553 -0.4362 0.2797
vn 0.8553 -0.4363 0.2796
vn 0.9837 -0.1500 0.0991
vn 0.9837 -0.1500 0.0992
vn 0.8568 -0.4356 0.2760
vn 0.6168 -0.6635 0.4234
vn 0.6164 -0.6638 0.4236
vn 0.2929 -0.8080 0.5112
vn 0.2943 -0.8053 0.5147
vn 0.2943 -0.8053 0.5148
vn 0.2934 -0.8078 0.5112
vn 0.1164 -0.8383 0.5326
vn 0.1164 -0.8383 0.5327
vn 0.3111 0.8032 -0.5080
vn 0.7054 0.5993 -0.3785
vn 0.7054 0.5993 -0.3786
vn 0.7054 0.5992 -0.3786
vn -0.0048 0.5371 0.8435
vn -0.0048 0.5370 0.8435
vn -0.7089 0.5928 -0.3820
vn -0.7089 0.5928 -0.3821
vn -0.7089 0.5928 -0.3822
vn -0.0049 0.5370 0.8436
vn -0.0048 0.5370 0.8436
vn 0.9761 0.1848 -0.1148
vn 0.9761 0.1847 -0.1148
vn 0.7075 0.5989 -0.3751
vn 0.7075 0.5989 -0.3752
vn -0.0027 0.8446 -0.5353
vn -0.0023 0.5357 0.8444
vn -0.0028 0.8446 -0.5353
vn -0.0029 0.8446 -0.5354
vn 0.9854 -0.1411 0.0957
vn -0.4582 -0.7515 0.4746
vn -0.4582 -0.7515 0.4747
vn -0.4581 -0.7515 0.4747
vn -0.4581 -0.7516 0.4746
vn -0.7160 -0.5912 0.3712
vn -0.7164 -0.5909 0.3709
vn -0.8170 -0.4889 0.3059
vn -0.9036 -0.3626 0.2281
vn -0.9047 -0.3619 0.2248
vn -0.9268 -0.3193 0.1978
vn -0.9268 -0.3193 0.1979
vn -0.8149 -0.4924 0.3058
vn -0.8146 -0.4926 0.3063
vn -0.6574 -0.6375 0.4018
vn -0.6576 -0.6376 0.4012
vn -0.4652 -0.7490 0.4718
vn -0.2485 -0.8187 0.5176
vn -0.2481 -0.8187 0.5179
vn -0.0191 -0.8455 0.5336
vn -0.0192 -0.8455 0.5336
vn 0.0979 -0.8407 0.5326
vn -0.3721 0.7831 -0.4983
vn -0.3716 0.7833 -0.4984
vn -0.5604 0.6972 -0.4470
vn -0.5605 0.6972 -0.4470
vn 0.0532 0.8432 -0.5350
vn 0.4690 0.7487 -0.4684
vn 0.4652 0.7490 -0.4718
vn 0.7949 0.5140 -0.3224
vn -0.4548 0.7515 -0.4779
vn -0.1572 0.8334 -0.5299
vn -0.1572 0.8334 -0.5298
vn -0.1577 0.8334 -0.5297
vn 0.1540 0.8349 -0.5285
vn 0.1544 0.8346 -0.5287
vn 0.4509 0.7544 -0.4771
vn 0.4511 0.7540 -0.4774
vn 0.7053 0.5994 -0.3785
vn 0.7050 0.5996 -0.3788
vn 0.8891 0.3872 -0.2440
vn 0.8891 0.3872 -0.2441
vn 0.9871 0.1370 -0.0826
vn 0.9871 0.1370 -0.0827
vn 0.9881 -0.1271 0.0871
vn 0.9881 -0.1271 0.0870
vn 0.9881 -0.1270 0.0870
vn 0.7085 -0.5931 0.3823
vn 0.7086 -0.5932 0.3823
vn 0.7086 -0.5932 0.3822
vn 0.4548 -0.7515 0.4780
vn 0.1578 -0.8334 0.5297
vn -0.1550 -0.8346 0.5286
vn -0.7051 -0.5995 0.3788
vn -0.7050 -0.5995 0.3788
vn -0.7050 -0.5995 0.3789
vn -0.8894 -0.3867 0.2440
vn -0.9872 -0.1367 0.0821
vn -0.9871 -0.1370 0.0827
vn -0.9880 0.1269 -0.0876
vn -0.8926 0.3796 -0.2431
vn -0.7088 0.5931 -0.3818
vn -0.7085 0.5932 -0.3823
vn -0.4549 0.7515 -0.4779
vn 0.2621 -0.8143 0.5179
vn 0.0062 -0.5339 -0.8455
vn 0.0061 -0.5339 -0.8455
vn 0.4152 -0.7683 0.4871
vn 0.0022 -0.5361 -0.8442
vn 0.0023 -0.5358 -0.8443
vn 0.0023 -0.5358 -0.8444
vn 0.0025 -0.5363 -0.8441
vn 0.0025 -0.5363 -0.8440
vn 0.6849 -0.6129 0.3940
vn 0.8837 -0.3949 0.2513
vn 0.8834 -0.3953 0.2515
vn 0.9870 -0.1330 0.0902
vn 0.7085 -0.5932 0.3822
vn 0.7086 -0.5933 0.3821
vn 0.0026 -0.5327 -0.8463
vn 1.0000 0.0040 0.0021
vn 1.0000 0.0043 0.0013
vn 0.0033 -0.5359 -0.8442
vn -0.0024 0.2970 0.9549
vn -0.0055 0.7360 0.6769
vn -0.0055 0.7360 0.6770
vn -0.0049 0.9548 -0.2972
vn -0.0028 0.6789 -0.7342
vn 0.0024 -0.2975 -0.9547
vn 0.0025 -0.2975 -0.9547
vn 0.0049 -0.9548 0.2972
vn 0.0028 -0.6789 0.7342
vn 0.0027 -0.6789 0.7342
vn 0.0022 -0.5356 -0.8444
vn -0.7054 -0.5991 0.3787
vn -0.7054 -0.5992 0.3787
vn -0.7046 -0.5999 0.3791
vn -1.0000 -0.0059 -0.0000
vn -0.7082 0.5936 -0.3823
vn -0.7083 0.5934 -0.3822
vn -0.7082 0.5935 -0.3823
vn -1.0000 -0.0039 -0.0021
vn -1.0000 -0.0039 -0.0014
vn -1.0000 -0.0039 -0.0017
vn -1.0000 -0.0040 -0.0020
vn 0.0057 -0.5339 -0.8455
vn 0.0055 -0.5340 -0.8455
vn 0.0054 -0.5340 -0.8455
vn 0.0058 -0.5338 -0.8456
vn 0.0059 -0.5337 -0.8456
vn 0.0059 -0.5338 -0.8456
vn 0.0060 -0.5370 -0.8435
vn 0.0032 -0.5361 -0.8441
vn 0.0032 -0.5361 -0.8442
vn 0.0046 -0.5338 -0.8456
vn 0.0052 -0.5338 -0.8456
vn 0.0049 -0.5339 -0.8455
vn -0.1577 0.8333 -0.5298
vn 0.1541 0.8344 -0.5291
vn 0.1543 0.8344 -0.5292
vn 0.1547 0.8346 -0.5287
vn -0.4549 0.7512 -0.4784
vn -0.4549 0.7511 -0.4784
vn -0.1581 0.8331 -0.5301
vn -0.7085 0.5929 -0.3828
vn -0.4549 0.7512 -0.4783
vn -0.7082 0.5936 -0.3822
vn -0.8926 0.3799 -0.2427
vn -0.8926 0.3800 -0.2428
vn -0.9872 -0.1365 0.0825
vn -0.9881 0.1266 -0.0869
vn -0.8893 -0.3870 0.2435
vn -0.8894 -0.3870 0.2434
vn -0.7049 -0.5993 0.3793
vn -0.8895 -0.3862 0.2441
vn -0.8895 -0.3863 0.2441
vn -0.4513 -0.7542 0.4770
vn -0.7046 -0.6000 0.3788
vn -0.1540 -0.8345 0.5291
vn -0.1541 -0.8344 0.5291
vn -0.4514 -0.7536 0.4777
vn -0.4515 -0.7536 0.4777
vn 0.1574 -0.8331 0.5302
vn 0.4548 -0.7511 0.4785
vn 0.4549 -0.7511 0.4784
vn 0.1575 -0.8331 0.5302
vn 0.7084 -0.5929 0.3829
vn 0.4549 -0.7512 0.4783
vn 0.8927 -0.3798 0.2426
vn 0.7086 -0.5934 0.3818
vn 0.8926 -0.3794 0.2437
vn 0.9881 -0.1277 0.0852
vn 0.9881 -0.1266 0.0868
vn 0.8894 0.3867 -0.2438
vn 0.9872 0.1365 -0.0823
vn 0.4511 0.7536 -0.4781
vn 0.7047 0.5995 -0.3793
vn 0.7047 0.5995 -0.3794
vn 0.4512 0.7537 -0.4779
vn 0.4511 0.7537 -0.4779
vn -0.0023 0.5354 0.8446
vn -0.0023 0.5355 0.8446
vn -0.0024 0.5354 0.8446
vn -0.0023 0.5355 0.8445
vn -0.0030 0.5362 0.8441
vn -0.0031 0.5362 0.8441
vn -0.0032 0.5362 0.8441
vn -0.0032 0.5359 0.8442
vn -0.0048 0.5369 0.8436
vn -0.0026 0.5353 0.8446
vn -0.0054 0.5371 0.8435
vn -0.0058 0.5339 0.8455
vn -0.0063 0.5339 0.8455
vn -0.0069 0.5339 0.8455
vn -0.0023 0.5361 0.8442
vn -0.0056 0.5358 0.8443
vn -0.0045 0.5358 0.8443
vn -0.3547 0.9287 0.1080
vn -0.9735 0.2270 0.0264
vn -0.7915 0.6071 0.0706
vn 0.0029 -0.8440 0.5363
vn -0.1581 -0.8355 0.5262
vn 0.0033 -0.5356 -0.8444
vn 0.0031 -0.5352 -0.8447
vn -0.1570 -0.8356 0.5265
vn -0.1571 -0.8355 0.5265
vn 1.0000 0.0040 0.0022
vn 1.0000 0.0041 0.0023
vn 1.0000 0.0041 0.0022
vn 1.0000 0.0043 0.0015
vn 1.0000 0.0039 0.0039
vn 0.0061 -0.5337 -0.8457
vn 0.0061 -0.5336 -0.8457
vn 0.0061 -0.5337 -0.8456
vn 0.7050 0.5996 -0.3789
vn 1.0000 0.0040 0.0018
vn 0.2939 -0.8076 0.5113
vn 0.6173 -0.6632 0.4233
vn 0.6173 -0.6632 0.4232
vn 0.6168 -0.6636 0.4234
vn 0.2980 -0.8058 0.5117
vn 0.2969 -0.8061 0.5118
vn 0.2974 -0.8059 0.5118
vn 0.8562 -0.4364 0.2765
vn 0.8563 -0.4372 0.2749
vn 0.8565 -0.4359 0.2762
vn 0.9839 -0.1490 0.0985
vn 0.9839 -0.1490 0.0986
vn -0.0027 0.5362 0.8441
vn 0.9854 -0.1411 0.0956
vn -0.0025 0.8443 -0.5359
vn 0.0049 -0.5370 -0.8436
vn 0.0032 -0.5359 -0.8442
vn -0.0030 0.5360 0.8442
vn -0.0025 0.2975 0.9547
vn -0.0024 0.2975 0.9547
vn -0.0056 0.7356 0.6773
vn -0.0055 0.7356 0.6773
vn -0.0027 0.6785 -0.7346
vn -0.0028 0.6784 -0.7346
vn -0.0028 0.6785 -0.7346
vn 0.0026 -0.2965 -0.9550
vn 0.0025 -0.2967 -0.9550
vn 0.0055 -0.7360 -0.6770
vn 0.0028 -0.6789 0.7343
vn -0.7054 -0.5992 0.3786
vn -0.0094 -0.2813 0.9596
vn -0.0079 0.5399 0.8417
vn -0.0000 1.0000 -0.0000
vn -0.7081 0.5935 -0.3825
vn -1.0000 -0.0039 -0.0018
vn -1.0000 -0.0039 -0.0024
vn -0.0056 0.7360 0.6769
vn -0.0055 0.7358 0.6772
vn 0.0024 -0.2976 -0.9547
vn 0.0025 -0.2976 -0.9547
vn -0.0026 0.6793 -0.7339
vn -0.0049 0.9546 -0.2977
vn -0.0048 0.9548 -0.2972
vn -0.4576 -0.7517 0.4748
vn -0.4577 -0.7517 0.4748
vn -0.7161 -0.5912 0.3711
vn -0.7164 -0.5909 0.3710
vn 0.9870 -0.1331 0.0902
vn 0.8837 -0.3948 0.2514
vn 0.8837 -0.3949 0.2514
vn 0.6849 -0.6127 0.3943
vn 0.4153 -0.7683 0.4872
vn 0.4157 -0.7680 0.4871
vn 0.4157 -0.7680 0.4872
vn 0.2621 -0.8143 0.5180
vn -0.2321 -0.4706 -0.8513
vn -0.1466 0.8305 -0.5374
vn 0.0027 -0.5355 -0.8446
vn 0.7949 0.5140 -0.3225
vn 0.0054 -0.5370 -0.8435
vn 0.9758 0.1876 -0.1126
vn 0.9759 0.1872 -0.1123
vn 0.9758 0.1877 -0.1126
vn 0.4657 0.7487 -0.4718
vn 0.4657 0.7486 -0.4719
vn 0.4685 0.7490 -0.4685
vn -0.3716 0.7831 -0.4986
vn 0.0073 -0.5351 -0.8448
vn 0.0075 -0.5351 -0.8448
vn 0.0074 -0.5351 -0.8448
vn -0.2486 -0.8187 0.5176
vn -0.2476 -0.8187 0.5181
vn -0.6574 -0.6375 0.4017
vn -0.8146 -0.4925 0.3063
vn -0.9047 -0.3619 0.2247
vn -0.9045 -0.3623 0.2251
vn -0.9045 -0.3623 0.2252
vn -0.0000 -0.2757 0.9612
vn -0.0000 0.5300 0.8480
vn 0.9760 0.1847 -0.1149
vn 0.4511 0.7540 -0.4775
vn 0.1550 0.8345 -0.5287
vn -0.1577 0.8334 -0.5298
vn -0.1583 0.8334 -0.5296
vn -0.7052 -0.5995 0.3786
vn -0.7054 -0.5993 0.3785
vn -0.7054 -0.5993 0.3786
vn -0.1539 -0.8347 0.5288
vn 0.1572 -0.8336 0.5295
vn 0.4546 -0.7518 0.4776
vn 0.7089 -0.5930 0.3819
vn 0.7089 -0.5930 0.3818
vn 0.9882 -0.1266 0.0868
vn 0.7054 0.5992 -0.3787
vn 0.7054 0.5992 -0.3788
vn -0.0054 0.5339 0.8455
vn -0.0055 0.5339 0.8455
vn -0.0031 0.5359 0.8443
vn -0.0055 0.5370 0.8435
vn -0.0032 0.5361 0.8441
vn -0.0028 0.5361 0.8442
vn -0.0029 0.5361 0.8441
vn -0.1574 0.8331 -0.5302
vn -0.1573 0.8332 -0.5302
vn 0.1542 0.8344 -0.5291
vn -0.1574 0.8332 -0.5302
vn 0.7050 0.5993 -0.3793
vn 0.4512 0.7537 -0.4778
vn 0.8895 0.3862 -0.2442
vn 0.7049 0.5993 -0.3794
vn 0.7049 0.5994 -0.3794
vn 0.9874 0.1362 -0.0800
vn 0.8895 0.3863 -0.2441
vn 0.8895 0.3862 -0.2441
vn 0.9881 -0.1266 0.0869
vn 0.9872 0.1365 -0.0822
vn 0.9872 0.1365 -0.0821
vn 0.8926 -0.3796 0.2433
vn 0.7083 -0.5936 0.3820
vn 0.8927 -0.3796 0.2430
vn 0.4549 -0.7512 0.4784
vn 0.7082 -0.5932 0.3828
vn 0.7082 -0.5931 0.3829
vn 0.1574 -0.8332 0.5302
vn -0.1544 -0.8346 0.5287
vn -0.4512 -0.7537 0.4779
vn -0.1545 -0.8343 0.5292
vn -0.7049 -0.5993 0.3794
vn -0.8893 -0.3865 0.2445
vn -0.7050 -0.5993 0.3793
vn -0.9872 -0.1365 0.0822
vn -0.7088 0.5928 -0.3825
vn -0.7088 0.5928 -0.3824
vn 0.0031 -0.5355 -0.8445
vn 0.0032 -0.5356 -0.8444
vn 0.0024 -0.5362 -0.8441
vn 0.0024 -0.5361 -0.8441
vn 0.0021 -0.5360 -0.8442
vn 0.0062 -0.5369 -0.8436
vn -0.0020 0.8443 -0.5358
vn -0.0029 0.8442 -0.5361
vn 0.0029 -0.8443 0.5359
s 1
g off
g Panele_izquierdo1_cal_solar_1
usemtl cal_solar_1
f 1//1 2//1 3//1
f 3//1 2//1 4//1
f 2//1 5//2 4//1
f 5//2 6//1 4//1
s 2
f 7//1 8//3 9//1
f 9//1 8//3 10//1
f 8//3 11//1 10//1
f 11//1 12//1 10//1
s 3
f 13//1 14//1 15//1
f 15//1 14//1 16//1
f 14//1 17//1 16//1
f 16//1 17//1 18//1
s 4
f 19//1 20//1 21//1
f 21//1 20//1 22//1
f 20//1 23//1 22//1
f 22//1 23//1 24//1
s 5
f 25//1 26//1 27//1
f 27//1 26//1 28//1
f 26//1 29//2 28//1
f 28//1 29//2 30//1
s 6
f 31//1 32//1 33//1
f 33//1 32//1 34//1
f 32//1 35//4 34//1
f 35//4 36//1 34//1
s 7
f 37//1 38//1 39//1
s 8
f 40//1 41//1 42//1
f 41//1 43//1 42//1
f 42//1 43//1 44//1
s 9
f 45//1 46//2 47//5
f 47//5 46//2 48//1
s 10
f 49//6 50//3 51//1
f 50//3 52//1 51//1
s 11
f 53//1 54//1 55//1
f 55//1 54//1 56//1
f 54//1 57//1 56//1
f 56//1 57//1 58//1
s 12
f 59//1 60//7 61//1
f 60//7 62//1 61//1
f 61//1 62//1 63//1
f 63//1 62//1 64//1
s 13
f 65//1 66//1 67//1
f 67//1 66//1 68//1
f 66//1 69//1 68//1
f 68//1 69//1 70//1
s 14
f 71//1 72//1 73//1
s 15
f 74//1 75//1 76//1
f 75//1 77//8 76//1
f 77//8 78//1 76//1
s 16
f 79//1 80//1 81//1
f 81//1 80//1 82//1
f 80//1 83//1 82//1
f 82//1 83//1 84//1
s 17
f 85//1 86//1 87//4
f 87//4 86//1 88//1
f 86//1 89//2 88//1
s 18
f 90//1 91//1 92//1
s 19
f 93//1 94//1 95//1
f 95//1 94//1 96//1
f 94//1 97//1 96//1
f 96//1 97//1 98//1
s 20
f 99//1 100//1 101//1
f 101//1 100//1 102//1
f 100//1 103//1 102//1
s 21
f 104//1 105//1 106//1
s 22
f 107//1 108//1 109//9
f 109//9 108//1 110//3
f 108//1 111//1 110//3
f 111//1 112//1 110//3
s 23
f 113//10 114//1 115//1
f 115//1 114//1 116//1
f 114//1 117//1 116//1
f 116//1 117//1 118//1
s 24
f 119//1 120//1 121//1
s 25
f 122//1 123//1 124//1
f 123//1 125//6 124//1
s 26
f 126//1 127//1 128//1
s 27
f 129//1 130//7 131//11
f 130//7 132//3 131//11
f 131//11 132//3 133//1
f 133//1 132//3 134//1
s 28
f 135//1 136//1 137//1
f 136//1 138//12 137//1
f 137//1 138//12 139//1
f 139//1 138//12 140//1
s 29
f 141//1 142//1 143//9
f 142//1 144//1 143//9
f 143//9 144//1 145//1
f 145//1 144//1 146//1
s 30
f 147//1 148//1 149//1
f 149//1 148//1 150//1
f 148//1 151//1 150//1
f 150//1 151//1 152//1
s 31
f 153//4 154//7 155//1
f 154//7 156//1 155//1
s 32
f 157//1 158//1 159//1
f 159//1 158//1 160//1
s 33
f 161//1 162//1 163//1
s 34
f 164//1 165//1 166//1
s 35
f 167//1 168//2 169//1
f 169//1 168//2 170//1
s 36
f 171//1 172//1 173//1
f 173//1 172//1 174//1
s 37
f 175//4 176//4 177//1
s 38
f 178//1 179//1 180//1
s 39
f 181//1 182//1 183//1
f 182//1 184//1 183//1
s 40
f 185//1 186//1 187//1
f 187//1 186//1 188//1
s 41
f 189//1 190//7 191//2
f 191//2 190//7 192//1
f 190//7 193//1 192//1
f 193//1 194//1 192//1
s 42
f 195//1 196//1 197//1
f 197//1 196//1 198//1
f 196//1 199//2 198//1
f 198//1 199//2 200//1
s 43
f 201//1 202//1 203//1
f 202//1 204//1 203//1
f 203//1 204//1 205//1
f 204//1 206//1 205//1
s 44
f 207//1 208//3 209//1
f 209//1 208//3 210//1
f 208//3 211//1 210//1
f 211//1 212//1 210//1
s 45
f 213//1 214//1 215//1
f 215//1 214//1 216//1
f 214//1 217//1 216//1
f 217//1 218//1 216//1
s 46
f 219//1 220//1 221//9
f 220//1 222//1 221//9
f 221//9 222//1 223//1
f 223//1 222//1 224//1
s 47
f 225//1 226//1 227//1
f 226//1 228//1 227//1
f 227//1 228//1 229//1
f 228//1 230//1 229//1
s 48
f 231//1 232//13 233//1
f 233//1 232//13 234//1
f 232//13 235//1 234//1
f 234//1 235//1 236//1
s 49
f 237//1 238//8 239//1
f 239//1 238//8 240//1
f 238//8 241//1 240//1
f 241//1 242//1 240//1
s 50
f 243//1 244//1 245//1
f 245//1 244//1 246//14
f 244//1 247//1 246//14
f 247//1 248//1 246//14
s 51
f 249//1 250//15 251//1
f 251//1 250//15 252//1
f 250//15 253//3 252//1
f 253//3 254//1 252//1
s 52
f 255//4 256//16 257//5
f 256//16 258//1 257//5
s 53
f 259//1 260//1 261//1
f 261//1 260//1 262//1
s 54
f 263//1 264//10 265//1
f 265//1 264//10 266//1
f 264//10 267//1 266//1
f 266//1 267//1 268//1
s 55
f 269//1 270//1 271//1
f 271//1 270//1 272//17
f 270//1 273//1 272//17
f 272//17 273//1 274//1
s 56
f 275//1 276//16 277//2
f 277//2 276//16 278//1
f 276//16 279//1 278//1
f 278//1 279//1 280//1
s 57
f 281//1 282//4 283//1
f 283//1 282//4 284//1
f 284//1 282//4 285//2
s 58
f 286//1 287//1 288//1
s 59
f 289//1 290//1 291//1
s 60
f 292//2 293//1 294//7
f 293//1 295//1 294//7
f 295//1 296//1 294//7
s 61
f 297//1 298//1 299//1
s 62
f 300//1 301//1 302//1
f 302//1 301//1 303//1
s 63
f 304//1 305//1 306//1
s 64
f 307//4 308//1 309//1
s 65
f 310//1 311//1 312//1
s 66
f 313//4 314//1 315//1
f 315//1 314//1 316//1
s 67
f 317//1 318//1 319//1
f 318//1 320//1 319//1
f 319//1 320//1 321//1
f 320//1 322//1 321//1
s 68
f 323//1 324//9 325//1
f 325//1 324//9 326//1
f 324//9 327//1 326//1
f 327//1 328//1 326//1
s 69
f 329//1 330//3 331//1
f 331//1 330//3 332//1
f 330//3 333//9 332//1
f 332//1 333//9 334//1
s 70
f 335//1 336//1 337//1
f 337//1 336//1 338//1
f 336//1 339//1 338//1
f 339//1 340//1 338//1
s 71
f 341//1 342//1 343//1
f 343//1 342//1 344//1
f 342//1 345//1 344//1
f 344//1 345//1 346//1
s 72
f 347//1 348//3 349//1
f 349//1 348//3 350//1
f 348//3 351//1 350//1
f 350//1 351//1 352//1
s 73
f 353//1 354//1 355//1
f 355//1 354//1 356//1
f 354//1 357//1 356//1
s 74
f 358//1 359//1 360//1
s 75
f 361//1 362//1 363//1
f 362//1 364//7 363//1
f 363//1 364//7 365//1
f 364//7 366//1 365//1
s 76
f 367//1 368//1 369//1
f 369//1 368//1 370//1
f 368//1 371//1 370//1
f 370//1 371//1 372//1
s 77
f 373//1 374//9 375//9
f 375//9 374//9 376//1
f 374//9 377//1 376//1
f 376//1 377//1 378//1
s 78
f 379//1 380//1 381//1
f 381//1 380//1 382//1
f 380//1 383//1 382//1
f 382//1 383//1 384//1
s 79
f 385//1 386//1 387//1
f 387//1 386//1 388//1
f 386//1 389//1 388//1
s 80
f 390//1 391//1 392//1
s 81
f 393//1 394//1 395//1
s 82
f 396//1 397//1 398//1
f 398//1 397//1 399//1
f 397//1 400//1 399//1
s 83
f 401//1 402//1 403//1
s 84
f 404//1 405//1 406//1
f 405//1 407//1 406//1
f 407//1 408//1 406//1
s 85
f 409//1 410//1 411//4
f 410//1 412//3 411//4
f 411//4 412//3 413//1
f 413//1 412//3 414//1
s 86
f 415//1 416//1 417//3
f 417//3 416//1 418//1
f 416//1 419//1 418//1
f 419//1 420//1 418//1
s 87
f 421//1 422//1 423//1
f 423//1 422//1 424//1
f 422//1 425//1 424//1
f 424//1 425//1 426//1
s 88
f 427//1 428//1 429//1
f 429//1 428//1 430//18
f 428//1 431//1 430//18
f 430//18 431//1 432//1
s 89
f 433//1 434//1 435//1
s 90
f 436//1 437//1 438//19
f 437//1 439//1 438//19
f 438//19 439//1 440//1
s 91
f 441//1 442//1 443//1
f 443//1 442//1 444//1
f 442//1 445//1 444//1
f 445//1 446//1 444//1
s 92
f 447//1 448//1 449//1
s 93
f 450//4 451//1 452//1
f 451//1 453//2 452//1
f 453//2 454//1 452//1
s 94
f 455//1 456//2 457//1
f 457//1 456//2 458//1
f 456//2 459//1 458//1
f 458//1 459//1 460//1
s 95
f 461//1 462//14 463//4
f 463//4 462//14 464//20
f 462//14 465//1 464//20
f 464//20 465//1 466//1
s 96
f 467//1 468//1 469//1
s 97
f 470//1 471//1 472//1
s 98
f 473//1 474//1 475//1
f 475//1 474//1 476//1
s 99
f 477//1 478//1 479//1
f 479//1 478//1 480//1
s 100
f 481//1 482//1 483//1
f 482//1 484//1 483//1
s 101
f 485//1 486//1 487//3
f 487//3 486//1 488//1
f 486//1 489//4 488//1
s 102
f 490//1 491//1 492//1
s 103
f 493//1 494//1 495//1
f 495//1 494//1 496//16
f 494//1 497//2 496//16
f 496//16 497//2 498//1
s 104
f 499//1 500//1 501//1
f 501//1 500//1 502//1
f 500//1 503//1 502//1
f 503//1 504//1 502//1
s 105
f 505//1 506//1 507//1
f 507//1 506//1 508//21
f 506//1 509//1 508//21
f 508//21 509//1 510//1
s 106
f 511//1 512//1 513//1
f 513//1 512//1 514//1
f 512//1 515//1 514//1
f 515//1 516//1 514//1
s 107
f 517//1 518//7 519//2
f 519//2 518//7 520//1
f 518//7 521//1 520//1
s 108
f 522//1 523//1 524//1
s 109
g Panele_izquierdo1_cal_solar_5
usemtl cal_solar_5
f 525//1 526//1 527//1
f 527//1 526//1 528//1
s 110
f 529//1 530//1 531//1
f 530//1 532//1 531//1
s 111
f 533//1 534//1 535//1
f 535//1 534//1 536//1
f 536//1 534//1 537//1
s 112
f 538//1 539//1 540//1
s 113
f 541//1 542//1 543//1
f 543//1 542//1 544//1
f 542//1 545//1 544//1
f 544//1 545//1 546//1
s 114
f 547//1 548//1 549//1
f 548//1 550//1 549//1
f 549//1 550//1 551//1
f 551//1 550//1 552//1
s 115
f 553//1 554//1 555//1
s 116
f 556//1 557//1 558//1
f 557//1 559//1 558//1
f 559//1 560//1 558//1
s 117
f 561//1 562//1 563//1
s 118
f 564//1 565//1 566//1
s 119
f 567//1 568//9 569//9
s 120
f 570//1 571//1 572//1
s 121
f 573//1 574//1 575//1
f 575//1 574//1 576//1
f 574//1 577//1 576//1
f 577//1 578//1 576//1
s 122
f 579//1 580//1 581//1
f 581//1 580//1 582//1
f 580//1 583//22 582//1
f 583//22 584//1 582//1
s 123
f 585//1 586//1 587//1
s 124
f 588//1 589//1 590//3
f 589//1 591//1 590//3
f 590//3 591//1 592//1
s 125
f 593//1 594//1 595//1
s 126
f 596//1 597//1 598//1
f 597//1 599//1 598//1
f 599//1 600//1 598//1
s 127
f 601//1 602//1 603//1
f 602//1 604//1 603//1
f 603//1 604//1 605//1
f 604//1 606//1 605//1
s 128
f 607//1 608//1 609//1
f 608//1 610//1 609//1
f 609//1 610//1 611//1
f 611//1 610//1 612//1
s 129
f 613//1 614//1 615//1
f 615//1 614//1 616//19
f 614//1 617//1 616//19
f 617//1 618//1 616//19
s 130
f 619//1 620//1 621//9
f 621//9 620//1 622//1
s 131
f 623//1 624//1 625//9
f 624//1 626//1 625//9
s 132
f 627//1 628//1 629//1
f 629//1 628//1 630//1
f 628//1 631//1 630//1
f 630//1 631//1 632//1
s 133
f 633//1 634//3 635//1
f 634//3 636//1 635//1
s 134
f 637//1 638//2 639//5
f 639//5 638//2 640//1
s 135
f 641//1 642//1 643//1
f 643//1 642//1 644//1
f 642//1 645//1 644//1
f 644//1 645//1 646//1
s 136
f 647//1 648//7 649//2
f 649//2 648//7 650//1
f 648//7 651//10 650//1
f 651//10 652//1 650//1
s 137
f 653//1 654//1 655//1
f 655//1 654//1 656//3
f 654//1 657//1 656//3
f 656//3 657//1 658//1
s 138
f 659//1 660//1 661//1
f 661//1 660//1 662//1
f 660//1 663//9 662//1
f 662//1 663//9 664//1
s 139
f 665//1 666//1 667//1
f 667//1 666//1 668//1
f 666//1 669//1 668//1
f 669//1 670//1 668//1
s 140
f 671//1 672//1 673//1
f 673//1 672//1 674//1
s 141
f 675//1 676//1 677//9
f 676//1 678//22 677//9
s 142
f 679//1 680//1 681//1
f 681//1 680//1 682//1
s 143
f 683//1 684//1 685//1
f 684//1 686//1 685//1
s 144
f 687//1 688//1 689//1
f 689//1 688//1 690//1
f 688//1 691//2 690//1
f 691//2 692//1 690//1
s 145
f 693//1 694//1 695//1
f 694//1 696//1 695//1
f 695//1 696//1 697//1
f 697//1 696//1 698//1
s 146
f 699//1 700//1 701//1
f 700//1 702//1 701//1
s 147
f 703//1 704//1 705//1
s 148
f 706//1 707//9 708//1
s 149
f 709//1 710//14 711//1
f 711//1 710//14 712//1
f 710//14 713//1 712//1
f 712//1 713//1 714//1
s 150
f 715//1 716//1 717//1
s 151
f 718//9 719//1 720//23
f 719//1 721//1 720//23
f 721//1 722//1 720//23
s 152
f 723//1 724//1 725//1
s 153
f 726//1 727//1 728//1
f 727//1 729//4 728//1
s 154
f 730//1 731//1 732//1
s 155
f 733//1 734//1 735//1
f 735//1 734//1 736//1
f 734//1 737//1 736//1
s 156
f 738//1 739//1 740//1
s 157
f 741//1 742//1 743//1
f 743//1 742//1 744//2
f 742//1 745//2 744//2
f 744//2 745//2 746//1
s 158
f 747//1 748//1 749//1
f 749//1 748//1 750//1
f 748//1 751//1 750//1
f 750//1 751//1 752//1
s 159
f 753//1 754//1 755//1
f 754//1 756//1 755//1
f 755//1 756//1 757//1
f 756//1 758//1 757//1
s 160
f 759//1 760//1 761//1
f 761//1 760//1 762//1
f 760//1 763//1 762//1
f 763//1 764//1 762//1
s 161
f 765//1 766//1 767//1
f 766//1 768//1 767//1
f 767//1 768//1 769//4
f 769//4 768//1 770//1
s 162
f 771//1 772//1 773//1
f 772//1 774//3 773//1
f 773//1 774//3 775//1
f 775//1 774//3 776//1
s 163
f 777//1 778//1 779//1
s 164
f 780//1 781//1 782//1
f 782//1 781//1 783//1
f 781//1 784//1 783//1
s 165
f 785//1 786//1 787//1
f 787//1 786//1 788//1
f 786//1 789//4 788//1
s 166
f 790//1 791//1 792//1
s 167
f 793//1 794//3 795//1
f 795//1 794//3 796//7
f 794//3 797//2 796//7
f 796//7 797//2 798//1
s 168
f 799//1 800//3 801//1
f 801//1 800//3 802//4
f 800//3 803//4 802//4
f 803//4 804//1 802//4
s 169
f 805//1 806//1 807//1
s 170
f 808//1 809//1 810//1
s 171
f 811//1 812//1 813//1
f 813//1 812//1 814//1
s 172
f 815//1 816//1 817//1
s 173
f 818//1 819//4 820//16
f 819//4 821//2 820//16
f 820//16 821//2 822//1
s 174
f 823//1 824//1 825//1
f 824//1 826//1 825//1
s 175
f 827//4 828//4 829//4
s 176
f 830//1 831//1 832//1
s 177
f 833//1 834//10 835//1
f 835//1 834//10 836//3
f 834//10 837//1 836//3
f 837//1 838//1 836//3
s 178
f 839//1 840//2 841//2
f 841//2 840//2 842//1
f 840//2 843//1 842//1
f 843//1 844//1 842//1
s 179
f 845//1 846//1 847//1
f 847//1 846//1 848//1
s 180
f 849//1 850//1 851//1
f 850//1 852//1 851//1
s 181
f 853//1 854//1 855//1
s 182
f 856//1 857//1 858//1
s 183
f 859//4 860//4 861//1
s 184
f 862//1 863//1 864//1
s 185
f 865//1 866//1 867//1
f 867//1 866//1 868//1
f 866//1 869//1 868//1
f 869//1 870//1 868//1
s 186
f 871//1 872//9 873//1
f 873//1 872//9 874//1
f 874//1 872//9 875//1
s 187
f 876//1 877//1 878//1
s 188
f 879//1 880//1 881//1
f 881//1 880//1 882//7
f 880//1 883//1 882//7
f 883//1 884//10 882//7
s 189
f 885//1 886//12 887//1
f 886//12 888//1 887//1
s 190
f 889//1 890//1 891//1
f 891//1 890//1 892//1
s 191
f 893//1 894//1 895//1
f 894//1 896//2 895//1
f 895//1 896//2 897//7
f 897//7 896//2 898//1
s 192
f 899//1 900//1 901//1
s 193
f 902//1 903//4 904//1
f 903//4 905//1 904//1
s 194
f 906//1 907//1 908//1
s 195
f 909//1 910//7 911//16
f 911//16 910//7 912//1
f 910//7 913//3 912//1
f 913//3 914//1 912//1
s 196
f 915//1 916//1 917//1
f 917//1 916//1 918//1
f 916//1 919//1 918//1
f 919//1 920//1 918//1
s 197
f 921//1 922//1 923//1
f 923//1 922//1 924//1
f 922//1 925//1 924//1
f 925//1 926//1 924//1
s 198
f 927//1 928//1 929//1
f 929//1 928//1 930//1
f 928//1 931//1 930//1
f 931//1 932//1 930//1
s 199
f 933//1 934//1 935//1
f 934//1 936//1 935//1
f 935//1 936//1 937//2
f 936//1 938//1 937//2
s 200
f 939//1 940//21 941//1
f 941//1 940//21 942//1
f 940//21 943//1 942//1
s 201
f 944//1 945//1 946//1
s 202
f 947//1 948//1 949//1
f 949//1 948//1 950//3
f 948//1 951//1 950//3
f 950//3 951//1 952//1
s 203
g Panele_izquierdo1_cal_bronze
usemtl cal_bronze
f 953//24 954//24 955//24
s 204
f 956//24 957//24 958//24
s 205
f 959//24 960//24 961//24
f 960//24 962//24 961//24
s 206
f 963//25 964//25 965//25
s 207
f 966//24 967//24 968//24
s 208
f 969//24 970//24 971//24
s 209
f 972//24 973//24 974//24
s 210
f 975//25 976//24 977//24
s 211
f 978//24 979//25 980//24
s 212
f 981//24 982//24 983//24
s 213
f 984//24 985//24 986//24
s 214
f 987//24 988//24 989//24
f 988//24 990//24 989//24
s 215
f 991//24 992//24 993//24
f 992//24 994//24 993//24
s 216
f 995//24 996//24 997//24
f 996//24 998//24 997//24
s 217
f 999//26 1000//26 1001//24
f 1000//26 1002//24 1001//24
s 218
f 1003//27 1004//24 1005//24
s 219
f 1006//24 1007//24 1008//24
s 220
f 1009//26 1010//24 1011//26
s 221
f 1012//28 1013//28 1014//28
s 222
f 1015//24 1016//24 1017//24
s 223
f 1018//26 1019//29 1020//30
s 224
f 1021//24 1022//24 1023//24
f 1022//24 1024//24 1023//24
s 225
f 1025//31 1026//31 1027//31
s 226
f 1028//32 1029//32 1030//32
s 227
f 1031//24 1032//24 1033//24
f 1032//24 1034//24 1033//24
s 228
f 1035//32 1036//32 1037//32
s 229
f 1038//24 1039//24 1040//24
f 1039//24 1041//24 1040//24
s 230
f 1042//31 1043//31 1044//31
s 231
f 1045//24 1046//24 1047//24
f 1046//24 1048//24 1047//24
s 232
f 1049//31 1050//31 1051//31
s 233
f 1052//24 1053//24 1054//24
f 1053//24 1055//24 1054//24
s 234
f 1056//24 1057//24 1058//24
f 1057//24 1059//24 1058//24
s 235
f 1060//33 1061//33 1062//33
s 236
f 1063//24 1064//24 1065//34
f 1064//24 1066//24 1065//34
s 237
f 1067//24 1068//24 1069//24
f 1068//24 1070//24 1069//24
s 238
f 1071//26 1072//26 1073//24
f 1072//26 1074//26 1073//24
s 239
f 1075//35 1076//35 1077//35
s 240
f 1078//32 1079//32 1080//32
s 241
f 1081//30 1082//26 1083//30
s 242
f 1084//36 1085//26 1086//26
s 243
f 1087//31 1088//31 1089//31
s 244
f 1090//24 1091//24 1092//24
f 1091//24 1093//26 1092//24
s 245
f 1094//26 1095//26 1096//24
f 1095//26 1097//26 1096//24
s 246
f 1098//26 1099//24 1100//24
s 247
f 1101//26 1102//26 1103//26
s 248
f 1104//37 1105//24 1106//24
f 1105//24 1107//24 1106//24
s 249
f 1108//24 1109//25 1110//37
f 1109//25 1111//24 1110//37
s 250
f 1112//24 1113//24 1114//24
s 251
f 1115//24 1116//24 1117//24
s 252
f 1118//24 1119//24 1120//24
s 253
f 1121//24 1122//24 1123//24
s 254
f 1124//24 1125//24 1126//25
f 1125//24 1127//25 1126//25
s 255
f 1128//24 1129//24 1130//24
f 1129//24 1131//24 1130//24
s 256
f 1132//24 1133//24 1134//24
s 257
f 1135//24 1136//24 1137//24
s 258
f 1138//24 1139//24 1140//24
f 1139//24 1141//24 1140//24
s 259
f 1142//26 1143//26 1144//26
s 260
f 1145//29 1146//26 1147//26
s 261
f 1148//38 1149//38 1150//38
s 262
f 1151//26 1152//26 1153//24
s 263
f 1154//26 1155//26 1156//26
s 264
f 1157//26 1158//26 1159//26
s 265
f 1160//26 1161//26 1162//30
s 266
f 1163//29 1164//26 1165//26
f 1164//26 1166//26 1165//26
s 267
f 1167//26 1168//26 1169//26
s 268
f 1170//26 1171//24 1172//24
s 269
f 1173//24 1174//24 1175//24
s 270
f 1176//24 1177//24 1178//24
s 271
f 1179//24 1180//24 1181//24
f 1180//24 1182//25 1181//24
s 272
f 1183//24 1184//24 1185//24
s 273
f 1186//24 1187//24 1188//24
s 274
f 1189//24 1190//24 1191//24
s 275
f 1192//24 1193//24 1194//24
s 276
f 1195//24 1196//24 1197//24
s 277
f 1198//24 1199//24 1200//24
s 278
f 1201//24 1202//24 1203//24
f 1202//24 1204//24 1203//24
s 279
f 1205//24 1206//24 1207//24
s 280
f 1208//24 1209//24 1210//24
s 281
f 1211//24 1212//24 1213//24
f 1212//24 1214//24 1213//24
s 282
f 1215//24 1216//24 1217//24
s 283
f 1218//36 1219//24 1220//29
s 284
f 1221//39 1222//38 1223//38
s 285
f 1224//27 1225//24 1226//24
s 286
f 1227//36 1228//24 1229//29
s 287
f 1230//24 1231//30 1232//29
f 1231//30 1233//24 1232//29
s 288
f 1234//24 1235//24 1236//40
s 289
f 1237//24 1238//24 1239//24
s 290
f 1240//27 1241//24 1242//24
s 291
f 1243//24 1244//24 1245//24
s 292
f 1246//24 1247//24 1248//24
s 293
f 1249//24 1250//24 1251//24
s 294
f 1252//24 1253//24 1254//24
f 1253//24 1255//24 1254//24
s 295
f 1256//24 1257//24 1258//24
f 1257//24 1259//24 1258//24
s 296
f 1260//24 1261//24 1262//24
s 297
f 1263//24 1264//24 1265//24
s 298
f 1266//24 1267//24 1268//24
s 299
f 1269//24 1270//24 1271//25
s 300
f 1272//25 1273//24 1274//24
f 1273//24 1275//24 1274//24
s 301
f 1276//24 1277//24 1278//24
f 1277//24 1279//25 1278//24
s 302
f 1280//24 1281//24 1282//24
f 1281//24 1283//24 1282//24
s 303
f 1284//24 1285//24 1286//24
s 304
f 1287//24 1288//26 1289//24
s 305
f 1290//24 1291//26 1292//26
s 306
f 1293//24 1294//26 1295//24
s 307
f 1296//24 1297//26 1298//26
s 308
f 1299//24 1300//26 1301//24
s 309
f 1302//26 1303//24 1304//24
f 1303//24 1305//27 1304//24
s 310
f 1306//31 1307//31 1308//31
s 311
f 1309//26 1310//24 1311//24
f 1310//24 1312//27 1311//24
s 312
f 1313//37 1314//24 1315//24
s 313
f 1316//24 1317//24 1318//24
s 314
f 1319//24 1320//24 1321//24
f 1320//24 1322//24 1321//24
s 315
f 1323//24 1324//24 1325//24
f 1324//24 1326//24 1325//24
s 316
f 1327//24 1328//25 1329//24
s 317
f 1330//24 1331//24 1332//24
s 318
f 1333//32 1334//32 1335//32
s 319
f 1336//24 1337//24 1338//24
f 1337//24 1339//24 1338//24
s 320
f 1340//24 1341//25 1342//24
f 1341//25 1343//24 1342//24
s 321
f 1344//24 1345//24 1346//41
f 1345//24 1347//24 1346//41
s 322
f 1348//24 1349//24 1350//24
f 1349//24 1351//24 1350//24
s 323
f 1352//27 1353//24 1354//24
s 324
f 1355//42 1356//42 1357//42
s 325
f 1358//27 1359//24 1360//24
s 326
f 1361//27 1362//24 1363//24
s 327
f 1364//35 1365//35 1366//35
s 328
f 1367//24 1368//24 1369//26
s 329
f 1370//24 1371//24 1372//24
s 330
f 1373//24 1374//24 1375//26
s 331
f 1376//24 1377//24 1378//24
s 332
f 1379//24 1380//24 1381//24
s 333
f 1382//24 1383//24 1384//24
s 334
f 1385//24 1386//24 1387//24
s 335
f 1388//24 1389//24 1390//24
s 336
f 1391//24 1392//24 1393//24
s 337
f 1394//24 1395//25 1396//24
s 338
f 1397//25 1398//24 1399//25
f 1398//24 1400//24 1399//25
s 339
f 1401//24 1402//25 1403//24
s 340
f 1404//24 1405//24 1406//24
s 341
f 1407//43 1408//43 1409//43
s 342
f 1410//24 1411//24 1412//24
s 343
f 1413//24 1414//24 1415//24
s 344
f 1416//24 1417//24 1418//24
s 345
f 1419//24 1420//24 1421//24
s 346
f 1422//24 1423//24 1424//24
f 1423//24 1425//24 1424//24
s 347
f 1426//31 1427//31 1428//31
s 348
f 1429//24 1430//25 1431//37
f 1430//25 1432//24 1431//37
s 349
f 1433//25 1434//25 1435//25
s 350
f 1436//42 1437//42 1438//42
s 351
f 1439//24 1440//24 1441//24
s 352
f 1442//42 1443//42 1444//42
s 353
f 1445//25 1446//25 1447//25
s 354
f 1448//24 1449//24 1450//24
s 355
f 1451//24 1452//24 1453//24
s 356
f 1454//26 1455//26 1456//26
s 357
f 1457//25 1458//25 1459//44
s 358
f 1460//30 1461//24 1462//36
s 359
f 1463//37 1464//24 1465//24
f 1464//24 1466//24 1465//24
s 360
f 1467//24 1468//24 1469//24
f 1468//24 1470//24 1469//24
s 361
f 1471//24 1472//24 1473//25
f 1472//24 1474//24 1473//25
s 362
f 1475//24 1476//24 1477//24
s 363
f 1478//24 1479//24 1480//24
s 364
f 1481//24 1482//24 1483//24
s 365
f 1484//24 1485//24 1486//24
s 366
f 1487//24 1488//24 1489//25
f 1488//24 1490//24 1489//25
s 367
f 1491//24 1492//24 1493//24
s 368
f 1494//24 1495//24 1496//24
s 369
f 1497//24 1498//24 1499//24
f 1498//24 1500//24 1499//24
s 370
f 1501//24 1502//24 1503//24
s 371
f 1504//24 1505//24 1506//24
s 372
f 1507//24 1508//24 1509//24
s 373
f 1510//24 1511//24 1512//24
s 374
f 1513//24 1514//24 1515//24
s 375
f 1516//24 1517//24 1518//24
s 376
f 1519//24 1520//24 1521//24
s 377
f 1522//24 1523//24 1524//24
s 378
f 1525//24 1526//24 1527//24
s 379
f 1528//24 1529//24 1530//24
s 380
f 1531//24 1532//45 1533//24
f 1532//45 1534//24 1533//24
s 381
f 1535//24 1536//24 1537//24
f 1536//24 1538//24 1537//24
s 382
f 1539//24 1540//24 1541//24
s 383
f 1542//24 1543//24 1544//24
s 384
g Panele_izquierdo1_cal_brown
usemtl cal_brown
f 1545//24 1546//27 1547//27
f 1546//27 1548//46 1547//27
s 385
f 1549//25 1550//25 1551//25
f 1550//25 1552//25 1551//25
s 386
f 1553//24 1554//24 1555//25
f 1554//24 1556//24 1555//25
s 387
f 1557//24 1558//24 1559//46
f 1558//24 1560//27 1559//46
s 388
f 1561//24 1562//46 1563//27
f 1562//46 1564//24 1563//27
s 389
f 1565//25 1566//24 1567//25
f 1566//24 1568//47 1567//25
s 390
f 1569//46 1570//24 1571//24
f 1570//24 1572//24 1571//24
s 391
f 1573//46 1574//24 1575//48
f 1574//24 1576//24 1575//48
s 392
g Panele_izquierdo1_cal_solar_3
usemtl cal_solar_3
f 1577//1 1578//1 1579//1
f 1579//1 1578//1 1580//1
s 393
f 1581//4 1582//2 1583//6
s 394
f 1584//1 1585//1 1586//1
s 395
f 1587//1 1588//1 1589//1
s 396
f 1590//1 1591//1 1592//23
f 1591//1 1593//49 1592//23
s 397
f 1594//1 1595//1 1596//1
s 398
f 1597//1 1598//1 1599//1
f 1599//1 1598//1 1600//1
s 399
f 1601//2 1602//2 1603//1
f 1602//2 1604//1 1603//1
s 400
f 1605//1 1606//1 1607//1
f 1607//1 1606//1 1608//1
f 1606//1 1609//1 1608//1
f 1608//1 1609//1 1610//1
s 401
f 1611//2 1612//1 1613//1
s 402
f 1614//1 1615//1 1616//1
s 403
f 1617//1 1618//1 1619//1
s 404
f 1620//1 1621//1 1622//1
s 405
f 1623//1 1624//1 1625//1
f 1625//1 1624//1 1626//1
f 1624//1 1627//1 1626//1
f 1627//1 1628//1 1626//1
s 406
f 1629//1 1630//1 1631//1
s 407
f 1632//1 1633//1 1634//1
f 1633//1 1635//1 1634//1
f 1634//1 1635//1 1636//1
s 408
f 1637//1 1638//1 1639//1
s 409
f 1640//1 1641//1 1642//2
f 1641//1 1643//1 1642//2
f 1642//2 1643//1 1644//1
s 410
f 1645//1 1646//2 1647//2
f 1646//2 1648//4 1647//2
f 1647//2 1648//4 1649//1
f 1648//4 1650//1 1649//1
s 411
f 1651//1 1652//7 1653//2
f 1653//2 1652//7 1654//1
f 1652//7 1655//1 1654//1
f 1655//1 1656//1 1654//1
s 412
f 1657//1 1658//1 1659//1
f 1659//1 1658//1 1660//1
f 1658//1 1661//7 1660//1
f 1661//7 1662//1 1660//1
s 413
f 1663//1 1664//1 1665//3
f 1665//3 1664//1 1666//1
f 1664//1 1667//1 1666//1
f 1666//1 1667//1 1668//1
s 414
f 1669//1 1670//7 1671//1
f 1671//1 1670//7 1672//1
f 1670//7 1673//1 1672//1
f 1672//1 1673//1 1674//1
s 415
f 1675//1 1676//10 1677//1
f 1677//1 1676//10 1678//1
f 1676//10 1679//1 1678//1
f 1679//1 1680//1 1678//1
s 416
f 1681//1 1682//1 1683//1
s 417
f 1684//1 1685//1 1686//1
s 418
f 1687//1 1688//1 1689//2
f 1688//1 1690//1 1689//2
s 419
f 1691//1 1692//1 1693//1
f 1692//1 1694//9 1693//1
s 420
f 1695//1 1696//1 1697//1
s 421
f 1698//1 1699//1 1700//1
s 422
f 1701//1 1702//1 1703//1
f 1703//1 1702//1 1704//1
f 1702//1 1705//1 1704//1
f 1705//1 1706//1 1704//1
s 423
f 1707//1 1708//1 1709//1
f 1709//1 1708//1 1710//1
f 1708//1 1711//1 1710//1
f 1711//1 1712//1 1710//1
s 424
f 1713//1 1714//1 1715//1
f 1715//1 1714//1 1716//1
f 1714//1 1717//1 1716//1
f 1717//1 1718//1 1716//1
s 425
f 1719//1 1720//3 1721//1
f 1721//1 1720//3 1722//1
f 1720//3 1723//1 1722//1
f 1723//1 1724//1 1722//1
s 426
f 1725//1 1726//2 1727//2
f 1727//2 1726//2 1728//1
f 1726//2 1729//1 1728//1
f 1729//1 1730//1 1728//1
s 427
f 1731//1 1732//1 1733//1
f 1733//1 1732//1 1734//1
f 1732//1 1735//1 1734//1
f 1735//1 1736//1 1734//1
s 428
f 1737//1 1738//1 1739//1
f 1738//1 1740//3 1739//1
f 1739//1 1740//3 1741//1
f 1740//3 1742//1 1741//1
s 429
f 1743//1 1744//1 1745//1
s 430
f 1746//4 1747//1 1748//1
f 1747//1 1749//1 1748//1
f 1749//1 1750//1 1748//1
s 431
f 1751//1 1752//1 1753//4
f 1753//4 1752//1 1754//16
f 1752//1 1755//1 1754//16
f 1754//16 1755//1 1756//1
s 432
f 1757//1 1758//1 1759//1
f 1759//1 1758//1 1760//1
f 1758//1 1761//1 1760//1
f 1760//1 1761//1 1762//1
s 433
f 1763//1 1764//1 1765//1
s 434
f 1766//1 1767//4 1768//3
f 1767//4 1769//1 1768//3
f 1769//1 1770//1 1768//3
s 435
f 1771//1 1772//1 1773//1
s 436
f 1774//1 1775//1 1776//1
s 437
f 1777//1 1778//1 1779//1
f 1778//1 1780//1 1779//1
s 438
f 1781//1 1782//1 1783//1
f 1783//1 1782//1 1784//1
f 1782//1 1785//1 1784//1
f 1784//1 1785//1 1786//1
s 439
f 1787//1 1788//9 1789//1
f 1788//9 1790//1 1789//1
f 1789//1 1790//1 1791//1
f 1790//1 1792//1 1791//1
s 440
f 1793//1 1794//1 1795//9
f 1795//9 1794//1 1796//1
s 441
f 1797//1 1798//1 1799//2
f 1798//1 1800//1 1799//2
s 442
f 1801//1 1802//1 1803//1
f 1803//1 1802//1 1804//1
f 1802//1 1805//1 1804//1
f 1805//1 1806//1 1804//1
s 443
f 1807//1 1808//1 1809//1
f 1809//1 1808//1 1810//1
s 444
f 1811//1 1812//1 1813//49
f 1812//1 1814//1 1813//49
s 445
f 1815//1 1816//1 1817//1
f 1816//1 1818//7 1817//1
f 1817//1 1818//7 1819//1
f 1818//7 1820//1 1819//1
s 446
f 1821//1 1822//10 1823//1
f 1823//1 1822//10 1824//1
f 1822//10 1825//7 1824//1
f 1824//1 1825//7 1826//1
s 447
f 1827//1 1828//1 1829//1
f 1828//1 1830//1 1829//1
s 448
f 1831//1 1832//12 1833//1
f 1833//1 1832//12 1834//1
s 449
f 1835//1 1836//1 1837//1
f 1837//1 1836//1 1838//1
f 1836//1 1839//1 1838//1
f 1839//1 1840//1 1838//1
s 450
f 1841//10 1842//1 1843//2
f 1842//1 1844//1 1843//2
f 1843//2 1844//1 1845//1
f 1845//1 1844//1 1846//1
s 451
f 1847//1 1848//1 1849//1
s 452
f 1850//1 1851//1 1852//7
f 1851//1 1853//7 1852//7
f 1852//7 1853//7 1854//1
s 453
f 1855//1 1856//1 1857//1
f 1857//1 1856//1 1858//1
f 1856//1 1859//16 1858//1
f 1859//16 1860//1 1858//1
s 454
f 1861//1 1862//1 1863//1
f 1863//1 1862//1 1864//1
f 1862//1 1865//1 1864//1
f 1864//1 1865//1 1866//1
s 455
f 1867//1 1868//1 1869//1
f 1869//1 1868//1 1870//1
f 1868//1 1871//1 1870//1
f 1871//1 1872//1 1870//1
s 456
f 1873//1 1874//1 1875//1
f 1875//1 1874//1 1876//1
f 1874//1 1877//1 1876//1
f 1876//1 1877//1 1878//1
s 457
f 1879//1 1880//1 1881//1
s 458
f 1882//1 1883//1 1884//1
s 459
f 1885//1 1886//1 1887//1
f 1886//1 1888//1 1887//1
s 460
f 1889//1 1890//7 1891//1
f 1891//1 1890//7 1892//1
f 1890//7 1893//1 1892//1
f 1893//1 1894//1 1892//1
s 461
f 1895//1 1896//8 1897//1
f 1897//1 1896//8 1898//1
f 1896//8 1899//1 1898//1
f 1899//1 1900//1 1898//1
s 462
f 1901//1 1902//1 1903//1
f 1903//1 1902//1 1904//49
f 1902//1 1905//1 1904//49
f 1905//1 1906//1 1904//49
s 463
f 1907//1 1908//1 1909//1
f 1909//1 1908//1 1910//7
f 1908//1 1911//7 1910//7
f 1910//7 1911//7 1912//1
s 464
f 1913//1 1914//1 1915//1
f 1915//1 1914//1 1916//17
f 1914//1 1917//1 1916//17
f 1916//17 1917//1 1918//1
s 465
f 1919//1 1920//3 1921//1
f 1921//1 1920//3 1922//7
f 1920//3 1923//1 1922//7
f 1923//1 1924//1 1922//7
s 466
f 1925//1 1926//1 1927//1
f 1927//1 1926//1 1928//1
f 1926//1 1929//1 1928//1
f 1928//1 1929//1 1930//1
s 467
f 1931//1 1932//2 1933//7
f 1933//7 1932//2 1934//1
f 1932//2 1935//1 1934//1
f 1934//1 1935//1 1936//1
s 468
f 1937//4 1938//3 1939//1
f 1939//1 1938//3 1940//1
s 469
f 1941//1 1942//1 1943//1
f 1942//1 1944//1 1943//1
s 470
f 1945//1 1946//1 1947//1
f 1947//1 1946//1 1948//1
f 1946//1 1949//1 1948//1
f 1949//1 1950//1 1948//1
s 471
f 1951//1 1952//1 1953//1
s 472
f 1954//1 1955//1 1956//14
f 1955//1 1957//1 1956//14
s 473
f 1958//1 1959//1 1960//1
s 474
f 1961//1 1962//12 1963//1
f 1963//1 1962//12 1964//1
f 1962//12 1965//1 1964//1
f 1965//1 1966//1 1964//1
s 475
f 1967//1 1968//1 1969//1
s 476
f 1970//1 1971//1 1972//1
s 477
f 1973//1 1974//1 1975//1
f 1975//1 1974//1 1976//1
s 478
f 1977//1 1978//1 1979//50
f 1979//50 1978//1 1980//2
f 1978//1 1981//2 1980//2
f 1980//2 1981//2 1982//1
s 479
f 1983//1 1984//2 1985//51
f 1985//51 1984//2 1986//1
f 1984//2 1987//1 1986//1
f 1986//1 1987//1 1988//1
s 480
f 1989//1 1990//1 1991//1
f 1990//1 1992//1 1991//1
s 481
f 1993//1 1994//1 1995//1
s 482
f 1996//1 1997//1 1998//1
s 483
f 1999//1 2000//1 2001//1
f 2001//1 2000//1 2002//1
s 484
f 2003//52 2004//1 2005//1
f 2004//1 2006//1 2005//1
s 485
f 2007//1 2008//1 2009//1
f 2009//1 2008//1 2010//7
f 2008//1 2011//1 2010//7
f 2011//1 2012//1 2010//7
s 486
f 2013//1 2014//1 2015//1
s 487
f 2016//1 2017//1 2018//1
f 2017//1 2019//1 2018//1
f 2019//1 2020//1 2018//1
s 488
f 2021//1 2022//1 2023//1
f 2022//1 2024//1 2023//1
s 489
f 2025//9 2026//9 2027//1
f 2027//1 2026//9 2028//1
s 490
f 2029//1 2030//16 2031//2
f 2031//2 2030//16 2032//1
f 2030//16 2033//1 2032//1
f 2033//1 2034//1 2032//1
s 491
f 2035//1 2036//1 2037//1
f 2037//1 2036//1 2038//1
f 2036//1 2039//1 2038//1
f 2039//1 2040//1 2038//1
s 492
f 2041//1 2042//1 2043//1
f 2043//1 2042//1 2044//1
f 2042//1 2045//1 2044//1
f 2045//1 2046//1 2044//1
s 493
g Panele_izquierdo1_cal_solar_4
usemtl cal_solar_4
f 2047//1 2048//14 2049//1
f 2049//1 2048//14 2050//1
f 2048//14 2051//1 2050//1
f 2051//1 2052//1 2050//1
s 494
f 2053//1 2054//1 2055//1
f 2055//1 2054//1 2056//20
f 2054//1 2057//3 2056//20
f 2057//3 2058//1 2056//20
s 495
f 2059//1 2060//1 2061//1
f 2060//1 2062//1 2061//1
f 2061//1 2062//1 2063//1
f 2062//1 2064//1 2063//1
s 496
f 2065//1 2066//9 2067//1
f 2066//9 2068//1 2067//1
s 497
f 2069//1 2070//1 2071//1
f 2071//1 2070//1 2072//1
s 498
f 2073//1 2074//1 2075//1
f 2075//1 2074//1 2076//1
s 499
f 2077//1 2078//1 2079//1
f 2078//1 2080//1 2079//1
s 500
f 2081//1 2082//7 2083//2
f 2083//2 2082//7 2084//1
f 2082//7 2085//1 2084//1
f 2085//1 2086//1 2084//1
s 501
f 2087//1 2088//1 2089//1
f 2088//1 2090//1 2089//1
f 2090//1 2091//1 2089//1
s 502
f 2092//1 2093//1 2094//1
s 503
f 2095//1 2096//9 2097//1
s 504
f 2098//1 2099//1 2100//17
f 2099//1 2101//1 2100//17
f 2101//1 2102//1 2100//17
s 505
f 2103//1 2104//4 2105//1
f 2105//1 2104//4 2106//1
f 2104//4 2107//2 2106//1
s 506
f 2108//1 2109//1 2110//1
s 507
f 2111//1 2112//1 2113//1
f 2113//1 2112//1 2114//1
f 2112//1 2115//1 2114//1
s 508
f 2116//1 2117//1 2118//1
s 509
f 2119//1 2120//16 2121//1
f 2121//1 2120//16 2122//1
f 2120//16 2123//1 2122//1
f 2122//1 2123//1 2124//1
s 510
f 2125//1 2126//1 2127//1
s 511
f 2128//1 2129//1 2130//1
f 2130//1 2129//1 2131//1
f 2129//1 2132//1 2131//1
s 512
f 2133//1 2134//1 2135//3
f 2135//3 2134//1 2136//1
f 2134//1 2137//1 2136//1
f 2136//1 2137//1 2138//1
s 513
f 2139//1 2140//1 2141//9
f 2141//9 2140//1 2142//10
f 2140//1 2143//1 2142//10
f 2143//1 2144//1 2142//10
s 514
f 2145//1 2146//1 2147//1
s 515
f 2148//1 2149//1 2150//1
f 2149//1 2151//1 2150//1
f 2151//1 2152//9 2150//1
s 516
f 2153//1 2154//1 2155//1
f 2155//1 2154//1 2156//3
f 2154//1 2157//1 2156//3
f 2157//1 2158//1 2156//3
s 517
f 2159//1 2160//1 2161//1
f 2161//1 2160//1 2162//7
f 2160//1 2163//2 2162//7
f 2162//7 2163//2 2164//1
s 518
f 2165//1 2166//1 2167//12
f 2166//1 2168//1 2167//12
f 2167//12 2168//1 2169//1
f 2169//1 2168//1 2170//1
s 519
f 2171//1 2172//1 2173//1
f 2172//1 2174//1 2173//1
f 2173//1 2174//1 2175//2
f 2175//2 2174//1 2176//1
s 520
f 2177//1 2178//1 2179//3
f 2179//3 2178//1 2180//7
f 2178//1 2181//2 2180//7
f 2180//7 2181//2 2182//1
s 521
f 2183//1 2184//1 2185//1
f 2185//1 2184//1 2186//1
f 2184//1 2187//1 2186//1
f 2187//1 2188//1 2186//1
s 522
f 2189//1 2190//1 2191//1
s 523
f 2192//1 2193//1 2194//1
f 2193//1 2195//1 2194//1
f 2194//1 2195//1 2196//1
s 524
f 2197//1 2198//1 2199//1
f 2199//1 2198//1 2200//1
f 2198//1 2201//1 2200//1
f 2201//1 2202//1 2200//1
s 525
f 2203//1 2204//1 2205//1
f 2205//1 2204//1 2206//16
f 2204//1 2207//1 2206//16
f 2207//1 2208//1 2206//16
s 526
f 2209//1 2210//53 2211//1
f 2211//1 2210//53 2212//1
f 2210//53 2213//9 2212//1
f 2213//9 2214//9 2212//1
s 527
f 2215//1 2216//2 2217//2
f 2217//2 2216//2 2218//1
f 2216//2 2219//1 2218//1
f 2219//1 2220//1 2218//1
s 528
f 2221//1 2222//19 2223//1
f 2223//1 2222//19 2224//1
f 2222//19 2225//9 2224//1
f 2224//1 2225//9 2226//1
s 529
f 2227//1 2228//1 2229//1
f 2229//1 2228//1 2230//1
f 2228//1 2231//1 2230//1
s 530
f 2232//1 2233//1 2234//1
s 531
f 2235//1 2236//1 2237//1
f 2237//1 2236//1 2238//1
s 532
f 2239//9 2240//1 2241//9
f 2240//1 2242//1 2241//9
s 533
f 2243//1 2244//1 2245//5
f 2245//5 2244//1 2246//1
s 534
f 2247//1 2248//1 2249//1
s 535
f 2250//1 2251//1 2252//1
s 536
f 2253//1 2254//1 2255//1
f 2255//1 2254//1 2256//1
f 2256//1 2254//1 2257//4
s 537
f 2258//1 2259//1 2260//1
s 538
f 2261//1 2262//1 2263//1
f 2263//1 2262//1 2264//1
f 2262//1 2265//1 2264//1
f 2265//1 2266//1 2264//1
s 539
f 2267//1 2268//1 2269//1
f 2269//1 2268//1 2270//1
s 540
f 2271//1 2272//1 2273//1
f 2272//1 2274//1 2273//1
s 541
f 2275//1 2276//1 2277//1
s 542
f 2278//1 2279//1 2280//1
f 2279//1 2281//1 2280//1
f 2280//1 2281//1 2282//1
s 543
f 2283//1 2284//1 2285//1
f 2285//1 2284//1 2286//1
s 544
f 2287//1 2288//1 2289//1
s 545
f 2290//1 2291//1 2292//1
s 546
f 2293//1 2294//1 2295//1
s 547
f 2296//1 2297//1 2298//9
f 2297//1 2299//1 2298//9
f 2298//9 2299//1 2300//1
s 548
f 2301//1 2302//1 2303//1
f 2302//1 2304//1 2303//1
s 549
f 2305//1 2306//1 2307//1
f 2307//1 2306//1 2308//1
s 550
f 2309//9 2310//1 2311//1
f 2311//1 2310//1 2312//1
f 2310//1 2313//1 2312//1
f 2313//1 2314//1 2312//1
s 551
f 2315//1 2316//1 2317//1
f 2317//1 2316//1 2318//1
f 2316//1 2319//1 2318//1
f 2319//1 2320//1 2318//1
s 552
f 2321//1 2322//1 2323//1
f 2323//1 2322//1 2324//2
f 2322//1 2325//2 2324//2
f 2324//2 2325//2 2326//1
s 553
f 2327//1 2328//1 2329//1
s 554
f 2330//1 2331//1 2332//7
f 2331//1 2333//1 2332//7
f 2332//7 2333//1 2334//1
s 555
f 2335//1 2336//1 2337//1
f 2337//1 2336//1 2338//1
f 2336//1 2339//1 2338//1
f 2338//1 2339//1 2340//1
s 556
f 2341//1 2342//1 2343//1
f 2343//1 2342//1 2344//19
f 2342//1 2345//1 2344//19
f 2345//1 2346//1 2344//19
s 557
f 2347//4 2348//1 2349//1
f 2348//1 2350//1 2349//1
s 558
f 2351//4 2352//1 2353//1
f 2353//1 2352//1 2354//1
s 559
f 2355//1 2356//1 2357//1
f 2356//1 2358//1 2357//1
s 560
f 2359//1 2360//1 2361//1
f 2361//1 2360//1 2362//1
s 561
f 2363//1 2364//1 2365//1
s 562
f 2366//1 2367//1 2368//1
s 563
f 2369//1 2370//9 2371//1
s 564
f 2372//1 2373//1 2374//1
s 565
f 2375//1 2376//1 2377//1
s 566
f 2378//1 2379//1 2380//1
f 2379//1 2381//1 2380//1
f 2381//1 2382//1 2380//1
s 567
f 2383//1 2384//1 2385//1
f 2384//1 2386//2 2385//1
f 2385//1 2386//2 2387//54
f 2386//2 2388//1 2387//54
s 568
f 2389//1 2390//1 2391//1
f 2391//1 2390//1 2392//1
s 569
f 2393//1 2394//12 2395//1
f 2394//12 2396//1 2395//1
s 570
f 2397//1 2398//1 2399//1
s 571
f 2400//1 2401//1 2402//1
s 572
f 2403//1 2404//1 2405//1
s 573
f 2406//1 2407//9 2408//1
s 574
f 2409//1 2410//1 2411//1
f 2411//1 2410//1 2412//55
f 2410//1 2413//1 2412//55
f 2413//1 2414//1 2412//55
s 575
f 2415//1 2416//1 2417//1
f 2417//1 2416//1 2418//2
f 2416//1 2419//9 2418//2
f 2418//2 2419//9 2420//1
s 576
f 2421//1 2422//1 2423//1
f 2423//1 2422//1 2424//1
f 2422//1 2425//1 2424//1
f 2424//1 2425//1 2426//1
s 577
f 2427//1 2428//13 2429//7
f 2429//7 2428//13 2430//1
f 2430//1 2428//13 2431//4
s 578
f 2432//1 2433//1 2434//1
s 579
f 2435//1 2436//1 2437//1
f 2437//1 2436//1 2438//7
f 2436//1 2439//2 2438//7
f 2438//7 2439//2 2440//1
s 580
f 2441//4 2442//3 2443//1
f 2442//3 2444//1 2443//1
s 581
f 2445//1 2446//1 2447//1
f 2447//1 2446//1 2448//1
s 582
f 2449//1 2450//2 2451//7
f 2451//7 2450//2 2452//1
f 2450//2 2453//1 2452//1
f 2452//1 2453//1 2454//1
s 583
f 2455//1 2456//1 2457//1
s 584
f 2458//1 2459//1 2460//4
f 2460//4 2459//1 2461//1
s 585
f 2462//1 2463//1 2464//1
s 586
f 2465//1 2466//1 2467//1
f 2467//1 2466//1 2468//2
f 2466//1 2469//2 2468//2
f 2468//2 2469//2 2470//1
s 587
f 2471//1 2472//1 2473//3
f 2473//3 2472//1 2474//2
f 2472//1 2475//2 2474//2
f 2474//2 2475//2 2476//1
s 588
f 2477//1 2478//1 2479//1
s 589
f 2480//1 2481//1 2482//9
f 2481//1 2483//1 2482//9
f 2483//1 2484//9 2482//9
s 590
f 2485//1 2486//1 2487//1
s 591
f 2488//1 2489//1 2490//1
f 2489//1 2491//1 2490//1
f 2490//1 2491//1 2492//1
s 592
f 2493//1 2494//1 2495//1
f 2495//1 2494//1 2496//1
f 2494//1 2497//1 2496//1
f 2497//1 2498//1 2496//1
s 593
f 2499//1 2500//1 2501//1
s 594
f 2502//1 2503//1 2504//21
f 2503//1 2505//1 2504//21
f 2505//1 2506//1 2504//21
s 595
f 2507//1 2508//1 2509//1
s 596
f 2510//1 2511//1 2512//1
s 597
f 2513//4 2514//2 2515//1
f 2515//1 2514//2 2516//1
s 598
f 2517//1 2518//7 2519//2
f 2519//2 2518//7 2520//1
f 2518//7 2521//3 2520//1
f 2521//3 2522//1 2520//1
s 599
f 2523//1 2524//1 2525//1
f 2525//1 2524//1 2526//1
f 2524//1 2527//1 2526//1
f 2527//1 2528//1 2526//1
s 600
f 2529//1 2530//1 2531//1
f 2531//1 2530//1 2532//1
f 2530//1 2533//1 2532//1
f 2532//1 2533//1 2534//1
s 601
f 2535//1 2536//1 2537//1
s 602
f 2538//2 2539//4 2540//1
f 2539//4 2541//1 2540//1
f 2540//1 2541//1 2542//1
s 603
f 2543//1 2544//1 2545//1
s 604
f 2546//1 2547//1 2548//1
f 2547//1 2549//1 2548//1
f 2549//1 2550//1 2548//1
s 605
f 2551//1 2552//1 2553//1
f 2553//1 2552//1 2554//1
s 606
f 2555//1 2556//1 2557//1
f 2556//1 2558//1 2557//1
s 607
f 2559//1 2560//1 2561//1
f 2560//1 2562//1 2561//1
s 608
f 2563//1 2564//1 2565//1
s 609
f 2566//1 2567//1 2568//1
s 610
f 2569//1 2570//1 2571//1
s 611
f 2572//1 2573//4 2574//1
f 2573//4 2575//1 2574//1
f 2574//1 2575//1 2576//1
s 612
f 2577//1 2578//1 2579//1
s 613
f 2580//1 2581//1 2582//1
f 2581//1 2583//1 2582//1
f 2583//1 2584//1 2582//1
s 614
f 2585//1 2586//1 2587//1
f 2587//1 2586//1 2588//53
f 2586//1 2589//1 2588//53
f 2588//53 2589//1 2590//1
s 615
g Panele_izquierdo1_cal_solar_6
usemtl cal_solar_6
f 2591//1 2592//1 2593//1
s 616
f 2594//1 2595//1 2596//1
f 2595//1 2597//1 2596//1
f 2596//1 2597//1 2598//1
s 617
f 2599//1 2600//1 2601//1
f 2601//1 2600//1 2602//1
f 2600//1 2603//1 2602//1
f 2603//1 2604//1 2602//1
s 618
f 2605//1 2606//1 2607//9
f 2607//9 2606//1 2608//1
f 2606//1 2609//1 2608//1
f 2609//1 2610//1 2608//1
s 619
f 2611//1 2612//1 2613//1
f 2613//1 2612//1 2614//1
f 2612//1 2615//1 2614//1
f 2615//1 2616//1 2614//1
s 620
f 2617//1 2618//1 2619//1
f 2618//1 2620//2 2619//1
f 2619//1 2620//2 2621//2
f 2621//2 2620//2 2622//1
s 621
f 2623//1 2624//1 2625//1
s 622
f 2626//1 2627//1 2628//1
s 623
f 2629//1 2630//1 2631//1
f 2631//1 2630//1 2632//1
s 624
f 2633//1 2634//14 2635//1
f 2635//1 2634//14 2636//1
f 2634//14 2637//1 2636//1
f 2636//1 2637//1 2638//1
s 625
f 2639//1 2640//1 2641//1
f 2640//1 2642//1 2641//1
s 626
f 2643//1 2644//1 2645//1
f 2645//1 2644//1 2646//1
s 627
f 2647//1 2648//49 2649//1
f 2649//1 2648//49 2650//1
f 2648//49 2651//1 2650//1
f 2651//1 2652//1 2650//1
s 628
f 2653//1 2654//1 2655//1
f 2655//1 2654//1 2656//1
f 2654//1 2657//1 2656//1
f 2657//1 2658//1 2656//1
s 629
f 2659//1 2660//1 2661//1
f 2661//1 2660//1 2662//1
s 630
f 2663//1 2664//1 2665//1
s 631
f 2666//1 2667//1 2668//1
s 632
f 2669//1 2670//1 2671//1
f 2671//1 2670//1 2672//1
s 633
f 2673//1 2674//1 2675//1
f 2674//1 2676//1 2675//1
s 634
f 2677//1 2678//1 2679//1
s 635
f 2680//1 2681//1 2682//1
f 2681//1 2683//1 2682//1
f 2682//1 2683//1 2684//1
s 636
f 2685//1 2686//1 2687//1
f 2687//1 2686//1 2688//1
s 637
f 2689//1 2690//1 2691//1
f 2690//1 2692//1 2691//1
s 638
f 2693//1 2694//1 2695//1
f 2695//1 2694//1 2696//1
f 2694//1 2697//2 2696//1
f 2696//1 2697//2 2698//1
s 639
f 2699//1 2700//1 2701//1
f 2701//1 2700//1 2702//1
f 2700//1 2703//1 2702//1
f 2703//1 2704//1 2702//1
s 640
f 2705//1 2706//1 2707//1
f 2707//1 2706//1 2708//7
f 2706//1 2709//9 2708//7
f 2709//9 2710//1 2708//7
s 641
f 2711//1 2712//1 2713//9
f 2713//9 2712//1 2714//49
f 2712//1 2715//1 2714//49
f 2714//49 2715//1 2716//1
s 642
f 2717//1 2718//1 2719//1
f 2719//1 2718//1 2720//1
f 2718//1 2721//1 2720//1
f 2720//1 2721//1 2722//1
s 643
f 2723//1 2724//8 2725//2
f 2725//2 2724//8 2726//3
f 2724//8 2727//1 2726//3
f 2727//1 2728//1 2726//3
s 644
f 2729//1 2730//1 2731//1
f 2730//1 2732//1 2731//1
s 645
f 2733//1 2734//1 2735//1
f 2735//1 2734//1 2736//1
s 646
f 2737//1 2738//1 2739//1
s 647
f 2740//1 2741//1 2742//1
f 2741//1 2743//1 2742//1
s 648
f 2744//1 2745//1 2746//1
s 649
f 2747//1 2748//1 2749//9
s 650
f 2750//1 2751//1 2752//1
s 651
f 2753//1 2754//1 2755//1
s 652
f 2756//1 2757//1 2758//1
s 653
f 2759//1 2760//1 2761//1
f 2761//1 2760//1 2762//1
f 2760//1 2763//1 2762//1
f 2762//1 2763//1 2764//1
s 654
f 2765//1 2766//1 2767//1
s 655
f 2768//1 2769//1 2770//14
f 2769//1 2771//1 2770//14
f 2771//1 2772//1 2770//14
s 656
f 2773//1 2774//1 2775//1
f 2775//1 2774//1 2776//1
f 2774//1 2777//1 2776//1
f 2776//1 2777//1 2778//1
s 657
f 2779//1 2780//1 2781//1
f 2781//1 2780//1 2782//1
f 2780//1 2783//1 2782//1
f 2783//1 2784//1 2782//1
s 658
f 2785//1 2786//2 2787//7
f 2787//7 2786//2 2788//3
f 2786//2 2789//1 2788//3
f 2788//3 2789//1 2790//1
s 659
f 2791//1 2792//1 2793//1
f 2793//1 2792//1 2794//3
f 2792//1 2795//1 2794//3
f 2794//3 2795//1 2796//1
s 660
f 2797//1 2798//2 2799//1
f 2798//2 2800//1 2799//1
f 2799//1 2800//1 2801//1
f 2801//1 2800//1 2802//1
s 661
f 2803//1 2804//1 2805//1
f 2805//1 2804//1 2806//2
f 2804//1 2807//2 2806//2
f 2807//2 2808//1 2806//2
s 662
f 2809//1 2810//1 2811//1
f 2811//1 2810//1 2812//14
f 2810//1 2813//1 2812//14
f 2813//1 2814//1 2812//14
s 663
f 2815//1 2816//1 2817//1
f 2817//1 2816//1 2818//1
f 2816//1 2819//1 2818//1
f 2819//1 2820//1 2818//1
s 664
f 2821//1 2822//14 2823//1
f 2823//1 2822//14 2824//1
f 2822//14 2825//1 2824//1
f 2825//1 2826//1 2824//1
s 665
f 2827//1 2828//1 2829//1
f 2829//1 2828//1 2830//1
f 2828//1 2831//1 2830//1
f 2831//1 2832//1 2830//1
s 666
f 2833//1 2834//1 2835//10
f 2835//10 2834//1 2836//20
f 2834//1 2837//1 2836//20
f 2837//1 2838//1 2836//20
s 667
f 2839//1 2840//1 2841//1
s 668
f 2842//1 2843//1 2844//1
f 2843//1 2845//1 2844//1
f 2844//1 2845//1 2846//1
s 669
f 2847//1 2848//1 2849//1
f 2848//1 2850//1 2849//1
s 670
f 2851//1 2852//1 2853//1
f 2853//1 2852//1 2854//1
s 671
f 2855//1 2856//1 2857//1
s 672
f 2858//1 2859//1 2860//1
f 2859//1 2861//1 2860//1
f 2861//1 2862//1 2860//1
s 673
f 2863//1 2864//1 2865//1
s 674
f 2866//1 2867//1 2868//1
f 2867//1 2869//9 2868//1
f 2869//9 2870//1 2868//1
s 675
f 2871//1 2872//1 2873//1
f 2873//1 2872//1 2874//9
f 2872//1 2875//1 2874//9
f 2875//1 2876//1 2874//9
s 676
f 2877//1 2878//1 2879//1
s 677
f 2880//1 2881//1 2882//1
s 678
f 2883//1 2884//9 2885//1
f 2884//9 2886//1 2885//1
s 679
f 2887//1 2888//1 2889//3
f 2888//1 2890//1 2889//3
f 2889//3 2890//1 2891//7
f 2891//7 2890//1 2892//1
s 680
f 2893//1 2894//1 2895//1
f 2894//1 2896//2 2895//1
f 2895//1 2896//2 2897//2
f 2897//2 2896//2 2898//1
s 681
f 2899//1 2900//2 2901//1
f 2901//1 2900//2 2902//1
f 2900//2 2903//1 2902//1
f 2902//1 2903//1 2904//1
s 682
f 2905//1 2906//1 2907//1
s 683
f 2908//1 2909//1 2910//1
f 2909//1 2911//2 2910//1
s 684
f 2912//1 2913//1 2914//1
s 685
f 2915//1 2916//1 2917//1
f 2917//1 2916//1 2918//18
f 2916//1 2919//2 2918//18
f 2919//2 2920//1 2918//18
s 686
f 2921//1 2922//1 2923//1
s 687
f 2924//1 2925//2 2926//1
f 2925//2 2927//2 2926//1
f 2926//1 2927//2 2928//1
s 688
f 2929//1 2930//1 2931//50
f 2931//50 2930//1 2932//3
f 2930//1 2933//1 2932//3
f 2932//3 2933//1 2934//1
s 689
f 2935//1 2936//1 2937//1
f 2937//1 2936//1 2938//1
f 2936//1 2939//2 2938//1
s 690
f 2940//1 2941//1 2942//1
s 691
f 2943//1 2944//1 2945//1
s 692
f 2946//1 2947//1 2948//1
f 2948//1 2947//1 2949//4
s 693
f 2950//1 2951//1 2952//1
s 694
f 2953//1 2954//9 2955//1
s 695
f 2956//1 2957//1 2958//1
f 2957//1 2959//1 2958//1
f 2959//1 2960//1 2958//1
s 696
f 2961//1 2962//1 2963//1
f 2963//1 2962//1 2964//1
f 2962//1 2965//1 2964//1
f 2965//1 2966//1 2964//1
s 697
f 2967//1 2968//1 2969//1
f 2969//1 2968//1 2970//7
f 2968//1 2971//2 2970//7
f 2970//7 2971//2 2972//1
s 698
f 2973//1 2974//2 2975//2
f 2975//2 2974//2 2976//1
f 2974//2 2977//1 2976//1
f 2976//1 2977//1 2978//1
s 699
f 2979//1 2980//1 2981//1
f 2981//1 2980//1 2982//1
f 2980//1 2983//1 2982//1
f 2982//1 2983//1 2984//1
s 700
f 2985//1 2986//19 2987//1
f 2987//1 2986//19 2988//1
f 2986//19 2989//1 2988//1
f 2988//1 2989//1 2990//1
s 701
f 2991//1 2992//1 2993//1
s 702
f 2994//1 2995//1 2996//1
f 2995//1 2997//1 2996//1
f 2997//1 2998//1 2996//1
s 703
f 2999//1 3000//1 3001//1
s 704
f 3002//1 3003//1 3004//1
s 705
f 3005//1 3006//1 3007//1
f 3006//1 3008//1 3007//1
s 706
f 3009//1 3010//1 3011//1
f 3011//1 3010//1 3012//9
f 3010//1 3013//1 3012//9
f 3013//1 3014//1 3012//9
s 707
f 3015//1 3016//1 3017//1
f 3016//1 3018//3 3017//1
f 3017//1 3018//3 3019//1
f 3018//3 3020//1 3019//1
s 708
g Panele_izquierdo1_cal_solar_7
usemtl cal_solar_7
f 3021//1 3022//2 3023//1
f 3023//1 3022//2 3024//1
f 3022//2 3025//1 3024//1
f 3024//1 3025//1 3026//1
s 709
f 3027//1 3028//1 3029//12
f 3028//1 3030//1 3029//12
f 3030//1 3031//1 3029//12
s 710
f 3032//1 3033//1 3034//1
s 711
f 3035//1 3036//1 3037//2
f 3037//2 3036//1 3038//1
f 3036//1 3039//1 3038//1
f 3039//1 3040//1 3038//1
s 712
f 3041//1 3042//1 3043//1
f 3042//1 3044//1 3043//1
f 3043//1 3044//1 3045//1
f 3044//1 3046//1 3045//1
s 713
f 3047//1 3048//18 3049//18
f 3049//18 3048//18 3050//1
f 3048//18 3051//1 3050//1
f 3050//1 3051//1 3052//1
s 714
f 3053//1 3054//1 3055//1
f 3054//1 3056//1 3055//1
f 3055//1 3056//1 3057//1
f 3057//1 3056//1 3058//1
s 715
f 3059//9 3060//1 3061//9
f 3060//1 3062//1 3061//9
s 716
f 3063//1 3064//1 3065//1
f 3065//1 3064//1 3066//1
s 717
f 3067//1 3068//1 3069//1
f 3068//1 3070//1 3069//1
f 3069//1 3070//1 3071//1
f 3070//1 3072//1 3071//1
s 718
f 3073//1 3074//1 3075//1
f 3075//1 3074//1 3076//10
f 3074//1 3077//7 3076//10
f 3076//10 3077//7 3078//1
s 719
f 3079//1 3080//1 3081//1
s 720
f 3082//1 3083//1 3084//1
f 3084//1 3083//1 3085//1
f 3083//1 3086//1 3085//1
s 721
f 3087//1 3088//1 3089//1
f 3089//1 3088//1 3090//1
s 722
f 3091//1 3092//2 3093//1
f 3092//2 3094//1 3093//1
s 723
f 3095//1 3096//1 3097//1
f 3097//1 3096//1 3098//4
f 3096//1 3099//1 3098//4
f 3098//4 3099//1 3100//1
s 724
f 3101//1 3102//1 3103//1
f 3103//1 3102//1 3104//1
f 3102//1 3105//9 3104//1
f 3105//9 3106//52 3104//1
s 725
f 3107//1 3108//7 3109//1
f 3109//1 3108//7 3110//3
f 3108//7 3111//1 3110//3
f 3110//3 3111//1 3112//1
s 726
f 3113//1 3114//10 3115//1
f 3115//1 3114//10 3116//21
f 3114//10 3117//1 3116//21
f 3117//1 3118//1 3116//21
s 727
f 3119//1 3120//1 3121//1
f 3121//1 3120//1 3122//1
f 3120//1 3123//1 3122//1
f 3123//1 3124//1 3122//1
s 728
f 3125//1 3126//1 3127//4
f 3127//4 3126//1 3128//7
f 3126//1 3129//2 3128//7
f 3128//7 3129//2 3130//1
s 729
f 3131//1 3132//1 3133//1
f 3133//1 3132//1 3134//7
f 3132//1 3135//1 3134//7
f 3135//1 3136//1 3134//7
s 730
f 3137//1 3138//2 3139//1
f 3138//2 3140//1 3139//1
f 3139//1 3140//1 3141//1
f 3140//1 3142//9 3141//1
s 731
f 3143//1 3144//1 3145//1
f 3144//1 3146//1 3145//1
f 3145//1 3146//1 3147//1
f 3147//1 3146//1 3148//1
s 732
f 3149//1 3150//1 3151//1
f 3150//1 3152//2 3151//1
f 3151//1 3152//2 3153//2
f 3153//2 3152//2 3154//1
s 733
f 3155//1 3156//1 3157//1
f 3156//1 3158//1 3157//1
f 3157//1 3158//1 3159//1
f 3159//1 3158//1 3160//1
s 734
f 3161//9 3162//3 3163//1
f 3163//1 3162//3 3164//49
f 3162//3 3165//1 3164//49
f 3165//1 3166//1 3164//49
s 735
f 3167//1 3168//1 3169//1
f 3169//1 3168//1 3170//1
f 3168//1 3171//1 3170//1
f 3171//1 3172//1 3170//1
s 736
f 3173//1 3174//1 3175//4
s 737
f 3176//1 3177//1 3178//1
s 738
f 3179//1 3180//1 3181//1
f 3181//1 3180//1 3182//1
s 739
f 3183//1 3184//53 3185//1
f 3185//1 3184//53 3186//1
f 3184//53 3187//1 3186//1
f 3187//1 3188//9 3186//1
s 740
f 3189//1 3190//19 3191//1
f 3191//1 3190//19 3192//1
f 3190//19 3193//1 3192//1
f 3192//1 3193//1 3194//1
s 741
f 3195//1 3196//1 3197//1
f 3197//1 3196//1 3198//5
f 3196//1 3199//1 3198//5
f 3198//5 3199//1 3200//1
s 742
f 3201//1 3202//1 3203//1
s 743
f 3204//1 3205//1 3206//3
f 3205//1 3207//1 3206//3
f 3206//3 3207//1 3208//1
s 744
f 3209//1 3210//1 3211//1
f 3211//1 3210//1 3212//7
f 3210//1 3213//7 3212//7
f 3212//7 3213//7 3214//1
s 745
f 3215//1 3216//1 3217//1
f 3216//1 3218//9 3217//1
f 3217//1 3218//9 3219//1
f 3218//9 3220//1 3219//1
s 746
f 3221//1 3222//1 3223//1
s 747
f 3224//1 3225//1 3226//1
f 3225//1 3227//1 3226//1
f 3227//1 3228//1 3226//1
s 748
f 3229//1 3230//2 3231//2
f 3231//2 3230//2 3232//1
f 3230//2 3233//4 3232//1
s 749
f 3234//1 3235//1 3236//1
s 750
f 3237//1 3238//1 3239//1
f 3239//1 3238//1 3240//11
f 3238//1 3241//16 3240//11
f 3241//16 3242//1 3240//11
s 751
f 3243//1 3244//1 3245//1
f 3245//1 3244//1 3246//1
f 3244//1 3247//1 3246//1
f 3246//1 3247//1 3248//1
s 752
f 3249//1 3250//1 3251//1
f 3251//1 3250//1 3252//1
f 3250//1 3253//1 3252//1
f 3252//1 3253//1 3254//1
s 753
f 3255//1 3256//1 3257//1
f 3257//1 3256//1 3258//1
f 3256//1 3259//1 3258//1
f 3259//1 3260//1 3258//1
s 754
f 3261//1 3262//1 3263//1
f 3262//1 3264//1 3263//1
s 755
f 3265//1 3266//1 3267//1
s 756
f 3268//1 3269//1 3270//1
s 757
f 3271//1 3272//1 3273//1
s 758
f 3274//1 3275//1 3276//1
f 3275//1 3277//1 3276//1
f 3277//1 3278//1 3276//1
s 759
f 3279//1 3280//1 3281//1
f 3280//1 3282//1 3281//1
f 3282//1 3283//1 3281//1
s 760
f 3284//1 3285//1 3286//1
s 761
f 3287//1 3288//1 3289//1
s 762
f 3290//1 3291//1 3292//1
f 3292//1 3291//1 3293//1
f 3291//1 3294//1 3293//1
s 763
f 3295//1 3296//1 3297//1
f 3296//1 3298//1 3297//1
s 764
f 3299//1 3300//1 3301//1
f 3301//1 3300//1 3302//1
s 765
f 3303//1 3304//1 3305//1
f 3305//1 3304//1 3306//1
f 3304//1 3307//1 3306//1
s 766
f 3308//1 3309//1 3310//1
s 767
f 3311//1 3312//1 3313//3
f 3313//3 3312//1 3314//1
f 3312//1 3315//1 3314//1
f 3314//1 3315//1 3316//1
s 768
f 3317//1 3318//1 3319//1
s 769
f 3320//2 3321//1 3322//1
f 3321//1 3323//1 3322//1
f 3322//1 3323//1 3324//1
s 770
f 3325//1 3326//1 3327//1
f 3327//1 3326//1 3328//1
f 3326//1 3329//1 3328//1
f 3329//1 3330//1 3328//1
s 771
g Panele_izquierdo1_cal_solar_back
usemtl cal_solar_back
f 3331//56 3332//2 3333//1
f 3332//2 3334//57 3333//1
s 772
f 3335//24 3336//58 3337//24
f 3337//24 3336//58 3338//58
s 773
f 3339//31 3340//31 3341//31
f 3340//31 3342//59 3341//31
s 774
f 3343//33 3344//33 3345//33
f 3344//33 3346//33 3345//33
s 775
f 3347//1 3348//1 3349//1
f 3349//1 3348//1 3350//1
s 776
g Panele_izquierdo1_cal_solar_side
usemtl cal_solar_side
f 3351//60 3352//60 3353//60
s 777
f 3354//61 3355//62 3356//62
s 778
f 3357//62 3358//62 3359//62
s 779
f 3360//60 3361//60 3362//60
s 780
g Panele_izquierdo1_cal_grey
usemtl cal_grey
f 3363//2 3364//2 3365//2
s 781
f 3366//1 3367//1 3368//1
s 782
f 3369//63 3370//63 3371//63
s 783
f 3372//64 3373//62 3374//64
s 784
f 3375//42 3376//42 3377//42
s 785
f 3378//33 3379//33 3380//33
f 3379//33 3381//33 3380//33
s 786
f 3382//62 3383//62 3384//63
s 787
f 3385//24 3386//24 3387//24
s 788
f 3388//33 3389//33 3390//33
s 789
f 3391//33 3392//33 3393//33
s 790
f 3394//33 3395//33 3396//33
f 3395//33 3397//33 3396//33
s 791
f 3398//31 3399//31 3400//31
f 3399//31 3401//31 3400//31
s 792
f 3402//65 3403//65 3404//65
s 793
f 3405//66 3406//66 3407//66
s 794
f 3408//24 3409//24 3410//24
s 795
f 3411//67 3412//33 3413//33
f 3413//33 3412//33 3414//33
s 796
f 3415//31 3416//31 3417//31
f 3416//31 3418//31 3417//31
s 797
f 3419//60 3420//60 3421//60
s 798
f 3422//60 3423//60 3424//60
s 799
f 3425//9 3426//1 3427//9
f 3426//1 3428//1 3427//9
s 800
f 3429//62 3430//62 3431//62
s 801
f 3432//24 3433//24 3434//24
s 802
f 3435//68 3436//68 3437//68
s 803
f 3438//69 3439//69 3440//69
s 804
f 3441//68 3442//68 3443//68
s 805
f 3444//70 3445//70 3446//70
s 806
f 3447//68 3448//68 3449//68
s 807
f 3450//71 3451//72 3452//72
s 808
f 3453//73 3454//73 3455//73
s 809
f 3456//74 3457//74 3458//74
s 810
f 3459//74 3460//75 3461//75
s 811
f 3462//76 3463//76 3464//76
s 812
f 3465//77 3466//77 3467//77
s 813
f 3468//78 3469//79 3470//78
s 814
f 3471//80 3472//80 3473//80
s 815
f 3474//69 3475//60 3476//69
f 3475//60 3477//81 3476//69
s 816
f 3478//80 3479//80 3480//80
s 817
f 3481//82 3482//82 3483//82
s 818
f 3484//83 3485//83 3486//83
s 819
f 3487//60 3488//60 3489//60
s 820
f 3490//60 3491//60 3492//60
s 821
f 3493//84 3494//84 3495//84
s 822
f 3496//60 3497//60 3498//60
s 823
f 3499//83 3500//83 3501//83
s 824
f 3502//60 3503//60 3504//60
s 825
f 3505//85 3506//85 3507//85
s 826
f 3508//86 3509//86 3510//86
s 827
f 3511//68 3512//68 3513//68
s 828
f 3514//68 3515//68 3516//68
s 829
f 3517//87 3518//85 3519//88
s 830
f 3520//60 3521//60 3522//60
s 831
f 3523//89 3524//89 3525//89
s 832
f 3526//90 3527//90 3528//90
s 833
f 3529//91 3530//91 3531//91
s 834
f 3532//91 3533//91 3534//91
s 835
f 3535//89 3536//89 3537//89
s 836
f 3538//60 3539//60 3540//60
s 837
f 3541//92 3542//92 3543//93
s 838
f 3544//94 3545//95 3546//94
s 839
f 3547//96 3548//96 3549//97
s 840
f 3550//60 3551//60 3552//60
s 841
f 3553//98 3554//99 3555//99
s 842
f 3556//60 3557//60 3558//60
s 843
f 3559//100 3560//100 3561//100
s 844
f 3562//99 3563//99 3564//99
s 845
f 3565//81 3566//101 3567//81
s 846
f 3568//102 3569//102 3570//102
s 847
f 3571//102 3572//102 3573//102
s 848
f 3574//60 3575//60 3576//60
s 849
f 3577//103 3578//104 3579//103
s 850
f 3580//104 3581//104 3582//104
s 851
f 3583//105 3584//105 3585//106
f 3584//105 3586//105 3585//106
s 852
f 3587//67 3588//67 3589//67
s 853
f 3590//107 3591//108 3592//108
s 854
f 3593//109 3594//109 3595//68
s 855
f 3596//60 3597//60 3598//60
f 3598//60 3597//60 3599//60
s 856
f 3600//91 3601//110 3602//111
s 857
f 3603//112 3604//112 3605//113
s 858
f 3606//114 3607//115 3608//114
s 859
f 3609//33 3610//33 3611//33
s 860
f 3612//116 3613//116 3614//116
s 861
f 3615//117 3616//118 3617//119
s 862
f 3618//120 3619//121 3620//120
s 863
f 3621//109 3622//109 3623//109
s 864
f 3624//122 3625//122 3626//122
s 865
f 3627//123 3628//123 3629//123
s 866
f 3630//109 3631//109 3632//109
s 867
f 3633//124 3634//124 3635//125
s 868
f 3636//124 3637//124 3638//124
s 869
f 3639//60 3640//60 3641//60
s 870
f 3642//126 3643//126 3644//126
s 871
f 3645//127 3646//127 3647//127
s 872
f 3648//60 3649//60 3650//60
s 873
f 3651//128 3652//129 3653//130
f 3652//129 3654//131 3653//130
s 874
f 3655//132 3656//60 3657//60
s 875
f 3658//133 3659//133 3660//133
s 876
f 3661//60 3662//60 3663//60
s 877
f 3664//134 3665//134 3666//133
s 878
f 3667//60 3668//60 3669//60
s 879
f 3670//135 3671//135 3672//136
s 880
f 3673//137 3674//60 3675//60
s 881
f 3676//60 3677//60 3678//60
s 882
f 3679//109 3680//90 3681//109
s 883
f 3682//135 3683//135 3684//135
s 884
f 3685//91 3686//81 3687//91
s 885
f 3688//138 3689//138 3690//138
s 886
f 3691//109 3692//139 3693//140
s 887
f 3694//101 3695//101 3696//101
s 888
f 3697//68 3698//68 3699//68
s 889
f 3700//138 3701//138 3702//138
s 890
f 3703//60 3704//60 3705//60
s 891
f 3706//141 3707//141 3708//141
s 892
f 3709//142 3710//107 3711//142
s 893
f 3712//68 3713//68 3714//143
s 894
f 3715//81 3716//91 3717//81
s 895
f 3718//144 3719//145 3720//145
s 896
f 3721//60 3722//60 3723//60
s 897
f 3724//146 3725//146 3726//146
s 898
f 3727//81 3728//81 3729//101
s 899
f 3730//147 3731//69 3732//69
s 900
f 3733//146 3734//146 3735//146
s 901
f 3736//60 3737//60 3738//60
s 902
f 3739//148 3740//148 3741//148
s 903
f 3742//60 3743//60 3744//60
s 904
f 3745//149 3746//149 3747//148
s 905
f 3748//81 3749//81 3750//81
s 906
f 3751//150 3752//151 3753//150
s 907
f 3754//68 3755//68 3756//68
s 908
f 3757//150 3758//150 3759//150
s 909
f 3760//68 3761//68 3762//68
s 910
f 3763//60 3764//60 3765//60
s 911
f 3766//152 3767//152 3768//152
f 3767//152 3769//152 3768//152
s 912
f 3770//153 3771//153 3772//153
s 913
f 3773//153 3774//153 3775//153
s 914
f 3776//154 3777//155 3778//154
s 915
f 3779//156 3780//156 3781//156
s 916
f 3782//91 3783//111 3784//91
s 917
f 3785//157 3786//157 3787//66
s 918
f 3788//158 3789//158 3790//158
s 919
f 3791//91 3792//91 3793//91
s 920
f 3794//140 3795//140 3796//140
s 921
f 3797//101 3798//81 3799//101
s 922
f 3800//60 3801//60 3802//60
f 3801//60 3803//60 3802//60
f 3803//60 3804//60 3802//60
s 923
f 3805//159 3806//159 3807//142
s 924
f 3808//60 3809//60 3810//60
s 925
f 3811//160 3812//160 3813//160
s 926
f 3814//161 3815//161 3816//161
s 927
f 3817//161 3818//162 3819//162
s 928
f 3820//111 3821//91 3822//111
s 929
f 3823//163 3824//164 3825//163
s 930
f 3826//60 3827//60 3828//60
s 931
f 3829//84 3830//165 3831//165
s 932
f 3832//60 3833//60 3834//60
s 933
f 3835//166 3836//166 3837//166
s 934
f 3838//100 3839//100 3840//100
s 935
f 3841//143 3842//143 3843//143
s 936
f 3844//143 3845//143 3846//143
s 937
f 3847//166 3848//166 3849//166
s 938
f 3850//160 3851//160 3852//160
s 939
f 3853//167 3854//167 3855//167
s 940
f 3856//168 3857//168 3858//168
s 941
f 3859//169 3860//169 3861//169
s 942
f 3862//170 3863//171 3864//171
s 943
f 3865//172 3866//173 3867//172
s 944
f 3868//174 3869//175 3870//174
s 945
f 3871//176 3872//176 3873//176
s 946
f 3874//176 3875//176 3876//176
s 947
f 3877//177 3878//177 3879//177
s 948
f 3880//178 3881//178 3882//178
s 949
f 3883//179 3884//179 3885//179
s 950
f 3886//180 3887//180 3888//180
s 951
f 3889//181 3890//181 3891//182
s 952
f 3892//182 3893//183 3894//182
s 953
f 3895//184 3896//185 3897//184
s 954
f 3898//186 3899//187 3900//184
s 955
f 3901//188 3902//188 3903//188
f 3902//188 3904//189 3903//188
s 956
f 3905//190 3906//191 3907//192
s 957
f 3908//191 3909//193 3910//191
s 958
f 3911//194 3912//194 3913//194
s 959
f 3914//195 3915//195 3916//195
s 960
f 3917//196 3918//196 3919//196
s 961
f 3920//197 3921//197 3922//198
s 962
f 3923//199 3924//199 3925//199
s 963
f 3926//200 3927//200 3928//200
s 964
f 3929//201 3930//201 3931//201
s 965
f 3932//201 3933//201 3934//202
s 966
f 3935//203 3936//204 3937//205
s 967
f 3938//206 3939//206 3940//206
s 968
f 3941//207 3942//208 3943//208
s 969
f 3944//208 3945//208 3946//208
s 970
f 3947//209 3948//210 3949//209
s 971
f 3950//209 3951//209 3952//210
s 972
f 3953//211 3954//212 3955//212
s 973
f 3956//213 3957//213 3958//213
s 974
f 3959//214 3960//214 3961//214
s 975
f 3962//215 3963//215 3964//215
s 976
f 3965//216 3966//216 3967//216
s 977
f 3968//216 3969//216 3970//216
s 978
f 3971//217 3972//217 3973//217
s 979
f 3974//218 3975//219 3976//220
s 980
f 3977//172 3978//172 3979//172
s 981
f 3980//221 3981//222 3982//221
s 982
f 3983//223 3984//223 3985//223
s 983
f 3986//224 3987//224 3988//224
s 984
f 3989//225 3990//225 3991//225
s 985
f 3992//226 3993//227 3994//226
s 986
f 3995//228 3996//229 3997//229
s 987
f 3998//230 3999//230 4000//231
s 988
f 4001//232 4002//232 4003//232
s 989
f 4004//233 4005//233 4006//233
s 990
f 4007//234 4008//234 4009//234
s 991
f 4010//234 4011//234 4012//234
s 992
f 4013//235 4014//235 4015//236
s 993
f 4016//237 4017//237 4018//237
s 994
f 4019//238 4020//238 4021//238
s 995
f 4022//239 4023//239 4024//239
s 996
f 4025//240 4026//240 4027//241
s 997
f 4028//240 4029//241 4030//240
s 998
f 4031//242 4032//242 4033//242
s 999
f 4034//243 4035//242 4036//242
s 1000
f 4037//244 4038//244 4039//245
s 1001
f 4040//246 4041//246 4042//247
s 1002
f 4043//248 4044//249 4045//249
s 1003
f 4046//250 4047//250 4048//250
s 1004
f 4049//251 4050//251 4051//252
s 1005
f 4052//251 4053//251 4054//253
s 1006
f 4055//254 4056//254 4057//254
s 1007
f 4058//255 4059//255 4060//256
s 1008
f 4061//257 4062//257 4063//257
s 1009
f 4064//258 4065//258 4066//258
s 1010
f 4067//259 4068//259 4069//259
s 1011
f 4070//260 4071//260 4072//260
s 1012
f 4073//261 4074//261 4075//261
s 1013
f 4076//261 4077//261 4078//262
s 1014
f 4079//263 4080//263 4081//263
s 1015
f 4082//264 4083//264 4084//264
s 1016
f 4085//265 4086//265 4087//266
s 1017
f 4088//266 4089//267 4090//267
s 1018
f 4091//268 4092//268 4093//268
s 1019
f 4094//269 4095//270 4096//270
s 1020
f 4097//271 4098//272 4099//271
s 1021
f 4100//273 4101//274 4102//273
s 1022
f 4103//62 4104//62 4105//62
s 1023
f 4106//275 4107//275 4108//275
s 1024
f 4109//62 4110//62 4111//62
s 1025
f 4112//276 4113//276 4114//276
s 1026
f 4115//62 4116//62 4117//62
s 1027
f 4118//277 4119//278 4120//279
s 1028
f 4121//61 4122//280 4123//61
s 1029
f 4124//273 4125//273 4126//273
s 1030
f 4127//62 4128//62 4129//62
s 1031
f 4130//281 4131//282 4132//281
s 1032
f 4133//274 4134//274 4135//274
s 1033
f 4136//278 4137//62 4138//283
s 1034
f 4139//284 4140//63 4141//284
s 1035
f 4142//283 4143//283 4144//283
s 1036
f 4145//62 4146//62 4147//62
s 1037
f 4148//285 4149//286 4150//287
s 1038
f 4151//275 4152//275 4153//275
s 1039
f 4154//288 4155//273 4156//282
s 1040
f 4157//283 4158//283 4159//283
s 1041
f 4160//289 4161//284 4162//284
s 1042
f 4163//62 4164//62 4165//62
s 1043
f 4166//290 4167//291 4168//273
s 1044
f 4169//62 4170//62 4171//62
s 1045
f 4172//289 4173//289 4174//289
s 1046
f 4175//292 4176//293 4177//293
s 1047
f 4178//282 4179//282 4180//282
s 1048
f 4181//294 4182//295 4183//296
s 1049
f 4184//62 4185//62 4186//62
s 1050
f 4187//275 4188//297 4189//297
s 1051
f 4190//64 4191//64 4192//64
s 1052
f 4193//297 4194//297 4195//297
s 1053
f 4196//298 4197//298 4198//298
s 1054
f 4199//299 4200//297 4201//300
s 1055
f 4202//62 4203//62 4204//62
s 1056
f 4205//62 4206//301 4207//301
s 1057
f 4208//297 4209//275 4210//297
s 1058
f 4211//288 4212//273 4213//288
s 1059
f 4214//62 4215//62 4216//62
s 1060
f 4217//291 4218//291 4219//291
s 1061
f 4220//273 4221//273 4222//273
s 1062
f 4223//302 4224//302 4225//302
s 1063
f 4226//64 4227//64 4228//64
s 1064
f 4229//303 4230//304 4231//303
s 1065
f 4232//62 4233//62 4234//62
s 1066
f 4235//283 4236//62 4237//288
f 4237//288 4236//62 4238//282
s 1067
f 4239//288 4240//62 4241//288
s 1068
f 4242//62 4243//62 4244//62
s 1069
f 4245//282 4246//282 4247//273
s 1070
f 4248//289 4249//289 4250//289
s 1071
f 4251//278 4252//62 4253//305
s 1072
f 4254//62 4255//62 4256//62
s 1073
f 4257//64 4258//62 4259//62
s 1074
f 4260//306 4261//307 4262//308
s 1075
f 4263//300 4264//297 4265//275
s 1076
f 4266//273 4267//309 4268//273
s 1077
f 4269//282 4270//282 4271//282
s 1078
f 4272//310 4273//310 4274//310
s 1079
f 4275//311 4276//311 4277//311
s 1080
f 4278//62 4279//62 4280//62
s 1081
f 4281//64 4282//64 4283//62
s 1082
f 4284//283 4285//283 4286//283
s 1083
f 4287//312 4288//312 4289//312
s 1084
f 4290//273 4291//288 4292//273
s 1085
f 4293//289 4294//275 4295//275
s 1086
f 4296//62 4297//62 4298//62
s 1087
f 4299//62 4300//62 4301//62
s 1088
f 4302//313 4303//314 4304//313
s 1089
f 4305//289 4306//289 4307//289
s 1090
f 4308//283 4309//283 4310//283
s 1091
f 4311//315 4312//316 4313//315
s 1092
f 4314//62 4315//62 4316//62
s 1093
f 4317//282 4318//282 4319//282
s 1094
f 4320//273 4321//273 4322//273
s 1095
f 4323//273 4324//273 4325//273
s 1096
f 4326//317 4327//318 4328//319
s 1097
f 4329//320 4330//320 4331//320
s 1098
f 4332//321 4333//321 4334//321
s 1099
f 4335//322 4336//322 4337//323
s 1100
f 4338//324 4339//324 4340//324
s 1101
f 4341//324 4342//324 4343//324
s 1102
f 4344//62 4345//62 4346//63
s 1103
f 4347//325 4348//326 4349//326
s 1104
f 4350//60 4351//60 4352//60
s 1105
f 4353//327 4354//328 4355//328
s 1106
f 4356//60 4357//60 4358//60
s 1107
f 4359//329 4360//329 4361//329
s 1108
f 4362//60 4363//60 4364//60
s 1109
f 4365//330 4366//331 4367//330
s 1110
f 4368//332 4369//333 4370//333
s 1111
f 4371//73 4372//334 4373//73
s 1112
f 4374//60 4375//60 4376//60
s 1113
f 4377//335 4378//335 4379//336
s 1114
f 4380//337 4381//338 4382//337
s 1115
f 4383//339 4384//340 4385//341
s 1116
f 4386//342 4387//342 4388//342
s 1117
f 4389//343 4390//343 4391//343
s 1118
f 4392//60 4393//60 4394//60
s 1119
f 4395//344 4396//345 4397//345
s 1120
f 4398//163 4399//346 4400//347
s 1121
f 4401//348 4402//330 4403//349
s 1122
f 4404//345 4405//345 4406//345
s 1123
f 4407//65 4408//65 4409//65
s 1124
f 4410//80 4411//80 4412//80
s 1125
f 4413//60 4414//60 4415//60
s 1126
f 4416//350 4417//350 4418//350
s 1127
f 4419//331 4420//331 4421//331
s 1128
f 4422//351 4423//352 4424//351
s 1129
f 4425//353 4426//353 4427//353
s 1130
f 4428//352 4429//83 4430//352
s 1131
f 4431//354 4432//354 4433//354
s 1132
f 4434//355 4435//356 4436//355
s 1133
f 4437//87 4438//87 4439//85
s 1134
f 4440//89 4441//89 4442//89
s 1135
f 4443//89 4444//89 4445//89
s 1136
f 4446//97 4447//97 4448//97
s 1137
f 4449//96 4450//96 4451//96
s 1138
f 4452//357 4453//357 4454//358
s 1139
f 4455//359 4456//99 4457//359
s 1140
f 4458//332 4459//332 4460//332
s 1141
f 4461//360 4462//361 4463//361
s 1142
f 4464//60 4465//362 4466//60
s 1143
f 4467//60 4468//60 4469//60
s 1144
f 4470//363 4471//364 4472//364
s 1145
f 4473//365 4474//365 4475//348
s 1146
f 4476//366 4477//366 4478//366
s 1147
f 4479//331 4480//331 4481//367
s 1148
f 4482//368 4483//369 4484//368
s 1149
f 4485//60 4486//60 4487//60
s 1150
f 4488//105 4489//105 4490//105
s 1151
f 4491//330 4492//330 4493//370
s 1152
f 4494//371 4495//371 4496//371
s 1153
f 4497//372 4498//373 4499//374
s 1154
f 4500//33 4501//33 4502//33
s 1155
f 4503//65 4504//65 4505//65
s 1156
f 4506//114 4507//375 4508//375
s 1157
f 4509//376 4510//376 4511//376
s 1158
f 4512//65 4513//65 4514//65
s 1159
f 4515//377 4516//377 4517//377
s 1160
f 4518//33 4519//33 4520//33
s 1161
f 4521//378 4522//379 4523//378
s 1162
f 4524//120 4525//121 4526//380
s 1163
f 4527//117 4528//121 4529//120
s 1164
f 4530//381 4531//381 4532//381
s 1165
f 4533//123 4534//123 4535//123
s 1166
f 4536//60 4537//60 4538//60
s 1167
f 4539//123 4540//123 4541//123
s 1168
f 4542//60 4543//60 4544//60
s 1169
f 4545//124 4546//124 4547//124
s 1170
f 4548//370 4549//370 4550//370
s 1171
f 4551//382 4552//382 4553//382
s 1172
f 4554//332 4555//372 4556//372
s 1173
f 4557//383 4558//383 4559//383
s 1174
f 4560//60 4561//65 4562//60
s 1175
f 4563//126 4564//126 4565//126
s 1176
f 4566//384 4567//384 4568//384
s 1177
f 4569//385 4570//386 4571//387
s 1178
f 4572//126 4573//126 4574//126
s 1179
f 4575//60 4576//60 4577//60
s 1180
f 4578//388 4579//388 4580//388
s 1181
f 4581//60 4582//60 4583//60
s 1182
f 4584//388 4585//129 4586//388
s 1183
f 4587//389 4588//389 4589//346
s 1184
f 4590//390 4591//390 4592//390
s 1185
f 4593//342 4594//342 4595//342
s 1186
f 4596//391 4597//391 4598//391
s 1187
f 4599//333 4600//384 4601//333
s 1188
f 4602//392 4603//393 4604//394
s 1189
f 4605//370 4606//370 4607//370
s 1190
f 4608//395 4609//396 4610//395
s 1191
f 4611//397 4612//397 4613//397
s 1192
f 4614//397 4615//397 4616//398
s 1193
f 4617//141 4618//141 4619//141
s 1194
f 4620//144 4621//144 4622//144
s 1195
f 4623//399 4624//399 4625//399
s 1196
f 4626//146 4627//146 4628//146
s 1197
f 4629//148 4630//148 4631//400
s 1198
f 4632//149 4633//149 4634//149
s 1199
f 4635//150 4636//150 4637//150
s 1200
f 4638//401 4639//150 4640//401
s 1201
f 4641//354 4642//354 4643//354
s 1202
f 4644//402 4645//402 4646//403
s 1203
f 4647//404 4648//404 4649//404
s 1204
f 4650//365 4651//365 4652//365
s 1205
f 4653//405 4654//406 4655//405
s 1206
f 4656//65 4657//407 4658//407
s 1207
f 4659//152 4660//152 4661//152
s 1208
f 4662//60 4663//60 4664//60
s 1209
f 4665//153 4666//153 4667//153
s 1210
f 4668//60 4669//60 4670//60
s 1211
f 4671//331 4672//331 4673//367
s 1212
f 4674//153 4675//153 4676//153
s 1213
f 4677//333 4678//333 4679//333
s 1214
f 4680//408 4681//409 4682//409
s 1215
f 4683//348 4684//330 4685//331
s 1216
f 4686//354 4687//354 4688//354
s 1217
f 4689//332 4690//384 4691//410
s 1218
f 4692//411 4693//411 4694//411
s 1219
f 4695//60 4696//60 4697//60
s 1220
f 4698//412 4699//412 4700//412
s 1221
f 4701//413 4702//414 4703//331
s 1222
f 4704//332 4705//332 4706//332
s 1223
f 4707//333 4708//333 4709//333
s 1224
f 4710//415 4711//416 4712//417
s 1225
f 4713//60 4714//60 4715//60
s 1226
f 4716//60 4717//60 4718//60
s 1227
f 4719//60 4720//60 4721//60
s 1228
f 4722//60 4723//60 4724//60
s 1229
f 4725//418 4726//418 4727//418
s 1230
f 4728//419 4729//420 4730//420
s 1231
f 4731//166 4732//166 4733//166
s 1232
f 4734//160 4735//160 4736//421
s 1233
f 4737//422 4738//422 4739//422
s 1234
f 4740//168 4741//168 4742//168
s 1235
f 4743//423 4744//354 4745//354
s 1236
f 4746//157 4747//60 4748//66
s 1237
f 4749//424 4750//424 4751//425
s 1238
f 4752//169 4753//426 4754//169
s 1239
f 4755//427 4756//427 4757//427
s 1240
f 4758//428 4759//428 4760//175
s 1241
f 4761//176 4762//176 4763//176
s 1242
f 4764//429 4765//429 4766//429
s 1243
f 4767//430 4768//430 4769//430
s 1244
f 4770//180 4771//180 4772//180
s 1245
f 4773//431 4774//432 4775//432
s 1246
f 4776//433 4777//433 4778//433
s 1247
f 4779//434 4780//434 4781//434
s 1248
f 4782//435 4783//435 4784//435
s 1249
f 4785//436 4786//436 4787//436
s 1250
f 4788//188 4789//188 4790//188
s 1251
f 4791//437 4792//438 4793//437
s 1252
f 4794//439 4795//439 4796//440
s 1253
f 4797//441 4798//439 4799//439
s 1254
f 4800//442 4801//443 4802//444
s 1255
f 4803//445 4804//445 4805//445
s 1256
f 4806//446 4807//385 4808//387
s 1257
f 4809//197 4810//197 4811//197
s 1258
f 4812//447 4813//447 4814//447
s 1259
f 4815//331 4816//365 4817//365
s 1260
f 4818//448 4819//199 4820//199
s 1261
f 4821//370 4822//370 4823//449
s 1262
f 4824//376 4825//376 4826//376
s 1263
f 4827//450 4828//450 4829//450
s 1264
f 4830//66 4831//66 4832//66
s 1265
f 4833//451 4834//451 4835//451
s 1266
f 4836//332 4837//332 4838//332
s 1267
f 4839//201 4840//201 4841//201
s 1268
f 4842//332 4843//332 4844//384
s 1269
f 4845//206 4846//206 4847//206
s 1270
f 4848//65 4849//65 4850//65
s 1271
f 4851//452 4852//452 4853//452
s 1272
f 4854//453 4855//453 4856//453
s 1273
f 4857//454 4858//454 4859//454
s 1274
f 4860//210 4861//209 4862//210
s 1275
f 4863//455 4864//455 4865//455
s 1276
f 4866//456 4867//456 4868//456
s 1277
f 4869//212 4870//212 4871//212
s 1278
f 4872//215 4873//215 4874//215
s 1279
f 4875//215 4876//215 4877//215
s 1280
f 4878//457 4879//457 4880//458
s 1281
f 4881//459 4882//460 4883//461
s 1282
f 4884//218 4885//218 4886//218
s 1283
f 4887//217 4888//217 4889//217
s 1284
f 4890//462 4891//462 4892//462
s 1285
f 4893//463 4894//463 4895//463
s 1286
f 4896//175 4897//175 4898//175
s 1287
f 4899//464 4900//464 4901//464
s 1288
f 4902//465 4903//465 4904//465
s 1289
f 4905//466 4906//466 4907//466
s 1290
f 4908//427 4909//427 4910//427
s 1291
f 4911//427 4912//427 4913//427
s 1292
f 4914//467 4915//467 4916//467
s 1293
f 4917//468 4918//468 4919//468
s 1294
f 4920//180 4921//180 4922//180
f 4921//180 4923//180 4922//180
s 1295
f 4924//469 4925//469 4926//469
s 1296
f 4927//470 4928//470 4929//471
s 1297
f 4930//472 4931//472 4932//472
s 1298
f 4933//435 4934//435 4935//435
s 1299
f 4936//473 4937//473 4938//473
s 1300
f 4939//188 4940//189 4941//189
s 1301
f 4942//190 4943//192 4944//190
s 1302
f 4945//474 4946//474 4947//474
s 1303
f 4948//475 4949//476 4950//475
s 1304
f 4951//477 4952//477 4953//477
s 1305
f 4954//478 4955//478 4956//478
s 1306
f 4957//479 4958//479 4959//479
s 1307
f 4960//480 4961//480 4962//480
s 1308
f 4963//481 4964//481 4965//481
s 1309
f 4966//201 4967//201 4968//201
f 4967//201 4969//201 4968//201
s 1310
f 4970//452 4971//452 4972//452
s 1311
f 4973//482 4974//482 4975//483
s 1312
f 4976//208 4977//208 4978//208
s 1313
f 4979//208 4980//208 4981//207
s 1314
f 4982//210 4983//209 4984//210
s 1315
f 4985//484 4986//485 4987//210
s 1316
f 4988//486 4989//212 4990//213
s 1317
f 4991//213 4992//213 4993//213
s 1318
f 4994//215 4995//215 4996//215
s 1319
f 4997//215 4998//215 4999//215
s 1320
f 5000//487 5001//487 5002//487
s 1321
f 5003//457 5004//458 5005//457
s 1322
f 5006//218 5007//218 5008//219
s 1323
f 5009//488 5010//488 5011//488
s 1324
f 5012//489 5013//489 5014//489
s 1325
f 5015//490 5016//490 5017//490
s 1326
f 5018//491 5019//492 5020//491
s 1327
f 5021//491 5022//491 5023//491
s 1328
f 5024//62 5025//62 5026//62
s 1329
f 5027//62 5028//62 5029//62
s 1330
f 5030//62 5031//62 5032//62
s 1331
f 5033//62 5034//62 5035//62
s 1332
f 5036//493 5037//494 5038//493
s 1333
f 5039//283 5040//283 5041//283
s 1334
f 5042//301 5043//62 5044//62
s 1335
f 5045//495 5046//495 5047//495
s 1336
f 5048//496 5049//496 5050//496
s 1337
f 5051//497 5052//498 5053//499
s 1338
f 5054//500 5055//501 5056//500
s 1339
f 5057//500 5058//500 5059//500
s 1340
f 5060//62 5061//62 5062//62
s 1341
f 5063//502 5064//62 5065//502
f 5064//62 5066//503 5065//502
s 1342
f 5067//62 5068//62 5069//62
s 1343
f 5070//502 5071//502 5072//502
s 1344
f 5073//62 5074//62 5075//62
s 1345
f 5076//504 5077//62 5078//503
f 5077//62 5079//492 5078//503
s 1346
f 5080//62 5081//62 5082//62
s 1347
f 5083//504 5084//505 5085//504
s 1348
f 5086//62 5087//62 5088//62
s 1349
f 5089//62 5090//62 5091//62
s 1350
f 5092//506 5093//506 5094//492
s 1351
f 5095//502 5096//502 5097//502
s 1352
f 5098//62 5099//62 5100//62
s 1353
f 5101//507 5102//325 5103//325
s 1354
f 5104//502 5105//502 5106//502
s 1355
f 5107//508 5108//508 5109//508
s 1356
f 5110//490 5111//509 5112//509
s 1357
f 5113//62 5114//62 5115//62
s 1358
f 5116//503 5117//503 5118//503
s 1359
f 5119//491 5120//503 5121//503
s 1360
f 5122//62 5123//62 5124//62
f 5124//62 5123//62 5125//503
s 1361
f 5126//510 5127//511 5128//511
s 1362
f 5129//512 5130//512 5131//512
s 1363
f 5132//512 5133//513 5134//512
s 1364
f 5135//64 5136//61 5137//280
s 1365
f 5138//514 5139//514 5140//514
s 1366
f 5141//515 5142//516 5143//517
s 1367
f 5144//518 5145//519 5146//520
s 1368
f 5147//62 5148//62 5149//62
s 1369
f 5150//498 5151//497 5152//324
s 1370
f 5153//62 5154//62 5155//62
s 1371
f 5156//521 5157//522 5158//523
s 1372
f 5159//62 5160//62 5161//62
s 1373
f 5162//493 5163//493 5164//494
s 1374
f 5165//62 5166//62 5167//64
s 1375
f 5168//283 5169//283 5170//283
s 1376
f 5171//502 5172//502 5173//502
s 1377
f 5174//502 5175//502 5176//502
s 1378
f 5177//62 5178//62 5179//62
s 1379
f 5180//62 5181//62 5182//62
s 1380
f 5183//326 5184//324 5185//326
s 1381
f 5186//502 5187//502 5188//502
s 1382
f 5189//524 5190//62 5191//62
f 5190//62 5192//491 5191//62
s 1383
f 5193//525 5194//526 5195//526
s 1384
f 5196//527 5197//527 5198//527
s 1385
f 5199//512 5200//512 5201//495
s 1386
f 5202//528 5203//528 5204//528
s 1387
f 5205//62 5206//62 5207//62
s 1388
f 5208//529 5209//530 5210//529
s 1389
f 5211//60 5212//60 5213//60
s 1390
f 5214//60 5215//60 5216//60
s 1391
f 5217//62 5218//62 5219//62
s 1392
f 5220//283 5221//283 5222//283
s 1393
f 5223//531 5224//513 5225//513
s 1394
f 5226//495 5227//495 5228//495
s 1395
f 5229//508 5230//508 5231//526
s 1396
f 5232//508 5233//508 5234//508
s 1397
f 5235//502 5236//502 5237//502
s 1398
f 5238//62 5239//62 5240//62
f 5239//62 5241//62 5240//62
f 5241//62 5242//532 5240//62
s 1399
f 5243//372 5244//372 5245//372
s 1400
f 5246//60 5247//60 5248//60
s 1401
f 5249//496 5250//496 5251//496
s 1402
f 5252//533 5253//533 5254//533
s 1403
f 5255//534 5256//535 5257//534
s 1404
f 5258//73 5259//73 5260//536
s 1405
f 5261//504 5262//504 5263//504
s 1406
f 5264//71 5265//71 5266//71
s 1407
f 5267//169 5268//169 5269//169
s 1408
f 5270//503 5271//503 5272//503
s 1409
f 5273//167 5274//167 5275//167
s 1410
f 5276//506 5277//506 5278//506
s 1411
f 5279//167 5280//167 5281//167
s 1412
f 5282//62 5283//62 5284//62
s 1413
f 5285//537 5286//537 5287//537
s 1414
f 5288//62 5289//62 5290//62
s 1415
f 5291//538 5292//538 5293//538
s 1416
f 5294//62 5295//62 5296//62
s 1417
f 5297//160 5298//160 5299//160
s 1418
f 5300//539 5301//539 5302//540
s 1419
f 5303//502 5304//502 5305//502
s 1420
f 5306//541 5307//541 5308//541
s 1421
f 5309//542 5310//543 5311//543
s 1422
f 5312//498 5313//498 5314//292
s 1423
f 5315//544 5316//496 5317//326
s 1424
f 5318//495 5319//321 5320//495
s 1425
f 5321//495 5322//512 5323//495
s 1426
f 5324//525 5325//525 5326//508
s 1427
f 5327//506 5328//506 5329//506
s 1428
f 5330//62 5331//62 5332//62
s 1429
f 5333//160 5334//160 5335//160
s 1430
f 5336//321 5337//321 5338//321
s 1431
f 5339//62 5340//62 5341//62
s 1432
f 5342//545 5343//545 5344//545
s 1433
f 5345//62 5346//62 5347//62
s 1434
f 5348//324 5349//324 5350//324
s 1435
f 5351//62 5352//62 5353//62
s 1436
f 5354//546 5355//546 5356//546
s 1437
f 5357//321 5358//321 5359//321
s 1438
f 5360//62 5361//62 5362//62
s 1439
f 5363//500 5364//321 5365//500
s 1440
f 5366//62 5367//62 5368//62
s 1441
f 5369//547 5370//548 5371//547
s 1442
f 5372//62 5373//62 5374//491
f 5374//491 5373//62 5375//491
s 1443
f 5376//547 5377//547 5378//547
s 1444
f 5379//525 5380//525 5381//525
s 1445
f 5382//549 5383//549 5384//549
s 1446
f 5385//502 5386//502 5387//502
s 1447
f 5388//154 5389//154 5390//154
s 1448
f 5391//62 5392//62 5393//62
s 1449
f 5394//153 5395//153 5396//153
s 1450
f 5397//153 5398//153 5399//153
s 1451
f 5400//550 5401//550 5402//550
s 1452
f 5403//551 5404//551 5405//551
s 1453
f 5406//552 5407//552 5408//552
s 1454
f 5409//552 5410//552 5411//552
s 1455
f 5412//149 5413//148 5414//149
s 1456
f 5415//148 5416//148 5417//149
s 1457
f 5418//553 5419//553 5420//553
s 1458
f 5421//146 5422//146 5423//146
s 1459
f 5424//62 5425//62 5426//62
s 1460
f 5427//508 5428//508 5429//508
s 1461
f 5430//512 5431//512 5432//512
s 1462
f 5433//490 5434//490 5435//490
s 1463
f 5436//144 5437//144 5438//554
f 5438//554 5437//144 5439//555
s 1464
f 5440//62 5441//62 5442//62
s 1465
f 5443//138 5444//138 5445//138
s 1466
f 5446//512 5447//502 5448//512
s 1467
f 5449//526 5450//526 5451//526
s 1468
f 5452//502 5453//502 5454//502
s 1469
f 5455//138 5456//138 5457//138
s 1470
f 5458//62 5459//62 5460//62
s 1471
f 5461//136 5462//556 5463//556
s 1472
f 5464//62 5465//62 5466//280
s 1473
f 5467//503 5468//503 5469//503
s 1474
f 5470//503 5471//503 5472//503
s 1475
f 5473//557 5474//557 5475//557
s 1476
f 5476//558 5477//558 5478//558
s 1477
f 5479//502 5480//502 5481//495
s 1478
f 5482//390 5483//390 5484//558
s 1479
f 5485//62 5486//62 5487//62
s 1480
f 5488//388 5489//388 5490//388
s 1481
f 5491//388 5492//388 5493//388
s 1482
f 5494//559 5495//560 5496//559
s 1483
f 5497//561 5498//562 5499//561
s 1484
f 5500//563 5501//564 5502//563
s 1485
f 5503//565 5504//565 5505//566
s 1486
f 5506//567 5507//567 5508//567
s 1487
f 5509//568 5510//568 5511//569
s 1488
f 5512//570 5513//571 5514//572
s 1489
f 5515//123 5516//123 5517//123
s 1490
f 5518//573 5519//573 5520//574
s 1491
f 5521//573 5522//574 5523//574
s 1492
f 5524//575 5525//575 5526//575
s 1493
f 5527//115 5528//114 5529//114
s 1494
f 5530//67 5531//67 5532//67
s 1495
f 5533//576 5534//576 5535//576
s 1496
f 5536//577 5537//577 5538//577
s 1497
f 5539//33 5540//33 5541//33
s 1498
f 5542//578 5543//578 5544//544
s 1499
f 5545//579 5546//579 5547//579
s 1500
f 5548//63 5549//64 5550//63
s 1501
f 5551//580 5552//580 5553//581
s 1502
f 5554//513 5555//495 5556//513
s 1503
f 5557//360 5558//360 5559//360
s 1504
f 5560//582 5561//583 5562//583
s 1505
f 5563//584 5564//584 5565//584
s 1506
f 5566//62 5567//62 5568//62
s 1507
f 5569//359 5570//99 5571//359
s 1508
f 5572//585 5573//586 5574//587
s 1509
f 5575//359 5576//359 5577//359
s 1510
f 5578//62 5579//62 5580//62
s 1511
f 5581//506 5582//506 5583//506
s 1512
f 5584//588 5585//92 5586//97
f 5586//97 5585//92 5587//96
s 1513
f 5588//62 5589//62 5590//62
s 1514
f 5591//589 5592//589 5593//589
s 1515
f 5594//495 5595//495 5596//495
s 1516
f 5597//508 5598//503 5599//503
s 1517
f 5600//62 5601//301 5602//62
s 1518
f 5603//89 5604//89 5605//89
s 1519
f 5606//508 5607//503 5608//503
s 1520
f 5609//85 5610//85 5611//85
s 1521
f 5612//506 5613//506 5614//506
s 1522
f 5615//506 5616//506 5617//506
s 1523
f 5618//491 5619//503 5620//503
s 1524
f 5621//590 5622//590 5623//88
s 1525
f 5624//62 5625//62 5626//62
s 1526
f 5627//591 5628//591 5629//591
s 1527
f 5630//540 5631//540 5632//490
s 1528
f 5633//502 5634//502 5635//502
s 1529
f 5636//502 5637//502 5638//502
s 1530
f 5639//83 5640//83 5641//83
s 1531
f 5642//80 5643//80 5644//80
s 1532
f 5645//350 5646//350 5647//592
s 1533
f 5648//593 5649//593 5650//593
s 1534
f 5651//594 5652//594 5653//594
s 1535
f 5654//343 5655//343 5656//595
s 1536
f 5657//596 5658//596 5659//596
s 1537
f 5660//176 5661//176 5662//176
s 1538
f 5663//464 5664//464 5665//464
s 1539
f 5666//597 5667//489 5668//489
s 1540
f 5669//489 5670//489 5671//489
s 1541
f 5672//488 5673//488 5674//598
s 1542
f 5675//599 5676//218 5677//219
s 1543
f 5678//458 5679//487 5680//458
s 1544
f 5681//600 5682//601 5683//600
s 1545
f 5684//215 5685//215 5686//215
s 1546
f 5687//215 5688//215 5689//215
s 1547
f 5690//211 5691//211 5692//212
s 1548
f 5693//602 5694//603 5695//603
s 1549
f 5696//455 5697//455 5698//455
s 1550
f 5699//604 5700//605 5701//606
s 1551
f 5702//607 5703//608 5704//609
s 1552
f 5705//208 5706//208 5707//208
s 1553
f 5708//483 5709//483 5710//483
s 1554
f 5711//206 5712//206 5713//206
s 1555
f 5714//451 5715//451 5716//451
s 1556
f 5717//610 5718//611 5719//611
s 1557
f 5720//450 5721//450 5722//450
s 1558
f 5723//480 5724//612 5725//613
s 1559
f 5726//614 5727//614 5728//615
f 5728//615 5727//614 5729//615
s 1560
f 5730//445 5731//616 5732//476
f 5732//476 5731//616 5733//475
s 1561
f 5734//617 5735//617 5736//618
s 1562
f 5737//439 5738//617 5739//441
s 1563
f 5740//189 5741//189 5742//189
s 1564
f 5743//473 5744//473 5745//473
s 1565
f 5746//619 5747//619 5748//619
s 1566
f 5749//620 5750//620 5751//620
s 1567
f 5752//621 5753//471 5754//471
s 1568
f 5755//622 5756//622 5757//622
s 1569
f 5758//623 5759//624 5760//623
s 1570
f 5761//625 5762//624 5763//626
s 1571
f 5764//178 5765//178 5766//178
s 1572
f 5767//627 5768//627 5769//628
s 1573
f 5770//427 5771//427 5772//427
s 1574
f 5773//629 5774//630 5775//630
s 1575
f 5776//631 5777//632 5778//631
s 1576
f 5779//633 5780//634 5781//633
s 1577
f 5782//635 5783//635 5784//635
s 1578
f 5785//636 5786//636 5787//637
s 1579
f 5788//638 5789//639 5790//639
s 1580
f 5791//640 5792//641 5793//640
s 1581
f 5794//642 5795//642 5796//642
s 1582
f 5797//266 5798//266 5799//266
s 1583
f 5800//643 5801//643 5802//643
s 1584
f 5803//643 5804//643 5805//643
s 1585
f 5806//261 5807//261 5808//261
s 1586
f 5809//261 5810//261 5811//261
s 1587
f 5812//260 5813//260 5814//260
s 1588
f 5815//260 5816//260 5817//260
s 1589
f 5818//644 5819//644 5820//644
s 1590
f 5821//644 5822//644 5823//645
s 1591
f 5824//646 5825//646 5826//646
s 1592
f 5827//646 5828//646 5829//646
s 1593
f 5830//647 5831//647 5832//647
s 1594
f 5833//648 5834//648 5835//648
s 1595
f 5836//649 5837//649 5838//649
s 1596
f 5839//650 5840//651 5841//651
s 1597
f 5842//652 5843//652 5844//652
s 1598
f 5845//653 5846//653 5847//653
s 1599
f 5848//654 5849//654 5850//654
s 1600
f 5851//655 5852//655 5853//655
s 1601
f 5854//656 5855//241 5856//656
s 1602
f 5857//656 5858//657 5859//657
s 1603
f 5860//658 5861//658 5862//658
s 1604
f 5863//659 5864//659 5865//659
s 1605
f 5866//660 5867//660 5868//660
s 1606
f 5869//660 5870//660 5871//235
s 1607
f 5872//234 5873//234 5874//234
s 1608
f 5875//234 5876//234 5877//234
s 1609
f 5878//661 5879//661 5880//661
s 1610
f 5881//232 5882//232 5883//232
s 1611
f 5884//662 5885//662 5886//662
s 1612
f 5887//663 5888//663 5889//664
s 1613
f 5890//665 5891//665 5892//665
s 1614
f 5893//60 5894//60 5895//60
s 1615
f 5896//60 5897//60 5898//60
s 1616
f 5899//666 5900//667 5901//342
s 1617
f 5902//668 5903//668 5904//668
s 1618
f 5905//60 5906//60 5907//60
s 1619
f 5908//66 5909//66 5910//66
s 1620
f 5911//354 5912//354 5913//354
s 1621
f 5914//669 5915//670 5916//671
s 1622
f 5917//384 5918//346 5919//410
s 1623
f 5920//60 5921//60 5922//60
s 1624
f 5923//381 5924//381 5925//381
s 1625
f 5926//365 5927//365 5928//365
s 1626
f 5929//672 5930//673 5931//674
s 1627
f 5932//60 5933//60 5934//60
s 1628
f 5935//353 5936//405 5937//353
s 1629
f 5938//675 5939//676 5940//677
s 1630
f 5941//332 5942//332 5943//332
s 1631
f 5944//678 5945//423 5946//423
s 1632
f 5947//60 5948//66 5949//60
s 1633
f 5950//333 5951//333 5952//333
s 1634
f 5953//66 5954//60 5955//60
s 1635
f 5956//382 5957//382 5958//382
s 1636
f 5959//679 5960//680 5961//681
s 1637
f 5962//348 5963//348 5964//348
s 1638
f 5965//333 5966//333 5967//333
s 1639
f 5968//332 5969//338 5970//332
s 1640
f 5971//332 5972//332 5973//332
s 1641
f 5974//60 5975//60 5976//60
s 1642
f 5977//682 5978//415 5979//683
s 1643
f 5980//684 5981//333 5982//684
s 1644
f 5983//370 5984//370 5985//370
s 1645
f 5986//60 5987//60 5988//60
s 1646
f 5989//332 5990//332 5991//332
s 1647
f 5992//370 5993//370 5994//370
s 1648
f 5995//60 5996//60 5997//60
s 1649
f 5998//60 5999//60 6000//60
s 1650
f 6001//332 6002//333 6003//684
s 1651
f 6004//365 6005//365 6006//365
s 1652
f 6007//348 6008//348 6009//348
s 1653
f 6010//404 6011//685 6012//404
s 1654
f 6013//686 6014//686 6015//686
s 1655
f 6016//331 6017//331 6018//367
s 1656
f 6019//684 6020//337 6021//333
s 1657
f 6022//687 6023//688 6024//689
s 1658
f 6025//60 6026//60 6027//690
s 1659
f 6028//691 6029//691 6030//691
s 1660
f 6031//60 6032//60 6033//60
s 1661
f 6034//332 6035//332 6036//332
s 1662
f 6037//60 6038//60 6039//65
s 1663
f 6040//692 6041//688 6042//693
s 1664
f 6043//333 6044//685 6045//333
s 1665
f 6046//331 6047//331 6048//331
s 1666
f 6049//60 6050//60 6051//60
s 1667
f 6052//405 6053//405 6054//405
s 1668
f 6055//385 6056//694 6057//381
s 1669
f 6058//333 6059//333 6060//333
s 1670
f 6061//695 6062//695 6063//695
s 1671
f 6064//362 6065//132 6066//696
s 1672
f 6067//60 6068//60 6069//60
s 1673
f 6070//60 6071//60 6072//60
s 1674
f 6073//65 6074//65 6075//65
s 1675
f 6076//60 6077//60 6078//60
s 1676
f 6079//332 6080//332 6081//332
s 1677
f 6082//365 6083//365 6084//365
s 1678
f 6085//682 6086//416 6087//416
s 1679
f 6088//697 6089//698 6090//699
s 1680
f 6091//331 6092//331 6093//331
s 1681
f 6094//332 6095//332 6096//700
s 1682
f 6097//365 6098//365 6099//365
s 1683
f 6100//331 6101//331 6102//331
s 1684
f 6103//372 6104//389 6105//372
s 1685
f 6106//372 6107//372 6108//372
s 1686
f 6109//370 6110//370 6111//370
s 1687
f 6112//331 6113//331 6114//370
s 1688
f 6115//332 6116//701 6117//333
s 1689
f 6118//60 6119//60 6120//60
s 1690
f 6121//68 6122//68 6123//109
s 1691
f 6124//60 6125//60 6126//60
s 1692
f 6127//62 6128//62 6129//62
s 1693
f 6130//328 6131//328 6132//328
s 1694
f 6133//283 6134//283 6135//283
s 1695
f 6136//74 6137//75 6138//75
s 1696
f 6139//283 6140//283 6141//283
s 1697
f 6142//702 6143//702 6144//702
s 1698
f 6145//292 6146//293 6147//293
s 1699
f 6148//536 6149//328 6150//328
s 1700
f 6151//62 6152//62 6153//62
s 1701
f 6154//169 6155//169 6156//169
s 1702
f 6157//703 6158//704 6159//703
s 1703
f 6160//705 6161//280 6162//280
s 1704
f 6163//275 6164//275 6165//706
s 1705
f 6166//71 6167//71 6168//71
s 1706
f 6169//273 6170//281 6171//281
s 1707
f 6172//167 6173//167 6174//167
s 1708
f 6175//62 6176//62 6177//62
s 1709
f 6178//707 6179//707 6180//707
s 1710
f 6181//62 6182//62 6183//62
s 1711
f 6184//166 6185//166 6186//166
s 1712
f 6187//273 6188//291 6189//273
s 1713
f 6190//419 6191//708 6192//420
s 1714
f 6193//62 6194//62 6195//62
s 1715
f 6196//160 6197//160 6198//709
s 1716
f 6199//275 6200//275 6201//275
s 1717
f 6202//62 6203//64 6204//64
s 1718
f 6205//62 6206//62 6207//62
s 1719
f 6208//710 6209//710 6210//710
s 1720
f 6211//711 6212//711 6213//711
s 1721
f 6214//160 6215//160 6216//160
s 1722
f 6217//712 6218//712 6219//712
s 1723
f 6220//713 6221//712 6222//712
s 1724
f 6223//289 6224//289 6225//289
s 1725
f 6226//714 6227//714 6228//714
s 1726
f 6229//275 6230//275 6231//275
s 1727
f 6232//320 6233//715 6234//716
s 1728
f 6235//717 6236//287 6237//718
s 1729
f 6238//719 6239//719 6240//719
s 1730
f 6241//62 6242//62 6243//62
s 1731
f 6244//705 6245//705 6246//705
s 1732
f 6247//282 6248//273 6249//282
s 1733
f 6250//720 6251//720 6252//720
s 1734
f 6253//282 6254//273 6255//282
s 1735
f 6256//282 6257//282 6258//282
s 1736
f 6259//716 6260//721 6261//722
s 1737
f 6262//154 6263//154 6264//154
f 6263//154 6265//154 6264//154
s 1738
f 6266//309 6267//723 6268//309
s 1739
f 6269//283 6270//283 6271//62
s 1740
f 6272//283 6273//62 6274//283
s 1741
f 6275//724 6276//724 6277//153
f 6276//724 6278//153 6277//153
s 1742
f 6279//62 6280//62 6281//62
s 1743
f 6282//725 6283//725 6284//725
s 1744
f 6285//726 6286//727 6287//728
s 1745
f 6288//291 6289//291 6290//291
s 1746
f 6291//297 6292//297 6293//297
s 1747
f 6294//62 6295//62 6296//62
s 1748
f 6297//402 6298//402 6299//403
s 1749
f 6300//62 6301//62 6302//62
s 1750
f 6303//276 6304//276 6305//276
s 1751
f 6306//729 6307//150 6308//401
f 6308//401 6307//150 6309//150
s 1752
f 6310//62 6311//62 6312//62
s 1753
f 6313//148 6314//148 6315//148
s 1754
f 6316//62 6317//62 6318//62
s 1755
f 6319//149 6320//149 6321//149
s 1756
f 6322//284 6323//284 6324//297
s 1757
f 6325//146 6326//146 6327//146
s 1758
f 6328//62 6329//62 6330//62
s 1759
f 6331//399 6332//399 6333//399
s 1760
f 6334//282 6335//282 6336//282
s 1761
f 6337//145 6338//145 6339//145
s 1762
f 6340//730 6341//730 6342//731
s 1763
f 6343//141 6344//141 6345//732
s 1764
f 6346//702 6347//702 6348//702
s 1765
f 6349//397 6350//397 6351//397
s 1766
f 6352//398 6353//398 6354//398
s 1767
f 6355//557 6356//733 6357//557
s 1768
f 6358//392 6359//393 6360//394
s 1769
f 6361//133 6362//133 6363//133
s 1770
f 6364//734 6365//734 6366//734
s 1771
f 6367//388 6368//131 6369//388
s 1772
f 6370//388 6371//388 6372//388
s 1773
f 6373//735 6374//736 6375//735
s 1774
f 6376//126 6377//126 6378//126
s 1775
f 6379//62 6380//62 6381//62
s 1776
f 6382//706 6383//706 6384//706
s 1777
f 6385//273 6386//273 6387//273
s 1778
f 6388//737 6389//738 6390//499
s 1779
f 6391//739 6392//124 6393//124
f 6393//124 6392//124 6394//740
s 1780
f 6395//730 6396//293 6397//293
s 1781
f 6398//123 6399//123 6400//123
s 1782
f 6401//289 6402//289 6403//289
s 1783
f 6404//123 6405//123 6406//123
s 1784
f 6407//298 6408//298 6409//298
s 1785
f 6410//117 6411//117 6412//117
s 1786
f 6413//290 6414//282 6415//273
s 1787
f 6416//120 6417//120 6418//119
s 1788
f 6419//741 6420//281 6421//741
s 1789
f 6422//742 6423//742 6424//114
s 1790
f 6425//62 6426//62 6427//62
s 1791
f 6428//377 6429//375 6430//375
s 1792
f 6431//743 6432//744 6433//744
s 1793
f 6434//33 6435//33 6436//33
s 1794
f 6437//274 6438//274 6439//274
s 1795
f 6440//289 6441//289 6442//289
s 1796
f 6443//745 6444//745 6445//745
s 1797
f 6446//746 6447//106 6448//747
f 6448//747 6447//106 6449//105
s 1798
f 6450//33 6451//33 6452//33
s 1799
f 6453//292 6454//731 6455//292
s 1800
f 6456//748 6457//368 6458//748
s 1801
f 6459//749 6460//749 6461//749
s 1802
f 6462//62 6463//62 6464//62
s 1803
f 6465//750 6466//750 6467//750
s 1804
f 6468//289 6469//289 6470//289
s 1805
f 6471//751 6472//752 6473//273
s 1806
f 6474//753 6475//753 6476//361
s 1807
f 6477//62 6478//62 6479//62
s 1808
f 6480//359 6481//99 6482//99
s 1809
f 6483//62 6484//283 6485//283
s 1810
f 6486//754 6487//754 6488//755
s 1811
f 6489//62 6490//62 6491//62
s 1812
f 6492//96 6493//96 6494//96
s 1813
f 6495//282 6496//282 6497//282
s 1814
f 6498//96 6499//96 6500//96
s 1815
f 6501//756 6502//757 6503//756
s 1816
f 6504//589 6505//589 6506//589
s 1817
f 6507//275 6508//275 6509//275
s 1818
f 6510//89 6511//89 6512//89
s 1819
f 6513//85 6514//85 6515//88
s 1820
f 6516//85 6517//85 6518//88
s 1821
f 6519//352 6520//352 6521//758
s 1822
f 6522//352 6523//352 6524//352
s 1823
f 6525//350 6526//350 6527//350
s 1824
f 6528//80 6529//80 6530//80
s 1825
f 6531//62 6532//62 6533//62
s 1826
f 6534//291 6535//291 6536//291
s 1827
f 6537//345 6538//345 6539//759
f 6539//759 6538//345 6540//345
s 1828
f 6541//62 6542//62 6543//64
s 1829
f 6544//760 6545//760 6546//760
s 1830
f 6547//291 6548//274 6549//274
s 1831
f 6550//335 6551//343 6552//335
s 1832
f 6553//176 6554//176 6555//176
s 1833
f 6556//761 6557//430 6558//761
s 1834
f 6559//176 6560//176 6561//176
s 1835
f 6562//175 6563//175 6564//175
s 1836
f 6565//428 6566//428 6567//175
s 1837
f 6568//489 6569//489 6570//489
s 1838
f 6571//489 6572//489 6573//489
s 1839
f 6574//762 6575//762 6576//762
s 1840
f 6577//218 6578//218 6579//218
s 1841
f 6580//600 6581//763 6582//457
f 6581//763 6583//457 6582//457
s 1842
f 6584//764 6585//764 6586//764
s 1843
f 6587//215 6588//215 6589//215
s 1844
f 6590//211 6591//211 6592//213
s 1845
f 6593//765 6594//765 6595//765
s 1846
f 6596//455 6597//455 6598//455
s 1847
f 6599//485 6600//485 6601//485
s 1848
f 6602//453 6603//453 6604//766
s 1849
f 6605//208 6606//208 6607//208
s 1850
f 6608//282 6609//282 6610//282
s 1851
f 6611//767 6612//768 6613//767
s 1852
f 6614//203 6615//203 6616//203
s 1853
f 6617//62 6618//62 6619//62
s 1854
f 6620//451 6621//451 6622//451
s 1855
f 6623//289 6624//289 6625//289
s 1856
f 6626//451 6627//451 6628//451
s 1857
f 6629//284 6630//284 6631//284
s 1858
f 6632//480 6633//480 6634//480
s 1859
f 6635//275 6636//289 6637//275
s 1860
f 6638//298 6639//298 6640//298
s 1861
f 6641//450 6642//450 6643//450
s 1862
f 6644//769 6645//769 6646//769
s 1863
f 6647//770 6648//771 6649//772
s 1864
f 6650//773 6651//773 6652//773
s 1865
f 6653//774 6654//445 6655//445
s 1866
f 6656//775 6657//443 6658//444
s 1867
f 6659//776 6660//617 6661//617
s 1868
f 6662//777 6663//777 6664//777
s 1869
f 6665//437 6666//778 6667//779
s 1870
f 6668//188 6669//188 6670//188
s 1871
f 6671//780 6672//780 6673//781
s 1872
f 6674//435 6675//435 6676//435
s 1873
f 6677//782 6678//782 6679//782
s 1874
f 6680//622 6681//622 6682//622
s 1875
f 6683//432 6684//432 6685//432
s 1876
f 6686//783 6687//784 6688//783
s 1877
f 6689//429 6690//429 6691//429
s 1878
f 6692//174 6693//174 6694//174
s 1879
f 6695//176 6696//176 6697//176
s 1880
f 6698//175 6699//175 6700//175
s 1881
f 6701//489 6702//489 6703//597
s 1882
f 6704//489 6705//489 6706//489
s 1883
f 6707//762 6708//762 6709//762
s 1884
f 6710//785 6711//785 6712//785
s 1885
f 6713//458 6714//786 6715//458
s 1886
f 6716//216 6717//216 6718//216
s 1887
f 6719//215 6720//215 6721//215
f 6720//215 6722//215 6721//215
s 1888
f 6723//602 6724//602 6725//602
s 1889
f 6726//787 6727//787 6728//787
s 1890
f 6729//788 6730//788 6731//788
s 1891
f 6732//789 6733//790 6734//790
s 1892
f 6735//791 6736//792 6737//791
s 1893
f 6738//208 6739//208 6740//208
s 1894
f 6741//205 6742//205 6743//205
s 1895
f 6744//206 6745//206 6746//206
s 1896
f 6747//451 6748//451 6749//451
s 1897
f 6750//451 6751//451 6752//451
s 1898
f 6753//199 6754//199 6755//199
s 1899
f 6756//793 6757//793 6758//200
s 1900
f 6759//614 6760//614 6761//614
s 1901
f 6762//478 6763//478 6764//478
s 1902
f 6765//794 6766//794 6767//794
s 1903
f 6768//476 6769//476 6770//476
s 1904
f 6771//795 6772//796 6773//797
s 1905
f 6774//798 6775//797 6776//797
s 1906
f 6777//188 6778//188 6779//188
s 1907
f 6780//188 6781//188 6782//188
s 1908
f 6783//799 6784//800 6785//800
s 1909
f 6786//472 6787//472 6788//472
s 1910
f 6789//470 6790//470 6791//470
s 1911
f 6792//801 6793//183 6794//801
s 1912
f 6795//180 6796//180 6797//180
s 1913
f 6798//180 6799//180 6800//180
s 1914
f 6801//802 6802//803 6803//802
s 1915
f 6804//178 6805//178 6806//804
s 1916
f 6807//176 6808//176 6809//176
s 1917
f 6810//805 6811//805 6812//805
s 1918
f 6813//806 6814//806 6815//806
s 1919
f 6816//68 6817//68 6818//68
s 1920
f 6819//60 6820//60 6821//60
s 1921
f 6822//60 6823//60 6824//60
s 1922
f 6825//65 6826//65 6827//65
s 1923
f 6828//101 6829//101 6830//101
s 1924
f 6831//68 6832//68 6833//68
s 1925
f 6834//60 6835//60 6836//60
s 1926
f 6837//807 6838//139 6839//139
s 1927
f 6840//81 6841//806 6842//81
s 1928
f 6843//101 6844//101 6845//101
s 1929
f 6846//139 6847//807 6848//807
s 1930
f 6849//82 6850//82 6851//808
s 1931
f 6852//65 6853//65 6854//65
s 1932
f 6855//90 6856//807 6857//807
s 1933
f 6858//91 6859//91 6860//91
s 1934
f 6861//91 6862//91 6863//91
s 1935
f 6864//60 6865//60 6866//60
s 1936
f 6867//100 6868//809 6869//810
s 1937
f 6870//76 6871//76 6872//76
s 1938
f 6873//60 6874//60 6875//60
s 1939
f 6876//101 6877//101 6878//101
s 1940
f 6879//109 6880//109 6881//109
s 1941
f 6882//76 6883//76 6884//76
s 1942
f 6885//60 6886//60 6887//60
s 1943
f 6888//68 6889//68 6890//68
s 1944
f 6891//101 6892//101 6893//101
s 1945
f 6894//90 6895//90 6896//90
s 1946
f 6897//811 6898//60 6899//60
s 1947
f 6900//140 6901//90 6902//109
s 1948
f 6903//76 6904//812 6905//812
s 1949
f 6906//90 6907//109 6908//109
s 1950
f 6909//60 6910//60 6911//60
s 1951
f 6912//806 6913//806 6914//806
s 1952
f 6915//101 6916//111 6917//101
s 1953
f 6918//60 6919//60 6920//60
s 1954
f 6921//81 6922//81 6923//101
s 1955
f 6924//68 6925//68 6926//68
s 1956
f 6927//808 6928//808 6929//808
s 1957
f 6930//137 6931//813 6932//60
s 1958
f 6933//65 6934//65 6935//65
s 1959
f 6936//91 6937//91 6938//91
s 1960
f 6939//68 6940//68 6941//68
s 1961
f 6942//60 6943//60 6944//60
s 1962
f 6945//100 6946//100 6947//100
s 1963
f 6948//109 6949//109 6950//814
s 1964
f 6951//806 6952//806 6953//806
s 1965
f 6954//109 6955//68 6956//68
s 1966
f 6957//81 6958//81 6959//81
s 1967
f 6960//109 6961//109 6962//109
s 1968
f 6963//815 6964//815 6965//815
s 1969
f 6966//60 6967//60 6968//60
s 1970
f 6969//60 6970//60 6971//60
s 1971
f 6972//109 6973//109 6974//109
s 1972
f 6975//806 6976//806 6977//806
s 1973
f 6978//60 6979//60 6980//60
s 1974
f 6981//60 6982//60 6983//60
s 1975
f 6984//60 6985//60 6986//60
s 1976
f 6987//816 6988//816 6989//816
s 1977
f 6990//161 6991//677 6992//161
s 1978
f 6993//817 6994//161 6995//817
s 1979
f 6996//90 6997//140 6998//140
s 1980
f 6999//139 7000//818 7001//139
s 1981
f 7002//819 7003//819 7004//819
s 1982
f 7005//109 7006//109 7007//109
s 1983
f 7008//60 7009//60 7010//60
s 1984
f 7011//109 7012//109 7013//109
s 1985
f 7014//60 7015//60 7016//60
s 1986
f 7017//60 7018//60 7019//60
s 1987
f 7020//66 7021//132 7022//163
s 1988
f 7023//161 7024//161 7025//161
s 1989
f 7026//820 7027//821 7028//822
s 1990
f 7029//814 7030//814 7031//814
s 1991
f 7032//60 7033//60 7034//60
s 1992
f 7035//111 7036//111 7037//111
s 1993
f 7038//823 7039//66 7040//66
s 1994
f 7041//108 7042//108 7043//108
s 1995
f 7044//60 7045//60 7046//60
s 1996
f 7047//143 7048//143 7049//143
s 1997
f 7050//1 7051//1 7052//1
s 1998
f 7053//60 7054//60 7055//60
s 1999
f 7056//31 7057//31 7058//31
s 2000
f 7059//31 7060//31 7061//31
s 2001
f 7062//60 7063//60 7064//60
s 2002
f 7065//31 7066//31 7067//31
s 2003
f 7068//381 7069//381 7070//381
s 2004
f 7071//60 7072//60 7073//60
s 2005
f 7074//824 7075//824 7076//825
s 2006
f 7077//346 7078//826 7079//346
s 2007
f 7080//1 7081//1 7082//1
s 2008
f 7083//33 7084//33 7085//33
s 2009
f 7086//827 7087//827 7088//827
s 2010
f 7089//1 7090//1 7091//1
s 2011
f 7092//62 7093//62 7094//62
s 2012
f 7095//62 7096//62 7097//62
s 2013
f 7098//67 7099//67 7100//67
s 2014
f 7101//31 7102//31 7103//31
s 2015
f 7104//31 7105//31 7106//31
s 2016
f 7107//828 7108//829 7109//830
s 2017
f 7110//31 7111//31 7112//31
s 2018
f 7113//35 7114//35 7115//35
s 2019
f 7116//32 7117//32 7118//32
s 2020
f 7119//31 7120//31 7121//31
s 2021
f 7122//1 7123//1 7124//1
s 2022
f 7125//62 7126//62 7127//62
s 2023
f 7128//31 7129//31 7130//31
s 2024
f 7131//31 7132//31 7133//31
s 2025
f 7134//2 7135//2 7136//4
s 2026
f 7137//831 7138//831 7139//831
s 2027
f 7140//1 7141//1 7142//1
s 2028
f 7143//832 7144//505 7145//832
s 2029
f 7146//60 7147//60 7148//833
s 2030
f 7149//834 7150//835 7151//836
s 2031
f 7152//370 7153//367 7154//367
s 2032
f 7155//331 7156//331 7157//331
s 2033
f 7158//837 7159//837 7160//837
s 2034
f 7161//1 7162//1 7163//1
s 2035
f 7164//381 7165//838 7166//365
s 2036
f 7167//333 7168//410 7169//333
s 2037
f 7170//60 7171//60 7172//60
s 2038
f 7173//31 7174//31 7175//31
f 7174//31 7176//31 7175//31
s 2039
f 7177//31 7178//31 7179//31
s 2040
f 7180//60 7181//60 7182//60
s 2041
f 7183//31 7184//31 7185//31
s 2042
f 7186//31 7187//31 7188//31
s 2043
f 7189//31 7190//31 7191//31
s 2044
f 7192//31 7193//31 7194//31
s 2045
f 7195//31 7196//31 7197//31
s 2046
f 7198//60 7199//60 7200//60
s 2047
f 7201//31 7202//31 7203//31
s 2048
f 7204//24 7205//24 7206//24
s 2049
f 7207//31 7208//31 7209//31
s 2050
f 7210//24 7211//24 7212//24
s 2051
f 7213//24 7214//24 7215//24
s 2052
f 7216//839 7217//840 7218//841
s 2053
f 7219//32 7220//32 7221//32
s 2054
f 7222//31 7223//31 7224//31
s 2055
f 7225//32 7226//32 7227//32
s 2056
f 7228//35 7229//35 7230//35
s 2057
f 7231//24 7232//24 7233//24
s 2058
f 7234//842 7235//842 7236//842
s 2059
f 7237//843 7238//843 7239//844
s 2060
f 7240//845 7241//845 7242//845
s 2061
f 7243//845 7244//845 7245//845
s 2062
f 7246//846 7247//847 7248//846
s 2063
f 7249//848 7250//848 7251//848
s 2064
f 7252//849 7253//849 7254//849
s 2065
f 7255//849 7256//849 7257//849
s 2066
f 7258//850 7259//850 7260//850
s 2067
f 7261//850 7262//850 7263//850
s 2068
f 7264//851 7265//852 7266//852
s 2069
f 7267//852 7268//852 7269//852
s 2070
f 7270//853 7271//853 7272//854
f 7272//854 7271//853 7273//854
s 2071
f 7274//855 7275//855 7276//855
s 2072
f 7277//855 7278//855 7279//856
s 2073
f 7280//857 7281//857 7282//857
s 2074
f 7283//857 7284//857 7285//857
s 2075
f 7286//858 7287//858 7288//858
s 2076
f 7289//858 7290//858 7291//859
s 2077
f 7292//860 7293//860 7294//860
f 7293//860 7295//860 7294//860
s 2078
f 7296//861 7297//861 7298//862
f 7297//861 7299//863 7298//862
s 2079
f 7300//407 7301//413 7302//407
s 2080
f 7303//864 7304//865 7305//865
s 2081
f 7306//60 7307//60 7308//60
s 2082
f 7309//60 7310//66 7311//60
s 2083
f 7312//866 7313//867 7314//866
s 2084
f 7315//868 7316//868 7317//868
s 2085
f 7318//60 7319//60 7320//60
s 2086
f 7321//869 7322//869 7323//869
s 2087
f 7324//870 7325//870 7326//870
s 2088
f 7327//65 7328//65 7329//65
s 2089
f 7330//871 7331//871 7332//871
s 2090
f 7333//872 7334//872 7335//873
s 2091
f 7336//175 7337//175 7338//175
s 2092
f 7339//874 7340//874 7341//874
s 2093
f 7342//60 7343//60 7344//60
s 2094
f 7345//875 7346//875 7347//875
s 2095
f 7348//60 7349//60 7350//60
s 2096
f 7351//60 7352//60 7353//60
s 2097
f 7354//342 7355//674 7356//673
s 2098
f 7357//372 7358//372 7359//372
s 2099
f 7360//31 7361//31 7362//31
s 2100
f 7363//876 7364//876 7365//876
s 2101
f 7366//877 7367//877 7368//877
s 2102
f 7369//31 7370//31 7371//31
s 2103
f 7372//24 7373//24 7374//24
s 2104
f 7375//24 7376//24 7377//24
s 2105
f 7378//877 7379//877 7380//877
s 2106
f 7381//31 7382//31 7383//31
s 2107
f 7384//38 7385//38 7386//39
s 2108
f 7387//878 7388//878 7389//878
s 2109
f 7390//879 7391//880 7392//879
s 2110
f 7393//24 7394//24 7395//24
s 2111
f 7396//24 7397//24 7398//24
s 2112
f 7399//881 7400//881 7401//882
s 2113
f 7402//883 7403//883 7404//883
s 2114
f 7405//370 7406//370 7407//370
s 2115
f 7408//884 7409//885 7410//885
s 2116
f 7411//33 7412//33 7413//33
s 2117
f 7414//67 7415//67 7416//67
s 2118
f 7417//24 7418//24 7419//24
s 2119
f 7420//866 7421//866 7422//866
s 2120
f 7423//886 7424//887 7425//886
s 2121
f 7426//31 7427//31 7428//31
s 2122
f 7429//686 7430//686 7431//686
s 2123
f 7432//888 7433//889 7434//888
s 2124
f 7435//404 7436//404 7437//404
s 2125
f 7438//31 7439//31 7440//31
s 2126
f 7441//60 7442//60 7443//60
s 2127
f 7444//890 7445//890 7446//890
s 2128
f 7447//60 7448//60 7449//60
s 2129
f 7450//891 7451//891 7452//891
s 2130
f 7453//892 7454//892 7455//892
s 2131
f 7456//60 7457//60 7458//60
s 2132
f 7459//60 7460//60 7461//60
s 2133
f 7462//695 7463//695 7464//695
s 2134
f 7465//333 7466//337 7467//338
s 2135
f 7468//60 7469//60 7470//60
s 2136
f 7471//354 7472//354 7473//354
s 2137
f 7474//365 7475//893 7476//365
s 2138
f 7477//348 7478//354 7479//348
s 2139
f 7480//60 7481//60 7482//60
s 2140
f 7483//24 7484//24 7485//24
s 2141
f 7486//894 7487//895 7488//894
s 2142
f 7489//372 7490//684 7491//372
s 2143
f 7492//896 7493//896 7494//896
s 2144
f 7495//60 7496//60 7497//60
f 7496//60 7498//389 7497//60
s 2145
f 7499//31 7500//31 7501//31
s 2146
f 7502//31 7503//31 7504//31
s 2147
f 7505//896 7506//896 7507//896
s 2148
f 7508//897 7509//898 7510//898
s 2149
f 7511//899 7512//899 7513//900
s 2150
f 7514//901 7515//901 7516//901
s 2151
f 7517//902 7518//902 7519//902
s 2152
f 7520//434 7521//434 7522//434
s 2153
f 7523//434 7524//434 7525//434
s 2154
f 7526//903 7527//903 7528//903
s 2155
f 7529//434 7530//434 7531//434
s 2156
f 7532//904 7533//904 7534//904
s 2157
f 7535//905 7536//905 7537//905
s 2158
f 7538//906 7539//906 7540//906
s 2159
f 7541//906 7542//907 7543//906
s 2160
f 7544//908 7545//908 7546//908
s 2161
f 7547//909 7548//909 7549//909
s 2162
f 7550//60 7551//60 7552//60
s 2163
f 7553//910 7554//910 7555//910
s 2164
f 7556//911 7557//911 7558//911
s 2165
f 7559//389 7560//389 7561//389
s 2166
f 7562//912 7563//912 7564//912
s 2167
f 7565//332 7566//332 7567//332
s 2168
f 7568//376 7569//376 7570//376
s 2169
f 7571//912 7572//912 7573//912
s 2170
f 7574//60 7575//60 7576//60
s 2171
f 7577//60 7578//60 7579//60
s 2172
f 7580//60 7581//60 7582//60
s 2173
f 7583//913 7584//914 7585//914
f 7584//914 7586//914 7585//914
s 2174
f 7587//60 7588//60 7589//60
s 2175
f 7590//915 7591//915 7592//916
s 2176
f 7593//699 7594//690 7595//60
s 2177
f 7596//915 7597//916 7598//915
s 2178
f 7599//60 7600//60 7601//60
s 2179
f 7602//917 7603//917 7604//917
s 2180
f 7605//60 7606//137 7607//690
s 2181
f 7608//60 7609//60 7610//60
s 2182
f 7611//695 7612//695 7613//695
s 2183
f 7614//60 7615//60 7616//60
s 2184
f 7617//60 7618//60 7619//60
s 2185
f 7620//60 7621//60 7622//60
s 2186
f 7623//918 7624//918 7625//918
s 2187
f 7626//60 7627//60 7628//60
s 2188
f 7629//919 7630//919 7631//919
s 2189
f 7632//920 7633//920 7634//921
s 2190
f 7635//60 7636//60 7637//60
s 2191
f 7638//922 7639//922 7640//922
s 2192
f 7641//60 7642//60 7643//60
s 2193
f 7644//922 7645//922 7646//922
s 2194
f 7647//60 7648//60 7649//60
s 2195
f 7650//923 7651//923 7652//923
s 2196
f 7653//924 7654//924 7655//924
s 2197
f 7656//404 7657//404 7658//404
s 2198
f 7659//925 7660//925 7661//925
s 2199
f 7662//330 7663//331 7664//330
s 2200
f 7665//925 7666//925 7667//925
s 2201
f 7668//888 7669//889 7670//888
s 2202
f 7671//926 7672//926 7673//926
s 2203
f 7674//927 7675//928 7676//929
f 7675//928 7677//929 7676//929
s 2204
f 7678//930 7679//651 7680//931
f 7679//651 7681//931 7680//931
s 2205
f 7682//932 7683//932 7684//932
s 2206
f 7685//933 7686//933 7687//933
s 2207
f 7688//934 7689//934 7690//934
s 2208
f 7691//935 7692//935 7693//935
s 2209
f 7694//258 7695//258 7696//258
s 2210
f 7697//936 7698//937 7699//937
s 2211
f 7700//938 7701//938 7702//938
s 2212
f 7703//939 7704//939 7705//939
s 2213
f 7706//940 7707//941 7708//940
s 2214
f 7709//942 7710//942 7711//942
s 2215
f 7712//643 7713//643 7714//643
s 2216
f 7715//643 7716//643 7717//643
s 2217
f 7718//943 7719//944 7720//944
s 2218
f 7721//944 7722//944 7723//945
s 2219
f 7724//639 7725//639 7726//639
s 2220
f 7727//946 7728//946 7729//946
s 2221
f 7730//947 7731//947 7732//947
s 2222
f 7733//223 7734//223 7735//223
s 2223
f 7736//630 7737//630 7738//630
s 2224
f 7739//948 7740//222 7741//948
s 2225
f 7742//665 7743//665 7744//665
s 2226
f 7745//632 7746//632 7747//632
s 2227
f 7748//949 7749//950 7750//949
s 2228
f 7751//951 7752//949 7753//949
s 2229
f 7754//232 7755//232 7756//952
s 2230
f 7757//232 7758//232 7759//232
s 2231
f 7760//953 7761//953 7762//953
s 2232
f 7763//954 7764//954 7765//954
s 2233
f 7766//660 7767//660 7768//660
s 2234
f 7769//955 7770//955 7771//955
s 2235
f 7772//956 7773//239 7774//239
s 2236
f 7775//239 7776//239 7777//239
s 2237
f 7778//957 7779//957 7780//957
s 2238
f 7781//958 7782//958 7783//958
s 2239
f 7784//959 7785//926 7786//926
s 2240
f 7787//31 7788//31 7789//31
s 2241
f 7790//960 7791//960 7792//960
s 2242
f 7793//32 7794//32 7795//32
s 2243
f 7796//960 7797//960 7798//960
s 2244
f 7799//62 7800//62 7801//62
s 2245
f 7802//62 7803//62 7804//62
f 7804//62 7803//62 7805//62
s 2246
f 7806//62 7807//62 7808//62
s 2247
f 7809//62 7810//62 7811//62
s 2248
f 7812//961 7813//962 7814//294
s 2249
f 7815//963 7816//963 7817//963
s 2250
f 7818//275 7819//275 7820//289
s 2251
f 7821//62 7822//62 7823//62
s 2252
f 7824//62 7825//62 7826//62
s 2253
f 7827//62 7828//62 7829//62
s 2254
f 7830//964 7831//964 7832//964
s 2255
f 7833//273 7834//273 7835//273
s 2256
f 7836//965 7837//966 7838//966
s 2257
f 7839//62 7840//62 7841//62
s 2258
f 7842//967 7843//967 7844//968
s 2259
f 7845//963 7846//963 7847//963
s 2260
f 7848//62 7849//62 7850//62
s 2261
f 7851//969 7852//969 7853//969
s 2262
f 7854//969 7855//969 7856//969
s 2263
f 7857//524 7858//524 7859//968
s 2264
f 7860//970 7861//970 7862//970
s 2265
f 7863//971 7864//971 7865//971
s 2266
f 7866//62 7867//62 7868//62
s 2267
f 7869//972 7870//972 7871//972
s 2268
f 7872//972 7873//972 7874//972
s 2269
f 7875//62 7876//62 7877//62
s 2270
f 7878//31 7879//31 7880//31
s 2271
f 7881//39 7882//39 7883//39
s 2272
f 7884//62 7885//62 7886//62
s 2273
f 7887//945 7888//973 7889//973
s 2274
f 7890//512 7891//502 7892//495
s 2275
f 7893//62 7894//62 7895//62
s 2276
f 7896//973 7897//973 7898//974
s 2277
f 7899//975 7900//540 7901//975
s 2278
f 7902//24 7903//24 7904//24
s 2279
f 7905//24 7906//24 7907//24
s 2280
f 7908//31 7909//31 7910//31
s 2281
f 7911//32 7912//32 7913//32
s 2282
f 7914//976 7915//976 7916//976
s 2283
f 7917//31 7918//31 7919//32
s 2284
f 7920//31 7921//31 7922//31
s 2285
f 7923//977 7924//977 7925//977
s 2286
f 7926//503 7927//503 7928//503
s 2287
f 7929//504 7930//504 7931//504
s 2288
f 7932//62 7933//62 7934//62
s 2289
f 7935//490 7936//490 7937//490
s 2290
f 7938//62 7939//62 7940//62
s 2291
f 7941//31 7942//31 7943//31
s 2292
f 7944//723 7945//723 7946//723
s 2293
f 7947//62 7948//62 7949//62
s 2294
f 7950//64 7951//64 7952//64
s 2295
f 7953//67 7954//67 7955//67
s 2296
f 7956//33 7957//33 7958//33
s 2297
f 7959//62 7960//62 7961//62
s 2298
f 7962//62 7963//62 7964//62
s 2299
f 7965//273 7966//978 7967//273
s 2300
f 7968//62 7969//62 7970//62
s 2301
f 7971//979 7972//861 7973//861
s 2302
f 7974//860 7975//860 7976//860
s 2303
f 7977//861 7978//861 7979//979
s 2304
f 7980//980 7981//981 7982//980
f 7981//981 7983//980 7982//980
s 2305
f 7984//845 7985//845 7986//845
s 2306
f 7987//845 7988//845 7989//845
s 2307
f 7990//982 7991//982 7992//982
s 2308
f 7993//982 7994//982 7995//982
s 2309
f 7996//983 7997//983 7998//983
s 2310
f 7999//983 8000//983 8001//983
s 2311
f 8002//850 8003//850 8004//850
s 2312
f 8005//850 8006//850 8007//850
s 2313
f 8008//984 8009//985 8010//984
s 2314
f 8011//984 8012//984 8013//984
s 2315
f 8014//854 8015//853 8016//853
s 2316
f 8017//853 8018//853 8019//854
s 2317
f 8020//856 8021//856 8022//856
s 2318
f 8023//856 8024//856 8025//856
s 2319
f 8026//986 8027//986 8028//986
s 2320
f 8029//986 8030//986 8031//986
s 2321
f 8032//987 8033//987 8034//988
f 8033//987 8035//987 8034//988
s 2322
f 8036//860 8037//860 8038//860
s 2323
f 8039//490 8040//490 8041//490
s 2324
f 8042//24 8043//24 8044//24
s 2325
f 8045//240 8046//240 8047//240
s 2326
f 8048//24 8049//24 8050//24
s 2327
f 8051//292 8052//292 8053//989
s 2328
f 8054//2 8055//2 8056//2
s 2329
f 8057//9 8058//9 8059//9
s 2330
f 8060//990 8061//991 8062//991
s 2331
f 8063//992 8064//228 8065//992
s 2332
f 8066//33 8067//33 8068//33
s 2333
f 8069//993 8070//993 8071//993
s 2334
f 8072//33 8073//33 8074//33
s 2335
f 8075//33 8076//33 8077//33
s 2336
f 8078//33 8079//33 8080//33
s 2337
f 8081//33 8082//33 8083//33
s 2338
f 8084//33 8085//33 8086//33
s 2339
f 8087//33 8088//33 8089//33
s 2340
f 8090//994 8091//995 8092//996
s 2341
f 8093//33 8094//33 8095//33
s 2342
f 8096//33 8097//33 8098//33
s 2343
f 8099//997 8100//997 8101//997
s 2344
f 8102//33 8103//33 8104//33
s 2345
f 8105//686 8106//686 8107//686
s 2346
f 8108//33 8109//33 8110//33
s 2347
f 8111//998 8112//998 8113//998
s 2348
f 8114//67 8115//67 8116//67
s 2349
f 8117//33 8118//33 8119//33
s 2350
f 8120//33 8121//33 8122//33
s 2351
f 8123//999 8124//999 8125//999
s 2352
f 8126//33 8127//33 8128//33
s 2353
f 8129//67 8130//67 8131//67
s 2354
f 8132//100 8133//100 8134//100
s 2355
f 8135//33 8136//33 8137//33
s 2356
f 8138//33 8139//33 8140//33
s 2357
f 8141//33 8142//33 8143//33
s 2358
f 8144//33 8145//33 8146//33
s 2359
f 8147//33 8148//33 8149//33
s 2360
f 8150//33 8151//1000 8152//33
f 8152//33 8151//1000 8153//67
s 2361
f 8154//997 8155//997 8156//997
s 2362
f 8157//33 8158//33 8159//33
s 2363
f 8160//33 8161//33 8162//33
s 2364
f 8163//62 8164//62 8165//62
s 2365
f 8166//62 8167//62 8168//62
s 2366
f 8169//62 8170//62 8171//62
s 2367
f 8172//62 8173//62 8174//62
s 2368
f 8175//62 8176//62 8177//62
s 2369
f 8178//62 8179//62 8180//62
s 2370
f 8181//62 8182//62 8183//62
s 2371
f 8184//284 8185//284 8186//297
s 2372
f 8187//1001 8188//1002 8189//1003
s 2373
f 8190//64 8191//64 8192//64
s 2374
f 8193//273 8194//273 8195//273
s 2375
f 8196//62 8197//62 8198//62
s 2376
f 8199//301 8200//301 8201//301
s 2377
f 8202//1004 8203//1005 8204//1006
s 2378
f 8205//280 8206//64 8207//280
s 2379
f 8208//1007 8209//1007 8210//1007
s 2380
f 8211//62 8212//62 8213//62
s 2381
f 8214//292 8215//292 8216//292
s 2382
f 8217//1008 8218//1008 8219//1009
s 2383
f 8220//278 8221//278 8222//278
s 2384
f 8223//62 8224//62 8225//62
s 2385
f 8226//62 8227//62 8228//62
s 2386
f 8229//62 8230//62 8231//62
s 2387
f 8232//290 8233//290 8234//290
s 2388
f 8235//62 8236//62 8237//62
s 2389
f 8238//282 8239//282 8240//273
s 2390
f 8241//301 8242//62 8243//62
s 2391
f 8244//1010 8245//1011 8246//1012
s 2392
f 8247//62 8248//62 8249//62
s 2393
f 8250//706 8251//706 8252//297
s 2394
f 8253//702 8254//702 8255//702
s 2395
f 8256//1012 8257//1012 8258//1012
s 2396
f 8259//1013 8260//1013 8261//1013
s 2397
f 8262//1014 8263//1014 8264//1015
s 2398
f 8265//931 8266//1016 8267//249
s 2399
f 8268//1017 8269//1017 8270//1018
s 2400
f 8271//1019 8272//1019 8273//1019
s 2401
f 8274//1020 8275//1020 8276//1020
s 2402
f 8277//1017 8278//1017 8279//1021
s 2403
f 8280//956 8281//956 8282//956
s 2404
f 8283//994 8284//1022 8285//1022
s 2405
f 8286//660 8287//660 8288//660
s 2406
f 8289//1023 8290//1024 8291//1023
s 2407
f 8292//234 8293//1025 8294//1025
s 2408
f 8295//1026 8296//1026 8297//1026
s 2409
f 8298//1027 8299//1027 8300//1028
s 2410
f 8301//234 8302//234 8303//234
s 2411
f 8304//1029 8305//1029 8306//1029
s 2412
f 8307//1030 8308//1031 8309//1031
s 2413
f 8310//1032 8311//1032 8312//1032
s 2414
f 8313//1033 8314//1033 8315//1033
s 2415
f 8316//1034 8317//1035 8318//1035
s 2416
f 8319//1036 8320//1036 8321//1037
s 2417
f 8322//1038 8323//1038 8324//1038
s 2418
f 8325//1035 8326//1035 8327//1035
s 2419
f 8328//1039 8329//1040 8330//1040
s 2420
f 8331//1038 8332//1041 8333//1038
s 2421
f 8334//1042 8335//1042 8336//1042
s 2422
f 8337//1040 8338//1040 8339//1043
s 2423
f 8340//1044 8341//1044 8342//1044
s 2424
f 8343//1045 8344//1045 8345//1045
s 2425
f 8346//261 8347//261 8348//261
s 2426
f 8349//1046 8350//1046 8351//1046
s 2427
f 8352//260 8353//260 8354//260
s 2428
f 8355//1047 8356//1048 8357//1048
s 2429
f 8358//1049 8359//1049 8360//1049
s 2430
f 8361//1050 8362//1050 8363//1050
s 2431
f 8364//935 8365//935 8366//935
s 2432
f 8367//258 8368//258 8369//258
s 2433
f 8370//1051 8371//1051 8372//1051
s 2434
f 8373//1052 8374//1053 8375//1052
s 2435
f 8376//1054 8377//1054 8378//1055
s 2436
f 8379//69 8380//68 8381//68
s 2437
f 8382//814 8383//814 8384//814
s 2438
f 8385//1056 8386//1057 8387//1058
s 2439
f 8388//1059 8389//1059 8390//1059
s 2440
f 8391//372 8392//372 8393//372
s 2441
f 8394//1060 8395//1060 8396//1060
s 2442
f 8397//331 8398//331 8399//330
s 2443
f 8400//1061 8401//1062 8402//1061
s 2444
f 8403//333 8404//1063 8405//333
s 2445
f 8406//695 8407//695 8408//1064
s 2446
f 8409//806 8410//806 8411//1065
s 2447
f 8412//348 8413//354 8414//348
s 2448
f 8415//338 8416//338 8417//338
s 2449
f 8418//1066 8419//1066 8420//1066
s 2450
f 8421//370 8422//370 8423//370
s 2451
f 8424//332 8425//332 8426//384
s 2452
f 8427//814 8428//814 8429//814
s 2453
f 8430//354 8431//354 8432//354
s 2454
f 8433//1067 8434//1068 8435//1069
s 2455
f 8436//814 8437//818 8438//818
s 2456
f 8439//1070 8440//1070 8441//1070
s 2457
f 8442//60 8443//60 8444//60
s 2458
f 8445//101 8446//101 8447//101
s 2459
f 8448//384 8449//333 8450//384
s 2460
f 8451//1059 8452//1059 8453//1059
s 2461
f 8454//60 8455//60 8456//60
s 2462
f 8457//101 8458//101 8459//101
s 2463
f 8460//806 8461//806 8462//806
s 2464
f 8463//60 8464//60 8465//60
s 2465
f 8466//423 8467//354 8468//423
s 2466
f 8469//65 8470//60 8471//65
s 2467
f 8472//886 8473//886 8474//886
s 2468
f 8475//60 8476//60 8477//60
s 2469
f 8478//333 8479//1071 8480//1072
s 2470
f 8481//346 8482//346 8483//346
s 2471
f 8484//404 8485//404 8486//404
s 2472
f 8487//814 8488//814 8489//814
s 2473
f 8490//1073 8491//1074 8492//1075
s 2474
f 8493//354 8494//1058 8495//678
f 8495//678 8494//1058 8496//806
s 2475
f 8497//1 8498//1 8499//1
s 2476
f 8500//31 8501//31 8502//31
s 2477
f 8503//1 8504//1 8505//1
s 2478
f 8506//64 8507//62 8508//62
s 2479
f 8509//62 8510//62 8511//62
f 8510//62 8512//62 8511//62
s 2480
f 8513//276 8514//276 8515//276
s 2481
f 8516//281 8517//281 8518//281
s 2482
f 8519//1076 8520//1076 8521//1076
s 2483
f 8522//702 8523//702 8524//702
s 2484
f 8525//31 8526//31 8527//31
s 2485
f 8528//1 8529//1 8530//1
s 2486
f 8531//1077 8532//1077 8533//1077
s 2487
f 8534//273 8535//273 8536//273
s 2488
f 8537//752 8538//1078 8539//1079
s 2489
f 8540//274 8541//274 8542//274
s 2490
f 8543//730 8544//730 8545//730
s 2491
f 8546//60 8547//60 8548//60
s 2492
f 8549//60 8550//60 8551//60
s 2493
f 8552//1080 8553//1080 8554//1081
s 2494
f 8555//39 8556//31 8557//39
s 2495
f 8558//1 8559//9 8560//1
f 8559//9 8561//1 8560//1
s 2496
f 8562//60 8563//60 8564//60
s 2497
f 8565//31 8566//31 8567//31
s 2498
f 8568//31 8569//31 8570//31
s 2499
f 8571//1082 8572//1083 8573//1084
s 2500
f 8574//39 8575//39 8576//39
s 2501
f 8577//31 8578//31 8579//31
s 2502
f 8580//1085 8581//1085 8582//1085
s 2503
f 8583//60 8584//60 8585//60
s 2504
f 8586//60 8587//60 8588//60
s 2505
f 8589//410 8590//410 8591//410
s 2506
f 8592//32 8593//32 8594//32
s 2507
f 8595//60 8596//60 8597//60
s 2508
f 8598//65 8599//60 8600//66
s 2509
f 8601//677 8602//677 8603//677
s 2510
f 8604//39 8605//39 8606//39
s 2511
f 8607//1 8608//1 8609//1
s 2512
f 8610//67 8611//67 8612//67
s 2513
f 8613//1 8614//1 8615//1
s 2514
f 8616//62 8617//62 8618//62
s 2515
f 8619//292 8620//731 8621//731
s 2516
f 8622//33 8623//33 8624//33
s 2517
f 8625//31 8626//31 8627//31
s 2518
f 8628//31 8629//31 8630//31
s 2519
f 8631//1086 8632//1086 8633//1086
s 2520
f 8634//31 8635//31 8636//31
s 2521
f 8637//31 8638//31 8639//31
s 2522
f 8640//31 8641//31 8642//31
s 2523
f 8643//31 8644//31 8645//31
s 2524
f 8646//31 8647//31 8648//31
s 2525
f 8649//31 8650//31 8651//31
s 2526
f 8652//67 8653//67 8654//67
s 2527
f 8655//24 8656//24 8657//24
s 2528
f 8658//33 8659//33 8660//33
s 2529
f 8661//958 8662//958 8663//958
s 2530
f 8664//958 8665//958 8666//958
s 2531
f 8667//62 8668//62 8669//62
s 2532
f 8670//24 8671//24 8672//24
s 2533
f 8673//297 8674//706 8675//706
s 2534
f 8676//62 8677//62 8678//62
s 2535
f 8679//301 8680//283 8681//62
s 2536
f 8682//318 8683//292 8684//292
s 2537
f 8685//24 8686//24 8687//24
s 2538
f 8688//1087 8689//1088 8690//1089
s 2539
f 8691//935 8692//1090 8693//935
s 2540
f 8694//757 8695//757 8696//757
s 2541
f 8697//1090 8698//1090 8699//1090
s 2542
f 8700//31 8701//31 8702//31
s 2543
f 8703//31 8704//31 8705//31
s 2544
f 8706//1091 8707//1091 8708//1091
s 2545
f 8709//31 8710//31 8711//31
s 2546
f 8712//62 8713//62 8714//62
s 2547
f 8715//24 8716//24 8717//24
s 2548
f 8718//62 8719//62 8720//62
s 2549
f 8721//24 8722//24 8723//24
s 2550
f 8724//62 8725//62 8726//62
s 2551
f 8727//877 8728//877 8729//877
s 2552
f 8730//31 8731//31 8732//31
s 2553
f 8733//877 8734//877 8735//877
s 2554
f 8736//32 8737//32 8738//32
s 2555
f 8739//464 8740//464 8741//464
s 2556
f 8742//1092 8743//1092 8744//1092
s 2557
f 8745//876 8746//876 8747//876
f 8746//876 8748//876 8747//876
s 2558
f 8749//1093 8750//1093 8751//1094
s 2559
f 8752//1095 8753//1095 8754//1095
s 2560
f 8755//1096 8756//1097 8757//1098
s 2561
f 8758//1099 8759//1100 8760//1099
s 2562
f 8761//1101 8762//1101 8763//1101
s 2563
f 8764//1102 8765//1103 8766//1102
s 2564
f 8767//1103 8768//1102 8769//1102
s 2565
f 8770//24 8771//24 8772//24
s 2566
f 8773//24 8774//24 8775//24
s 2567
f 8776//31 8777//31 8778//31
s 2568
f 8779//24 8780//25 8781//24
s 2569
f 8782//24 8783//24 8784//24
s 2570
f 8785//31 8786//31 8787//31
s 2571
f 8788//32 8789//32 8790//32
s 2572
f 8791//31 8792//31 8793//31
s 2573
f 8794//31 8795//31 8796//31
s 2574
f 8797//32 8798//32 8799//32
s 2575
f 8800//60 8801//1104 8802//132
s 2576
f 8803//806 8804//806 8805//806
s 2577
f 8806//60 8807//60 8808//60
s 2578
f 8809//60 8810//60 8811//60
s 2579
f 8812//24 8813//24 8814//24
s 2580
f 8815//24 8816//24 8817//24
s 2581
f 8818//896 8819//1105 8820//896
s 2582
f 8821//24 8822//1106 8823//45
s 2583
f 8824//1107 8825//1107 8826//1107
s 2584
f 8827//62 8828//62 8829//62
s 2585
f 8830//62 8831//62 8832//62
s 2586
f 8833//62 8834//62 8835//62
s 2587
f 8836//283 8837//283 8838//283
s 2588
f 8839//275 8840//275 8841//275
s 2589
f 8842//62 8843//62 8844//62
s 2590
f 8845//282 8846//273 8847//273
s 2591
f 8848//896 8849//896 8850//896
s 2592
f 8851//62 8852//62 8853//62
s 2593
f 8854//64 8855//62 8856//64
s 2594
f 8857//354 8858//354 8859//354
s 2595
f 8860//60 8861//60 8862//60
s 2596
f 8863//62 8864//62 8865//62
s 2597
f 8866//32 8867//32 8868//32
s 2598
f 8869//578 8870//578 8871//578
s 2599
f 8872//62 8873//62 8874//62
s 2600
f 8875//1108 8876//723 8877//723
s 2601
f 8878//24 8879//24 8880//24
s 2602
f 8881//33 8882//33 8883//33
s 2603
f 8884//42 8885//42 8886//24
s 2604
f 8887//67 8888//67 8889//67
s 2605
f 8890//31 8891//31 8892//31
s 2606
f 8893//31 8894//31 8895//31
s 2607
f 8896//35 8897//35 8898//35
s 2608
f 8899//31 8900//31 8901//31
s 2609
f 8902//31 8903//31 8904//31
s 2610
f 8905//43 8906//43 8907//43
s 2611
f 8908//32 8909//32 8910//32
s 2612
f 8911//890 8912//890 8913//890
s 2613
f 8914//60 8915//60 8916//60
s 2614
f 8917//60 8918//60 8919//60
s 2615
f 8920//60 8921//65 8922//60
s 2616
f 8923//60 8924//60 8925//60
s 2617
f 8926//362 8927//1109 8928//669
s 2618
f 8929//362 8930//362 8931//65
s 2619
f 8932//354 8933//354 8934//678
s 2620
f 8935//890 8936//890 8937//890
s 2621
f 8938//62 8939//62 8940//62
s 2622
f 8941//62 8942//62 8943//62
s 2623
f 8944//62 8945//63 8946//62
s 2624
f 8947//62 8948//62 8949//62
s 2625
f 8950//64 8951//62 8952//62
f 8951//62 8953//62 8952//62
s 2626
f 8954//1110 8955//1110 8956//1111
s 2627
f 8957//860 8958//860 8959//860
s 2628
f 8960//1111 8961//1110 8962//1111
s 2629
f 8963//1112 8964//1113 8965//1113
s 2630
f 8966//1113 8967//1112 8968//1112
s 2631
f 8969//845 8970//845 8971//845
s 2632
f 8972//845 8973//845 8974//845
s 2633
f 8975//982 8976//982 8977//982
s 2634
f 8978//982 8979//982 8980//982
s 2635
f 8981//1114 8982//1115 8983//1116
s 2636
f 8984//1115 8985//1115 8986//1115
s 2637
f 8987//850 8988//850 8989//850
f 8989//850 8988//850 8990//850
s 2638
f 8991//1117 8992//1118 8993//852
f 8993//852 8992//1118 8994//852
s 2639
f 8995//1119 8996//1119 8997//1119
s 2640
f 8998//854 8999//853 9000//854
s 2641
f 9001//856 9002//856 9003//856
s 2642
f 9004//856 9005//856 9006//856
s 2643
f 9007//857 9008//857 9009//857
s 2644
f 9010//857 9011//857 9012//857
s 2645
f 9013//1120 9014//1120 9015//1120
s 2646
f 9016//1120 9017//1120 9018//1120
s 2647
f 9019//860 9020//860 9021//860
s 2648
f 9022//509 9023//490 9024//490
s 2649
f 9025//24 9026//24 9027//24
s 2650
f 9028//958 9029//958 9030//958
s 2651
f 9031//24 9032//24 9033//24
s 2652
f 9034//62 9035//62 9036//62
s 2653
f 9037//1 9038//1 9039//1
s 2654
f 9040//1 9041//1 9042//1
s 2655
f 9043//1121 9044//1121 9045//1121
s 2656
f 9046//1122 9047//1123 9048//1124
s 2657
f 9049//33 9050//33 9051//33
s 2658
f 9052//33 9053//33 9054//33
s 2659
f 9055//33 9056//33 9057//33
s 2660
f 9058//33 9059//33 9060//33
s 2661
f 9061//33 9062//33 9063//33
s 2662
f 9064//33 9065//33 9066//33
s 2663
f 9067//33 9068//33 9069//33
s 2664
f 9070//33 9071//33 9072//33
s 2665
f 9073//1125 9074//1125 9075//1125
s 2666
f 9076//1126 9077//1126 9078//1126
s 2667
f 9079//33 9080//33 9081//33
s 2668
f 9082//67 9083//67 9084//67
s 2669
f 9085//33 9086//33 9087//33
s 2670
f 9088//60 9089//60 9090//60
s 2671
f 9091//33 9092//33 9093//33
s 2672
f 9094//33 9095//33 9096//33
s 2673
f 9097//67 9098//67 9099//67
s 2674
f 9100//33 9101//33 9102//33
s 2675
f 9103//33 9104//67 9105//67
s 2676
f 9106//67 9107//67 9108//67
s 2677
f 9109//33 9110//33 9111//33
s 2678
f 9112//33 9113//33 9114//33
s 2679
f 9115//1124 9116//94 9117//94
s 2680
f 9118//1000 9119//1000 9120//1000
s 2681
f 9121//33 9122//33 9123//33
s 2682
f 9124//33 9125//33 9126//33
s 2683
f 9127//33 9128//33 9129//33
s 2684
f 9130//33 9131//33 9132//33
s 2685
f 9133//1127 9134//1127 9135//1127
s 2686
f 9136//67 9137//67 9138//67
s 2687
f 9139//33 9140//33 9141//33
s 2688
f 9142//33 9143//33 9144//33
s 2689
f 9145//67 9146//67 9147//67
s 2690
f 9148//980 9149//980 9150//980
s 2691
f 9151//845 9152//845 9153//845
s 2692
f 9154//1128 9155//1129 9156//980
s 2693
f 9157//861 9158//861 9159//861
f 9159//861 9158//861 9160//861
s 2694
f 9161//860 9162//860 9163//860
s 2695
f 9164//860 9165//860 9166//860
s 2696
f 9167//987 9168//987 9169//987
s 2697
f 9170//987 9171//987 9172//987
s 2698
f 9173//857 9174//857 9175//857
s 2699
f 9176//857 9177//857 9178//857
s 2700
f 9179//856 9180//855 9181//855
f 9180//855 9182//855 9181//855
s 2701
f 9183//853 9184//854 9185//854
s 2702
f 9186//853 9187//853 9188//853
s 2703
f 9189//1130 9190//1130 9191//1130
s 2704
f 9192//1130 9193//1130 9194//1131
s 2705
f 9195//850 9196//850 9197//850
f 9196//850 9198//850 9197//850
s 2706
f 9199//1132 9200//1132 9201//1132
s 2707
f 9202//849 9203//849 9204//849
s 2708
f 9205//1133 9206//1133 9207//1133
s 2709
f 9208//1134 9209//1134 9210//1134
s 2710
f 9211//845 9212//845 9213//845
s 2711
f 9214//899 9215//899 9216//899
s 2712
f 9217//1135 9218//1136 9219//1136
s 2713
f 9220//1137 9221//1137 9222//1137
s 2714
f 9223//1138 9224//1138 9225//1138
s 2715
f 9226//434 9227//434 9228//434
s 2716
f 9229//434 9230//434 9231//434
s 2717
f 9232//801 9233//801 9234//801
s 2718
f 9235//60 9236//60 9237//60
s 2719
f 9238//642 9239//642 9240//642
s 2720
f 9241//60 9242//60 9243//60
s 2721
f 9244//642 9245//642 9246//642
s 2722
f 9247//31 9248//31 9249//31
s 2723
f 9250//31 9251//31 9252//31
s 2724
f 9253//972 9254//972 9255//972
s 2725
f 9256//1139 9257//1139 9258//1139
s 2726
f 9259//1140 9260//970 9261//1141
s 2727
f 9262//970 9263//970 9264//970
s 2728
f 9265//1142 9266//1142 9267//1142
f 9266//1142 9268//1142 9267//1142
s 2729
f 9269//1143 9270//1143 9271//1143
s 2730
f 9272//1144 9273//1145 9274//1145
s 2731
f 9275//60 9276//60 9277//60
f 9277//60 9276//60 9278//60
s 2732
f 9279//31 9280//31 9281//31
s 2733
f 9282//31 9283//31 9284//31
s 2734
f 9285//960 9286//1146 9287//960
f 9287//960 9286//1146 9288//960
s 2735
f 9289//31 9290//31 9291//31
s 2736
f 9292//1147 9293//1148 9294//1124
s 2737
f 9295//62 9296//1149 9297//62
s 2738
f 9298//1150 9299//1150 9300//1150
s 2739
f 9301//1151 9302//1151 9303//276
s 2740
f 9304//1152 9305//1153 9306//1154
s 2741
f 9307//62 9308//62 9309//62
s 2742
f 9310//925 9311//925 9312//925
s 2743
f 9313//62 9314//62 9315//62
s 2744
f 9316//1155 9317//1156 9318//1155
s 2745
f 9319//1157 9320//1157 9321//1157
s 2746
f 9322//62 9323//62 9324//62
s 2747
f 9325//922 9326//922 9327//922
s 2748
f 9328//62 9329//62 9330//62
s 2749
f 9331//922 9332//922 9333//922
s 2750
f 9334//292 9335//292 9336//292
s 2751
f 9337//918 9338//918 9339//918
s 2752
f 9340//1158 9341//1158 9342//1158
s 2753
f 9343//1159 9344//1160 9345//1161
s 2754
f 9346//282 9347//282 9348//282
s 2755
f 9349//62 9350//62 9351//62
s 2756
f 9352//62 9353//62 9354//62
s 2757
f 9355//288 9356//288 9357//288
s 2758
f 9358//916 9359//916 9360//916
f 9360//916 9359//916 9361//916
s 2759
f 9362//62 9363//62 9364//62
s 2760
f 9365//297 9366//284 9367//284
s 2761
f 9368//62 9369//62 9370//62
s 2762
f 9371//1162 9372//914 9373//914
f 9373//914 9372//914 9374//1163
s 2763
f 9375//741 9376//741 9377//741
s 2764
f 9378//311 9379//311 9380//311
s 2765
f 9381//62 9382//62 9383//62
s 2766
f 9384//912 9385//912 9386//912
f 9386//912 9385//912 9387//912
s 2767
f 9388//62 9389//62 9390//64
s 2768
f 9391//1164 9392//910 9393//910
s 2769
f 9394//280 9395//62 9396//280
s 2770
f 9397//910 9398//910 9399//910
s 2771
f 9400//1165 9401//1165 9402//1165
s 2772
f 9403//909 9404//909 9405//909
s 2773
f 9406//906 9407//906 9408//906
s 2774
f 9409//906 9410//906 9411//906
s 2775
f 9412//1166 9413//1166 9414//1166
s 2776
f 9415//1167 9416//1168 9417//1167
s 2777
f 9418//622 9419//622 9420//622
s 2778
f 9421//1124 9422//1169 9423//1170
s 2779
f 9424//31 9425//31 9426//31
s 2780
f 9427//1171 9428//1171 9429//1171
s 2781
f 9430//931 9431//931 9432//931
s 2782
f 9433//1172 9434//1172 9435//1172
s 2783
f 9436//1173 9437//1173 9438//1173
s 2784
f 9439//1174 9440//1174 9441//1174
s 2785
f 9442//652 9443//652 9444//1175
s 2786
f 9445//926 9446//926 9447//926
s 2787
f 9448//232 9449//232 9450//232
s 2788
f 9451//662 9452//1176 9453//662
s 2789
f 9454//1177 9455//1178 9456//1177
s 2790
f 9457//665 9458//665 9459//665
s 2791
f 9460//632 9461//632 9462//632
s 2792
f 9463//1179 9464//1179 9465//1179
s 2793
f 9466//1179 9467//1179 9468//224
s 2794
f 9469//272 9470//1180 9471//272
s 2795
f 9472//635 9473//635 9474//635
s 2796
f 9475//1181 9476//639 9477//639
f 9476//639 9478//639 9477//639
s 2797
f 9479//1182 9480//1182 9481//1183
s 2798
f 9482//973 9483//973 9484//945
s 2799
f 9485//643 9486//643 9487//643
s 2800
f 9488//643 9489//643 9490//643
s 2801
f 9491//1184 9492//1184 9493//1184
s 2802
f 9494//1184 9495//261 9496//261
s 2803
f 9497//260 9498//260 9499//260
s 2804
f 9500//260 9501//260 9502//260
s 2805
f 9503//257 9504//257 9505//257
s 2806
f 9506//258 9507//258 9508//258
s 2807
f 9509//1185 9510//1186 9511//1185
s 2808
f 9512//1185 9513//1185 9514//1185
s 2809
f 9515//933 9516//933 9517//933
s 2810
f 9518//410 9519//389 9520//410
s 2811
f 9521//1187 9522//1187 9523//1187
s 2812
f 9524//342 9525//354 9526//349
s 2813
f 9527//60 9528//60 9529//60
s 2814
f 9530//60 9531//60 9532//811
s 2815
f 9533//60 9534//60 9535//60
s 2816
f 9536//60 9537//60 9538//60
s 2817
f 9539//60 9540//65 9541//60
s 2818
f 9542//331 9543//330 9544//330
s 2819
f 9545//370 9546//370 9547//370
s 2820
f 9548//60 9549//60 9550//60
s 2821
f 9551//60 9552//60 9553//60
s 2822
f 9554//60 9555//65 9556//60
s 2823
f 9557//60 9558//60 9559//65
s 2824
f 9560//1187 9561//1188 9562//1188
s 2825
f 9563//60 9564//60 9565//157
s 2826
f 9566//333 9567//333 9568//333
s 2827
f 9569//137 9570//60 9571//387
s 2828
f 9572//60 9573//60 9574//60
s 2829
f 9575//60 9576//60 9577//60
s 2830
f 9578//60 9579//1189 9580//132
s 2831
f 9581//333 9582//338 9583//333
s 2832
f 9584//60 9585//60 9586//60
s 2833
f 9587//692 9588//692 9589//1190
s 2834
f 9590//60 9591//60 9592//60
s 2835
f 9593//333 9594//338 9595//333
s 2836
f 9596//60 9597//60 9598//60
s 2837
f 9599//60 9600//60 9601//60
s 2838
f 9602//60 9603//60 9604//60
s 2839
f 9605//60 9606//60 9607//60
s 2840
f 9608//1191 9609//670 9610//1191
s 2841
f 9611//330 9612//330 9613//330
s 2842
f 9614//60 9615//362 9616//60
s 2843
f 9617//342 9618//342 9619//342
s 2844
f 9620//1192 9621//1193 9622//1192
s 2845
f 9623//60 9624//60 9625//60
f 9624//60 9626//684 9625//60
f 9625//60 9626//684 9627//60
s 2846
f 9628//1194 9629//1195 9630//1194
s 2847
f 9631//1017 9632//1017 9633//1021
s 2848
f 9634//1017 9635//1017 9636//1017
s 2849
f 9637//1014 9638//1196 9639//1196
s 2850
f 9640//1194 9641//1197 9642//1194
s 2851
f 9643//1054 9644//1054 9645//1055
s 2852
f 9646//1196 9647//1014 9648//1015
s 2853
f 9649//1198 9650//1198 9651//1198
s 2854
f 9652//1199 9653//1199 9654//1054
s 2855
f 9655//1200 9656//1200 9657//1200
s 2856
f 9658//1201 9659//1201 9660//1202
s 2857
f 9661//1203 9662//1203 9663//1203
s 2858
f 9664//1204 9665//1205 9666//1204
s 2859
f 9667//1206 9668//1206 9669//1206
s 2860
f 9670//1207 9671//1207 9672//1208
s 2861
f 9673//1209 9674//1209 9675//1209
s 2862
f 9676//261 9677//261 9678//261
s 2863
f 9679//1210 9680//1210 9681//1210
s 2864
f 9682//1211 9683//1211 9684//1211
s 2865
f 9685//1212 9686//1212 9687//1212
s 2866
f 9688//1213 9689//1213 9690//1214
s 2867
f 9691//1215 9692//1041 9693//1038
s 2868
f 9694//1043 9695//1043 9696//1043
s 2869
f 9697//1216 9698//630 9699//1216
s 2870
f 9700//636 9701//636 9702//635
s 2871
f 9703//1217 9704//1217 9705//1217
s 2872
f 9706//1218 9707//1218 9708//1218
s 2873
f 9709//1219 9710//1219 9711//1219
s 2874
f 9712//1217 9713//1217 9714//1217
s 2875
f 9715//1220 9716//1220 9717//1220
s 2876
f 9718//1221 9719//1221 9720//1221
s 2877
f 9721//1222 9722//1222 9723//1222
s 2878
f 9724//1220 9725//1220 9726//1220
s 2879
f 9727//1223 9728//1224 9729//1224
s 2880
f 9730//491 9731//503 9732//503
s 2881
f 9733//503 9734//503 9735//503
s 2882
f 9736//62 9737//62 9738//62
s 2883
f 9739//62 9740//62 9741//62
s 2884
f 9742//508 9743//503 9744//503
s 2885
f 9745//1225 9746//1225 9747//1225
s 2886
f 9748//503 9749//503 9750//503
s 2887
f 9751//506 9752//506 9753//506
s 2888
f 9754//64 9755//64 9756//64
s 2889
f 9757//1006 9758//1006 9759//1005
s 2890
f 9760//309 9761//1009 9762//309
s 2891
f 9763//741 9764//274 9765//274
s 2892
f 9766//290 9767//291 9768//288
s 2893
f 9769//283 9770//62 9771//283
s 2894
f 9772//64 9773//62 9774//62
s 2895
f 9775//62 9776//62 9777//62
s 2896
f 9778//1226 9779//1078 9780//291
s 2897
f 9781//501 9782//501 9783//501
s 2898
f 9784//283 9785//283 9786//62
s 2899
f 9787//297 9788//297 9789//297
s 2900
f 9790//503 9791//503 9792//503
s 2901
f 9793//321 9794//500 9795//513
s 2902
f 9796//500 9797//500 9798//500
s 2903
f 9799//501 9800//501 9801//501
s 2904
f 9802//62 9803//62 9804//62
s 2905
f 9805//1227 9806//1228 9807//524
s 2906
f 9808//702 9809//274 9810//702
s 2907
f 9811//62 9812//62 9813//62
s 2908
f 9814//706 9815//1229 9816//1229
s 2909
f 9817//702 9818//702 9819//702
s 2910
f 9820//274 9821//274 9822//274
s 2911
f 9823//1230 9824//756 9825//756
s 2912
f 9826//60 9827//60 9828//60
s 2913
f 9829//60 9830//60 9831//60
s 2914
g Panele_izquierdo1_cal_silver
usemtl cal_silver
f 9832//26 9833//26 9834//24
f 9833//26 9835//24 9834//24
s 2915
f 9836//24 9837//24 9838//24
f 9837//24 9839//24 9838//24
s 2916
f 9840//24 9841//26 9842//24
f 9841//26 9843//24 9842//24
s 2917
f 9844//27 9845//27 9846//27
s 2918
f 9847//27 9848//27 9849//24
s 2919
f 9850//24 9851//24 9852//24
f 9851//24 9853//24 9852//24
s 2920
f 9854//24 9855//24 9856//24
f 9855//24 9857//24 9856//24
s 2921
f 9858//24 9859//24 9860//24
f 9859//24 9861//24 9860//24
s 2922
f 9862//24 9863//24 9864//24
f 9863//24 9865//24 9864//24
s 2923
f 9866//24 9867//24 9868//24
f 9867//24 9869//24 9868//24
s 2924
f 9870//24 9871//24 9872//1231
f 9871//24 9873//24 9872//1231
s 2925
f 9874//24 9875//24 9876//24
f 9875//24 9877//24 9876//24
s 2926
f 9878//24 9879//24 9880//24
f 9879//24 9881//24 9880//24
s 2927
f 9882//42 9883//24 9884//24
f 9883//24 9885//1232 9884//24
s 2928
f 9886//24 9887//24 9888//24
f 9887//24 9889//24 9888//24
s 2929
f 9890//24 9891//29 9892//24
f 9891//29 9893//24 9892//24
s 2930
f 9894//24 9895//24 9896//24
f 9895//24 9897//24 9896//24
s 2931
f 9898//24 9899//24 9900//24
f 9899//24 9901//24 9900//24
s 2932
f 9902//24 9903//24 9904//24
s 2933
f 9905//24 9906//24 9907//24
s 2934
f 9908//24 9909//24 9910//44
f 9909//24 9911//44 9910//44
s 2935
f 9912//24 9913//24 9914//26
f 9913//24 9915//24 9914//26
s 2936
f 9916//24 9917//24 9918//42
f 9917//24 9919//24 9918//42
s 2937
f 9920//24 9921//24 9922//24
f 9921//24 9923//24 9922//24
s 2938
f 9924//24 9925//24 9926//24
f 9925//24 9927//24 9926//24
s 2939
f 9928//24 9929//24 9930//24
f 9929//24 9931//24 9930//24
s 2940
f 9932//24 9933//42 9934//24
f 9933//42 9935//24 9934//24
s 2941
f 9936//24 9937//24 9938//24
f 9937//24 9939//24 9938//24
s 2942
g Panele_izquierdo1_cal_solar_2
usemtl cal_solar_2
f 9940//1 9941//14 9942//1
f 9942//1 9941//14 9943//1
f 9941//14 9944//1 9943//1
f 9944//1 9945//1 9943//1
s 2943
f 9946//1 9947//1 9948//1
f 9948//1 9947//1 9949//1
f 9947//1 9950//1 9949//1
f 9949//1 9950//1 9951//1
s 2944
f 9952//1 9953//1 9954//1
f 9954//1 9953//1 9955//1
f 9953//1 9956//1 9955//1
f 9955//1 9956//1 9957//1
s 2945
f 9958//1 9959//13 9960//9
f 9960//9 9959//13 9961//1
f 9961//1 9959//13 9962//1
s 2946
f 9963//1 9964//1 9965//1
s 2947
f 9966//1 9967//1 9968//1
f 9968//1 9967//1 9969//3
f 9967//1 9970//1 9969//3
f 9969//3 9970//1 9971//1
s 2948
f 9972//1 9973//1 9974//1
f 9974//1 9973//1 9975//7
f 9973//1 9976//2 9975//7
f 9975//7 9976//2 9977//1
s 2949
f 9978//1 9979//1 9980//1
s 2950
f 9981//1 9982//4 9983//1
f 9982//4 9984//4 9983//1
f 9984//4 9985//1 9983//1
s 2951
f 9986//1 9987//1 9988//1
f 9988//1 9987//1 9989//1
f 9987//1 9990//1 9989//1
f 9989//1 9990//1 9991//1
s 2952
f 9992//1 9993//1 9994//3
f 9994//3 9993//1 9995//1
f 9993//1 9996//1 9995//1
f 9995//1 9996//1 9997//1
s 2953
f 9998//1 9999//1 10000//3
f 9999//1 10001//1 10000//3
f 10000//3 10001//1 10002//1
f 10002//1 10001//1 10003//1
s 2954
f 10004//1 10005//1 10006//2
f 10006//2 10005//1 10007//10
f 10005//1 10008//1 10007//10
f 10008//1 10009//1 10007//10
s 2955
f 10010//1 10011//1 10012//9
f 10012//9 10011//1 10013//1
f 10011//1 10014//1 10013//1
f 10014//1 10015//1 10013//1
s 2956
f 10016//1 10017//14 10018//1
f 10018//1 10017//14 10019//21
f 10017//14 10020//1 10019//21
f 10020//1 10021//1 10019//21
s 2957
f 10022//1 10023//1 10024//1
f 10024//1 10023//1 10025//1
f 10023//1 10026//1 10025//1
f 10025//1 10026//1 10027//1
s 2958
f 10028//1 10029//1 10030//1
f 10030//1 10029//1 10031//1
f 10029//1 10032//1 10031//1
f 10031//1 10032//1 10033//1
s 2959
f 10034//1 10035//16 10036//1
f 10036//1 10035//16 10037//1
f 10035//16 10038//3 10037//1
f 10038//3 10039//1 10037//1
s 2960
f 10040//1 10041//1 10042//1
f 10042//1 10041//1 10043//7
f 10041//1 10044//2 10043//7
f 10043//7 10044//2 10045//10
s 2961
f 10046//1 10047//1 10048//1
f 10048//1 10047//1 10049//1
f 10047//1 10050//1 10049//1
f 10049//1 10050//1 10051//1
s 2962
f 10052//1 10053//1 10054//1
s 2963
f 10055//1 10056//1 10057//9
f 10056//1 10058//1 10057//9
s 2964
f 10059//1 10060//1 10061//1
s 2965
f 10062//1 10063//1 10064//1
s 2966
f 10065//1 10066//1 10067//2
f 10066//1 10068//2 10067//2
f 10068//2 10069//1 10067//2
s 2967
f 10070//1 10071//1 10072//1
f 10072//1 10071//1 10073//7
f 10071//1 10074//1 10073//7
f 10073//7 10074//1 10075//1
s 2968
f 10076//1 10077//9 10078//1
f 10078//1 10077//9 10079//1
f 10077//9 10080//1 10079//1
f 10079//1 10080//1 10081//1
s 2969
f 10082//1 10083//1 10084//1
s 2970
f 10085//1 10086//1 10087//1
s 2971
f 10088//1 10089//1 10090//1
f 10090//1 10089//1 10091//1
s 2972
f 10092//1 10093//1 10094//1
f 10094//1 10093//1 10095//1
f 10093//1 10096//1 10095//1
f 10096//1 10097//1 10095//1
s 2973
f 10098//1 10099//1 10100//1
s 2974
f 10101//1 10102//1 10103//3
f 10102//1 10104//1 10103//3
f 10104//1 10105//1 10103//3
s 2975
f 10106//1 10107//7 10108//2
f 10108//2 10107//7 10109//1
f 10107//7 10110//1 10109//1
f 10109//1 10110//1 10111//1
s 2976
f 10112//1 10113//1 10114//1
f 10114//1 10113//1 10115//1
f 10113//1 10116//1 10115//1
f 10115//1 10116//1 10117//1
s 2977
f 10118//1 10119//1 10120//1
s 2978
f 10121//1 10122//1 10123//1
s 2979
f 10124//4 10125//4 10126//4
s 2980
f 10127//1 10128//1 10129//1
s 2981
f 10130//1 10131//1 10132//5
f 10131//1 10133//1 10132//5
s 2982
f 10134//1 10135//1 10136//1
f 10136//1 10135//1 10137//1
s 2983
f 10138//9 10139//1 10140//9
f 10140//9 10139//1 10141//3
f 10139//1 10142//1 10141//3
f 10142//1 10143//1 10141//3
s 2984
f 10144//1 10145//1 10146//1
f 10145//1 10147//1 10146//1
s 2985
f 10148//4 10149//1 10150//1
f 10150//1 10149//1 10151//1
s 2986
f 10152//1 10153//1 10154//1
s 2987
f 10155//1 10156//1 10157//1
f 10156//1 10158//1 10157//1
f 10158//1 10159//1 10157//1
s 2988
f 10160//1 10161//1 10162//1
s 2989
f 10163//1 10164//1 10165//1
s 2990
f 10166//1 10167//1 10168//1
f 10167//1 10169//1 10168//1
s 2991
f 10170//1 10171//1 10172//1233
f 10172//1233 10171//1 10173//1
s 2992
f 10174//1 10175//1 10176//1
f 10175//1 10177//1 10176//1
s 2993
f 10178//1 10179//1 10180//1
f 10180//1 10179//1 10181//4
f 10179//1 10182//1 10181//4
f 10182//1 10183//1 10181//4
s 2994
f 10184//1 10185//1 10186//1
f 10186//1 10185//1 10187//7
f 10185//1 10188//1 10187//7
f 10188//1 10189//1 10187//7
s 2995
f 10190//1 10191//1 10192//1
f 10191//1 10193//12 10192//1
f 10192//1 10193//12 10194//1
f 10193//12 10195//1 10194//1
s 2996
f 10196//1 10197//1 10198//1
f 10198//1 10197//1 10199//1
f 10197//1 10200//1 10199//1
f 10200//1 10201//1 10199//1
s 2997
f 10202//1 10203//1 10204//1
f 10204//1 10203//1 10205//1
f 10203//1 10206//1 10205//1
f 10206//1 10207//1 10205//1
s 2998
f 10208//1 10209//1 10210//1
f 10210//1 10209//1 10211//1
f 10209//1 10212//3 10211//1
f 10212//3 10213//1 10211//1
s 2999
f 10214//1 10215//1 10216//3
f 10215//1 10217//4 10216//3
f 10217//4 10218//1 10216//3
s 3000
f 10219//1 10220//1 10221//1
s 3001
f 10222//1 10223//7 10224//9
f 10224//9 10223//7 10225//1
f 10223//7 10226//1 10225//1
f 10226//1 10227//1 10225//1
s 3002
f 10228//1 10229//1 10230//1
f 10230//1 10229//1 10231//1
f 10229//1 10232//1 10231//1
f 10232//1 10233//1 10231//1
s 3003
f 10234//1 10235//2 10236//12
f 10236//12 10235//2 10237//1
f 10235//2 10238//1 10237//1
f 10238//1 10239//1 10237//1
s 3004
f 10240//1 10241//1 10242//1
f 10242//1 10241//1 10243//7
f 10241//1 10244//1 10243//7
f 10243//7 10244//1 10245//1
s 3005
f 10246//1 10247//1 10248//1
s 3006
f 10249//1 10250//1 10251//1
s 3007
f 10252//1 10253//1 10254//1
s 3008
f 10255//1 10256//1 10257//1
s 3009
f 10258//1 10259//1 10260//1
f 10260//1 10259//1 10261//1
f 10259//1 10262//1 10261//1
f 10262//1 10263//1 10261//1
s 3010
f 10264//1 10265//1 10266//1
f 10266//1 10265//1 10267//1
f 10265//1 10268//1 10267//1
f 10267//1 10268//1 10269//1
s 3011
f 10270//1 10271//1 10272//1
f 10272//1 10271//1 10273//2
f 10271//1 10274//7 10273//2
f 10274//7 10275//1 10273//2
s 3012
f 10276//1 10277//54 10278//2
f 10278//2 10277//54 10279//1
f 10277//54 10280//1 10279//1
f 10279//1 10280//1 10281//1
s 3013
f 10282//1 10283//1 10284//1
f 10284//1 10283//1 10285//1
f 10283//1 10286//1 10285//1
f 10285//1 10286//1 10287//1
s 3014
f 10288//1 10289//1 10290//1
s 3015
f 10291//1 10292//4 10293//1
f 10292//4 10294//4 10293//1
f 10294//4 10295//1 10293//1
s 3016
f 10296//1 10297//1 10298//1
f 10298//1 10297//1 10299//20
f 10297//1 10300//1 10299//20
f 10300//1 10301//1 10299//20
s 3017
f 10302//1 10303//1 10304//1
f 10304//1 10303//1 10305//1
f 10303//1 10306//3 10305//1
f 10306//3 10307//1 10305//1
s 3018
f 10308//1 10309//1 10310//1
s 3019
f 10311//1 10312//1 10313//1
f 10312//1 10314//1 10313//1
f 10314//1 10315//1 10313//1
s 3020
f 10316//1 10317//1 10318//2
f 10317//1 10319//1 10318//2
f 10319//1 10320//1 10318//2
s 3021
f 10321//1 10322//1 10323//1
s 3022
f 10324//1 10325//1 10326//1
f 10326//1 10325//1 10327//1
f 10325//1 10328//1 10327//1
f 10327//1 10328//1 10329//1
s 3023
f 10330//1 10331//1 10332//1
f 10332//1 10331//1 10333//1
f 10331//1 10334//1 10333//1
f 10333//1 10334//1 10335//1
s 3024
f 10336//1 10337//1 10338//1
f 10338//1 10337//1 10339//1
f 10337//1 10340//1 10339//1
s 3025
f 10341//1 10342//1 10343//1
s 3026
f 10344//1 10345//1 10346//1
f 10346//1 10345//1 10347//1
f 10347//1 10345//1 10348//1
s 3027
f 10349//1 10350//1 10351//1
s 3028
f 10352//1 10353//12 10354//1
f 10353//12 10355//1 10354//1
s 3029
f 10356//1 10357//1 10358//1
f 10358//1 10357//1 10359//1
s 3030
f 10360//1 10361//1 10362//1
s 3031
f 10363//1 10364//1 10365//7
f 10364//1 10366//1 10365//7
f 10366//1 10367//1 10365//7
s 3032
f 10368//1 10369//1 10370//3
f 10370//3 10369//1 10371//1
f 10369//1 10372//1 10371//1
f 10371//1 10372//1 10373//1
s 3033
f 10374//1 10375//1 10376//1
f 10376//1 10375//1 10377//1
f 10375//1 10378//1 10377//1
f 10378//1 10379//1 10377//1
s 3034
f 10380//1 10381//1 10382//9
f 10382//9 10381//1 10383//1
f 10381//1 10384//1 10383//1
f 10384//1 10385//1 10383//1
s 3035
f 10386//1 10387//1 10388//1
f 10388//1 10387//1 10389//16
f 10387//1 10390//1 10389//16
f 10390//1 10391//1 10389//16
s 3036
f 10392//1 10393//1 10394//1
s 3037
f 10395//1 10396//1 10397//1
f 10396//1 10398//1 10397//1
f 10398//1 10399//1 10397//1
s 3038
f 10400//1 10401//1 10402//9
s 3039
f 10403//1 10404//1 10405//1
f 10404//1 10406//1 10405//1
f 10405//1 10406//1 10407//1
s 3040
f 10408//1 10409//1 10410//2
f 10410//2 10409//1 10411//1
f 10411//1 10409//1 10412//1
s 3041
f 10413//1 10414//1 10415//1
s 3042
f 10416//1 10417//1 10418//1
f 10418//1 10417//1 10419//9
f 10417//1 10420//1 10419//9
f 10420//1 10421//1 10419//9
s 3043
f 10422//1 10423//1 10424//1
f 10423//1 10425//1 10424//1
s 3044
f 10426//1 10427//2 10428//1233
f 10428//1233 10427//2 10429//1
s 3045
f 10430//1 10431//16 10432//7
f 10431//16 10433//1 10432//7
f 10432//7 10433//1 10434//1
f 10433//1 10435//1 10434//1
s 3046
f 10436//1 10437//1 10438//1
f 10437//1 10439//9 10438//1
f 10438//1 10439//9 10440//1
f 10439//9 10441//1 10440//1
