# Blender 5.2.0 LTS
# www.blender.org
mtllib Panel_derecha1.mtl
g Panel_derecha_1_Mesh_(2).002
v 4.770603 -3.439029 -5.253087
v 4.909988 -3.566798 -5.456355
v 4.904177 -3.311261 -5.055627
v 5.182947 -3.311261 -5.055627
v 5.182947 -3.560990 -5.456355
v 5.316521 -3.433222 -5.253087
v 5.357175 -3.706181 -5.682853
v 5.635940 -3.706181 -5.682853
v 5.630134 -3.450645 -5.276318
v 5.769519 -3.578413 -5.479585
v 5.357175 -3.450645 -5.282125
v 5.357175 -3.706181 -5.682853
v 5.630134 -3.450645 -5.276318
v 5.357175 -3.450645 -5.282125
v 5.223601 -3.578413 -5.479585
v 5.357175 -3.706181 -5.682853
v 5.775324 -3.862988 -5.932582
v 5.635940 -3.735219 -5.729314
v 5.635940 -3.990756 -6.130042
v 5.362981 -3.990756 -6.130042
v 5.362981 -3.735219 -5.729314
v 5.223601 -3.862988 -5.932582
v 5.769519 -3.003456 -4.579400
v 5.630134 -2.881495 -4.376132
v 5.630134 -3.131224 -4.776860
v 5.357175 -3.137032 -4.776860
v 5.351369 -2.881495 -4.376132
v 5.217790 -3.009264 -4.579400
v 7.465349 -3.723604 -5.717699
v 7.465349 -3.973332 -6.118427
v 7.604734 -3.845565 -5.915159
v 7.465349 -3.973332 -6.118427
v 7.465349 -3.723604 -5.717699
v 7.192390 -3.979141 -6.118427
v 7.192390 -3.723604 -5.717699
v 7.053010 -3.851372 -5.915159
v 3.986570 -3.595836 -5.497008
v 3.852996 -3.723604 -5.700276
v 3.992375 -3.851372 -5.903543
v 3.992375 -3.851372 -5.903543
v 4.265339 -3.851372 -5.903543
v 3.986570 -3.595836 -5.497008
v 4.265339 -3.595836 -5.497008
v 4.398913 -3.723604 -5.700276
v 2.929577 -2.869880 -4.347094
v 3.068961 -2.997648 -4.550361
v 3.068961 -2.742111 -4.149634
v 3.341920 -2.742111 -4.149634
v 3.341920 -2.997648 -4.550361
v 3.481305 -2.869880 -4.347094
v 3.928494 -3.015071 -4.579400
v 3.794919 -2.887303 -4.376132
v 3.794919 -3.142839 -4.782667
v 3.521959 -3.142839 -4.782667
v 3.516149 -2.887303 -4.381940
v 3.382575 -3.015071 -4.579400
v 3.980764 -2.742111 -4.143826
v 3.847185 -2.869880 -4.347094
v 3.980764 -2.991840 -4.550361
v 3.980764 -2.991840 -4.550361
v 4.259529 -2.991840 -4.550361
v 3.980764 -2.742111 -4.143826
v 4.253723 -2.736304 -4.143826
v 4.393103 -2.864072 -4.347094
v 6.675510 -0.999817 -1.408423
v 6.536125 -0.872049 -1.210963
v 6.536125 -1.127585 -1.611691
v 6.257360 -0.872049 -1.210963
v 6.263166 -1.127585 -1.611691
v 6.123786 -0.999817 -1.414231
v 4.747371 -0.575858 -0.734736
v 4.886755 -0.703627 -0.932196
v 4.886755 -0.448090 -0.531468
v 5.159714 -0.448090 -0.531468
v 5.165524 -0.697819 -0.932196
v 5.299099 -0.570051 -0.728929
v 4.288567 -0.721050 -0.967042
v 4.422146 -0.848818 -1.164502
v 4.422146 -0.593282 -0.763774
v 4.695105 -0.593282 -0.763774
v 4.700911 -0.848818 -1.164502
v 4.834485 -0.721050 -0.967042
v 4.753181 -0.860433 -1.181925
v 4.892561 -0.988201 -1.385193
v 4.886755 -0.732665 -0.984465
v 5.165524 -0.732665 -0.984465
v 5.165524 -0.988201 -1.385193
v 5.299099 -0.860433 -1.181925
v 5.740481 0.423057 0.839137
v 5.601096 0.550825 1.042405
v 5.606902 0.295289 0.641676
v 5.328137 0.295289 0.641676
v 5.328137 0.550825 1.042405
v 5.194563 0.423057 0.839137
v 5.746286 0.138482 0.391948
v 5.606902 0.266251 0.589408
v 5.606902 0.010714 0.188680
v 5.333942 0.010714 0.188680
v 5.333942 0.266251 0.589408
v 5.194563 0.138482 0.391948
v 6.112170 -0.430667 -0.514046
v 6.251555 -0.558436 -0.711505
v 6.251555 -0.302899 -0.310778
v 6.524514 -0.302899 -0.310778
v 6.524514 -0.558436 -0.711505
v 6.663894 -0.430667 -0.514046
v 7.442122 -0.291284 -0.299162
v 7.442122 -0.546820 -0.699890
v 7.575696 -0.419052 -0.496623
v 7.442122 -0.546820 -0.699890
v 7.442122 -0.291284 -0.299162
v 7.169162 -0.546820 -0.699890
v 7.163352 -0.291284 -0.299162
v 7.029778 -0.419052 -0.496623
v 8.046116 -0.848818 -1.181925
v 7.906731 -0.721050 -0.978658
v 7.912541 -0.976586 -1.379385
v 7.633772 -0.976586 -1.379385
v 7.633772 -0.721050 -0.978658
v 7.494387 -0.848818 -1.181925
v 2.906344 0.272058 0.618446
v 3.045729 0.150097 0.415179
v 3.045729 0.399826 0.821714
v 3.318688 0.405634 0.821714
v 3.318688 0.150097 0.420986
v 3.458073 0.277866 0.618446
v 2.447541 -0.151900 -0.055241
v 2.581120 -0.279669 -0.252701
v 2.581120 -0.024132 0.148026
v 2.854079 -0.024132 0.148026
v 2.859884 -0.279669 -0.252701
v 2.993463 -0.151900 -0.049433
v 3.911072 -0.151900 -0.061049
v 3.771686 -0.024132 0.136411
v 3.771686 -0.279669 -0.264317
v 3.498727 -0.279669 -0.264317
v 3.498727 -0.029939 0.136411
v 3.359342 -0.157708 -0.061049
v 3.823957 -0.006709 0.171257
v 3.963337 -0.134477 -0.032011
v 3.963337 0.121059 0.368717
v 4.236301 -0.134477 -0.032011
v 4.236301 0.121059 0.368717
v 4.375681 -0.006709 0.171257
v 3.823957 0.277866 0.618446
v 3.963337 0.150097 0.420986
v 3.957532 0.405634 0.821714
v 4.236301 0.155905 0.420986
v 4.230491 0.405634 0.821714
v 4.369875 0.283674 0.618446
v 1.088551 -0.866241 -1.176117
v 1.222130 -0.994009 -1.379385
v 1.222130 -0.738473 -0.978658
v 1.495089 -0.738473 -0.972849
v 1.500895 -0.994009 -1.379385
v 1.634469 -0.866241 -1.176117
v 4.294377 -1.580582 -2.320224
v 4.427952 -1.708350 -2.523492
v 4.427952 -1.452813 -2.122764
v 4.700911 -1.452813 -2.116957
v 4.706717 -1.708350 -2.523492
v 4.840295 -1.580582 -2.320224
v 5.757903 -1.574774 -2.320224
v 5.618518 -1.447006 -2.116957
v 5.618518 -1.702542 -2.517684
v 5.345559 -1.702542 -2.517684
v 5.345559 -1.452813 -2.116957
v 5.206174 -1.580582 -2.320224
v 6.222517 -2.004540 -2.999719
v 6.088938 -1.876772 -2.802259
v 6.088938 -2.132308 -3.202987
v 5.815979 -2.132308 -3.202987
v 5.810173 -1.882579 -2.802259
v 5.676594 -2.010347 -2.999719
v 8.051927 -1.714158 -2.546723
v 7.912541 -1.586389 -2.343455
v 7.918347 -1.841926 -2.744183
v 7.639583 -1.841926 -2.744183
v 7.639583 -1.586389 -2.343455
v 7.506003 -1.714158 -2.546723
v 8.051927 -1.998732 -2.993911
v 7.918347 -1.870964 -2.796451
v 7.918347 -2.126501 -3.197179
v 7.645388 -2.126501 -3.197179
v 7.639583 -1.870964 -2.796451
v 7.506003 -1.998732 -2.999719
v 6.588396 -2.004540 -2.999719
v 6.727781 -2.132308 -3.197179
v 6.727781 -1.876772 -2.796451
v 7.000740 -1.876772 -2.796451
v 7.000740 -2.126501 -3.197179
v 7.140124 -1.998732 -2.999719
v 3.969148 -1.319238 -1.902074
v 3.974954 -1.574774 -2.302801
v 4.247912 -1.568966 -2.302801
v 3.969148 -1.319238 -1.902074
v 3.835569 -1.447006 -2.105341
v 3.974954 -1.574774 -2.302801
v 3.969148 -1.319238 -1.902074
v 4.247912 -1.568966 -2.302801
v 4.247912 -1.319238 -1.902074
v 4.381492 -1.441198 -2.105341
v 2.917960 -1.452813 -2.105341
v 3.057345 -1.574774 -2.308609
v 3.057345 -1.325045 -1.902074
v 3.330304 -1.319238 -1.902074
v 3.330304 -1.574774 -2.308609
v 3.469689 -1.447006 -2.105341
v 2.917960 -1.162431 -1.652344
v 3.057345 -1.290199 -1.855612
v 3.051539 -1.034663 -1.454884
v 3.330304 -1.034663 -1.454884
v 3.330304 -1.290199 -1.855612
v 3.469689 -1.162431 -1.652344
v 2.871500 -1.754811 -2.587376
v 2.592736 -1.754811 -2.587376
v 2.598541 -2.010347 -2.988104
v 2.459157 -1.882579 -2.790644
v 2.598541 -2.010347 -2.988104
v 2.871500 -2.010347 -2.988104
v 2.871500 -1.754811 -2.587376
v 3.005075 -1.882579 -2.790644
v 2.923771 -2.021963 -3.005527
v 3.063151 -2.149732 -3.208795
v 3.063151 -1.894195 -2.808067
v 3.336115 -1.894195 -2.808067
v 3.336115 -2.149732 -3.208795
v 3.475495 -2.021963 -3.005527
v 1.088551 -1.749003 -2.564145
v 1.227936 -1.876772 -2.767413
v 1.227936 -1.621235 -2.366685
v 1.500895 -1.621235 -2.366685
v 1.500895 -1.870964 -2.767413
v 1.640280 -1.743196 -2.564145
v 2.006159 -1.452813 -2.105341
v 2.145543 -1.580582 -2.308609
v 2.139738 -1.325045 -1.907881
v 2.418502 -1.580582 -2.308609
v 2.418502 -1.325045 -1.902074
v 2.552082 -1.452813 -2.105341
v 1.088551 -1.464429 -2.122764
v 1.227936 -1.592197 -2.320224
v 1.227936 -1.336660 -1.919497
v 1.500895 -1.336660 -1.919497
v 1.500895 -1.592197 -2.320224
v 1.640280 -1.464429 -2.116957
v 0.623942 -1.319238 -1.890458
v 0.763326 -1.447006 -2.087918
v 0.757516 -1.191469 -1.687190
v 1.036286 -1.191469 -1.687190
v 1.036286 -1.447006 -2.087918
v 1.175665 -1.319238 -1.890458
v 0.629748 -2.178770 -3.243640
v 0.769132 -2.306538 -3.441100
v 0.769132 -2.051001 -3.040373
v 1.042091 -2.051001 -3.040373
v 1.042091 -2.300730 -3.441100
v 1.181476 -2.172962 -3.243640
v 8.348112 1.723971 2.877621
v 8.348112 1.468434 2.476894
v 8.481691 1.596202 2.680162
v 8.348112 1.723971 2.877621
v 8.069348 1.723971 2.877621
v 8.348112 1.468434 2.476894
v 8.075153 1.468434 2.476894
v 7.935769 1.596202 2.674354
v 4.735754 1.718163 2.889237
v 4.869334 1.596202 2.691777
v 4.869334 1.845931 3.092504
v 5.142292 1.851739 3.092504
v 5.148098 1.596202 2.691777
v 5.281677 1.723971 2.895045
v 4.265339 1.863354 3.121543
v 4.404719 1.735586 2.924083
v 4.404719 1.991122 3.324810
v 4.677678 1.991122 3.324810
v 4.677678 1.741394 2.924083
v 4.817063 1.869162 3.121543
v 4.735754 1.154821 2.000666
v 4.875139 1.032860 1.803207
v 4.875139 1.282589 2.203934
v 5.148098 1.288397 2.203934
v 5.148098 1.032860 1.803207
v 5.287483 1.160628 2.006474
v 7.157547 1.178051 2.018090
v 7.430505 1.178051 2.018090
v 7.430505 1.433588 2.418817
v 7.564079 1.305820 2.221357
v 7.151741 1.427780 2.418817
v 7.157547 1.178051 2.018090
v 7.430505 1.433588 2.418817
v 7.151741 1.427780 2.418817
v 7.018161 1.300012 2.221357
v 7.157547 1.178051 2.018090
v 6.100554 1.590394 2.674354
v 6.239939 1.462626 2.476894
v 6.234128 1.718163 2.877621
v 6.507087 1.718163 2.877621
v 6.512898 1.462626 2.476894
v 6.646472 1.590394 2.680162
v 6.565164 1.729778 2.895045
v 6.698742 1.602010 2.697584
v 6.698742 1.857547 3.098312
v 6.971702 1.857547 3.098312
v 6.977507 1.602010 2.697584
v 7.111086 1.729778 2.895045
v 7.564079 1.874969 3.115735
v 7.424700 1.996930 3.319003
v 7.424700 1.747201 2.918275
v 7.151741 1.741394 2.918275
v 7.145930 1.996930 3.319003
v 7.012356 1.869162 3.115735
v 6.512898 1.137398 1.965821
v 6.239939 1.137398 1.965821
v 6.239939 0.881861 1.559285
v 6.100554 1.009630 1.762553
v 6.512898 1.137398 1.965821
v 6.239939 0.881861 1.559285
v 6.518703 0.881861 1.559285
v 6.512898 1.137398 1.965821
v 6.518703 0.881861 1.559285
v 6.652283 1.009630 1.762553
v 7.569890 1.021245 1.779976
v 7.430505 1.149013 1.977436
v 7.430505 0.893477 1.576708
v 7.157547 0.893477 1.576708
v 7.157547 1.149013 1.977436
v 7.018161 1.021245 1.774168
v 3.812341 1.712355 2.889237
v 3.951726 1.590394 2.685969
v 3.945915 1.840124 3.092504
v 4.224685 1.590394 2.685969
v 4.224685 1.845931 3.092504
v 4.358259 1.718163 2.889237
v 2.435929 1.276781 2.203934
v 2.575309 1.149013 2.000666
v 2.569503 1.404550 2.407202
v 2.848268 1.404550 2.407202
v 2.848268 1.149013 2.000666
v 2.981847 1.276781 2.203934
v 0.606520 0.986399 1.750937
v 0.745900 0.858631 1.547670
v 0.745900 1.114167 1.954205
v 1.018859 1.114167 1.954205
v 1.018859 0.858631 1.547670
v 1.158244 0.986399 1.750937
v 1.071129 0.847016 1.530247
v 1.210514 0.719247 1.332787
v 1.210514 0.974783 1.733515
v 1.483473 0.974783 1.733515
v 1.483473 0.719247 1.332787
v 1.622858 0.847016 1.536054
v 3.794919 3.727609 6.066020
v 3.934299 3.599841 5.868560
v 3.928494 3.855377 6.269288
v 4.201453 3.855377 6.269288
v 4.207258 3.605649 5.868560
v 4.340837 3.727609 6.066020
v 5.624329 3.733417 6.066020
v 5.757903 3.605649 5.868560
v 5.757903 3.861185 6.263481
v 6.030862 3.605649 5.868560
v 6.030862 3.861185 6.263481
v 6.170247 3.733417 6.066020
v 5.723059 2.728693 4.480533
v 5.589480 2.856462 4.683801
v 5.589480 2.600925 4.283072
v 5.316521 2.600925 4.277265
v 5.310715 2.856462 4.683801
v 5.177136 2.728693 4.480533
v 5.781135 2.171159 3.597770
v 6.054094 2.171159 3.597770
v 6.054094 2.426696 3.998497
v 6.193474 2.298928 3.801038
v 5.781135 2.426696 3.998497
v 5.781135 2.171159 3.597770
v 6.054094 2.426696 3.998497
v 5.781135 2.426696 3.998497
v 5.641750 2.298928 3.801038
v 5.781135 2.171159 3.597770
v 4.253723 3.582418 5.833714
v 4.393103 3.454650 5.630446
v 4.393103 3.710187 6.031175
v 4.666067 3.710187 6.031175
v 4.666067 3.454650 5.630446
v 4.666067 3.710187 6.031175
v 4.666067 3.454650 5.630446
v 4.805447 3.582418 5.833714
v 6.634856 3.024884 4.939337
v 6.501282 3.146844 5.136796
v 6.501282 2.897115 4.736069
v 6.228323 2.891308 4.736069
v 6.222517 3.146844 5.136796
v 6.088938 3.019076 4.939337
v 7.552468 3.024884 4.939337
v 7.418889 3.152652 5.142604
v 7.418889 2.897115 4.741877
v 7.145930 2.897115 4.741877
v 7.140124 3.152652 5.142604
v 7.006545 3.024884 4.939337
v 6.547741 3.733417 6.066020
v 6.687126 3.611456 5.862753
v 6.687126 3.861185 6.269288
v 6.960085 3.866992 6.269288
v 6.960085 3.611456 5.868560
v 6.960085 3.866992 6.269288
v 6.960085 3.611456 5.868560
v 7.099470 3.739225 6.066020
v 8.011271 3.745032 6.071828
v 7.871887 3.866992 6.269288
v 7.877693 3.617264 5.868560
v 7.604734 3.611456 5.868560
v 7.598928 3.866992 6.269288
v 7.598928 3.866992 6.269288
v 7.465349 3.739225 6.066020
v 7.604734 3.611456 5.868560
v 2.377848 3.849570 6.263481
v 2.104889 3.843762 6.263481
v 2.104889 3.594034 5.862753
v 1.965509 3.721802 6.066020
v 2.377848 3.849570 6.263481
v 2.104889 3.594034 5.862753
v 2.377848 3.594034 5.862753
v 2.377848 3.849570 6.263481
v 2.377848 3.594034 5.862753
v 2.511427 3.721802 6.066020
v 2.424313 2.432503 4.027536
v 2.563693 2.304735 3.824268
v 2.563693 2.560272 4.224996
v 2.836657 2.560272 4.224996
v 2.836657 2.304735 3.824268
v 2.976037 2.432503 4.027536
v 3.022501 3.564995 5.810484
v 2.883117 3.437227 5.613024
v 3.022501 3.309458 5.409756
v 3.022501 3.564995 5.810484
v 3.022501 3.309458 5.409756
v 3.295460 3.564995 5.810484
v 3.295460 3.309458 5.409756
v 3.434840 3.437227 5.613024
v 2.424313 3.007461 4.939337
v 2.557887 2.885500 4.741877
v 2.557887 3.135229 5.142604
v 2.830846 3.141037 5.142604
v 2.836657 2.885500 4.741877
v 2.970231 3.013268 4.939337
v 3.887839 3.007461 4.927722
v 3.748453 3.135229 5.130989
v 3.748453 2.879693 4.730262
v 3.475495 2.879693 4.730262
v 3.475495 3.135229 5.130989
v 3.336115 3.007461 4.927722
v 3.882034 3.292036 5.380718
v 3.748453 3.419804 5.583985
v 3.748453 3.164268 5.183257
v 3.475495 3.164268 5.177450
v 3.469689 3.419804 5.583985
v 3.336115 3.292036 5.380718
v 0.594904 2.717078 4.486340
v 0.734284 2.589310 4.283072
v 0.728478 2.844847 4.683801
v 1.007247 2.844847 4.683801
v 1.007247 2.589310 4.283072
v 1.140822 2.717078 4.486340
v 2.058429 2.438311 4.039151
v 1.924855 2.560272 4.236611
v 1.924855 2.310543 3.835883
v 1.651896 2.304735 3.835883
v 1.646085 2.560272 4.236611
v 1.512511 2.432503 4.033343
v 1.977121 2.287312 3.806845
v 2.116505 2.159544 3.603577
v 2.116505 2.415081 4.004305
v 2.389464 2.165352 3.603577
v 2.389464 2.415081 4.004305
v 2.528849 2.293120 3.806845
v 1.971315 3.437227 5.618831
v 2.104889 3.315267 5.421371
v 2.104889 3.564995 5.822099
v 2.383659 3.315267 5.421371
v 2.377848 3.570803 5.822099
v 2.517233 3.443035 5.624639
v 5.180622 -3.029141 -4.607929
v 4.907659 -3.029141 -4.607929
v 4.907659 -3.284683 -5.014473
v 4.768269 -3.156913 -4.811201
v 4.907659 -3.284683 -5.014473
v 5.180622 -3.284683 -5.008665
v 5.180622 -3.029141 -4.607929
v 5.320007 -3.156913 -4.811201
v 4.297839 -2.727137 -4.131691
v 4.437229 -2.854908 -4.329155
v 4.437229 -2.599366 -3.928419
v 4.710193 -2.599366 -3.928419
v 4.715999 -2.854908 -4.329155
v 4.849578 -2.727137 -4.125884
v 3.926145 -2.727137 -4.125884
v 3.792566 -2.599366 -3.928419
v 3.792566 -2.854908 -4.329155
v 3.519596 -2.854908 -4.329155
v 3.513791 -2.605174 -3.928419
v 3.380211 -2.732944 -4.131691
v 3.839026 -1.734007 -2.557784
v 3.972605 -1.855970 -2.755248
v 3.972605 -1.606236 -2.354512
v 4.251379 -1.855970 -2.755248
v 4.245569 -1.600428 -2.354512
v 4.384958 -1.728199 -2.551976
v 3.920334 -1.310040 -1.884082
v 3.780950 -1.182269 -1.686617
v 3.780950 -1.437811 -2.087354
v 3.507985 -1.437811 -2.087354
v 3.507985 -1.182269 -1.686617
v 3.368595 -1.310040 -1.884082
v 2.433546 1.855198 3.116413
v 2.567125 1.727427 2.918948
v 2.567125 1.982969 3.319685
v 2.840089 1.982969 3.319685
v 2.845895 1.733235 2.918948
v 2.979474 1.861006 3.116413
v 3.809988 2.000393 3.337108
v 3.949373 1.872622 3.139644
v 3.943567 2.128164 3.540380
v 4.222342 1.872622 3.139644
v 4.222342 2.128164 3.540380
v 4.361726 2.000393 3.342916
v 2.439352 0.989840 1.751585
v 2.572931 0.862069 1.554121
v 2.572931 1.117611 1.954858
v 2.845895 1.117611 1.954858
v 2.851706 0.867876 1.554121
v 2.985285 0.995647 1.751585
v 3.804182 2.581170 4.260544
v 3.943567 2.459207 4.057273
v 3.943567 2.708941 4.463817
v 4.216531 2.459207 4.063080
v 4.216531 2.714749 4.463817
v 4.216531 2.714749 4.463817
v 4.216531 2.459207 4.063080
v 4.355920 2.586978 4.260544
v 8.520095 -3.563457 -5.473288
v 8.386516 -3.435686 -5.270016
v 8.386516 -3.691228 -5.676560
v 8.107741 -3.441493 -5.275823
v 8.113547 -3.691228 -5.676560
v 7.974163 -3.569264 -5.473288
v 6.098249 -3.592495 -5.508134
v 6.098249 -3.848037 -5.914679
v 6.237639 -3.720266 -5.711407
v 6.098249 -3.848037 -5.914679
v 6.098249 -3.592495 -5.508134
v 5.825285 -3.853845 -5.914679
v 5.825285 -3.598304 -5.508134
v 5.685901 -3.726074 -5.711407
v 5.186433 -3.592495 -5.496519
v 4.907659 -3.592495 -5.496519
v 4.913465 -3.848037 -5.903063
v 4.774080 -3.720266 -5.699791
v 4.913465 -3.848037 -5.903063
v 5.186433 -3.848037 -5.903063
v 5.186433 -3.592495 -5.496519
v 5.320007 -3.720266 -5.699791
v 8.061282 -3.133681 -4.793777
v 7.921892 -3.011718 -4.596313
v 7.927702 -3.261452 -4.997050
v 7.654734 -3.267260 -4.997050
v 7.648928 -3.011718 -4.596313
v 7.515349 -3.139489 -4.793777
v 2.480006 -2.727137 -4.120076
v 2.613585 -2.854908 -4.317540
v 2.613585 -2.599366 -3.916804
v 2.886549 -2.599366 -3.916804
v 2.886549 -2.849100 -4.317540
v 3.025939 -2.721329 -4.120076
v 3.850642 -3.435686 -5.252592
v 3.990027 -3.563457 -5.450057
v 3.984221 -3.307915 -5.049320
v 4.262996 -3.563457 -5.450057
v 4.262996 -3.307915 -5.049320
v 4.262996 -3.307915 -5.049320
v 4.262996 -3.563457 -5.450057
v 4.396574 -3.435686 -5.246784
v 2.607780 -3.749306 -5.734637
v 2.474201 -3.877076 -5.937910
v 2.613585 -4.004848 -6.135374
v 2.607780 -3.749306 -5.734637
v 2.613585 -4.004848 -6.135374
v 2.880744 -3.749306 -5.734637
v 2.886549 -3.999039 -6.135374
v 3.020128 -3.871268 -5.932102
v 0.638942 -3.592495 -5.473288
v 0.778326 -3.720266 -5.676560
v 0.778326 -3.464724 -5.275823
v 1.051295 -3.464724 -5.275823
v 1.051295 -3.714459 -5.676560
v 1.190680 -3.586688 -5.473288
v 1.963117 -2.889755 -4.369810
v 1.963117 -3.139489 -4.770546
v 2.102501 -3.011718 -4.573082
v 1.963117 -3.139489 -4.770546
v 1.963117 -2.889755 -4.369810
v 1.690148 -3.145297 -4.770546
v 1.690148 -2.889755 -4.369810
v 1.550763 -3.017526 -4.573082
v 0.633136 -2.732944 -4.120076
v 0.772521 -2.860716 -4.323348
v 0.772521 -2.605174 -3.922611
v 1.045485 -2.605174 -3.922611
v 1.045485 -2.860716 -4.323348
v 1.184874 -2.732944 -4.120076
v 8.357477 -0.009098 0.148639
v 8.363283 -0.258832 -0.257905
v 8.496862 -0.131061 -0.054633
v 8.357477 -0.009098 0.148639
v 8.084509 -0.009098 0.142832
v 8.363283 -0.258832 -0.257905
v 8.084509 -0.264640 -0.257905
v 7.950930 -0.136869 -0.054633
v 8.363283 -0.293679 -0.304367
v 8.363283 -0.543413 -0.705104
v 8.496862 -0.415642 -0.507639
v 8.363283 -0.293679 -0.304367
v 8.084509 -0.293679 -0.304367
v 8.363283 -0.543413 -0.705104
v 8.090320 -0.549221 -0.705104
v 7.950930 -0.421450 -0.507639
v 8.357477 0.565872 1.048845
v 8.357477 0.310330 0.648108
v 8.491056 0.438101 0.845573
v 8.357477 0.565872 1.048845
v 8.078704 0.565872 1.048845
v 8.357477 0.310330 0.648108
v 8.084509 0.310330 0.648108
v 8.078704 0.565872 1.048845
v 7.945125 0.438101 0.845573
v 8.084509 0.310330 0.648108
v 6.208601 0.002518 0.171870
v 6.069211 0.130289 0.375143
v 6.075022 -0.125253 -0.031402
v 5.796247 -0.125253 -0.031402
v 5.796247 0.130289 0.369335
v 5.662668 0.002518 0.171870
v 7.579236 -0.131061 -0.048825
v 7.439846 -0.009098 0.148639
v 7.439846 -0.264640 -0.252097
v 7.166882 -0.264640 -0.252097
v 7.166882 -0.009098 0.148639
v 7.027497 -0.136869 -0.054633
v 8.038050 0.008326 0.171870
v 7.904470 0.136097 0.375143
v 7.904470 -0.119446 -0.025594
v 7.631506 -0.119446 -0.025594
v 7.625696 0.136097 0.375143
v 7.492116 0.008326 0.171870
v 6.580295 -0.851225 -1.181341
v 6.719685 -0.978997 -1.384613
v 6.719685 -0.723454 -0.978069
v 6.992649 -0.723454 -0.978069
v 6.992649 -0.978997 -1.384613
v 7.132033 -0.851225 -1.181341
v 3.833220 -0.862841 -1.181341
v 3.966799 -0.990612 -1.384613
v 3.966799 -0.735070 -0.983877
v 4.245569 -0.990612 -1.384613
v 4.239763 -0.735070 -0.983877
v 4.379148 -0.862841 -1.181341
v 2.909782 -0.009098 0.166063
v 3.049166 -0.136869 -0.031402
v 3.043361 0.118673 0.369335
v 3.322135 0.118673 0.369335
v 3.322135 -0.136869 -0.031402
v 3.455714 -0.009098 0.166063
v 2.085079 -0.723454 -0.954838
v 1.945690 -0.601491 -0.757373
v 1.945690 -0.851225 -1.158110
v 1.672726 -0.857033 -1.158110
v 1.672726 -0.601491 -0.757373
v 1.533341 -0.729262 -0.954838
v 1.992155 -0.009098 0.177679
v 2.131539 -0.136869 -0.025594
v 2.131539 0.118673 0.380951
v 2.404503 -0.131061 -0.025594
v 2.404503 0.118673 0.380951
v 2.543893 -0.003290 0.177679
v 1.080333 -0.020713 0.160255
v 1.219718 -0.148484 -0.037209
v 1.213912 0.107058 0.363527
v 1.492687 0.107058 0.363527
v 1.492687 -0.142677 -0.037209
v 1.626261 -0.014906 0.166063
v 1.080333 0.263868 0.613261
v 1.213912 0.136097 0.415797
v 1.213912 0.391639 0.816534
v 1.486876 0.391639 0.816534
v 1.492687 0.141904 0.415797
v 1.626261 0.269675 0.613261
v 8.369089 -1.437811 -2.116393
v 8.369089 -1.693353 -2.517129
v 8.508478 -1.565582 -2.313857
v 8.369089 -1.437811 -2.116393
v 8.096126 -1.437811 -2.116393
v 8.369089 -1.693353 -2.517129
v 8.096126 -1.693353 -2.517129
v 7.956741 -1.565582 -2.313857
v 5.668474 -2.581943 -3.905188
v 5.807864 -2.703906 -4.102652
v 5.802053 -2.454171 -3.701916
v 6.080827 -2.703906 -4.102652
v 6.075022 -2.448364 -3.701916
v 6.075022 -2.448364 -3.701916
v 6.080827 -2.703906 -4.102652
v 6.214406 -2.576135 -3.905188
v 5.749783 -1.002227 -1.419460
v 5.616203 -0.880264 -1.216188
v 5.616203 -1.129998 -1.616924
v 5.343239 -1.135806 -1.616924
v 5.337434 -0.880264 -1.216188
v 5.203855 -1.008035 -1.419460
v 4.756658 -1.443618 -2.098969
v 4.896042 -1.565582 -2.302242
v 4.890232 -1.315847 -1.901505
v 5.169006 -1.310040 -1.901505
v 5.169006 -1.565582 -2.302242
v 5.302585 -1.437811 -2.098969
v 4.292034 -1.298424 -1.872467
v 4.425613 -1.420387 -2.069931
v 4.425613 -1.170653 -1.669194
v 4.698576 -1.164845 -1.669194
v 4.704387 -1.420387 -2.069931
v 4.837966 -1.292616 -1.866659
v 4.297839 -2.152167 -3.225678
v 4.437229 -2.279938 -3.423143
v 4.431418 -2.024396 -3.022406
v 4.704387 -2.024396 -3.022406
v 4.710193 -2.279938 -3.423143
v 4.843772 -2.152167 -3.219871
v 6.673220 -1.861778 -2.772672
v 6.533835 -1.734007 -2.569400
v 6.539641 -1.989549 -2.975944
v 6.260867 -1.989549 -2.975944
v 6.260867 -1.734007 -2.575207
v 6.121482 -1.861778 -2.772672
v 7.590852 -1.855970 -2.772672
v 7.451462 -1.728199 -2.569400
v 7.451462 -1.983741 -2.975944
v 7.178498 -1.983741 -2.975944
v 7.178498 -1.734007 -2.575207
v 7.039109 -1.861778 -2.772672
v 7.585042 -1.577197 -2.325473
v 7.445657 -1.449426 -2.128009
v 7.451462 -1.704968 -2.528745
v 7.172688 -1.704968 -2.528745
v 7.172688 -1.449426 -2.128009
v 7.039109 -1.577197 -2.325473
v 7.585042 -1.286808 -1.878274
v 7.445657 -1.164845 -1.675002
v 7.445657 -1.414579 -2.075739
v 7.172688 -1.420387 -2.075739
v 7.172688 -1.164845 -1.675002
v 7.033303 -1.292616 -1.878274
v 8.061282 -2.570327 -3.899380
v 7.921892 -2.442556 -3.696108
v 7.921892 -2.698098 -4.096845
v 7.648928 -2.698098 -4.096845
v 7.643117 -2.442556 -3.696108
v 7.509539 -2.570327 -3.899380
v 2.933014 -2.593558 -3.910996
v 3.066593 -2.721329 -4.114268
v 3.066593 -2.465787 -3.713531
v 3.339557 -2.465787 -3.713531
v 3.339557 -2.721329 -4.108460
v 3.478942 -2.593558 -3.910996
v 1.945690 -0.903495 -1.233611
v 1.951500 -1.159037 -1.634348
v 2.085079 -1.031266 -1.436883
v 1.951500 -1.159037 -1.634348
v 1.945690 -0.903495 -1.233611
v 1.672726 -1.159037 -1.640155
v 1.672726 -0.903495 -1.233611
v 1.539147 -1.031266 -1.436883
v 1.951500 -1.757238 -2.586823
v 1.957306 -2.012780 -2.987559
v 2.090885 -1.885009 -2.790095
v 1.957306 -2.012780 -2.987559
v 1.951500 -1.757238 -2.586823
v 1.678532 -2.012780 -2.993367
v 1.678532 -1.763046 -2.586823
v 1.544953 -1.890817 -2.790095
v 7.927702 2.163010 3.581035
v 8.061282 2.041047 3.377763
v 8.061282 2.290781 3.778499
v 8.340051 2.041047 3.377763
v 8.334245 2.296589 3.778499
v 8.334245 2.296589 3.778499
v 8.340051 2.041047 3.377763
v 8.473630 2.168818 3.581035
v 4.268801 1.291844 2.222015
v 4.408191 1.169881 2.018743
v 4.408191 1.419615 2.419480
v 4.681155 1.425423 2.425287
v 4.681155 1.169881 2.018743
v 4.820539 1.297652 2.222015
v 6.202790 0.867876 1.542506
v 6.063406 0.995647 1.739970
v 6.069211 0.740105 1.339234
v 5.790437 0.740105 1.339234
v 5.790437 0.995647 1.739970
v 5.656863 0.867876 1.542506
v 4.739231 0.583295 1.101115
v 4.878621 0.461332 0.897843
v 4.878621 0.711066 1.304387
v 5.151584 0.716874 1.304387
v 5.151584 0.461332 0.897843
v 5.290969 0.589103 1.101115
v 6.649988 1.303460 2.222015
v 6.510603 1.425423 2.419480
v 6.516413 1.175689 2.018743
v 6.237639 1.169881 2.018743
v 6.237639 1.425423 2.419480
v 6.104060 1.297652 2.222015
v 7.619890 1.320883 2.245246
v 7.892854 1.320883 2.245246
v 7.892854 1.576425 2.645983
v 8.032239 1.448654 2.448519
v 7.892854 1.576425 2.645983
v 7.614079 1.576425 2.645983
v 7.619890 1.320883 2.245246
v 7.480500 1.448654 2.448519
v 6.098249 1.872622 3.128028
v 6.237639 1.744851 2.924756
v 6.231828 2.000393 3.331300
v 6.510603 2.000393 3.331300
v 6.510603 1.750658 2.930564
v 6.644182 1.878429 3.128028
v 2.433546 1.564809 2.663406
v 2.572931 1.437038 2.460134
v 2.567125 1.692580 2.860871
v 2.845895 1.442846 2.460134
v 2.845895 1.692580 2.860871
v 2.979474 1.570617 2.663406
v 3.815794 1.431231 2.436903
v 3.955183 1.303460 2.239439
v 3.949373 1.559002 2.640175
v 4.228147 1.303460 2.239439
v 4.222342 1.559002 2.640175
v 4.361726 1.431231 2.436903
v 3.897107 1.291844 2.216208
v 3.763527 1.419615 2.419480
v 3.763527 1.164073 2.018743
v 3.490558 1.164073 2.018743
v 3.484752 1.413807 2.419480
v 3.351173 1.286036 2.216208
v 2.067653 1.849391 3.104797
v 1.928268 1.971353 3.308069
v 1.928268 1.721619 2.907333
v 1.655304 1.715811 2.907333
v 1.649494 1.971353 3.308069
v 1.515914 1.843582 3.104797
v 1.202296 1.826159 3.075759
v 1.068717 1.698388 2.872486
v 1.208102 1.570617 2.669214
v 1.202296 1.826159 3.075759
v 1.208102 1.570617 2.669214
v 1.475260 1.826159 3.075759
v 1.481071 1.570617 2.675022
v 1.614650 1.698388 2.872486
v 1.986344 0.844645 1.519275
v 2.125734 0.716874 1.321810
v 2.125734 0.972416 1.722547
v 2.398698 0.716874 1.321810
v 2.398698 0.972416 1.722547
v 2.538082 0.844645 1.525082
v 0.743483 0.827222 1.501851
v 0.609904 0.699451 1.298579
v 0.749288 0.571680 1.101115
v 0.743483 0.827222 1.501851
v 0.749288 0.571680 1.101115
v 1.022252 0.827222 1.501851
v 1.022252 0.571680 1.101115
v 1.022252 0.827222 1.501851
v 1.022252 0.571680 1.101115
v 1.155831 0.699451 1.298579
v 8.061282 3.156140 5.137518
v 8.340051 2.900598 4.736782
v 8.334245 3.156140 5.137518
v 8.334245 3.156140 5.137518
v 8.340051 2.900598 4.736782
v 8.473630 3.028369 4.940055
v 8.061282 3.156140 5.137518
v 8.061282 2.900598 4.736782
v 8.340051 2.900598 4.736782
v 8.061282 3.156140 5.137518
v 7.927702 3.028369 4.940055
v 8.061282 2.900598 4.736782
v 4.721809 2.871559 4.707743
v 4.861194 2.743788 4.504471
v 4.861194 2.999330 4.905208
v 5.134162 2.999330 4.905208
v 5.134162 2.743788 4.504471
v 5.273547 2.871559 4.707743
v 5.726555 2.157202 3.581035
v 5.592976 2.284973 3.778499
v 5.592976 2.029431 3.377763
v 5.320007 2.029431 3.377763
v 5.314201 2.284973 3.778499
v 5.180622 2.157202 3.581035
v 6.191174 2.586978 4.248930
v 6.051789 2.708941 4.452201
v 6.057595 2.459207 4.051465
v 5.778825 2.453399 4.051465
v 5.778825 2.708941 4.452201
v 5.639436 2.581170 4.248930
v 5.720745 3.016753 4.934247
v 5.587165 3.144524 5.131711
v 5.587165 2.888983 4.730974
v 5.314201 2.888983 4.730974
v 5.308396 3.138717 5.131711
v 5.174817 3.010946 4.934247
v 4.855388 3.562684 5.799605
v 4.721809 3.434913 5.602141
v 4.861194 3.307142 5.398868
v 4.855388 3.562684 5.799605
v 4.861194 3.307142 5.398868
v 5.134162 3.562684 5.799605
v 5.134162 3.307142 5.398868
v 5.267742 3.434913 5.602141
v 6.092443 2.732172 4.481240
v 6.231828 2.604401 4.277967
v 6.226023 2.859944 4.678705
v 6.498987 2.859944 4.684512
v 6.504797 2.604401 4.277967
v 6.638376 2.732172 4.481240
v 7.556004 2.743788 4.498663
v 7.416618 2.871559 4.696128
v 7.416618 2.616016 4.295392
v 7.143650 2.616016 4.295392
v 7.143650 2.871559 4.696128
v 7.004265 2.743788 4.492855
v 7.422424 2.302397 3.795923
v 7.422424 2.046854 3.395186
v 7.561809 2.174625 3.592651
v 7.422424 2.046854 3.395186
v 7.422424 2.302397 3.795923
v 7.149460 2.046854 3.395186
v 7.143650 2.302397 3.795923
v 7.010071 2.174625 3.592651
v 8.020627 2.598593 4.266353
v 7.881238 2.726364 4.463817
v 7.887048 2.470822 4.063080
v 7.608274 2.470822 4.063080
v 7.608274 2.726364 4.463817
v 7.474695 2.598593 4.266353
v 2.421930 2.720557 4.481240
v 2.561315 2.592786 4.283776
v 2.561315 2.848328 4.684512
v 2.840089 2.592786 4.283776
v 2.834279 2.848328 4.684512
v 2.973668 2.720557 4.487048
v 3.298903 2.708941 4.458009
v 3.025939 2.708941 4.458009
v 3.031745 2.453399 4.057273
v 2.892360 2.581170 4.260544
v 3.031745 2.453399 4.057273
v 3.304708 2.453399 4.057273
v 3.298903 2.708941 4.458009
v 3.438287 2.581170 4.260544
v 3.879680 3.580108 5.834452
v 3.746100 3.707879 6.031916
v 3.746100 3.452336 5.631179
v 3.473136 3.452336 5.631179
v 3.467330 3.702071 6.031916
v 3.467330 3.702071 6.031916
v 3.333751 3.574300 5.828644
v 3.473136 3.452336 5.631179
v 1.062912 2.581170 4.266353
v 1.196486 2.453399 4.068888
v 1.196486 2.708941 4.469624
v 1.469454 2.708941 4.469624
v 1.475260 2.453399 4.068888
v 1.608839 2.581170 4.266353
v 2.050231 3.580108 5.840260
v 1.916652 3.702071 6.043531
v 1.916652 3.452336 5.636987
v 1.643688 3.446529 5.636987
v 1.637877 3.702071 6.043531
v 1.504298 3.574300 5.840260
v 1.057101 3.138717 5.154943
v 1.196486 3.016753 4.957478
v 1.190680 3.266488 5.358214
v 1.469454 3.272295 5.358214
v 1.469454 3.016753 4.957478
v 1.603034 3.144524 5.154943
v 0.592477 3.283911 5.387253
v 0.726056 3.161948 5.183980
v 0.726056 3.411682 5.590525
v 0.999025 3.417490 5.590525
v 1.004830 3.161948 5.183980
v 1.138409 3.289719 5.387253
v 2.282291 -3.544456 -5.778638
v 2.166163 -3.544456 -5.778638
v 2.282291 -3.416714 -5.575412
v 2.166163 -3.416714 -5.575412
v 2.282291 -3.405102 -5.581219
v 2.282291 -3.532843 -5.784444
v 2.282291 -3.544456 -5.778638
v 2.282291 -3.201876 -5.232832
v 2.282291 -3.329618 -5.436058
v 2.160353 -3.329618 -5.436058
v 2.160353 -3.201876 -5.238639
v 2.282291 -3.201876 -5.232832
v 2.160353 -3.329618 -5.436058
v 2.282291 -3.196069 -5.238639
v 2.282291 -3.329618 -5.436058
v 2.282291 -3.201876 -5.232832
v 2.450675 -3.329618 -5.436058
v 2.334547 -3.329618 -5.436058
v 2.450675 -3.201876 -5.232832
v 2.334547 -3.201876 -5.232832
v 2.450675 -3.190263 -5.238639
v 2.450675 -3.329618 -5.436058
v 2.450675 -3.201876 -5.232832
v 2.456486 -3.544456 -5.778638
v 2.334547 -3.544456 -5.778638
v 2.456486 -3.416714 -5.575412
v 2.334547 -3.416714 -5.575412
v 2.456486 -3.405102 -5.581219
v 2.456486 -3.544456 -5.778638
v 2.456486 -3.416714 -5.575412
v 3.164870 -3.410908 -5.569606
v 3.164870 -3.538650 -5.772832
v 3.042936 -3.538650 -5.772832
v 3.042936 -3.410908 -5.569606
v 3.164870 -3.410908 -5.569606
v 3.042936 -3.538650 -5.772832
v 3.164870 -3.196069 -5.232832
v 3.164870 -3.323811 -5.436058
v 3.042936 -3.323811 -5.436058
v 3.042936 -3.196069 -5.232832
v 3.164870 -3.196069 -5.232832
v 3.042936 -3.323811 -5.436058
v 2.990675 -3.329618 -5.436058
v 2.874547 -3.329618 -5.436058
v 2.990675 -3.196069 -5.232832
v 2.874547 -3.201876 -5.232832
v 2.990675 -3.190263 -5.238639
v 2.990675 -3.318005 -5.441864
v 2.990675 -3.329618 -5.436058
v 2.996481 -3.538650 -5.772832
v 2.874547 -3.538650 -5.772832
v 2.996481 -3.410908 -5.569606
v 2.874547 -3.410908 -5.569606
v 2.531969 -3.201876 -5.232832
v 2.531969 -3.544456 -5.778638
v 2.497130 -3.544456 -5.778638
v 2.491320 -3.201876 -5.232832
v 2.531969 -3.201876 -5.232832
v 2.497130 -3.544456 -5.778638
v 2.601647 -3.201876 -5.232832
v 2.607453 -3.544456 -5.772832
v 2.566808 -3.544456 -5.778638
v 2.560997 -3.201876 -5.232832
v 2.601647 -3.201876 -5.232832
v 2.566808 -3.544456 -5.778638
v 2.671320 -3.201876 -5.232832
v 2.677130 -3.544456 -5.772832
v 2.636481 -3.544456 -5.772832
v 2.630675 -3.201876 -5.232832
v 2.671320 -3.201876 -5.232832
v 2.636481 -3.544456 -5.772832
v 2.671320 -3.190263 -5.238639
v 2.677130 -3.532843 -5.778638
v 2.677130 -3.544456 -5.772832
v 2.740998 -3.201876 -5.232832
v 2.746808 -3.544456 -5.772832
v 2.706159 -3.544456 -5.772832
v 2.700353 -3.201876 -5.232832
v 2.740998 -3.201876 -5.232832
v 2.706159 -3.544456 -5.772832
v 2.740998 -3.190263 -5.238639
v 2.746808 -3.544456 -5.772832
v 2.740998 -3.201876 -5.232832
v 2.804870 -3.544456 -5.772832
v 2.764225 -3.544456 -5.772832
v 2.804870 -3.201876 -5.232832
v 2.764225 -3.201876 -5.232832
v 7.583572 -3.434134 -5.633477
v 7.461638 -3.434134 -5.633477
v 7.583572 -3.306392 -5.430251
v 7.461638 -3.306392 -5.430251
v 7.583572 -3.300586 -5.436058
v 7.583572 -3.434134 -5.633477
v 7.583572 -3.306392 -5.430251
v 7.583572 -3.219295 -5.290897
v 7.461638 -3.219295 -5.296703
v 7.583572 -3.091553 -5.093478
v 7.461638 -3.091553 -5.093478
v 7.751960 -3.219295 -5.290897
v 7.630022 -3.219295 -5.290897
v 7.751960 -3.091553 -5.093478
v 7.630022 -3.091553 -5.093478
v 7.751960 -3.085747 -5.093478
v 7.751960 -3.213489 -5.296703
v 7.751960 -3.219295 -5.290897
v 7.751960 -3.085747 -5.093478
v 7.751960 -3.219295 -5.290897
v 7.751960 -3.091553 -5.093478
v 7.751960 -3.434134 -5.633477
v 7.635832 -3.434134 -5.633477
v 7.751960 -3.306392 -5.430251
v 7.635832 -3.306392 -5.430251
v 8.466149 -3.428327 -5.627671
v 8.344215 -3.434134 -5.627671
v 8.460343 -3.300586 -5.424445
v 8.344215 -3.300586 -5.430251
v 8.460343 -3.085747 -5.087671
v 8.460343 -3.219295 -5.290897
v 8.344215 -3.219295 -5.290897
v 8.344215 -3.091553 -5.087671
v 8.460343 -3.085747 -5.087671
v 8.344215 -3.219295 -5.290897
v 8.291961 -3.091553 -5.087671
v 8.291961 -3.219295 -5.290897
v 8.170022 -3.219295 -5.290897
v 8.170022 -3.091553 -5.087671
v 8.291961 -3.091553 -5.087671
v 8.170022 -3.219295 -5.290897
v 8.291961 -3.434134 -5.627671
v 8.175828 -3.434134 -5.633477
v 8.291961 -3.300586 -5.430251
v 8.175828 -3.306392 -5.430251
v 7.833250 -3.091553 -5.087671
v 7.833250 -3.434134 -5.633477
v 7.792605 -3.434134 -5.633477
v 7.792605 -3.091553 -5.087671
v 7.833250 -3.091553 -5.087671
v 7.792605 -3.434134 -5.633477
v 7.833250 -3.079940 -5.093478
v 7.833250 -3.422521 -5.639283
v 7.833250 -3.434134 -5.633477
v 7.833250 -3.079940 -5.093478
v 7.833250 -3.434134 -5.633477
v 7.833250 -3.091553 -5.087671
v 7.902927 -3.434134 -5.633477
v 7.862283 -3.434134 -5.633477
v 7.902927 -3.091553 -5.087671
v 7.862283 -3.091553 -5.087671
v 7.972605 -3.434134 -5.633477
v 7.931961 -3.434134 -5.633477
v 7.972605 -3.091553 -5.087671
v 7.931961 -3.091553 -5.087671
v 8.042283 -3.091553 -5.087671
v 8.042283 -3.434134 -5.633477
v 8.001638 -3.434134 -5.633477
v 8.001638 -3.091553 -5.087671
v 8.042283 -3.091553 -5.087671
v 8.001638 -3.434134 -5.633477
v 8.100345 -3.091553 -5.087671
v 8.106154 -3.434134 -5.633477
v 8.065505 -3.434134 -5.633477
v 8.059700 -3.091553 -5.087671
v 8.100345 -3.091553 -5.087671
v 8.065505 -3.434134 -5.633477
v 7.444216 -0.792202 -1.458645
v 7.566154 -0.792202 -1.458645
v 7.566154 -0.919944 -1.661870
v 7.444216 -0.792202 -1.458645
v 7.566154 -0.919944 -1.661870
v 7.444216 -0.919944 -1.661870
v 7.444216 -1.007040 -1.795419
v 7.566154 -1.007040 -1.795419
v 7.566154 -1.134782 -1.998644
v 7.444216 -1.007040 -1.795419
v 7.566154 -1.134782 -1.998644
v 7.450027 -1.134782 -1.998644
v 7.566154 -0.995428 -1.801225
v 7.566154 -1.134782 -1.998644
v 7.566154 -1.007040 -1.795419
v 7.618411 -1.007040 -1.795419
v 7.734539 -1.007040 -1.795419
v 7.734539 -1.134782 -1.998644
v 7.618411 -1.007040 -1.795419
v 7.734539 -1.134782 -1.998644
v 7.618411 -1.134782 -1.998644
v 7.734539 -0.792202 -1.458645
v 7.734539 -0.919944 -1.661870
v 7.612605 -0.792202 -1.458645
v 7.618411 -0.919944 -1.661870
v 8.442926 -0.786396 -1.458645
v 8.442926 -0.914138 -1.661870
v 8.326798 -0.786396 -1.458645
v 8.326798 -0.919944 -1.661870
v 8.448732 -1.001234 -1.795419
v 8.448732 -1.128976 -1.998644
v 8.326798 -1.001234 -1.795419
v 8.326798 -1.128976 -1.998644
v 8.274539 -1.001234 -1.795419
v 8.274539 -1.128976 -1.998644
v 8.158411 -1.001234 -1.795419
v 8.158411 -1.128976 -1.998644
v 8.274539 -0.786396 -1.458645
v 8.274539 -0.919944 -1.661870
v 8.152605 -0.792202 -1.458645
v 8.158411 -0.919944 -1.661870
v 7.775183 -0.792202 -1.458645
v 7.815833 -0.792202 -1.458645
v 7.815833 -1.134782 -1.998644
v 7.775183 -0.792202 -1.458645
v 7.815833 -1.134782 -1.998644
v 7.775183 -1.134782 -1.998644
v 7.885505 -0.792202 -1.458645
v 7.885505 -1.134782 -1.998644
v 7.844861 -0.792202 -1.458645
v 7.844861 -1.134782 -1.998644
v 7.914538 -0.792202 -1.458645
v 7.955183 -0.792202 -1.458645
v 7.955183 -1.134782 -1.998644
v 7.914538 -0.792202 -1.458645
v 7.955183 -1.134782 -1.998644
v 7.914538 -1.134782 -1.998644
v 7.955183 -0.780590 -1.464451
v 7.955183 -1.134782 -1.998644
v 7.955183 -0.792202 -1.458645
v 7.984216 -0.792202 -1.458645
v 8.024860 -0.792202 -1.458645
v 8.024860 -1.134782 -1.998644
v 7.984216 -0.792202 -1.458645
v 8.024860 -1.134782 -1.998644
v 7.990022 -1.134782 -1.998644
v 8.042283 -0.792202 -1.458645
v 8.082927 -0.792202 -1.458645
v 8.088733 -1.134782 -1.998644
v 8.042283 -0.792202 -1.458645
v 8.088733 -1.134782 -1.998644
v 8.048088 -1.134782 -1.998644
v 2.264869 -1.210266 -2.091547
v 2.148742 -1.210266 -2.091547
v 2.264869 -1.082524 -1.888321
v 2.148742 -1.082524 -1.888321
v 2.264869 -0.995428 -1.754773
v 2.148742 -0.995428 -1.754773
v 2.264869 -0.867686 -1.551548
v 2.142936 -0.867686 -1.551548
v 2.433258 -0.995428 -1.754773
v 2.317130 -0.995428 -1.754773
v 2.433258 -0.867686 -1.551548
v 2.317130 -0.867686 -1.551548
v 2.433258 -0.861880 -1.557354
v 2.433258 -0.995428 -1.754773
v 2.433258 -0.867686 -1.551548
v 2.439064 -1.210266 -2.091547
v 2.317130 -1.210266 -2.091547
v 2.439064 -1.082524 -1.888321
v 2.317130 -1.082524 -1.888321
v 2.439064 -1.076718 -1.894128
v 2.439064 -1.204460 -2.097353
v 2.439064 -1.210266 -2.091547
v 3.147448 -1.210266 -2.091547
v 3.025514 -1.210266 -2.091547
v 3.147448 -1.076718 -1.888321
v 3.025514 -1.082524 -1.888321
v 3.147448 -0.995428 -1.754773
v 3.025514 -0.995428 -1.754773
v 3.147448 -0.867686 -1.551548
v 3.025514 -0.867686 -1.551548
v 2.973258 -0.995428 -1.754773
v 2.857130 -0.995428 -1.754773
v 2.973258 -0.867686 -1.551548
v 2.857130 -0.867686 -1.551548
v 2.973258 -0.856073 -1.557354
v 2.973258 -0.983815 -1.760580
v 2.973258 -0.995428 -1.754773
v 2.979064 -1.210266 -2.091547
v 2.857130 -1.210266 -2.091547
v 2.979064 -1.082524 -1.888321
v 2.857130 -1.082524 -1.888321
v 2.520353 -1.210266 -2.091547
v 2.479708 -1.210266 -2.091547
v 2.514547 -0.867686 -1.551548
v 2.473903 -0.867686 -1.551548
v 2.514547 -0.861880 -1.557354
v 2.520353 -1.204460 -2.097353
v 2.520353 -1.210266 -2.091547
v 2.514547 -0.861880 -1.557354
v 2.520353 -1.210266 -2.091547
v 2.514547 -0.867686 -1.551548
v 2.590031 -1.210266 -2.091547
v 2.549386 -1.210266 -2.091547
v 2.584225 -0.867686 -1.551548
v 2.543581 -0.867686 -1.551548
v 2.659708 -1.210266 -2.091547
v 2.619064 -1.210266 -2.091547
v 2.653903 -0.867686 -1.551548
v 2.613258 -0.867686 -1.551548
v 2.653903 -0.861880 -1.557354
v 2.659708 -1.198653 -2.097353
v 2.659708 -1.210266 -2.091547
v 2.723581 -0.867686 -1.551548
v 2.729386 -1.210266 -2.091547
v 2.688742 -1.210266 -2.091547
v 2.682936 -0.867686 -1.551548
v 2.723581 -0.867686 -1.551548
v 2.688742 -1.210266 -2.091547
v 2.723581 -0.856073 -1.557354
v 2.729386 -1.198653 -2.097353
v 2.729386 -1.210266 -2.091547
v 2.787453 -0.867686 -1.551548
v 2.787453 -1.210266 -2.091547
v 2.746808 -1.210266 -2.091547
v 2.746808 -0.867686 -1.551548
v 2.787453 -0.867686 -1.551548
v 2.746808 -1.210266 -2.091547
v 2.131325 1.379407 1.996189
v 2.247452 1.379407 1.996189
v 2.247452 1.251665 1.792962
v 2.131325 1.379407 1.996189
v 2.247452 1.251665 1.792962
v 2.131325 1.245859 1.792962
v 2.247452 1.379407 1.996189
v 2.247452 1.257472 1.787157
v 2.247452 1.251665 1.792962
v 2.131325 1.164569 1.659415
v 2.253258 1.164569 1.659415
v 2.253258 1.036827 1.456190
v 2.131325 1.164569 1.659415
v 2.253258 1.036827 1.456190
v 2.131325 1.036827 1.456190
v 2.253258 1.170375 1.653608
v 2.253258 1.042633 1.450383
v 2.253258 1.164569 1.659415
v 2.421647 1.164569 1.659415
v 2.421647 1.036827 1.456190
v 2.299708 1.164569 1.659415
v 2.299708 1.036827 1.456190
v 2.421647 1.170375 1.653608
v 2.421647 1.042633 1.450383
v 2.421647 1.164569 1.659415
v 2.421647 1.379407 1.996189
v 2.421647 1.251665 1.792962
v 2.299708 1.379407 1.996189
v 2.299708 1.251665 1.792962
v 2.421647 1.379407 1.996189
v 2.421647 1.257472 1.787157
v 2.421647 1.251665 1.792962
v 3.130031 1.379407 1.996189
v 3.130031 1.251665 1.792962
v 3.008097 1.379407 1.996189
v 3.008097 1.251665 1.792962
v 3.130031 1.170375 1.659415
v 3.130031 1.036827 1.456190
v 3.008097 1.164569 1.659415
v 3.013903 1.036827 1.456190
v 2.839709 1.164569 1.659415
v 2.961642 1.164569 1.659415
v 2.961642 1.036827 1.456190
v 2.839709 1.164569 1.659415
v 2.961642 1.036827 1.456190
v 2.839709 1.036827 1.456190
v 2.961642 1.164569 1.659415
v 2.961642 1.048440 1.450383
v 2.961642 1.036827 1.456190
v 2.839709 1.379407 1.996189
v 2.961642 1.379407 1.996189
v 2.961642 1.251665 1.792962
v 2.839709 1.379407 1.996189
v 2.961642 1.251665 1.792962
v 2.839709 1.251665 1.792962
v 2.497130 1.379407 1.996189
v 2.502936 1.036827 1.456190
v 2.456486 1.379407 1.996189
v 2.462291 1.036827 1.456190
v 2.497130 1.379407 1.996189
v 2.502936 1.042633 1.450383
v 2.502936 1.036827 1.456190
v 2.526159 1.379407 1.996189
v 2.566808 1.379407 1.996189
v 2.572614 1.036827 1.456190
v 2.526159 1.379407 1.996189
v 2.572614 1.036827 1.456190
v 2.531969 1.036827 1.456190
v 2.566808 1.385214 1.990382
v 2.572614 1.042633 1.450383
v 2.566808 1.379407 1.996189
v 2.601647 1.379407 1.996189
v 2.636481 1.379407 1.996189
v 2.642292 1.036827 1.456190
v 2.601647 1.379407 1.996189
v 2.642292 1.036827 1.456190
v 2.601647 1.036827 1.456190
v 2.636481 1.379407 1.996189
v 2.642292 1.042633 1.450383
v 2.642292 1.036827 1.456190
v 2.671320 1.379407 1.996189
v 2.706159 1.379407 1.996189
v 2.711969 1.036827 1.456190
v 2.671320 1.379407 1.996189
v 2.711969 1.036827 1.456190
v 2.671320 1.036827 1.456190
v 2.706159 1.385214 1.990382
v 2.711969 1.048440 1.450383
v 2.706159 1.379407 1.996189
v 2.770031 1.379407 1.996189
v 2.770031 1.036827 1.456190
v 2.729386 1.379407 1.996189
v 2.729386 1.036827 1.456190
v 2.230031 3.707791 5.677473
v 2.230031 3.580049 5.480053
v 2.113903 3.707791 5.677473
v 2.113903 3.580049 5.480053
v 2.230031 3.719404 5.677473
v 2.230031 3.580049 5.480053
v 2.230031 3.707791 5.677473
v 2.113903 3.492952 5.340699
v 2.235836 3.498759 5.340699
v 2.235836 3.365211 5.137474
v 2.113903 3.492952 5.340699
v 2.235836 3.365211 5.137474
v 2.113903 3.365211 5.137474
v 2.235836 3.504565 5.334892
v 2.235836 3.376823 5.131667
v 2.235836 3.498759 5.340699
v 2.282291 3.498759 5.340699
v 2.404225 3.498759 5.340699
v 2.404225 3.371017 5.137474
v 2.282291 3.498759 5.340699
v 2.404225 3.371017 5.137474
v 2.282291 3.365211 5.137474
v 2.282291 3.707791 5.677473
v 2.404225 3.713597 5.683279
v 2.404225 3.580049 5.480053
v 2.282291 3.707791 5.677473
v 2.404225 3.580049 5.480053
v 2.282291 3.580049 5.480053
v 3.112614 3.713597 5.683279
v 3.112614 3.585855 5.480053
v 2.990675 3.713597 5.683279
v 2.990675 3.585855 5.480053
v 3.112614 3.498759 5.346505
v 3.112614 3.371017 5.143280
v 2.990675 3.498759 5.340699
v 2.996481 3.371017 5.143280
v 2.944225 3.498759 5.340699
v 2.944225 3.371017 5.143280
v 2.822291 3.498759 5.340699
v 2.822291 3.371017 5.143280
v 2.944225 3.713597 5.683279
v 2.944225 3.585855 5.480053
v 2.822291 3.713597 5.683279
v 2.822291 3.585855 5.480053
v 2.439064 3.713597 5.683279
v 2.479708 3.713597 5.683279
v 2.485514 3.371017 5.137474
v 2.439064 3.713597 5.683279
v 2.485514 3.371017 5.137474
v 2.444870 3.371017 5.137474
v 2.479708 3.719404 5.677473
v 2.485514 3.376823 5.137474
v 2.479708 3.713597 5.683279
v 2.479708 3.713597 5.683279
v 2.485514 3.376823 5.137474
v 2.485514 3.371017 5.137474
v 2.549386 3.713597 5.683279
v 2.555192 3.371017 5.137474
v 2.514547 3.713597 5.683279
v 2.514547 3.371017 5.137474
v 2.584225 3.713597 5.683279
v 2.619064 3.713597 5.683279
v 2.624870 3.371017 5.137474
v 2.584225 3.713597 5.683279
v 2.624870 3.371017 5.137474
v 2.584225 3.371017 5.137474
v 2.619064 3.713597 5.683279
v 2.624870 3.376823 5.137474
v 2.624870 3.371017 5.137474
v 2.653903 3.713597 5.683279
v 2.694547 3.713597 5.683279
v 2.694547 3.371017 5.137474
v 2.653903 3.713597 5.683279
v 2.694547 3.371017 5.137474
v 2.653903 3.371017 5.137474
v 2.752614 3.713597 5.683279
v 2.752614 3.371017 5.143280
v 2.711969 3.713597 5.683279
v 2.711969 3.371017 5.137474
v 2.752614 3.719404 5.677473
v 2.752614 3.376823 5.137474
v 2.752614 3.713597 5.683279
v 2.230031 3.719404 5.677473
v 2.230031 3.591662 5.474247
v 2.230031 3.580049 5.480053
v 3.112614 3.498759 5.346505
v 3.112614 3.382630 5.137474
v 3.112614 3.371017 5.143280
v 2.944225 3.498759 5.340699
v 2.944225 3.376823 5.137474
v 2.944225 3.371017 5.143280
v 2.944225 3.719404 5.677473
v 2.944225 3.591662 5.474247
v 2.944225 3.585855 5.480053
v 2.619064 3.719404 5.677473
v 2.624870 3.376823 5.137474
v 2.619064 3.713597 5.683279
v 2.694547 3.719404 5.677473
v 2.694547 3.376823 5.137474
v 2.694547 3.713597 5.683279
v 7.537121 2.790373 4.202637
v 7.537121 2.662631 3.999412
v 7.420994 2.662631 3.999412
v 7.420994 2.790373 4.202637
v 7.537121 2.790373 4.202637
v 7.420994 2.662631 3.999412
v 7.537121 3.005212 4.539411
v 7.537121 2.877470 4.336185
v 7.415188 2.877470 4.336185
v 7.415188 3.005212 4.539411
v 7.537121 3.005212 4.539411
v 7.415188 2.877470 4.336185
v 7.705510 3.005212 4.539411
v 7.705510 2.877470 4.336185
v 7.589377 2.877470 4.336185
v 7.589377 3.005212 4.539411
v 7.705510 3.005212 4.539411
v 7.589377 2.877470 4.336185
v 7.711316 2.662631 3.999412
v 7.589377 2.662631 3.999412
v 7.711316 2.790373 4.202637
v 7.589377 2.790373 4.202637
v 7.711316 2.790373 4.202637
v 7.711316 2.674243 3.993605
v 7.711316 2.662631 3.999412
v 8.419699 2.668438 3.999412
v 8.297766 2.668438 3.999412
v 8.419699 2.796180 4.202637
v 8.297766 2.796180 4.202637
v 8.419699 3.011017 4.539411
v 8.419699 2.883276 4.341991
v 8.297766 2.883276 4.341991
v 8.297766 3.011017 4.539411
v 8.419699 3.011017 4.539411
v 8.297766 2.883276 4.341991
v 8.245505 3.011017 4.539411
v 8.245505 2.883276 4.341991
v 8.129377 2.883276 4.336185
v 8.129377 3.011017 4.539411
v 8.245505 3.011017 4.539411
v 8.129377 2.883276 4.336185
v 8.251316 2.796180 4.202637
v 8.251316 2.668438 3.999412
v 8.129377 2.668438 3.999412
v 8.129377 2.796180 4.202637
v 8.251316 2.796180 4.202637
v 8.129377 2.668438 3.999412
v 8.251316 2.801985 4.196830
v 8.251316 2.674243 3.993605
v 8.251316 2.796180 4.202637
v 7.786799 3.005212 4.539411
v 7.786799 2.662631 3.999412
v 7.751960 2.662631 3.999412
v 7.746155 3.005212 4.539411
v 7.786799 3.005212 4.539411
v 7.751960 2.662631 3.999412
v 7.786799 3.005212 4.539411
v 7.786799 2.674243 3.993605
v 7.786799 2.662631 3.999412
v 7.856477 3.005212 4.539411
v 7.862283 2.662631 3.999412
v 7.821638 2.662631 3.999412
v 7.815833 3.005212 4.539411
v 7.856477 3.005212 4.539411
v 7.821638 2.662631 3.999412
v 7.856477 3.005212 4.539411
v 7.862283 2.674243 3.993605
v 7.862283 2.662631 3.999412
v 7.926155 3.005212 4.539411
v 7.931961 2.662631 3.999412
v 7.891316 2.662631 3.999412
v 7.885505 3.005212 4.539411
v 7.926155 3.005212 4.539411
v 7.891316 2.662631 3.999412
v 7.926155 3.005212 4.539411
v 7.931961 2.674243 3.993605
v 7.931961 2.662631 3.999412
v 7.995832 3.011017 4.539411
v 8.001638 2.668438 3.999412
v 7.960994 2.668438 3.999412
v 7.955183 3.005212 4.539411
v 7.995832 3.011017 4.539411
v 7.960994 2.668438 3.999412
v 7.995832 3.011017 4.539411
v 8.001638 2.674243 3.993605
v 8.001638 2.668438 3.999412
v 8.059700 3.011017 4.539411
v 8.059700 2.668438 3.999412
v 8.019055 2.668438 3.999412
v 8.019055 3.011017 4.539411
v 8.059700 3.011017 4.539411
v 8.019055 2.668438 3.999412
v 7.415188 3.649726 5.555537
v 7.531316 3.649726 5.555537
v 7.531316 3.521984 5.352312
v 7.415188 3.649726 5.555537
v 7.531316 3.521984 5.352312
v 7.415188 3.521984 5.352312
v 7.531316 3.655533 5.549731
v 7.531316 3.527791 5.346505
v 7.531316 3.649726 5.555537
v 7.415188 3.434888 5.218763
v 7.531316 3.434888 5.218763
v 7.537121 3.307147 5.015538
v 7.415188 3.434888 5.218763
v 7.537121 3.307147 5.015538
v 7.415188 3.307147 5.015538
v 7.531316 3.440694 5.212957
v 7.537121 3.312952 5.009731
v 7.531316 3.434888 5.218763
v 7.705510 3.434888 5.218763
v 7.705510 3.307147 5.015538
v 7.583572 3.434888 5.218763
v 7.583572 3.307147 5.015538
v 7.699700 3.649726 5.555537
v 7.705510 3.521984 5.352312
v 7.583572 3.649726 5.555537
v 7.583572 3.521984 5.352312
v 8.413894 3.649726 5.555537
v 8.413894 3.521984 5.352312
v 8.291961 3.649726 5.555537
v 8.291961 3.521984 5.352312
v 8.291961 3.434888 5.218763
v 8.413894 3.440694 5.218763
v 8.413894 3.307147 5.015538
v 8.291961 3.434888 5.218763
v 8.413894 3.307147 5.015538
v 8.297766 3.307147 5.015538
v 8.245505 3.434888 5.218763
v 8.245505 3.307147 5.015538
v 8.123571 3.434888 5.218763
v 8.123571 3.307147 5.015538
v 8.239699 3.649726 5.555537
v 8.245505 3.521984 5.352312
v 8.123571 3.649726 5.555537
v 8.123571 3.521984 5.352312
v 7.740349 3.649726 5.555537
v 7.780993 3.649726 5.555537
v 7.786799 3.307147 5.015538
v 7.740349 3.649726 5.555537
v 7.786799 3.307147 5.015538
v 7.746155 3.307147 5.015538
v 7.810022 3.649726 5.555537
v 7.850671 3.649726 5.555537
v 7.856477 3.307147 5.015538
v 7.810022 3.649726 5.555537
v 7.856477 3.307147 5.015538
v 7.815833 3.307147 5.015538
v 7.850671 3.655533 5.549731
v 7.856477 3.312952 5.009731
v 7.856477 3.307147 5.015538
v 7.879700 3.649726 5.555537
v 7.920344 3.649726 5.555537
v 7.926155 3.307147 5.015538
v 7.879700 3.649726 5.555537
v 7.926155 3.307147 5.015538
v 7.885505 3.307147 5.015538
v 7.955183 3.649726 5.555537
v 7.990022 3.649726 5.555537
v 7.995832 3.307147 5.015538
v 7.955183 3.649726 5.555537
v 7.995832 3.307147 5.015538
v 7.955183 3.307147 5.015538
v 8.013249 3.649726 5.555537
v 8.053894 3.649726 5.555537
v 8.053894 3.307147 5.015538
v 8.013249 3.649726 5.555537
v 8.053894 3.307147 5.015538
v 8.013249 3.307147 5.015538
v 1.057130 4.032951 6.200052
v 1.062936 3.876177 5.950376
v 0.610036 4.032951 6.200052
v 0.610036 3.876177 5.950376
v 0.952614 -3.724456 -6.051541
v 0.958419 -3.881229 -6.301218
v 0.679713 -3.724456 -6.051541
v 0.679713 -3.881229 -6.301218
v 8.553249 -3.689617 -6.034122
v 8.553249 -3.846390 -6.289605
v 8.274539 -3.689617 -6.034122
v 8.280344 -3.846390 -6.289605
v 3.161569 3.737789 5.719031
v 3.167375 3.337254 5.086303
v 2.064450 3.731984 5.719031
v 2.064450 3.331450 5.086303
v 3.178981 1.404240 2.038758
v 3.178981 1.003705 1.400225
v 2.076061 1.398435 2.032953
v 2.081867 0.997900 1.400225
v 3.213810 -3.564710 -5.809396
v 2.116696 -3.570515 -5.815201
v 3.213810 -3.164176 -5.176668
v 2.110890 -3.169981 -5.182473
v 3.196398 -1.231161 -2.129122
v 2.099279 -1.236966 -2.129122
v 3.196398 -0.830627 -1.496394
v 2.093478 -0.836432 -1.496394
v 8.461393 3.673935 5.597129
v 8.467199 3.273401 4.958597
v 7.364280 3.668130 5.591325
v 7.364280 3.267596 4.958597
v 8.467199 2.640672 3.965968
v 7.370085 2.640672 3.960163
v 8.467199 3.047012 4.598697
v 7.364280 3.041207 4.592891
v 8.513639 -3.454418 -5.670080
v 7.416521 -3.460223 -5.670080
v 8.513639 -3.053884 -5.031547
v 7.410715 -3.059688 -5.037351
v 8.496222 -0.766773 -1.415126
v 8.496222 -1.167308 -2.053659
v 7.393303 -0.766773 -1.420931
v 7.399109 -1.173113 -2.053659
v 4.766887 -2.872114 -4.357785
v 4.906219 -2.999835 -4.560977
v 4.900413 -2.744394 -4.160399
v 5.179074 -2.744394 -4.160399
v 5.179074 -2.999835 -4.560977
v 5.318406 -2.872114 -4.357785
v 2.473727 -2.454120 -3.690156
v 2.613058 -2.581840 -3.893347
v 2.613058 -2.326400 -3.492770
v 2.885915 -2.326400 -3.492770
v 2.885915 -2.581840 -3.887542
v 3.019440 -2.454120 -3.690156
v 2.903332 0.855000 1.534771
v 3.042663 0.727279 1.331579
v 3.036857 0.982720 1.737962
v 3.315519 0.982720 1.737962
v 3.315519 0.727279 1.331579
v 3.454850 0.855000 1.534771
v 5.765427 -2.721172 -4.125566
v 5.626096 -2.593452 -3.928180
v 5.626096 -2.848892 -4.328758
v 5.353240 -2.848892 -4.328758
v 5.353240 -2.593452 -3.928180
v 5.213909 -2.721172 -4.125566
v 6.136980 -3.574577 -5.478242
v 6.276311 -3.702297 -5.681434
v 6.270505 -3.446856 -5.280856
v 6.549167 -3.446856 -5.280856
v 6.549167 -3.702297 -5.681434
v 6.688498 -3.574577 -5.478242
v 6.601418 -3.713908 -5.698850
v 6.740749 -3.841628 -5.902041
v 6.740749 -3.586187 -5.495658
v 7.013606 -3.586187 -5.495658
v 7.013606 -3.835823 -5.896236
v 7.152937 -3.708103 -5.698850
v 8.058591 -2.848892 -4.340369
v 7.925066 -2.721172 -4.142983
v 7.925066 -2.976613 -4.543560
v 7.652209 -2.976613 -4.543560
v 7.646404 -2.726977 -4.142983
v 7.512878 -2.854698 -4.346174
v 7.594153 -2.715366 -4.125566
v 7.454822 -2.587646 -3.922375
v 7.460628 -2.843087 -4.328758
v 7.181965 -2.843087 -4.328758
v 7.181965 -2.587646 -3.922375
v 7.048440 -2.715366 -4.125566
v 3.385182 -3.580382 -5.472436
v 3.524513 -3.708103 -5.675628
v 3.524513 -3.452661 -5.275051
v 3.797375 -3.708103 -5.675628
v 3.797375 -3.452661 -5.275051
v 3.936707 -3.580382 -5.472436
v 2.938161 -3.725519 -5.704656
v 3.077492 -3.853239 -5.902041
v 3.071691 -3.597799 -5.501464
v 3.350353 -3.597799 -5.501464
v 3.350353 -3.853239 -5.902041
v 3.483878 -3.725519 -5.698850
v 2.932355 -3.156583 -4.799001
v 3.071691 -3.284303 -5.002193
v 3.071691 -3.028862 -4.601615
v 3.344547 -3.028862 -4.601615
v 3.344547 -3.284303 -5.002193
v 3.483878 -3.156583 -4.799001
v 1.695792 -3.713908 -5.675628
v 1.968649 -3.713908 -5.675628
v 1.968649 -3.458467 -5.275051
v 2.102174 -3.586187 -5.472436
v 1.968649 -3.458467 -5.275051
v 1.689987 -3.458467 -5.275051
v 1.695792 -3.713908 -5.675628
v 1.556461 -3.586187 -5.472436
v 1.968649 -3.742935 -5.722072
v 1.968649 -3.998376 -6.122649
v 2.107980 -3.870656 -5.925263
v 1.968649 -3.998376 -6.122649
v 1.968649 -3.742935 -5.722072
v 1.695792 -3.998376 -6.128455
v 1.695792 -3.742935 -5.722072
v 1.556461 -3.870656 -5.925263
v 1.109440 -3.731324 -5.693044
v 1.242965 -3.853239 -5.896236
v 1.242965 -3.603604 -5.495658
v 1.515822 -3.597799 -5.489853
v 1.521627 -3.853239 -5.896236
v 1.655153 -3.725519 -5.693044
v 7.948288 -0.991141 -1.408605
v 8.087620 -1.118861 -1.611796
v 8.081814 -0.863420 -1.205413
v 8.360476 -1.118861 -1.605991
v 8.360476 -0.863420 -1.205413
v 8.499806 -0.991141 -1.408605
v 6.218254 -0.863420 -1.193802
v 6.078923 -0.735700 -0.990610
v 6.078923 -0.991141 -1.396994
v 5.806067 -0.991141 -1.396994
v 5.806067 -0.735700 -0.996416
v 5.666736 -0.863420 -1.193802
v 4.279226 0.135121 0.385287
v 4.418557 0.007401 0.187901
v 4.418557 0.262842 0.588478
v 4.691419 0.262842 0.588478
v 4.691419 0.007401 0.187901
v 4.830750 0.135121 0.391092
v 4.743665 0.274453 0.605895
v 4.882996 0.146732 0.408509
v 4.882996 0.402173 0.809087
v 5.155852 0.402173 0.809087
v 5.155852 0.146732 0.408509
v 5.295188 0.274453 0.605895
v 6.572390 0.291869 0.623312
v 6.711721 0.164149 0.420120
v 6.711721 0.419589 0.820697
v 6.984578 0.419589 0.826503
v 6.984578 0.164149 0.420120
v 7.123909 0.291869 0.623312
v 6.107952 0.431200 0.855530
v 6.247283 0.309285 0.652339
v 6.241477 0.558921 1.052917
v 6.520139 0.564726 1.052917
v 6.520139 0.309285 0.652339
v 6.659470 0.437006 0.855530
v 2.450504 -0.729894 -0.967389
v 2.589835 -0.857615 -1.170580
v 2.584030 -0.602174 -0.764197
v 2.862692 -0.602174 -0.764197
v 2.862692 -0.857615 -1.164775
v 2.996217 -0.729894 -0.967389
v 0.615973 -0.445426 -0.508756
v 0.755304 -0.573147 -0.706142
v 0.755304 -0.317706 -0.305564
v 1.028160 -0.317706 -0.305564
v 1.028160 -0.573147 -0.706142
v 1.167492 -0.445426 -0.508756
v 2.003483 -0.875031 -1.187997
v 2.137008 -0.996946 -1.391188
v 2.137008 -0.747311 -0.984805
v 2.415670 -0.996946 -1.391188
v 2.409865 -0.741505 -0.984805
v 2.549196 -0.869226 -1.187997
v 0.610168 0.407979 0.843919
v 0.749498 0.286064 0.646533
v 0.749498 0.535699 1.047111
v 1.022355 0.541504 1.047111
v 1.022355 0.286064 0.646533
v 1.161686 0.413784 0.843919
v 5.753816 -1.287220 -1.867237
v 5.614485 -1.165305 -1.669851
v 5.620290 -1.420746 -2.070429
v 5.341628 -1.420746 -2.070429
v 5.341628 -1.165305 -1.669851
v 5.202297 -1.293025 -1.867237
v 6.224060 -2.291567 -3.452131
v 6.090535 -2.163846 -3.248940
v 6.090535 -2.419287 -3.655323
v 5.817678 -2.419287 -3.655323
v 5.811872 -2.163846 -3.248940
v 5.678347 -2.291567 -3.452131
v 6.119563 -1.287220 -1.867237
v 6.258894 -1.414940 -2.064623
v 6.258894 -1.159499 -1.664045
v 6.531750 -1.159499 -1.664045
v 6.531750 -1.414940 -2.064623
v 6.671082 -1.287220 -1.867237
v 6.589807 -2.291567 -3.452131
v 6.729138 -2.413482 -3.649518
v 6.729138 -2.163846 -3.248940
v 7.001995 -2.158041 -3.248940
v 7.007800 -2.413482 -3.649518
v 7.141325 -2.285761 -3.446326
v 7.588347 -2.134819 -3.214107
v 7.454822 -2.012904 -3.016721
v 7.454822 -2.262540 -3.417299
v 7.181965 -2.268345 -3.417299
v 7.176159 -2.012904 -3.016721
v 7.042634 -2.140625 -3.214107
v 2.456310 -1.594910 -2.331675
v 2.595641 -1.722630 -2.534867
v 2.589835 -1.467190 -2.128483
v 2.868498 -1.722630 -2.534867
v 2.868498 -1.467190 -2.128483
v 3.007828 -1.594910 -2.331675
v 2.456310 -1.304636 -1.873042
v 2.589835 -1.432356 -2.076234
v 2.589835 -1.176916 -1.675656
v 2.862692 -1.176916 -1.675656
v 2.868498 -1.432356 -2.076234
v 3.002023 -1.304636 -1.873042
v 2.926549 -2.308983 -3.457937
v 3.065885 -2.430898 -3.661129
v 3.060080 -2.181263 -3.260551
v 3.338742 -2.175457 -3.254745
v 3.338742 -2.430898 -3.661129
v 3.478073 -2.303178 -3.457937
v 2.462116 -2.169652 -3.243134
v 2.595641 -2.297372 -3.440520
v 2.595641 -2.041931 -3.039943
v 2.868498 -2.041931 -3.039943
v 2.874303 -2.297372 -3.440520
v 3.007828 -2.169652 -3.237329
v 2.009289 -2.030320 -3.022526
v 2.148620 -2.158041 -3.219912
v 2.142814 -1.902600 -2.819335
v 2.421476 -2.158041 -3.219912
v 2.421476 -1.902600 -2.819335
v 2.560807 -2.030320 -3.022526
v 2.096369 -2.169652 -3.237329
v 1.957037 -2.041931 -3.039943
v 1.957037 -2.297372 -3.440520
v 1.684181 -2.303178 -3.440520
v 1.684181 -2.047737 -3.039943
v 1.544850 -2.175457 -3.243134
v 6.647859 2.161231 3.578298
v 6.514333 2.288952 3.775684
v 6.514333 2.033511 3.375106
v 6.235671 2.283147 3.775684
v 6.241477 2.033511 3.375106
v 6.102146 2.155426 3.578298
v 3.820593 0.570532 1.081944
v 3.954123 0.442811 0.884558
v 3.954123 0.698252 1.279330
v 4.226980 0.698252 1.285135
v 4.226980 0.448617 0.884558
v 4.360506 0.576337 1.081944
v 6.200837 1.447158 2.452035
v 6.061506 1.569073 2.649422
v 6.061506 1.319438 2.248844
v 5.788650 1.569073 2.649422
v 5.788650 1.313632 2.248844
v 5.649319 1.441353 2.446230
v 6.195032 2.021900 3.357689
v 6.055700 2.149621 3.560881
v 6.061506 1.894180 3.154498
v 5.782844 1.888374 3.154498
v 5.782844 2.143815 3.560881
v 5.643513 2.016094 3.357689
v 6.566584 1.441353 2.446230
v 6.705915 1.319438 2.243038
v 6.700110 1.569073 2.649422
v 6.978772 1.574879 2.649422
v 6.978772 1.319438 2.243038
v 7.112297 1.447158 2.446230
v 7.565125 1.586490 2.666838
v 7.425793 1.714210 2.864224
v 7.425793 1.458769 2.463647
v 7.152937 1.458769 2.463647
v 7.152937 1.714210 2.864224
v 7.013606 1.586490 2.666838
v 6.984578 0.715668 1.296746
v 6.705915 0.715668 1.290941
v 6.711721 0.460228 0.890363
v 6.572390 0.587948 1.093554
v 6.711721 0.460228 0.890363
v 6.984578 0.460228 0.890363
v 6.984578 0.715668 1.296746
v 7.118103 0.587948 1.093554
v 8.035369 0.878222 1.546382
v 7.896038 1.005943 1.749573
v 7.896038 0.750502 1.343190
v 7.623181 0.750502 1.343190
v 7.623181 1.005943 1.743767
v 7.623181 1.005943 1.743767
v 7.483850 0.878222 1.546382
v 7.623181 0.750502 1.343190
v 2.909137 0.564726 1.081944
v 3.048468 0.442811 0.878752
v 3.042663 0.692447 1.279330
v 3.315519 0.698252 1.279330
v 3.321325 0.442811 0.884558
v 3.454850 0.570532 1.081944
v 0.604362 1.267188 2.202400
v 0.743693 1.145274 1.999209
v 0.743693 1.394909 2.405592
v 1.016549 1.400714 2.405592
v 1.016549 1.145274 1.999209
v 1.155880 1.272994 2.202400
v 1.062994 1.981262 3.322856
v 1.202326 1.853541 3.125470
v 1.202326 2.108982 3.526048
v 1.475182 2.108982 3.526048
v 1.475182 1.853541 3.125470
v 1.614513 1.981262 3.322856
v 4.256008 3.008831 4.930972
v 4.395339 2.881111 4.727781
v 4.395339 3.136551 5.128358
v 4.668196 3.136551 5.134164
v 4.674002 2.881111 4.727781
v 4.807527 3.008831 4.930972
v 5.724792 2.445700 4.031125
v 5.591267 2.573420 4.228510
v 5.591267 2.317979 3.827933
v 5.318406 2.317979 3.827933
v 5.312600 2.567614 4.228510
v 5.179074 2.439894 4.031125
v 5.718987 3.589379 5.836627
v 5.579656 3.711293 6.034013
v 5.579656 3.461658 5.633434
v 5.306794 3.455853 5.633434
v 5.306794 3.711293 6.034013
v 5.167463 3.583573 5.830821
v 4.853972 3.850624 6.254621
v 4.720442 3.722904 6.051429
v 4.859773 3.595184 5.848238
v 4.853972 3.850624 6.254621
v 4.859773 3.595184 5.848238
v 5.126828 3.850624 6.254621
v 5.132634 3.595184 5.854043
v 5.266160 3.722904 6.051429
v 8.017952 2.886916 4.716170
v 7.878621 3.014636 4.913557
v 7.884426 2.759195 4.512979
v 7.605764 2.759195 4.512979
v 7.605764 3.008831 4.913557
v 7.472239 2.881111 4.716170
v 8.017952 3.171384 5.168997
v 7.878621 3.299104 5.366384
v 7.878621 3.043664 4.965805
v 7.605764 3.043664 4.965805
v 7.605764 3.299104 5.366384
v 7.466433 3.171384 5.163191
v 6.090535 2.445700 4.031125
v 6.229866 2.317979 3.827933
v 6.229866 2.573420 4.228510
v 6.502722 2.573420 4.228510
v 6.502722 2.317979 3.827933
v 6.642053 2.445700 4.031125
v 6.554973 3.165579 5.163191
v 6.688498 3.037858 4.965805
v 6.688498 3.293299 5.366384
v 6.961355 3.293299 5.366384
v 6.967161 3.037858 4.965805
v 7.100686 3.165579 5.163191
v 6.549167 3.450047 5.616018
v 6.688498 3.322327 5.412827
v 6.688498 3.577767 5.813405
v 6.961355 3.577767 5.819210
v 6.961355 3.328132 5.412827
v 7.100686 3.455853 5.616018
v 2.885915 3.722904 6.063040
v 3.025246 3.595184 5.865654
v 3.019440 3.850624 6.266231
v 3.292296 3.850624 6.266231
v 3.298102 3.600989 5.865654
v 3.431628 3.722904 6.068846
v 3.803181 2.869499 4.710364
v 3.942512 2.741779 4.512979
v 3.942512 2.997220 4.913557
v 4.215369 2.741779 4.512979
v 4.215369 2.997220 4.913557
v 4.354700 2.869499 4.710364
v 3.890261 2.445700 4.042735
v 3.750929 2.573420 4.240121
v 3.756735 2.317979 3.839544
v 3.478073 2.317979 3.839544
v 3.478073 2.573420 4.240121
v 3.338742 2.445700 4.042735
v 3.890261 2.161231 3.589908
v 3.756735 2.288952 3.793100
v 3.756735 2.033511 3.386717
v 3.483878 2.033511 3.386717
v 3.478073 2.283147 3.793100
v 3.344547 2.155426 3.589908
v 3.936707 3.281688 5.360578
v 3.803181 3.153968 5.163191
v 3.942512 3.026248 4.960001
v 3.942512 3.026248 4.960001
v 4.215369 3.032053 4.960001
v 3.936707 3.281688 5.360578
v 4.209563 3.281688 5.366384
v 4.348894 3.159774 5.163191
v 1.974455 2.863694 4.710364
v 2.113786 2.735973 4.512979
v 2.107980 2.991415 4.913557
v 2.386642 2.991415 4.913557
v 2.386642 2.735973 4.512979
v 2.520167 2.863694 4.716170
v 0.598556 2.428283 4.036929
v 0.732081 2.300563 3.833738
v 0.732081 2.556004 4.234316
v 1.004938 2.556004 4.234316
v 1.010743 2.306369 3.833738
v 1.144269 2.434089 4.036929
v 1.062994 2.294757 3.816322
v 1.202326 2.167037 3.613130
v 1.196520 2.422477 4.019514
v 1.475182 2.422477 4.019514
v 1.475182 2.167037 3.613130
v 1.614513 2.294757 3.816322
v 2.055729 3.008831 4.936778
v 1.916398 3.136551 5.139970
v 1.922204 2.881111 4.739393
v 1.643541 2.881111 4.739393
v 1.643541 3.130746 5.139970
v 1.510016 3.003026 4.936778
v 1.051383 3.711293 6.057234
v 1.190714 3.583573 5.859848
v 1.190714 3.839014 6.260427
v 1.463571 3.839014 6.260427
v 1.463571 3.589379 5.859848
v 1.602902 3.717099 6.057234
v 1.057189 3.426825 5.604407
v 1.190714 3.299104 5.407022
v 1.190714 3.554545 5.807599
v 1.463571 3.554545 5.807599
v 1.469376 3.299104 5.407022
v 1.602902 3.426825 5.610213
v 0.586945 3.571962 5.836627
v 0.726276 3.444241 5.639240
v 0.726276 3.699682 6.039819
v 0.999132 3.699682 6.039819
v 0.999132 3.444241 5.639240
v 1.138468 3.571962 5.836627
v 2.912663 -0.298842 -0.281551
v 3.051999 -0.420763 -0.484752
v 3.046193 -0.171116 -0.084156
v 3.324870 -0.165310 -0.084156
v 3.324870 -0.420763 -0.484752
v 3.458400 -0.293036 -0.281551
v 2.442394 0.130783 0.397721
v 2.581735 0.008862 0.200326
v 2.581735 0.258509 0.600922
v 2.854601 0.264315 0.600922
v 2.854601 0.008862 0.200326
v 2.993942 0.136589 0.397721
v 3.371315 -1.593523 -2.330979
v 3.510651 -1.721249 -2.534179
v 3.510651 -1.465797 -2.133583
v 3.783523 -1.715444 -2.534179
v 3.783523 -1.465797 -2.127778
v 3.922859 -1.587717 -2.330979
v 3.835774 -1.158092 -1.651707
v 3.969309 -1.285819 -1.854908
v 3.969309 -1.030366 -1.454311
v 4.247981 -1.285819 -1.854908
v 4.242175 -1.030366 -1.454311
v 4.381516 -1.158092 -1.651707
v 0.625197 -1.605134 -2.342590
v 0.764537 -1.732861 -2.539985
v 0.764537 -1.477408 -2.139389
v 1.037404 -1.477408 -2.139389
v 1.037404 -1.732861 -2.539985
v 1.176744 -1.605134 -2.336784
v 1.095465 -2.028954 -3.010251
v 1.234801 -2.156680 -3.207646
v 1.228995 -1.901227 -2.807050
v 1.507672 -1.901227 -2.807050
v 1.507672 -2.156680 -3.207646
v 1.641202 -2.028954 -3.010251
v 1.977936 1.994426 3.335427
v 2.117272 1.866700 3.138031
v 2.117272 2.122152 3.538628
v 2.390143 1.866700 3.138031
v 2.390143 2.122152 3.538628
v 2.529484 1.994426 3.341233
v 6.552864 2.876899 4.711387
v 6.692200 2.754978 4.513992
v 6.692200 3.004626 4.914589
v 6.965071 3.010432 4.914589
v 6.965071 2.754978 4.513992
v 7.104407 2.882705 4.711387
v 6.082595 3.596812 5.849313
v 6.221936 3.469085 5.646112
v 6.221936 3.724538 6.046708
v 6.494807 3.724538 6.046708
v 6.494807 3.469085 5.646112
v 6.634143 3.596812 5.849313
v 2.889440 3.149769 5.158429
v 3.022970 3.022043 4.961035
v 3.022970 3.277496 5.361631
v 3.295841 3.277496 5.361631
v 3.301647 3.027849 4.961035
v 3.435177 3.155575 5.164236
v 2.065021 2.151181 3.585074
v 1.925685 2.278908 3.788275
v 1.925685 2.023455 3.381872
v 1.652814 2.023455 3.381872
v 1.652814 2.273102 3.788275
v 1.513478 2.145375 3.585074
v 1.977936 2.575000 4.252734
v 2.111466 2.447274 4.055339
v 2.111466 2.702727 4.455935
v 2.390143 2.447274 4.055339
v 2.384337 2.702727 4.455935
v 2.523678 2.575000 4.258539
v 7.458557 -2.870787 -4.374600
v 7.458557 -3.126239 -4.775197
v 7.597898 -2.998513 -4.577801
v 7.458557 -3.126239 -4.775197
v 7.458557 -2.870787 -4.374600
v 7.185686 -3.126239 -4.775197
v 7.185686 -2.870787 -4.374600
v 7.046350 -2.998513 -4.577801
v 2.935885 -3.439749 -5.251267
v 3.075221 -3.567476 -5.454469
v 3.069416 -3.312023 -5.048067
v 3.348092 -3.312023 -5.048067
v 3.348092 -3.567476 -5.448663
v 3.481622 -3.439749 -5.251267
v 2.465617 -3.294606 -5.019038
v 2.604957 -3.422332 -5.222239
v 2.604957 -3.166879 -4.821642
v 2.877829 -3.166879 -4.815836
v 2.883634 -3.422332 -5.222239
v 3.017164 -3.294606 -5.019038
v 6.129045 -2.150874 -3.230869
v 6.262576 -2.278601 -3.434070
v 6.262576 -2.023148 -3.027668
v 6.535447 -2.023148 -3.027668
v 6.541252 -2.278601 -3.434070
v 6.674783 -2.150874 -3.230869
v 6.198713 1.733168 2.905802
v 6.059372 1.860894 3.109003
v 6.059372 1.605442 2.708407
v 5.786506 1.605442 2.708407
v 5.786506 1.860894 3.109003
v 5.647165 1.733168 2.905802
v 8.056550 3.440057 5.588055
v 8.335226 3.184604 5.187459
v 8.335226 3.440057 5.588055
v 8.474563 3.312330 5.390659
v 8.056550 3.440057 5.588055
v 8.062356 3.184604 5.187459
v 8.335226 3.184604 5.187459
v 8.056550 3.440057 5.588055
v 7.923020 3.312330 5.390659
v 8.062356 3.184604 5.187459
v 8.335226 2.871094 4.688165
v 8.341032 2.615640 4.287569
v 8.474563 2.743367 4.484964
v 8.335226 2.871094 4.688165
v 8.062356 2.871094 4.688165
v 8.341032 2.615640 4.287569
v 8.068162 2.615640 4.287569
v 7.928826 2.743367 4.484964
v 7.551453 3.306525 5.384854
v 7.412112 3.434251 5.588055
v 7.412112 3.178798 5.181653
v 7.139241 3.178798 5.181653
v 7.139241 3.434251 5.588055
v 7.139241 3.434251 5.588055
v 6.999905 3.306525 5.384854
v 7.139241 3.178798 5.181653
v 0.596169 2.145375 3.585074
v 0.735509 2.017649 3.381872
v 0.735509 2.273102 3.782469
v 1.008375 2.273102 3.782469
v 1.014181 2.017649 3.381872
v 1.147716 2.145375 3.585074
v 6.233547 -3.143656 -4.798419
v 6.094206 -3.015930 -4.595219
v 6.094206 -3.271383 -4.995815
v 5.821340 -3.271383 -4.995815
v 5.821340 -3.015930 -4.595219
v 5.681999 -3.143656 -4.798419
v 7.011516 -3.300412 -5.048067
v 6.738645 -3.300412 -5.048067
v 6.738645 -3.555865 -5.448663
v 6.599309 -3.428138 -5.245462
v 6.738645 -3.555865 -5.448663
v 7.011516 -3.550059 -5.448663
v 7.011516 -3.300412 -5.048067
v 7.150852 -3.422332 -5.245462
v 6.599309 -2.859175 -4.345572
v 6.732839 -2.981096 -4.548772
v 6.732839 -2.731449 -4.142370
v 7.005710 -2.725643 -4.142370
v 7.011516 -2.981096 -4.548772
v 7.145046 -2.853369 -4.345572
v 4.294426 -1.866393 -2.772215
v 4.433767 -1.994119 -2.975416
v 4.427961 -1.738666 -2.569014
v 4.706638 -1.738666 -2.569014
v 4.706638 -1.994119 -2.969610
v 4.845974 -1.866393 -2.772215
v 6.129045 -2.435356 -3.683717
v 6.268381 -2.563082 -3.881112
v 6.262576 -2.307630 -3.480516
v 6.541252 -2.307630 -3.480516
v 6.541252 -2.563082 -3.881112
v 6.674783 -2.435356 -3.683717
v 5.734250 1.297737 2.220724
v 5.594914 1.425464 2.423925
v 5.600720 1.170011 2.023329
v 5.322043 1.170011 2.023329
v 5.322043 1.425464 2.423925
v 5.188513 1.297737 2.220724
v 1.072242 1.135176 1.982688
v 1.211578 1.007450 1.785293
v 1.205773 1.262902 2.185890
v 1.484450 1.262902 2.185890
v 1.484450 1.007450 1.785293
v 1.617980 1.135176 1.982688
v 0.642614 -3.875180 -5.924734
v 0.781954 -4.002906 -6.127935
v 0.776149 -3.747454 -5.727339
v 1.054821 -3.747454 -5.727339
v 1.054821 -4.002906 -6.127935
v 1.194161 -3.875180 -5.924734
v 3.841580 -2.592111 -3.910141
v 3.980920 -2.714031 -4.107536
v 3.975115 -2.464385 -3.712745
v 4.247981 -2.464385 -3.712745
v 4.253787 -2.714031 -4.107536
v 4.387322 -2.586305 -3.910141
v 5.763283 -2.145068 -3.219257
v 5.623943 -2.017342 -3.021862
v 5.623943 -2.272795 -3.422458
v 5.351071 -2.278601 -3.422458
v 5.345266 -2.023148 -3.021862
v 5.211736 -2.150874 -3.219257
v 6.570281 0.873918 1.541452
v 6.709617 0.746192 1.344057
v 6.703811 1.001644 1.744653
v 6.982488 1.001644 1.744653
v 6.982488 0.746192 1.344057
v 6.982488 1.001644 1.744653
v 6.982488 0.746192 1.344057
v 7.116018 0.873918 1.547258
v 2.454005 0.705551 1.303416
v 2.593346 0.577825 1.100216
v 2.587540 0.833278 1.500812
v 2.860407 0.833278 1.500812
v 2.866217 0.583631 1.100216
v 2.999748 0.705551 1.303416
v 3.899636 1.007450 1.767876
v 3.760299 1.129370 1.971077
v 3.766105 0.879724 1.564675
v 3.487428 0.873918 1.564675
v 3.487428 1.129370 1.965271
v 3.353898 1.001644 1.767876
v 2.430783 2.145375 3.573462
v 2.564318 2.017649 3.376067
v 2.564318 2.273102 3.776663
v 2.837184 2.273102 3.776663
v 2.842990 2.017649 3.376067
v 2.976525 2.145375 3.573462
v 3.806746 2.296325 3.811498
v 3.946086 2.168598 3.608296
v 3.946086 2.424051 4.008893
v 4.218953 2.174404 3.608296
v 4.218953 2.429857 4.008893
v 4.358294 2.302130 3.811498
v 8.526814 -3.851957 -5.924734
v 8.387478 -3.724231 -5.721533
v 8.387478 -3.979683 -6.127935
v 8.108801 -3.724231 -5.721533
v 8.114607 -3.979683 -6.127935
v 7.975271 -3.851957 -5.924734
v 4.306043 -3.300412 -5.030649
v 4.445378 -3.422332 -5.233850
v 4.439573 -3.172685 -4.827448
v 4.718249 -3.166879 -4.827448
v 4.718249 -3.422332 -5.233850
v 4.851780 -3.294606 -5.030649
v 4.445378 -3.741648 -5.733144
v 4.306043 -3.869374 -5.930539
v 4.445378 -3.997100 -6.133741
v 4.445378 -3.741648 -5.733144
v 4.445378 -3.997100 -6.133741
v 4.718249 -3.741648 -5.733144
v 4.724055 -3.997100 -6.133741
v 4.857585 -3.869374 -5.930539
v 6.233547 -2.859175 -4.345572
v 6.094206 -2.731449 -4.142370
v 6.094206 -2.986902 -4.548772
v 5.821340 -2.986902 -4.548772
v 5.815535 -2.731449 -4.142370
v 5.681999 -2.859175 -4.345572
v 8.068162 -3.706814 -5.698310
v 7.928826 -3.579087 -5.495109
v 7.928826 -3.834540 -5.895705
v 7.655954 -3.834540 -5.895705
v 7.655954 -3.579087 -5.495109
v 7.516613 -3.706814 -5.698310
v 3.934470 -3.863568 -5.918928
v 3.800940 -3.735842 -5.721533
v 3.800940 -3.991295 -6.122129
v 3.528068 -3.991295 -6.122129
v 3.522262 -3.735842 -5.721533
v 3.388732 -3.863568 -5.918928
v 1.101271 -3.166879 -4.804225
v 1.240607 -3.294606 -5.007426
v 1.240607 -3.039153 -4.606830
v 1.513478 -3.039153 -4.601024
v 1.513478 -3.288800 -5.007426
v 1.652814 -3.161074 -4.804225
v 8.358449 0.281732 0.595116
v 8.358449 0.026279 0.194520
v 8.497785 0.154006 0.397721
v 8.358449 0.281732 0.595116
v 8.079773 0.275926 0.595116
v 8.358449 0.026279 0.194520
v 8.085579 0.026279 0.194520
v 7.946243 0.148200 0.397721
v 6.210325 -0.287231 -0.287357
v 6.076789 -0.159504 -0.084156
v 6.076789 -0.414957 -0.484752
v 5.798118 -0.159504 -0.084156
v 5.803923 -0.414957 -0.484752
v 5.664582 -0.287231 -0.287357
v 4.282815 -0.438180 -0.513781
v 4.422156 -0.565907 -0.716982
v 4.422156 -0.310454 -0.310580
v 4.695027 -0.310454 -0.310580
v 4.695027 -0.565907 -0.716982
v 4.834363 -0.438180 -0.513781
v 6.111628 0.148200 0.403526
v 6.245159 0.020473 0.200326
v 6.245159 0.275926 0.600922
v 6.518030 0.275926 0.600922
v 6.523835 0.020473 0.200326
v 6.657366 0.148200 0.403526
v 3.365509 -0.438180 -0.507975
v 3.504845 -0.565907 -0.705370
v 3.499040 -0.310454 -0.304774
v 3.777717 -0.560101 -0.705370
v 3.777717 -0.304648 -0.304774
v 3.911247 -0.432375 -0.507975
v 1.995353 -0.298842 -0.281551
v 2.134689 -0.426569 -0.478946
v 2.134689 -0.171116 -0.078350
v 2.407560 -0.171116 -0.078350
v 2.407560 -0.420763 -0.478946
v 2.546901 -0.293036 -0.281551
v 2.082438 -0.438180 -0.507975
v 1.943102 -0.310454 -0.304774
v 1.943102 -0.565907 -0.705370
v 1.670231 -0.571712 -0.705370
v 1.670231 -0.316259 -0.304774
v 1.530895 -0.443986 -0.507975
v 0.619391 -0.734273 -0.960823
v 0.758732 -0.856194 -1.158219
v 0.758732 -0.606547 -0.757622
v 1.031598 -0.600741 -0.757622
v 1.031598 -0.856194 -1.158219
v 1.170939 -0.728467 -0.960823
v 2.076632 0.130783 0.397721
v 1.937296 0.258509 0.595116
v 1.943102 0.003056 0.194520
v 1.664425 0.003056 0.194520
v 1.664425 0.258509 0.595116
v 1.530895 0.130783 0.397721
v 6.221936 -1.425156 -2.087137
v 6.082595 -1.297430 -1.883936
v 6.082595 -1.552883 -2.284533
v 5.809729 -1.552883 -2.290338
v 5.809729 -1.303236 -1.883936
v 5.670388 -1.430962 -2.087137
v 5.757478 -1.860587 -2.772215
v 5.618137 -1.732861 -2.569014
v 5.623943 -1.988313 -2.969610
v 5.345266 -1.988313 -2.969610
v 5.345266 -1.738666 -2.569014
v 5.211736 -1.866393 -2.772215
v 7.441140 -0.879416 -1.222082
v 7.446946 -1.129064 -1.628484
v 7.580481 -1.001337 -1.425283
v 7.446946 -1.129064 -1.628484
v 7.441140 -0.879416 -1.222082
v 7.174075 -1.134869 -1.628484
v 7.168269 -0.879416 -1.222082
v 7.168269 -0.879416 -1.222082
v 7.034739 -1.007143 -1.425283
v 7.174075 -1.134869 -1.628484
v 8.050745 -1.140675 -1.640095
v 7.911408 -1.012949 -1.442700
v 7.911408 -1.268401 -1.843296
v 7.638537 -1.268401 -1.843296
v 7.632732 -1.012949 -1.442700
v 7.499197 -1.140675 -1.645901
v 8.056550 -2.284407 -3.445681
v 7.917214 -2.156680 -3.248286
v 7.923020 -2.412133 -3.648882
v 7.644343 -2.412133 -3.648882
v 7.644343 -2.156680 -3.248286
v 7.505002 -2.284407 -3.445681
v 3.922859 -2.156680 -3.225063
v 3.783523 -2.028954 -3.021862
v 3.789329 -2.284407 -3.428264
v 3.510651 -2.284407 -3.428264
v 3.510651 -2.028954 -3.027668
v 3.377120 -2.156680 -3.225063
v 1.960519 -2.330853 -3.492127
v 1.960519 -2.586305 -3.892723
v 2.094049 -2.458579 -3.689522
v 1.960519 -2.586305 -3.892723
v 1.960519 -2.330853 -3.492127
v 1.687648 -2.586305 -3.892723
v 1.681842 -2.330853 -3.492127
v 1.548312 -2.458579 -3.689522
v 5.728445 1.872506 3.126420
v 5.594914 2.000232 3.323815
v 5.594914 1.744779 2.923219
v 5.322043 1.744779 2.923219
v 5.316237 1.994426 3.323815
v 5.182707 1.866700 3.126420
v 4.729861 2.006038 3.341233
v 4.869197 1.878311 3.143837
v 4.869197 2.133764 3.544434
v 5.142067 2.133764 3.544434
v 5.142067 1.878311 3.143837
v 5.281404 2.006038 3.341233
v 7.888181 2.145375 3.550239
v 7.615315 1.889923 3.149643
v 7.888181 1.895728 3.149643
v 7.888181 2.145375 3.550239
v 7.888181 1.895728 3.149643
v 8.027522 2.023455 3.352844
v 7.888181 2.145375 3.550239
v 7.615315 2.145375 3.550239
v 7.615315 1.889923 3.149643
v 7.475974 2.017649 3.347039
v 6.976682 1.286126 2.197501
v 6.703811 1.286126 2.197501
v 6.703811 1.030673 1.796905
v 6.570281 1.158399 1.994300
v 6.976682 1.286126 2.197501
v 6.703811 1.030673 1.796905
v 6.982488 1.030673 1.796905
v 6.976682 1.286126 2.197501
v 6.982488 1.030673 1.796905
v 7.116018 1.158399 1.994300
v 6.105823 0.722969 1.309222
v 6.245159 0.595242 1.111827
v 6.239353 0.850695 1.512424
v 6.518030 0.850695 1.512424
v 6.518030 0.601048 1.111827
v 6.657366 0.728774 1.309222
v 3.893831 1.855088 3.109003
v 3.754493 1.982814 3.306398
v 3.760299 1.727362 2.905802
v 3.481622 1.727362 2.905802
v 3.481622 1.977009 3.306398
v 3.348092 1.849283 3.109003
v 2.901051 1.140982 1.982688
v 3.040387 1.013256 1.785293
v 3.040387 1.268708 2.185890
v 3.313258 1.268708 2.185890
v 3.313258 1.013256 1.785293
v 3.452594 1.140982 1.988495
v 0.601974 1.553190 2.650349
v 0.741315 1.425464 2.452954
v 0.741315 1.680916 2.853550
v 1.014181 1.686722 2.853550
v 1.014181 1.431269 2.452954
v 1.153522 1.558996 2.656155
v 1.658620 1.431269 2.452954
v 1.931491 1.431269 2.452954
v 1.931491 1.686722 2.853550
v 2.065021 1.558996 2.656155
v 1.931491 1.686722 2.853550
v 1.652814 1.686722 2.853550
v 1.658620 1.431269 2.452954
v 1.519284 1.558996 2.656155
v 2.070827 0.705551 1.303416
v 1.937296 0.833278 1.500812
v 1.937296 0.577825 1.100216
v 1.664425 0.577825 1.100216
v 1.658620 0.827472 1.500812
v 1.525089 0.699746 1.303416
v 4.265398 2.435663 4.026310
v 4.398933 2.313742 3.828915
v 4.398933 2.563389 4.229511
v 4.671804 2.569195 4.229511
v 4.677610 2.313742 3.828915
v 4.811140 2.441468 4.026310
v 6.558669 2.307937 3.811498
v 6.698005 2.180210 3.608296
v 6.698005 2.435663 4.014699
v 6.970876 2.435663 4.014699
v 6.970876 2.186016 3.608296
v 7.110212 2.313742 3.811498
v 8.015910 3.457474 5.617084
v 7.876570 3.585200 5.820285
v 7.876570 3.329747 5.413882
v 7.603703 3.329747 5.413882
v 7.603703 3.585200 5.820285
v 7.464363 3.457474 5.617084
v 3.800940 3.440057 5.611277
v 3.940276 3.312330 5.413882
v 3.934470 3.567783 5.814479
v 4.213147 3.312330 5.413882
v 4.213147 3.567783 5.814479
v 4.346682 3.440057 5.617084
v 1.054821 2.859482 4.711387
v 1.194161 2.731755 4.513992
v 1.194161 2.987209 4.914589
v 1.467033 2.987209 4.914589
v 1.467033 2.737561 4.513992
v 1.606369 2.865288 4.711387
v 2.059215 2.720144 4.484964
v 1.919879 2.847871 4.688165
v 1.919879 2.592418 4.287569
v 1.647008 2.592418 4.287569
v 1.647008 2.847871 4.688165
v 1.507672 2.720144 4.484964
v 2.019655 -3.443498 -5.245504
v 2.158996 -3.571225 -5.448706
v 2.153190 -3.315772 -5.048109
v 2.431862 -3.315772 -5.048109
v 2.431862 -3.571225 -5.448706
v 2.571203 -3.443498 -5.245504
v 6.205598 0.289595 0.624102
v 6.072063 0.417321 0.821498
v 6.072063 0.161869 0.420901
v 5.799197 0.161869 0.420901
v 5.793391 0.411516 0.821498
v 5.659856 0.283789 0.624102
v 7.581560 -0.703187 -0.949255
v 7.442219 -0.575461 -0.746053
v 7.442219 -0.830913 -1.146650
v 7.169348 -0.830913 -1.152455
v 7.169348 -0.575461 -0.746053
v 7.030012 -0.703187 -0.949255
v 6.234626 -3.431886 -5.251310
v 6.095290 -3.304160 -5.053915
v 6.101096 -3.559613 -5.454512
v 5.822419 -3.304160 -5.053915
v 5.822419 -3.559613 -5.454512
v 5.683078 -3.431886 -5.257116
v 4.307122 -3.582836 -5.483540
v 4.446457 -3.710562 -5.680935
v 4.440652 -3.455110 -5.280339
v 4.719329 -3.455110 -5.280339
v 4.719329 -3.710562 -5.680935
v 4.858665 -3.582836 -5.483540
v 8.063435 -3.420275 -5.245504
v 7.924099 -3.292549 -5.042303
v 7.929905 -3.548001 -5.448706
v 7.651228 -3.548001 -5.448706
v 7.651228 -3.298354 -5.042303
v 7.517693 -3.426080 -5.245504
v 6.141736 -3.861511 -5.930582
v 6.275266 -3.989238 -6.133783
v 6.275266 -3.733785 -5.727381
v 6.548137 -3.733785 -5.727381
v 6.553943 -3.989238 -6.133783
v 6.548137 -3.733785 -5.727381
v 6.553943 -3.989238 -6.133783
v 6.687473 -3.861511 -5.930582
v 6.130125 -2.996456 -4.566232
v 6.269460 -3.124182 -4.763628
v 6.269460 -2.868729 -4.363031
v 6.542331 -2.868729 -4.363031
v 6.542331 -3.124182 -4.763628
v 6.681667 -2.996456 -4.566232
v 3.929744 -3.298354 -5.030692
v 3.796213 -3.170628 -4.827491
v 3.796213 -3.426080 -5.233893
v 3.523341 -3.426080 -5.233893
v 3.517535 -3.176434 -4.827491
v 3.384005 -3.304160 -5.030692
v 0.637887 -3.304160 -5.024886
v 0.777228 -3.431886 -5.228087
v 0.777228 -3.176434 -4.821685
v 1.050094 -3.176434 -4.821685
v 1.050094 -3.431886 -5.222282
v 1.189435 -3.304160 -5.024886
v 2.013849 -2.868729 -4.339808
v 2.153190 -2.996456 -4.537203
v 2.153190 -2.741003 -4.136607
v 2.426056 -2.990650 -4.537203
v 2.426056 -2.741003 -4.136607
v 2.565397 -2.862924 -4.339808
v 8.498864 -0.703187 -0.955060
v 8.365334 -0.575461 -0.757665
v 8.365334 -0.830913 -1.158261
v 8.086658 -0.581266 -0.757665
v 8.092463 -0.830913 -1.158261
v 7.953127 -0.708993 -0.955060
v 4.748357 -0.290979 -0.287400
v 4.881887 -0.418706 -0.484795
v 4.881887 -0.163253 -0.084198
v 5.154758 -0.163253 -0.084198
v 5.160564 -0.418706 -0.484795
v 5.294094 -0.290979 -0.287400
v 6.577166 -0.279368 -0.281594
v 6.716501 -0.407094 -0.478989
v 6.716501 -0.151642 -0.078393
v 6.989372 -0.151642 -0.078393
v 6.989372 -0.407094 -0.478989
v 7.128708 -0.279368 -0.281594
v 8.046018 -0.563849 -0.728636
v 7.906682 -0.436123 -0.525435
v 7.906682 -0.691576 -0.931837
v 7.633811 -0.691576 -0.931837
v 7.633811 -0.436123 -0.525435
v 7.494470 -0.563849 -0.728636
v 7.575754 0.144451 0.391872
v 7.436413 0.272178 0.595074
v 7.436413 0.016725 0.188672
v 7.163542 0.016725 0.188672
v 7.163542 0.272178 0.589267
v 7.024207 0.144451 0.391872
v 3.831047 -0.575461 -0.734442
v 3.964582 -0.703187 -0.931837
v 3.964582 -0.447734 -0.531241
v 4.243254 -0.703187 -0.931837
v 4.237449 -0.447734 -0.531241
v 4.376790 -0.575461 -0.734442
v 2.913742 -0.865748 -1.187290
v 3.053078 -0.993474 -1.384685
v 3.053078 -0.738021 -0.984088
v 3.325949 -0.738021 -0.984088
v 3.325949 -0.993474 -1.384685
v 3.465285 -0.865748 -1.187290
v 3.906521 0.417321 0.838915
v 3.767184 0.545048 1.042116
v 3.767184 0.289595 0.635713
v 3.494313 0.289595 0.635713
v 3.494313 0.545048 1.042116
v 3.354977 0.417321 0.838915
v 3.906521 0.132840 0.386067
v 3.767184 0.260566 0.589267
v 3.772990 0.005114 0.188672
v 3.494313 0.005114 0.188672
v 3.494313 0.254761 0.589267
v 3.360783 0.127034 0.386067
v 1.079127 -0.302591 -0.281594
v 1.218463 -0.424511 -0.478989
v 1.218463 -0.174865 -0.078393
v 1.491334 -0.169059 -0.078393
v 1.491334 -0.424511 -0.478989
v 1.630670 -0.296785 -0.281594
v 0.614665 -0.163253 -0.055170
v 0.754005 -0.285174 -0.258371
v 0.754005 -0.035527 0.142226
v 1.026871 -0.029721 0.142226
v 1.026871 -0.285174 -0.258371
v 1.166212 -0.157447 -0.055170
v 1.996432 -0.587072 -0.740248
v 2.135773 -0.714799 -0.937643
v 2.135773 -0.459346 -0.537047
v 2.408639 -0.714799 -0.937643
v 2.408639 -0.459346 -0.537047
v 2.547980 -0.587072 -0.734442
v 0.614665 0.127034 0.391872
v 0.754005 -0.000692 0.194477
v 0.748200 0.254761 0.595074
v 1.026871 0.254761 0.595074
v 1.026871 -0.000692 0.194477
v 1.160407 0.127034 0.397678
v 8.098269 -2.009479 -3.016099
v 8.376945 -2.264932 -3.416695
v 8.371140 -2.009479 -3.016099
v 8.510475 -2.137206 -3.219300
v 8.376945 -2.264932 -3.416695
v 8.098269 -2.009479 -3.016099
v 8.098269 -2.264932 -3.416695
v 7.964739 -2.137206 -3.219300
v 6.217209 -1.138618 -1.634332
v 6.077868 -1.016697 -1.436937
v 6.083674 -1.266344 -1.837533
v 5.805002 -1.272150 -1.837533
v 5.805002 -1.016697 -1.436937
v 5.671467 -1.144423 -1.634332
v 5.764363 -2.433299 -3.672148
v 5.625022 -2.305572 -3.468947
v 5.625022 -2.561025 -3.875349
v 5.352150 -2.561025 -3.875349
v 5.352150 -2.305572 -3.468947
v 5.212815 -2.433299 -3.672148
v 4.765774 -2.572636 -3.892766
v 4.905110 -2.700363 -4.090161
v 4.899304 -2.444910 -3.689565
v 5.177981 -2.444910 -3.689565
v 5.177981 -2.700363 -4.090161
v 5.311511 -2.572636 -3.892766
v 6.588777 -1.719192 -2.545834
v 6.728113 -1.846918 -2.749035
v 6.722307 -1.591466 -2.348439
v 7.000984 -1.591466 -2.348439
v 7.000984 -1.841113 -2.749035
v 7.134514 -1.713386 -2.545834
v 2.919547 -1.736609 -2.557445
v 3.058883 -1.864336 -2.754841
v 3.058883 -1.608883 -2.354244
v 3.331754 -1.608883 -2.354244
v 3.337560 -1.864336 -2.754841
v 3.471090 -1.730804 -2.557445
v 3.923938 -1.870142 -2.772258
v 3.784602 -1.742415 -2.574862
v 3.784602 -1.997868 -2.975459
v 3.511730 -1.997868 -2.975459
v 3.511730 -1.742415 -2.574862
v 3.372394 -1.870142 -2.778064
v 2.089323 -1.312790 -1.889785
v 1.949987 -1.190869 -1.686584
v 1.949987 -1.440516 -2.087180
v 1.677116 -1.446322 -2.087180
v 1.677116 -1.190869 -1.686584
v 1.537780 -1.318596 -1.889785
v 2.013849 -2.317184 -3.468947
v 2.147384 -2.444910 -3.672148
v 2.147384 -2.189458 -3.271552
v 2.426056 -2.444910 -3.672148
v 2.420250 -2.189458 -3.271552
v 2.559591 -2.317184 -3.468947
v 1.096544 -2.601665 -3.910183
v 1.235880 -2.729392 -4.113384
v 1.235880 -2.473939 -3.712788
v 1.508751 -2.468133 -3.712788
v 1.508751 -2.723586 -4.113384
v 1.648087 -2.595860 -3.910183
v 8.075047 1.439132 2.429688
v 8.347917 1.183679 2.023286
v 8.347917 1.439132 2.429688
v 8.487253 1.311406 2.226487
v 8.347917 1.183679 2.023286
v 8.075047 1.439132 2.429688
v 8.075047 1.183679 2.023286
v 7.935710 1.311406 2.226487
v 8.080852 0.864364 1.523992
v 8.353723 0.614717 1.123396
v 8.353723 0.870169 1.523992
v 8.493058 0.742443 1.326597
v 8.353723 0.614717 1.123396
v 8.080852 0.864364 1.523992
v 8.080852 0.608911 1.123396
v 7.941516 0.736637 1.326597
v 5.648244 0.579882 1.088562
v 5.781780 0.457962 0.891166
v 5.781780 0.707608 1.291762
v 6.054646 0.457962 0.891166
v 6.054646 0.707608 1.291762
v 6.193986 0.585688 1.088562
v 4.266477 1.578470 2.673530
v 4.405818 1.450744 2.470328
v 4.405818 1.706197 2.870924
v 4.678689 1.706197 2.870924
v 4.684494 1.456549 2.470328
v 4.818025 1.584276 2.673530
v 5.735334 1.015313 1.773639
v 5.601799 1.143039 1.971034
v 5.601799 0.887586 1.570438
v 5.328928 0.887586 1.570438
v 5.323123 1.143039 1.971034
v 5.189592 1.009507 1.773639
v 4.272283 1.009507 1.767834
v 4.411623 0.881781 1.570438
v 4.411623 1.137233 1.971034
v 4.684494 1.137233 1.971034
v 4.684494 0.881781 1.570438
v 4.823831 1.009507 1.773639
v 8.028601 1.735225 2.899954
v 7.889260 1.862951 3.097348
v 7.889260 1.607498 2.696752
v 7.616394 1.607498 2.696752
v 7.616394 1.862951 3.097348
v 7.477053 1.735225 2.899954
v 7.569949 0.736637 1.326597
v 7.430608 0.864364 1.529798
v 7.430608 0.608911 1.123396
v 7.157737 0.608911 1.123396
v 7.157737 0.864364 1.523992
v 7.018401 0.736637 1.326597
v 8.034407 0.591494 1.094368
v 7.895066 0.719220 1.297568
v 7.900877 0.463767 0.896972
v 7.622200 0.463767 0.891166
v 7.622200 0.719220 1.297568
v 7.488665 0.591494 1.094368
v 2.124157 0.690191 1.280151
v 1.990626 0.562465 1.076950
v 2.129962 0.434739 0.879555
v 2.124157 0.690191 1.280151
v 2.129962 0.434739 0.879555
v 2.397028 0.690191 1.280151
v 2.397028 0.440544 0.879555
v 2.536369 0.568271 1.082756
v 2.896325 1.996483 3.335384
v 3.035661 1.868757 3.137989
v 3.029855 2.124210 3.538585
v 3.308532 2.124210 3.538585
v 3.308532 1.868757 3.137989
v 3.442062 1.996483 3.341190
v 2.896325 1.427520 2.435494
v 3.035661 1.299795 2.238099
v 3.035661 1.555247 2.638695
v 3.308532 1.555247 2.638695
v 3.314337 1.299795 2.238099
v 3.447868 1.427520 2.435494
v 1.984821 1.415909 2.429688
v 2.124157 1.293988 2.226487
v 2.118351 1.543635 2.632889
v 2.397028 1.549441 2.632889
v 2.397028 1.293988 2.232293
v 2.530563 1.421715 2.429688
v 0.603053 1.839729 3.103154
v 0.736588 1.712002 2.905759
v 0.736588 1.967454 3.306355
v 1.009454 1.967454 3.306355
v 1.015260 1.717808 2.905759
v 1.148795 1.845534 3.103154
v 2.071906 0.992090 1.750416
v 1.932570 1.114010 1.953617
v 1.932570 0.864364 1.553021
v 1.659699 0.858558 1.553021
v 1.659699 1.114010 1.953617
v 1.520363 0.986284 1.750416
v 1.073322 0.562465 1.082756
v 1.212658 0.434739 0.879555
v 1.212658 0.690191 1.280151
v 1.485529 0.690191 1.285957
v 1.485529 0.434739 0.879555
v 1.624865 0.562465 1.082756
v 8.063435 2.582863 4.235274
v 8.342112 2.327410 3.834678
v 8.342112 2.582863 4.235274
v 8.475641 2.455137 4.037879
v 8.342112 2.327410 3.834678
v 8.063435 2.582863 4.235274
v 8.069241 2.327410 3.834678
v 7.929905 2.455137 4.037879
v 8.330500 3.726595 6.040860
v 8.336306 3.471143 5.640264
v 8.469836 3.598869 5.837659
v 8.330500 3.726595 6.040860
v 8.057630 3.726595 6.040860
v 8.336306 3.471143 5.640264
v 8.057630 3.471143 5.640264
v 8.057630 3.726595 6.040860
v 7.918293 3.598869 5.837659
v 8.057630 3.471143 5.640264
v 4.725134 2.588669 4.258497
v 4.864470 2.460943 4.061101
v 4.864470 2.716395 4.461699
v 5.137341 2.716395 4.461699
v 5.137341 2.460943 4.061101
v 5.276677 2.588669 4.264304
v 4.725134 3.151827 5.146775
v 4.858665 3.024100 4.949380
v 4.858665 3.279553 5.349977
v 5.131536 3.279553 5.349977
v 5.137341 3.024100 4.949380
v 5.131536 3.279553 5.349977
v 5.137341 3.024100 4.949380
v 5.270871 3.151827 5.152581
v 4.667078 3.424697 5.582206
v 4.394207 3.424697 5.582206
v 4.394207 3.169244 5.181611
v 4.254866 3.296970 5.379005
v 4.394207 3.169244 5.181611
v 4.667078 3.169244 5.181611
v 4.667078 3.424697 5.582206
v 4.806414 3.296970 5.379005
v 6.693279 2.722201 4.461699
v 6.693279 2.466749 4.061101
v 6.966150 2.722201 4.461699
v 6.693279 2.722201 4.461699
v 6.559748 2.594475 4.264304
v 6.693279 2.466749 4.061101
v 6.693279 2.466749 4.061101
v 6.971955 2.466749 4.061101
v 6.966150 2.722201 4.461699
v 7.105486 2.594475 4.264304
v 6.089480 3.308582 5.396422
v 6.223015 3.180855 5.193222
v 6.223015 3.436308 5.593818
v 6.495886 3.436308 5.599623
v 6.501692 3.186661 5.193222
v 6.495886 3.436308 5.599623
v 6.501692 3.186661 5.193222
v 6.635222 3.314387 5.396422
v 3.343366 2.728007 4.484921
v 3.476896 2.600280 4.287526
v 3.476896 2.855734 4.688122
v 3.755573 2.600280 4.287526
v 3.749767 2.855734 4.688122
v 3.889104 2.728007 4.484921
v 2.420250 3.296970 5.390617
v 2.559591 3.169244 5.193222
v 2.553786 3.424697 5.593818
v 2.832458 3.424697 5.593818
v 2.832458 3.169244 5.193222
v 2.971798 3.296970 5.390617
v 2.054489 3.291164 5.390617
v 1.915153 3.418891 5.588012
v 1.920958 3.163438 5.187416
v 1.642282 3.163438 5.187416
v 1.642282 3.418891 5.588012
v 1.502946 3.291164 5.390617
v 5.767585 -3.289072 -5.031551
v 5.628230 -3.167136 -4.828324
v 5.634036 -3.416816 -5.228972
v 5.355324 -3.422622 -5.228972
v 5.355324 -3.167136 -4.828324
v 5.221775 -3.294879 -5.031551
v 4.304348 -3.010360 -4.578644
v 4.443704 -3.138103 -4.781872
v 4.437898 -2.882617 -4.381223
v 4.710803 -2.882617 -4.381223
v 4.716609 -3.138103 -4.781872
v 4.850159 -3.010360 -4.578644
v 4.763059 -2.005836 -2.987664
v 4.896609 -2.133579 -3.190891
v 4.896609 -1.878093 -2.790242
v 5.169514 -1.878093 -2.790242
v 5.175320 -2.127772 -3.190891
v 5.308869 -2.000029 -2.987664
v 2.452072 -1.018731 -1.425715
v 2.591427 -1.146474 -1.623136
v 2.585622 -0.890988 -1.222488
v 2.864332 -0.890988 -1.222488
v 2.864332 -1.146474 -1.623136
v 3.003693 -1.018731 -1.425715
v 8.519865 -3.277459 -5.019938
v 8.380509 -3.149716 -4.822517
v 8.386315 -3.405202 -5.223166
v 8.107605 -3.155523 -4.822517
v 8.107605 -3.405202 -5.223166
v 7.968249 -3.283266 -5.025745
v 8.514059 -2.708422 -4.119931
v 8.380509 -2.580679 -3.922510
v 8.380509 -2.836165 -4.323158
v 8.101799 -2.580679 -3.922510
v 8.107605 -2.836165 -4.323158
v 7.968249 -2.708422 -4.119931
v 6.685012 -3.283266 -5.019938
v 6.545657 -3.155523 -4.822517
v 6.545657 -3.411009 -5.223166
v 6.272751 -3.411009 -5.223166
v 6.272751 -3.161329 -4.822517
v 6.133396 -3.289072 -5.025745
v 7.463083 -3.434235 -5.263812
v 7.190178 -3.689721 -5.664460
v 7.463083 -3.689721 -5.664460
v 7.463083 -3.434235 -5.263812
v 7.463083 -3.689721 -5.664460
v 7.602439 -3.561978 -5.467039
v 7.190178 -3.434235 -5.263812
v 7.190178 -3.689721 -5.664460
v 7.463083 -3.434235 -5.263812
v 7.190178 -3.434235 -5.263812
v 7.050823 -3.561978 -5.467039
v 7.190178 -3.689721 -5.664460
v 6.597912 -3.143910 -4.799292
v 6.737268 -3.265846 -4.996712
v 6.737268 -3.016167 -4.596064
v 7.010173 -3.010360 -4.596064
v 7.010173 -3.265846 -4.996712
v 7.149534 -3.138103 -4.793485
v 6.127590 -2.714229 -4.114124
v 6.266946 -2.836165 -4.317352
v 6.266946 -2.586486 -3.910897
v 6.539851 -2.580679 -3.910897
v 6.545657 -2.836165 -4.317352
v 6.679206 -2.708422 -4.114124
v 2.881754 -3.712947 -5.676073
v 2.608849 -3.457461 -5.275424
v 2.608849 -3.712947 -5.676073
v 2.469494 -3.585203 -5.478652
v 2.608849 -3.457461 -5.275424
v 2.881754 -3.712947 -5.676073
v 2.881754 -3.457461 -5.275424
v 3.021110 -3.585203 -5.478652
v 2.603043 -2.882617 -4.369610
v 2.463688 -3.010360 -4.567031
v 2.603043 -3.138103 -4.770259
v 2.603043 -2.882617 -4.369610
v 2.603043 -3.138103 -4.770259
v 2.875949 -2.882617 -4.369610
v 2.881754 -3.138103 -4.770259
v 3.015304 -3.010360 -4.567031
v 3.845632 -3.149716 -4.799292
v 3.984988 -3.277459 -4.996712
v 3.984988 -3.021973 -4.596064
v 4.257893 -3.277459 -4.996712
v 4.257893 -3.021973 -4.596064
v 4.397254 -3.149716 -4.799292
v 1.104967 -3.445848 -5.246392
v 1.238517 -3.573591 -5.449619
v 1.238517 -3.318105 -5.048971
v 1.511422 -3.318105 -5.048971
v 1.517228 -3.573591 -5.449619
v 1.650778 -3.445848 -5.246392
v 1.964328 -3.172942 -4.822517
v 1.691422 -3.428428 -5.223166
v 1.964328 -3.428428 -5.223166
v 1.964328 -3.172942 -4.822517
v 1.964328 -3.428428 -5.223166
v 2.103683 -3.300685 -5.019938
v 1.964328 -3.172942 -4.822517
v 1.691422 -3.172942 -4.822517
v 1.691422 -3.428428 -5.223166
v 1.552067 -3.300685 -5.025745
v 1.099162 -2.882617 -4.352191
v 1.238517 -3.004554 -4.555418
v 1.238517 -2.754874 -4.154770
v 1.511422 -2.749068 -4.154770
v 1.511422 -3.004554 -4.555418
v 1.650778 -2.876811 -4.352191
v 4.281121 -0.153563 -0.061188
v 4.420476 -0.281306 -0.264416
v 4.420476 -0.025820 0.136233
v 4.693381 -0.025820 0.136233
v 4.693381 -0.275499 -0.264416
v 4.832737 -0.147756 -0.061188
v 5.750164 -0.716793 -0.961195
v 5.610808 -0.589050 -0.763774
v 5.616613 -0.844536 -1.164423
v 5.337903 -0.844536 -1.164423
v 5.337903 -0.589050 -0.763774
v 5.198547 -0.716793 -0.961195
v 5.744358 -0.147756 -0.061188
v 5.605002 -0.020013 0.142039
v 5.610808 -0.275499 -0.264416
v 5.337903 -0.275499 -0.264416
v 5.332097 -0.020013 0.142039
v 5.198547 -0.147756 -0.061188
v 4.745642 -0.014207 0.153653
v 4.884997 -0.136143 -0.043769
v 4.884997 0.113536 0.356880
v 5.157903 0.119343 0.356880
v 5.157903 -0.136143 -0.043769
v 5.297258 -0.008400 0.159459
v 8.043733 -0.275499 -0.276029
v 7.904377 -0.147756 -0.078607
v 7.904377 -0.403242 -0.479256
v 7.631472 -0.403242 -0.479256
v 7.631472 -0.147756 -0.078607
v 7.492116 -0.275499 -0.276029
v 6.115974 -0.716793 -0.961195
v 6.255330 -0.844536 -1.164423
v 6.249524 -0.589050 -0.763774
v 6.528234 -0.589050 -0.763774
v 6.528234 -0.844536 -1.164423
v 6.667590 -0.716793 -0.961195
v 8.037928 0.293538 0.623979
v 7.898571 0.421281 0.827206
v 7.904377 0.165795 0.420751
v 7.625667 0.165795 0.420751
v 7.625667 0.421281 0.827206
v 7.486311 0.293538 0.623979
v 7.573406 0.432894 0.844626
v 7.434050 0.560637 1.042047
v 7.434050 0.305151 0.641398
v 7.161145 0.305151 0.641398
v 7.161145 0.554830 1.042047
v 7.021790 0.427087 0.844626
v 2.457882 0.421281 0.850433
v 2.591427 0.293538 0.647205
v 2.591427 0.549024 1.047853
v 2.864332 0.549024 1.047853
v 2.864332 0.293538 0.653011
v 3.003693 0.421281 0.850433
v 3.915310 -0.716793 -0.949582
v 3.775953 -0.589050 -0.752162
v 3.775953 -0.844536 -1.152810
v 3.503048 -0.844536 -1.152810
v 3.503048 -0.589050 -0.752162
v 3.363693 -0.716793 -0.955389
v 1.081740 -0.583244 -0.728935
v 1.221095 -0.710987 -0.926357
v 1.221095 -0.455501 -0.525708
v 1.494000 -0.455501 -0.525708
v 1.494000 -0.710987 -0.926357
v 1.633356 -0.583244 -0.723129
v 2.080456 -0.153563 -0.055382
v 1.941100 -0.025820 0.147846
v 1.941100 -0.281306 -0.252802
v 1.668195 -0.281306 -0.258609
v 1.668195 -0.031626 0.147846
v 1.528839 -0.159369 -0.055382
v 2.074650 0.415474 0.844626
v 1.935294 0.543217 1.047853
v 1.941100 0.287731 0.647205
v 1.662389 0.287731 0.647205
v 1.662389 0.543217 1.047853
v 1.528839 0.415474 0.844626
v 8.508254 -1.849060 -2.767016
v 8.368894 -1.721317 -2.563789
v 8.374704 -1.976803 -2.964437
v 8.095988 -1.727124 -2.563789
v 8.095988 -1.976803 -2.970244
v 7.962444 -1.854867 -2.767016
v 4.757254 -1.721317 -2.546370
v 4.896609 -1.849060 -2.749597
v 4.890803 -1.593575 -2.348948
v 5.169514 -1.593575 -2.343142
v 5.169514 -1.849060 -2.749597
v 5.303064 -1.721317 -2.546370
v 4.286926 -1.012924 -1.419909
v 4.426282 -1.140668 -1.617330
v 4.426282 -0.885182 -1.216681
v 4.699187 -0.885182 -1.216681
v 4.699187 -1.134861 -1.617330
v 4.838547 -1.007118 -1.419909
v 4.298542 -2.441324 -3.672830
v 4.437898 -2.563260 -3.876058
v 4.432092 -2.313581 -3.475410
v 4.710803 -2.307774 -3.469603
v 4.710803 -2.563260 -3.876058
v 4.850159 -2.435517 -3.672830
v 6.586301 -1.146474 -1.646362
v 6.719851 -1.274217 -1.843783
v 6.719851 -1.018731 -1.443135
v 6.992756 -1.018731 -1.443135
v 6.998562 -1.274217 -1.843783
v 7.132112 -1.146474 -1.646362
v 6.121779 -1.570349 -2.314110
v 6.261135 -1.698091 -2.517337
v 6.261135 -1.442605 -2.116689
v 6.534040 -1.442605 -2.116689
v 6.534040 -1.698091 -2.517337
v 6.673401 -1.570349 -2.314110
v 2.423038 -2.470356 -3.713476
v 2.150133 -2.470356 -3.713476
v 2.150133 -2.725842 -4.114124
v 2.010778 -2.598099 -3.916703
v 2.150133 -2.725842 -4.114124
v 2.423038 -2.725842 -4.114124
v 2.423038 -2.470356 -3.713476
v 2.556588 -2.598099 -3.910897
v 3.915310 -1.024538 -1.431522
v 3.775953 -0.896795 -1.234101
v 3.781760 -1.152280 -1.634749
v 3.503048 -1.152280 -1.634749
v 3.503048 -0.896795 -1.234101
v 3.369498 -1.024538 -1.437328
v 3.839827 -2.301967 -3.457990
v 3.979182 -2.429710 -3.655411
v 3.979182 -2.174224 -3.254762
v 4.252088 -2.429710 -3.655411
v 4.252088 -2.174224 -3.254762
v 4.391443 -2.301967 -3.457990
v 2.004972 -1.744543 -2.563789
v 2.144328 -1.872286 -2.767016
v 2.144328 -1.616801 -2.360562
v 2.417233 -1.616801 -2.360562
v 2.417233 -1.866480 -2.761210
v 2.556588 -1.738737 -2.563789
v 0.762384 -1.761963 -2.592822
v 0.628835 -1.889706 -2.790242
v 0.768190 -2.017449 -2.993470
v 0.762384 -1.761963 -2.592822
v 0.768190 -2.017449 -2.993470
v 1.041095 -1.761963 -2.592822
v 1.041095 -2.017449 -2.993470
v 1.174645 -1.889706 -2.790242
v 1.087545 -1.181313 -1.669588
v 1.226901 -1.309056 -1.872816
v 1.226901 -1.053570 -1.466361
v 1.499806 -1.053570 -1.466361
v 1.499806 -1.303249 -1.867009
v 1.499806 -1.053570 -1.466361
v 1.499806 -1.303249 -1.867009
v 1.639161 -1.175506 -1.669588
v 0.634640 -2.464550 -3.696056
v 0.768190 -2.592292 -3.893477
v 0.768190 -2.336807 -3.492829
v 1.041095 -2.336807 -3.492829
v 1.046901 -2.586486 -3.893477
v 1.180451 -2.458743 -3.690250
v 8.490832 1.025156 1.773666
v 8.351477 1.152899 1.976893
v 8.351477 0.897414 1.576245
v 8.078571 1.152899 1.976893
v 8.078571 0.897414 1.576245
v 7.939216 1.025156 1.773666
v 8.485026 1.884518 3.126580
v 8.345671 2.006455 3.329807
v 8.345671 1.756775 2.929159
v 8.066960 2.006455 3.329807
v 8.072766 1.750969 2.929159
v 7.933411 1.878712 3.126580
v 6.203074 1.152899 1.994313
v 6.063718 1.280642 2.191733
v 6.063718 1.025156 1.791085
v 5.790813 1.025156 1.791085
v 5.790813 1.280642 2.191733
v 5.651453 1.152899 1.994313
v 4.739837 0.874188 1.553019
v 4.879192 0.746445 1.349791
v 4.873386 1.001931 1.750440
v 5.152097 1.001931 1.756246
v 5.152097 0.746445 1.349791
v 5.291452 0.874188 1.553019
v 6.563074 2.012261 3.347226
v 6.696623 1.890325 3.149806
v 6.696623 2.140004 3.550454
v 6.969529 2.145811 3.550454
v 6.975334 1.890325 3.149806
v 7.108884 2.018068 3.347226
v 3.816599 1.141286 1.988506
v 3.955960 1.019350 1.785279
v 3.950149 1.269030 2.185927
v 4.228865 1.019350 1.785279
v 4.228865 1.274836 2.185927
v 4.362414 1.147093 1.988506
v 3.816599 0.856768 1.535599
v 3.955960 0.729025 1.338178
v 3.955960 0.984511 1.738827
v 4.228865 0.734832 1.338178
v 4.228865 0.984511 1.738827
v 4.368220 0.862575 1.535599
v 1.070128 1.414192 2.423993
v 1.203678 1.286449 2.226573
v 1.203678 1.541935 2.627221
v 1.476583 1.541935 2.627221
v 1.482389 1.286449 2.226573
v 1.615939 1.414192 2.429800
v 2.068844 1.274836 2.203346
v 1.929489 1.402579 2.406574
v 1.935294 1.147093 2.005926
v 1.656583 1.147093 2.000119
v 1.656583 1.402579 2.406574
v 1.517228 1.274836 2.203346
v 4.263704 2.720654 4.479495
v 4.397254 2.598718 4.276267
v 4.397254 2.848397 4.682721
v 4.670159 2.854204 4.682721
v 4.675964 2.598718 4.276267
v 4.809514 2.726461 4.479495
v 4.728220 2.302586 3.811747
v 4.867576 2.174843 3.608519
v 4.867576 2.430329 4.009168
v 5.140481 2.430329 4.009168
v 5.140481 2.174843 3.608519
v 5.279841 2.302586 3.811747
v 6.185652 3.161948 5.164660
v 6.046296 3.289691 5.367888
v 6.052102 3.034205 4.961433
v 5.773391 3.034205 4.961433
v 5.773391 3.289691 5.367888
v 5.773391 3.289691 5.367888
v 5.639841 3.161948 5.164660
v 5.773391 3.034205 4.961433
v 6.185652 3.452274 5.617568
v 6.046296 3.574209 5.814989
v 6.046296 3.324531 5.414340
v 5.773391 3.318724 5.414340
v 5.773391 3.574209 5.814989
v 5.634036 3.446467 5.617568
v 7.555989 2.459362 4.044006
v 7.416628 2.587105 4.247234
v 7.422439 2.331619 3.846585
v 7.143723 2.331619 3.840779
v 7.143723 2.587105 4.247234
v 7.010173 2.459362 4.044006
v 7.410823 3.719373 6.035636
v 7.410823 3.463886 5.634987
v 7.550178 3.591629 5.838215
v 7.410823 3.463886 5.634987
v 7.410823 3.719373 6.035636
v 7.137918 3.463886 5.634987
v 7.137918 3.719373 6.035636
v 7.137918 3.719373 6.035636
v 6.998562 3.591629 5.832408
v 7.137918 3.463886 5.634987
v 2.434655 3.580016 5.844021
v 2.568205 3.452274 5.640793
v 2.568205 3.707759 6.041441
v 2.841110 3.707759 6.041441
v 2.841110 3.458080 5.640793
v 2.980465 3.585823 5.844021
v 2.893366 2.296780 3.805940
v 3.032721 2.169036 3.608519
v 3.026916 2.424523 4.009168
v 3.305626 2.424523 4.009168
v 3.305626 2.169036 3.608519
v 3.439176 2.296780 3.805940
v 0.593996 2.999366 4.938208
v 0.733351 2.871624 4.734981
v 0.727545 3.127109 5.135628
v 1.000450 3.127109 5.135628
v 1.006256 2.877430 4.734981
v 1.139806 3.005173 4.938208
v 1.970133 3.156142 5.170467
v 2.109489 3.028399 4.967240
v 2.109489 3.283885 5.373695
v 2.382394 3.028399 4.973047
v 2.382394 3.283885 5.373695
v 2.521749 3.156142 5.170467
v 5.747668 -0.434174 -0.513070
v 5.608357 -0.306472 -0.309909
v 5.614162 -0.561874 -0.710426
v 5.335539 -0.561874 -0.716230
v 5.335539 -0.306472 -0.309909
v 5.196228 -0.434174 -0.513070
v 2.444855 -0.439978 -0.507265
v 2.584162 -0.567679 -0.710426
v 2.584162 -0.312277 -0.309909
v 2.862785 -0.567679 -0.710426
v 2.856979 -0.312277 -0.309909
v 2.996290 -0.439978 -0.507265
v 4.760886 -2.291643 -3.438584
v 4.900198 -2.419344 -3.641745
v 4.900198 -2.163942 -3.241228
v 5.173010 -2.158137 -3.241228
v 5.173010 -2.413539 -3.641745
v 5.312322 -2.285838 -3.438584
v 3.350368 1.568411 2.662042
v 3.489679 1.440709 2.458881
v 3.483874 1.696112 2.859398
v 3.762496 1.446514 2.458881
v 3.762496 1.696112 2.865202
v 3.896003 1.574215 2.662042
v 3.901804 0.720940 1.315376
v 3.762496 0.848641 1.518537
v 3.768302 0.593239 1.118020
v 3.489679 0.593239 1.118020
v 3.489679 0.842837 1.518537
v 3.356173 0.715136 1.315376
v 8.516457 -2.993999 -4.570479
v 8.377146 -2.866297 -4.373123
v 8.382951 -3.121699 -4.773640
v 8.104328 -2.866297 -4.373123
v 8.104328 -3.121699 -4.773640
v 7.970823 -2.993999 -4.570479
v 7.599333 -3.278423 -5.017433
v 7.460022 -3.150722 -4.820077
v 7.465827 -3.406125 -5.220593
v 7.187204 -3.406125 -5.220593
v 7.187204 -3.156527 -4.820077
v 7.053699 -3.284228 -5.017433
v 2.021120 -3.731182 -5.708180
v 2.160426 -3.858882 -5.905536
v 2.160426 -3.603481 -5.505019
v 2.433244 -3.858882 -5.905536
v 2.433244 -3.603481 -5.505019
v 2.572555 -3.731182 -5.702375
v 2.096579 -2.726987 -4.117721
v 1.957267 -2.605091 -3.920365
v 1.963073 -2.854688 -4.320882
v 1.690255 -2.860493 -4.320882
v 1.684450 -2.605091 -3.920365
v 1.550944 -2.732792 -4.123526
v 2.015314 -3.150722 -4.791054
v 2.154625 -3.278423 -4.988410
v 2.154625 -3.023021 -4.587893
v 2.427438 -3.278423 -4.988410
v 2.427438 -3.023021 -4.587893
v 2.566749 -3.150722 -4.791054
v 0.773131 -2.895320 -4.373123
v 0.633820 -3.023021 -4.576284
v 0.773131 -3.144918 -4.773640
v 0.773131 -2.895320 -4.373123
v 0.773131 -3.144918 -4.773640
v 1.045949 -2.889516 -4.373123
v 1.051749 -3.144918 -4.773640
v 1.185255 -3.017217 -4.570479
v 6.212034 -0.579288 -0.745254
v 6.078527 -0.451587 -0.542093
v 6.078527 -0.706989 -0.942610
v 5.805710 -0.706989 -0.942610
v 5.799910 -0.451587 -0.542093
v 5.799910 -0.451587 -0.542093
v 5.666404 -0.579288 -0.745254
v 5.805710 -0.706989 -0.942610
v 4.279104 0.419101 0.839400
v 4.418416 0.291401 0.636239
v 4.412610 0.546802 1.042561
v 4.691233 0.546802 1.042561
v 4.691233 0.291401 0.636239
v 4.824739 0.419101 0.839400
v 6.658987 -0.138139 -0.054507
v 6.519675 -0.010438 0.148654
v 6.525481 -0.265840 -0.257668
v 6.252668 -0.265840 -0.257668
v 6.246862 -0.016243 0.148654
v 6.113357 -0.143944 -0.054507
v 6.577722 -0.567679 -0.733644
v 6.717033 -0.695380 -0.931000
v 6.717033 -0.439978 -0.530484
v 6.989851 -0.439978 -0.530484
v 6.989851 -0.695380 -0.931000
v 7.129158 -0.567679 -0.727840
v 6.577722 0.001171 0.171872
v 6.711228 -0.120726 -0.031289
v 6.711228 0.128872 0.375033
v 6.984046 0.134677 0.375033
v 6.989851 -0.120726 -0.031289
v 7.123357 0.006976 0.171872
v 3.826345 -0.294863 -0.280886
v 3.965657 -0.416760 -0.484047
v 3.965657 -0.167162 -0.083530
v 4.238474 -0.416760 -0.484047
v 4.238474 -0.161358 -0.077726
v 4.377781 -0.289059 -0.280886
v 2.915026 -0.579288 -0.733644
v 3.054337 -0.706989 -0.936805
v 3.048532 -0.451587 -0.530484
v 3.327150 -0.451587 -0.530484
v 3.327150 -0.706989 -0.936805
v 3.460656 -0.579288 -0.733644
v 1.992096 0.279791 0.630435
v 2.131408 0.152090 0.427274
v 2.131408 0.407492 0.827791
v 2.404220 0.152090 0.427274
v 2.404220 0.407492 0.827791
v 2.543532 0.279791 0.630435
v 8.504846 -1.281644 -1.865540
v 8.365539 -1.153943 -1.662379
v 8.371340 -1.409345 -2.062896
v 8.092722 -1.153943 -1.662379
v 8.092722 -1.409345 -2.062896
v 7.959216 -1.281644 -1.865540
v 8.516457 -2.419344 -3.670768
v 8.377146 -2.291643 -3.467607
v 8.377146 -2.547045 -3.868124
v 8.098528 -2.297448 -3.467607
v 8.104328 -2.547045 -3.868124
v 7.965022 -2.425148 -3.670768
v 6.223645 -1.716988 -2.544677
v 6.084333 -1.589287 -2.341516
v 6.084333 -1.844689 -2.742033
v 5.811516 -1.589287 -2.341516
v 5.811516 -1.844689 -2.742033
v 5.672204 -1.716988 -2.544677
v 4.755081 -1.153943 -1.650770
v 4.894392 -1.281644 -1.848126
v 4.888587 -1.026242 -1.447609
v 5.167209 -1.026242 -1.447609
v 5.167209 -1.281644 -1.848126
v 5.300715 -1.153943 -1.650770
v 6.583528 -1.432563 -2.097723
v 6.722839 -1.560264 -2.295079
v 6.722839 -1.304862 -1.894562
v 6.995652 -1.304862 -1.894562
v 7.001457 -1.560264 -2.295079
v 7.134963 -1.432563 -2.097723
v 8.052088 -1.426759 -2.091919
v 7.912781 -1.299058 -1.894562
v 7.912781 -1.554459 -2.295079
v 7.639963 -1.554459 -2.295079
v 7.639963 -1.299058 -1.894562
v 7.500652 -1.426759 -2.097723
v 6.595139 -2.576068 -3.902951
v 6.734446 -2.703769 -4.100307
v 6.728640 -2.448367 -3.699791
v 7.007263 -2.448367 -3.699791
v 7.007263 -2.697964 -4.100307
v 7.140769 -2.570263 -3.897146
v 7.593528 -2.425148 -3.664963
v 7.454216 -2.297448 -3.467607
v 7.454216 -2.552849 -3.868124
v 7.181399 -2.552849 -3.868124
v 7.181399 -2.297448 -3.467607
v 7.042092 -2.425148 -3.664963
v 3.925027 -2.442562 -3.676572
v 3.785715 -2.314861 -3.473412
v 3.791521 -2.570263 -3.879733
v 3.512897 -2.570263 -3.879733
v 3.512897 -2.314861 -3.473412
v 3.379391 -2.442562 -3.676572
v 3.837956 -2.018827 -3.009044
v 3.977268 -2.146528 -3.206400
v 3.977268 -1.891126 -2.805883
v 4.250081 -2.140723 -3.206400
v 4.250081 -1.891126 -2.805883
v 4.389392 -2.013022 -3.003240
v 1.951461 -1.473195 -2.138355
v 1.951461 -1.728597 -2.538872
v 2.090773 -1.600896 -2.335711
v 1.951461 -1.728597 -2.538872
v 1.951461 -1.473195 -2.138355
v 1.678649 -1.728597 -2.538872
v 1.678649 -1.473195 -2.138355
v 1.539337 -1.600896 -2.341516
v 2.003703 -1.165552 -1.656574
v 2.143014 -1.293253 -1.853930
v 2.137208 -1.037851 -1.453413
v 2.415832 -1.293253 -1.853930
v 2.415832 -1.037851 -1.453413
v 2.549337 -1.165552 -1.656574
v 0.622213 -1.037851 -1.436000
v 0.761520 -1.159747 -1.639161
v 0.755719 -0.910150 -1.238644
v 1.034337 -0.904345 -1.238644
v 1.034337 -1.159747 -1.639161
v 1.173649 -1.032046 -1.436000
v 1.098190 -2.314861 -3.461802
v 1.231696 -2.442562 -3.659158
v 1.231696 -2.187160 -3.258641
v 1.504508 -2.187160 -3.258641
v 1.510314 -2.442562 -3.659158
v 1.643820 -2.314861 -3.461802
v 4.731863 1.440709 2.447272
v 4.871174 1.313009 2.244111
v 4.871174 1.568411 2.644628
v 5.143987 1.568411 2.650433
v 5.143987 1.313009 2.244111
v 5.283298 1.440709 2.447272
v 5.736057 1.585824 2.673651
v 5.596745 1.713526 2.876812
v 5.596745 1.458123 2.476295
v 5.323933 1.458123 2.470491
v 5.318127 1.713526 2.876812
v 5.184621 1.585824 2.673651
v 5.741863 0.726745 1.321181
v 5.602551 0.854446 1.524342
v 5.602551 0.599044 1.118020
v 5.329734 0.599044 1.118020
v 5.323933 0.854446 1.524342
v 5.190427 0.726745 1.321181
v 4.273298 0.720940 1.321181
v 4.412610 0.593239 1.118020
v 4.412610 0.848641 1.518537
v 4.685427 0.848641 1.518537
v 4.685427 0.599044 1.118020
v 4.824739 0.726745 1.321181
v 8.028870 1.162089 1.994514
v 7.895364 1.289790 2.197675
v 7.895364 1.034388 1.797157
v 7.622551 1.034388 1.797157
v 7.616745 1.289790 2.197675
v 7.483240 1.162089 1.994514
v 2.897614 1.713526 2.888421
v 3.036920 1.585824 2.685260
v 3.031115 1.841226 3.085777
v 3.309738 1.841226 3.091581
v 3.309738 1.585824 2.685260
v 3.443244 1.713526 2.888421
v 1.980485 1.707721 2.888421
v 2.119796 1.580020 2.685260
v 2.119796 1.835422 3.085777
v 2.392614 1.580020 2.685260
v 2.392614 1.835422 3.085777
v 2.531920 1.707721 2.888421
v 1.986290 1.127262 1.971296
v 2.125602 0.999561 1.773939
v 2.119796 1.254963 2.174456
v 2.398414 1.005365 1.773939
v 2.398414 1.254963 2.174456
v 2.537726 1.133066 1.971296
v 6.188816 2.874444 4.705257
v 6.049504 3.002145 4.908419
v 6.055310 2.746743 4.507902
v 5.776692 3.002145 4.908419
v 5.776692 2.746743 4.507902
v 5.637380 2.874444 4.705257
v 4.267498 2.154674 3.579167
v 4.401003 2.026973 3.376006
v 4.401003 2.282375 3.776523
v 4.673816 2.282375 3.776523
v 4.679622 2.026973 3.376006
v 4.813128 2.154674 3.579167
v 5.585139 3.425880 5.581751
v 5.585139 3.170478 5.181234
v 5.718645 3.298179 5.384396
v 5.585139 3.170478 5.181234
v 5.585139 3.425880 5.581751
v 5.312322 3.170478 5.181234
v 5.306516 3.425880 5.581751
v 5.173010 3.298179 5.384396
v 7.610940 2.183697 3.613995
v 7.889563 2.189502 3.613995
v 7.883757 2.439099 4.014512
v 8.023064 2.317203 3.811351
v 7.883757 2.439099 4.014512
v 7.610940 2.439099 4.014512
v 7.610940 2.183697 3.613995
v 7.471628 2.311399 3.811351
v 2.886002 2.862835 4.711063
v 3.025314 2.740938 4.507902
v 3.025314 2.990536 4.908419
v 3.298126 2.996340 4.908419
v 3.303932 2.740938 4.507902
v 3.437438 2.868639 4.711063
v 0.542091 3.904565 6.348569
v 0.600241 -4.067825 -6.240946
v 8.537741 3.939455 6.360199
v 8.595890 -4.032935 -6.223501
v 0.594425 -3.910819 -6.339801
v 0.542091 4.055755 6.249713
v 8.595890 -3.875929 -6.322356
v 8.537741 4.096461 6.267158
v 0.600241 -4.067825 -6.240946
v 0.542091 3.904565 6.348569
v 0.594425 -3.910819 -6.339801
v 0.542091 4.055755 6.249713
v 8.537741 4.096461 6.267158
v 8.537741 3.939455 6.360199
v 8.595890 -4.032935 -6.223501
v 8.537741 4.096461 6.267158
v 8.595890 -4.032935 -6.223501
v 8.595890 -3.875929 -6.322356
v 7.810862 3.956900 6.046187
v 7.909719 3.683594 5.604247
v 7.909719 3.962715 6.046187
v 7.810862 3.956900 6.046187
v 7.810862 3.683594 5.604247
v 7.909719 3.683594 5.604247
v 0.594425 -3.910819 -6.339801
v 8.595890 -3.875929 -6.322356
v 0.600241 -4.067825 -6.240946
v 8.595890 -4.032935 -6.223501
v 0.542091 3.904565 6.348569
v 8.537741 3.939455 6.360199
v 0.542091 4.055755 6.249713
v 8.537741 4.096461 6.267158
v 8.550051 -0.181088 -0.110959
v 8.550051 -0.287463 -0.280193
v 8.550051 0.002653 -0.231840
v 8.550051 -0.103723 -0.401075
v 8.550051 -0.214935 -0.575144
v 8.550051 -0.398675 -0.459098
v 8.550051 -0.321310 -0.744378
v 8.550051 -0.321310 -0.744378
v 8.550051 -0.398675 -0.459098
v 8.550051 -0.505051 -0.628332
v 8.511369 -0.321310 -0.744378
v 8.511369 -0.509886 -0.628332
v 8.511369 0.002653 -0.231840
v 8.511369 -0.181088 -0.110959
v 8.511369 -0.321310 -0.744378
v 8.550051 -0.321310 -0.744378
v 8.550051 -0.505051 -0.628332
v 8.511369 -0.321310 -0.744378
v 8.550051 -0.505051 -0.628332
v 8.511369 -0.509886 -0.628332
v 8.550051 -0.181088 -0.110959
v 8.511369 -0.509886 -0.628332
v 8.550051 -0.505051 -0.628332
v 8.511369 -0.181088 -0.110959
v 8.511369 -0.509886 -0.628332
v 8.550051 -0.181088 -0.110959
v 8.550051 -0.181088 -0.110959
v 8.550051 0.002653 -0.231840
v 8.511369 -0.181088 -0.110959
v 8.511369 0.002653 -0.231840
v 8.511369 0.002653 -0.231840
v 8.550051 0.002653 -0.231840
v 8.550051 -0.321310 -0.744378
v 8.511369 0.002653 -0.231840
v 8.550051 -0.321310 -0.744378
v 8.511369 -0.321310 -0.744378
v 8.545217 0.568379 0.662685
v 8.545217 0.384639 0.778731
v 8.545217 0.278263 0.609497
v 8.545217 0.568379 0.662685
v 8.545217 0.278263 0.609497
v 8.545217 0.462003 0.493450
v 8.545217 0.350792 0.314545
v 8.545217 0.167052 0.430592
v 8.545217 0.244416 0.145311
v 8.545217 0.244416 0.145311
v 8.545217 0.167052 0.430592
v 8.550051 0.055841 0.261357
v 8.506535 0.244416 0.145311
v 8.506535 0.055841 0.261357
v 8.506535 0.568379 0.662685
v 8.506535 0.384639 0.778731
v 8.506535 0.244416 0.145311
v 8.545217 0.244416 0.145311
v 8.550051 0.055841 0.261357
v 8.506535 0.244416 0.145311
v 8.550051 0.055841 0.261357
v 8.506535 0.055841 0.261357
v 8.545217 0.384639 0.778731
v 8.506535 0.055841 0.261357
v 8.550051 0.055841 0.261357
v 8.506535 0.384639 0.778731
v 8.506535 0.055841 0.261357
v 8.545217 0.384639 0.778731
v 8.545217 0.568379 0.662685
v 8.506535 0.384639 0.778731
v 8.545217 0.384639 0.778731
v 8.506535 0.568379 0.662685
v 8.506535 0.384639 0.778731
v 8.545217 0.568379 0.662685
v 8.506535 0.568379 0.662685
v 8.545217 0.568379 0.662685
v 8.545217 0.244416 0.145311
v 8.506535 0.568379 0.662685
v 8.545217 0.244416 0.145311
v 8.506535 0.244416 0.145311
v 8.608073 0.007488 -0.231840
v 8.608073 -0.181088 -0.110959
v 8.608073 -0.287463 -0.280193
v 8.608073 0.007488 -0.231840
v 8.608073 -0.287463 -0.280193
v 8.608073 -0.103723 -0.401075
v 8.612907 -0.214935 -0.575144
v 8.612907 -0.398675 -0.459098
v 8.612907 -0.321310 -0.744378
v 8.612907 -0.321310 -0.744378
v 8.612907 -0.398675 -0.459098
v 8.612907 -0.505051 -0.628332
v 8.569391 -0.321310 -0.744378
v 8.574225 -0.505051 -0.628332
v 8.569391 0.002653 -0.231840
v 8.569391 -0.181088 -0.110959
v 8.569391 -0.321310 -0.744378
v 8.612907 -0.321310 -0.744378
v 8.612907 -0.505051 -0.628332
v 8.569391 -0.321310 -0.744378
v 8.612907 -0.505051 -0.628332
v 8.574225 -0.505051 -0.628332
v 8.612907 -0.505051 -0.628332
v 8.608073 -0.181088 -0.110959
v 8.574225 -0.505051 -0.628332
v 8.569391 -0.181088 -0.110959
v 8.608073 0.007488 -0.231840
v 8.569391 -0.181088 -0.110959
v 8.608073 -0.181088 -0.110959
v 8.569391 0.002653 -0.231840
v 8.569391 -0.181088 -0.110959
v 8.608073 0.007488 -0.231840
v 8.569391 0.002653 -0.231840
v 8.608073 0.007488 -0.231840
v 8.612907 -0.321310 -0.744378
v 8.569391 0.002653 -0.231840
v 8.612907 -0.321310 -0.744378
v 8.569391 -0.321310 -0.744378
v 8.603239 0.568379 0.662685
v 8.603239 0.384639 0.778731
v 8.608073 0.278263 0.609497
v 8.603239 0.568379 0.662685
v 8.608073 0.278263 0.609497
v 8.608073 0.462003 0.493450
v 8.608073 0.350792 0.314545
v 8.608073 0.167052 0.430592
v 8.608073 0.244416 0.145311
v 8.608073 0.060676 0.261357
v 8.569391 0.244416 0.145311
v 8.569391 0.055841 0.261357
v 8.564557 0.568379 0.662685
v 8.564557 0.384639 0.778731
v 8.569391 0.244416 0.145311
v 8.608073 0.244416 0.145311
v 8.608073 0.060676 0.261357
v 8.569391 0.244416 0.145311
v 8.608073 0.060676 0.261357
v 8.569391 0.055841 0.261357
v 8.603239 0.384639 0.778731
v 8.569391 0.055841 0.261357
v 8.608073 0.060676 0.261357
v 8.564557 0.384639 0.778731
v 8.569391 0.055841 0.261357
v 8.603239 0.384639 0.778731
v 8.603239 0.568379 0.662685
v 8.564557 0.384639 0.778731
v 8.603239 0.384639 0.778731
v 8.564557 0.568379 0.662685
v 8.564557 0.384639 0.778731
v 8.603239 0.568379 0.662685
v 8.564557 0.568379 0.662685
v 8.603239 0.568379 0.662685
v 8.608073 0.244416 0.145311
v 8.564557 0.568379 0.662685
v 8.608073 0.244416 0.145311
v 8.569391 0.244416 0.145311
v -0.071234 0.462003 0.208169
v -0.129256 0.123535 0.420921
v -0.143763 0.128370 0.420921
v -0.071234 0.462003 0.208169
v -0.119583 0.118699 0.425757
v -0.129256 0.123535 0.420921
v -0.071234 0.462003 0.208169
v -0.143763 0.128370 0.420921
v -0.158270 0.336286 0.290369
v 0.006129 0.515191 0.222675
v 0.006129 0.495850 0.188828
v -0.018045 0.515191 0.222675
v -0.018045 0.515191 0.222675
v -0.018045 0.495850 0.188828
v -0.042220 0.505521 0.227510
v -0.018045 0.515191 0.222675
v 0.006129 0.495850 0.188828
v -0.018045 0.495850 0.188828
v 0.030309 0.510356 0.227510
v 0.030309 0.491015 0.193664
v 0.006129 0.515191 0.222675
v 0.006129 0.495850 0.188828
v 0.030309 0.510356 0.227510
v 0.049650 0.500686 0.232346
v 0.049650 0.481344 0.198499
v 0.030309 0.510356 0.227510
v 0.049650 0.481344 0.198499
v 0.030309 0.491015 0.193664
v 0.049650 0.500686 0.232346
v 0.068991 0.486179 0.242016
v 0.068991 0.462003 0.208169
v 0.049650 0.500686 0.232346
v 0.068991 0.462003 0.208169
v 0.049650 0.481344 0.198499
v 0.068991 0.486179 0.242016
v 0.078659 0.466839 0.256522
v 0.078659 0.442663 0.222675
v 0.068991 0.486179 0.242016
v 0.078659 0.442663 0.222675
v 0.068991 0.462003 0.208169
v 0.078659 0.442663 0.271028
v 0.073825 0.423321 0.280699
v 0.073825 0.403980 0.246851
v 0.078659 0.442663 0.271028
v 0.073825 0.403980 0.246851
v 0.078659 0.423321 0.237181
v 0.073825 0.423321 0.280699
v 0.059318 0.403980 0.295204
v 0.059318 0.384639 0.261357
v 0.073825 0.423321 0.280699
v 0.059318 0.384639 0.261357
v 0.073825 0.403980 0.246851
v 0.059318 0.403980 0.295204
v 0.039977 0.394309 0.300039
v 0.039977 0.370133 0.266192
v 0.059318 0.403980 0.295204
v 0.039977 0.370133 0.266192
v 0.059318 0.384639 0.261357
v 0.039977 0.394309 0.300039
v 0.025470 0.384639 0.309710
v 0.025470 0.360463 0.275863
v 0.039977 0.394309 0.300039
v 0.025470 0.360463 0.275863
v 0.039977 0.370133 0.266192
v 0.025470 0.384639 0.309710
v 0.020636 0.370133 0.314545
v 0.020636 0.350792 0.280699
v 0.025470 0.384639 0.309710
v 0.020636 0.350792 0.280699
v 0.025470 0.360463 0.275863
v 0.020636 0.370133 0.314545
v 0.015802 0.355628 0.324215
v 0.015802 0.336286 0.290369
v 0.020636 0.370133 0.314545
v 0.015802 0.336286 0.290369
v 0.020636 0.350792 0.280699
v 0.117340 0.133205 0.464438
v 0.117340 0.113864 0.478944
v 0.117340 0.089688 0.445097
v 0.117340 0.133205 0.464438
v 0.117340 0.089688 0.445097
v 0.117340 0.113864 0.430592
v 0.117340 0.113864 0.478944
v 0.107672 0.089688 0.493450
v 0.107672 0.070347 0.459603
v 0.117340 0.113864 0.478944
v 0.107672 0.070347 0.459603
v 0.117340 0.089688 0.445097
v 0.107672 0.089688 0.493450
v 0.093166 0.070347 0.503120
v 0.093166 0.051005 0.469274
v 0.107672 0.089688 0.493450
v 0.093166 0.051005 0.469274
v 0.107672 0.070347 0.459603
v 0.093166 0.070347 0.503120
v 0.078659 0.055841 0.512791
v 0.078659 0.036500 0.478944
v 0.093166 0.070347 0.503120
v 0.078659 0.036500 0.478944
v 0.093166 0.051005 0.469274
v 0.078659 0.055841 0.512791
v 0.054484 0.046170 0.522462
v 0.054484 0.026829 0.488615
v 0.078659 0.055841 0.512791
v 0.054484 0.026829 0.488615
v 0.078659 0.036500 0.478944
v 0.054484 0.046170 0.522462
v 0.030309 0.041335 0.522462
v 0.030309 0.017158 0.488615
v 0.054484 0.046170 0.522462
v 0.030309 0.017158 0.488615
v 0.054484 0.026829 0.488615
v 0.001295 0.041335 0.522462
v 0.001295 0.021994 0.488615
v 0.030309 0.041335 0.522462
v 0.030309 0.017158 0.488615
v -0.042220 0.505521 0.227510
v -0.018045 0.495850 0.188828
v -0.042220 0.486179 0.193664
v 0.030309 0.462003 0.256522
v 0.030309 0.442663 0.222675
v 0.035143 0.457168 0.261357
v 0.035143 0.457168 0.261357
v 0.030309 0.442663 0.222675
v 0.035143 0.432991 0.227510
v 0.006129 0.495850 0.188828
v 0.030309 0.491015 0.193664
v 0.015802 0.457168 0.213004
v 0.006129 0.495850 0.188828
v 0.015802 0.457168 0.213004
v 0.006129 0.457168 0.213004
v 0.006129 0.495850 0.188828
v 0.006129 0.457168 0.213004
v -0.008372 0.457168 0.213004
v 0.006129 0.495850 0.188828
v -0.008372 0.457168 0.213004
v -0.018045 0.452333 0.213004
v -0.018045 0.495850 0.188828
v -0.037386 0.432991 0.227510
v -0.042220 0.486179 0.193664
v -0.018045 0.495850 0.188828
v -0.032552 0.442663 0.222675
v -0.037386 0.432991 0.227510
v -0.018045 0.495850 0.188828
v -0.027713 0.447498 0.217840
v -0.032552 0.442663 0.222675
v 0.006129 0.495850 0.188828
v -0.018045 0.452333 0.213004
v -0.018045 0.495850 0.188828
v -0.027713 0.447498 0.217840
v 0.030309 0.491015 0.193664
v 0.049650 0.481344 0.198499
v 0.035143 0.432991 0.227510
v 0.030309 0.491015 0.193664
v 0.025470 0.447498 0.217840
v 0.015802 0.457168 0.213004
v 0.030309 0.491015 0.193664
v 0.030309 0.442663 0.222675
v 0.025470 0.447498 0.217840
v 0.030309 0.491015 0.193664
v 0.035143 0.432991 0.227510
v 0.030309 0.442663 0.222675
v 0.049650 0.481344 0.198499
v 0.059318 0.384639 0.261357
v 0.039977 0.370133 0.266192
v 0.049650 0.481344 0.198499
v 0.039977 0.370133 0.266192
v 0.035143 0.423321 0.232346
v 0.049650 0.481344 0.198499
v 0.035143 0.423321 0.232346
v 0.035143 0.432991 0.227510
v 0.049650 0.481344 0.198499
v 0.068991 0.462003 0.208169
v 0.059318 0.384639 0.261357
v 0.073825 0.403980 0.246851
v 0.068991 0.462003 0.208169
v 0.078659 0.442663 0.222675
v 0.073825 0.403980 0.246851
v -0.042220 0.486179 0.193664
v -0.047054 0.036500 0.478944
v -0.056727 0.476509 0.203334
v -0.042220 0.486179 0.193664
v -0.037386 0.432991 0.227510
v -0.047054 0.036500 0.478944
v -0.056727 0.476509 0.203334
v -0.061561 0.051005 0.469274
v -0.071234 0.462003 0.208169
v -0.056727 0.476509 0.203334
v -0.047054 0.036500 0.478944
v -0.061561 0.051005 0.469274
v -0.071234 0.462003 0.208169
v -0.061561 0.051005 0.469274
v -0.119583 0.118699 0.425757
v -0.022879 0.408815 0.246851
v -0.022879 0.026829 0.488615
v -0.047054 0.036500 0.478944
v -0.032552 0.413651 0.242016
v -0.022879 0.408815 0.246851
v -0.047054 0.036500 0.478944
v -0.037386 0.423321 0.232346
v -0.032552 0.413651 0.242016
v -0.047054 0.036500 0.478944
v -0.037386 0.432991 0.227510
v -0.037386 0.423321 0.232346
v -0.047054 0.036500 0.478944
v -0.003539 0.080017 0.454768
v 0.001295 0.021994 0.488615
v -0.022879 0.026829 0.488615
v -0.022879 0.408815 0.246851
v -0.018045 0.403980 0.246851
v -0.022879 0.026829 0.488615
v -0.018045 0.403980 0.246851
v -0.018045 0.104193 0.435427
v -0.022879 0.026829 0.488615
v -0.013211 0.084852 0.449933
v -0.003539 0.080017 0.454768
v -0.022879 0.026829 0.488615
v -0.018045 0.094523 0.445097
v -0.013211 0.084852 0.449933
v -0.022879 0.026829 0.488615
v -0.018045 0.104193 0.435427
v -0.018045 0.094523 0.445097
v -0.022879 0.026829 0.488615
v 0.030309 0.075182 0.454768
v 0.030309 0.017158 0.488615
v 0.001295 0.021994 0.488615
v 0.030309 0.075182 0.454768
v 0.001295 0.021994 0.488615
v 0.015802 0.075182 0.454768
v 0.006129 0.075182 0.454768
v 0.015802 0.075182 0.454768
v 0.001295 0.021994 0.488615
v -0.003539 0.080017 0.454768
v 0.006129 0.075182 0.454768
v 0.001295 0.021994 0.488615
v 0.049650 0.094523 0.445097
v 0.054484 0.026829 0.488615
v 0.030309 0.017158 0.488615
v 0.049650 0.094523 0.445097
v 0.030309 0.017158 0.488615
v 0.044816 0.084852 0.449933
v 0.044816 0.084852 0.449933
v 0.030309 0.017158 0.488615
v 0.039977 0.080017 0.454768
v 0.039977 0.080017 0.454768
v 0.030309 0.017158 0.488615
v 0.030309 0.075182 0.454768
v 0.064157 0.176723 0.391910
v 0.078659 0.036500 0.478944
v 0.054484 0.026829 0.488615
v 0.064157 0.176723 0.391910
v 0.054484 0.026829 0.488615
v 0.054484 0.104193 0.435427
v 0.054484 0.104193 0.435427
v 0.054484 0.026829 0.488615
v 0.049650 0.094523 0.445097
v 0.083498 0.167052 0.396745
v 0.093166 0.051005 0.469274
v 0.078659 0.036500 0.478944
v 0.064157 0.176723 0.391910
v 0.083498 0.167052 0.396745
v 0.078659 0.036500 0.478944
v 0.098000 0.152546 0.406415
v 0.107672 0.070347 0.459603
v 0.093166 0.051005 0.469274
v 0.083498 0.167052 0.396745
v 0.098000 0.152546 0.406415
v 0.093166 0.051005 0.469274
v 0.112506 0.133205 0.416086
v 0.117340 0.089688 0.445097
v 0.107672 0.070347 0.459603
v 0.098000 0.152546 0.406415
v 0.112506 0.133205 0.416086
v 0.107672 0.070347 0.459603
v 0.112506 0.133205 0.416086
v 0.117340 0.113864 0.430592
v 0.117340 0.089688 0.445097
v 0.039977 0.186393 0.387074
v 0.064157 0.176723 0.391910
v 0.044816 0.118699 0.425757
v 0.064157 0.176723 0.391910
v 0.049650 0.113864 0.430592
v 0.044816 0.118699 0.425757
v 0.064157 0.176723 0.391910
v 0.054484 0.104193 0.435427
v 0.049650 0.113864 0.430592
v 0.030309 0.191228 0.382239
v 0.039977 0.186393 0.387074
v 0.039977 0.128370 0.420921
v 0.039977 0.186393 0.387074
v 0.044816 0.118699 0.425757
v 0.039977 0.128370 0.420921
v 0.020636 0.200899 0.377404
v 0.030309 0.191228 0.382239
v 0.030309 0.133205 0.420921
v 0.030309 0.191228 0.382239
v 0.039977 0.128370 0.420921
v 0.030309 0.133205 0.420921
v 0.015802 0.210570 0.367733
v 0.020636 0.200899 0.377404
v 0.015802 0.133205 0.420921
v 0.020636 0.200899 0.377404
v 0.030309 0.133205 0.420921
v 0.015802 0.133205 0.420921
v 0.015802 0.336286 0.290369
v 0.015802 0.210570 0.367733
v 0.006129 0.133205 0.420921
v 0.015802 0.210570 0.367733
v 0.015802 0.133205 0.420921
v 0.006129 0.133205 0.420921
v 0.025470 0.408815 0.246851
v 0.020636 0.350792 0.280699
v 0.015802 0.336286 0.290369
v 0.025470 0.408815 0.246851
v 0.015802 0.336286 0.290369
v 0.015802 0.403980 0.246851
v 0.015802 0.403980 0.246851
v 0.015802 0.336286 0.290369
v 0.006129 0.133205 0.420921
v 0.025470 0.408815 0.246851
v 0.025470 0.360463 0.275863
v 0.020636 0.350792 0.280699
v 0.035143 0.423321 0.232346
v 0.039977 0.370133 0.266192
v 0.025470 0.360463 0.275863
v 0.035143 0.423321 0.232346
v 0.025470 0.360463 0.275863
v 0.030309 0.413651 0.242016
v 0.030309 0.413651 0.242016
v 0.025470 0.360463 0.275863
v 0.025470 0.408815 0.246851
v 0.078659 0.442663 0.222675
v 0.078659 0.423321 0.237181
v 0.073825 0.403980 0.246851
v 0.015802 0.403980 0.246851
v 0.006129 0.133205 0.420921
v 0.006129 0.399145 0.251687
v 0.006129 0.399145 0.251687
v -0.003539 0.128370 0.420921
v -0.003539 0.399145 0.251687
v 0.006129 0.399145 0.251687
v 0.006129 0.133205 0.420921
v -0.003539 0.128370 0.420921
v -0.018045 0.403980 0.246851
v -0.003539 0.399145 0.251687
v -0.013211 0.118699 0.425757
v -0.003539 0.399145 0.251687
v -0.003539 0.128370 0.420921
v -0.013211 0.118699 0.425757
v -0.018045 0.403980 0.246851
v -0.018045 0.113864 0.430592
v -0.018045 0.104193 0.435427
v -0.018045 0.403980 0.246851
v -0.013211 0.118699 0.425757
v -0.018045 0.113864 0.430592
v 0.006129 0.607061 0.367733
v 0.030309 0.602226 0.367733
v 0.030309 0.578049 0.329051
v 0.006129 0.607061 0.367733
v 0.030309 0.578049 0.329051
v 0.006129 0.582885 0.324215
v 0.030309 0.602226 0.367733
v 0.049650 0.592556 0.377404
v 0.049650 0.563544 0.333886
v 0.030309 0.602226 0.367733
v 0.049650 0.563544 0.333886
v 0.030309 0.578049 0.329051
v 0.049650 0.592556 0.377404
v 0.068991 0.578049 0.387074
v 0.068991 0.549038 0.343557
v 0.049650 0.592556 0.377404
v 0.068991 0.549038 0.343557
v 0.049650 0.563544 0.333886
v 0.068991 0.578049 0.387074
v 0.073825 0.558709 0.401580
v 0.078659 0.529697 0.358062
v 0.068991 0.578049 0.387074
v 0.078659 0.529697 0.358062
v 0.068991 0.549038 0.343557
v 0.015802 0.447498 0.469274
v 0.015802 0.418486 0.425757
v 0.020636 0.462003 0.459603
v 0.020636 0.432991 0.416086
v 0.035143 0.534532 0.411250
v 0.035143 0.510356 0.367733
v 0.030309 0.529697 0.416086
v 0.030309 0.529697 0.416086
v 0.035143 0.510356 0.367733
v 0.030309 0.500686 0.377404
v 0.010968 0.041335 -0.526792
v 0.035143 0.012323 -0.560638
v 0.010968 0.021994 -0.560638
v -0.018045 0.017158 -0.560638
v -0.018045 0.041335 -0.526792
v 0.010968 0.021994 -0.560638
v 0.010968 0.041335 -0.526792
v 0.020636 -0.108558 -0.434922
v 0.020636 -0.142405 -0.459098
v 0.020636 -0.127900 -0.468768
v 0.020636 -0.108558 -0.434922
v 0.020636 -0.118229 -0.425251
v 0.020636 -0.142405 -0.459098
v 0.073825 -0.050535 -0.468768
v 0.064157 -0.094053 -0.492945
v 0.078659 -0.074712 -0.502615
v 0.073825 -0.050535 -0.468768
v 0.064157 -0.069876 -0.459098
v 0.064157 -0.094053 -0.492945
v 0.083498 -0.031194 -0.483274
v 0.078659 -0.074712 -0.502615
v 0.083498 -0.055370 -0.517121
v 0.083498 -0.031194 -0.483274
v 0.073825 -0.050535 -0.468768
v 0.078659 -0.074712 -0.502615
v 0.078659 -0.011853 -0.497780
v 0.083498 -0.055370 -0.517121
v 0.078659 -0.031194 -0.531627
v 0.078659 -0.011853 -0.497780
v 0.083498 -0.031194 -0.483274
v 0.083498 -0.055370 -0.517121
v 0.068991 0.007488 -0.507450
v 0.078659 -0.031194 -0.531627
v 0.068991 -0.011853 -0.541297
v 0.068991 0.007488 -0.507450
v 0.078659 -0.011853 -0.497780
v 0.078659 -0.031194 -0.531627
v 0.054484 0.026829 -0.517121
v 0.068991 -0.011853 -0.541297
v 0.054484 0.002653 -0.550968
v 0.054484 0.026829 -0.517121
v 0.068991 0.007488 -0.507450
v 0.068991 -0.011853 -0.541297
v 0.035143 0.036500 -0.526792
v 0.054484 0.002653 -0.550968
v 0.035143 0.012323 -0.560638
v 0.035143 0.036500 -0.526792
v 0.054484 0.026829 -0.517121
v 0.054484 0.002653 -0.550968
v 0.010968 0.041335 -0.526792
v 0.035143 0.036500 -0.526792
v 0.035143 0.012323 -0.560638
v -0.022879 -0.007018 -0.497780
v -0.027713 -0.036030 -0.526792
v -0.022879 -0.026359 -0.531627
v -0.022879 -0.007018 -0.497780
v -0.027713 -0.011853 -0.492945
v -0.027713 -0.036030 -0.526792
v 0.020636 -0.205264 -0.560638
v -0.182445 -0.224605 -0.550968
v -0.196952 -0.224605 -0.550968
v 0.020636 -0.205264 -0.560638
v -0.196952 -0.224605 -0.550968
v 0.020636 -0.330981 -0.483274
v -0.177611 -0.413181 -0.430086
v 0.010968 -0.069876 -0.705697
v -0.013211 -0.113393 -0.681520
v -0.013211 -0.074712 -0.705697
v 0.010968 -0.069876 -0.705697
v 0.035143 -0.074712 -0.705697
v 0.020636 -0.113393 -0.681520
v 0.010968 -0.045700 -0.662179
v 0.035143 -0.074712 -0.705697
v 0.010968 -0.069876 -0.705697
v 0.010968 -0.069876 -0.705697
v 0.006129 -0.108558 -0.681520
v -0.003539 -0.108558 -0.681520
v 0.010968 -0.069876 -0.705697
v -0.003539 -0.108558 -0.681520
v -0.013211 -0.113393 -0.681520
v 0.010968 -0.069876 -0.705697
v 0.020636 -0.113393 -0.681520
v 0.006129 -0.108558 -0.681520
v -0.013211 -0.074712 -0.705697
v -0.032552 -0.132735 -0.667015
v -0.037386 -0.079547 -0.700861
v -0.013211 -0.074712 -0.705697
v -0.027713 -0.127900 -0.671850
v -0.032552 -0.132735 -0.667015
v -0.013211 -0.074712 -0.705697
v -0.022879 -0.118229 -0.676685
v -0.027713 -0.127900 -0.671850
v -0.013211 -0.074712 -0.705697
v -0.013211 -0.113393 -0.681520
v -0.022879 -0.118229 -0.676685
v -0.037386 -0.079547 -0.700861
v -0.042220 -0.529227 -0.415580
v -0.051893 -0.089217 -0.696026
v -0.037386 -0.079547 -0.700861
v -0.032552 -0.132735 -0.667015
v -0.042220 -0.529227 -0.415580
v -0.051893 -0.089217 -0.696026
v -0.056727 -0.514721 -0.425251
v -0.066400 -0.103723 -0.686355
v -0.051893 -0.089217 -0.696026
v -0.042220 -0.529227 -0.415580
v -0.056727 -0.514721 -0.425251
v -0.066400 -0.103723 -0.686355
v -0.138924 -0.437357 -0.473604
v -0.153431 -0.234276 -0.604156
v -0.066400 -0.103723 -0.686355
v -0.124422 -0.442192 -0.473604
v -0.138924 -0.437357 -0.473604
v -0.066400 -0.103723 -0.686355
v -0.114749 -0.447028 -0.468768
v -0.124422 -0.442192 -0.473604
v -0.066400 -0.103723 -0.686355
v -0.056727 -0.514721 -0.425251
v -0.114749 -0.447028 -0.468768
v -0.153431 -0.234276 -0.604156
v -0.138924 -0.437357 -0.473604
v -0.163104 -0.243946 -0.599320
v -0.022879 -0.161746 -0.652508
v -0.018045 -0.543733 -0.410745
v -0.042220 -0.529227 -0.415580
v -0.027713 -0.152076 -0.657344
v -0.022879 -0.161746 -0.652508
v -0.042220 -0.529227 -0.415580
v -0.032552 -0.142405 -0.662179
v -0.027713 -0.152076 -0.657344
v -0.042220 -0.529227 -0.415580
v -0.032552 -0.132735 -0.667015
v -0.032552 -0.142405 -0.662179
v -0.042220 -0.529227 -0.415580
v 0.006129 -0.490544 -0.439757
v 0.006129 -0.548568 -0.405910
v -0.018045 -0.543733 -0.410745
v -0.022879 -0.161746 -0.652508
v -0.013211 -0.166582 -0.647673
v -0.018045 -0.543733 -0.410745
v -0.013211 -0.166582 -0.647673
v -0.013211 -0.461533 -0.459098
v -0.018045 -0.543733 -0.410745
v -0.003539 -0.485709 -0.444592
v 0.006129 -0.490544 -0.439757
v -0.018045 -0.543733 -0.410745
v -0.008372 -0.476039 -0.449427
v -0.003539 -0.485709 -0.444592
v -0.018045 -0.543733 -0.410745
v -0.013211 -0.471204 -0.454262
v -0.008372 -0.476039 -0.449427
v -0.018045 -0.543733 -0.410745
v -0.013211 -0.461533 -0.459098
v -0.013211 -0.471204 -0.454262
v -0.018045 -0.543733 -0.410745
v 0.025470 -0.490544 -0.439757
v 0.030309 -0.548568 -0.405910
v 0.006129 -0.548568 -0.405910
v 0.025470 -0.490544 -0.439757
v 0.006129 -0.548568 -0.405910
v 0.015802 -0.495380 -0.439757
v 0.006129 -0.490544 -0.439757
v 0.015802 -0.495380 -0.439757
v 0.006129 -0.548568 -0.405910
v 0.054484 -0.466368 -0.454262
v 0.059318 -0.543733 -0.405910
v 0.030309 -0.548568 -0.405910
v 0.059318 -0.514721 -0.367227
v 0.030309 -0.548568 -0.405910
v 0.059318 -0.543733 -0.405910
v 0.054484 -0.466368 -0.454262
v 0.030309 -0.548568 -0.405910
v 0.054484 -0.476039 -0.449427
v 0.054484 -0.476039 -0.449427
v 0.030309 -0.548568 -0.405910
v 0.044816 -0.485709 -0.444592
v 0.044816 -0.485709 -0.444592
v 0.030309 -0.548568 -0.405910
v 0.039977 -0.490544 -0.439757
v 0.039977 -0.490544 -0.439757
v 0.030309 -0.548568 -0.405910
v 0.025470 -0.490544 -0.439757
v 0.059318 -0.514721 -0.367227
v 0.030309 -0.519556 -0.362392
v 0.030309 -0.548568 -0.405910
v 0.064157 -0.389004 -0.507450
v 0.078659 -0.534062 -0.415580
v 0.059318 -0.543733 -0.405910
v 0.078659 -0.505051 -0.372063
v 0.059318 -0.543733 -0.405910
v 0.078659 -0.534062 -0.415580
v 0.064157 -0.389004 -0.507450
v 0.059318 -0.543733 -0.405910
v 0.054484 -0.466368 -0.454262
v 0.078659 -0.505051 -0.372063
v 0.059318 -0.514721 -0.367227
v 0.059318 -0.543733 -0.405910
v 0.083498 -0.398675 -0.497780
v 0.098000 -0.514721 -0.425251
v 0.078659 -0.534062 -0.415580
v 0.098000 -0.490544 -0.381734
v 0.078659 -0.534062 -0.415580
v 0.098000 -0.514721 -0.425251
v 0.064157 -0.389004 -0.507450
v 0.083498 -0.398675 -0.497780
v 0.078659 -0.534062 -0.415580
v 0.098000 -0.490544 -0.381734
v 0.078659 -0.505051 -0.372063
v 0.078659 -0.534062 -0.415580
v 0.102838 -0.413181 -0.488109
v 0.112506 -0.495380 -0.434922
v 0.098000 -0.514721 -0.425251
v 0.112506 -0.471204 -0.396239
v 0.098000 -0.514721 -0.425251
v 0.112506 -0.495380 -0.434922
v 0.083498 -0.398675 -0.497780
v 0.102838 -0.413181 -0.488109
v 0.098000 -0.514721 -0.425251
v 0.112506 -0.471204 -0.396239
v 0.098000 -0.490544 -0.381734
v 0.098000 -0.514721 -0.425251
v 0.122179 -0.447028 -0.405910
v 0.112506 -0.495380 -0.434922
v 0.122179 -0.476039 -0.449427
v 0.122179 -0.476039 -0.449427
v 0.112506 -0.495380 -0.434922
v 0.112506 -0.432521 -0.478439
v 0.102838 -0.413181 -0.488109
v 0.122179 -0.447028 -0.405910
v 0.112506 -0.471204 -0.396239
v 0.112506 -0.495380 -0.434922
v 0.112506 -0.432521 -0.478439
v 0.122179 -0.451863 -0.463933
v 0.122179 -0.476039 -0.449427
v 0.044816 -0.379333 -0.512285
v 0.064157 -0.389004 -0.507450
v 0.044816 -0.442192 -0.473604
v 0.064157 -0.389004 -0.507450
v 0.054484 -0.451863 -0.468768
v 0.044816 -0.442192 -0.473604
v 0.064157 -0.389004 -0.507450
v 0.054484 -0.456698 -0.459098
v 0.054484 -0.451863 -0.468768
v 0.064157 -0.389004 -0.507450
v 0.054484 -0.466368 -0.454262
v 0.054484 -0.456698 -0.459098
v 0.030309 -0.374498 -0.512285
v 0.044816 -0.379333 -0.512285
v 0.035143 -0.437357 -0.473604
v 0.044816 -0.379333 -0.512285
v 0.044816 -0.442192 -0.473604
v 0.035143 -0.437357 -0.473604
v 0.025470 -0.369663 -0.517121
v 0.030309 -0.374498 -0.512285
v 0.025470 -0.432521 -0.478439
v 0.030309 -0.374498 -0.512285
v 0.035143 -0.437357 -0.473604
v 0.025470 -0.432521 -0.478439
v 0.020636 -0.355157 -0.526792
v 0.025470 -0.369663 -0.517121
v 0.015802 -0.432521 -0.478439
v 0.025470 -0.369663 -0.517121
v 0.025470 -0.432521 -0.478439
v 0.015802 -0.432521 -0.478439
v 0.020636 -0.234276 -0.604156
v 0.020636 -0.355157 -0.526792
v 0.015802 -0.432521 -0.478439
v 0.030309 -0.156911 -0.652508
v 0.025470 -0.219770 -0.613827
v 0.020636 -0.234276 -0.604156
v 0.025470 -0.190758 -0.570309
v 0.020636 -0.234276 -0.604156
v 0.025470 -0.219770 -0.613827
v 0.030309 -0.156911 -0.652508
v 0.020636 -0.234276 -0.604156
v 0.020636 -0.166582 -0.647673
v 0.020636 -0.166582 -0.647673
v 0.020636 -0.234276 -0.604156
v 0.015802 -0.432521 -0.478439
v 0.025470 -0.190758 -0.570309
v 0.020636 -0.205264 -0.560638
v 0.020636 -0.234276 -0.604156
v 0.030309 -0.156911 -0.652508
v 0.030309 -0.205264 -0.623497
v 0.025470 -0.219770 -0.613827
v 0.030309 -0.181088 -0.579980
v 0.025470 -0.219770 -0.613827
v 0.030309 -0.205264 -0.623497
v 0.030309 -0.181088 -0.579980
v 0.025470 -0.190758 -0.570309
v 0.025470 -0.219770 -0.613827
v 0.039977 -0.142405 -0.662179
v 0.044816 -0.195593 -0.628332
v 0.030309 -0.205264 -0.623497
v 0.044816 -0.171417 -0.584815
v 0.030309 -0.205264 -0.623497
v 0.044816 -0.195593 -0.628332
v 0.039977 -0.142405 -0.662179
v 0.030309 -0.205264 -0.623497
v 0.035143 -0.152076 -0.657344
v 0.035143 -0.152076 -0.657344
v 0.030309 -0.205264 -0.623497
v 0.030309 -0.156911 -0.652508
v 0.044816 -0.171417 -0.584815
v 0.030309 -0.181088 -0.579980
v 0.030309 -0.205264 -0.623497
v 0.064157 -0.181088 -0.638003
v 0.044816 -0.195593 -0.628332
v 0.054484 -0.089217 -0.696026
v 0.039977 -0.142405 -0.662179
v 0.073825 -0.103723 -0.686355
v 0.078659 -0.166582 -0.647673
v 0.064157 -0.181088 -0.638003
v 0.054484 -0.089217 -0.696026
v 0.073825 -0.103723 -0.686355
v 0.064157 -0.181088 -0.638003
v 0.083498 -0.123064 -0.671850
v 0.083498 -0.142405 -0.662179
v 0.078659 -0.166582 -0.647673
v 0.073825 -0.103723 -0.686355
v 0.083498 -0.123064 -0.671850
v 0.078659 -0.166582 -0.647673
v 0.073825 -0.074712 -0.642838
v 0.083498 -0.123064 -0.671850
v 0.073825 -0.103723 -0.686355
v 0.073825 -0.074712 -0.642838
v 0.078659 -0.094053 -0.633167
v 0.083498 -0.123064 -0.671850
v 0.054484 -0.060206 -0.652508
v 0.073825 -0.103723 -0.686355
v 0.054484 -0.089217 -0.696026
v 0.054484 -0.060206 -0.652508
v 0.073825 -0.074712 -0.642838
v 0.073825 -0.103723 -0.686355
v 0.035143 -0.074712 -0.705697
v 0.054484 -0.089217 -0.696026
v 0.039977 -0.132735 -0.667015
v 0.035143 -0.050535 -0.662179
v 0.054484 -0.089217 -0.696026
v 0.035143 -0.074712 -0.705697
v 0.054484 -0.089217 -0.696026
v 0.039977 -0.142405 -0.662179
v 0.039977 -0.132735 -0.667015
v 0.035143 -0.050535 -0.662179
v 0.054484 -0.060206 -0.652508
v 0.054484 -0.089217 -0.696026
v 0.035143 -0.074712 -0.705697
v 0.025470 -0.118229 -0.676685
v 0.020636 -0.113393 -0.681520
v 0.035143 -0.074712 -0.705697
v 0.035143 -0.123064 -0.671850
v 0.025470 -0.118229 -0.676685
v 0.035143 -0.074712 -0.705697
v 0.039977 -0.132735 -0.667015
v 0.035143 -0.123064 -0.671850
v 0.010968 -0.045700 -0.662179
v 0.035143 -0.050535 -0.662179
v 0.035143 -0.074712 -0.705697
v 0.020636 -0.166582 -0.647673
v 0.015802 -0.432521 -0.478439
v 0.010968 -0.166582 -0.647673
v 0.010968 -0.166582 -0.647673
v 0.006129 -0.437357 -0.473604
v -0.003539 -0.166582 -0.647673
v 0.010968 -0.166582 -0.647673
v 0.015802 -0.432521 -0.478439
v 0.006129 -0.437357 -0.473604
v -0.013211 -0.166582 -0.647673
v -0.003539 -0.166582 -0.647673
v -0.008372 -0.451863 -0.463933
v -0.003539 -0.166582 -0.647673
v -0.003539 -0.442192 -0.468768
v -0.008372 -0.451863 -0.463933
v -0.003539 -0.166582 -0.647673
v 0.006129 -0.437357 -0.473604
v -0.003539 -0.442192 -0.468768
v -0.013211 -0.166582 -0.647673
v -0.008372 -0.451863 -0.463933
v -0.013211 -0.461533 -0.459098
v 0.010968 -0.045700 -0.662179
v -0.013211 -0.045700 -0.662179
v 0.035143 -0.050535 -0.662179
v 0.035143 -0.050535 -0.662179
v -0.037386 -0.055370 -0.657344
v 0.054484 -0.060206 -0.652508
v -0.013211 -0.045700 -0.662179
v -0.037386 -0.055370 -0.657344
v 0.035143 -0.050535 -0.662179
v 0.054484 -0.060206 -0.652508
v -0.051893 -0.065041 -0.652508
v 0.073825 -0.074712 -0.642838
v -0.037386 -0.055370 -0.657344
v -0.051893 -0.065041 -0.652508
v 0.054484 -0.060206 -0.652508
v 0.073825 -0.074712 -0.642838
v 0.025470 -0.089217 -0.633167
v 0.078659 -0.094053 -0.633167
v -0.051893 -0.065041 -0.652508
v -0.066400 -0.079547 -0.642838
v 0.073825 -0.074712 -0.642838
v 0.073825 -0.074712 -0.642838
v -0.066400 -0.079547 -0.642838
v 0.006129 -0.084382 -0.638003
v 0.073825 -0.074712 -0.642838
v 0.006129 -0.084382 -0.638003
v 0.020636 -0.084382 -0.638003
v 0.073825 -0.074712 -0.642838
v 0.020636 -0.084382 -0.638003
v 0.025470 -0.089217 -0.633167
v 0.078659 -0.094053 -0.633167
v 0.039977 -0.118229 -0.618662
v 0.083498 -0.118229 -0.618662
v 0.078659 -0.094053 -0.633167
v 0.035143 -0.108558 -0.623497
v 0.039977 -0.118229 -0.618662
v 0.078659 -0.094053 -0.633167
v 0.035143 -0.098888 -0.628332
v 0.035143 -0.108558 -0.623497
v 0.025470 -0.089217 -0.633167
v 0.035143 -0.098888 -0.628332
v 0.078659 -0.094053 -0.633167
v 0.083498 -0.118229 -0.618662
v 0.020636 -0.137570 -0.604156
v 0.078659 -0.137570 -0.604156
v 0.083498 -0.118229 -0.618662
v 0.030309 -0.132735 -0.608991
v 0.020636 -0.137570 -0.604156
v 0.083498 -0.118229 -0.618662
v 0.035143 -0.123064 -0.613827
v 0.030309 -0.132735 -0.608991
v 0.039977 -0.118229 -0.618662
v 0.035143 -0.123064 -0.613827
v 0.083498 -0.118229 -0.618662
v 0.078659 -0.137570 -0.604156
v 0.010968 -0.142405 -0.604156
v 0.064157 -0.156911 -0.594485
v 0.020636 -0.137570 -0.604156
v 0.010968 -0.142405 -0.604156
v 0.078659 -0.137570 -0.604156
v 0.064157 -0.156911 -0.594485
v -0.153431 -0.205264 -0.565474
v 0.044816 -0.171417 -0.584815
v -0.003539 -0.142405 -0.604156
v -0.153431 -0.205264 -0.565474
v 0.064157 -0.156911 -0.594485
v 0.010968 -0.142405 -0.604156
v -0.003539 -0.142405 -0.604156
v 0.064157 -0.156911 -0.594485
v 0.044816 -0.171417 -0.584815
v -0.153431 -0.205264 -0.565474
v 0.030309 -0.181088 -0.579980
v 0.030309 -0.181088 -0.579980
v -0.153431 -0.205264 -0.565474
v 0.025470 -0.190758 -0.570309
v 0.025470 -0.190758 -0.570309
v -0.153431 -0.205264 -0.565474
v 0.020636 -0.205264 -0.560638
v 0.020636 -0.205264 -0.560638
v -0.163104 -0.214935 -0.555803
v -0.182445 -0.224605 -0.550968
v -0.153431 -0.205264 -0.565474
v -0.163104 -0.214935 -0.555803
v 0.020636 -0.205264 -0.560638
v 0.020636 -0.330981 -0.483274
v -0.177611 -0.413181 -0.430086
v 0.025470 -0.340651 -0.478439
v 0.025470 -0.340651 -0.478439
v -0.177611 -0.413181 -0.430086
v 0.030309 -0.350322 -0.468768
v 0.030309 -0.350322 -0.468768
v -0.177611 -0.413181 -0.430086
v 0.044816 -0.355157 -0.468768
v 0.044816 -0.355157 -0.468768
v -0.177611 -0.413181 -0.430086
v 0.064157 -0.359993 -0.463933
v 0.064157 -0.359993 -0.463933
v -0.177611 -0.413181 -0.430086
v 0.083498 -0.374498 -0.454262
v 0.102838 -0.389004 -0.449427
v 0.102838 -0.389004 -0.449427
v 0.015802 -0.408345 -0.434922
v 0.025470 -0.408345 -0.434922
v 0.102838 -0.389004 -0.449427
v -0.177611 -0.413181 -0.430086
v 0.015802 -0.408345 -0.434922
v 0.112506 -0.408345 -0.434922
v 0.054484 -0.422851 -0.425251
v 0.122179 -0.427686 -0.420415
v 0.112506 -0.408345 -0.434922
v 0.025470 -0.408345 -0.434922
v 0.035143 -0.408345 -0.434922
v 0.112506 -0.408345 -0.434922
v 0.035143 -0.408345 -0.434922
v 0.044816 -0.418016 -0.430086
v 0.102838 -0.389004 -0.449427
v 0.025470 -0.408345 -0.434922
v 0.112506 -0.408345 -0.434922
v 0.112506 -0.408345 -0.434922
v 0.044816 -0.418016 -0.430086
v 0.054484 -0.422851 -0.425251
v 0.122179 -0.427686 -0.420415
v 0.054484 -0.442192 -0.410745
v 0.122179 -0.447028 -0.405910
v 0.122179 -0.427686 -0.420415
v 0.054484 -0.432521 -0.420415
v 0.054484 -0.442192 -0.410745
v 0.054484 -0.422851 -0.425251
v 0.054484 -0.432521 -0.420415
v 0.122179 -0.427686 -0.420415
v 0.122179 -0.447028 -0.405910
v 0.025470 -0.466368 -0.396239
v 0.112506 -0.471204 -0.396239
v 0.122179 -0.447028 -0.405910
v 0.039977 -0.461533 -0.401075
v 0.025470 -0.466368 -0.396239
v 0.122179 -0.447028 -0.405910
v 0.044816 -0.456698 -0.401075
v 0.039977 -0.461533 -0.401075
v 0.122179 -0.447028 -0.405910
v 0.054484 -0.451863 -0.405910
v 0.044816 -0.456698 -0.401075
v 0.054484 -0.442192 -0.410745
v 0.054484 -0.451863 -0.405910
v 0.122179 -0.447028 -0.405910
v 0.112506 -0.471204 -0.396239
v -0.061561 -0.485709 -0.386569
v 0.098000 -0.490544 -0.381734
v 0.015802 -0.466368 -0.396239
v -0.061561 -0.485709 -0.386569
v 0.112506 -0.471204 -0.396239
v 0.025470 -0.466368 -0.396239
v 0.015802 -0.466368 -0.396239
v 0.112506 -0.471204 -0.396239
v 0.098000 -0.490544 -0.381734
v -0.042220 -0.505051 -0.372063
v 0.078659 -0.505051 -0.372063
v -0.061561 -0.485709 -0.386569
v -0.042220 -0.505051 -0.372063
v 0.098000 -0.490544 -0.381734
v 0.078659 -0.505051 -0.372063
v -0.018045 -0.514721 -0.367227
v 0.059318 -0.514721 -0.367227
v -0.042220 -0.505051 -0.372063
v -0.018045 -0.514721 -0.367227
v 0.078659 -0.505051 -0.372063
v 0.059318 -0.514721 -0.367227
v 0.006129 -0.519556 -0.362392
v 0.030309 -0.519556 -0.362392
v -0.018045 -0.514721 -0.367227
v 0.006129 -0.519556 -0.362392
v 0.059318 -0.514721 -0.367227
v -0.114749 -0.422851 -0.425251
v -0.061561 -0.485709 -0.386569
v -0.008372 -0.422851 -0.425251
v -0.008372 -0.422851 -0.425251
v -0.061561 -0.485709 -0.386569
v -0.013211 -0.432521 -0.420415
v -0.013211 -0.432521 -0.420415
v -0.061561 -0.485709 -0.386569
v -0.013211 -0.442192 -0.410745
v -0.013211 -0.442192 -0.410745
v -0.061561 -0.485709 -0.386569
v -0.008372 -0.451863 -0.405910
v -0.008372 -0.451863 -0.405910
v -0.061561 -0.485709 -0.386569
v -0.003539 -0.456698 -0.401075
v -0.003539 -0.456698 -0.401075
v -0.061561 -0.485709 -0.386569
v 0.006129 -0.461533 -0.401075
v 0.006129 -0.461533 -0.401075
v -0.061561 -0.485709 -0.386569
v 0.015802 -0.466368 -0.396239
v -0.124422 -0.413181 -0.430086
v -0.114749 -0.422851 -0.425251
v -0.003539 -0.418016 -0.430086
v -0.003539 -0.418016 -0.430086
v -0.114749 -0.422851 -0.425251
v -0.008372 -0.422851 -0.425251
v 0.006129 -0.413181 -0.430086
v -0.138924 -0.413181 -0.430086
v -0.124422 -0.413181 -0.430086
v 0.006129 -0.413181 -0.430086
v -0.124422 -0.413181 -0.430086
v -0.003539 -0.418016 -0.430086
v 0.006129 -0.413181 -0.430086
v -0.177611 -0.413181 -0.430086
v -0.138924 -0.413181 -0.430086
v 0.015802 -0.408345 -0.434922
v -0.177611 -0.413181 -0.430086
v 0.006129 -0.413181 -0.430086
v -0.066400 -0.079547 -0.642838
v -0.153431 -0.205264 -0.565474
v -0.022879 -0.089217 -0.633167
v -0.022879 -0.089217 -0.633167
v -0.153431 -0.205264 -0.565474
v -0.027713 -0.098888 -0.628332
v -0.027713 -0.098888 -0.628332
v -0.153431 -0.205264 -0.565474
v -0.032552 -0.108558 -0.623497
v -0.032552 -0.108558 -0.623497
v -0.153431 -0.205264 -0.565474
v -0.032552 -0.118229 -0.618662
v -0.032552 -0.118229 -0.618662
v -0.153431 -0.205264 -0.565474
v -0.027713 -0.127900 -0.613827
v -0.027713 -0.127900 -0.613827
v -0.153431 -0.205264 -0.565474
v -0.022879 -0.132735 -0.608991
v -0.022879 -0.132735 -0.608991
v -0.153431 -0.205264 -0.565474
v -0.013211 -0.137570 -0.604156
v -0.013211 -0.137570 -0.604156
v -0.153431 -0.205264 -0.565474
v -0.003539 -0.142405 -0.604156
v -0.066400 -0.079547 -0.642838
v -0.003539 -0.084382 -0.638003
v 0.006129 -0.084382 -0.638003
v -0.066400 -0.079547 -0.642838
v -0.013211 -0.084382 -0.638003
v -0.003539 -0.084382 -0.638003
v -0.066400 -0.079547 -0.642838
v -0.022879 -0.089217 -0.633167
v -0.013211 -0.084382 -0.638003
v 0.528341 -0.248781 -0.589650
v 0.533175 -0.437357 -0.473604
v 0.228556 -0.437357 -0.473604
v 0.528341 -0.248781 -0.589650
v 0.228556 -0.437357 -0.473604
v 0.209211 -0.442192 -0.473604
v 0.528341 -0.031194 -0.246346
v 0.571857 -0.355157 -0.758885
v 0.528341 -0.137570 -0.415580
v 0.276906 -0.137570 -0.415580
v 0.528341 -0.137570 -0.415580
v 0.528341 -0.248781 -0.589650
v 0.528341 -0.137570 -0.415580
v 0.571857 -0.355157 -0.758885
v 0.528341 -0.248781 -0.589650
v 0.528341 -0.031194 -0.246346
v 0.567023 -0.031194 -0.246346
v 0.571857 -0.355157 -0.758885
v 0.204377 -0.123064 -0.425251
v 0.272072 -0.123064 -0.425251
v 0.272072 -0.185923 -0.521957
v 0.204377 -0.123064 -0.425251
v 0.272072 -0.185923 -0.521957
v 0.204377 -0.185923 -0.521957
v 0.272072 -0.123064 -0.425251
v 0.276906 -0.127900 -0.420415
v 0.276906 -0.185923 -0.517121
v 0.272072 -0.123064 -0.425251
v 0.276906 -0.185923 -0.517121
v 0.272072 -0.185923 -0.521957
v 0.276906 -0.127900 -0.420415
v 0.276906 -0.137570 -0.415580
v 0.276906 -0.200428 -0.512285
v 0.276906 -0.127900 -0.420415
v 0.276906 -0.200428 -0.512285
v 0.276906 -0.185923 -0.517121
v 0.276906 -0.137570 -0.415580
v 0.528341 -0.248781 -0.589650
v 0.276906 -0.200428 -0.512285
v 0.068991 -0.185923 -0.488109
v 0.199543 -0.185923 -0.488109
v 0.199543 -0.200428 -0.512285
v 0.068991 -0.185923 -0.488109
v 0.528341 -0.248781 -0.589650
v 0.068991 -0.253616 -0.589650
v 0.068991 -0.185923 -0.488109
v 0.199543 -0.200428 -0.512285
v 0.528341 -0.248781 -0.589650
v 0.020636 -0.292299 -0.488109
v 0.020636 -0.326146 -0.468768
v 0.001295 -0.379333 -0.434922
v 0.020636 -0.326146 -0.468768
v 0.093166 -0.345486 -0.459098
v 0.020636 -0.374498 -0.439757
v 0.020636 -0.326146 -0.468768
v 0.020636 -0.374498 -0.439757
v 0.001295 -0.379333 -0.434922
v 0.068991 -0.253616 -0.589650
v 0.020636 -0.364828 -0.521957
v 0.020636 -0.297134 -0.565474
v 0.068991 -0.253616 -0.589650
v 0.093166 -0.379333 -0.512285
v 0.020636 -0.364828 -0.521957
v 0.020636 -0.292299 -0.488109
v 0.001295 -0.379333 -0.434922
v 0.015802 -0.306805 -0.483274
v 0.093166 -0.345486 -0.459098
v 0.107672 -0.350322 -0.454262
v 0.102838 -0.524391 -0.343051
v 0.093166 -0.345486 -0.459098
v 0.102838 -0.524391 -0.343051
v 0.088332 -0.427686 -0.401075
v 0.093166 -0.345486 -0.459098
v 0.039977 -0.374498 -0.434922
v 0.020636 -0.374498 -0.439757
v 0.093166 -0.345486 -0.459098
v 0.059318 -0.384169 -0.430086
v 0.039977 -0.374498 -0.434922
v 0.093166 -0.345486 -0.459098
v 0.073825 -0.398675 -0.425251
v 0.059318 -0.384169 -0.430086
v 0.093166 -0.345486 -0.459098
v 0.083498 -0.413181 -0.415580
v 0.073825 -0.398675 -0.425251
v 0.093166 -0.345486 -0.459098
v 0.088332 -0.427686 -0.401075
v 0.083498 -0.413181 -0.415580
v 0.068991 -0.253616 -0.589650
v 0.528341 -0.248781 -0.589650
v 0.093166 -0.379333 -0.512285
v 0.528341 -0.248781 -0.589650
v 0.107672 -0.384169 -0.507450
v 0.093166 -0.379333 -0.512285
v 0.528341 -0.248781 -0.589650
v 0.122179 -0.393839 -0.502615
v 0.107672 -0.384169 -0.507450
v 0.528341 -0.248781 -0.589650
v 0.127013 -0.403510 -0.492945
v 0.122179 -0.393839 -0.502615
v 0.528341 -0.248781 -0.589650
v 0.131847 -0.418016 -0.488109
v 0.127013 -0.403510 -0.492945
v 0.528341 -0.248781 -0.589650
v 0.131847 -0.442192 -0.468768
v 0.131847 -0.418016 -0.488109
v 0.131847 -0.442192 -0.468768
v 0.185036 -0.456698 -0.463933
v 0.170529 -0.476039 -0.449427
v 0.131847 -0.442192 -0.468768
v 0.170529 -0.476039 -0.449427
v 0.170529 -0.442192 -0.396239
v 0.131847 -0.442192 -0.468768
v 0.199543 -0.447028 -0.468768
v 0.185036 -0.456698 -0.463933
v 0.528341 -0.248781 -0.589650
v 0.199543 -0.447028 -0.468768
v 0.131847 -0.442192 -0.468768
v 0.131847 -0.408345 -0.415580
v 0.131847 -0.442192 -0.468768
v 0.170529 -0.442192 -0.396239
v 0.528341 -0.248781 -0.589650
v 0.209211 -0.442192 -0.473604
v 0.199543 -0.447028 -0.468768
v 0.199543 -0.200428 -0.512285
v 0.276906 -0.200428 -0.512285
v 0.528341 -0.248781 -0.589650
v 0.528341 -0.248781 -0.589650
v 0.571857 -0.355157 -0.758885
v 0.533175 -0.355157 -0.758885
v 0.107672 -0.350322 -0.454262
v 0.122179 -0.359993 -0.449427
v 0.102838 -0.524391 -0.343051
v 0.020636 -0.485709 -0.367227
v 0.039977 -0.543733 -0.328545
v 0.006129 -0.548568 -0.328545
v 0.001295 -0.480874 -0.372063
v 0.006129 -0.548568 -0.328545
v -0.080902 -0.538898 -0.333381
v 0.001295 -0.480874 -0.372063
v 0.020636 -0.485709 -0.367227
v 0.006129 -0.548568 -0.328545
v 0.059318 -0.471204 -0.376899
v 0.073825 -0.538898 -0.333381
v 0.039977 -0.543733 -0.328545
v 0.039977 -0.480874 -0.372063
v 0.039977 -0.543733 -0.328545
v 0.020636 -0.485709 -0.367227
v 0.059318 -0.471204 -0.376899
v 0.039977 -0.543733 -0.328545
v 0.039977 -0.480874 -0.372063
v 0.088332 -0.427686 -0.401075
v 0.102838 -0.524391 -0.343051
v 0.073825 -0.538898 -0.333381
v 0.088332 -0.427686 -0.401075
v 0.073825 -0.538898 -0.333381
v 0.083498 -0.447028 -0.391404
v 0.083498 -0.447028 -0.391404
v 0.073825 -0.538898 -0.333381
v 0.073825 -0.461533 -0.381734
v 0.073825 -0.461533 -0.381734
v 0.073825 -0.538898 -0.333381
v 0.059318 -0.471204 -0.376899
v 0.122179 -0.359993 -0.449427
v 0.127013 -0.509886 -0.352722
v 0.102838 -0.524391 -0.343051
v 0.131847 -0.408345 -0.415580
v 0.146354 -0.485709 -0.367227
v 0.127013 -0.509886 -0.352722
v 0.131847 -0.384169 -0.430086
v 0.131847 -0.408345 -0.415580
v 0.127013 -0.509886 -0.352722
v 0.127013 -0.369663 -0.439757
v 0.131847 -0.384169 -0.430086
v 0.127013 -0.509886 -0.352722
v 0.122179 -0.359993 -0.449427
v 0.127013 -0.369663 -0.439757
v 0.127013 -0.509886 -0.352722
v 0.131847 -0.408345 -0.415580
v 0.156027 -0.461533 -0.381734
v 0.146354 -0.485709 -0.367227
v 0.131847 -0.408345 -0.415580
v 0.160861 -0.451863 -0.386569
v 0.156027 -0.461533 -0.381734
v 0.131847 -0.408345 -0.415580
v 0.170529 -0.442192 -0.396239
v 0.160861 -0.451863 -0.386569
v 0.015802 -0.306805 -0.483274
v 0.001295 -0.379333 -0.434922
v 0.006129 -0.316475 -0.473604
v 0.006129 -0.316475 -0.473604
v 0.001295 -0.379333 -0.434922
v -0.008372 -0.326146 -0.468768
v -0.027713 -0.326146 -0.468768
v -0.008372 -0.326146 -0.468768
v -0.018045 -0.384169 -0.430086
v 0.001295 -0.379333 -0.434922
v -0.042220 -0.321310 -0.473604
v -0.027713 -0.326146 -0.468768
v -0.042220 -0.413181 -0.415580
v -0.027713 -0.326146 -0.468768
v -0.032552 -0.398675 -0.425251
v -0.042220 -0.413181 -0.415580
v -0.027713 -0.326146 -0.468768
v -0.018045 -0.384169 -0.430086
v -0.032552 -0.398675 -0.425251
v -0.196952 -0.234276 -0.526792
v -0.042220 -0.321310 -0.473604
v -0.167938 -0.471204 -0.376899
v -0.042220 -0.321310 -0.473604
v -0.158270 -0.490544 -0.362392
v -0.167938 -0.471204 -0.376899
v -0.158270 -0.490544 -0.362392
v -0.042220 -0.321310 -0.473604
v -0.148597 -0.509886 -0.352722
v -0.129256 -0.524391 -0.343051
v -0.042220 -0.321310 -0.473604
v -0.105081 -0.534062 -0.338216
v -0.129256 -0.524391 -0.343051
v -0.042220 -0.321310 -0.473604
v -0.080902 -0.538898 -0.333381
v -0.105081 -0.534062 -0.338216
v -0.042220 -0.321310 -0.473604
v -0.042220 -0.427686 -0.401075
v -0.080902 -0.538898 -0.333381
v -0.042220 -0.321310 -0.473604
v -0.042220 -0.413181 -0.415580
v -0.042220 -0.427686 -0.401075
v -0.018045 -0.476039 -0.376899
v 0.001295 -0.480874 -0.372063
v -0.080902 -0.538898 -0.333381
v -0.032552 -0.461533 -0.381734
v -0.018045 -0.476039 -0.376899
v -0.080902 -0.538898 -0.333381
v -0.042220 -0.447028 -0.391404
v -0.032552 -0.461533 -0.381734
v -0.080902 -0.538898 -0.333381
v -0.042220 -0.427686 -0.401075
v -0.042220 -0.447028 -0.391404
v -0.080902 -0.538898 -0.333381
v 0.243058 0.225075 0.459603
v 0.243058 0.176723 0.493450
v 0.223717 0.176723 0.493450
v 0.218883 0.254086 0.445097
v 0.223717 0.176723 0.493450
v 0.209211 0.171887 0.493450
v 0.238224 0.239581 0.454768
v 0.243058 0.225075 0.459603
v 0.223717 0.176723 0.493450
v 0.233390 0.249251 0.449933
v 0.238224 0.239581 0.454768
v 0.223717 0.176723 0.493450
v 0.218883 0.254086 0.445097
v 0.233390 0.249251 0.449933
v 0.223717 0.176723 0.493450
v 0.272072 0.374968 0.401580
v 0.528341 0.316945 0.304875
v 0.272072 0.316945 0.304875
v 0.267238 0.394309 0.391910
v 0.272072 0.326616 0.295204
v 0.267238 0.331451 0.295204
v 0.267238 0.394309 0.391910
v 0.272072 0.389474 0.391910
v 0.272072 0.326616 0.295204
v 0.199543 0.394309 0.391910
v 0.267238 0.331451 0.295204
v 0.199543 0.331451 0.295204
v 0.199543 0.394309 0.391910
v 0.267238 0.394309 0.391910
v 0.267238 0.331451 0.295204
v 0.064157 0.428156 0.478944
v 0.528341 0.316945 0.304875
v 0.272072 0.374968 0.401580
v 0.528341 0.316945 0.304875
v 0.567023 0.210570 0.135640
v 0.528341 0.210570 0.135640
v 0.523507 0.428156 0.483780
v 0.567023 0.210570 0.135640
v 0.528341 0.316945 0.304875
v 0.064157 0.428156 0.478944
v 0.523507 0.428156 0.483780
v 0.528341 0.316945 0.304875
v 0.064157 0.428156 0.478944
v 0.272072 0.374968 0.401580
v 0.194709 0.374968 0.401580
v 0.064157 0.428156 0.478944
v 0.194709 0.374968 0.401580
v 0.194709 0.360463 0.377404
v 0.064157 0.428156 0.478944
v 0.194709 0.360463 0.377404
v 0.064157 0.360463 0.377404
v 0.064157 0.360463 0.377404
v 0.194709 0.360463 0.377404
v 0.083498 0.186393 0.483780
v 0.194709 0.360463 0.377404
v 0.209211 0.171887 0.493450
v 0.194709 0.167052 0.498285
v 0.194709 0.360463 0.377404
v 0.218883 0.254086 0.440262
v 0.209211 0.171887 0.493450
v 0.194709 0.360463 0.377404
v 0.141520 0.094523 0.546638
v 0.122179 0.070347 0.561144
v 0.194709 0.360463 0.377404
v 0.122179 0.070347 0.561144
v 0.098000 0.147711 0.507956
v 0.194709 0.360463 0.377404
v 0.151188 0.118699 0.527297
v 0.141520 0.094523 0.546638
v 0.194709 0.360463 0.377404
v 0.156027 0.128370 0.522462
v 0.151188 0.118699 0.527297
v 0.194709 0.360463 0.377404
v 0.180202 0.157381 0.503120
v 0.156027 0.128370 0.522462
v 0.194709 0.360463 0.377404
v 0.194709 0.167052 0.498285
v 0.180202 0.157381 0.503120
v 0.194709 0.360463 0.377404
v 0.093166 0.171887 0.498285
v 0.083498 0.186393 0.483780
v 0.194709 0.360463 0.377404
v 0.098000 0.147711 0.507956
v 0.093166 0.171887 0.498285
v 0.567023 0.534532 0.653014
v 0.567023 0.210570 0.135640
v 0.523507 0.534532 0.653014
v 0.523507 0.428156 0.483780
v 0.015802 0.316945 0.401580
v 0.064157 0.360463 0.377404
v 0.015802 0.287933 0.420921
v 0.015802 0.215405 0.464438
v 0.064157 0.360463 0.377404
v 0.039977 0.215405 0.469274
v 0.015802 0.215405 0.464438
v 0.064157 0.360463 0.377404
v 0.064157 0.205734 0.474109
v 0.039977 0.215405 0.469274
v 0.064157 0.360463 0.377404
v 0.083498 0.186393 0.483780
v 0.064157 0.205734 0.474109
v 0.218883 0.254086 0.440262
v 0.218883 0.254086 0.445097
v 0.209211 0.171887 0.493450
v 0.010968 0.273428 0.430592
v -0.008372 0.210570 0.469274
v 0.001295 0.258922 0.440262
v 0.015802 0.287933 0.420921
v 0.015802 0.215405 0.464438
v 0.010968 0.273428 0.430592
v 0.010968 0.273428 0.430592
v 0.015802 0.215405 0.464438
v -0.008372 0.210570 0.469274
v 0.001295 0.258922 0.440262
v -0.008372 0.210570 0.469274
v -0.013211 0.254086 0.440262
v -0.013211 0.254086 0.440262
v -0.032552 0.200899 0.474109
v -0.027713 0.254086 0.445097
v -0.013211 0.254086 0.440262
v -0.008372 0.210570 0.469274
v -0.032552 0.200899 0.474109
v -0.047054 0.258922 0.440262
v -0.027713 0.254086 0.445097
v -0.032552 0.200899 0.474109
v -0.129256 0.051005 0.570815
v -0.047054 0.258922 0.440262
v -0.109915 0.041335 0.575650
v -0.080902 0.036500 0.580485
v -0.047054 0.258922 0.440262
v -0.061561 0.147711 0.507956
v -0.080902 0.036500 0.580485
v -0.047054 0.258922 0.440262
v -0.061561 0.167052 0.498285
v -0.061561 0.147711 0.507956
v -0.047054 0.258922 0.440262
v -0.047054 0.186393 0.483780
v -0.061561 0.167052 0.498285
v -0.047054 0.258922 0.440262
v -0.032552 0.200899 0.474109
v -0.047054 0.186393 0.483780
v -0.008372 0.084852 0.551473
v 0.006129 0.031665 0.585320
v -0.080902 0.036500 0.580485
v -0.027713 0.094523 0.541803
v -0.008372 0.084852 0.551473
v -0.080902 0.036500 0.580485
v -0.047054 0.109028 0.532132
v -0.027713 0.094523 0.541803
v -0.080902 0.036500 0.580485
v -0.056727 0.128370 0.522462
v -0.047054 0.109028 0.532132
v -0.080902 0.036500 0.580485
v -0.061561 0.147711 0.507956
v -0.056727 0.128370 0.522462
v -0.080902 0.036500 0.580485
v 0.015802 0.080017 0.551473
v 0.035143 0.031665 0.585320
v 0.006129 0.031665 0.585320
v -0.008372 0.084852 0.551473
v 0.015802 0.080017 0.551473
v 0.006129 0.031665 0.585320
v 0.064157 0.094523 0.541803
v 0.068991 0.036500 0.580485
v 0.035143 0.031665 0.585320
v 0.039977 0.084852 0.551473
v 0.035143 0.031665 0.585320
v 0.015802 0.080017 0.551473
v 0.064157 0.094523 0.541803
v 0.035143 0.031665 0.585320
v 0.039977 0.084852 0.551473
v 0.093166 0.128370 0.522462
v 0.098000 0.051005 0.570815
v 0.068991 0.036500 0.580485
v 0.093166 0.128370 0.522462
v 0.068991 0.036500 0.580485
v 0.083498 0.109028 0.536968
v 0.083498 0.109028 0.536968
v 0.068991 0.036500 0.580485
v 0.064157 0.094523 0.541803
v 0.098000 0.147711 0.507956
v 0.122179 0.070347 0.561144
v 0.098000 0.051005 0.570815
v 0.098000 0.147711 0.507956
v 0.098000 0.051005 0.570815
v 0.093166 0.128370 0.522462
v -0.143763 0.147711 0.454768
v -0.129256 0.147711 0.454768
v -0.003539 0.147711 0.454768
v -0.129256 0.147711 0.454768
v -0.119583 0.138040 0.459603
v -0.013211 0.142876 0.459603
v -0.003539 0.147711 0.454768
v -0.129256 0.147711 0.454768
v -0.013211 0.142876 0.459603
v 0.006129 0.152546 0.454768
v -0.143763 0.147711 0.454768
v -0.003539 0.147711 0.454768
v 0.006129 0.515191 0.222675
v -0.018045 0.515191 0.222675
v 0.030309 0.510356 0.227510
v -0.018045 0.515191 0.222675
v -0.042220 0.505521 0.227510
v 0.030309 0.510356 0.227510
v 0.030309 0.510356 0.227510
v -0.042220 0.505521 0.227510
v 0.049650 0.500686 0.232346
v 0.049650 0.500686 0.232346
v -0.056727 0.495850 0.237181
v 0.068991 0.486179 0.242016
v -0.042220 0.505521 0.227510
v -0.056727 0.495850 0.237181
v 0.049650 0.500686 0.232346
v 0.068991 0.486179 0.242016
v 0.025470 0.471674 0.251687
v 0.078659 0.466839 0.256522
v -0.056727 0.495850 0.237181
v -0.071234 0.481344 0.242016
v 0.068991 0.486179 0.242016
v 0.068991 0.486179 0.242016
v -0.071234 0.481344 0.242016
v 0.006129 0.481344 0.246851
v 0.068991 0.486179 0.242016
v 0.006129 0.481344 0.246851
v 0.015802 0.476509 0.246851
v 0.068991 0.486179 0.242016
v 0.015802 0.476509 0.246851
v 0.025470 0.471674 0.251687
v 0.078659 0.466839 0.256522
v 0.035143 0.447498 0.266192
v 0.078659 0.442663 0.271028
v 0.078659 0.466839 0.256522
v 0.078659 0.442663 0.271028
v 0.078659 0.423321 0.237181
v 0.078659 0.466839 0.256522
v 0.035143 0.457168 0.261357
v 0.035143 0.447498 0.266192
v 0.078659 0.466839 0.256522
v 0.030309 0.462003 0.256522
v 0.035143 0.457168 0.261357
v 0.025470 0.471674 0.251687
v 0.030309 0.462003 0.256522
v 0.078659 0.466839 0.256522
v 0.078659 0.466839 0.256522
v 0.078659 0.423321 0.237181
v 0.078659 0.442663 0.222675
v 0.078659 0.442663 0.271028
v 0.015802 0.423321 0.280699
v 0.073825 0.423321 0.280699
v 0.078659 0.442663 0.271028
v 0.025470 0.428156 0.280699
v 0.015802 0.423321 0.280699
v 0.078659 0.442663 0.271028
v 0.030309 0.437827 0.275863
v 0.025470 0.428156 0.280699
v 0.035143 0.447498 0.266192
v 0.030309 0.437827 0.275863
v 0.078659 0.442663 0.271028
v 0.073825 0.423321 0.280699
v 0.006129 0.418486 0.285534
v 0.059318 0.403980 0.295204
v 0.015802 0.423321 0.280699
v 0.006129 0.418486 0.285534
v 0.073825 0.423321 0.280699
v 0.059318 0.403980 0.295204
v -0.158270 0.355628 0.324215
v 0.039977 0.394309 0.300039
v -0.003539 0.418486 0.285534
v -0.158270 0.355628 0.324215
v 0.059318 0.403980 0.295204
v 0.006129 0.418486 0.285534
v -0.003539 0.418486 0.285534
v 0.059318 0.403980 0.295204
v 0.039977 0.394309 0.300039
v -0.158270 0.355628 0.324215
v 0.025470 0.384639 0.309710
v 0.025470 0.384639 0.309710
v -0.158270 0.355628 0.324215
v 0.020636 0.370133 0.314545
v 0.015802 0.355628 0.324215
v -0.182445 0.336286 0.333886
v -0.201786 0.336286 0.338722
v 0.015802 0.355628 0.324215
v -0.167938 0.345957 0.329051
v -0.182445 0.336286 0.333886
v 0.020636 0.370133 0.314545
v -0.158270 0.355628 0.324215
v 0.015802 0.355628 0.324215
v -0.167938 0.345957 0.329051
v 0.015802 0.229910 0.401580
v -0.182445 0.147711 0.454768
v 0.020636 0.220240 0.411250
v 0.015802 0.355628 0.324215
v -0.201786 0.336286 0.338722
v 0.015802 0.229910 0.401580
v -0.182445 0.147711 0.454768
v 0.020636 0.220240 0.411250
v -0.182445 0.147711 0.454768
v 0.030309 0.210570 0.416086
v 0.030309 0.210570 0.416086
v -0.182445 0.147711 0.454768
v 0.039977 0.205734 0.420921
v 0.039977 0.205734 0.420921
v -0.182445 0.147711 0.454768
v 0.064157 0.200899 0.425757
v 0.064157 0.200899 0.425757
v -0.182445 0.147711 0.454768
v 0.083498 0.191228 0.430592
v 0.083498 0.191228 0.430592
v -0.182445 0.147711 0.454768
v 0.098000 0.176723 0.440262
v 0.098000 0.176723 0.440262
v 0.015802 0.152546 0.454768
v 0.112506 0.157381 0.449933
v 0.098000 0.176723 0.440262
v -0.182445 0.147711 0.454768
v 0.015802 0.152546 0.454768
v 0.112506 0.157381 0.449933
v 0.044816 0.142876 0.459603
v 0.117340 0.133205 0.464438
v 0.112506 0.157381 0.449933
v 0.015802 0.152546 0.454768
v 0.025470 0.152546 0.454768
v 0.112506 0.157381 0.449933
v 0.039977 0.147711 0.454768
v 0.044816 0.142876 0.459603
v 0.112506 0.157381 0.449933
v 0.025470 0.152546 0.454768
v 0.039977 0.147711 0.454768
v 0.117340 0.133205 0.464438
v 0.049650 0.113864 0.478944
v 0.117340 0.113864 0.478944
v 0.117340 0.133205 0.464438
v 0.054484 0.123535 0.469274
v 0.049650 0.113864 0.478944
v 0.117340 0.133205 0.464438
v 0.049650 0.133205 0.464438
v 0.054484 0.123535 0.469274
v 0.044816 0.142876 0.459603
v 0.049650 0.133205 0.464438
v 0.117340 0.133205 0.464438
v 0.117340 0.113864 0.478944
v 0.030309 0.094523 0.488615
v 0.107672 0.089688 0.493450
v 0.117340 0.113864 0.478944
v 0.039977 0.099358 0.488615
v 0.030309 0.094523 0.488615
v 0.117340 0.113864 0.478944
v 0.044816 0.109028 0.483780
v 0.039977 0.099358 0.488615
v 0.049650 0.113864 0.478944
v 0.044816 0.109028 0.483780
v 0.117340 0.113864 0.478944
v 0.107672 0.089688 0.493450
v -0.061561 0.075182 0.503120
v 0.093166 0.070347 0.503120
v 0.030309 0.094523 0.488615
v 0.015802 0.094523 0.488615
v 0.107672 0.089688 0.493450
v 0.078659 0.055841 0.512791
v 0.093166 0.070347 0.503120
v -0.047054 0.060676 0.512791
v -0.061561 0.075182 0.503120
v 0.078659 0.055841 0.512791
v -0.022879 0.046170 0.522462
v 0.054484 0.046170 0.522462
v -0.047054 0.060676 0.512791
v -0.022879 0.046170 0.522462
v 0.078659 0.055841 0.512791
v 0.054484 0.046170 0.522462
v 0.001295 0.041335 0.522462
v 0.030309 0.041335 0.522462
v -0.022879 0.046170 0.522462
v 0.001295 0.041335 0.522462
v 0.054484 0.046170 0.522462
v -0.119583 0.138040 0.459603
v -0.061561 0.075182 0.503120
v -0.018045 0.133205 0.464438
v -0.018045 0.133205 0.464438
v -0.061561 0.075182 0.503120
v -0.018045 0.123535 0.469274
v -0.018045 0.123535 0.469274
v -0.061561 0.075182 0.503120
v -0.018045 0.113864 0.478944
v -0.018045 0.113864 0.478944
v -0.061561 0.075182 0.503120
v -0.013211 0.109028 0.483780
v -0.013211 0.109028 0.483780
v -0.061561 0.075182 0.503120
v -0.003539 0.099358 0.488615
v -0.003539 0.099358 0.488615
v -0.061561 0.075182 0.503120
v 0.006129 0.094523 0.488615
v 0.107672 0.089688 0.493450
v 0.015802 0.094523 0.488615
v -0.061561 0.075182 0.503120
v 0.006129 0.094523 0.488615
v -0.013211 0.142876 0.459603
v -0.119583 0.138040 0.459603
v -0.018045 0.133205 0.464438
v 0.015802 0.152546 0.454768
v -0.182445 0.147711 0.454768
v 0.006129 0.152546 0.454768
v -0.071234 0.481344 0.242016
v -0.158270 0.355628 0.324215
v -0.027713 0.471674 0.251687
v -0.027713 0.471674 0.251687
v -0.158270 0.355628 0.324215
v -0.032552 0.462003 0.256522
v -0.032552 0.462003 0.256522
v -0.158270 0.355628 0.324215
v -0.037386 0.452333 0.261357
v -0.037386 0.452333 0.261357
v -0.158270 0.355628 0.324215
v -0.037386 0.442663 0.266192
v -0.037386 0.442663 0.266192
v -0.158270 0.355628 0.324215
v -0.032552 0.437827 0.275863
v -0.032552 0.437827 0.275863
v -0.158270 0.355628 0.324215
v -0.022879 0.428156 0.280699
v -0.022879 0.428156 0.280699
v -0.158270 0.355628 0.324215
v -0.018045 0.423321 0.280699
v -0.018045 0.423321 0.280699
v -0.158270 0.355628 0.324215
v -0.003539 0.418486 0.285534
v -0.071234 0.481344 0.242016
v -0.008372 0.476509 0.246851
v 0.006129 0.481344 0.246851
v -0.071234 0.481344 0.242016
v -0.018045 0.476509 0.246851
v -0.008372 0.476509 0.246851
v -0.071234 0.481344 0.242016
v -0.027713 0.471674 0.251687
v -0.018045 0.476509 0.246851
v -0.221126 0.399145 0.440262
v 0.098000 0.239581 0.541803
v 0.107672 0.220240 0.551473
v -0.221126 0.399145 0.440262
v 0.025470 0.278263 0.517627
v 0.098000 0.239581 0.541803
v -0.221126 0.399145 0.440262
v 0.020636 0.283098 0.512791
v 0.025470 0.278263 0.517627
v -0.221126 0.399145 0.440262
v 0.015802 0.297604 0.503120
v 0.020636 0.283098 0.512791
v -0.221126 0.399145 0.440262
v 0.020636 0.220240 0.556308
v 0.010968 0.220240 0.556308
v -0.221126 0.399145 0.440262
v 0.010968 0.220240 0.556308
v 0.001295 0.215405 0.556308
v -0.187279 0.403980 0.435427
v 0.015802 0.297604 0.503120
v -0.201786 0.399145 0.440262
v 0.006129 0.607061 0.367733
v -0.018045 0.607061 0.367733
v 0.001295 0.568379 0.391910
v -0.018045 0.607061 0.367733
v -0.042220 0.597391 0.372569
v -0.027713 0.558709 0.396745
v -0.018045 0.607061 0.367733
v -0.008372 0.568379 0.391910
v 0.001295 0.568379 0.391910
v -0.018045 0.607061 0.367733
v -0.018045 0.568379 0.391910
v -0.008372 0.568379 0.391910
v -0.018045 0.607061 0.367733
v -0.027713 0.558709 0.396745
v -0.018045 0.568379 0.391910
v 0.006129 0.607061 0.367733
v 0.030309 0.553873 0.401580
v 0.030309 0.602226 0.367733
v 0.006129 0.607061 0.367733
v 0.001295 0.568379 0.391910
v 0.015802 0.568379 0.391910
v 0.006129 0.607061 0.367733
v 0.020636 0.563544 0.396745
v 0.030309 0.553873 0.401580
v 0.006129 0.607061 0.367733
v 0.015802 0.568379 0.391910
v 0.020636 0.563544 0.396745
v 0.030309 0.602226 0.367733
v 0.039977 0.481344 0.445097
v 0.049650 0.592556 0.377404
v 0.030309 0.602226 0.367733
v 0.035143 0.544203 0.406415
v 0.039977 0.481344 0.445097
v 0.030309 0.602226 0.367733
v 0.030309 0.553873 0.401580
v 0.035143 0.544203 0.406415
v 0.049650 0.592556 0.377404
v 0.059318 0.495850 0.435427
v 0.068991 0.578049 0.387074
v 0.049650 0.592556 0.377404
v 0.039977 0.481344 0.445097
v 0.059318 0.495850 0.435427
v 0.068991 0.578049 0.387074
v 0.073825 0.515191 0.425757
v 0.073825 0.558709 0.401580
v 0.068991 0.578049 0.387074
v 0.059318 0.495850 0.435427
v 0.073825 0.515191 0.425757
v 0.073825 0.558709 0.401580
v 0.073825 0.515191 0.425757
v 0.078659 0.534532 0.411250
v 0.073825 0.558709 0.401580
v 0.078659 0.534532 0.411250
v 0.078659 0.510356 0.372569
v 0.073825 0.558709 0.401580
v 0.078659 0.510356 0.372569
v 0.078659 0.529697 0.358062
v 0.078659 0.534532 0.411250
v 0.073825 0.515191 0.425757
v 0.073825 0.486179 0.382239
v 0.078659 0.534532 0.411250
v 0.073825 0.486179 0.382239
v 0.078659 0.510356 0.372569
v 0.073825 0.515191 0.425757
v 0.059318 0.495850 0.435427
v 0.059318 0.471674 0.396745
v 0.073825 0.515191 0.425757
v 0.059318 0.471674 0.396745
v 0.073825 0.486179 0.382239
v 0.059318 0.495850 0.435427
v 0.039977 0.481344 0.445097
v 0.039977 0.457168 0.401580
v 0.059318 0.495850 0.435427
v 0.039977 0.457168 0.401580
v 0.059318 0.471674 0.396745
v 0.030309 0.529697 0.416086
v 0.025470 0.471674 0.449933
v 0.039977 0.481344 0.445097
v 0.039977 0.481344 0.445097
v 0.025470 0.471674 0.449933
v 0.025470 0.447498 0.411250
v 0.035143 0.534532 0.411250
v 0.030309 0.529697 0.416086
v 0.039977 0.481344 0.445097
v 0.035143 0.544203 0.406415
v 0.035143 0.534532 0.411250
v 0.039977 0.481344 0.445097
v 0.039977 0.481344 0.445097
v 0.025470 0.447498 0.411250
v 0.039977 0.457168 0.401580
v 0.025470 0.520026 0.420921
v 0.020636 0.462003 0.459603
v 0.025470 0.471674 0.449933
v 0.025470 0.471674 0.449933
v 0.020636 0.462003 0.459603
v 0.020636 0.432991 0.416086
v 0.030309 0.529697 0.416086
v 0.025470 0.520026 0.420921
v 0.025470 0.471674 0.449933
v 0.025470 0.471674 0.449933
v 0.020636 0.432991 0.416086
v 0.025470 0.447498 0.411250
v 0.015802 0.515191 0.425757
v 0.015802 0.447498 0.469274
v 0.020636 0.462003 0.459603
v 0.025470 0.520026 0.420921
v 0.015802 0.515191 0.425757
v 0.020636 0.462003 0.459603
v 0.015802 0.515191 0.425757
v 0.015802 0.321781 0.546638
v 0.015802 0.447498 0.469274
v 0.015802 0.321781 0.546638
v 0.020636 0.244416 0.594991
v 0.020636 0.312110 0.556308
v 0.015802 0.515191 0.425757
v 0.010968 0.244416 0.594991
v 0.015802 0.321781 0.546638
v 0.015802 0.321781 0.546638
v 0.010968 0.244416 0.594991
v 0.020636 0.244416 0.594991
v 0.020636 0.312110 0.556308
v 0.020636 0.244416 0.594991
v 0.025470 0.302440 0.561144
v 0.025470 0.302440 0.561144
v 0.030309 0.244416 0.599826
v 0.039977 0.297604 0.561144
v 0.025470 0.302440 0.561144
v 0.020636 0.244416 0.594991
v 0.030309 0.244416 0.599826
v 0.039977 0.297604 0.561144
v 0.049650 0.220240 0.609497
v 0.059318 0.292769 0.565979
v 0.039977 0.297604 0.561144
v 0.030309 0.244416 0.599826
v 0.039977 0.234746 0.599826
v 0.039977 0.297604 0.561144
v 0.049650 0.229910 0.604661
v 0.049650 0.220240 0.609497
v 0.039977 0.297604 0.561144
v 0.039977 0.234746 0.599826
v 0.049650 0.229910 0.604661
v 0.059318 0.292769 0.565979
v 0.073825 0.147711 0.657849
v 0.078659 0.278263 0.575650
v 0.059318 0.292769 0.565979
v 0.054484 0.138040 0.662685
v 0.073825 0.147711 0.657849
v 0.059318 0.292769 0.565979
v 0.049650 0.220240 0.609497
v 0.049650 0.210570 0.619167
v 0.078659 0.278263 0.575650
v 0.093166 0.162217 0.648178
v 0.098000 0.263757 0.585320
v 0.078659 0.278263 0.575650
v 0.073825 0.147711 0.657849
v 0.093166 0.162217 0.648178
v 0.098000 0.263757 0.585320
v 0.107672 0.181558 0.638508
v 0.107672 0.244416 0.594991
v 0.098000 0.263757 0.585320
v 0.093166 0.162217 0.648178
v 0.107672 0.181558 0.638508
v 0.107672 0.244416 0.594991
v 0.117340 0.200899 0.624002
v 0.117340 0.225075 0.609497
v 0.107672 0.244416 0.594991
v 0.107672 0.181558 0.638508
v 0.117340 0.200899 0.624002
v 0.117340 0.200899 0.624002
v 0.107672 0.181558 0.638508
v 0.107672 0.157381 0.594991
v 0.117340 0.200899 0.624002
v 0.107672 0.157381 0.594991
v 0.117340 0.176723 0.580485
v 0.107672 0.181558 0.638508
v 0.093166 0.162217 0.648178
v 0.093166 0.138040 0.604661
v 0.107672 0.181558 0.638508
v 0.093166 0.138040 0.604661
v 0.107672 0.157381 0.594991
v 0.093166 0.162217 0.648178
v 0.073825 0.147711 0.657849
v 0.073825 0.118699 0.614332
v 0.093166 0.162217 0.648178
v 0.073825 0.118699 0.614332
v 0.093166 0.138040 0.604661
v 0.073825 0.147711 0.657849
v 0.054484 0.138040 0.662685
v 0.054484 0.109028 0.624002
v 0.073825 0.147711 0.657849
v 0.054484 0.109028 0.624002
v 0.073825 0.118699 0.614332
v 0.035143 0.191228 0.633673
v 0.025470 0.133205 0.667520
v 0.054484 0.138040 0.662685
v 0.054484 0.138040 0.662685
v 0.025470 0.133205 0.667520
v 0.030309 0.104193 0.624002
v 0.039977 0.196063 0.628838
v 0.035143 0.191228 0.633673
v 0.054484 0.138040 0.662685
v 0.049650 0.200899 0.624002
v 0.039977 0.196063 0.628838
v 0.054484 0.138040 0.662685
v 0.049650 0.210570 0.619167
v 0.049650 0.200899 0.624002
v 0.054484 0.138040 0.662685
v 0.059318 0.292769 0.565979
v 0.049650 0.210570 0.619167
v 0.054484 0.138040 0.662685
v 0.054484 0.138040 0.662685
v 0.030309 0.104193 0.624002
v 0.054484 0.109028 0.624002
v 0.010968 0.186393 0.633673
v 0.001295 0.133205 0.667520
v 0.025470 0.133205 0.667520
v 0.020636 0.186393 0.633673
v 0.010968 0.186393 0.633673
v 0.025470 0.133205 0.667520
v 0.035143 0.191228 0.633673
v 0.020636 0.186393 0.633673
v 0.025470 0.133205 0.667520
v -0.018045 0.210570 0.619167
v -0.022879 0.138040 0.662685
v 0.001295 0.133205 0.667520
v -0.018045 0.210570 0.619167
v 0.001295 0.133205 0.667520
v -0.013211 0.200899 0.624002
v -0.013211 0.200899 0.624002
v 0.001295 0.133205 0.667520
v -0.008372 0.196063 0.628838
v -0.008372 0.196063 0.628838
v 0.001295 0.133205 0.667520
v 0.001295 0.191228 0.633673
v 0.001295 0.191228 0.633673
v 0.001295 0.133205 0.667520
v 0.010968 0.186393 0.633673
v -0.042220 0.597391 0.372569
v -0.047054 0.147711 0.657849
v -0.022879 0.138040 0.662685
v -0.042220 0.597391 0.372569
v -0.022879 0.138040 0.662685
v -0.037386 0.534532 0.411250
v -0.037386 0.534532 0.411250
v -0.022879 0.138040 0.662685
v -0.032552 0.524862 0.416086
v -0.032552 0.524862 0.416086
v -0.022879 0.138040 0.662685
v -0.027713 0.520026 0.420921
v -0.027713 0.520026 0.420921
v -0.022879 0.138040 0.662685
v -0.018045 0.220240 0.614332
v -0.018045 0.220240 0.614332
v -0.022879 0.138040 0.662685
v -0.018045 0.210570 0.619167
v -0.056727 0.587720 0.377404
v -0.061561 0.167052 0.648178
v -0.047054 0.147711 0.657849
v -0.042220 0.597391 0.372569
v -0.056727 0.587720 0.377404
v -0.047054 0.147711 0.657849
v -0.056727 0.587720 0.377404
v -0.071234 0.573214 0.387074
v -0.061561 0.167052 0.648178
v -0.061561 0.167052 0.648178
v -0.071234 0.573214 0.387074
v -0.119583 0.229910 0.604661
v -0.158270 0.447498 0.469274
v -0.042220 0.597391 0.372569
v -0.032552 0.553873 0.401580
v -0.027713 0.558709 0.396745
v -0.042220 0.597391 0.372569
v -0.037386 0.544203 0.406415
v -0.032552 0.553873 0.401580
v -0.042220 0.597391 0.372569
v -0.037386 0.534532 0.411250
v -0.037386 0.544203 0.406415
v -0.027713 0.520026 0.420921
v -0.018045 0.220240 0.614332
v -0.018045 0.515191 0.425757
v -0.018045 0.515191 0.425757
v -0.008372 0.234746 0.599826
v -0.008372 0.510356 0.425757
v -0.018045 0.515191 0.425757
v -0.013211 0.229910 0.604661
v -0.008372 0.234746 0.599826
v -0.018045 0.515191 0.425757
v -0.018045 0.220240 0.614332
v -0.013211 0.229910 0.604661
v 0.006129 0.510356 0.425757
v -0.008372 0.510356 0.425757
v 0.001295 0.239581 0.599826
v -0.008372 0.510356 0.425757
v -0.008372 0.234746 0.599826
v 0.001295 0.239581 0.599826
v 0.015802 0.515191 0.425757
v 0.006129 0.510356 0.425757
v 0.010968 0.244416 0.594991
v 0.006129 0.510356 0.425757
v 0.001295 0.239581 0.599826
v 0.010968 0.244416 0.594991
v 0.006129 0.582885 0.324215
v 0.030309 0.578049 0.329051
v -0.018045 0.578049 0.324215
v -0.018045 0.578049 0.324215
v 0.030309 0.578049 0.329051
v -0.042220 0.573214 0.329051
v -0.042220 0.573214 0.329051
v 0.049650 0.563544 0.333886
v -0.056727 0.563544 0.338722
v 0.030309 0.578049 0.329051
v 0.049650 0.563544 0.333886
v -0.042220 0.573214 0.329051
v -0.071234 0.549038 0.343557
v -0.056727 0.563544 0.338722
v 0.068991 0.549038 0.343557
v 0.049650 0.563544 0.333886
v -0.071234 0.549038 0.343557
v 0.020636 0.432991 0.416086
v -0.158270 0.418486 0.425757
v -0.071234 0.549038 0.343557
v -0.032552 0.500686 0.377404
v 0.020636 0.432991 0.416086
v 0.068991 0.549038 0.343557
v 0.001295 0.544203 0.348392
v -0.071234 0.549038 0.343557
v -0.071234 0.549038 0.343557
v 0.001295 0.544203 0.348392
v -0.008372 0.544203 0.348392
v -0.071234 0.549038 0.343557
v -0.008372 0.544203 0.348392
v -0.018045 0.539368 0.348392
v -0.071234 0.549038 0.343557
v -0.037386 0.510356 0.367733
v -0.032552 0.500686 0.377404
v -0.071234 0.549038 0.343557
v -0.037386 0.520026 0.362898
v -0.037386 0.510356 0.367733
v -0.071234 0.549038 0.343557
v -0.032552 0.524862 0.358062
v -0.037386 0.520026 0.362898
v -0.071234 0.549038 0.343557
v -0.027713 0.534532 0.353227
v -0.032552 0.524862 0.358062
v -0.071234 0.549038 0.343557
v -0.018045 0.539368 0.348392
v -0.027713 0.534532 0.353227
v -0.158270 0.418486 0.425757
v 0.015802 0.418486 0.425757
v -0.167938 0.408815 0.430592
v 0.020636 0.432991 0.416086
v 0.015802 0.418486 0.425757
v -0.158270 0.418486 0.425757
v -0.167938 0.408815 0.430592
v 0.015802 0.297604 0.503120
v -0.187279 0.403980 0.435427
v 0.015802 0.418486 0.425757
v 0.015802 0.297604 0.503120
v -0.167938 0.408815 0.430592
v -0.143763 0.215405 0.556308
v -0.008372 0.210570 0.561144
v -0.129256 0.210570 0.556308
v 0.001295 0.215405 0.556308
v -0.008372 0.210570 0.561144
v -0.143763 0.215405 0.556308
v -0.129256 0.210570 0.556308
v -0.008372 0.210570 0.561144
v -0.119583 0.200899 0.561144
v -0.119583 0.200899 0.561144
v 0.001295 0.162217 0.590155
v -0.061561 0.138040 0.604661
v -0.119583 0.200899 0.561144
v -0.008372 0.167052 0.585320
v 0.001295 0.162217 0.590155
v -0.008372 0.167052 0.585320
v -0.119583 0.200899 0.561144
v -0.013211 0.176723 0.580485
v -0.018045 0.181558 0.575650
v -0.119583 0.200899 0.561144
v -0.018045 0.191228 0.570815
v -0.018045 0.181558 0.575650
v -0.119583 0.200899 0.561144
v -0.013211 0.200899 0.565979
v -0.018045 0.191228 0.570815
v -0.008372 0.210570 0.561144
v -0.013211 0.200899 0.565979
v -0.119583 0.200899 0.561144
v -0.061561 0.138040 0.604661
v 0.093166 0.138040 0.604661
v -0.047054 0.123535 0.614332
v 0.107672 0.157381 0.594991
v 0.093166 0.138040 0.604661
v -0.061561 0.138040 0.604661
v 0.010968 0.157381 0.590155
v 0.107672 0.157381 0.594991
v -0.061561 0.138040 0.604661
v 0.001295 0.162217 0.590155
v 0.010968 0.157381 0.590155
v -0.061561 0.138040 0.604661
v -0.047054 0.123535 0.614332
v 0.073825 0.118699 0.614332
v -0.022879 0.109028 0.624002
v 0.093166 0.138040 0.604661
v 0.073825 0.118699 0.614332
v -0.047054 0.123535 0.614332
v -0.022879 0.109028 0.624002
v 0.054484 0.109028 0.624002
v 0.001295 0.104193 0.624002
v 0.073825 0.118699 0.614332
v 0.054484 0.109028 0.624002
v -0.022879 0.109028 0.624002
v 0.054484 0.109028 0.624002
v 0.030309 0.104193 0.624002
v 0.001295 0.104193 0.624002
v 0.117340 0.176723 0.580485
v 0.107672 0.157381 0.594991
v 0.049650 0.176723 0.580485
v 0.049650 0.176723 0.580485
v 0.107672 0.157381 0.594991
v 0.039977 0.167052 0.585320
v 0.039977 0.167052 0.585320
v 0.107672 0.157381 0.594991
v 0.035143 0.162217 0.590155
v 0.035143 0.162217 0.590155
v 0.107672 0.157381 0.594991
v 0.020636 0.157381 0.590155
v 0.020636 0.157381 0.590155
v 0.107672 0.157381 0.594991
v 0.010968 0.157381 0.590155
v 0.117340 0.200899 0.565979
v 0.117340 0.176723 0.580485
v 0.049650 0.196063 0.570815
v 0.049650 0.196063 0.570815
v 0.117340 0.176723 0.580485
v 0.049650 0.186393 0.575650
v 0.049650 0.176723 0.580485
v -0.221126 0.399145 0.440262
v 0.107672 0.220240 0.551473
v 0.020636 0.220240 0.556308
v 0.117340 0.200899 0.565979
v 0.020636 0.220240 0.556308
v 0.117340 0.200899 0.565979
v 0.030309 0.215405 0.556308
v 0.030309 0.215405 0.556308
v 0.117340 0.200899 0.565979
v 0.039977 0.210570 0.561144
v 0.039977 0.210570 0.561144
v 0.117340 0.200899 0.565979
v 0.049650 0.200899 0.565979
v 0.049650 0.200899 0.565979
v 0.117340 0.200899 0.565979
v 0.049650 0.196063 0.570815
v 0.025470 0.278263 0.517627
v 0.078659 0.254086 0.532132
v 0.098000 0.239581 0.541803
v 0.039977 0.273428 0.522462
v 0.059318 0.263757 0.527297
v 0.078659 0.254086 0.532132
v 0.025470 0.278263 0.517627
v 0.039977 0.273428 0.522462
v 0.078659 0.254086 0.532132
v -0.027713 0.491015 0.382239
v 0.025470 0.447498 0.411250
v 0.020636 0.432991 0.416086
v -0.032552 0.500686 0.377404
v -0.027713 0.491015 0.382239
v 0.020636 0.432991 0.416086
v -0.018045 0.486179 0.382239
v 0.039977 0.457168 0.401580
v 0.025470 0.447498 0.411250
v -0.027713 0.491015 0.382239
v -0.018045 0.486179 0.382239
v 0.025470 0.447498 0.411250
v -0.008372 0.486179 0.387074
v 0.059318 0.471674 0.396745
v 0.039977 0.457168 0.401580
v -0.018045 0.486179 0.382239
v -0.008372 0.486179 0.387074
v 0.039977 0.457168 0.401580
v 0.073825 0.486179 0.382239
v 0.059318 0.471674 0.396745
v 0.006129 0.486179 0.387074
v 0.006129 0.486179 0.387074
v 0.059318 0.471674 0.396745
v -0.008372 0.486179 0.387074
v 0.030309 0.500686 0.377404
v 0.073825 0.486179 0.382239
v 0.025470 0.495850 0.377404
v 0.025470 0.495850 0.377404
v 0.073825 0.486179 0.382239
v 0.015802 0.486179 0.382239
v 0.015802 0.486179 0.382239
v 0.073825 0.486179 0.382239
v 0.006129 0.486179 0.387074
v 0.078659 0.529697 0.358062
v 0.078659 0.510356 0.372569
v 0.030309 0.529697 0.358062
v 0.030309 0.529697 0.358062
v 0.078659 0.510356 0.372569
v 0.035143 0.520026 0.362898
v 0.035143 0.520026 0.362898
v 0.078659 0.510356 0.372569
v 0.035143 0.510356 0.367733
v 0.073825 0.486179 0.382239
v 0.030309 0.500686 0.377404
v 0.078659 0.510356 0.372569
v 0.035143 0.510356 0.367733
v 0.068991 0.549038 0.343557
v 0.078659 0.529697 0.358062
v 0.001295 0.544203 0.348392
v 0.001295 0.544203 0.348392
v 0.078659 0.529697 0.358062
v 0.015802 0.539368 0.348392
v 0.015802 0.539368 0.348392
v 0.078659 0.529697 0.358062
v 0.020636 0.534532 0.353227
v 0.020636 0.534532 0.353227
v 0.078659 0.529697 0.358062
v 0.030309 0.529697 0.358062
v -0.153431 -0.118229 -0.430086
v -0.138924 -0.326146 -0.294699
v -0.129256 -0.330981 -0.294699
v -0.153431 -0.118229 -0.430086
v -0.129256 -0.330981 -0.294699
v -0.114749 -0.335816 -0.289864
v -0.138924 -0.350322 -0.328545
v 0.001295 -0.350322 -0.328545
v -0.129256 -0.350322 -0.328545
v -0.129256 -0.350322 -0.328545
v -0.008372 -0.355157 -0.323710
v -0.114749 -0.359993 -0.323710
v 0.001295 -0.350322 -0.328545
v -0.008372 -0.355157 -0.323710
v -0.129256 -0.350322 -0.328545
v -0.216292 -0.161746 -0.449427
v 0.010968 -0.345486 -0.333381
v -0.138924 -0.350322 -0.328545
v 0.010968 -0.345486 -0.333381
v 0.001295 -0.350322 -0.328545
v -0.138924 -0.350322 -0.328545
v -0.167938 -0.132735 -0.420415
v -0.182445 -0.137570 -0.415580
v -0.138924 -0.326146 -0.294699
v -0.153431 -0.118229 -0.430086
v -0.167938 -0.132735 -0.420415
v -0.138924 -0.326146 -0.294699
v -0.066400 0.007488 -0.507450
v -0.114749 -0.335816 -0.289864
v -0.061561 -0.403510 -0.251181
v -0.066400 0.007488 -0.507450
v -0.153431 -0.118229 -0.430086
v -0.114749 -0.335816 -0.289864
v -0.114749 -0.359993 -0.323710
v 0.010968 -0.398675 -0.294699
v -0.061561 -0.422851 -0.285028
v -0.114749 -0.359993 -0.323710
v 0.001295 -0.398675 -0.299534
v 0.010968 -0.398675 -0.294699
v -0.114749 -0.359993 -0.323710
v -0.008372 -0.389004 -0.304369
v 0.001295 -0.398675 -0.299534
v -0.114749 -0.359993 -0.323710
v -0.013211 -0.384169 -0.309204
v -0.008372 -0.389004 -0.304369
v -0.114749 -0.359993 -0.323710
v -0.013211 -0.374498 -0.314040
v -0.013211 -0.384169 -0.309204
v -0.114749 -0.359993 -0.323710
v -0.013211 -0.364828 -0.318875
v -0.013211 -0.374498 -0.314040
v -0.008372 -0.355157 -0.323710
v -0.013211 -0.364828 -0.318875
v -0.114749 -0.359993 -0.323710
v -0.061561 -0.422851 -0.285028
v 0.098000 -0.427686 -0.280193
v -0.042220 -0.437357 -0.270522
v 0.112506 -0.408345 -0.294699
v 0.098000 -0.427686 -0.280193
v -0.061561 -0.422851 -0.285028
v 0.020636 -0.403510 -0.294699
v 0.112506 -0.408345 -0.294699
v -0.061561 -0.422851 -0.285028
v 0.010968 -0.398675 -0.294699
v 0.020636 -0.403510 -0.294699
v -0.061561 -0.422851 -0.285028
v -0.056727 0.021994 -0.517121
v -0.061561 -0.403510 -0.251181
v -0.042220 -0.418016 -0.236676
v -0.056727 0.021994 -0.517121
v -0.066400 0.007488 -0.507450
v -0.061561 -0.403510 -0.251181
v 0.010968 0.021994 -0.560638
v 0.035143 0.012323 -0.560638
v -0.018045 0.017158 -0.560638
v -0.018045 0.017158 -0.560638
v 0.035143 0.012323 -0.560638
v -0.037386 0.012323 -0.555803
v 0.035143 0.012323 -0.560638
v 0.054484 0.002653 -0.550968
v -0.037386 0.012323 -0.555803
v -0.056727 -0.002182 -0.550968
v 0.068991 -0.011853 -0.541297
v -0.066400 -0.011853 -0.541297
v -0.037386 0.012323 -0.555803
v 0.054484 0.002653 -0.550968
v -0.056727 -0.002182 -0.550968
v 0.068991 -0.011853 -0.541297
v -0.066400 -0.011853 -0.541297
v 0.020636 -0.127900 -0.468768
v -0.153431 -0.142405 -0.463933
v -0.066400 -0.011853 -0.541297
v -0.027713 -0.060206 -0.512285
v 0.020636 -0.127900 -0.468768
v 0.068991 -0.011853 -0.541297
v 0.006129 -0.016688 -0.541297
v -0.066400 -0.011853 -0.541297
v -0.066400 -0.011853 -0.541297
v 0.006129 -0.016688 -0.541297
v -0.003539 -0.016688 -0.536462
v -0.066400 -0.011853 -0.541297
v -0.032552 -0.055370 -0.517121
v -0.027713 -0.060206 -0.512285
v -0.066400 -0.011853 -0.541297
v -0.032552 -0.045700 -0.521957
v -0.032552 -0.055370 -0.517121
v -0.066400 -0.011853 -0.541297
v -0.027713 -0.036030 -0.526792
v -0.032552 -0.045700 -0.521957
v -0.066400 -0.011853 -0.541297
v -0.022879 -0.026359 -0.531627
v -0.027713 -0.036030 -0.526792
v -0.066400 -0.011853 -0.541297
v -0.013211 -0.021523 -0.536462
v -0.022879 -0.026359 -0.531627
v -0.066400 -0.011853 -0.541297
v -0.003539 -0.016688 -0.536462
v -0.013211 -0.021523 -0.536462
v -0.153431 -0.142405 -0.463933
v 0.020636 -0.142405 -0.459098
v -0.167938 -0.152076 -0.454262
v 0.020636 -0.127900 -0.468768
v 0.020636 -0.142405 -0.459098
v -0.153431 -0.142405 -0.463933
v -0.167938 -0.152076 -0.454262
v 0.020636 -0.268123 -0.381734
v -0.182445 -0.161746 -0.449427
v 0.020636 -0.142405 -0.459098
v 0.020636 -0.268123 -0.381734
v -0.167938 -0.152076 -0.454262
v -0.182445 -0.161746 -0.449427
v 0.020636 -0.268123 -0.381734
v -0.196952 -0.161746 -0.449427
v -0.216292 -0.161746 -0.449427
v -0.196952 -0.161746 -0.449427
v 0.020636 -0.268123 -0.381734
v -0.216292 -0.161746 -0.449427
v 0.102838 -0.321310 -0.347887
v 0.112506 -0.340651 -0.333381
v -0.216292 -0.161746 -0.449427
v 0.112506 -0.340651 -0.333381
v 0.020636 -0.345486 -0.333381
v -0.216292 -0.161746 -0.449427
v 0.030309 -0.287463 -0.367227
v 0.102838 -0.321310 -0.347887
v -0.216292 -0.161746 -0.449427
v 0.025470 -0.277793 -0.376899
v 0.030309 -0.287463 -0.367227
v -0.216292 -0.161746 -0.449427
v 0.020636 -0.268123 -0.381734
v 0.025470 -0.277793 -0.376899
v -0.216292 -0.161746 -0.449427
v 0.020636 -0.345486 -0.333381
v 0.010968 -0.345486 -0.333381
v 0.098000 -0.427686 -0.280193
v 0.078659 -0.442192 -0.270522
v -0.042220 -0.437357 -0.270522
v -0.018045 -0.451863 -0.265687
v 0.059318 -0.451863 -0.265687
v 0.006129 -0.456698 -0.260852
v -0.042220 -0.437357 -0.270522
v 0.078659 -0.442192 -0.270522
v -0.018045 -0.451863 -0.265687
v 0.059318 -0.451863 -0.265687
v 0.059318 -0.451863 -0.265687
v 0.030309 -0.456698 -0.260852
v 0.006129 -0.456698 -0.260852
v 0.030309 -0.437357 -0.227005
v 0.006129 -0.456698 -0.260852
v 0.030309 -0.456698 -0.260852
v 0.006129 -0.437357 -0.227005
v 0.006129 -0.456698 -0.260852
v 0.030309 -0.437357 -0.227005
v 0.059318 -0.427686 -0.231840
v 0.030309 -0.456698 -0.260852
v 0.059318 -0.451863 -0.265687
v 0.059318 -0.427686 -0.231840
v 0.030309 -0.437357 -0.227005
v 0.030309 -0.456698 -0.260852
v 0.078659 -0.442192 -0.270522
v 0.078659 -0.418016 -0.236676
v 0.059318 -0.451863 -0.265687
v 0.059318 -0.427686 -0.231840
v 0.098000 -0.403510 -0.246346
v 0.078659 -0.442192 -0.270522
v 0.098000 -0.427686 -0.280193
v 0.098000 -0.403510 -0.246346
v 0.078659 -0.418016 -0.236676
v 0.078659 -0.442192 -0.270522
v 0.112506 -0.384169 -0.260852
v 0.098000 -0.427686 -0.280193
v 0.112506 -0.408345 -0.294699
v 0.112506 -0.384169 -0.260852
v 0.098000 -0.403510 -0.246346
v 0.098000 -0.427686 -0.280193
v 0.117340 -0.384169 -0.304369
v 0.112506 -0.408345 -0.294699
v 0.049650 -0.389004 -0.304369
v 0.117340 -0.364828 -0.270522
v 0.112506 -0.408345 -0.294699
v 0.117340 -0.384169 -0.304369
v 0.049650 -0.389004 -0.304369
v 0.112506 -0.408345 -0.294699
v 0.039977 -0.398675 -0.299534
v 0.039977 -0.398675 -0.299534
v 0.112506 -0.408345 -0.294699
v 0.030309 -0.398675 -0.294699
v 0.030309 -0.398675 -0.294699
v 0.112506 -0.408345 -0.294699
v 0.020636 -0.403510 -0.294699
v 0.117340 -0.364828 -0.270522
v 0.112506 -0.384169 -0.260852
v 0.112506 -0.408345 -0.294699
v 0.122179 -0.364828 -0.318875
v 0.117340 -0.384169 -0.304369
v 0.054484 -0.364828 -0.318875
v 0.122179 -0.340651 -0.285028
v 0.117340 -0.384169 -0.304369
v 0.122179 -0.364828 -0.318875
v 0.054484 -0.364828 -0.318875
v 0.117340 -0.384169 -0.304369
v 0.054484 -0.374498 -0.314040
v 0.054484 -0.374498 -0.314040
v 0.117340 -0.384169 -0.304369
v 0.054484 -0.384169 -0.309204
v 0.054484 -0.384169 -0.309204
v 0.117340 -0.384169 -0.304369
v 0.049650 -0.389004 -0.304369
v 0.122179 -0.340651 -0.285028
v 0.117340 -0.364828 -0.270522
v 0.117340 -0.384169 -0.304369
v 0.112506 -0.340651 -0.333381
v 0.122179 -0.364828 -0.318875
v 0.030309 -0.345486 -0.333381
v 0.030309 -0.345486 -0.333381
v 0.122179 -0.364828 -0.318875
v 0.039977 -0.350322 -0.328545
v 0.039977 -0.350322 -0.328545
v 0.122179 -0.364828 -0.318875
v 0.049650 -0.355157 -0.323710
v 0.049650 -0.355157 -0.323710
v 0.122179 -0.364828 -0.318875
v 0.054484 -0.364828 -0.318875
v 0.112506 -0.340651 -0.333381
v 0.030309 -0.345486 -0.333381
v 0.020636 -0.345486 -0.333381
v 0.030309 -0.287463 -0.367227
v 0.083498 -0.306805 -0.357557
v 0.102838 -0.321310 -0.347887
v 0.044816 -0.292299 -0.367227
v 0.064157 -0.297134 -0.362392
v 0.083498 -0.306805 -0.357557
v 0.030309 -0.287463 -0.367227
v 0.044816 -0.292299 -0.367227
v 0.083498 -0.306805 -0.357557
v -0.022879 -0.069876 -0.507450
v 0.030309 -0.113393 -0.478439
v 0.020636 -0.127900 -0.468768
v 0.030309 -0.094053 -0.444592
v 0.020636 -0.127900 -0.468768
v 0.030309 -0.113393 -0.478439
v -0.027713 -0.060206 -0.512285
v -0.022879 -0.069876 -0.507450
v 0.020636 -0.127900 -0.468768
v 0.030309 -0.094053 -0.444592
v 0.020636 -0.108558 -0.434922
v 0.020636 -0.127900 -0.468768
v -0.013211 -0.074712 -0.502615
v 0.044816 -0.103723 -0.483274
v 0.030309 -0.113393 -0.478439
v 0.044816 -0.084382 -0.449427
v 0.030309 -0.113393 -0.478439
v 0.044816 -0.103723 -0.483274
v -0.022879 -0.069876 -0.507450
v -0.013211 -0.074712 -0.502615
v 0.030309 -0.113393 -0.478439
v 0.044816 -0.084382 -0.449427
v 0.030309 -0.094053 -0.444592
v 0.030309 -0.113393 -0.478439
v -0.003539 -0.074712 -0.502615
v 0.064157 -0.094053 -0.492945
v 0.044816 -0.103723 -0.483274
v 0.064157 -0.069876 -0.459098
v 0.044816 -0.103723 -0.483274
v 0.064157 -0.094053 -0.492945
v -0.013211 -0.074712 -0.502615
v -0.003539 -0.074712 -0.502615
v 0.044816 -0.103723 -0.483274
v 0.064157 -0.069876 -0.459098
v 0.044816 -0.084382 -0.449427
v 0.044816 -0.103723 -0.483274
v 0.078659 -0.074712 -0.502615
v 0.064157 -0.094053 -0.492945
v 0.010968 -0.074712 -0.502615
v 0.010968 -0.074712 -0.502615
v 0.064157 -0.094053 -0.492945
v -0.003539 -0.074712 -0.502615
v 0.083498 -0.055370 -0.517121
v 0.078659 -0.074712 -0.502615
v 0.035143 -0.060206 -0.512285
v 0.035143 -0.060206 -0.512285
v 0.078659 -0.074712 -0.502615
v 0.025470 -0.069876 -0.507450
v 0.025470 -0.069876 -0.507450
v 0.078659 -0.074712 -0.502615
v 0.020636 -0.074712 -0.502615
v 0.020636 -0.074712 -0.502615
v 0.078659 -0.074712 -0.502615
v 0.010968 -0.074712 -0.502615
v 0.078659 -0.031194 -0.531627
v 0.083498 -0.055370 -0.517121
v 0.035143 -0.036030 -0.526792
v 0.035143 -0.036030 -0.526792
v 0.083498 -0.055370 -0.517121
v 0.035143 -0.040865 -0.521957
v 0.035143 -0.040865 -0.521957
v 0.083498 -0.055370 -0.517121
v 0.035143 -0.050535 -0.517121
v 0.035143 -0.050535 -0.517121
v 0.083498 -0.055370 -0.517121
v 0.035143 -0.060206 -0.512285
v 0.068991 -0.011853 -0.541297
v 0.078659 -0.031194 -0.531627
v 0.006129 -0.016688 -0.541297
v 0.006129 -0.016688 -0.541297
v 0.078659 -0.031194 -0.531627
v 0.015802 -0.021523 -0.536462
v 0.015802 -0.021523 -0.536462
v 0.078659 -0.031194 -0.531627
v 0.025470 -0.026359 -0.531627
v 0.025470 -0.026359 -0.531627
v 0.078659 -0.031194 -0.531627
v 0.035143 -0.036030 -0.526792
v 0.010968 0.041335 -0.526792
v 0.035143 -0.011853 -0.492945
v 0.035143 0.036500 -0.526792
v 0.035143 0.036500 -0.526792
v 0.044816 -0.084382 -0.449427
v 0.054484 0.026829 -0.517121
v 0.035143 0.036500 -0.526792
v 0.035143 -0.021523 -0.488109
v 0.044816 -0.084382 -0.449427
v 0.035143 0.036500 -0.526792
v 0.035143 -0.011853 -0.492945
v 0.035143 -0.021523 -0.488109
v 0.010968 0.041335 -0.526792
v -0.018045 0.041335 -0.526792
v 0.006129 0.002653 -0.507450
v 0.010968 0.041335 -0.526792
v 0.006129 0.002653 -0.507450
v 0.015802 0.002653 -0.502615
v 0.010968 0.041335 -0.526792
v 0.015802 0.002653 -0.502615
v 0.025470 -0.007018 -0.497780
v 0.010968 0.041335 -0.526792
v 0.025470 -0.007018 -0.497780
v 0.035143 -0.011853 -0.492945
v 0.054484 0.026829 -0.517121
v 0.064157 -0.069876 -0.459098
v 0.068991 0.007488 -0.507450
v 0.054484 0.026829 -0.517121
v 0.044816 -0.084382 -0.449427
v 0.064157 -0.069876 -0.459098
v 0.068991 0.007488 -0.507450
v 0.073825 -0.050535 -0.468768
v 0.078659 -0.011853 -0.497780
v 0.068991 0.007488 -0.507450
v 0.064157 -0.069876 -0.459098
v 0.073825 -0.050535 -0.468768
v 0.078659 -0.011853 -0.497780
v 0.073825 -0.050535 -0.468768
v 0.083498 -0.031194 -0.483274
v 0.035143 -0.040865 -0.478439
v 0.030309 -0.094053 -0.444592
v 0.044816 -0.084382 -0.449427
v 0.035143 -0.031194 -0.483274
v 0.035143 -0.040865 -0.478439
v 0.044816 -0.084382 -0.449427
v 0.035143 -0.021523 -0.488109
v 0.035143 -0.031194 -0.483274
v 0.044816 -0.084382 -0.449427
v 0.025470 -0.045700 -0.473604
v 0.020636 -0.108558 -0.434922
v 0.030309 -0.094053 -0.444592
v 0.035143 -0.040865 -0.478439
v 0.025470 -0.045700 -0.473604
v 0.030309 -0.094053 -0.444592
v 0.020636 -0.050535 -0.468768
v 0.020636 -0.118229 -0.425251
v 0.020636 -0.108558 -0.434922
v 0.025470 -0.045700 -0.473604
v 0.020636 -0.050535 -0.468768
v 0.020636 -0.108558 -0.434922
v 0.020636 -0.050535 -0.468768
v 0.020636 -0.243946 -0.347887
v 0.020636 -0.118229 -0.425251
v 0.020636 -0.243946 -0.347887
v 0.030309 -0.321310 -0.299534
v 0.025470 -0.253616 -0.343051
v 0.020636 -0.050535 -0.468768
v 0.020636 -0.321310 -0.299534
v 0.020636 -0.243946 -0.347887
v 0.020636 -0.243946 -0.347887
v 0.020636 -0.321310 -0.299534
v 0.030309 -0.321310 -0.299534
v 0.025470 -0.253616 -0.343051
v 0.030309 -0.321310 -0.299534
v 0.030309 -0.263287 -0.338216
v 0.030309 -0.263287 -0.338216
v 0.039977 -0.326146 -0.294699
v 0.044816 -0.268123 -0.333381
v 0.030309 -0.263287 -0.338216
v 0.030309 -0.321310 -0.299534
v 0.039977 -0.326146 -0.294699
v 0.044816 -0.268123 -0.333381
v 0.054484 -0.350322 -0.280193
v 0.064157 -0.277793 -0.328545
v 0.044816 -0.268123 -0.333381
v 0.054484 -0.340651 -0.285028
v 0.054484 -0.350322 -0.280193
v 0.044816 -0.268123 -0.333381
v 0.049650 -0.335816 -0.289864
v 0.054484 -0.340651 -0.285028
v 0.044816 -0.268123 -0.333381
v 0.039977 -0.326146 -0.294699
v 0.049650 -0.335816 -0.289864
v 0.064157 -0.277793 -0.328545
v 0.078659 -0.418016 -0.236676
v 0.083498 -0.287463 -0.323710
v 0.064157 -0.277793 -0.328545
v 0.059318 -0.427686 -0.231840
v 0.078659 -0.418016 -0.236676
v 0.064157 -0.277793 -0.328545
v 0.054484 -0.350322 -0.280193
v 0.059318 -0.427686 -0.231840
v 0.083498 -0.287463 -0.323710
v 0.098000 -0.403510 -0.246346
v 0.102838 -0.301969 -0.314040
v 0.083498 -0.287463 -0.323710
v 0.078659 -0.418016 -0.236676
v 0.098000 -0.403510 -0.246346
v 0.102838 -0.301969 -0.314040
v 0.112506 -0.384169 -0.260852
v 0.112506 -0.321310 -0.299534
v 0.102838 -0.301969 -0.314040
v 0.098000 -0.403510 -0.246346
v 0.112506 -0.384169 -0.260852
v 0.112506 -0.321310 -0.299534
v 0.117340 -0.364828 -0.270522
v 0.122179 -0.340651 -0.285028
v 0.112506 -0.321310 -0.299534
v 0.112506 -0.384169 -0.260852
v 0.117340 -0.364828 -0.270522
v 0.039977 -0.374498 -0.265687
v 0.030309 -0.437357 -0.227005
v 0.059318 -0.427686 -0.231840
v 0.049650 -0.369663 -0.270522
v 0.039977 -0.374498 -0.265687
v 0.059318 -0.427686 -0.231840
v 0.054484 -0.359993 -0.275357
v 0.049650 -0.369663 -0.270522
v 0.059318 -0.427686 -0.231840
v 0.054484 -0.350322 -0.280193
v 0.054484 -0.359993 -0.275357
v 0.059318 -0.427686 -0.231840
v 0.010968 -0.379333 -0.260852
v 0.006129 -0.437357 -0.227005
v 0.030309 -0.437357 -0.227005
v 0.010968 -0.379333 -0.260852
v 0.030309 -0.437357 -0.227005
v 0.020636 -0.379333 -0.260852
v 0.030309 -0.379333 -0.260852
v 0.020636 -0.379333 -0.260852
v 0.030309 -0.437357 -0.227005
v 0.039977 -0.374498 -0.265687
v 0.030309 -0.379333 -0.260852
v 0.030309 -0.437357 -0.227005
v -0.013211 -0.359993 -0.275357
v -0.018045 -0.427686 -0.231840
v 0.006129 -0.437357 -0.227005
v -0.013211 -0.359993 -0.275357
v 0.006129 -0.437357 -0.227005
v -0.008372 -0.369663 -0.270522
v -0.008372 -0.369663 -0.270522
v 0.006129 -0.437357 -0.227005
v 0.001295 -0.374498 -0.265687
v 0.001295 -0.374498 -0.265687
v 0.006129 -0.437357 -0.227005
v 0.010968 -0.379333 -0.260852
v -0.037386 0.031665 -0.521957
v -0.042220 -0.418016 -0.236676
v -0.018045 -0.427686 -0.231840
v -0.037386 0.031665 -0.521957
v -0.018045 -0.427686 -0.231840
v -0.032552 -0.031194 -0.483274
v -0.032552 -0.031194 -0.483274
v -0.018045 -0.427686 -0.231840
v -0.027713 -0.040865 -0.478439
v -0.027713 -0.040865 -0.478439
v -0.018045 -0.427686 -0.231840
v -0.022879 -0.045700 -0.473604
v -0.022879 -0.045700 -0.473604
v -0.018045 -0.427686 -0.231840
v -0.013211 -0.350322 -0.280193
v -0.013211 -0.350322 -0.280193
v -0.018045 -0.427686 -0.231840
v -0.013211 -0.359993 -0.275357
v -0.037386 0.031665 -0.521957
v -0.056727 0.021994 -0.517121
v -0.042220 -0.418016 -0.236676
v -0.018045 0.041335 -0.526792
v -0.037386 0.031665 -0.521957
v -0.022879 -0.007018 -0.497780
v -0.018045 0.041335 -0.526792
v -0.003539 0.002653 -0.502615
v 0.006129 0.002653 -0.507450
v -0.018045 0.041335 -0.526792
v -0.013211 -0.002182 -0.502615
v -0.003539 0.002653 -0.502615
v -0.018045 0.041335 -0.526792
v -0.022879 -0.007018 -0.497780
v -0.013211 -0.002182 -0.502615
v -0.037386 0.031665 -0.521957
v -0.027713 -0.011853 -0.492945
v -0.022879 -0.007018 -0.497780
v -0.037386 0.031665 -0.521957
v -0.032552 -0.021523 -0.488109
v -0.027713 -0.011853 -0.492945
v -0.037386 0.031665 -0.521957
v -0.032552 -0.031194 -0.483274
v -0.032552 -0.021523 -0.488109
v -0.022879 -0.045700 -0.473604
v -0.013211 -0.340651 -0.285028
v -0.013211 -0.055370 -0.468768
v -0.022879 -0.045700 -0.473604
v -0.013211 -0.350322 -0.280193
v -0.013211 -0.340651 -0.285028
v -0.013211 -0.055370 -0.468768
v -0.008372 -0.335816 -0.289864
v -0.003539 -0.055370 -0.468768
v -0.013211 -0.055370 -0.468768
v -0.013211 -0.340651 -0.285028
v -0.008372 -0.335816 -0.289864
v 0.010968 -0.055370 -0.468768
v -0.003539 -0.055370 -0.468768
v 0.001295 -0.326146 -0.294699
v -0.003539 -0.055370 -0.468768
v -0.008372 -0.335816 -0.289864
v 0.001295 -0.326146 -0.294699
v 0.020636 -0.050535 -0.468768
v 0.010968 -0.055370 -0.468768
v 0.010968 -0.321310 -0.299534
v 0.010968 -0.055370 -0.468768
v 0.001295 -0.326146 -0.294699
v 0.010968 -0.321310 -0.299534
v 0.020636 -0.050535 -0.468768
v 0.010968 -0.321310 -0.299534
v 0.020636 -0.321310 -0.299534
v 0.064157 -0.156911 -0.594485
v 0.044816 -0.195593 -0.628332
v 0.064157 -0.181088 -0.638003
v 0.064157 -0.156911 -0.594485
v 0.044816 -0.171417 -0.584815
v 0.044816 -0.195593 -0.628332
v 0.078659 -0.137570 -0.604156
v 0.064157 -0.181088 -0.638003
v 0.078659 -0.166582 -0.647673
v 0.078659 -0.137570 -0.604156
v 0.064157 -0.156911 -0.594485
v 0.064157 -0.181088 -0.638003
v 0.083498 -0.118229 -0.618662
v 0.078659 -0.166582 -0.647673
v 0.083498 -0.142405 -0.662179
v 0.083498 -0.118229 -0.618662
v 0.078659 -0.137570 -0.604156
v 0.078659 -0.166582 -0.647673
v 0.078659 -0.094053 -0.633167
v 0.083498 -0.142405 -0.662179
v 0.083498 -0.123064 -0.671850
v 0.078659 -0.094053 -0.633167
v 0.083498 -0.118229 -0.618662
v 0.083498 -0.142405 -0.662179
v 0.528341 -0.214935 -0.125464
v 0.528341 -0.326146 -0.294699
v 0.571857 -0.214935 -0.125464
v 0.571857 -0.166582 -0.159311
v 0.528341 -0.214935 -0.125464
v 0.571857 -0.214935 -0.125464
v 0.528341 -0.031194 -0.246346
v 0.528341 -0.214935 -0.125464
v 0.567023 -0.031194 -0.246346
v 0.567023 -0.031194 -0.246346
v 0.528341 -0.214935 -0.125464
v 0.567023 -0.079547 -0.212499
v 0.567023 -0.079547 -0.212499
v 0.528341 -0.214935 -0.125464
v 0.596032 -0.079547 -0.212499
v 0.596032 -0.079547 -0.212499
v 0.528341 -0.214935 -0.125464
v 0.600871 -0.084382 -0.212499
v 0.600871 -0.084382 -0.212499
v 0.528341 -0.214935 -0.125464
v 0.571857 -0.166582 -0.159311
v 0.571857 -0.214935 -0.125464
v 0.533175 -0.543733 -0.642838
v 0.571857 -0.543733 -0.642838
v 0.571857 -0.214935 -0.125464
v 0.533175 -0.437357 -0.473604
v 0.533175 -0.543733 -0.642838
v 0.571857 -0.214935 -0.125464
v 0.528341 -0.326146 -0.294699
v 0.533175 -0.437357 -0.473604
v 0.528341 -0.326146 -0.294699
v 0.228556 -0.437357 -0.473604
v 0.533175 -0.437357 -0.473604
v 0.228556 -0.369663 -0.367227
v 0.228556 -0.437357 -0.473604
v 0.247897 -0.369663 -0.367227
v 0.528341 -0.326146 -0.294699
v 0.247897 -0.369663 -0.367227
v 0.228556 -0.437357 -0.473604
v 0.233390 -0.297134 -0.415580
v 0.228556 -0.369663 -0.367227
v 0.247897 -0.369663 -0.367227
v 0.223717 -0.292299 -0.420415
v 0.228556 -0.369663 -0.367227
v 0.223717 -0.292299 -0.420415
v 0.223717 -0.292299 -0.420415
v 0.209211 -0.374498 -0.367227
v 0.228556 -0.369663 -0.367227
v 0.223717 -0.292299 -0.420415
v 0.228556 -0.369663 -0.367227
v 0.233390 -0.297134 -0.415580
v 0.247897 -0.326146 -0.294699
v 0.247897 -0.369663 -0.367227
v 0.528341 -0.326146 -0.294699
v 0.243058 -0.306805 -0.405910
v 0.247897 -0.369663 -0.367227
v 0.247897 -0.321310 -0.401075
v 0.233390 -0.297134 -0.415580
v 0.247897 -0.369663 -0.367227
v 0.243058 -0.306805 -0.405910
v 0.020636 -0.229440 -0.459098
v 0.020636 -0.258452 -0.439757
v 0.044816 -0.330981 -0.391404
v 0.020636 -0.258452 -0.439757
v 0.015802 -0.272958 -0.430086
v 0.020636 -0.330981 -0.396239
v 0.020636 -0.258452 -0.439757
v 0.020636 -0.330981 -0.396239
v 0.044816 -0.330981 -0.391404
v 0.068991 -0.185923 -0.488109
v 0.020636 -0.229440 -0.459098
v 0.068991 -0.340651 -0.386569
v 0.020636 -0.229440 -0.459098
v 0.044816 -0.330981 -0.391404
v 0.068991 -0.340651 -0.386569
v 0.068991 -0.185923 -0.488109
v 0.194709 -0.379333 -0.362392
v 0.199543 -0.185923 -0.488109
v 0.068991 -0.185923 -0.488109
v 0.185036 -0.389004 -0.357557
v 0.194709 -0.379333 -0.362392
v 0.068991 -0.185923 -0.488109
v 0.160861 -0.418016 -0.338216
v 0.185036 -0.389004 -0.357557
v 0.068991 -0.185923 -0.488109
v 0.156027 -0.427686 -0.333381
v 0.160861 -0.418016 -0.338216
v 0.068991 -0.185923 -0.488109
v 0.146354 -0.451863 -0.314040
v 0.156027 -0.427686 -0.333381
v 0.068991 -0.185923 -0.488109
v 0.127013 -0.476039 -0.304369
v 0.146354 -0.451863 -0.314040
v 0.068991 -0.185923 -0.488109
v 0.102838 -0.398675 -0.352722
v 0.127013 -0.476039 -0.304369
v 0.068991 -0.185923 -0.488109
v 0.098000 -0.374498 -0.367227
v 0.102838 -0.398675 -0.352722
v 0.068991 -0.185923 -0.488109
v 0.083498 -0.355157 -0.376899
v 0.098000 -0.374498 -0.367227
v 0.068991 -0.185923 -0.488109
v 0.068991 -0.340651 -0.386569
v 0.083498 -0.355157 -0.376899
v 0.199543 -0.185923 -0.488109
v 0.209211 -0.374498 -0.367227
v 0.223717 -0.292299 -0.420415
v 0.199543 -0.185923 -0.488109
v 0.194709 -0.379333 -0.362392
v 0.209211 -0.374498 -0.367227
v 0.209211 -0.374498 -0.367227
v 0.194709 -0.379333 -0.362392
v 0.199543 -0.447028 -0.468768
v 0.209211 -0.374498 -0.367227
v 0.199543 -0.447028 -0.468768
v 0.209211 -0.442192 -0.473604
v 0.194709 -0.379333 -0.362392
v 0.185036 -0.389004 -0.357557
v 0.185036 -0.456698 -0.463933
v 0.194709 -0.379333 -0.362392
v 0.185036 -0.456698 -0.463933
v 0.199543 -0.447028 -0.468768
v 0.185036 -0.389004 -0.357557
v 0.160861 -0.418016 -0.338216
v 0.160861 -0.451863 -0.386569
v 0.185036 -0.389004 -0.357557
v 0.170529 -0.476039 -0.449427
v 0.185036 -0.456698 -0.463933
v 0.185036 -0.389004 -0.357557
v 0.170529 -0.442192 -0.396239
v 0.170529 -0.476039 -0.449427
v 0.185036 -0.389004 -0.357557
v 0.160861 -0.451863 -0.386569
v 0.170529 -0.442192 -0.396239
v 0.160861 -0.418016 -0.338216
v 0.156027 -0.427686 -0.333381
v 0.156027 -0.461533 -0.381734
v 0.160861 -0.418016 -0.338216
v 0.156027 -0.461533 -0.381734
v 0.160861 -0.451863 -0.386569
v 0.156027 -0.427686 -0.333381
v 0.146354 -0.451863 -0.314040
v 0.146354 -0.485709 -0.367227
v 0.156027 -0.427686 -0.333381
v 0.146354 -0.485709 -0.367227
v 0.156027 -0.461533 -0.381734
v 0.146354 -0.451863 -0.314040
v 0.127013 -0.476039 -0.304369
v 0.127013 -0.509886 -0.352722
v 0.146354 -0.451863 -0.314040
v 0.127013 -0.509886 -0.352722
v 0.146354 -0.485709 -0.367227
v 0.102838 -0.398675 -0.352722
v 0.102838 -0.495380 -0.289864
v 0.127013 -0.476039 -0.304369
v 0.127013 -0.476039 -0.304369
v 0.102838 -0.495380 -0.289864
v 0.102838 -0.524391 -0.343051
v 0.127013 -0.476039 -0.304369
v 0.102838 -0.524391 -0.343051
v 0.127013 -0.509886 -0.352722
v 0.083498 -0.437357 -0.328545
v 0.073825 -0.505051 -0.280193
v 0.102838 -0.495380 -0.289864
v 0.102838 -0.495380 -0.289864
v 0.073825 -0.505051 -0.280193
v 0.073825 -0.538898 -0.333381
v 0.098000 -0.418016 -0.338216
v 0.083498 -0.437357 -0.328545
v 0.102838 -0.495380 -0.289864
v 0.102838 -0.398675 -0.352722
v 0.098000 -0.418016 -0.338216
v 0.102838 -0.495380 -0.289864
v 0.102838 -0.495380 -0.289864
v 0.073825 -0.538898 -0.333381
v 0.102838 -0.524391 -0.343051
v 0.044816 -0.461533 -0.314040
v 0.039977 -0.514721 -0.280193
v 0.073825 -0.505051 -0.280193
v 0.073825 -0.505051 -0.280193
v 0.039977 -0.514721 -0.280193
v 0.039977 -0.543733 -0.328545
v 0.068991 -0.451863 -0.318875
v 0.044816 -0.461533 -0.314040
v 0.073825 -0.505051 -0.280193
v 0.083498 -0.437357 -0.328545
v 0.068991 -0.451863 -0.318875
v 0.073825 -0.505051 -0.280193
v 0.073825 -0.505051 -0.280193
v 0.039977 -0.543733 -0.328545
v 0.073825 -0.538898 -0.333381
v 0.020636 -0.466368 -0.309204
v 0.006129 -0.514721 -0.280193
v 0.039977 -0.514721 -0.280193
v 0.044816 -0.461533 -0.314040
v 0.020636 -0.466368 -0.309204
v 0.039977 -0.514721 -0.280193
v 0.006129 -0.514721 -0.280193
v 0.006129 -0.548568 -0.328545
v 0.039977 -0.514721 -0.280193
v 0.039977 -0.543733 -0.328545
v -0.042220 -0.437357 -0.328545
v -0.080902 -0.509886 -0.280193
v 0.006129 -0.514721 -0.280193
v -0.003539 -0.461533 -0.314040
v 0.006129 -0.514721 -0.280193
v 0.020636 -0.466368 -0.309204
v -0.027713 -0.451863 -0.318875
v 0.006129 -0.514721 -0.280193
v -0.003539 -0.461533 -0.314040
v -0.042220 -0.437357 -0.328545
v 0.006129 -0.514721 -0.280193
v -0.027713 -0.451863 -0.318875
v -0.196952 -0.200428 -0.478439
v -0.105081 -0.505051 -0.285028
v -0.080902 -0.509886 -0.280193
v -0.196952 -0.200428 -0.478439
v -0.080902 -0.509886 -0.280193
v -0.056727 -0.398675 -0.352722
v -0.056727 -0.398675 -0.352722
v -0.080902 -0.509886 -0.280193
v -0.056727 -0.418016 -0.338216
v -0.056727 -0.418016 -0.338216
v -0.080902 -0.509886 -0.280193
v -0.042220 -0.437357 -0.328545
v -0.196952 -0.200428 -0.478439
v -0.042220 -0.355157 -0.376899
v -0.042220 -0.287463 -0.420415
v -0.196952 -0.200428 -0.478439
v -0.056727 -0.374498 -0.367227
v -0.042220 -0.355157 -0.376899
v -0.196952 -0.200428 -0.478439
v -0.056727 -0.398675 -0.352722
v -0.056727 -0.374498 -0.367227
v -0.042220 -0.287463 -0.420415
v -0.027713 -0.340651 -0.386569
v -0.027713 -0.292299 -0.420415
v -0.042220 -0.287463 -0.420415
v -0.042220 -0.355157 -0.376899
v -0.027713 -0.340651 -0.386569
v -0.008372 -0.292299 -0.420415
v -0.027713 -0.292299 -0.420415
v -0.003539 -0.330981 -0.391404
v -0.027713 -0.292299 -0.420415
v -0.027713 -0.340651 -0.386569
v -0.003539 -0.330981 -0.391404
v 0.006129 -0.282628 -0.425251
v -0.008372 -0.292299 -0.420415
v -0.003539 -0.330981 -0.391404
v 0.015802 -0.272958 -0.430086
v 0.006129 -0.282628 -0.425251
v 0.020636 -0.330981 -0.396239
v 0.006129 -0.282628 -0.425251
v -0.003539 -0.330981 -0.391404
v 0.020636 -0.330981 -0.396239
v 0.600871 -0.084382 -0.212499
v 0.571857 -0.166582 -0.159311
v 0.600871 -0.161746 -0.159311
v 0.600871 -0.161746 -0.159311
v 0.571857 -0.166582 -0.159311
v 0.596032 -0.166582 -0.159311
v 0.243058 0.176723 0.493450
v 0.243058 0.128370 0.420921
v 0.528341 0.244416 0.599826
v 0.528341 0.133205 0.420921
v 0.528341 0.244416 0.599826
v 0.223717 0.176723 0.493450
v 0.243058 0.176723 0.493450
v 0.223717 0.239581 0.599826
v 0.223717 0.176723 0.493450
v 0.528341 0.244416 0.599826
v 0.223717 0.239581 0.599826
v 0.209211 0.171887 0.493450
v 0.223717 0.176723 0.493450
v 0.223717 0.239581 0.599826
v 0.204377 0.239581 0.599826
v 0.209211 0.171887 0.493450
v 0.523507 0.350792 0.769061
v 0.528341 0.244416 0.599826
v 0.567023 0.350792 0.769061
v 0.567023 0.350792 0.769061
v 0.528341 0.244416 0.599826
v 0.528341 0.133205 0.420921
v 0.567023 0.399145 0.735213
v 0.523507 0.350792 0.769061
v 0.567023 0.350792 0.769061
v 0.523507 0.534532 0.653014
v 0.523507 0.350792 0.769061
v 0.567023 0.534532 0.653014
v 0.567023 0.534532 0.653014
v 0.523507 0.350792 0.769061
v 0.567023 0.486179 0.682025
v 0.567023 0.486179 0.682025
v 0.523507 0.350792 0.769061
v 0.591198 0.486179 0.682025
v 0.591198 0.486179 0.682025
v 0.523507 0.350792 0.769061
v 0.596032 0.481344 0.686861
v 0.596032 0.481344 0.686861
v 0.523507 0.350792 0.769061
v 0.567023 0.399145 0.735213
v 0.567023 0.350792 0.769061
v 0.528341 0.021994 0.251687
v 0.567023 0.021994 0.251687
v 0.567023 0.350792 0.769061
v 0.528341 0.133205 0.420921
v 0.528341 0.021994 0.251687
v 0.596032 0.481344 0.686861
v 0.567023 0.399145 0.735213
v 0.596032 0.403980 0.735213
v 0.596032 0.403980 0.735213
v 0.567023 0.399145 0.735213
v 0.591198 0.399145 0.735213
v 0.204377 0.239581 0.599826
v 0.189870 0.234746 0.604661
v 0.194709 0.167052 0.498285
v 0.204377 0.239581 0.599826
v 0.194709 0.167052 0.498285
v 0.209211 0.171887 0.493450
v 0.189870 0.234746 0.604661
v 0.180202 0.225075 0.609497
v 0.180202 0.157381 0.503120
v 0.189870 0.234746 0.604661
v 0.180202 0.157381 0.503120
v 0.194709 0.167052 0.498285
v 0.180202 0.225075 0.609497
v 0.165695 0.205734 0.624002
v 0.165695 0.167052 0.565979
v 0.180202 0.225075 0.609497
v 0.156027 0.128370 0.522462
v 0.180202 0.157381 0.503120
v 0.180202 0.225075 0.609497
v 0.165695 0.167052 0.565979
v 0.156027 0.128370 0.522462
v 0.035143 0.065511 0.633673
v 0.006129 0.031665 0.585320
v 0.035143 0.031665 0.585320
v 0.035143 0.065511 0.633673
v 0.006129 0.060676 0.633673
v 0.006129 0.031665 0.585320
v 0.068991 0.070347 0.628838
v 0.035143 0.031665 0.585320
v 0.068991 0.036500 0.580485
v 0.068991 0.070347 0.628838
v 0.035143 0.065511 0.633673
v 0.035143 0.031665 0.585320
v 0.098000 0.084852 0.624002
v 0.068991 0.036500 0.580485
v 0.098000 0.051005 0.570815
v 0.098000 0.084852 0.624002
v 0.068991 0.070347 0.628838
v 0.068991 0.036500 0.580485
v 0.122179 0.104193 0.609497
v 0.098000 0.051005 0.570815
v 0.122179 0.070347 0.561144
v 0.122179 0.104193 0.609497
v 0.098000 0.084852 0.624002
v 0.098000 0.051005 0.570815
v 0.141520 0.123535 0.594991
v 0.122179 0.070347 0.561144
v 0.141520 0.094523 0.546638
v 0.141520 0.123535 0.594991
v 0.122179 0.104193 0.609497
v 0.122179 0.070347 0.561144
v 0.151188 0.152546 0.580485
v 0.141520 0.094523 0.546638
v 0.151188 0.118699 0.527297
v 0.151188 0.152546 0.580485
v 0.141520 0.123535 0.594991
v 0.141520 0.094523 0.546638
v 0.156027 0.157381 0.575650
v 0.151188 0.118699 0.527297
v 0.156027 0.128370 0.522462
v 0.156027 0.157381 0.575650
v 0.151188 0.152546 0.580485
v 0.151188 0.118699 0.527297
v 0.165695 0.167052 0.565979
v 0.156027 0.157381 0.575650
v 0.156027 0.128370 0.522462
v 0.015802 0.229910 0.401580
v 0.020636 0.220240 0.411250
v 0.020636 0.200899 0.377404
v 0.015802 0.229910 0.401580
v 0.020636 0.200899 0.377404
v 0.015802 0.210570 0.367733
v 0.015802 0.355628 0.324215
v 0.015802 0.229910 0.401580
v 0.015802 0.336286 0.290369
v 0.015802 0.210570 0.367733
v 0.098000 0.176723 0.440262
v 0.112506 0.157381 0.449933
v 0.112506 0.133205 0.416086
v 0.098000 0.176723 0.440262
v 0.112506 0.133205 0.416086
v 0.098000 0.152546 0.406415
v 0.112506 0.157381 0.449933
v 0.117340 0.133205 0.464438
v 0.117340 0.113864 0.430592
v 0.112506 0.157381 0.449933
v 0.117340 0.113864 0.430592
v 0.112506 0.133205 0.416086
v -0.047054 0.060676 0.512791
v -0.047054 0.036500 0.478944
v -0.022879 0.046170 0.522462
v -0.022879 0.046170 0.522462
v -0.047054 0.036500 0.478944
v -0.022879 0.026829 0.488615
v -0.061561 0.075182 0.503120
v -0.061561 0.051005 0.469274
v -0.047054 0.060676 0.512791
v -0.047054 0.060676 0.512791
v -0.061561 0.051005 0.469274
v -0.047054 0.036500 0.478944
v -0.119583 0.138040 0.459603
v -0.061561 0.051005 0.469274
v -0.061561 0.075182 0.503120
v -0.119583 0.138040 0.459603
v -0.119583 0.118699 0.425757
v -0.061561 0.051005 0.469274
v -0.071234 0.481344 0.242016
v -0.158270 0.336286 0.290369
v -0.158270 0.355628 0.324215
v -0.056727 0.495850 0.237181
v -0.056727 0.476509 0.203334
v -0.071234 0.481344 0.242016
v -0.071234 0.481344 0.242016
v -0.056727 0.476509 0.203334
v -0.071234 0.462003 0.208169
v -0.071234 0.481344 0.242016
v -0.071234 0.462003 0.208169
v -0.158270 0.336286 0.290369
v -0.042220 0.505521 0.227510
v -0.042220 0.486179 0.193664
v -0.056727 0.495850 0.237181
v -0.056727 0.495850 0.237181
v -0.042220 0.486179 0.193664
v -0.056727 0.476509 0.203334
v 0.006129 0.481344 0.246851
v 0.006129 0.457168 0.213004
v 0.015802 0.476509 0.246851
v 0.015802 0.476509 0.246851
v 0.015802 0.457168 0.213004
v 0.025470 0.471674 0.251687
v 0.015802 0.476509 0.246851
v 0.006129 0.457168 0.213004
v 0.015802 0.457168 0.213004
v 0.006129 0.481344 0.246851
v -0.008372 0.476509 0.246851
v -0.008372 0.457168 0.213004
v 0.006129 0.481344 0.246851
v -0.008372 0.457168 0.213004
v 0.006129 0.457168 0.213004
v -0.008372 0.476509 0.246851
v -0.018045 0.476509 0.246851
v -0.018045 0.452333 0.213004
v -0.008372 0.476509 0.246851
v -0.018045 0.452333 0.213004
v -0.008372 0.457168 0.213004
v -0.018045 0.476509 0.246851
v -0.027713 0.471674 0.251687
v -0.027713 0.447498 0.217840
v -0.018045 0.476509 0.246851
v -0.027713 0.447498 0.217840
v -0.018045 0.452333 0.213004
v -0.027713 0.471674 0.251687
v -0.032552 0.462003 0.256522
v -0.032552 0.442663 0.222675
v -0.027713 0.471674 0.251687
v -0.032552 0.442663 0.222675
v -0.027713 0.447498 0.217840
v -0.032552 0.462003 0.256522
v -0.037386 0.452333 0.261357
v -0.037386 0.432991 0.227510
v -0.032552 0.462003 0.256522
v -0.037386 0.432991 0.227510
v -0.032552 0.442663 0.222675
v -0.037386 0.452333 0.261357
v -0.037386 0.442663 0.266192
v -0.037386 0.423321 0.232346
v -0.037386 0.452333 0.261357
v -0.037386 0.423321 0.232346
v -0.037386 0.432991 0.227510
v -0.037386 0.442663 0.266192
v -0.032552 0.437827 0.275863
v -0.032552 0.413651 0.242016
v -0.037386 0.442663 0.266192
v -0.032552 0.413651 0.242016
v -0.037386 0.423321 0.232346
v 0.035143 0.457168 0.261357
v 0.035143 0.432991 0.227510
v 0.035143 0.447498 0.266192
v 0.035143 0.447498 0.266192
v 0.035143 0.432991 0.227510
v 0.035143 0.423321 0.232346
v 0.025470 0.471674 0.251687
v 0.025470 0.447498 0.217840
v 0.030309 0.462003 0.256522
v 0.030309 0.462003 0.256522
v 0.025470 0.447498 0.217840
v 0.030309 0.442663 0.222675
v 0.025470 0.471674 0.251687
v 0.015802 0.457168 0.213004
v 0.025470 0.447498 0.217840
v 0.015802 0.152546 0.454768
v 0.006129 0.152546 0.454768
v 0.006129 0.133205 0.420921
v 0.015802 0.152546 0.454768
v 0.015802 0.133205 0.420921
v 0.025470 0.152546 0.454768
v 0.015802 0.152546 0.454768
v 0.006129 0.133205 0.420921
v 0.015802 0.133205 0.420921
v 0.006129 0.152546 0.454768
v -0.003539 0.147711 0.454768
v -0.003539 0.128370 0.420921
v 0.006129 0.152546 0.454768
v -0.003539 0.128370 0.420921
v 0.006129 0.133205 0.420921
v -0.003539 0.147711 0.454768
v -0.013211 0.142876 0.459603
v -0.013211 0.118699 0.425757
v -0.003539 0.147711 0.454768
v -0.013211 0.118699 0.425757
v -0.003539 0.128370 0.420921
v -0.013211 0.142876 0.459603
v -0.018045 0.133205 0.464438
v -0.018045 0.113864 0.430592
v -0.013211 0.142876 0.459603
v -0.018045 0.113864 0.430592
v -0.013211 0.118699 0.425757
v -0.018045 0.133205 0.464438
v -0.018045 0.123535 0.469274
v -0.018045 0.104193 0.435427
v -0.018045 0.133205 0.464438
v -0.018045 0.104193 0.435427
v -0.018045 0.113864 0.430592
v -0.018045 0.123535 0.469274
v -0.018045 0.113864 0.478944
v -0.018045 0.094523 0.445097
v -0.018045 0.123535 0.469274
v -0.018045 0.094523 0.445097
v -0.018045 0.104193 0.435427
v 0.049650 0.133205 0.464438
v 0.049650 0.113864 0.430592
v 0.054484 0.123535 0.469274
v 0.054484 0.123535 0.469274
v 0.049650 0.113864 0.430592
v 0.054484 0.104193 0.435427
v 0.044816 0.142876 0.459603
v 0.044816 0.118699 0.425757
v 0.049650 0.133205 0.464438
v 0.049650 0.133205 0.464438
v 0.044816 0.118699 0.425757
v 0.049650 0.113864 0.430592
v 0.039977 0.147711 0.454768
v 0.039977 0.128370 0.420921
v 0.044816 0.142876 0.459603
v 0.044816 0.142876 0.459603
v 0.039977 0.128370 0.420921
v 0.044816 0.118699 0.425757
v 0.025470 0.152546 0.454768
v 0.030309 0.133205 0.420921
v 0.039977 0.147711 0.454768
v 0.039977 0.147711 0.454768
v 0.030309 0.133205 0.420921
v 0.039977 0.128370 0.420921
v 0.025470 0.152546 0.454768
v 0.015802 0.133205 0.420921
v 0.030309 0.133205 0.420921
v -0.018045 0.607061 0.367733
v -0.018045 0.578049 0.324215
v -0.042220 0.597391 0.372569
v 0.006129 0.607061 0.367733
v 0.006129 0.582885 0.324215
v -0.018045 0.607061 0.367733
v -0.018045 0.578049 0.324215
v -0.071234 0.573214 0.387074
v -0.158270 0.418486 0.425757
v -0.158270 0.447498 0.469274
v -0.056727 0.587720 0.377404
v -0.056727 0.563544 0.338722
v -0.071234 0.573214 0.387074
v -0.071234 0.573214 0.387074
v -0.056727 0.563544 0.338722
v -0.071234 0.549038 0.343557
v -0.071234 0.573214 0.387074
v -0.071234 0.549038 0.343557
v -0.158270 0.418486 0.425757
v -0.042220 0.597391 0.372569
v -0.042220 0.573214 0.329051
v -0.056727 0.587720 0.377404
v -0.056727 0.587720 0.377404
v -0.042220 0.573214 0.329051
v -0.056727 0.563544 0.338722
v -0.042220 0.597391 0.372569
v -0.018045 0.578049 0.324215
v -0.042220 0.573214 0.329051
v -0.037386 0.012323 -0.555803
v -0.037386 0.031665 -0.521957
v -0.018045 0.017158 -0.560638
v -0.018045 0.041335 -0.526792
v -0.056727 0.021994 -0.517121
v -0.037386 0.012323 -0.555803
v -0.056727 -0.002182 -0.550968
v -0.037386 0.031665 -0.521957
v -0.037386 0.012323 -0.555803
v -0.056727 0.021994 -0.517121
v -0.066400 0.007488 -0.507450
v -0.056727 -0.002182 -0.550968
v -0.066400 -0.011853 -0.541297
v -0.056727 0.021994 -0.517121
v -0.056727 -0.002182 -0.550968
v -0.066400 0.007488 -0.507450
v -0.066400 0.007488 -0.507450
v -0.066400 -0.011853 -0.541297
v -0.153431 -0.142405 -0.463933
v -0.167938 -0.132735 -0.420415
v -0.153431 -0.142405 -0.463933
v -0.167938 -0.152076 -0.454262
v -0.153431 -0.118229 -0.430086
v -0.153431 -0.142405 -0.463933
v -0.167938 -0.132735 -0.420415
v -0.066400 0.007488 -0.507450
v -0.153431 -0.142405 -0.463933
v -0.153431 -0.118229 -0.430086
v -0.182445 -0.137570 -0.415580
v -0.167938 -0.152076 -0.454262
v -0.182445 -0.161746 -0.449427
v -0.167938 -0.132735 -0.420415
v -0.167938 -0.152076 -0.454262
v -0.182445 -0.137570 -0.415580
v 0.102838 -0.301969 -0.314040
v 0.112506 -0.340651 -0.333381
v 0.102838 -0.321310 -0.347887
v 0.102838 -0.301969 -0.314040
v 0.112506 -0.321310 -0.299534
v 0.112506 -0.340651 -0.333381
v 0.015802 0.002653 -0.502615
v 0.006129 -0.016688 -0.541297
v 0.015802 -0.021523 -0.536462
v 0.006129 0.002653 -0.507450
v -0.003539 -0.016688 -0.536462
v 0.006129 -0.016688 -0.541297
v 0.006129 0.002653 -0.507450
v 0.006129 -0.016688 -0.541297
v 0.015802 0.002653 -0.502615
v 0.025470 -0.007018 -0.497780
v 0.015802 -0.021523 -0.536462
v 0.025470 -0.026359 -0.531627
v 0.015802 0.002653 -0.502615
v 0.015802 -0.021523 -0.536462
v 0.025470 -0.007018 -0.497780
v 0.035143 -0.011853 -0.492945
v 0.025470 -0.026359 -0.531627
v 0.035143 -0.036030 -0.526792
v 0.025470 -0.007018 -0.497780
v 0.025470 -0.026359 -0.531627
v 0.035143 -0.011853 -0.492945
v 0.035143 -0.021523 -0.488109
v 0.035143 -0.036030 -0.526792
v 0.035143 -0.040865 -0.521957
v 0.035143 -0.011853 -0.492945
v 0.035143 -0.036030 -0.526792
v 0.035143 -0.021523 -0.488109
v -0.022879 -0.045700 -0.473604
v -0.013211 -0.074712 -0.502615
v -0.022879 -0.069876 -0.507450
v -0.022879 -0.045700 -0.473604
v -0.013211 -0.055370 -0.468768
v -0.013211 -0.074712 -0.502615
v -0.003539 0.002653 -0.502615
v -0.013211 -0.021523 -0.536462
v -0.003539 -0.016688 -0.536462
v -0.003539 0.002653 -0.502615
v -0.013211 -0.002182 -0.502615
v -0.013211 -0.021523 -0.536462
v 0.006129 0.002653 -0.507450
v -0.003539 0.002653 -0.502615
v -0.003539 -0.016688 -0.536462
v -0.013211 -0.045700 -0.662179
v 0.010968 -0.069876 -0.705697
v -0.013211 -0.074712 -0.705697
v 0.010968 -0.045700 -0.662179
v 0.010968 -0.069876 -0.705697
v -0.013211 -0.045700 -0.662179
v -0.037386 -0.079547 -0.700861
v -0.037386 -0.055370 -0.657344
v -0.013211 -0.074712 -0.705697
v -0.013211 -0.045700 -0.662179
v -0.051893 -0.065041 -0.652508
v -0.037386 -0.079547 -0.700861
v -0.051893 -0.089217 -0.696026
v -0.037386 -0.055370 -0.657344
v -0.037386 -0.079547 -0.700861
v -0.051893 -0.065041 -0.652508
v -0.066400 -0.079547 -0.642838
v -0.051893 -0.089217 -0.696026
v -0.066400 -0.103723 -0.686355
v -0.051893 -0.065041 -0.652508
v -0.051893 -0.089217 -0.696026
v -0.066400 -0.079547 -0.642838
v -0.066400 -0.079547 -0.642838
v -0.066400 -0.103723 -0.686355
v -0.153431 -0.234276 -0.604156
v -0.163104 -0.214935 -0.555803
v -0.153431 -0.234276 -0.604156
v -0.163104 -0.243946 -0.599320
v -0.153431 -0.205264 -0.565474
v -0.153431 -0.234276 -0.604156
v -0.163104 -0.214935 -0.555803
v -0.066400 -0.079547 -0.642838
v -0.153431 -0.234276 -0.604156
v -0.153431 -0.205264 -0.565474
v -0.182445 -0.224605 -0.550968
v -0.163104 -0.243946 -0.599320
v -0.182445 -0.248781 -0.594485
v -0.163104 -0.214935 -0.555803
v -0.163104 -0.243946 -0.599320
v -0.182445 -0.224605 -0.550968
v -0.124422 -0.413181 -0.430086
v -0.138924 -0.437357 -0.473604
v -0.124422 -0.442192 -0.473604
v -0.138924 -0.413181 -0.430086
v -0.138924 -0.437357 -0.473604
v -0.124422 -0.413181 -0.430086
v -0.114749 -0.422851 -0.425251
v -0.124422 -0.442192 -0.473604
v -0.114749 -0.447028 -0.468768
v -0.124422 -0.413181 -0.430086
v -0.124422 -0.442192 -0.473604
v -0.114749 -0.422851 -0.425251
v -0.042220 -0.505051 -0.372063
v -0.056727 -0.514721 -0.425251
v -0.042220 -0.529227 -0.415580
v -0.061561 -0.485709 -0.386569
v -0.056727 -0.514721 -0.425251
v -0.042220 -0.505051 -0.372063
v -0.114749 -0.447028 -0.468768
v -0.056727 -0.514721 -0.425251
v -0.114749 -0.422851 -0.425251
v -0.061561 -0.485709 -0.386569
v -0.018045 -0.514721 -0.367227
v -0.042220 -0.529227 -0.415580
v -0.018045 -0.543733 -0.410745
v -0.042220 -0.505051 -0.372063
v -0.042220 -0.529227 -0.415580
v -0.018045 -0.514721 -0.367227
v 0.020636 -0.355157 -0.526792
v 0.020636 -0.330981 -0.483274
v 0.025470 -0.369663 -0.517121
v 0.025470 -0.340651 -0.478439
v 0.020636 -0.355157 -0.526792
v 0.020636 -0.234276 -0.604156
v 0.020636 -0.330981 -0.483274
v 0.020636 -0.205264 -0.560638
v 0.020636 -0.084382 -0.638003
v 0.006129 -0.108558 -0.681520
v 0.020636 -0.113393 -0.681520
v 0.006129 -0.084382 -0.638003
v 0.006129 -0.108558 -0.681520
v 0.020636 -0.084382 -0.638003
v 0.025470 -0.089217 -0.633167
v 0.020636 -0.113393 -0.681520
v 0.025470 -0.118229 -0.676685
v 0.020636 -0.084382 -0.638003
v 0.020636 -0.113393 -0.681520
v 0.025470 -0.089217 -0.633167
v 0.035143 -0.098888 -0.628332
v 0.025470 -0.118229 -0.676685
v 0.035143 -0.123064 -0.671850
v 0.025470 -0.089217 -0.633167
v 0.025470 -0.118229 -0.676685
v 0.035143 -0.098888 -0.628332
v 0.035143 -0.108558 -0.623497
v 0.035143 -0.123064 -0.671850
v 0.039977 -0.132735 -0.667015
v 0.035143 -0.098888 -0.628332
v 0.035143 -0.123064 -0.671850
v 0.035143 -0.108558 -0.623497
v 0.035143 -0.123064 -0.613827
v 0.039977 -0.142405 -0.662179
v 0.035143 -0.152076 -0.657344
v 0.039977 -0.118229 -0.618662
v 0.039977 -0.142405 -0.662179
v 0.035143 -0.123064 -0.613827
v -0.013211 -0.442192 -0.410745
v -0.008372 -0.476039 -0.449427
v -0.013211 -0.471204 -0.454262
v -0.013211 -0.442192 -0.410745
v -0.008372 -0.451863 -0.405910
v -0.008372 -0.476039 -0.449427
v -0.013211 -0.432521 -0.420415
v -0.013211 -0.471204 -0.454262
v -0.013211 -0.461533 -0.459098
v -0.013211 -0.432521 -0.420415
v -0.013211 -0.442192 -0.410745
v -0.013211 -0.471204 -0.454262
v -0.008372 -0.422851 -0.425251
v -0.013211 -0.461533 -0.459098
v -0.008372 -0.451863 -0.463933
v -0.008372 -0.422851 -0.425251
v -0.013211 -0.432521 -0.420415
v -0.013211 -0.461533 -0.459098
v -0.003539 -0.418016 -0.430086
v -0.008372 -0.451863 -0.463933
v -0.003539 -0.442192 -0.468768
v -0.003539 -0.418016 -0.430086
v -0.008372 -0.422851 -0.425251
v -0.008372 -0.451863 -0.463933
v 0.006129 -0.413181 -0.430086
v -0.003539 -0.442192 -0.468768
v 0.006129 -0.437357 -0.473604
v 0.006129 -0.413181 -0.430086
v -0.003539 -0.418016 -0.430086
v -0.003539 -0.442192 -0.468768
v 0.015802 -0.408345 -0.434922
v 0.006129 -0.437357 -0.473604
v 0.015802 -0.432521 -0.478439
v 0.015802 -0.408345 -0.434922
v 0.006129 -0.413181 -0.430086
v 0.006129 -0.437357 -0.473604
v 0.025470 -0.432521 -0.478439
v 0.025470 -0.408345 -0.434922
v 0.015802 -0.432521 -0.478439
v 0.015802 -0.408345 -0.434922
v 0.533175 -0.355157 -0.758885
v 0.571857 -0.543733 -0.642838
v 0.533175 -0.543733 -0.642838
v 0.533175 -0.355157 -0.758885
v 0.571857 -0.490544 -0.671850
v 0.571857 -0.543733 -0.642838
v 0.533175 -0.355157 -0.758885
v 0.533175 -0.543733 -0.642838
v 0.533175 -0.408345 -0.676685
v 0.533175 -0.408345 -0.676685
v 0.533175 -0.543733 -0.642838
v 0.533175 -0.432521 -0.671850
v 0.533175 -0.432521 -0.671850
v 0.533175 -0.543733 -0.642838
v 0.533175 -0.447028 -0.652508
v 0.533175 -0.447028 -0.652508
v 0.533175 -0.543733 -0.642838
v 0.533175 -0.451863 -0.633167
v 0.533175 -0.442192 -0.608991
v 0.533175 -0.451863 -0.633167
v 0.533175 -0.543733 -0.642838
v 0.533175 -0.427686 -0.594485
v 0.533175 -0.442192 -0.608991
v 0.533175 -0.543733 -0.642838
v 0.528341 -0.248781 -0.589650
v 0.533175 -0.403510 -0.589650
v 0.533175 -0.437357 -0.473604
v 0.533175 -0.543733 -0.642838
v 0.533175 -0.427686 -0.594485
v 0.170529 -0.137570 -0.415580
v 0.199543 -0.137570 -0.415580
v 0.199543 -0.161746 -0.449427
v 0.170529 -0.137570 -0.415580
v 0.199543 -0.161746 -0.449427
v 0.170529 -0.161746 -0.449427
v 0.199543 -0.127900 -0.420415
v 0.199543 -0.185923 -0.517121
v 0.199543 -0.137570 -0.415580
v 0.199543 -0.137570 -0.415580
v 0.199543 -0.185923 -0.517121
v 0.199543 -0.161746 -0.449427
v 0.204377 -0.123064 -0.425251
v 0.204377 -0.185923 -0.521957
v 0.199543 -0.127900 -0.420415
v 0.199543 -0.127900 -0.420415
v 0.204377 -0.185923 -0.521957
v 0.199543 -0.185923 -0.517121
v 0.020636 -0.229440 -0.459098
v 0.020636 -0.297134 -0.565474
v 0.020636 -0.258452 -0.439757
v 0.020636 -0.258452 -0.439757
v 0.020636 -0.297134 -0.565474
v 0.020636 -0.292299 -0.488109
v 0.199543 -0.161746 -0.449427
v 0.199543 -0.185923 -0.488109
v 0.223717 -0.292299 -0.420415
v 0.199543 -0.185923 -0.488109
v 0.199543 -0.185923 -0.517121
v 0.199543 -0.200428 -0.512285
v 0.199543 -0.161746 -0.449427
v 0.199543 -0.185923 -0.517121
v 0.199543 -0.185923 -0.488109
v 0.199543 -0.161746 -0.449427
v 0.223717 -0.292299 -0.420415
v 0.223717 -0.268123 -0.381734
v -0.196952 -0.200428 -0.478439
v -0.042220 -0.287463 -0.420415
v -0.196952 -0.234276 -0.526792
v -0.042220 -0.287463 -0.420415
v -0.027713 -0.292299 -0.420415
v -0.027713 -0.326146 -0.468768
v -0.042220 -0.287463 -0.420415
v -0.027713 -0.326146 -0.468768
v -0.042220 -0.321310 -0.473604
v -0.196952 -0.234276 -0.526792
v -0.042220 -0.287463 -0.420415
v -0.042220 -0.321310 -0.473604
v -0.008372 -0.292299 -0.420415
v -0.008372 -0.326146 -0.468768
v -0.027713 -0.292299 -0.420415
v -0.027713 -0.292299 -0.420415
v -0.008372 -0.326146 -0.468768
v -0.027713 -0.326146 -0.468768
v -0.056727 -0.374498 -0.367227
v -0.056727 -0.398675 -0.352722
v -0.056727 -0.422851 -0.396239
v -0.056727 -0.374498 -0.367227
v -0.056727 -0.422851 -0.396239
v -0.056727 -0.403510 -0.410745
v -0.056727 -0.398675 -0.352722
v -0.056727 -0.418016 -0.338216
v -0.056727 -0.447028 -0.381734
v -0.056727 -0.398675 -0.352722
v -0.056727 -0.447028 -0.381734
v -0.056727 -0.422851 -0.396239
v 0.020636 -0.297134 -0.565474
v 0.020636 -0.364828 -0.521957
v 0.020636 -0.326146 -0.468768
v 0.020636 -0.326146 -0.468768
v 0.020636 -0.364828 -0.521957
v 0.093166 -0.379333 -0.512285
v 0.020636 -0.297134 -0.565474
v 0.020636 -0.326146 -0.468768
v 0.020636 -0.292299 -0.488109
v 0.020636 -0.326146 -0.468768
v 0.093166 -0.379333 -0.512285
v 0.093166 -0.345486 -0.459098
v 0.093166 -0.345486 -0.459098
v 0.093166 -0.379333 -0.512285
v 0.107672 -0.350322 -0.454262
v 0.107672 -0.350322 -0.454262
v 0.093166 -0.379333 -0.512285
v 0.107672 -0.384169 -0.507450
v 0.122179 -0.359993 -0.449427
v 0.107672 -0.384169 -0.507450
v 0.122179 -0.393839 -0.502615
v 0.107672 -0.350322 -0.454262
v 0.107672 -0.384169 -0.507450
v 0.122179 -0.359993 -0.449427
v 0.127013 -0.403510 -0.492945
v 0.127013 -0.369663 -0.439757
v 0.122179 -0.393839 -0.502615
v 0.122179 -0.359993 -0.449427
v 0.131847 -0.384169 -0.430086
v 0.127013 -0.403510 -0.492945
v 0.131847 -0.418016 -0.488109
v 0.127013 -0.369663 -0.439757
v 0.127013 -0.403510 -0.492945
v 0.131847 -0.384169 -0.430086
v 0.528341 -0.248781 -0.589650
v 0.533175 -0.355157 -0.758885
v 0.533175 -0.389004 -0.671850
v 0.528341 -0.248781 -0.589650
v 0.533175 -0.384169 -0.599320
v 0.533175 -0.403510 -0.589650
v 0.528341 -0.248781 -0.589650
v 0.533175 -0.369663 -0.613827
v 0.533175 -0.384169 -0.599320
v 0.528341 -0.248781 -0.589650
v 0.533175 -0.364828 -0.633167
v 0.533175 -0.369663 -0.613827
v 0.528341 -0.248781 -0.589650
v 0.533175 -0.369663 -0.657344
v 0.533175 -0.364828 -0.633167
v 0.528341 -0.248781 -0.589650
v 0.533175 -0.389004 -0.671850
v 0.533175 -0.369663 -0.657344
v 0.276906 -0.185923 -0.517121
v 0.276906 -0.200428 -0.512285
v 0.199543 -0.200428 -0.512285
v 0.272072 -0.185923 -0.521957
v 0.276906 -0.185923 -0.517121
v 0.199543 -0.200428 -0.512285
v 0.204377 -0.185923 -0.521957
v 0.272072 -0.185923 -0.521957
v 0.199543 -0.200428 -0.512285
v 0.204377 -0.185923 -0.521957
v 0.199543 -0.200428 -0.512285
v 0.199543 -0.185923 -0.517121
v 0.533175 -0.355157 -0.758885
v 0.571857 -0.355157 -0.758885
v 0.571857 -0.408345 -0.729873
v 0.533175 -0.355157 -0.758885
v 0.533175 -0.408345 -0.676685
v 0.533175 -0.389004 -0.671850
v 0.533175 -0.355157 -0.758885
v 0.571857 -0.408345 -0.729873
v 0.600871 -0.490544 -0.676685
v 0.533175 -0.355157 -0.758885
v 0.600871 -0.490544 -0.671850
v 0.571857 -0.490544 -0.671850
v 0.533175 -0.355157 -0.758885
v 0.600871 -0.490544 -0.676685
v 0.600871 -0.490544 -0.671850
v 0.571857 -0.355157 -0.758885
v 0.567023 -0.031194 -0.246346
v 0.571857 -0.408345 -0.729873
v 0.567023 -0.079547 -0.212499
v 0.170529 -0.161746 -0.449427
v 0.199543 -0.161746 -0.449427
v 0.020636 -0.243946 -0.396239
v 0.199543 -0.161746 -0.449427
v 0.209211 -0.263287 -0.381734
v 0.020636 -0.243946 -0.396239
v 0.199543 -0.161746 -0.449427
v 0.223717 -0.268123 -0.381734
v 0.209211 -0.263287 -0.381734
v 0.170529 -0.161746 -0.449427
v 0.020636 -0.243946 -0.396239
v 0.020636 -0.205264 -0.420415
v 0.571857 -0.408345 -0.729873
v 0.600871 -0.408345 -0.729873
v 0.600871 -0.408345 -0.725038
v 0.567023 -0.079547 -0.212499
v 0.600871 -0.408345 -0.729873
v 0.571857 -0.408345 -0.729873
v 0.596032 -0.079547 -0.212499
v 0.600871 -0.408345 -0.725038
v 0.600871 -0.408345 -0.729873
v 0.567023 -0.079547 -0.212499
v 0.596032 -0.079547 -0.212499
v 0.600871 -0.408345 -0.729873
v 0.571857 -0.408345 -0.729873
v 0.600871 -0.408345 -0.725038
v 0.600871 -0.490544 -0.676685
v 0.596032 -0.079547 -0.212499
v 0.600871 -0.084382 -0.212499
v 0.600871 -0.408345 -0.725038
v -0.032552 -0.461533 -0.381734
v -0.018045 -0.471204 -0.367227
v -0.018045 -0.476039 -0.376899
v -0.042220 -0.447028 -0.391404
v -0.032552 -0.456698 -0.376899
v -0.032552 -0.461533 -0.381734
v -0.032552 -0.456698 -0.376899
v -0.018045 -0.471204 -0.367227
v -0.032552 -0.461533 -0.381734
v -0.042220 -0.427686 -0.401075
v -0.042220 -0.442192 -0.386569
v -0.042220 -0.447028 -0.391404
v -0.042220 -0.442192 -0.386569
v -0.032552 -0.456698 -0.376899
v -0.042220 -0.447028 -0.391404
v -0.042220 -0.413181 -0.415580
v -0.042220 -0.422851 -0.396239
v -0.042220 -0.427686 -0.401075
v -0.042220 -0.422851 -0.396239
v -0.042220 -0.442192 -0.386569
v -0.042220 -0.427686 -0.401075
v -0.032552 -0.398675 -0.425251
v -0.042220 -0.408345 -0.405910
v -0.042220 -0.413181 -0.415580
v -0.042220 -0.408345 -0.405910
v -0.042220 -0.422851 -0.396239
v -0.042220 -0.413181 -0.415580
v -0.018045 -0.384169 -0.430086
v -0.032552 -0.393839 -0.415580
v -0.032552 -0.398675 -0.425251
v -0.032552 -0.393839 -0.415580
v -0.042220 -0.408345 -0.405910
v -0.032552 -0.398675 -0.425251
v 0.001295 -0.379333 -0.434922
v -0.018045 -0.379333 -0.425251
v -0.018045 -0.384169 -0.430086
v -0.018045 -0.379333 -0.425251
v -0.032552 -0.393839 -0.415580
v -0.018045 -0.384169 -0.430086
v 0.001295 -0.374498 -0.430086
v -0.018045 -0.379333 -0.425251
v 0.001295 -0.379333 -0.434922
v 0.528341 0.316945 0.304875
v 0.528341 0.133205 0.420921
v 0.243058 0.128370 0.420921
v 0.272072 0.326616 0.295204
v 0.272072 0.316945 0.304875
v 0.243058 0.128370 0.420921
v 0.272072 0.316945 0.304875
v 0.528341 0.316945 0.304875
v 0.243058 0.128370 0.420921
v 0.267238 0.331451 0.295204
v 0.272072 0.326616 0.295204
v 0.243058 0.128370 0.420921
v 0.267238 0.331451 0.295204
v 0.243058 0.128370 0.420921
v 0.243058 0.181558 0.391910
v 0.528341 0.210570 0.135640
v 0.567023 0.021994 0.251687
v 0.528341 0.021994 0.251687
v 0.528341 0.210570 0.135640
v 0.567023 0.075182 0.222675
v 0.567023 0.021994 0.251687
v 0.528341 0.138040 0.300039
v 0.528341 0.021994 0.251687
v 0.528341 0.133205 0.420921
v 0.528341 0.210570 0.135640
v 0.528341 0.021994 0.251687
v 0.528341 0.157381 0.217840
v 0.528341 0.157381 0.217840
v 0.528341 0.021994 0.251687
v 0.528341 0.138040 0.227510
v 0.528341 0.138040 0.227510
v 0.528341 0.021994 0.251687
v 0.528341 0.123535 0.242016
v 0.528341 0.123535 0.242016
v 0.528341 0.021994 0.251687
v 0.528341 0.118699 0.266192
v 0.528341 0.123535 0.285534
v 0.528341 0.118699 0.266192
v 0.528341 0.021994 0.251687
v 0.528341 0.138040 0.300039
v 0.528341 0.123535 0.285534
v 0.528341 0.021994 0.251687
v 0.528341 0.316945 0.304875
v 0.528341 0.162217 0.304875
v 0.528341 0.133205 0.420921
v 0.528341 0.162217 0.304875
v 0.528341 0.138040 0.300039
v 0.528341 0.133205 0.420921
v 0.272072 0.389474 0.391910
v 0.272072 0.316945 0.304875
v 0.272072 0.326616 0.295204
v 0.272072 0.389474 0.391910
v 0.272072 0.374968 0.401580
v 0.272072 0.316945 0.304875
v 0.199543 0.331451 0.295204
v 0.267238 0.331451 0.295204
v 0.204377 0.215405 0.367733
v 0.218883 0.210570 0.372569
v 0.267238 0.331451 0.295204
v 0.233390 0.200899 0.377404
v 0.218883 0.210570 0.372569
v 0.267238 0.331451 0.295204
v 0.238224 0.191228 0.382239
v 0.233390 0.200899 0.377404
v 0.267238 0.331451 0.295204
v 0.243058 0.181558 0.391910
v 0.238224 0.191228 0.382239
v 0.199543 0.331451 0.295204
v 0.194709 0.316945 0.304875
v 0.194709 0.326616 0.295204
v 0.194709 0.389474 0.391910
v 0.199543 0.331451 0.295204
v 0.194709 0.326616 0.295204
v 0.199543 0.331451 0.295204
v 0.204377 0.215405 0.367733
v 0.194709 0.316945 0.304875
v 0.199543 0.394309 0.391910
v 0.199543 0.331451 0.295204
v 0.194709 0.389474 0.391910
v 0.194709 0.336286 0.338722
v 0.194709 0.326616 0.295204
v 0.194709 0.316945 0.304875
v 0.194709 0.389474 0.391910
v 0.194709 0.326616 0.295204
v 0.194709 0.374968 0.401580
v 0.194709 0.374968 0.401580
v 0.194709 0.326616 0.295204
v 0.194709 0.360463 0.377404
v 0.194709 0.360463 0.377404
v 0.194709 0.326616 0.295204
v 0.194709 0.336286 0.338722
v 0.165695 0.316945 0.304875
v 0.194709 0.316945 0.304875
v 0.015802 0.229910 0.358062
v 0.165695 0.336286 0.338722
v 0.194709 0.316945 0.304875
v 0.165695 0.316945 0.304875
v 0.194709 0.316945 0.304875
v 0.204377 0.215405 0.367733
v 0.015802 0.229910 0.358062
v 0.165695 0.336286 0.338722
v 0.194709 0.336286 0.338722
v 0.194709 0.316945 0.304875
v 0.165695 0.316945 0.304875
v 0.015802 0.229910 0.358062
v 0.015802 0.273428 0.329051
v 0.165695 0.336286 0.338722
v 0.165695 0.316945 0.304875
v 0.015802 0.273428 0.329051
v 0.015802 0.292769 0.362898
v 0.015802 0.273428 0.329051
v 0.015802 0.229910 0.358062
v 0.165695 0.336286 0.338722
v 0.015802 0.273428 0.329051
v 0.015802 0.292769 0.362898
v 0.015802 0.254086 0.391910
v 0.015802 0.229910 0.358062
v 0.204377 0.215405 0.367733
v 0.015802 0.292769 0.362898
v 0.015802 0.229910 0.358062
v 0.015802 0.254086 0.391910
v 0.015802 0.254086 0.391910
v 0.204377 0.215405 0.367733
v 0.204377 0.234746 0.401580
v 0.528341 0.316945 0.304875
v 0.528341 0.210570 0.135640
v 0.528341 0.181558 0.222675
v 0.528341 0.316945 0.304875
v 0.528341 0.181558 0.300039
v 0.528341 0.162217 0.304875
v 0.528341 0.316945 0.304875
v 0.528341 0.196063 0.280699
v 0.528341 0.181558 0.300039
v 0.528341 0.316945 0.304875
v 0.528341 0.200899 0.261357
v 0.528341 0.196063 0.280699
v 0.528341 0.316945 0.304875
v 0.528341 0.196063 0.237181
v 0.528341 0.200899 0.261357
v 0.528341 0.316945 0.304875
v 0.528341 0.181558 0.222675
v 0.528341 0.196063 0.237181
v 0.267238 0.394309 0.391910
v 0.272072 0.374968 0.401580
v 0.272072 0.389474 0.391910
v 0.199543 0.394309 0.391910
v 0.272072 0.374968 0.401580
v 0.267238 0.394309 0.391910
v 0.199543 0.394309 0.391910
v 0.194709 0.389474 0.391910
v 0.272072 0.374968 0.401580
v 0.194709 0.389474 0.391910
v 0.194709 0.374968 0.401580
v 0.272072 0.374968 0.401580
v 0.528341 0.210570 0.135640
v 0.567023 0.210570 0.135640
v 0.567023 0.157381 0.169487
v 0.528341 0.210570 0.135640
v 0.528341 0.157381 0.217840
v 0.528341 0.181558 0.222675
v 0.528341 0.210570 0.135640
v 0.567023 0.157381 0.169487
v 0.596032 0.075182 0.217840
v 0.528341 0.210570 0.135640
v 0.596032 0.075182 0.222675
v 0.567023 0.075182 0.222675
v 0.528341 0.210570 0.135640
v 0.596032 0.075182 0.217840
v 0.596032 0.075182 0.222675
v 0.567023 0.534532 0.653014
v 0.567023 0.157381 0.169487
v 0.567023 0.210570 0.135640
v 0.567023 0.534532 0.653014
v 0.567023 0.486179 0.682025
v 0.567023 0.157381 0.169487
v 0.064157 0.428156 0.478944
v 0.064157 0.360463 0.377404
v 0.015802 0.384639 0.507956
v 0.015802 0.384639 0.507956
v 0.064157 0.360463 0.377404
v 0.015802 0.316945 0.401580
v 0.567023 0.157381 0.169487
v 0.596032 0.157381 0.169487
v 0.596032 0.157381 0.169487
v 0.591198 0.486179 0.682025
v 0.596032 0.157381 0.169487
v 0.596032 0.157381 0.169487
v 0.567023 0.157381 0.169487
v 0.567023 0.486179 0.682025
v 0.596032 0.157381 0.169487
v 0.591198 0.486179 0.682025
v 0.567023 0.157381 0.169487
v 0.596032 0.157381 0.169487
v 0.596032 0.075182 0.217840
v 0.591198 0.486179 0.682025
v 0.596032 0.481344 0.686861
v 0.596032 0.157381 0.169487
v 0.088332 0.302440 0.561144
v 0.088332 0.263757 0.507956
v 0.102838 0.292769 0.565979
v 0.102838 0.292769 0.565979
v 0.088332 0.263757 0.507956
v 0.102838 0.258922 0.507956
v 0.015802 0.316945 0.551473
v 0.088332 0.263757 0.507956
v 0.088332 0.302440 0.561144
v 0.015802 0.316945 0.551473
v 0.015802 0.283098 0.493450
v 0.088332 0.263757 0.507956
v -0.027713 0.283098 0.493450
v -0.013211 0.254086 0.440262
v -0.027713 0.254086 0.445097
v -0.013211 0.287933 0.493450
v -0.013211 0.254086 0.440262
v -0.027713 0.283098 0.493450
v -0.047054 0.292769 0.488615
v -0.027713 0.254086 0.445097
v -0.047054 0.258922 0.440262
v -0.047054 0.292769 0.488615
v -0.027713 0.283098 0.493450
v -0.027713 0.254086 0.445097
v -0.196952 0.345957 0.382239
v -0.047054 0.292769 0.488615
v -0.047054 0.258922 0.440262
v -0.061561 0.176723 0.551473
v -0.056727 0.128370 0.522462
v -0.061561 0.147711 0.507956
v -0.061561 0.176723 0.551473
v -0.061561 0.157381 0.565979
v -0.056727 0.128370 0.522462
v -0.061561 0.196063 0.541803
v -0.061561 0.147711 0.507956
v -0.061561 0.167052 0.498285
v -0.061561 0.196063 0.541803
v -0.061561 0.176723 0.551473
v -0.061561 0.147711 0.507956
v -0.003539 0.128370 0.594991
v 0.015802 0.123535 0.594991
v -0.003539 0.123535 0.585320
v -0.022879 0.138040 0.590155
v -0.003539 0.128370 0.594991
v -0.022879 0.133205 0.580485
v -0.022879 0.133205 0.580485
v -0.003539 0.128370 0.594991
v -0.003539 0.123535 0.585320
v 0.015802 0.123535 0.594991
v 0.015802 0.123535 0.590155
v -0.003539 0.123535 0.585320
v -0.003539 0.123535 0.585320
v 0.015802 0.123535 0.590155
v -0.008372 0.113864 0.594991
v 0.015802 0.123535 0.590155
v 0.015802 0.109028 0.594991
v -0.008372 0.113864 0.594991
v 0.035143 0.123535 0.585320
v 0.015802 0.109028 0.594991
v 0.015802 0.123535 0.590155
v -0.037386 0.142876 0.575650
v -0.022879 0.133205 0.580485
v -0.027713 0.123535 0.590155
v -0.003539 0.123535 0.585320
v -0.008372 0.113864 0.594991
v -0.022879 0.133205 0.580485
v -0.027713 0.123535 0.590155
v -0.047054 0.157381 0.565979
v -0.037386 0.142876 0.575650
v -0.047054 0.138040 0.580485
v -0.037386 0.142876 0.575650
v -0.027713 0.123535 0.590155
v -0.047054 0.138040 0.580485
v -0.047054 0.176723 0.551473
v -0.047054 0.157381 0.565979
v -0.047054 0.138040 0.580485
v 0.035143 0.123535 0.585320
v 0.039977 0.113864 0.594991
v 0.015802 0.109028 0.594991
v 0.054484 0.133205 0.580485
v 0.064157 0.123535 0.590155
v 0.039977 0.113864 0.594991
v 0.054484 0.133205 0.580485
v 0.039977 0.113864 0.594991
v 0.035143 0.123535 0.585320
v 0.078659 0.162217 0.565979
v 0.083498 0.138040 0.580485
v 0.064157 0.123535 0.590155
v 0.078659 0.162217 0.565979
v 0.064157 0.123535 0.590155
v 0.068991 0.142876 0.575650
v 0.068991 0.142876 0.575650
v 0.064157 0.123535 0.590155
v 0.054484 0.133205 0.580485
v 0.093166 0.196063 0.541803
v 0.093166 0.157381 0.565979
v 0.083498 0.138040 0.580485
v 0.093166 0.196063 0.541803
v 0.083498 0.138040 0.580485
v 0.083498 0.176723 0.551473
v 0.083498 0.176723 0.551473
v 0.083498 0.138040 0.580485
v 0.078659 0.162217 0.565979
v 0.093166 0.196063 0.541803
v 0.098000 0.176723 0.551473
v 0.093166 0.157381 0.565979
v 0.083498 0.215405 0.527297
v 0.093166 0.196063 0.541803
v 0.083498 0.176723 0.551473
v 0.064157 0.229910 0.517627
v 0.083498 0.215405 0.527297
v 0.068991 0.210570 0.532132
v 0.083498 0.215405 0.527297
v 0.078659 0.196063 0.541803
v 0.068991 0.210570 0.532132
v 0.083498 0.215405 0.527297
v 0.083498 0.176723 0.551473
v 0.078659 0.196063 0.541803
v 0.039977 0.239581 0.512791
v 0.064157 0.229910 0.517627
v 0.054484 0.220240 0.527297
v 0.064157 0.229910 0.517627
v 0.068991 0.210570 0.532132
v 0.054484 0.220240 0.527297
v 0.015802 0.244416 0.512791
v 0.039977 0.239581 0.512791
v 0.015802 0.229910 0.517627
v 0.039977 0.239581 0.512791
v 0.035143 0.229910 0.522462
v 0.015802 0.229910 0.517627
v 0.039977 0.239581 0.512791
v 0.054484 0.220240 0.527297
v 0.035143 0.229910 0.522462
v 0.015802 0.244416 0.512791
v -0.003539 0.229910 0.522462
v -0.008372 0.239581 0.512791
v 0.015802 0.244416 0.512791
v 0.015802 0.229910 0.517627
v -0.003539 0.229910 0.522462
v -0.008372 0.239581 0.512791
v -0.022879 0.220240 0.527297
v -0.032552 0.229910 0.517627
v -0.008372 0.239581 0.512791
v -0.003539 0.229910 0.522462
v -0.022879 0.220240 0.527297
v -0.032552 0.229910 0.517627
v -0.047054 0.191228 0.541803
v -0.047054 0.215405 0.527297
v -0.032552 0.229910 0.517627
v -0.037386 0.210570 0.532132
v -0.047054 0.191228 0.541803
v -0.032552 0.229910 0.517627
v -0.022879 0.220240 0.527297
v -0.037386 0.210570 0.532132
v -0.047054 0.215405 0.527297
v -0.061561 0.157381 0.565979
v -0.061561 0.196063 0.541803
v -0.047054 0.215405 0.527297
v -0.047054 0.176723 0.551473
v -0.061561 0.157381 0.565979
v -0.047054 0.215405 0.527297
v -0.047054 0.191228 0.541803
v -0.047054 0.176723 0.551473
v -0.061561 0.196063 0.541803
v -0.061561 0.157381 0.565979
v -0.061561 0.176723 0.551473
v -0.047054 0.176723 0.551473
v -0.047054 0.138040 0.580485
v -0.061561 0.157381 0.565979
v -0.047054 0.147711 0.657849
v -0.047054 0.123535 0.614332
v -0.022879 0.138040 0.662685
v -0.022879 0.138040 0.662685
v -0.047054 0.123535 0.614332
v -0.022879 0.109028 0.624002
v -0.061561 0.167052 0.648178
v -0.119583 0.229910 0.604661
v -0.061561 0.138040 0.604661
v -0.119583 0.200899 0.561144
v 0.001295 0.568379 0.391910
v 0.001295 0.544203 0.348392
v 0.015802 0.568379 0.391910
v 0.030309 0.553873 0.401580
v 0.030309 0.529697 0.358062
v 0.035143 0.544203 0.406415
v 0.035143 0.544203 0.406415
v 0.030309 0.529697 0.358062
v 0.035143 0.520026 0.362898
v 0.020636 0.563544 0.396745
v 0.020636 0.534532 0.353227
v 0.030309 0.553873 0.401580
v 0.030309 0.553873 0.401580
v 0.020636 0.534532 0.353227
v 0.030309 0.529697 0.358062
v 0.015802 0.568379 0.391910
v 0.015802 0.539368 0.348392
v 0.020636 0.563544 0.396745
v 0.020636 0.534532 0.353227
v 0.015802 0.568379 0.391910
v 0.001295 0.544203 0.348392
v 0.015802 0.539368 0.348392
v 0.112506 -0.321310 -0.299534
v 0.122179 -0.364828 -0.318875
v 0.112506 -0.340651 -0.333381
v 0.112506 -0.321310 -0.299534
v 0.122179 -0.340651 -0.285028
v 0.122179 -0.364828 -0.318875
v 0.528341 -0.031194 -0.246346
v 0.528341 -0.166582 -0.212499
v 0.528341 -0.214935 -0.125464
v 0.528341 -0.326146 -0.294699
v 0.528341 -0.214935 -0.125464
v 0.528341 -0.185923 -0.217334
v 0.528341 -0.166582 -0.212499
v 0.571857 -0.166582 -0.159311
v 0.571857 -0.214935 -0.125464
v 0.571857 -0.543733 -0.642838
v 0.571857 -0.166582 -0.159311
v 0.571857 -0.543733 -0.642838
v 0.571857 -0.490544 -0.671850
v 0.228556 -0.369663 -0.367227
v 0.209211 -0.442192 -0.473604
v 0.228556 -0.437357 -0.473604
v 0.228556 -0.369663 -0.367227
v 0.209211 -0.374498 -0.367227
v 0.209211 -0.442192 -0.473604
v 0.243058 -0.272958 -0.328545
v 0.247897 -0.326146 -0.294699
v 0.528341 -0.326146 -0.294699
v 0.528341 -0.137570 -0.415580
v 0.528341 -0.326146 -0.294699
v 0.528341 -0.166582 -0.294699
v 0.528341 -0.190758 -0.289864
v 0.528341 -0.326146 -0.294699
v 0.528341 -0.205264 -0.275357
v 0.528341 -0.166582 -0.294699
v 0.528341 -0.326146 -0.294699
v 0.528341 -0.190758 -0.289864
v 0.528341 -0.205264 -0.275357
v 0.528341 -0.326146 -0.294699
v 0.528341 -0.210099 -0.251181
v 0.528341 -0.205264 -0.231840
v 0.528341 -0.210099 -0.251181
v 0.528341 -0.326146 -0.294699
v 0.528341 -0.185923 -0.217334
v 0.528341 -0.205264 -0.231840
v 0.528341 -0.326146 -0.294699
v 0.528341 -0.137570 -0.415580
v 0.276906 -0.137570 -0.415580
v 0.528341 -0.326146 -0.294699
v 0.243058 -0.272958 -0.328545
v 0.528341 -0.031194 -0.246346
v 0.528341 -0.137570 -0.415580
v 0.528341 -0.147241 -0.289864
v 0.528341 -0.137570 -0.415580
v 0.528341 -0.166582 -0.294699
v 0.528341 -0.147241 -0.289864
v 0.528341 -0.031194 -0.246346
v 0.528341 -0.142405 -0.217334
v 0.528341 -0.166582 -0.212499
v 0.528341 -0.031194 -0.246346
v 0.528341 -0.127900 -0.231840
v 0.528341 -0.142405 -0.217334
v 0.528341 -0.031194 -0.246346
v 0.528341 -0.123064 -0.256017
v 0.528341 -0.127900 -0.231840
v 0.528341 -0.031194 -0.246346
v 0.528341 -0.132735 -0.275357
v 0.528341 -0.123064 -0.256017
v 0.528341 -0.031194 -0.246346
v 0.528341 -0.147241 -0.289864
v 0.528341 -0.132735 -0.275357
v 0.204377 -0.123064 -0.425251
v 0.233390 -0.253616 -0.343051
v 0.243058 -0.263287 -0.333381
v 0.233390 -0.253616 -0.343051
v 0.233390 -0.297134 -0.415580
v 0.243058 -0.263287 -0.333381
v 0.204377 -0.123064 -0.425251
v 0.243058 -0.263287 -0.333381
v 0.272072 -0.123064 -0.425251
v 0.272072 -0.123064 -0.425251
v 0.243058 -0.263287 -0.333381
v 0.243058 -0.272958 -0.328545
v 0.243058 -0.263287 -0.333381
v 0.233390 -0.297134 -0.415580
v 0.243058 -0.306805 -0.405910
v 0.204377 -0.123064 -0.425251
v 0.223717 -0.243946 -0.347887
v 0.233390 -0.253616 -0.343051
v 0.223717 -0.243946 -0.347887
v 0.223717 -0.292299 -0.420415
v 0.233390 -0.253616 -0.343051
v 0.233390 -0.253616 -0.343051
v 0.223717 -0.292299 -0.420415
v 0.233390 -0.297134 -0.415580
v 0.204377 -0.123064 -0.425251
v 0.209211 -0.243946 -0.347887
v 0.223717 -0.243946 -0.347887
v 0.209211 -0.243946 -0.347887
v 0.209211 -0.263287 -0.381734
v 0.223717 -0.243946 -0.347887
v 0.223717 -0.243946 -0.347887
v 0.223717 -0.292299 -0.420415
v 0.223717 -0.292299 -0.420415
v 0.223717 -0.243946 -0.347887
v 0.223717 -0.268123 -0.381734
v 0.223717 -0.292299 -0.420415
v 0.223717 -0.243946 -0.347887
v 0.209211 -0.263287 -0.381734
v 0.223717 -0.268123 -0.381734
v 0.020636 -0.181088 -0.386569
v 0.020636 -0.224605 -0.362392
v 0.209211 -0.243946 -0.347887
v 0.020636 -0.181088 -0.386569
v 0.209211 -0.243946 -0.347887
v 0.170529 -0.137570 -0.415580
v 0.199543 -0.137570 -0.415580
v 0.199543 -0.127900 -0.420415
v 0.199543 -0.137570 -0.415580
v 0.209211 -0.243946 -0.347887
v 0.204377 -0.123064 -0.425251
v 0.199543 -0.127900 -0.420415
v 0.209211 -0.243946 -0.347887
v 0.272072 -0.123064 -0.425251
v 0.276906 -0.137570 -0.415580
v 0.276906 -0.127900 -0.420415
v 0.272072 -0.123064 -0.425251
v 0.243058 -0.272958 -0.328545
v 0.276906 -0.137570 -0.415580
v 0.243058 -0.263287 -0.333381
v 0.243058 -0.306805 -0.405910
v 0.243058 -0.272958 -0.328545
v 0.247897 -0.321310 -0.401075
v -0.105081 -0.505051 -0.285028
v -0.105081 -0.534062 -0.338216
v -0.080902 -0.509886 -0.280193
v -0.080902 -0.509886 -0.280193
v -0.105081 -0.534062 -0.338216
v -0.080902 -0.538898 -0.333381
v -0.105081 -0.505051 -0.285028
v -0.129256 -0.524391 -0.343051
v -0.105081 -0.534062 -0.338216
v 0.001295 -0.374498 -0.430086
v 0.001295 -0.379333 -0.434922
v 0.020636 -0.374498 -0.439757
v 0.020636 -0.369663 -0.430086
v 0.001295 -0.374498 -0.430086
v 0.020636 -0.374498 -0.439757
v 0.039977 -0.476039 -0.362392
v 0.020636 -0.480874 -0.362392
v 0.044816 -0.490544 -0.357557
v 0.059318 -0.471204 -0.367227
v 0.039977 -0.476039 -0.362392
v 0.044816 -0.490544 -0.357557
v 0.020636 -0.480874 -0.362392
v 0.020636 -0.490544 -0.352722
v 0.044816 -0.490544 -0.357557
v 0.001295 -0.476039 -0.362392
v 0.020636 -0.490544 -0.352722
v 0.020636 -0.480874 -0.362392
v 0.059318 -0.471204 -0.367227
v 0.044816 -0.490544 -0.357557
v 0.068991 -0.480874 -0.362392
v 0.001295 -0.476039 -0.362392
v -0.003539 -0.490544 -0.357557
v 0.020636 -0.490544 -0.352722
v -0.018045 -0.471204 -0.367227
v -0.027713 -0.480874 -0.362392
v -0.003539 -0.490544 -0.357557
v -0.018045 -0.471204 -0.367227
v -0.003539 -0.490544 -0.357557
v 0.001295 -0.476039 -0.362392
v -0.042220 -0.442192 -0.386569
v -0.042220 -0.466368 -0.372063
v -0.027713 -0.480874 -0.362392
v -0.042220 -0.442192 -0.386569
v -0.027713 -0.480874 -0.362392
v -0.032552 -0.456698 -0.376899
v -0.032552 -0.456698 -0.376899
v -0.027713 -0.480874 -0.362392
v -0.018045 -0.471204 -0.367227
v -0.056727 -0.403510 -0.410745
v -0.056727 -0.447028 -0.381734
v -0.042220 -0.466368 -0.372063
v -0.056727 -0.403510 -0.410745
v -0.042220 -0.466368 -0.372063
v -0.042220 -0.422851 -0.396239
v -0.042220 -0.422851 -0.396239
v -0.042220 -0.466368 -0.372063
v -0.042220 -0.442192 -0.386569
v -0.056727 -0.403510 -0.410745
v -0.056727 -0.422851 -0.396239
v -0.056727 -0.447028 -0.381734
v -0.042220 -0.384169 -0.420415
v -0.056727 -0.403510 -0.410745
v -0.042220 -0.422851 -0.396239
v -0.027713 -0.369663 -0.430086
v -0.042220 -0.384169 -0.420415
v -0.032552 -0.393839 -0.415580
v -0.042220 -0.384169 -0.420415
v -0.042220 -0.408345 -0.405910
v -0.032552 -0.393839 -0.415580
v -0.042220 -0.384169 -0.420415
v -0.042220 -0.422851 -0.396239
v -0.042220 -0.408345 -0.405910
v -0.003539 -0.359993 -0.434922
v -0.027713 -0.369663 -0.430086
v -0.018045 -0.379333 -0.425251
v -0.027713 -0.369663 -0.430086
v -0.032552 -0.393839 -0.415580
v -0.018045 -0.379333 -0.425251
v 0.020636 -0.355157 -0.439757
v -0.003539 -0.359993 -0.434922
v 0.020636 -0.369663 -0.430086
v -0.003539 -0.359993 -0.434922
v 0.001295 -0.374498 -0.430086
v 0.020636 -0.369663 -0.430086
v -0.003539 -0.359993 -0.434922
v -0.018045 -0.379333 -0.425251
v 0.001295 -0.374498 -0.430086
v 0.020636 -0.355157 -0.439757
v 0.039977 -0.374498 -0.430086
v 0.044816 -0.359993 -0.434922
v 0.020636 -0.355157 -0.439757
v 0.020636 -0.369663 -0.430086
v 0.039977 -0.374498 -0.430086
v 0.044816 -0.359993 -0.434922
v 0.059318 -0.379333 -0.425251
v 0.068991 -0.369663 -0.430086
v 0.044816 -0.359993 -0.434922
v 0.039977 -0.374498 -0.430086
v 0.059318 -0.379333 -0.425251
v 0.068991 -0.369663 -0.430086
v 0.083498 -0.408345 -0.405910
v 0.083498 -0.384169 -0.420415
v 0.068991 -0.369663 -0.430086
v 0.073825 -0.393839 -0.415580
v 0.083498 -0.408345 -0.405910
v 0.068991 -0.369663 -0.430086
v 0.059318 -0.379333 -0.425251
v 0.073825 -0.393839 -0.415580
v 0.083498 -0.384169 -0.420415
v 0.098000 -0.447028 -0.381734
v 0.098000 -0.403510 -0.410745
v 0.083498 -0.384169 -0.420415
v 0.088332 -0.422851 -0.396239
v 0.098000 -0.447028 -0.381734
v 0.083498 -0.384169 -0.420415
v 0.083498 -0.408345 -0.405910
v 0.088332 -0.422851 -0.396239
v 0.098000 -0.403510 -0.410745
v 0.098000 -0.447028 -0.381734
v 0.102838 -0.422851 -0.396239
v 0.088332 -0.422851 -0.396239
v 0.088332 -0.466368 -0.372063
v 0.098000 -0.447028 -0.381734
v 0.073825 -0.456698 -0.376899
v 0.068991 -0.480874 -0.362392
v 0.088332 -0.466368 -0.372063
v 0.083498 -0.442192 -0.386569
v 0.073825 -0.456698 -0.376899
v 0.088332 -0.466368 -0.372063
v 0.088332 -0.422851 -0.396239
v 0.083498 -0.442192 -0.386569
v 0.088332 -0.466368 -0.372063
v 0.073825 -0.456698 -0.376899
v 0.059318 -0.471204 -0.367227
v 0.068991 -0.480874 -0.362392
v 0.064157 0.428156 0.478944
v 0.223717 0.239581 0.599826
v 0.528341 0.244416 0.599826
v 0.064157 0.428156 0.478944
v 0.204377 0.239581 0.599826
v 0.223717 0.239581 0.599826
v 0.523507 0.379804 0.682025
v 0.528341 0.244416 0.599826
v 0.523507 0.350792 0.769061
v 0.064157 0.428156 0.478944
v 0.528341 0.244416 0.599826
v 0.523507 0.428156 0.483780
v 0.523507 0.428156 0.483780
v 0.528341 0.244416 0.599826
v 0.523507 0.399145 0.599826
v 0.523507 0.374968 0.604661
v 0.528341 0.244416 0.599826
v 0.523507 0.360463 0.624002
v 0.523507 0.399145 0.599826
v 0.528341 0.244416 0.599826
v 0.523507 0.374968 0.604661
v 0.523507 0.360463 0.624002
v 0.528341 0.244416 0.599826
v 0.523507 0.355628 0.643343
v 0.523507 0.365298 0.667520
v 0.523507 0.355628 0.643343
v 0.528341 0.244416 0.599826
v 0.523507 0.379804 0.682025
v 0.523507 0.365298 0.667520
v 0.528341 0.244416 0.599826
v 0.523507 0.534532 0.653014
v 0.523507 0.403980 0.686861
v 0.523507 0.350792 0.769061
v 0.523507 0.403980 0.686861
v 0.523507 0.379804 0.682025
v 0.523507 0.350792 0.769061
v 0.567023 0.350792 0.769061
v 0.567023 0.021994 0.251687
v 0.567023 0.399145 0.735213
v 0.567023 0.075182 0.222675
v 0.523507 0.534532 0.653014
v 0.523507 0.428156 0.483780
v 0.523507 0.418486 0.604661
v 0.523507 0.534532 0.653014
v 0.523507 0.423321 0.677190
v 0.523507 0.403980 0.686861
v 0.523507 0.423321 0.677190
v 0.523507 0.534532 0.653014
v 0.523507 0.437827 0.662685
v 0.523507 0.442663 0.638508
v 0.523507 0.534532 0.653014
v 0.523507 0.437827 0.619167
v 0.523507 0.442663 0.638508
v 0.523507 0.534532 0.653014
v 0.523507 0.418486 0.604661
v 0.523507 0.437827 0.619167
v 0.523507 0.428156 0.483780
v 0.523507 0.399145 0.599826
v 0.523507 0.418486 0.604661
v 0.064157 0.428156 0.478944
v 0.189870 0.234746 0.604661
v 0.204377 0.239581 0.599826
v 0.064157 0.428156 0.478944
v 0.180202 0.225075 0.609497
v 0.189870 0.234746 0.604661
v 0.064157 0.428156 0.478944
v 0.165695 0.205734 0.624002
v 0.180202 0.225075 0.609497
v 0.064157 0.428156 0.478944
v 0.122179 0.273428 0.580485
v 0.165695 0.205734 0.624002
v 0.064157 0.428156 0.478944
v 0.117340 0.287933 0.570815
v 0.122179 0.273428 0.580485
v 0.064157 0.428156 0.478944
v 0.102838 0.292769 0.565979
v 0.117340 0.287933 0.570815
v 0.064157 0.428156 0.478944
v 0.088332 0.302440 0.561144
v 0.102838 0.292769 0.565979
v 0.127013 0.258922 0.585320
v 0.127013 0.234746 0.599826
v 0.165695 0.205734 0.624002
v 0.122179 0.273428 0.580485
v 0.127013 0.258922 0.585320
v 0.165695 0.205734 0.624002
v 0.122179 0.273428 0.580485
v 0.122179 0.239581 0.522462
v 0.127013 0.258922 0.585320
v 0.127013 0.258922 0.585320
v 0.122179 0.239581 0.522462
v 0.127013 0.225075 0.532132
v 0.117340 0.287933 0.570815
v 0.117340 0.249251 0.517627
v 0.122179 0.273428 0.580485
v 0.122179 0.273428 0.580485
v 0.117340 0.249251 0.517627
v 0.122179 0.239581 0.522462
v 0.102838 0.292769 0.565979
v 0.102838 0.258922 0.507956
v 0.117340 0.287933 0.570815
v 0.117340 0.287933 0.570815
v 0.102838 0.258922 0.507956
v 0.117340 0.249251 0.517627
v 0.064157 0.428156 0.478944
v 0.015802 0.384639 0.507956
v 0.088332 0.302440 0.561144
v 0.015802 0.316945 0.551473
v -0.085741 0.070347 0.628838
v -0.080902 0.036500 0.580485
v 0.006129 0.031665 0.585320
v -0.085741 0.070347 0.628838
v 0.006129 0.031665 0.585320
v 0.006129 0.060676 0.633673
v 0.015802 0.316945 0.474109
v 0.010968 0.302440 0.483780
v 0.015802 0.283098 0.493450
v 0.010968 0.302440 0.483780
v 0.015802 0.234746 0.527297
v 0.015802 0.283098 0.493450
v 0.010968 0.302440 0.483780
v 0.001295 0.292769 0.488615
v 0.015802 0.234746 0.527297
v 0.015802 0.283098 0.493450
v 0.054484 0.225075 0.532132
v 0.068991 0.215405 0.541803
v 0.015802 0.283098 0.493450
v 0.035143 0.234746 0.527297
v 0.054484 0.225075 0.532132
v 0.015802 0.283098 0.493450
v 0.015802 0.234746 0.527297
v 0.035143 0.234746 0.527297
v 0.088332 0.263757 0.507956
v 0.083498 0.181558 0.561144
v 0.098000 0.084852 0.624002
v 0.088332 0.263757 0.507956
v 0.078659 0.196063 0.551473
v 0.083498 0.181558 0.561144
v 0.015802 0.283098 0.493450
v 0.068991 0.215405 0.541803
v 0.088332 0.263757 0.507956
v 0.078659 0.196063 0.551473
v 0.102838 0.258922 0.507956
v 0.122179 0.104193 0.609497
v 0.117340 0.249251 0.517627
v 0.088332 0.263757 0.507956
v 0.098000 0.084852 0.624002
v 0.102838 0.258922 0.507956
v 0.122179 0.104193 0.609497
v 0.117340 0.249251 0.517627
v 0.122179 0.104193 0.609497
v 0.122179 0.239581 0.522462
v 0.122179 0.239581 0.522462
v 0.127013 0.200899 0.546638
v 0.127013 0.225075 0.532132
v 0.122179 0.239581 0.522462
v 0.122179 0.104193 0.609497
v 0.127013 0.200899 0.546638
v 0.015802 0.123535 0.594991
v 0.006129 0.060676 0.633673
v 0.035143 0.065511 0.633673
v 0.035143 0.128370 0.594991
v 0.035143 0.065511 0.633673
v 0.068991 0.070347 0.628838
v 0.035143 0.128370 0.594991
v 0.015802 0.123535 0.594991
v 0.035143 0.065511 0.633673
v -0.047054 0.162217 0.570815
v -0.085741 0.070347 0.628838
v 0.006129 0.060676 0.633673
v -0.003539 0.128370 0.594991
v 0.006129 0.060676 0.633673
v 0.015802 0.123535 0.594991
v -0.022879 0.138040 0.590155
v 0.006129 0.060676 0.633673
v -0.003539 0.128370 0.594991
v -0.047054 0.162217 0.570815
v 0.006129 0.060676 0.633673
v -0.037386 0.147711 0.580485
v -0.037386 0.147711 0.580485
v 0.006129 0.060676 0.633673
v -0.022879 0.138040 0.590155
v -0.047054 0.181558 0.561144
v -0.085741 0.070347 0.628838
v -0.047054 0.162217 0.570815
v -0.196952 0.374968 0.435427
v -0.047054 0.181558 0.561144
v -0.047054 0.292769 0.488615
v -0.047054 0.292769 0.488615
v -0.037386 0.210570 0.541803
v -0.027713 0.283098 0.493450
v -0.047054 0.292769 0.488615
v -0.047054 0.196063 0.551473
v -0.037386 0.210570 0.541803
v -0.047054 0.292769 0.488615
v -0.047054 0.181558 0.561144
v -0.047054 0.196063 0.551473
v -0.013211 0.287933 0.493450
v -0.027713 0.283098 0.493450
v -0.022879 0.225075 0.532132
v -0.027713 0.283098 0.493450
v -0.037386 0.210570 0.541803
v -0.022879 0.225075 0.532132
v 0.001295 0.292769 0.488615
v -0.013211 0.287933 0.493450
v -0.003539 0.234746 0.527297
v -0.013211 0.287933 0.493450
v -0.022879 0.225075 0.532132
v -0.003539 0.234746 0.527297
v 0.001295 0.292769 0.488615
v -0.003539 0.234746 0.527297
v 0.015802 0.234746 0.527297
v 0.127013 0.200899 0.546638
v 0.156027 0.157381 0.575650
v 0.165695 0.167052 0.565979
v 0.127013 0.200899 0.546638
v 0.151188 0.152546 0.580485
v 0.156027 0.157381 0.575650
v 0.127013 0.200899 0.546638
v 0.141520 0.123535 0.594991
v 0.151188 0.152546 0.580485
v 0.127013 0.200899 0.546638
v 0.122179 0.104193 0.609497
v 0.141520 0.123535 0.594991
v 0.068991 0.070347 0.628838
v 0.098000 0.084852 0.624002
v 0.068991 0.147711 0.580485
v 0.078659 0.162217 0.570815
v 0.083498 0.181558 0.561144
v 0.078659 0.162217 0.570815
v 0.098000 0.084852 0.624002
v 0.054484 0.138040 0.590155
v 0.035143 0.128370 0.594991
v 0.068991 0.070347 0.628838
v 0.068991 0.147711 0.580485
v 0.054484 0.138040 0.590155
v 0.068991 0.070347 0.628838
v -0.022879 0.046170 0.522462
v -0.022879 0.026829 0.488615
v 0.001295 0.041335 0.522462
v 0.001295 0.041335 0.522462
v -0.022879 0.026829 0.488615
v 0.001295 0.021994 0.488615
v -0.032552 0.437827 0.275863
v -0.022879 0.428156 0.280699
v -0.022879 0.408815 0.246851
v -0.032552 0.437827 0.275863
v -0.022879 0.408815 0.246851
v -0.032552 0.413651 0.242016
v -0.022879 0.428156 0.280699
v -0.018045 0.423321 0.280699
v -0.018045 0.403980 0.246851
v -0.022879 0.428156 0.280699
v -0.018045 0.403980 0.246851
v -0.022879 0.408815 0.246851
v -0.018045 0.423321 0.280699
v -0.003539 0.418486 0.285534
v -0.003539 0.399145 0.251687
v -0.018045 0.423321 0.280699
v -0.003539 0.399145 0.251687
v -0.018045 0.403980 0.246851
v 0.006129 0.418486 0.285534
v 0.006129 0.399145 0.251687
v -0.003539 0.418486 0.285534
v -0.003539 0.418486 0.285534
v 0.006129 0.399145 0.251687
v -0.003539 0.399145 0.251687
v 0.015802 0.423321 0.280699
v 0.015802 0.403980 0.246851
v 0.006129 0.418486 0.285534
v 0.006129 0.418486 0.285534
v 0.015802 0.403980 0.246851
v 0.006129 0.399145 0.251687
v 0.025470 0.428156 0.280699
v 0.025470 0.408815 0.246851
v 0.015802 0.423321 0.280699
v 0.015802 0.423321 0.280699
v 0.025470 0.408815 0.246851
v 0.015802 0.403980 0.246851
v 0.030309 0.437827 0.275863
v 0.030309 0.413651 0.242016
v 0.025470 0.428156 0.280699
v 0.025470 0.428156 0.280699
v 0.030309 0.413651 0.242016
v 0.025470 0.408815 0.246851
v 0.035143 0.447498 0.266192
v 0.035143 0.423321 0.232346
v 0.030309 0.437827 0.275863
v 0.030309 0.437827 0.275863
v 0.035143 0.423321 0.232346
v 0.030309 0.413651 0.242016
v 0.054484 0.123535 0.469274
v 0.054484 0.104193 0.435427
v 0.049650 0.113864 0.478944
v 0.049650 0.113864 0.478944
v 0.054484 0.104193 0.435427
v 0.049650 0.094523 0.445097
v 0.015802 0.321781 0.546638
v 0.020636 0.312110 0.556308
v 0.020636 0.283098 0.512791
v 0.015802 0.321781 0.546638
v 0.020636 0.283098 0.512791
v 0.015802 0.297604 0.503120
v 0.015802 0.447498 0.469274
v 0.015802 0.321781 0.546638
v 0.015802 0.418486 0.425757
v 0.015802 0.297604 0.503120
v 0.020636 0.312110 0.556308
v 0.025470 0.302440 0.561144
v 0.025470 0.278263 0.517627
v 0.020636 0.312110 0.556308
v 0.025470 0.278263 0.517627
v 0.020636 0.283098 0.512791
v 0.025470 0.302440 0.561144
v 0.039977 0.297604 0.561144
v 0.039977 0.273428 0.522462
v 0.025470 0.302440 0.561144
v 0.039977 0.273428 0.522462
v 0.025470 0.278263 0.517627
v 0.039977 0.297604 0.561144
v 0.059318 0.292769 0.565979
v 0.059318 0.263757 0.527297
v 0.039977 0.297604 0.561144
v 0.059318 0.263757 0.527297
v 0.039977 0.273428 0.522462
v 0.078659 0.278263 0.575650
v 0.078659 0.254086 0.532132
v 0.059318 0.292769 0.565979
v 0.059318 0.263757 0.527297
v 0.078659 0.278263 0.575650
v 0.098000 0.263757 0.585320
v 0.098000 0.239581 0.541803
v 0.078659 0.278263 0.575650
v 0.098000 0.239581 0.541803
v 0.078659 0.254086 0.532132
v 0.098000 0.263757 0.585320
v 0.107672 0.244416 0.594991
v 0.107672 0.220240 0.551473
v 0.098000 0.263757 0.585320
v 0.107672 0.220240 0.551473
v 0.098000 0.239581 0.541803
v -0.032552 0.553873 0.401580
v -0.037386 0.544203 0.406415
v -0.037386 0.520026 0.362898
v -0.032552 0.553873 0.401580
v -0.037386 0.520026 0.362898
v -0.032552 0.524862 0.358062
v -0.037386 0.544203 0.406415
v -0.037386 0.534532 0.411250
v -0.037386 0.510356 0.367733
v -0.037386 0.544203 0.406415
v -0.037386 0.510356 0.367733
v -0.037386 0.520026 0.362898
v -0.037386 0.534532 0.411250
v -0.032552 0.524862 0.416086
v -0.032552 0.500686 0.377404
v -0.037386 0.534532 0.411250
v -0.032552 0.500686 0.377404
v -0.037386 0.510356 0.367733
v -0.032552 0.524862 0.416086
v -0.027713 0.520026 0.420921
v -0.027713 0.491015 0.382239
v -0.032552 0.524862 0.416086
v -0.027713 0.491015 0.382239
v -0.032552 0.500686 0.377404
v -0.027713 0.520026 0.420921
v -0.018045 0.515191 0.425757
v -0.018045 0.486179 0.382239
v -0.027713 0.520026 0.420921
v -0.018045 0.486179 0.382239
v -0.027713 0.491015 0.382239
v -0.018045 0.515191 0.425757
v -0.008372 0.510356 0.425757
v -0.008372 0.486179 0.387074
v -0.018045 0.515191 0.425757
v -0.008372 0.486179 0.387074
v -0.018045 0.486179 0.382239
v 0.006129 0.510356 0.425757
v 0.006129 0.486179 0.387074
v -0.008372 0.510356 0.425757
v -0.008372 0.510356 0.425757
v 0.006129 0.486179 0.387074
v -0.008372 0.486179 0.387074
v 0.015802 0.515191 0.425757
v 0.015802 0.486179 0.382239
v 0.006129 0.510356 0.425757
v 0.006129 0.510356 0.425757
v 0.015802 0.486179 0.382239
v 0.006129 0.486179 0.387074
v 0.025470 0.520026 0.420921
v 0.025470 0.495850 0.377404
v 0.015802 0.515191 0.425757
v 0.015802 0.515191 0.425757
v 0.025470 0.495850 0.377404
v 0.015802 0.486179 0.382239
v 0.030309 0.529697 0.416086
v 0.030309 0.500686 0.377404
v 0.025470 0.520026 0.420921
v 0.025470 0.520026 0.420921
v 0.030309 0.500686 0.377404
v 0.025470 0.495850 0.377404
v 0.035143 0.544203 0.406415
v 0.035143 0.520026 0.362898
v 0.035143 0.534532 0.411250
v 0.035143 0.534532 0.411250
v 0.035143 0.520026 0.362898
v 0.035143 0.510356 0.367733
v -0.013211 0.229910 0.604661
v -0.018045 0.220240 0.614332
v -0.018045 0.191228 0.570815
v -0.013211 0.229910 0.604661
v -0.018045 0.191228 0.570815
v -0.013211 0.200899 0.565979
v -0.018045 0.220240 0.614332
v -0.018045 0.210570 0.619167
v -0.018045 0.181558 0.575650
v -0.018045 0.220240 0.614332
v -0.018045 0.181558 0.575650
v -0.018045 0.191228 0.570815
v -0.018045 0.210570 0.619167
v -0.013211 0.200899 0.624002
v -0.013211 0.176723 0.580485
v -0.018045 0.210570 0.619167
v -0.013211 0.176723 0.580485
v -0.018045 0.181558 0.575650
v -0.013211 0.200899 0.624002
v -0.008372 0.196063 0.628838
v -0.008372 0.167052 0.585320
v -0.013211 0.200899 0.624002
v -0.008372 0.167052 0.585320
v -0.013211 0.176723 0.580485
v -0.008372 0.196063 0.628838
v 0.001295 0.191228 0.633673
v 0.001295 0.162217 0.590155
v -0.008372 0.196063 0.628838
v 0.001295 0.162217 0.590155
v -0.008372 0.167052 0.585320
v 0.001295 0.191228 0.633673
v 0.010968 0.186393 0.633673
v 0.010968 0.157381 0.590155
v 0.001295 0.191228 0.633673
v 0.010968 0.157381 0.590155
v 0.001295 0.162217 0.590155
v 0.020636 0.186393 0.633673
v 0.020636 0.157381 0.590155
v 0.010968 0.186393 0.633673
v 0.010968 0.186393 0.633673
v 0.020636 0.157381 0.590155
v 0.010968 0.157381 0.590155
v 0.035143 0.191228 0.633673
v 0.035143 0.162217 0.590155
v 0.020636 0.186393 0.633673
v 0.020636 0.186393 0.633673
v 0.035143 0.162217 0.590155
v 0.020636 0.157381 0.590155
v 0.039977 0.196063 0.628838
v 0.039977 0.167052 0.585320
v 0.035143 0.191228 0.633673
v 0.035143 0.191228 0.633673
v 0.039977 0.167052 0.585320
v 0.035143 0.162217 0.590155
v 0.049650 0.200899 0.624002
v 0.049650 0.176723 0.580485
v 0.039977 0.196063 0.628838
v 0.039977 0.167052 0.585320
v 0.049650 0.210570 0.619167
v 0.049650 0.186393 0.575650
v 0.049650 0.200899 0.624002
v 0.049650 0.200899 0.624002
v 0.049650 0.186393 0.575650
v 0.049650 0.176723 0.580485
v 0.083498 -0.287463 -0.323710
v 0.102838 -0.321310 -0.347887
v 0.083498 -0.306805 -0.357557
v 0.083498 -0.287463 -0.323710
v 0.102838 -0.301969 -0.314040
v 0.102838 -0.321310 -0.347887
v 0.064157 -0.277793 -0.328545
v 0.083498 -0.306805 -0.357557
v 0.064157 -0.297134 -0.362392
v 0.064157 -0.277793 -0.328545
v 0.083498 -0.287463 -0.323710
v 0.083498 -0.306805 -0.357557
v 0.044816 -0.268123 -0.333381
v 0.064157 -0.297134 -0.362392
v 0.044816 -0.292299 -0.367227
v 0.044816 -0.268123 -0.333381
v 0.064157 -0.277793 -0.328545
v 0.064157 -0.297134 -0.362392
v 0.030309 -0.263287 -0.338216
v 0.044816 -0.292299 -0.367227
v 0.030309 -0.287463 -0.367227
v 0.030309 -0.263287 -0.338216
v 0.044816 -0.268123 -0.333381
v 0.044816 -0.292299 -0.367227
v 0.025470 -0.253616 -0.343051
v 0.030309 -0.287463 -0.367227
v 0.025470 -0.277793 -0.376899
v 0.025470 -0.253616 -0.343051
v 0.030309 -0.263287 -0.338216
v 0.030309 -0.287463 -0.367227
v 0.020636 -0.243946 -0.347887
v 0.025470 -0.277793 -0.376899
v 0.020636 -0.268123 -0.381734
v 0.020636 -0.243946 -0.347887
v 0.025470 -0.253616 -0.343051
v 0.025470 -0.277793 -0.376899
v 0.020636 -0.142405 -0.459098
v 0.020636 -0.243946 -0.347887
v 0.020636 -0.268123 -0.381734
v 0.020636 -0.118229 -0.425251
v 0.020636 -0.243946 -0.347887
v 0.020636 -0.142405 -0.459098
v 0.035143 -0.040865 -0.478439
v 0.035143 -0.050535 -0.517121
v 0.035143 -0.060206 -0.512285
v 0.035143 -0.031194 -0.483274
v 0.035143 -0.050535 -0.517121
v 0.035143 -0.040865 -0.478439
v 0.025470 -0.045700 -0.473604
v 0.035143 -0.060206 -0.512285
v 0.025470 -0.069876 -0.507450
v 0.035143 -0.040865 -0.478439
v 0.035143 -0.060206 -0.512285
v 0.025470 -0.045700 -0.473604
v 0.020636 -0.050535 -0.468768
v 0.025470 -0.069876 -0.507450
v 0.020636 -0.074712 -0.502615
v 0.025470 -0.045700 -0.473604
v 0.025470 -0.069876 -0.507450
v 0.020636 -0.050535 -0.468768
v 0.010968 -0.055370 -0.468768
v 0.020636 -0.074712 -0.502615
v 0.010968 -0.074712 -0.502615
v 0.020636 -0.050535 -0.468768
v 0.020636 -0.074712 -0.502615
v 0.010968 -0.055370 -0.468768
v -0.027713 -0.040865 -0.478439
v -0.022879 -0.069876 -0.507450
v -0.027713 -0.060206 -0.512285
v -0.027713 -0.040865 -0.478439
v -0.022879 -0.045700 -0.473604
v -0.022879 -0.069876 -0.507450
v -0.032552 -0.031194 -0.483274
v -0.027713 -0.060206 -0.512285
v -0.032552 -0.055370 -0.517121
v -0.032552 -0.031194 -0.483274
v -0.027713 -0.040865 -0.478439
v -0.027713 -0.060206 -0.512285
v -0.032552 -0.021523 -0.488109
v -0.032552 -0.055370 -0.517121
v -0.032552 -0.045700 -0.521957
v -0.032552 -0.021523 -0.488109
v -0.032552 -0.031194 -0.483274
v -0.032552 -0.055370 -0.517121
v -0.027713 -0.011853 -0.492945
v -0.032552 -0.045700 -0.521957
v -0.027713 -0.036030 -0.526792
v -0.027713 -0.011853 -0.492945
v -0.032552 -0.021523 -0.488109
v -0.032552 -0.045700 -0.521957
v 0.054484 -0.359993 -0.275357
v 0.054484 -0.374498 -0.314040
v 0.054484 -0.384169 -0.309204
v 0.054484 -0.350322 -0.280193
v 0.054484 -0.374498 -0.314040
v 0.054484 -0.359993 -0.275357
v 0.049650 -0.369663 -0.270522
v 0.054484 -0.384169 -0.309204
v 0.049650 -0.389004 -0.304369
v 0.054484 -0.359993 -0.275357
v 0.054484 -0.384169 -0.309204
v 0.049650 -0.369663 -0.270522
v 0.039977 -0.374498 -0.265687
v 0.049650 -0.389004 -0.304369
v 0.039977 -0.398675 -0.299534
v 0.049650 -0.369663 -0.270522
v 0.049650 -0.389004 -0.304369
v 0.039977 -0.374498 -0.265687
v 0.030309 -0.379333 -0.260852
v 0.039977 -0.398675 -0.299534
v 0.030309 -0.398675 -0.294699
v 0.039977 -0.374498 -0.265687
v 0.039977 -0.398675 -0.299534
v 0.030309 -0.379333 -0.260852
v 0.020636 -0.379333 -0.260852
v 0.030309 -0.398675 -0.294699
v 0.020636 -0.403510 -0.294699
v 0.030309 -0.379333 -0.260852
v 0.030309 -0.398675 -0.294699
v 0.020636 -0.379333 -0.260852
v 0.010968 -0.379333 -0.260852
v 0.020636 -0.403510 -0.294699
v 0.010968 -0.398675 -0.294699
v 0.010968 -0.379333 -0.260852
v 0.020636 -0.379333 -0.260852
v 0.020636 -0.403510 -0.294699
v 0.001295 -0.374498 -0.265687
v 0.010968 -0.398675 -0.294699
v 0.001295 -0.398675 -0.299534
v 0.001295 -0.374498 -0.265687
v 0.010968 -0.379333 -0.260852
v 0.010968 -0.398675 -0.294699
v -0.008372 -0.369663 -0.270522
v 0.001295 -0.398675 -0.299534
v -0.008372 -0.389004 -0.304369
v -0.008372 -0.369663 -0.270522
v 0.001295 -0.374498 -0.265687
v 0.001295 -0.398675 -0.299534
v -0.013211 -0.359993 -0.275357
v -0.008372 -0.389004 -0.304369
v -0.013211 -0.384169 -0.309204
v -0.013211 -0.359993 -0.275357
v -0.008372 -0.369663 -0.270522
v -0.008372 -0.389004 -0.304369
v -0.013211 -0.374498 -0.314040
v -0.013211 -0.350322 -0.280193
v -0.013211 -0.384169 -0.309204
v -0.013211 -0.359993 -0.275357
v -0.013211 -0.340651 -0.285028
v -0.013211 -0.374498 -0.314040
v -0.013211 -0.364828 -0.318875
v -0.013211 -0.340651 -0.285028
v -0.013211 -0.350322 -0.280193
v -0.013211 -0.374498 -0.314040
v 0.122179 -0.427686 -0.420415
v 0.122179 -0.476039 -0.449427
v 0.122179 -0.451863 -0.463933
v 0.122179 -0.427686 -0.420415
v 0.122179 -0.447028 -0.405910
v 0.122179 -0.476039 -0.449427
v 0.112506 -0.408345 -0.434922
v 0.122179 -0.451863 -0.463933
v 0.112506 -0.432521 -0.478439
v 0.112506 -0.408345 -0.434922
v 0.122179 -0.427686 -0.420415
v 0.122179 -0.451863 -0.463933
v 0.102838 -0.389004 -0.449427
v 0.112506 -0.432521 -0.478439
v 0.102838 -0.413181 -0.488109
v 0.102838 -0.389004 -0.449427
v 0.112506 -0.408345 -0.434922
v 0.112506 -0.432521 -0.478439
v 0.039977 -0.118229 -0.618662
v 0.039977 -0.132735 -0.667015
v 0.039977 -0.142405 -0.662179
v 0.035143 -0.108558 -0.623497
v 0.039977 -0.132735 -0.667015
v 0.039977 -0.118229 -0.618662
v 0.030309 -0.132735 -0.608991
v 0.035143 -0.152076 -0.657344
v 0.030309 -0.156911 -0.652508
v 0.035143 -0.123064 -0.613827
v 0.035143 -0.152076 -0.657344
v 0.030309 -0.132735 -0.608991
v 0.020636 -0.137570 -0.604156
v 0.030309 -0.156911 -0.652508
v 0.020636 -0.166582 -0.647673
v 0.030309 -0.132735 -0.608991
v 0.030309 -0.156911 -0.652508
v 0.020636 -0.137570 -0.604156
v 0.010968 -0.142405 -0.604156
v 0.020636 -0.166582 -0.647673
v 0.010968 -0.166582 -0.647673
v 0.020636 -0.137570 -0.604156
v 0.020636 -0.166582 -0.647673
v 0.010968 -0.142405 -0.604156
v -0.003539 -0.142405 -0.604156
v 0.010968 -0.166582 -0.647673
v -0.003539 -0.166582 -0.647673
v 0.010968 -0.142405 -0.604156
v 0.010968 -0.166582 -0.647673
v -0.003539 -0.142405 -0.604156
v -0.013211 -0.137570 -0.604156
v -0.003539 -0.166582 -0.647673
v -0.013211 -0.166582 -0.647673
v -0.013211 -0.137570 -0.604156
v -0.003539 -0.142405 -0.604156
v -0.003539 -0.166582 -0.647673
v -0.022879 -0.132735 -0.608991
v -0.013211 -0.166582 -0.647673
v -0.022879 -0.161746 -0.652508
v -0.022879 -0.132735 -0.608991
v -0.013211 -0.137570 -0.604156
v -0.013211 -0.166582 -0.647673
v -0.027713 -0.152076 -0.657344
v -0.027713 -0.127900 -0.613827
v -0.022879 -0.161746 -0.652508
v -0.022879 -0.132735 -0.608991
v -0.032552 -0.118229 -0.618662
v -0.027713 -0.152076 -0.657344
v -0.032552 -0.142405 -0.662179
v -0.032552 -0.118229 -0.618662
v -0.027713 -0.127900 -0.613827
v -0.027713 -0.152076 -0.657344
v -0.032552 -0.108558 -0.623497
v -0.032552 -0.142405 -0.662179
v -0.032552 -0.132735 -0.667015
v -0.032552 -0.108558 -0.623497
v -0.032552 -0.118229 -0.618662
v -0.032552 -0.142405 -0.662179
v -0.027713 -0.098888 -0.628332
v -0.032552 -0.132735 -0.667015
v -0.027713 -0.127900 -0.671850
v -0.027713 -0.098888 -0.628332
v -0.032552 -0.108558 -0.623497
v -0.032552 -0.132735 -0.667015
v -0.022879 -0.089217 -0.633167
v -0.027713 -0.127900 -0.671850
v -0.022879 -0.118229 -0.676685
v -0.022879 -0.089217 -0.633167
v -0.027713 -0.098888 -0.628332
v -0.027713 -0.127900 -0.671850
v -0.013211 -0.084382 -0.638003
v -0.022879 -0.118229 -0.676685
v -0.013211 -0.113393 -0.681520
v -0.013211 -0.084382 -0.638003
v -0.022879 -0.089217 -0.633167
v -0.022879 -0.118229 -0.676685
v 0.044816 -0.418016 -0.430086
v 0.035143 -0.437357 -0.473604
v 0.044816 -0.442192 -0.473604
v 0.035143 -0.408345 -0.434922
v 0.035143 -0.437357 -0.473604
v 0.044816 -0.418016 -0.430086
v 0.054484 -0.422851 -0.425251
v 0.044816 -0.442192 -0.473604
v 0.054484 -0.451863 -0.468768
v 0.044816 -0.418016 -0.430086
v 0.044816 -0.442192 -0.473604
v 0.054484 -0.422851 -0.425251
v 0.054484 -0.456698 -0.459098
v 0.054484 -0.432521 -0.420415
v 0.054484 -0.451863 -0.468768
v 0.054484 -0.422851 -0.425251
v 0.054484 -0.451863 -0.405910
v 0.054484 -0.466368 -0.454262
v 0.054484 -0.476039 -0.449427
v 0.054484 -0.442192 -0.410745
v 0.054484 -0.466368 -0.454262
v 0.054484 -0.451863 -0.405910
v 0.528341 -0.166582 -0.212499
v 0.600871 -0.166582 -0.212499
v 0.528341 -0.185923 -0.217334
v 0.600871 -0.166582 -0.212499
v 0.600871 -0.185923 -0.217334
v 0.528341 -0.185923 -0.217334
v 0.528341 -0.142405 -0.217334
v 0.600871 -0.142405 -0.217334
v 0.528341 -0.166582 -0.212499
v 0.600871 -0.166582 -0.212499
v 0.528341 -0.127900 -0.231840
v 0.600871 -0.127900 -0.231840
v 0.528341 -0.142405 -0.217334
v 0.600871 -0.127900 -0.231840
v 0.600871 -0.142405 -0.217334
v 0.528341 -0.142405 -0.217334
v 0.528341 -0.123064 -0.256017
v 0.600871 -0.123064 -0.256017
v 0.528341 -0.127900 -0.231840
v 0.600871 -0.123064 -0.256017
v 0.600871 -0.127900 -0.231840
v 0.528341 -0.127900 -0.231840
v 0.170529 -0.137570 -0.415580
v 0.020636 -0.205264 -0.420415
v 0.020636 -0.181088 -0.386569
v 0.020636 -0.224605 -0.362392
v 0.020636 -0.181088 -0.386569
v 0.020636 -0.243946 -0.396239
v 0.020636 -0.205264 -0.420415
v 0.170529 -0.137570 -0.415580
v 0.170529 -0.161746 -0.449427
v 0.020636 -0.205264 -0.420415
v 0.020636 -0.258452 -0.439757
v 0.020636 -0.292299 -0.488109
v 0.015802 -0.272958 -0.430086
v 0.006129 -0.282628 -0.425251
v 0.006129 -0.316475 -0.473604
v -0.008372 -0.292299 -0.420415
v -0.008372 -0.292299 -0.420415
v 0.006129 -0.316475 -0.473604
v -0.008372 -0.326146 -0.468768
v 0.015802 -0.272958 -0.430086
v 0.015802 -0.306805 -0.483274
v 0.006129 -0.282628 -0.425251
v 0.006129 -0.282628 -0.425251
v 0.015802 -0.306805 -0.483274
v 0.006129 -0.316475 -0.473604
v 0.015802 -0.272958 -0.430086
v 0.020636 -0.292299 -0.488109
v 0.015802 -0.306805 -0.483274
v -0.003539 -0.461533 -0.314040
v 0.020636 -0.466368 -0.309204
v 0.020636 -0.490544 -0.352722
v -0.027713 -0.451863 -0.318875
v -0.003539 -0.461533 -0.314040
v -0.003539 -0.490544 -0.357557
v -0.003539 -0.461533 -0.314040
v 0.020636 -0.490544 -0.352722
v -0.003539 -0.490544 -0.357557
v 0.044816 -0.461533 -0.314040
v 0.044816 -0.490544 -0.357557
v 0.020636 -0.466368 -0.309204
v 0.020636 -0.466368 -0.309204
v 0.044816 -0.490544 -0.357557
v 0.020636 -0.490544 -0.352722
v 0.068991 -0.451863 -0.318875
v 0.068991 -0.480874 -0.362392
v 0.044816 -0.461533 -0.314040
v 0.044816 -0.461533 -0.314040
v 0.068991 -0.480874 -0.362392
v 0.044816 -0.490544 -0.357557
v 0.083498 -0.437357 -0.328545
v 0.088332 -0.466368 -0.372063
v 0.068991 -0.451863 -0.318875
v 0.068991 -0.451863 -0.318875
v 0.088332 -0.466368 -0.372063
v 0.068991 -0.480874 -0.362392
v 0.098000 -0.418016 -0.338216
v 0.098000 -0.447028 -0.381734
v 0.083498 -0.437357 -0.328545
v 0.083498 -0.437357 -0.328545
v 0.098000 -0.447028 -0.381734
v 0.088332 -0.466368 -0.372063
v 0.102838 -0.398675 -0.352722
v 0.102838 -0.422851 -0.396239
v 0.098000 -0.418016 -0.338216
v 0.098000 -0.418016 -0.338216
v 0.102838 -0.422851 -0.396239
v 0.098000 -0.447028 -0.381734
v 0.098000 -0.374498 -0.367227
v 0.098000 -0.403510 -0.410745
v 0.102838 -0.398675 -0.352722
v 0.102838 -0.398675 -0.352722
v 0.098000 -0.403510 -0.410745
v 0.102838 -0.422851 -0.396239
v 0.083498 -0.355157 -0.376899
v 0.083498 -0.384169 -0.420415
v 0.098000 -0.374498 -0.367227
v 0.098000 -0.374498 -0.367227
v 0.083498 -0.384169 -0.420415
v 0.098000 -0.403510 -0.410745
v 0.068991 -0.340651 -0.386569
v 0.068991 -0.369663 -0.430086
v 0.083498 -0.355157 -0.376899
v 0.083498 -0.355157 -0.376899
v 0.068991 -0.369663 -0.430086
v 0.083498 -0.384169 -0.420415
v 0.020636 -0.330981 -0.396239
v 0.020636 -0.355157 -0.439757
v 0.044816 -0.330981 -0.391404
v 0.044816 -0.330981 -0.391404
v 0.020636 -0.355157 -0.439757
v 0.044816 -0.359993 -0.434922
v -0.003539 -0.330981 -0.391404
v -0.027713 -0.340651 -0.386569
v -0.027713 -0.369663 -0.430086
v -0.003539 -0.330981 -0.391404
v -0.027713 -0.369663 -0.430086
v -0.003539 -0.359993 -0.434922
v -0.027713 -0.340651 -0.386569
v -0.042220 -0.355157 -0.376899
v -0.042220 -0.384169 -0.420415
v -0.027713 -0.340651 -0.386569
v -0.042220 -0.384169 -0.420415
v -0.027713 -0.369663 -0.430086
v -0.042220 -0.355157 -0.376899
v -0.056727 -0.374498 -0.367227
v -0.056727 -0.403510 -0.410745
v -0.042220 -0.355157 -0.376899
v -0.056727 -0.403510 -0.410745
v -0.042220 -0.384169 -0.420415
v -0.027713 -0.451863 -0.318875
v -0.003539 -0.490544 -0.357557
v -0.027713 -0.480874 -0.362392
v 0.131847 -0.408345 -0.415580
v 0.131847 -0.418016 -0.488109
v 0.131847 -0.442192 -0.468768
v 0.131847 -0.384169 -0.430086
v 0.131847 -0.418016 -0.488109
v 0.131847 -0.408345 -0.415580
v 0.596032 -0.166582 -0.159311
v 0.571857 -0.490544 -0.671850
v 0.600871 -0.490544 -0.671850
v 0.571857 -0.166582 -0.159311
v 0.571857 -0.490544 -0.671850
v 0.596032 -0.166582 -0.159311
v 0.600871 -0.408345 -0.725038
v 0.600871 -0.408345 -0.676685
v 0.600871 -0.490544 -0.676685
v 0.600871 -0.161746 -0.159311
v 0.600871 -0.490544 -0.676685
v 0.600871 -0.200428 -0.231840
v 0.600871 -0.408345 -0.676685
v 0.600871 -0.432521 -0.671850
v 0.600871 -0.490544 -0.676685
v 0.600871 -0.432521 -0.671850
v 0.600871 -0.447028 -0.652508
v 0.600871 -0.490544 -0.676685
v 0.600871 -0.442192 -0.608991
v 0.600871 -0.490544 -0.676685
v 0.600871 -0.451863 -0.633167
v 0.600871 -0.210099 -0.251181
v 0.600871 -0.490544 -0.676685
v 0.600871 -0.442192 -0.608991
v 0.600871 -0.447028 -0.652508
v 0.600871 -0.451863 -0.633167
v 0.600871 -0.490544 -0.676685
v 0.600871 -0.200428 -0.231840
v 0.600871 -0.490544 -0.676685
v 0.600871 -0.210099 -0.251181
v 0.600871 -0.084382 -0.212499
v 0.600871 -0.369663 -0.657344
v 0.600871 -0.408345 -0.725038
v 0.600871 -0.389004 -0.671850
v 0.600871 -0.408345 -0.676685
v 0.600871 -0.408345 -0.725038
v 0.600871 -0.369663 -0.657344
v 0.600871 -0.389004 -0.671850
v 0.600871 -0.408345 -0.725038
v 0.600871 -0.084382 -0.212499
v 0.600871 -0.161746 -0.159311
v 0.600871 -0.166582 -0.212499
v 0.600871 -0.084382 -0.212499
v 0.600871 -0.364828 -0.633167
v 0.600871 -0.369663 -0.657344
v 0.600871 -0.084382 -0.212499
v 0.600871 -0.127900 -0.275357
v 0.600871 -0.364828 -0.633167
v 0.600871 -0.084382 -0.212499
v 0.600871 -0.123064 -0.256017
v 0.600871 -0.127900 -0.275357
v 0.600871 -0.084382 -0.212499
v 0.600871 -0.127900 -0.231840
v 0.600871 -0.123064 -0.256017
v 0.600871 -0.084382 -0.212499
v 0.600871 -0.142405 -0.217334
v 0.600871 -0.127900 -0.231840
v 0.600871 -0.084382 -0.212499
v 0.600871 -0.166582 -0.212499
v 0.600871 -0.142405 -0.217334
v 0.600871 -0.166582 -0.212499
v 0.600871 -0.161746 -0.159311
v 0.600871 -0.185923 -0.217334
v 0.600871 -0.161746 -0.159311
v 0.600871 -0.200428 -0.231840
v 0.600871 -0.185923 -0.217334
v 0.600871 -0.127900 -0.275357
v 0.600871 -0.369663 -0.613827
v 0.600871 -0.364828 -0.633167
v 0.600871 -0.127900 -0.275357
v 0.600871 -0.384169 -0.599320
v 0.600871 -0.369663 -0.613827
v 0.600871 -0.403510 -0.589650
v 0.600871 -0.384169 -0.599320
v 0.600871 -0.190758 -0.289864
v 0.600871 -0.166582 -0.294699
v 0.600871 -0.147241 -0.289864
v 0.600871 -0.166582 -0.294699
v 0.600871 -0.384169 -0.599320
v 0.600871 -0.127900 -0.275357
v 0.600871 -0.147241 -0.289864
v 0.600871 -0.384169 -0.599320
v 0.600871 -0.190758 -0.289864
v 0.600871 -0.427686 -0.594485
v 0.600871 -0.403510 -0.589650
v 0.600871 -0.190758 -0.289864
v 0.600871 -0.442192 -0.608991
v 0.600871 -0.427686 -0.594485
v 0.600871 -0.190758 -0.289864
v 0.600871 -0.205264 -0.275357
v 0.600871 -0.442192 -0.608991
v 0.600871 -0.205264 -0.275357
v 0.600871 -0.210099 -0.251181
v 0.600871 -0.442192 -0.608991
v 0.039977 -0.374498 -0.430086
v 0.039977 -0.374498 -0.434922
v 0.059318 -0.384169 -0.430086
v 0.059318 -0.379333 -0.425251
v 0.059318 -0.384169 -0.430086
v 0.073825 -0.398675 -0.425251
v 0.039977 -0.374498 -0.430086
v 0.059318 -0.384169 -0.430086
v 0.059318 -0.379333 -0.425251
v 0.073825 -0.393839 -0.415580
v 0.073825 -0.398675 -0.425251
v 0.083498 -0.413181 -0.415580
v 0.059318 -0.379333 -0.425251
v 0.073825 -0.398675 -0.425251
v 0.073825 -0.393839 -0.415580
v 0.083498 -0.408345 -0.405910
v 0.083498 -0.413181 -0.415580
v 0.088332 -0.427686 -0.401075
v 0.073825 -0.393839 -0.415580
v 0.083498 -0.413181 -0.415580
v 0.083498 -0.408345 -0.405910
v 0.083498 -0.408345 -0.405910
v 0.088332 -0.427686 -0.401075
v 0.088332 -0.422851 -0.396239
v 0.243058 0.181558 0.391910
v 0.243058 0.128370 0.420921
v 0.243058 0.176723 0.493450
v 0.243058 0.225075 0.459603
v 0.243058 0.181558 0.391910
v 0.243058 0.176723 0.493450
v 0.218883 0.229910 0.406415
v 0.204377 0.215405 0.367733
v 0.218883 0.210570 0.372569
v 0.204377 0.234746 0.401580
v 0.204377 0.215405 0.367733
v 0.218883 0.229910 0.406415
v 0.233390 0.249251 0.449933
v 0.218883 0.210570 0.372569
v 0.233390 0.200899 0.377404
v 0.218883 0.254086 0.445097
v 0.218883 0.210570 0.372569
v 0.233390 0.249251 0.449933
v 0.218883 0.254086 0.445097
v 0.218883 0.229910 0.406415
v 0.218883 0.210570 0.372569
v 0.238224 0.239581 0.454768
v 0.233390 0.200899 0.377404
v 0.238224 0.191228 0.382239
v 0.233390 0.249251 0.449933
v 0.233390 0.200899 0.377404
v 0.238224 0.239581 0.454768
v 0.243058 0.181558 0.391910
v 0.243058 0.225075 0.459603
v 0.238224 0.191228 0.382239
v 0.238224 0.239581 0.454768
v 0.194709 0.360463 0.377404
v 0.194709 0.336286 0.338722
v 0.218883 0.229910 0.406415
v 0.194709 0.360463 0.377404
v 0.218883 0.229910 0.406415
v 0.218883 0.254086 0.440262
v 0.194709 0.336286 0.338722
v 0.204377 0.234746 0.401580
v 0.218883 0.229910 0.406415
v 0.165695 0.336286 0.338722
v 0.204377 0.234746 0.401580
v 0.194709 0.336286 0.338722
v 0.591198 0.399145 0.735213
v 0.567023 0.075182 0.222675
v 0.596032 0.075182 0.222675
v 0.567023 0.399145 0.735213
v 0.567023 0.075182 0.222675
v 0.591198 0.399145 0.735213
v 0.596032 0.157381 0.169487
v 0.596032 0.157381 0.217840
v 0.596032 0.075182 0.217840
v 0.596032 0.403980 0.735213
v 0.596032 0.075182 0.217840
v 0.596032 0.365298 0.667520
v 0.596032 0.157381 0.217840
v 0.596032 0.138040 0.227510
v 0.596032 0.075182 0.217840
v 0.596032 0.138040 0.227510
v 0.596032 0.123535 0.242016
v 0.596032 0.075182 0.217840
v 0.596032 0.123535 0.285534
v 0.596032 0.075182 0.217840
v 0.596032 0.118699 0.266192
v 0.596032 0.355628 0.643343
v 0.596032 0.075182 0.217840
v 0.596032 0.123535 0.285534
v 0.596032 0.123535 0.242016
v 0.596032 0.118699 0.266192
v 0.596032 0.075182 0.217840
v 0.596032 0.365298 0.667520
v 0.596032 0.075182 0.217840
v 0.596032 0.355628 0.643343
v 0.596032 0.481344 0.686861
v 0.596032 0.196063 0.237181
v 0.596032 0.157381 0.169487
v 0.596032 0.181558 0.222675
v 0.596032 0.157381 0.217840
v 0.596032 0.157381 0.169487
v 0.596032 0.196063 0.237181
v 0.596032 0.181558 0.222675
v 0.596032 0.157381 0.169487
v 0.596032 0.481344 0.686861
v 0.596032 0.403980 0.735213
v 0.596032 0.403980 0.686861
v 0.596032 0.481344 0.686861
v 0.596032 0.200899 0.261357
v 0.596032 0.196063 0.237181
v 0.596032 0.481344 0.686861
v 0.596032 0.437827 0.619167
v 0.596032 0.200899 0.261357
v 0.596032 0.481344 0.686861
v 0.596032 0.442663 0.638508
v 0.596032 0.437827 0.619167
v 0.596032 0.481344 0.686861
v 0.596032 0.437827 0.662685
v 0.596032 0.442663 0.638508
v 0.596032 0.481344 0.686861
v 0.596032 0.423321 0.677190
v 0.596032 0.437827 0.662685
v 0.596032 0.481344 0.686861
v 0.596032 0.403980 0.686861
v 0.596032 0.423321 0.677190
v 0.596032 0.403980 0.686861
v 0.596032 0.403980 0.735213
v 0.596032 0.379804 0.682025
v 0.596032 0.403980 0.735213
v 0.596032 0.365298 0.667520
v 0.596032 0.379804 0.682025
v 0.596032 0.437827 0.619167
v 0.596032 0.196063 0.280699
v 0.596032 0.200899 0.261357
v 0.596032 0.437827 0.619167
v 0.596032 0.181558 0.300039
v 0.596032 0.196063 0.280699
v 0.596032 0.379804 0.604661
v 0.596032 0.162217 0.304875
v 0.596032 0.181558 0.300039
v 0.596032 0.399145 0.599826
v 0.596032 0.379804 0.604661
v 0.596032 0.181558 0.300039
v 0.596032 0.418486 0.604661
v 0.596032 0.399145 0.599826
v 0.596032 0.181558 0.300039
v 0.596032 0.437827 0.619167
v 0.596032 0.418486 0.604661
v 0.596032 0.181558 0.300039
v 0.596032 0.379804 0.604661
v 0.596032 0.138040 0.300039
v 0.596032 0.162217 0.304875
v 0.596032 0.379804 0.604661
v 0.596032 0.123535 0.285534
v 0.596032 0.138040 0.300039
v 0.596032 0.379804 0.604661
v 0.596032 0.360463 0.624002
v 0.596032 0.123535 0.285534
v 0.596032 0.360463 0.624002
v 0.596032 0.355628 0.643343
v 0.596032 0.123535 0.285534
v 0.596032 0.437827 0.662685
v 0.523507 0.437827 0.662685
v 0.596032 0.442663 0.638508
v 0.523507 0.442663 0.638508
v 0.596032 0.423321 0.677190
v 0.523507 0.423321 0.677190
v 0.596032 0.437827 0.662685
v 0.523507 0.437827 0.662685
v 0.596032 0.403980 0.686861
v 0.523507 0.403980 0.686861
v 0.596032 0.423321 0.677190
v 0.523507 0.423321 0.677190
v 0.596032 0.403980 0.686861
v 0.596032 0.379804 0.682025
v 0.523507 0.379804 0.682025
v 0.523507 0.403980 0.686861
v 0.596032 0.403980 0.686861
v 0.523507 0.379804 0.682025
v 0.015802 0.384639 0.507956
v 0.015802 0.316945 0.474109
v 0.015802 0.316945 0.551473
v 0.015802 0.316945 0.474109
v 0.015802 0.283098 0.493450
v 0.015802 0.316945 0.551473
v 0.015802 0.384639 0.507956
v 0.015802 0.316945 0.401580
v 0.015802 0.316945 0.474109
v 0.001295 0.292769 0.488615
v 0.010968 0.273428 0.430592
v 0.001295 0.258922 0.440262
v 0.010968 0.302440 0.483780
v 0.015802 0.287933 0.420921
v 0.010968 0.273428 0.430592
v 0.010968 0.302440 0.483780
v 0.010968 0.273428 0.430592
v 0.001295 0.292769 0.488615
v -0.013211 0.287933 0.493450
v 0.001295 0.258922 0.440262
v -0.013211 0.254086 0.440262
v 0.001295 0.292769 0.488615
v 0.001295 0.258922 0.440262
v -0.013211 0.287933 0.493450
v 0.218883 0.254086 0.440262
v 0.218883 0.229910 0.406415
v 0.218883 0.254086 0.445097
v 0.015802 0.316945 0.401580
v 0.015802 0.287933 0.420921
v 0.015802 0.316945 0.474109
v 0.015802 0.316945 0.474109
v 0.015802 0.287933 0.420921
v 0.010968 0.302440 0.483780
v 0.039977 0.113864 0.594991
v 0.064157 0.094523 0.541803
v 0.039977 0.084852 0.551473
v -0.027713 0.094523 0.541803
v -0.027713 0.123535 0.590155
v -0.008372 0.084852 0.551473
v -0.008372 0.113864 0.594991
v -0.047054 0.215405 0.527297
v -0.061561 0.167052 0.498285
v -0.047054 0.186393 0.483780
v -0.047054 0.215405 0.527297
v -0.061561 0.196063 0.541803
v -0.061561 0.167052 0.498285
v -0.032552 0.229910 0.517627
v -0.047054 0.186393 0.483780
v -0.032552 0.200899 0.474109
v -0.032552 0.229910 0.517627
v -0.047054 0.215405 0.527297
v -0.047054 0.186393 0.483780
v -0.008372 0.239581 0.512791
v -0.032552 0.200899 0.474109
v -0.008372 0.210570 0.469274
v -0.008372 0.239581 0.512791
v -0.032552 0.229910 0.517627
v -0.032552 0.200899 0.474109
v 0.083498 0.215405 0.527297
v 0.064157 0.205734 0.474109
v 0.083498 0.186393 0.483780
v 0.064157 0.229910 0.517627
v 0.064157 0.205734 0.474109
v 0.083498 0.215405 0.527297
v 0.093166 0.196063 0.541803
v 0.083498 0.186393 0.483780
v 0.093166 0.171887 0.498285
v 0.083498 0.215405 0.527297
v 0.083498 0.186393 0.483780
v 0.093166 0.196063 0.541803
v 0.098000 0.176723 0.551473
v 0.093166 0.171887 0.498285
v 0.098000 0.147711 0.507956
v 0.093166 0.196063 0.541803
v 0.093166 0.171887 0.498285
v 0.098000 0.176723 0.551473
v 0.093166 0.157381 0.565979
v 0.098000 0.147711 0.507956
v 0.093166 0.128370 0.522462
v 0.098000 0.176723 0.551473
v 0.098000 0.147711 0.507956
v 0.093166 0.157381 0.565979
v 0.083498 0.138040 0.580485
v 0.093166 0.128370 0.522462
v 0.083498 0.109028 0.536968
v 0.093166 0.157381 0.565979
v 0.093166 0.128370 0.522462
v 0.083498 0.138040 0.580485
v 0.064157 0.123535 0.590155
v 0.083498 0.109028 0.536968
v 0.064157 0.094523 0.541803
v 0.083498 0.138040 0.580485
v 0.083498 0.109028 0.536968
v 0.064157 0.123535 0.590155
v 0.064157 0.123535 0.590155
v 0.064157 0.094523 0.541803
v 0.039977 0.113864 0.594991
v 0.054484 0.138040 0.590155
v 0.035143 0.123535 0.585320
v 0.035143 0.128370 0.594991
v 0.068991 0.147711 0.580485
v 0.054484 0.133205 0.580485
v 0.054484 0.138040 0.590155
v 0.054484 0.138040 0.590155
v 0.054484 0.133205 0.580485
v 0.035143 0.123535 0.585320
v 0.078659 0.162217 0.570815
v 0.068991 0.142876 0.575650
v 0.068991 0.147711 0.580485
v 0.068991 0.147711 0.580485
v 0.068991 0.142876 0.575650
v 0.054484 0.133205 0.580485
v 0.083498 0.181558 0.561144
v 0.078659 0.162217 0.565979
v 0.078659 0.162217 0.570815
v 0.078659 0.162217 0.570815
v 0.078659 0.162217 0.565979
v 0.068991 0.142876 0.575650
v 0.078659 0.196063 0.551473
v 0.083498 0.176723 0.551473
v 0.083498 0.181558 0.561144
v 0.083498 0.181558 0.561144
v 0.083498 0.176723 0.551473
v 0.078659 0.162217 0.565979
v 0.068991 0.215405 0.541803
v 0.078659 0.196063 0.541803
v 0.078659 0.196063 0.551473
v 0.078659 0.196063 0.551473
v 0.078659 0.196063 0.541803
v 0.083498 0.176723 0.551473
v 0.054484 0.225075 0.532132
v 0.068991 0.210570 0.532132
v 0.068991 0.215405 0.541803
v 0.068991 0.215405 0.541803
v 0.068991 0.210570 0.532132
v 0.078659 0.196063 0.541803
v 0.035143 0.234746 0.527297
v 0.054484 0.220240 0.527297
v 0.054484 0.225075 0.532132
v 0.054484 0.225075 0.532132
v 0.054484 0.220240 0.527297
v 0.068991 0.210570 0.532132
v 0.035143 0.234746 0.527297
v 0.035143 0.229910 0.522462
v 0.054484 0.220240 0.527297
v -0.022879 0.225075 0.532132
v -0.037386 0.210570 0.541803
v -0.022879 0.220240 0.527297
v -0.037386 0.210570 0.541803
v -0.047054 0.196063 0.551473
v -0.037386 0.210570 0.532132
v -0.022879 0.220240 0.527297
v -0.037386 0.210570 0.541803
v -0.037386 0.210570 0.532132
v -0.047054 0.196063 0.551473
v -0.047054 0.181558 0.561144
v -0.047054 0.191228 0.541803
v -0.037386 0.210570 0.532132
v -0.047054 0.196063 0.551473
v -0.047054 0.191228 0.541803
v -0.047054 0.181558 0.561144
v -0.047054 0.162217 0.570815
v -0.047054 0.176723 0.551473
v -0.047054 0.191228 0.541803
v -0.047054 0.181558 0.561144
v -0.047054 0.176723 0.551473
v -0.047054 0.162217 0.570815
v -0.037386 0.147711 0.580485
v -0.047054 0.157381 0.565979
v -0.047054 0.176723 0.551473
v -0.047054 0.162217 0.570815
v -0.047054 0.157381 0.565979
v -0.037386 0.147711 0.580485
v -0.022879 0.138040 0.590155
v -0.037386 0.142876 0.575650
v -0.047054 0.157381 0.565979
v -0.037386 0.147711 0.580485
v -0.037386 0.142876 0.575650
v -0.037386 0.142876 0.575650
v -0.022879 0.138040 0.590155
v -0.022879 0.133205 0.580485
v 0.015802 0.292769 0.362898
v 0.015802 0.254086 0.391910
v 0.204377 0.234746 0.401580
v 0.165695 0.336286 0.338722
v 0.015802 0.292769 0.362898
v 0.204377 0.234746 0.401580
v 0.107672 0.244416 0.594991
v 0.117340 0.225075 0.609497
v 0.117340 0.200899 0.565979
v 0.107672 0.244416 0.594991
v 0.117340 0.200899 0.565979
v 0.107672 0.220240 0.551473
v 0.117340 0.225075 0.609497
v 0.117340 0.200899 0.624002
v 0.117340 0.176723 0.580485
v 0.117340 0.225075 0.609497
v 0.117340 0.176723 0.580485
v 0.117340 0.200899 0.565979
v 0.001295 0.133205 0.667520
v 0.001295 0.104193 0.624002
v 0.025470 0.133205 0.667520
v 0.025470 0.133205 0.667520
v 0.001295 0.104193 0.624002
v 0.030309 0.104193 0.624002
v -0.022879 0.138040 0.662685
v -0.022879 0.109028 0.624002
v 0.001295 0.133205 0.667520
v 0.001295 0.133205 0.667520
v -0.022879 0.109028 0.624002
v 0.001295 0.104193 0.624002
v -0.061561 0.167052 0.648178
v -0.061561 0.138040 0.604661
v -0.047054 0.147711 0.657849
v -0.047054 0.147711 0.657849
v -0.061561 0.138040 0.604661
v -0.047054 0.123535 0.614332
v 0.001295 0.568379 0.391910
v -0.008372 0.568379 0.391910
v -0.008372 0.544203 0.348392
v 0.001295 0.568379 0.391910
v -0.008372 0.544203 0.348392
v 0.001295 0.544203 0.348392
v -0.008372 0.568379 0.391910
v -0.018045 0.568379 0.391910
v -0.018045 0.539368 0.348392
v -0.008372 0.568379 0.391910
v -0.018045 0.539368 0.348392
v -0.008372 0.544203 0.348392
v -0.018045 0.568379 0.391910
v -0.027713 0.558709 0.396745
v -0.027713 0.534532 0.353227
v -0.018045 0.568379 0.391910
v -0.027713 0.534532 0.353227
v -0.018045 0.539368 0.348392
v -0.027713 0.558709 0.396745
v -0.032552 0.553873 0.401580
v -0.032552 0.524862 0.358062
v -0.027713 0.558709 0.396745
v -0.032552 0.524862 0.358062
v -0.027713 0.534532 0.353227
v 0.020636 0.244416 0.594991
v 0.020636 0.220240 0.556308
v 0.030309 0.244416 0.599826
v 0.030309 0.244416 0.599826
v 0.030309 0.215405 0.556308
v 0.039977 0.234746 0.599826
v 0.030309 0.244416 0.599826
v 0.020636 0.220240 0.556308
v 0.030309 0.215405 0.556308
v 0.020636 0.244416 0.594991
v 0.010968 0.244416 0.594991
v 0.010968 0.220240 0.556308
v 0.020636 0.244416 0.594991
v 0.010968 0.220240 0.556308
v 0.020636 0.220240 0.556308
v 0.010968 0.244416 0.594991
v 0.001295 0.239581 0.599826
v 0.001295 0.215405 0.556308
v 0.010968 0.244416 0.594991
v 0.001295 0.215405 0.556308
v 0.010968 0.220240 0.556308
v 0.001295 0.239581 0.599826
v -0.008372 0.234746 0.599826
v -0.008372 0.210570 0.561144
v 0.001295 0.239581 0.599826
v -0.008372 0.210570 0.561144
v 0.001295 0.215405 0.556308
v -0.008372 0.234746 0.599826
v -0.013211 0.229910 0.604661
v -0.013211 0.200899 0.565979
v -0.008372 0.234746 0.599826
v -0.013211 0.200899 0.565979
v -0.008372 0.210570 0.561144
v 0.049650 0.229910 0.604661
v 0.049650 0.200899 0.565979
v 0.049650 0.220240 0.609497
v 0.049650 0.220240 0.609497
v 0.049650 0.200899 0.565979
v 0.049650 0.196063 0.570815
v 0.039977 0.234746 0.599826
v 0.039977 0.210570 0.561144
v 0.049650 0.229910 0.604661
v 0.049650 0.229910 0.604661
v 0.039977 0.210570 0.561144
v 0.049650 0.200899 0.565979
v 0.039977 0.234746 0.599826
v 0.030309 0.215405 0.556308
v 0.039977 0.210570 0.561144
v -0.129256 -0.330981 -0.294699
v -0.138924 -0.350322 -0.328545
v -0.129256 -0.350322 -0.328545
v -0.129256 -0.330981 -0.294699
v -0.129256 -0.350322 -0.328545
v -0.114749 -0.335816 -0.289864
v -0.138924 -0.326146 -0.294699
v -0.138924 -0.350322 -0.328545
v -0.129256 -0.330981 -0.294699
v -0.114749 -0.335816 -0.289864
v -0.129256 -0.350322 -0.328545
v -0.114749 -0.359993 -0.323710
v -0.114749 -0.335816 -0.289864
v -0.114749 -0.359993 -0.323710
v -0.061561 -0.422851 -0.285028
v -0.114749 -0.335816 -0.289864
v -0.061561 -0.422851 -0.285028
v -0.061561 -0.403510 -0.251181
v -0.061561 -0.403510 -0.251181
v -0.061561 -0.422851 -0.285028
v -0.042220 -0.418016 -0.236676
v -0.042220 -0.418016 -0.236676
v -0.061561 -0.422851 -0.285028
v -0.042220 -0.437357 -0.270522
v -0.018045 -0.427686 -0.231840
v -0.042220 -0.437357 -0.270522
v -0.018045 -0.451863 -0.265687
v -0.042220 -0.418016 -0.236676
v -0.042220 -0.437357 -0.270522
v -0.018045 -0.427686 -0.231840
v 0.006129 -0.437357 -0.227005
v -0.018045 -0.451863 -0.265687
v 0.006129 -0.456698 -0.260852
v -0.018045 -0.427686 -0.231840
v -0.018045 -0.451863 -0.265687
v 0.006129 -0.437357 -0.227005
v 0.020636 -0.321310 -0.299534
v 0.010968 -0.345486 -0.333381
v 0.020636 -0.345486 -0.333381
v 0.010968 -0.321310 -0.299534
v 0.001295 -0.350322 -0.328545
v 0.010968 -0.345486 -0.333381
v 0.020636 -0.321310 -0.299534
v 0.010968 -0.321310 -0.299534
v 0.010968 -0.345486 -0.333381
v 0.030309 -0.321310 -0.299534
v 0.020636 -0.345486 -0.333381
v 0.030309 -0.345486 -0.333381
v 0.020636 -0.321310 -0.299534
v 0.020636 -0.345486 -0.333381
v 0.030309 -0.321310 -0.299534
v 0.039977 -0.326146 -0.294699
v 0.030309 -0.345486 -0.333381
v 0.039977 -0.350322 -0.328545
v 0.030309 -0.321310 -0.299534
v 0.030309 -0.345486 -0.333381
v 0.039977 -0.326146 -0.294699
v 0.049650 -0.335816 -0.289864
v 0.039977 -0.350322 -0.328545
v 0.049650 -0.355157 -0.323710
v 0.039977 -0.326146 -0.294699
v 0.039977 -0.350322 -0.328545
v 0.049650 -0.335816 -0.289864
v 0.054484 -0.340651 -0.285028
v 0.049650 -0.355157 -0.323710
v 0.054484 -0.364828 -0.318875
v 0.049650 -0.335816 -0.289864
v 0.049650 -0.355157 -0.323710
v 0.054484 -0.340651 -0.285028
v 0.054484 -0.350322 -0.280193
v 0.054484 -0.364828 -0.318875
v 0.054484 -0.374498 -0.314040
v 0.054484 -0.340651 -0.285028
v 0.054484 -0.364828 -0.318875
v 0.054484 -0.350322 -0.280193
v -0.008372 -0.335816 -0.289864
v -0.013211 -0.364828 -0.318875
v -0.008372 -0.355157 -0.323710
v -0.008372 -0.335816 -0.289864
v -0.013211 -0.340651 -0.285028
v -0.013211 -0.364828 -0.318875
v 0.001295 -0.326146 -0.294699
v -0.008372 -0.355157 -0.323710
v 0.001295 -0.350322 -0.328545
v 0.001295 -0.326146 -0.294699
v -0.008372 -0.335816 -0.289864
v -0.008372 -0.355157 -0.323710
v 0.010968 -0.321310 -0.299534
v 0.001295 -0.326146 -0.294699
v 0.001295 -0.350322 -0.328545
v 0.247897 -0.321310 -0.401075
v 0.247897 -0.369663 -0.367227
v 0.247897 -0.326146 -0.294699
v 0.243058 -0.272958 -0.328545
v 0.247897 -0.321310 -0.401075
v 0.247897 -0.326146 -0.294699
v 0.020636 -0.224605 -0.362392
v 0.209211 -0.263287 -0.381734
v 0.209211 -0.243946 -0.347887
v 0.020636 -0.224605 -0.362392
v 0.020636 -0.243946 -0.396239
v 0.209211 -0.263287 -0.381734
v -0.080902 -0.509886 -0.280193
v 0.006129 -0.548568 -0.328545
v 0.006129 -0.514721 -0.280193
v -0.080902 -0.509886 -0.280193
v -0.080902 -0.538898 -0.333381
v 0.006129 -0.548568 -0.328545
v 0.600871 -0.161746 -0.159311
v 0.600871 -0.490544 -0.671850
v 0.600871 -0.490544 -0.676685
v 0.600871 -0.161746 -0.159311
v 0.596032 -0.166582 -0.159311
v 0.600871 -0.490544 -0.671850
v 0.020636 -0.369663 -0.430086
v 0.020636 -0.374498 -0.439757
v 0.039977 -0.374498 -0.434922
v 0.020636 -0.369663 -0.430086
v 0.039977 -0.374498 -0.434922
v 0.039977 -0.374498 -0.430086
v 0.596032 0.403980 0.735213
v 0.596032 0.075182 0.222675
v 0.596032 0.075182 0.217840
v 0.596032 0.403980 0.735213
v 0.591198 0.399145 0.735213
v 0.596032 0.075182 0.222675
v 0.127013 0.234746 0.599826
v 0.127013 0.200899 0.546638
v 0.165695 0.205734 0.624002
v 0.127013 0.200899 0.546638
v 0.165695 0.167052 0.565979
v 0.165695 0.205734 0.624002
v 0.127013 0.258922 0.585320
v 0.127013 0.225075 0.532132
v 0.127013 0.234746 0.599826
v 0.127013 0.234746 0.599826
v 0.127013 0.225075 0.532132
v 0.127013 0.200899 0.546638
v 0.039977 0.205734 0.420921
v 0.064157 0.200899 0.425757
v 0.064157 0.176723 0.391910
v 0.039977 0.205734 0.420921
v 0.064157 0.176723 0.391910
v 0.039977 0.186393 0.387074
v 0.083498 0.191228 0.430592
v 0.098000 0.176723 0.440262
v 0.098000 0.152546 0.406415
v 0.083498 0.191228 0.430592
v 0.098000 0.152546 0.406415
v 0.083498 0.167052 0.396745
v -0.018045 0.113864 0.478944
v -0.013211 0.109028 0.483780
v -0.013211 0.084852 0.449933
v -0.018045 0.113864 0.478944
v -0.013211 0.084852 0.449933
v -0.018045 0.094523 0.445097
v 0.049650 0.113864 0.478944
v 0.049650 0.094523 0.445097
v 0.044816 0.109028 0.483780
v 0.044816 0.109028 0.483780
v 0.049650 0.094523 0.445097
v 0.044816 0.084852 0.449933
v 0.049650 0.220240 0.609497
v 0.049650 0.196063 0.570815
v 0.049650 0.210570 0.619167
v 0.049650 0.210570 0.619167
v 0.049650 0.196063 0.570815
v 0.049650 0.186393 0.575650
v 0.035143 -0.050535 -0.517121
v 0.035143 -0.031194 -0.483274
v 0.035143 -0.040865 -0.521957
v 0.035143 -0.021523 -0.488109
v -0.003539 -0.055370 -0.468768
v 0.010968 -0.074712 -0.502615
v -0.003539 -0.074712 -0.502615
v 0.010968 -0.055370 -0.468768
v 0.010968 -0.074712 -0.502615
v -0.003539 -0.055370 -0.468768
v -0.013211 -0.055370 -0.468768
v -0.003539 -0.074712 -0.502615
v -0.013211 -0.074712 -0.502615
v -0.013211 -0.055370 -0.468768
v -0.003539 -0.055370 -0.468768
v -0.003539 -0.074712 -0.502615
v -0.013211 -0.002182 -0.502615
v -0.022879 -0.026359 -0.531627
v -0.013211 -0.021523 -0.536462
v -0.013211 -0.002182 -0.502615
v -0.022879 -0.007018 -0.497780
v -0.022879 -0.026359 -0.531627
v 0.006129 -0.519556 -0.362392
v -0.018045 -0.543733 -0.410745
v 0.006129 -0.548568 -0.405910
v -0.018045 -0.514721 -0.367227
v -0.018045 -0.543733 -0.410745
v 0.006129 -0.519556 -0.362392
v 0.030309 -0.519556 -0.362392
v 0.006129 -0.548568 -0.405910
v 0.030309 -0.548568 -0.405910
v 0.006129 -0.519556 -0.362392
v 0.006129 -0.548568 -0.405910
v 0.030309 -0.519556 -0.362392
v 0.083498 -0.374498 -0.454262
v 0.102838 -0.413181 -0.488109
v 0.083498 -0.398675 -0.497780
v 0.083498 -0.374498 -0.454262
v 0.102838 -0.389004 -0.449427
v 0.102838 -0.413181 -0.488109
v 0.044816 -0.355157 -0.468768
v 0.064157 -0.389004 -0.507450
v 0.044816 -0.379333 -0.512285
v 0.044816 -0.355157 -0.468768
v 0.064157 -0.359993 -0.463933
v 0.064157 -0.389004 -0.507450
v 0.030309 -0.350322 -0.468768
v 0.044816 -0.379333 -0.512285
v 0.030309 -0.374498 -0.512285
v 0.030309 -0.350322 -0.468768
v 0.044816 -0.355157 -0.468768
v 0.044816 -0.379333 -0.512285
v 0.025470 -0.340651 -0.478439
v 0.030309 -0.374498 -0.512285
v 0.025470 -0.369663 -0.517121
v 0.025470 -0.340651 -0.478439
v 0.030309 -0.350322 -0.468768
v 0.030309 -0.374498 -0.512285
v 0.035143 -0.408345 -0.434922
v 0.025470 -0.432521 -0.478439
v 0.035143 -0.437357 -0.473604
v 0.025470 -0.408345 -0.434922
v 0.025470 -0.432521 -0.478439
v 0.035143 -0.408345 -0.434922
v 0.054484 -0.442192 -0.410745
v 0.054484 -0.456698 -0.459098
v 0.054484 -0.466368 -0.454262
v 0.054484 -0.432521 -0.420415
v 0.054484 -0.456698 -0.459098
v 0.054484 -0.442192 -0.410745
v 0.044816 -0.456698 -0.401075
v 0.054484 -0.476039 -0.449427
v 0.044816 -0.485709 -0.444592
v 0.054484 -0.451863 -0.405910
v 0.054484 -0.476039 -0.449427
v 0.044816 -0.456698 -0.401075
v 0.025470 -0.466368 -0.396239
v 0.039977 -0.490544 -0.439757
v 0.025470 -0.490544 -0.439757
v 0.039977 -0.461533 -0.401075
v 0.039977 -0.490544 -0.439757
v 0.025470 -0.466368 -0.396239
v 0.015802 -0.466368 -0.396239
v 0.025470 -0.490544 -0.439757
v 0.015802 -0.495380 -0.439757
v 0.025470 -0.466368 -0.396239
v 0.025470 -0.490544 -0.439757
v 0.015802 -0.466368 -0.396239
v 0.006129 -0.461533 -0.401075
v 0.015802 -0.495380 -0.439757
v 0.006129 -0.490544 -0.439757
v 0.006129 -0.461533 -0.401075
v 0.015802 -0.466368 -0.396239
v 0.015802 -0.495380 -0.439757
v -0.003539 -0.456698 -0.401075
v 0.006129 -0.490544 -0.439757
v -0.003539 -0.485709 -0.444592
v -0.003539 -0.456698 -0.401075
v 0.006129 -0.461533 -0.401075
v 0.006129 -0.490544 -0.439757
v 0.528341 -0.166582 -0.294699
v 0.528341 -0.190758 -0.289864
v 0.600871 -0.190758 -0.289864
v 0.528341 -0.205264 -0.275357
v 0.528341 -0.210099 -0.251181
v 0.600871 -0.210099 -0.251181
v 0.528341 -0.205264 -0.275357
v 0.600871 -0.210099 -0.251181
v 0.600871 -0.205264 -0.275357
v 0.528341 -0.205264 -0.231840
v 0.600871 -0.200428 -0.231840
v 0.528341 -0.210099 -0.251181
v 0.600871 -0.200428 -0.231840
v 0.600871 -0.210099 -0.251181
v 0.528341 -0.210099 -0.251181
v 0.528341 -0.185923 -0.217334
v 0.600871 -0.185923 -0.217334
v 0.528341 -0.205264 -0.231840
v 0.600871 -0.185923 -0.217334
v 0.600871 -0.200428 -0.231840
v 0.528341 -0.205264 -0.231840
v 0.528341 -0.123064 -0.256017
v 0.528341 -0.132735 -0.275357
v 0.600871 -0.127900 -0.275357
v 0.528341 -0.123064 -0.256017
v 0.600871 -0.127900 -0.275357
v 0.600871 -0.123064 -0.256017
v 0.528341 -0.132735 -0.275357
v 0.528341 -0.147241 -0.289864
v 0.600871 -0.147241 -0.289864
v 0.528341 -0.132735 -0.275357
v 0.600871 -0.147241 -0.289864
v 0.600871 -0.127900 -0.275357
v 0.528341 -0.147241 -0.289864
v 0.528341 -0.166582 -0.294699
v 0.600871 -0.166582 -0.294699
v 0.528341 -0.147241 -0.289864
v 0.600871 -0.166582 -0.294699
v 0.600871 -0.147241 -0.289864
v 0.528341 -0.166582 -0.294699
v 0.600871 -0.190758 -0.289864
v 0.600871 -0.166582 -0.294699
v 0.068991 -0.185923 -0.488109
v 0.068991 -0.253616 -0.589650
v 0.020636 -0.229440 -0.459098
v 0.020636 -0.297134 -0.565474
v 0.044816 -0.330981 -0.391404
v 0.044816 -0.359993 -0.434922
v 0.068991 -0.340651 -0.386569
v 0.068991 -0.340651 -0.386569
v 0.044816 -0.359993 -0.434922
v 0.068991 -0.369663 -0.430086
v 0.020636 -0.330981 -0.396239
v -0.003539 -0.330981 -0.391404
v -0.003539 -0.359993 -0.434922
v 0.020636 -0.330981 -0.396239
v -0.003539 -0.359993 -0.434922
v 0.020636 -0.355157 -0.439757
v -0.056727 -0.418016 -0.338216
v -0.042220 -0.437357 -0.328545
v -0.042220 -0.466368 -0.372063
v -0.056727 -0.418016 -0.338216
v -0.042220 -0.466368 -0.372063
v -0.056727 -0.447028 -0.381734
v -0.042220 -0.437357 -0.328545
v -0.027713 -0.451863 -0.318875
v -0.027713 -0.480874 -0.362392
v -0.042220 -0.437357 -0.328545
v -0.027713 -0.480874 -0.362392
v -0.042220 -0.466368 -0.372063
v 0.533175 -0.447028 -0.652508
v 0.533175 -0.451863 -0.633167
v 0.600871 -0.451863 -0.633167
v 0.533175 -0.447028 -0.652508
v 0.600871 -0.451863 -0.633167
v 0.600871 -0.447028 -0.652508
v 0.533175 -0.442192 -0.608991
v 0.600871 -0.442192 -0.608991
v 0.533175 -0.451863 -0.633167
v 0.600871 -0.442192 -0.608991
v 0.600871 -0.451863 -0.633167
v 0.533175 -0.451863 -0.633167
v 0.533175 -0.427686 -0.594485
v 0.600871 -0.427686 -0.594485
v 0.533175 -0.442192 -0.608991
v 0.600871 -0.427686 -0.594485
v 0.600871 -0.442192 -0.608991
v 0.533175 -0.442192 -0.608991
v 0.533175 -0.403510 -0.589650
v 0.600871 -0.403510 -0.589650
v 0.533175 -0.427686 -0.594485
v 0.600871 -0.403510 -0.589650
v 0.600871 -0.427686 -0.594485
v 0.533175 -0.427686 -0.594485
v 0.533175 -0.384169 -0.599320
v 0.600871 -0.384169 -0.599320
v 0.533175 -0.403510 -0.589650
v 0.600871 -0.384169 -0.599320
v 0.600871 -0.403510 -0.589650
v 0.533175 -0.403510 -0.589650
v 0.533175 -0.369663 -0.613827
v 0.600871 -0.369663 -0.613827
v 0.533175 -0.384169 -0.599320
v 0.600871 -0.369663 -0.613827
v 0.600871 -0.384169 -0.599320
v 0.533175 -0.384169 -0.599320
v 0.533175 -0.364828 -0.633167
v 0.600871 -0.364828 -0.633167
v 0.533175 -0.369663 -0.613827
v 0.600871 -0.364828 -0.633167
v 0.600871 -0.369663 -0.613827
v 0.533175 -0.369663 -0.613827
v 0.020636 -0.480874 -0.362392
v 0.020636 -0.485709 -0.367227
v 0.001295 -0.480874 -0.372063
v 0.039977 -0.476039 -0.362392
v 0.039977 -0.480874 -0.372063
v 0.020636 -0.485709 -0.367227
v 0.039977 -0.476039 -0.362392
v 0.020636 -0.485709 -0.367227
v 0.020636 -0.480874 -0.362392
v -0.018045 -0.476039 -0.376899
v 0.001295 -0.476039 -0.362392
v 0.001295 -0.480874 -0.372063
v 0.001295 -0.476039 -0.362392
v 0.020636 -0.480874 -0.362392
v 0.001295 -0.480874 -0.372063
v -0.018045 -0.471204 -0.367227
v 0.001295 -0.476039 -0.362392
v -0.018045 -0.476039 -0.376899
v 0.088332 -0.422851 -0.396239
v 0.088332 -0.427686 -0.401075
v 0.083498 -0.447028 -0.391404
v 0.083498 -0.442192 -0.386569
v 0.083498 -0.447028 -0.391404
v 0.073825 -0.461533 -0.381734
v 0.088332 -0.422851 -0.396239
v 0.083498 -0.447028 -0.391404
v 0.083498 -0.442192 -0.386569
v 0.073825 -0.456698 -0.376899
v 0.073825 -0.461533 -0.381734
v 0.059318 -0.471204 -0.376899
v 0.083498 -0.442192 -0.386569
v 0.073825 -0.461533 -0.381734
v 0.073825 -0.456698 -0.376899
v 0.059318 -0.471204 -0.367227
v 0.059318 -0.471204 -0.376899
v 0.039977 -0.480874 -0.372063
v 0.073825 -0.456698 -0.376899
v 0.059318 -0.471204 -0.376899
v 0.059318 -0.471204 -0.367227
v 0.059318 -0.471204 -0.367227
v 0.039977 -0.480874 -0.372063
v 0.039977 -0.476039 -0.362392
v 0.528341 0.118699 0.266192
v 0.596032 0.118699 0.266192
v 0.528341 0.123535 0.242016
v 0.596032 0.123535 0.242016
v 0.528341 0.123535 0.285534
v 0.596032 0.123535 0.285534
v 0.528341 0.118699 0.266192
v 0.596032 0.123535 0.285534
v 0.596032 0.118699 0.266192
v 0.528341 0.118699 0.266192
v 0.528341 0.138040 0.300039
v 0.596032 0.138040 0.300039
v 0.528341 0.123535 0.285534
v 0.596032 0.138040 0.300039
v 0.596032 0.123535 0.285534
v 0.528341 0.123535 0.285534
v 0.528341 0.162217 0.304875
v 0.596032 0.162217 0.304875
v 0.528341 0.138040 0.300039
v 0.596032 0.162217 0.304875
v 0.596032 0.138040 0.300039
v 0.528341 0.138040 0.300039
v 0.528341 0.181558 0.300039
v 0.596032 0.181558 0.300039
v 0.528341 0.162217 0.304875
v 0.596032 0.181558 0.300039
v 0.596032 0.162217 0.304875
v 0.528341 0.162217 0.304875
v 0.528341 0.196063 0.280699
v 0.596032 0.196063 0.280699
v 0.528341 0.181558 0.300039
v 0.596032 0.196063 0.280699
v 0.596032 0.181558 0.300039
v 0.528341 0.181558 0.300039
v 0.528341 0.200899 0.261357
v 0.596032 0.200899 0.261357
v 0.528341 0.196063 0.280699
v 0.596032 0.196063 0.280699
v 0.523507 0.360463 0.624002
v 0.596032 0.355628 0.643343
v 0.596032 0.360463 0.624002
v 0.523507 0.399145 0.599826
v 0.596032 0.379804 0.604661
v 0.596032 0.399145 0.599826
v 0.523507 0.399145 0.599826
v 0.523507 0.374968 0.604661
v 0.596032 0.379804 0.604661
v 0.523507 0.418486 0.604661
v 0.596032 0.399145 0.599826
v 0.596032 0.418486 0.604661
v 0.523507 0.418486 0.604661
v 0.523507 0.399145 0.599826
v 0.596032 0.399145 0.599826
v 0.523507 0.437827 0.619167
v 0.596032 0.418486 0.604661
v 0.596032 0.437827 0.619167
v 0.523507 0.437827 0.619167
v 0.523507 0.418486 0.604661
v 0.596032 0.418486 0.604661
v 0.523507 0.442663 0.638508
v 0.596032 0.437827 0.619167
v 0.596032 0.442663 0.638508
v 0.523507 0.442663 0.638508
v 0.523507 0.437827 0.619167
v 0.596032 0.437827 0.619167
v 0.596032 0.379804 0.682025
v 0.596032 0.365298 0.667520
v 0.523507 0.365298 0.667520
v 0.523507 0.379804 0.682025
v 0.596032 0.379804 0.682025
v 0.523507 0.365298 0.667520
v 0.596032 0.365298 0.667520
v 0.596032 0.355628 0.643343
v 0.523507 0.355628 0.643343
v 0.523507 0.365298 0.667520
v 0.596032 0.365298 0.667520
v 0.523507 0.355628 0.643343
v 0.523507 0.360463 0.624002
v 0.523507 0.355628 0.643343
v 0.596032 0.355628 0.643343
v 0.015802 0.109028 0.594991
v 0.039977 0.084852 0.551473
v 0.015802 0.080017 0.551473
v 0.039977 0.113864 0.594991
v 0.039977 0.084852 0.551473
v 0.015802 0.109028 0.594991
v -0.008372 0.113864 0.594991
v 0.015802 0.080017 0.551473
v -0.008372 0.084852 0.551473
v -0.008372 0.113864 0.594991
v 0.015802 0.109028 0.594991
v 0.015802 0.080017 0.551473
v -0.047054 0.109028 0.532132
v -0.047054 0.138040 0.580485
v -0.027713 0.094523 0.541803
v -0.027713 0.123535 0.590155
v -0.061561 0.157381 0.565979
v -0.047054 0.109028 0.532132
v -0.056727 0.128370 0.522462
v -0.061561 0.157381 0.565979
v -0.047054 0.138040 0.580485
v -0.047054 0.109028 0.532132
v 0.015802 0.244416 0.512791
v -0.008372 0.210570 0.469274
v 0.015802 0.215405 0.464438
v 0.015802 0.244416 0.512791
v -0.008372 0.239581 0.512791
v -0.008372 0.210570 0.469274
v 0.039977 0.215405 0.469274
v 0.039977 0.239581 0.512791
v 0.015802 0.215405 0.464438
v 0.015802 0.244416 0.512791
v 0.064157 0.229910 0.517627
v 0.039977 0.215405 0.469274
v 0.064157 0.205734 0.474109
v 0.039977 0.239581 0.512791
v 0.039977 0.215405 0.469274
v 0.064157 0.229910 0.517627
v 0.035143 0.128370 0.594991
v 0.015802 0.123535 0.590155
v 0.015802 0.123535 0.594991
v 0.035143 0.128370 0.594991
v 0.035143 0.123535 0.585320
v 0.015802 0.123535 0.590155
v 0.015802 0.234746 0.527297
v 0.035143 0.229910 0.522462
v 0.035143 0.234746 0.527297
v 0.015802 0.234746 0.527297
v -0.003539 0.234746 0.527297
v 0.015802 0.229910 0.517627
v 0.015802 0.234746 0.527297
v 0.015802 0.229910 0.517627
v 0.035143 0.229910 0.522462
v -0.003539 0.234746 0.527297
v -0.022879 0.225075 0.532132
v -0.003539 0.229910 0.522462
v -0.003539 0.234746 0.527297
v -0.003539 0.229910 0.522462
v 0.015802 0.229910 0.517627
v -0.003539 0.229910 0.522462
v -0.022879 0.225075 0.532132
v -0.022879 0.220240 0.527297
v 0.020636 0.220240 0.411250
v 0.030309 0.210570 0.416086
v 0.030309 0.191228 0.382239
v 0.020636 0.220240 0.411250
v 0.030309 0.191228 0.382239
v 0.020636 0.200899 0.377404
v 0.030309 0.210570 0.416086
v 0.039977 0.205734 0.420921
v 0.039977 0.186393 0.387074
v 0.030309 0.210570 0.416086
v 0.039977 0.186393 0.387074
v 0.030309 0.191228 0.382239
v 0.064157 0.200899 0.425757
v 0.083498 0.191228 0.430592
v 0.083498 0.167052 0.396745
v 0.064157 0.200899 0.425757
v 0.083498 0.167052 0.396745
v 0.064157 0.176723 0.391910
v -0.013211 0.109028 0.483780
v -0.003539 0.099358 0.488615
v -0.003539 0.080017 0.454768
v -0.013211 0.109028 0.483780
v -0.003539 0.080017 0.454768
v -0.013211 0.084852 0.449933
v -0.003539 0.099358 0.488615
v 0.006129 0.094523 0.488615
v 0.006129 0.075182 0.454768
v -0.003539 0.099358 0.488615
v 0.006129 0.075182 0.454768
v -0.003539 0.080017 0.454768
v 0.006129 0.094523 0.488615
v 0.015802 0.094523 0.488615
v 0.015802 0.075182 0.454768
v 0.006129 0.094523 0.488615
v 0.015802 0.075182 0.454768
v 0.006129 0.075182 0.454768
v 0.030309 0.094523 0.488615
v 0.030309 0.075182 0.454768
v 0.015802 0.094523 0.488615
v 0.015802 0.094523 0.488615
v 0.030309 0.075182 0.454768
v 0.015802 0.075182 0.454768
v 0.039977 0.099358 0.488615
v 0.039977 0.080017 0.454768
v 0.030309 0.094523 0.488615
v 0.030309 0.094523 0.488615
v 0.039977 0.080017 0.454768
v 0.030309 0.075182 0.454768
v 0.044816 0.109028 0.483780
v 0.044816 0.084852 0.449933
v 0.039977 0.099358 0.488615
v 0.039977 0.099358 0.488615
v 0.044816 0.084852 0.449933
v 0.039977 0.080017 0.454768
v 0.064157 -0.359993 -0.463933
v 0.083498 -0.398675 -0.497780
v 0.064157 -0.389004 -0.507450
v 0.064157 -0.359993 -0.463933
v 0.083498 -0.374498 -0.454262
v 0.083498 -0.398675 -0.497780
v 0.006129 -0.084382 -0.638003
v -0.003539 -0.108558 -0.681520
v 0.006129 -0.108558 -0.681520
v -0.003539 -0.084382 -0.638003
v -0.013211 -0.113393 -0.681520
v -0.003539 -0.108558 -0.681520
v 0.006129 -0.084382 -0.638003
v -0.003539 -0.084382 -0.638003
v -0.003539 -0.108558 -0.681520
v -0.003539 -0.084382 -0.638003
v -0.013211 -0.084382 -0.638003
v -0.013211 -0.113393 -0.681520
v 0.039977 -0.461533 -0.401075
v 0.044816 -0.485709 -0.444592
v 0.039977 -0.490544 -0.439757
v 0.044816 -0.456698 -0.401075
v 0.044816 -0.485709 -0.444592
v 0.039977 -0.461533 -0.401075
v -0.008372 -0.451863 -0.405910
v -0.003539 -0.485709 -0.444592
v -0.008372 -0.476039 -0.449427
v -0.008372 -0.451863 -0.405910
v -0.003539 -0.456698 -0.401075
v -0.003539 -0.485709 -0.444592
v 0.528341 -0.190758 -0.289864
v 0.528341 -0.205264 -0.275357
v 0.600871 -0.205264 -0.275357
v 0.528341 -0.190758 -0.289864
v 0.600871 -0.205264 -0.275357
v 0.600871 -0.190758 -0.289864
v 0.533175 -0.408345 -0.676685
v 0.533175 -0.432521 -0.671850
v 0.600871 -0.432521 -0.671850
v 0.533175 -0.389004 -0.671850
v 0.533175 -0.408345 -0.676685
v 0.600871 -0.408345 -0.676685
v 0.533175 -0.408345 -0.676685
v 0.600871 -0.432521 -0.671850
v 0.600871 -0.408345 -0.676685
v 0.533175 -0.447028 -0.652508
v 0.600871 -0.447028 -0.652508
v 0.533175 -0.432521 -0.671850
v 0.600871 -0.432521 -0.671850
v 0.533175 -0.364828 -0.633167
v 0.533175 -0.369663 -0.657344
v 0.600871 -0.369663 -0.657344
v 0.533175 -0.364828 -0.633167
v 0.600871 -0.369663 -0.657344
v 0.600871 -0.364828 -0.633167
v 0.533175 -0.369663 -0.657344
v 0.533175 -0.389004 -0.671850
v 0.600871 -0.389004 -0.671850
v 0.533175 -0.369663 -0.657344
v 0.600871 -0.389004 -0.671850
v 0.600871 -0.369663 -0.657344
v 0.533175 -0.389004 -0.671850
v 0.600871 -0.408345 -0.676685
v 0.600871 -0.389004 -0.671850
v 0.528341 0.181558 0.222675
v 0.528341 0.157381 0.217840
v 0.596032 0.157381 0.217840
v 0.528341 0.138040 0.227510
v 0.596032 0.138040 0.227510
v 0.528341 0.157381 0.217840
v 0.596032 0.157381 0.217840
v 0.528341 0.123535 0.242016
v 0.596032 0.123535 0.242016
v 0.528341 0.138040 0.227510
v 0.596032 0.138040 0.227510
v 0.528341 0.200899 0.261357
v 0.528341 0.196063 0.237181
v 0.596032 0.196063 0.237181
v 0.528341 0.200899 0.261357
v 0.596032 0.196063 0.237181
v 0.596032 0.200899 0.261357
v 0.528341 0.196063 0.237181
v 0.528341 0.181558 0.222675
v 0.596032 0.181558 0.222675
v 0.528341 0.196063 0.237181
v 0.596032 0.181558 0.222675
v 0.596032 0.196063 0.237181
v 0.528341 0.181558 0.222675
v 0.596032 0.157381 0.217840
v 0.596032 0.181558 0.222675
v 0.523507 0.374968 0.604661
v 0.596032 0.360463 0.624002
v 0.596032 0.379804 0.604661
v 0.523507 0.374968 0.604661
v 0.523507 0.360463 0.624002
v 0.596032 0.360463 0.624002
v 2.085133 1.230653 1.767660
v 2.085133 1.178659 1.686777
v 1.576735 1.230653 1.767660
v 1.576735 1.178659 1.686777
v 7.388684 -3.108088 -5.118866
v 7.388684 -3.154307 -5.182417
v 4.534705 -3.119643 -5.118866
v 4.534705 -3.165861 -5.188194
v 4.511594 3.945978 6.037075
v 4.569368 -3.789809 -6.176110
v 4.407605 3.945978 6.037075
v 4.465378 -3.789809 -6.176110
v 2.541539 3.333586 5.083821
v 2.581979 3.333586 5.083821
v 2.599313 1.392419 2.021860
v 2.541539 3.333586 5.083821
v 2.599313 1.392419 2.021860
v 2.553097 1.392419 2.021860
v 2.200680 1.005340 1.403691
v 2.241120 1.005340 1.403691
v 2.252677 -0.837615 -1.502285
v 2.200680 1.005340 1.403691
v 2.252677 -0.837615 -1.502285
v 2.212233 -0.837615 -1.502285
v 2.645534 -1.242025 -2.143564
v 2.662863 -3.165861 -5.182417
v 2.570426 -1.242025 -2.143564
v 2.581979 -3.165861 -5.182417
v 8.035740 -1.155366 -2.033795
v 8.053074 -3.067648 -5.049539
v 7.954861 -1.155366 -2.033795
v 7.972190 -3.067648 -5.049539
v 7.931750 2.651867 3.974583
v 8.006853 2.651867 3.974583
v 8.035740 -0.768287 -1.421403
v 7.931750 2.651867 3.974583
v 8.035740 -0.768287 -1.421403
v 7.954861 -0.768287 -1.421403
v 8.006853 3.287368 4.985609
v 8.006853 3.050500 4.610085
v 7.925974 3.287368 4.985609
v 7.925974 3.050500 4.610085
v 4.413382 3.622451 5.534450
v 4.413382 3.593564 5.482454
v 3.159708 3.616673 5.528672
v 3.165490 3.587787 5.476677
v 4.511594 3.397137 5.176258
v 7.388684 3.414468 5.182035
v 7.388684 3.379805 5.130039
v 4.511594 3.397137 5.176258
v 7.388684 3.379805 5.130039
v 4.511594 3.368250 5.124263
v 7.406018 2.848294 4.298111
v 7.406018 2.819407 4.246115
v 4.528928 2.836740 4.292334
v 4.528928 2.807853 4.240339
v 4.419158 2.570984 3.864815
v 4.419158 2.536321 3.818597
v 2.581979 2.559430 3.864815
v 2.581979 2.530543 3.812819
v 7.925974 2.027919 2.992444
v 7.925974 1.987478 2.928894
v 4.505818 2.016365 2.986667
v 4.505818 1.970147 2.923117
v 7.394460 -1.051374 -1.866254
v 7.394460 -1.091816 -1.929804
v 4.546257 -1.062929 -1.866254
v 4.546257 -1.103370 -1.935581
v 7.388684 -3.344958 -5.494390
v 7.388684 -3.396953 -5.569495
v 4.540481 -3.362289 -5.500168
v 4.540481 -3.408507 -5.575272
v 4.453821 -2.235718 -3.720763
v 4.453821 -2.287714 -3.807422
v 2.680197 -2.241496 -3.720763
v 2.680197 -2.299268 -3.807422
v 4.465378 -3.252521 -5.321072
v 4.465378 -3.304516 -5.407731
v 3.223258 -3.258298 -5.326849
v 3.223258 -3.310294 -5.413508
v 1.553624 3.934424 6.031297
v 1.605621 -3.385398 -5.517499
v 1.461188 3.928647 6.031297
v 1.513185 -3.385398 -5.523277
v 2.114020 -3.333403 -5.436617
v 2.114020 -3.379621 -5.517499
v 1.605621 -3.333403 -5.442395
v 1.605621 -3.385398 -5.517499
v 2.581979 -2.403260 -3.980741
v 2.581979 -2.455255 -4.061623
v 1.605621 -2.409037 -3.980741
v 1.605621 -2.461032 -4.061623
v 2.102467 -1.016711 -1.779595
v 2.102467 -1.068706 -1.860476
v 1.594064 -1.016711 -1.785372
v 1.594064 -1.068706 -1.866254
v 2.067804 3.558901 5.442013
v 2.067804 3.506905 5.361132
v 1.559401 3.553123 5.442013
v 1.559401 3.506905 5.361132
v 8.318825 -3.772476 -6.164556
v 8.318825 -3.818695 -6.245438
v 0.964342 -3.801363 -6.176110
v 0.964342 -3.853358 -6.256992
v 7.908640 4.015306 6.129511
v 7.908640 3.957533 6.042851
v 1.062555 3.980642 6.117956
v 1.062555 3.928647 6.031297
v 2.599313 3.934424 6.037075
v 2.599313 3.732219 5.713547
v 2.512653 3.934424 6.037075
v 2.512653 3.732219 5.713547
vn 0.0027 -0.8443 0.5358
vn 0.0027 -0.8442 0.5360
vn 0.0027 -0.8443 0.5359
vn 0.0026 -0.8443 0.5358
vn 0.0027 -0.8444 0.5358
vn 0.0026 -0.8444 0.5357
vn 0.0027 -0.8441 0.5361
vn 0.0027 -0.8441 0.5362
vn 0.0027 -0.8444 0.5357
vn 0.0028 -0.8444 0.5358
vn 0.0026 -0.8443 0.5359
vn 0.0026 -0.8444 0.5358
vn 0.0029 -0.8444 0.5357
vn 0.0028 -0.8444 0.5357
vn 0.0025 -0.8443 0.5359
vn 0.0028 -0.8443 0.5359
vn 0.0025 -0.8444 0.5357
vn 0.0028 -0.8443 0.5358
vn -0.0027 0.8443 -0.5358
vn -1.0000 -0.0039 -0.0020
vn -1.0000 -0.0039 -0.0019
vn -0.0027 0.8444 -0.5358
vn -0.0027 0.8443 -0.5359
vn -0.0026 0.8443 -0.5358
vn -0.0025 0.8443 -0.5358
vn -1.0000 -0.0039 -0.0021
vn -1.0000 -0.0039 -0.0018
vn -0.0026 0.8444 -0.5357
vn -1.0000 -0.0040 -0.0020
vn -1.0000 -0.0039 -0.0022
vn -1.0000 -0.0040 -0.0021
vn -0.0026 0.8444 -0.5358
vn -0.0028 0.8443 -0.5358
vn -0.0029 0.8444 -0.5357
vn -0.0029 0.8444 -0.5358
vn -0.0028 0.8444 -0.5358
vn -0.0025 0.8443 -0.5359
vn -0.0026 0.8443 -0.5359
vn 0.0027 -0.8442 0.5361
vn 0.0030 -0.8443 0.5358
vn 0.0025 -0.8444 0.5358
vn 0.0026 -0.8444 0.5356
vn 0.0027 -0.8445 0.5355
vn 0.0025 -0.8447 0.5352
vn -0.0027 0.8444 -0.5357
vn -0.0028 0.8445 -0.5355
vn 1.0000 0.0039 0.0020
vn 0.0027 -0.5358 -0.8444
vn 0.0027 -0.5358 -0.8443
vn -0.0027 0.5358 0.8443
vn 0.0027 -0.5359 -0.8443
vn 0.0031 -0.8443 0.5358
vn -0.0027 0.5359 0.8443
vn -0.0026 0.5358 0.8443
vn -0.0027 0.5358 0.8444
vn 0.0026 -0.5358 -0.8444
vn -0.0031 0.8449 -0.5349
vn -0.0031 0.8443 -0.5358
vn 1.0000 0.0039 0.0019
vn 0.0031 -0.8444 0.5358
vn 0.0023 -0.5358 -0.8444
vn 0.0023 -0.5358 -0.8443
vn 0.0031 -0.5358 -0.8443
vn -0.0738 0.8427 -0.5334
vn -0.3793 0.7812 -0.4959
vn -0.0737 0.8426 -0.5334
vn 0.2377 0.8213 -0.5187
vn 0.5255 0.7185 -0.4557
vn 0.7635 0.5471 -0.3433
vn 0.7635 0.5470 -0.3433
vn 0.7637 0.5469 -0.3431
vn 0.9255 0.3227 -0.1981
vn 0.9715 -0.1984 0.1296
vn 0.9715 -0.1984 0.1297
vn 0.8498 -0.4419 0.2873
vn 0.8498 -0.4419 0.2874
vn 0.6455 -0.6425 0.4129
vn 0.6455 -0.6426 0.4129
vn 0.6457 -0.6424 0.4127
vn 0.6457 -0.6424 0.4128
vn 0.6579 -0.6347 0.4054
vn 0.6580 -0.6347 0.4054
vn 0.8725 -0.4117 0.2633
vn 0.8723 -0.4119 0.2635
vn 0.9856 -0.1411 0.0933
vn 0.9856 -0.1411 0.0932
vn 0.9856 -0.1412 0.0932
vn 0.9998 -0.0140 0.0120
vn 0.9613 -0.2312 0.1497
vn 0.9613 -0.2311 0.1497
vn 0.9612 -0.2314 0.1499
vn 0.8569 -0.4331 0.2795
vn 0.6939 -0.6076 0.3863
vn 0.6939 -0.6077 0.3863
vn 0.4834 -0.7384 0.4702
vn 0.2410 -0.8196 0.5198
vn 0.2416 -0.8196 0.5195
vn 0.2416 -0.8196 0.5194
vn -0.0192 -0.8455 0.5336
vn -0.0195 -0.8454 0.5337
vn -0.9448 -0.2789 0.1722
vn -0.9448 -0.2789 0.1721
vn -0.9448 -0.2788 0.1723
vn -0.9448 -0.2788 0.1724
vn -0.9448 -0.2787 0.1723
vn 0.0030 -0.5358 -0.8443
vn 0.0031 -0.5357 -0.8444
vn 0.0026 -0.5359 -0.8443
vn 0.0023 -0.5357 -0.8444
vn 0.0031 -0.5358 -0.8444
vn 0.0024 -0.5357 -0.8444
vn 0.0031 -0.5359 -0.8443
vn 0.0024 -0.5356 -0.8445
vn 0.0023 -0.5359 -0.8443
vn 0.0031 -0.5359 -0.8442
vn 0.0039 -0.5358 -0.8444
vn 0.0036 -0.5357 -0.8444
vn 0.0024 -0.5358 -0.8444
vn 0.0030 -0.5359 -0.8443
vn 0.0060 -0.5371 -0.8435
vn 0.0059 -0.5371 -0.8435
vn 0.0058 -0.5371 -0.8435
vn 0.0026 -0.5358 -0.8443
vn 0.0050 -0.5370 -0.8435
vn 0.0050 -0.5370 -0.8436
vn 0.0030 -0.5326 -0.8464
vn 0.0028 -0.5356 -0.8445
vn 0.0030 -0.5358 -0.8444
vn 0.0054 -0.5371 -0.8435
vn 0.0050 -0.5372 -0.8434
vn 0.0051 -0.5372 -0.8434
vn 0.0051 -0.5372 -0.8435
vn 0.0027 -0.5357 -0.8444
vn 0.0024 -0.5356 -0.8444
vn 0.0024 -0.5359 -0.8443
vn 0.0023 -0.5360 -0.8442
vn 0.0026 -0.5357 -0.8444
vn 0.0030 -0.5357 -0.8444
vn 0.0033 -0.5358 -0.8443
vn 0.0032 -0.5358 -0.8444
vn 0.0022 -0.5360 -0.8442
vn 0.0022 -0.5359 -0.8443
vn 0.0021 -0.5357 -0.8444
vn 0.0022 -0.5357 -0.8444
vn 0.0059 -0.5339 -0.8455
vn 0.0057 -0.5338 -0.8456
vn 0.0056 -0.5338 -0.8456
vn 0.2377 0.8212 -0.5187
vn 0.2377 0.8213 -0.5186
vn 0.5256 0.7184 -0.4557
vn 0.5258 0.7183 -0.4556
vn 0.7635 0.5471 -0.3432
vn 0.9257 0.3225 -0.1978
vn 0.9257 0.3224 -0.1979
vn 0.9257 0.3225 -0.1979
vn 0.9256 0.3226 -0.1981
vn 0.9856 -0.1407 0.0938
vn -0.9570 0.2423 -0.1596
vn -0.9570 0.2422 -0.1597
vn -0.9570 0.2423 -0.1597
vn -0.9571 0.2419 -0.1595
vn -0.9571 0.2420 -0.1595
vn 0.2381 0.8213 -0.5185
vn -0.0738 0.8426 -0.5334
vn 0.9857 -0.1405 0.0929
vn 0.8497 -0.4418 0.2878
vn 0.8500 -0.4416 0.2873
vn 0.9714 -0.1985 0.1301
vn 0.9715 -0.1984 0.1301
vn 0.9714 -0.1984 0.1301
vn 0.9972 0.0648 -0.0367
vn 0.9972 0.0646 -0.0366
vn 0.9972 0.0648 -0.0368
vn 0.9255 0.3227 -0.1982
vn 0.7637 0.5469 -0.3430
vn 0.7639 0.5467 -0.3428
vn 0.5255 0.7184 -0.4557
vn 0.2376 0.8212 -0.5188
vn 0.2374 0.8212 -0.5189
vn 0.8217 -0.4813 0.3051
vn 0.8217 -0.4814 0.3051
vn 0.8197 -0.4824 0.3089
vn -0.0027 0.5326 0.8463
vn 0.0055 -0.5338 -0.8456
vn 0.0054 -0.5338 -0.8456
vn 0.0024 -0.5358 -0.8443
vn 0.0049 -0.5370 -0.8436
vn 0.0051 -0.5371 -0.8435
vn 0.0053 -0.5371 -0.8435
vn 0.0063 -0.5337 -0.8456
vn 0.0061 -0.5337 -0.8457
vn 0.0058 -0.5336 -0.8457
vn 0.0028 -0.5358 -0.8443
vn 0.0028 -0.5362 -0.8441
vn 0.2409 -0.8196 0.5199
vn 0.0054 -0.5339 -0.8455
vn 0.0054 -0.5339 -0.8456
vn 0.2412 -0.8196 0.5196
vn 0.4838 -0.7382 0.4701
vn 0.4837 -0.7382 0.4701
vn 0.6937 -0.6078 0.3865
vn 0.9606 -0.2319 0.1528
vn 0.0058 -0.5370 -0.8436
vn 0.0028 -0.5357 -0.8444
vn 0.0029 -0.5358 -0.8444
vn 0.0030 -0.5356 -0.8445
vn 0.0028 -0.5359 -0.8443
vn 0.0028 -0.5355 -0.8445
vn 0.0029 -0.5355 -0.8445
vn 0.8725 -0.4116 0.2632
vn 0.8725 -0.4117 0.2632
vn 0.8725 -0.4116 0.2635
vn 0.8725 -0.4116 0.2634
vn 0.0058 -0.5370 -0.8435
vn 0.0024 -0.5360 -0.8442
vn 0.0025 -0.5360 -0.8442
vn 0.0026 -0.5360 -0.8442
vn 0.9257 0.3224 -0.1978
vn 0.5259 0.7183 -0.4555
vn 0.0028 -0.5358 -0.8444
vn 0.0031 -0.5360 -0.8442
vn 0.0023 -0.5359 -0.8442
vn 0.0050 -0.5371 -0.8435
vn -0.0026 0.5361 0.8441
vn -0.0027 0.5361 0.8441
vn -0.0026 0.5355 0.8445
vn -0.0025 0.5356 0.8445
vn -0.0027 0.5355 0.8445
vn -0.0028 0.5361 0.8441
vn -0.0025 0.5355 0.8445
vn -0.0027 0.5360 0.8442
vn -0.0028 0.5360 0.8442
vn -0.0027 0.5362 0.8441
vn -0.0027 0.5327 0.8463
vn -0.0026 0.5362 0.8441
vn -0.0026 0.5357 0.8444
vn -0.0025 0.5357 0.8444
vn -0.0028 0.5361 0.8442
vn -0.0027 0.5326 0.8464
vn -1.0000 -0.0000 -0.0000
vn -1.0000 -0.0000 -0.0001
vn -0.0028 0.5362 0.8441
vn -0.0029 0.5361 0.8441
vn -0.0028 0.5355 0.8445
vn -0.0028 0.5330 0.8461
vn -0.0027 0.5330 0.8461
vn -0.0027 0.5325 0.8464
vn -0.0027 0.5361 0.8442
vn -0.0024 0.5357 0.8444
vn -0.0023 0.5357 0.8444
vn -0.0030 0.5360 0.8442
vn -0.0027 0.5357 0.8444
vn -0.0029 0.5361 0.8442
vn -1.0000 -0.0000 0.0001
vn -0.0052 0.5369 0.8436
vn -0.0029 0.5360 0.8442
vn -0.0030 0.5361 0.8442
vn -0.0027 0.5329 0.8462
vn 0.0029 -0.5361 -0.8441
vn 0.0030 -0.5361 -0.8442
vn 0.7053 0.5993 -0.3787
vn 0.7047 0.5998 -0.3790
vn 0.7047 0.5998 -0.3789
vn 0.0029 -0.5359 -0.8443
vn 0.0029 -0.5358 -0.8443
vn 0.0028 -0.5361 -0.8441
vn 0.0028 -0.5361 -0.8442
vn 0.0029 -0.5361 -0.8442
vn 0.0026 -0.5355 -0.8445
vn -0.7050 -0.5996 0.3789
vn -0.7050 -0.5996 0.3788
vn -0.7050 -0.5995 0.3788
vn 0.0029 -0.5360 -0.8442
vn 0.0030 -0.5360 -0.8442
vn 0.0050 -0.5339 -0.8456
vn 0.0050 -0.5339 -0.8455
vn 0.0050 -0.5338 -0.8456
vn 0.0052 -0.5368 -0.8437
vn 0.0051 -0.5368 -0.8437
vn 0.0030 -0.5356 -0.8444
vn 0.0026 -0.5362 -0.8441
vn 0.7050 0.5996 -0.3788
vn 0.7050 0.5996 -0.3789
vn 0.7049 0.5996 -0.3789
vn 0.7050 0.5995 -0.3789
vn -0.0029 0.8441 -0.5361
vn -0.0029 0.8442 -0.5361
vn -0.0028 0.8441 -0.5361
vn 0.0023 -0.5326 -0.8463
vn 0.0023 -0.5326 -0.8464
vn 0.0057 -0.5339 -0.8455
vn 0.0057 -0.5340 -0.8455
vn 0.0051 -0.5370 -0.8436
vn 0.0025 -0.5356 -0.8445
vn 0.0025 -0.5356 -0.8444
vn 0.9973 0.0645 -0.0365
vn -0.0028 0.5358 0.8443
vn -0.0027 0.5323 0.8465
vn -0.0027 0.5323 0.8466
vn -0.0027 0.5331 0.8461
vn -0.0028 0.5359 0.8443
vn -0.0031 0.5358 0.8443
vn -0.0027 0.5356 0.8445
vn -0.0023 0.5358 0.8444
vn -0.0024 0.5356 0.8445
vn -0.0028 0.5324 0.8465
vn -0.0027 0.5324 0.8465
vn 0.0029 -0.5356 -0.8445
vn 0.0025 -0.5361 -0.8441
vn 0.0025 -0.5361 -0.8442
vn -0.0031 0.5357 0.8444
vn -0.0030 0.5358 0.8444
vn -0.0030 0.5357 0.8444
vn -0.0024 0.5359 0.8443
vn -0.0023 0.5359 0.8443
vn -0.0029 0.5359 0.8443
vn -0.0025 0.5358 0.8443
vn -0.0051 0.5371 0.8435
vn -0.0026 0.5358 0.8444
vn -0.0030 0.5358 0.8443
vn -0.0031 0.5358 0.8444
vn 0.9973 0.0645 -0.0362
vn 0.9973 0.0644 -0.0362
vn 0.9973 0.0645 -0.0361
vn 0.9710 -0.1988 0.1326
vn -0.0023 0.5360 0.8442
vn -0.0055 0.5339 0.8455
vn -0.0056 0.5339 0.8455
vn -0.0057 0.5340 0.8455
vn 0.6579 -0.6347 0.4053
vn 0.6580 -0.6347 0.4053
vn -0.0029 0.5358 0.8444
vn -0.0028 0.5357 0.8444
vn 0.8725 -0.4116 0.2633
vn -0.0023 0.5358 0.8443
vn -0.0051 0.5339 0.8455
vn -0.0043 0.5338 0.8456
vn -0.0047 0.5339 0.8455
vn -0.0051 0.5372 0.8435
vn -0.0052 0.5371 0.8435
vn -0.0030 0.5359 0.8443
vn -0.0031 0.5359 0.8443
vn -0.0058 0.5370 0.8435
vn -0.0058 0.5371 0.8435
vn -0.0029 0.5357 0.8444
vn -0.0032 0.5358 0.8443
vn 0.9612 -0.2315 0.1499
vn 0.9612 -0.2315 0.1498
vn 0.2413 -0.8196 0.5196
vn -0.0024 0.5358 0.8444
vn -0.0051 0.5369 0.8437
vn -0.0049 0.5368 0.8437
vn -0.0046 0.5369 0.8436
vn 0.2410 -0.8196 0.5199
vn -0.0022 0.5360 0.8442
vn -0.0024 0.5358 0.8443
vn -0.0051 0.5369 0.8436
vn -0.0048 0.5374 0.8433
vn -0.0040 0.5373 0.8434
vn -0.0045 0.5374 0.8433
vn -0.0056 0.5340 0.8455
vn -0.0060 0.5339 0.8455
vn -0.0058 0.5340 0.8454
vn -0.0055 0.5371 0.8435
vn -0.0055 0.5370 0.8435
vn 0.0027 -0.5361 -0.8441
vn 0.0026 -0.5361 -0.8441
vn 0.0027 -0.5355 -0.8445
vn 0.0027 -0.5331 -0.8461
vn 0.0056 -0.5371 -0.8435
vn 0.0056 -0.5370 -0.8436
vn 0.0057 -0.5370 -0.8436
vn 0.0024 -0.5361 -0.8441
vn 0.0027 -0.5330 -0.8461
vn 0.0027 -0.5362 -0.8441
vn 0.0025 -0.5355 -0.8445
vn 0.0054 -0.5342 -0.8453
vn 0.0053 -0.5342 -0.8454
vn -0.0000 -0.5361 -0.8441
vn -0.3693 -0.6686 0.6454
vn -0.3015 -0.9331 -0.1962
vn -0.0914 -0.6535 -0.7514
vn 0.0029 -0.5387 -0.8425
vn 0.0028 -0.5387 -0.8425
vn 0.0029 -0.5388 -0.8425
vn 0.0027 -0.5361 -0.8442
vn 0.0030 -0.5355 -0.8445
vn 0.0023 -0.5356 -0.8445
vn 0.0027 -0.5324 -0.8465
vn 0.0028 -0.5324 -0.8465
vn 1.0000 -0.0000 -0.0000
vn 1.0000 -0.0000 -0.0001
vn 0.0029 -0.5324 -0.8465
vn 0.0026 -0.5324 -0.8465
vn 0.0051 -0.5373 -0.8434
vn 0.0052 -0.5372 -0.8434
vn 0.0025 -0.5359 -0.8443
vn 0.0054 -0.5340 -0.8455
vn -0.0191 -0.8455 0.5336
vn 0.4829 -0.7386 0.4704
vn 0.9608 -0.2314 0.1525
vn 0.0027 -0.5327 -0.8463
vn 0.0026 -0.5327 -0.8463
vn 0.9613 -0.2311 0.1496
vn 0.9998 -0.0143 0.0123
vn 0.9998 -0.0143 0.0122
vn 0.9998 -0.0144 0.0122
vn 0.0058 -0.5339 -0.8455
vn 0.0054 -0.5340 -0.8454
vn 0.0026 -0.5361 -0.8442
vn 0.6455 -0.6425 0.4130
vn 0.0025 -0.5362 -0.8441
vn 0.0026 -0.5330 -0.8461
vn 0.0024 -0.5329 -0.8462
vn 0.0024 -0.5361 -0.8442
vn -0.0023 0.5359 0.8442
vn -0.0058 0.5369 0.8436
vn -0.0029 0.5358 0.8443
vn -0.0054 0.5339 0.8456
vn -0.0054 0.5339 0.8455
vn -0.0054 0.5338 0.8456
vn -0.0026 0.5359 0.8443
vn -0.0024 0.5356 0.8444
vn 0.4831 0.8007 -0.3543
vn 0.9845 0.1604 -0.0710
vn 0.8425 0.4926 -0.2180
vn -0.0021 0.5355 0.8445
vn -0.0016 0.5356 0.8445
vn -0.0031 0.5360 0.8442
vn -0.0032 0.5360 0.8442
vn -0.0036 0.5361 0.8442
vn -0.0040 0.5360 0.8442
vn -0.0022 0.5361 0.8442
vn -0.0023 0.5361 0.8442
vn -0.0049 0.5339 0.8456
vn -0.0047 0.5339 0.8456
vn -0.0048 0.5339 0.8456
vn -0.0055 0.5338 0.8456
vn -0.0059 0.5339 0.8455
vn -0.0058 0.5339 0.8455
vn 0.8496 -0.4421 0.2876
vn 0.9710 -0.1988 0.1325
vn 0.9973 0.0644 -0.0361
vn 0.0802 -0.4647 0.8818
vn 0.0515 0.8229 0.5658
vn -0.0000 1.0000 -0.0000
vn -0.0032 0.5357 0.8444
vn -0.0033 0.5357 0.8444
vn -0.0032 0.5361 0.8442
vn -0.0055 0.5340 0.8454
vn -0.0055 0.5341 0.8454
vn 0.4656 -0.7464 0.4755
vn 0.4659 -0.7462 0.4755
vn 0.7195 -0.5848 0.3745
vn 0.7193 -0.5850 0.3747
vn 0.8197 -0.4824 0.3090
vn 0.8215 -0.4816 0.3053
vn 0.8197 -0.4823 0.3089
vn 0.8197 -0.4823 0.3090
vn 0.9066 -0.3556 0.2273
vn 0.9065 -0.3556 0.2274
vn 0.9286 -0.3105 0.2032
vn 0.8174 -0.4860 0.3093
vn 0.6612 -0.6313 0.4054
vn 0.6609 -0.6314 0.4056
vn -0.0024 0.5360 0.8442
vn 0.4727 -0.7437 0.4727
vn 0.4727 -0.7437 0.4726
vn 0.4727 -0.7438 0.4726
vn 0.2550 -0.8177 0.5161
vn 0.2549 -0.8177 0.5161
vn 0.2550 -0.8172 0.5168
vn 0.0247 -0.8459 0.5328
vn 0.0251 -0.8459 0.5327
vn 0.1614 -0.8321 0.5307
vn 0.1614 -0.8320 0.5307
vn 0.1607 -0.8321 0.5308
vn 0.1607 -0.8321 0.5309
vn -0.0031 0.5328 0.8462
vn 0.0023 -0.8443 0.5358
vn 0.4656 -0.7463 0.4756
vn 0.7195 -0.5848 0.3746
vn 0.8215 -0.4815 0.3054
vn 0.8217 -0.4808 0.3059
vn 0.8217 -0.4814 0.3052
vn 0.6612 -0.6311 0.4056
vn 0.6612 -0.6313 0.4053
vn 0.8174 -0.4860 0.3092
vn 0.8174 -0.4861 0.3093
vn 0.9287 -0.3104 0.2031
vn 0.9287 -0.3103 0.2031
vn 0.9064 -0.3559 0.2275
vn 0.9064 -0.3559 0.2274
vn 0.9744 0.1912 -0.1182
vn 0.9744 0.1912 -0.1183
vn 0.8749 0.4106 -0.2567
vn 0.8750 0.4105 -0.2566
vn 0.9705 0.2063 -0.1248
vn -0.5152 -0.7241 0.4585
vn -0.5150 -0.7243 0.4585
vn -0.7190 -0.5877 0.3710
vn -0.8037 -0.5051 0.3145
vn -0.8638 0.4243 -0.2717
vn -0.7932 0.5121 -0.3296
vn -0.6203 0.6603 -0.4235
vn -0.6202 0.6603 -0.4235
vn -0.2901 -0.8095 0.5105
vn -0.5702 -0.6936 0.4402
vn -0.2895 -0.8098 0.5103
vn -0.2895 -0.8099 0.5102
vn 0.0195 -0.8436 0.5367
vn 0.0192 -0.8435 0.5368
vn 0.3286 -0.7983 0.5047
vn 0.3285 -0.7984 0.5047
vn 0.3289 -0.7983 0.5045
vn 0.6040 -0.6707 0.4305
vn 0.6035 -0.6735 0.4268
vn 0.8199 -0.4821 0.3087
vn 0.9570 -0.2422 0.1597
vn 0.9570 -0.2423 0.1596
vn 0.9998 0.0201 -0.0060
vn 0.9998 0.0201 -0.0080
vn 0.9448 0.2788 -0.1722
vn 0.9449 0.2785 -0.1721
vn -0.9998 -0.0201 0.0060
vn -0.7971 -0.5129 0.3186
vn -0.7969 -0.5132 0.3187
vn -0.5705 -0.6934 0.4401
vn 0.1574 -0.8334 0.5297
vn 0.1574 -0.8334 0.5298
vn -0.1541 -0.8347 0.5287
vn 0.1574 -0.8335 0.5296
vn 0.1574 -0.8335 0.5297
vn 0.4548 -0.7515 0.4779
vn 0.4548 -0.7515 0.4780
vn 0.4549 -0.7515 0.4779
vn 0.7083 -0.5934 0.3824
vn 0.7085 -0.5932 0.3823
vn 0.8926 -0.3796 0.2432
vn 0.8924 -0.3798 0.2434
vn 0.8926 -0.3786 0.2448
vn 0.9881 -0.1267 0.0870
vn 0.9881 -0.1267 0.0869
vn 0.9881 -0.1267 0.0867
vn 0.9881 -0.1268 0.0867
vn 0.9872 0.1367 -0.0824
vn 0.9872 0.1367 -0.0826
vn 0.9872 0.1366 -0.0826
vn -0.9871 -0.1373 0.0829
vn -0.9871 -0.1373 0.0828
vn -0.8894 -0.3867 0.2438
vn -0.8894 -0.3867 0.2439
vn -0.8892 -0.3870 0.2440
vn -0.8892 -0.3870 0.2439
vn -0.7052 -0.5994 0.3787
vn -0.7052 -0.5993 0.3788
vn -0.7052 -0.5993 0.3787
vn -0.4508 -0.7542 0.4774
vn -0.4511 -0.7540 0.4774
vn -0.1541 -0.8347 0.5286
vn -0.3792 0.7812 -0.4960
vn -0.3793 0.7812 -0.4960
vn -0.0737 0.8427 -0.5334
vn -0.7934 0.5119 -0.3295
vn -0.7932 0.5122 -0.3295
vn -0.8638 0.4243 -0.2716
vn -0.6203 0.6602 -0.4235
vn -0.3789 0.7814 -0.4959
vn -0.3789 0.7814 -0.4958
vn -0.3792 0.7812 -0.4959
vn -0.3795 0.7810 -0.4960
vn -0.6202 0.6602 -0.4235
vn -0.6200 0.6605 -0.4236
vn -0.7936 0.5116 -0.3294
vn -0.7640 0.5443 -0.3465
vn -0.7642 0.5440 -0.3465
vn -0.4982 0.7300 -0.4679
vn -0.4976 0.7304 -0.4680
vn -0.4976 0.7304 -0.4679
vn 0.8753 0.4101 -0.2563
vn 0.8753 0.4101 -0.2562
vn 0.8753 0.4102 -0.2562
vn -0.2902 -0.8095 0.5103
vn -0.2902 -0.8096 0.5103
vn 0.0196 -0.8436 0.5367
vn -0.2898 -0.8096 0.5104
vn -0.5705 -0.6934 0.4402
vn -0.7967 -0.5133 0.3190
vn -0.7968 -0.5132 0.3188
vn -0.7966 -0.5135 0.3189
vn -0.9450 -0.2782 0.1718
vn -0.9450 -0.2782 0.1719
vn -0.9450 -0.2783 0.1718
vn -0.9450 -0.2783 0.1719
vn 0.5702 0.6936 -0.4402
vn 0.5705 0.6935 -0.4400
vn 0.3289 -0.7983 0.5046
vn 0.0196 -0.8435 0.5368
vn 0.0195 -0.8435 0.5368
vn 0.0195 -0.8435 0.5367
vn -0.0739 0.8426 -0.5334
vn -0.0741 0.8426 -0.5335
vn -0.0736 0.8427 -0.5333
vn -0.7934 0.5118 -0.3295
vn -0.7642 0.5440 -0.3464
vn -0.4975 0.7304 -0.4680
vn -0.4978 0.7302 -0.4680
vn -0.2309 -0.8221 0.5204
vn -0.2306 -0.8222 0.5204
vn -0.6445 -0.6483 0.4054
vn -0.6444 -0.6483 0.4054
vn -0.6444 -0.6483 0.4055
vn -0.6450 -0.6478 0.4054
vn -0.7190 -0.5877 0.3709
vn -0.8037 -0.5051 0.3144
vn -0.5147 -0.7245 0.4585
vn 0.9745 0.1909 -0.1180
vn 0.9744 0.1911 -0.1183
vn -0.2895 -0.8098 0.5104
vn -0.7967 -0.5135 0.3189
vn -0.7967 -0.5135 0.3188
vn -0.7969 -0.5132 0.3188
vn -0.9448 -0.2789 0.1719
vn -0.9448 -0.2789 0.1718
vn -0.9570 0.2422 -0.1598
vn -0.9570 0.2423 -0.1595
vn -0.9570 0.2422 -0.1596
vn 0.9448 0.2788 -0.1723
vn 0.9448 0.2789 -0.1723
vn 0.9449 0.2786 -0.1720
vn 0.9570 -0.2422 0.1598
vn 0.9570 -0.2421 0.1599
vn 0.8217 -0.4813 0.3052
vn 0.6040 -0.6708 0.4305
vn 0.6037 -0.6709 0.4306
vn 0.6037 -0.6710 0.4305
vn 0.3293 -0.7982 0.5044
vn 0.3293 -0.7983 0.5043
vn 0.0192 -0.8435 0.5367
vn -1.0000 -0.0041 -0.0032
vn -1.0000 -0.0037 -0.0029
vn -1.0000 -0.0040 -0.0031
vn -0.7088 0.5930 -0.3821
vn -0.7082 0.5935 -0.3824
vn -0.7083 0.5934 -0.3824
vn -0.9843 -0.1512 0.0912
vn 0.5564 0.7029 -0.4431
vn 0.3643 0.7874 -0.4972
vn 0.3647 0.7874 -0.4970
vn -0.0590 0.8433 -0.5341
vn -0.0590 0.8434 -0.5341
vn 0.9881 -0.1267 0.0868
vn 0.9872 0.1366 -0.0825
vn 0.9872 0.1366 -0.0824
vn 0.9872 0.1368 -0.0821
vn -0.2549 -0.8177 0.5161
vn -0.2550 -0.8177 0.5161
vn -0.4115 -0.7707 0.4866
vn -0.4114 -0.7707 0.4866
vn -0.6814 -0.6190 0.3906
vn -0.8802 -0.4022 0.2522
vn -0.8802 -0.4022 0.2521
vn -0.9860 -0.1429 0.0858
vn -0.9860 -0.1429 0.0857
vn -1.0000 -0.0042 -0.0017
vn -1.0000 -0.0041 -0.0017
vn -0.0000 -0.5355 -0.8445
vn 0.7049 0.5996 -0.3790
vn 0.8893 0.3866 -0.2443
vn 0.7051 0.5993 -0.3790
vn 0.8893 0.3865 -0.2443
vn 0.9872 0.1367 -0.0825
vn 0.8926 -0.3796 0.2431
vn 0.9881 -0.1278 0.0852
vn 0.7085 -0.5932 0.3822
vn 0.4546 -0.7514 0.4783
vn 0.4547 -0.7513 0.4783
vn 0.4547 -0.7514 0.4783
vn 0.7087 -0.5929 0.3825
vn 0.4547 -0.7514 0.4782
vn 0.0030 -0.5327 -0.8463
vn 0.0024 -0.5326 -0.8464
vn 0.0024 -0.5326 -0.8463
vn -0.7085 0.5932 -0.3823
vn -0.7085 0.5932 -0.3824
vn -0.7085 0.5932 -0.3822
vn -1.0000 -0.0040 -0.0019
vn -0.3182 0.8018 -0.5059
vn -0.1101 -0.8405 0.5304
vn -0.7110 0.5925 -0.3786
vn -0.7111 0.5925 -0.3786
vn 0.0079 -0.5399 -0.8417
vn 0.0091 0.2813 -0.9596
vn 0.7052 0.5993 -0.3788
vn -0.4118 -0.7705 0.4865
vn -0.4118 -0.7705 0.4866
vn -0.4111 -0.7709 0.4866
vn -0.0594 0.8433 -0.5341
vn -0.0594 0.8434 -0.5341
vn -0.0594 0.8434 -0.5340
vn 0.3646 0.7874 -0.4970
vn 0.3650 0.7873 -0.4968
vn 0.3650 0.7874 -0.4968
vn 0.9871 0.1370 -0.0827
vn 0.9872 0.1368 -0.0823
vn 0.9872 0.1367 -0.0823
vn 0.1546 0.8348 -0.5284
vn 0.4512 0.7541 -0.4771
vn 0.4513 0.7541 -0.4771
vn 0.1544 0.8346 -0.5287
vn 0.1545 0.8346 -0.5287
vn 0.1053 -0.5343 -0.8387
vn 0.0629 -0.5348 -0.8426
vn 0.0203 -0.5344 -0.8450
vn 0.0030 -0.5361 -0.8441
vn 0.0026 -0.5356 -0.8445
vn 0.0050 -0.5340 -0.8455
vn 0.0027 -0.5355 -0.8446
vn 0.0044 -0.5351 -0.8447
vn 0.0042 -0.5359 -0.8443
vn 0.0036 -0.5359 -0.8443
vn 0.0034 -0.5359 -0.8443
vn 0.0032 -0.5358 -0.8443
vn -0.5152 -0.7241 0.4586
vn -0.9449 -0.2786 0.1720
vn -0.9449 -0.2786 0.1721
vn -0.7967 -0.5134 0.3189
vn 0.9705 0.2064 -0.1248
vn 0.9705 0.2064 -0.1249
vn 0.9704 0.2066 -0.1251
vn 0.1611 -0.8320 0.5308
vn 0.1611 -0.8321 0.5308
vn -1.0000 -0.0040 -0.0023
vn -0.8525 -0.4432 0.2771
vn -0.8525 -0.4432 0.2770
vn -0.0026 0.5360 0.8442
vn -0.0025 0.5360 0.8442
vn -0.6102 -0.6697 0.4233
vn -0.6102 -0.6697 0.4232
vn -0.6099 -0.6700 0.4233
vn -0.6099 -0.6699 0.4233
vn 0.0001 -0.5547 0.8321
vn -0.0000 0.2898 0.9571
vn -0.2899 -0.8096 0.5104
vn -0.2899 -0.8097 0.5103
vn -0.0050 0.5370 0.8436
vn -0.0051 0.5370 0.8436
vn -0.9832 -0.1567 0.0940
vn -0.9830 -0.1574 0.0943
vn -0.9830 -0.1573 0.0944
vn -0.2207 -0.8245 0.5211
vn -0.2207 -0.8245 0.5210
vn -0.4652 -0.7490 0.4718
vn 0.1580 -0.8332 0.5300
vn 0.1579 -0.8335 0.5295
vn -0.0025 0.5361 0.8441
vn -0.0025 0.5361 0.8442
vn -0.0030 0.5356 0.8445
vn -0.0030 0.5356 0.8444
vn -0.0029 0.5355 0.8445
vn -0.0033 0.5358 0.8443
vn -0.0036 0.5359 0.8443
vn -0.0037 0.5359 0.8443
vn -0.0070 0.5358 0.8443
vn -0.0053 0.5358 0.8443
vn -0.0024 0.5355 0.8445
vn -0.0029 0.5356 0.8445
vn -1.0000 -0.0040 -0.0024
vn -1.0000 -0.0042 -0.0019
vn -1.0000 -0.0042 -0.0020
vn 1.0000 0.0040 0.0020
vn -1.0000 -0.0039 -0.0039
vn -0.0054 0.5342 0.8454
vn -0.0052 0.5342 0.8453
vn -0.0050 0.5343 0.8453
vn -0.0056 0.5343 0.8453
vn -0.9860 -0.1428 0.0858
vn -0.9860 -0.1428 0.0857
vn -0.8802 -0.4021 0.2522
vn -0.8800 -0.4024 0.2522
vn -0.8800 -0.4025 0.2523
vn -0.6814 -0.6190 0.3905
vn -0.6817 -0.6188 0.3905
vn -0.6816 -0.6188 0.3905
vn -0.0918 -0.8407 0.5337
vn -0.0051 0.5339 0.8456
vn -0.0050 0.5338 0.8456
vn -0.0053 0.5340 0.8455
vn -0.0030 0.5355 0.8445
vn -0.0058 0.5336 0.8457
vn -0.0057 0.5336 0.8457
vn -0.0057 0.5337 0.8457
vn -0.0013 0.5359 0.8443
vn -0.0019 0.5359 0.8443
vn -0.0024 0.5361 0.8442
vn -0.0024 0.5361 0.8441
vn -0.2756 -0.8122 0.5141
vn -0.2756 -0.8122 0.5142
vn 0.7969 0.5132 -0.3187
vn 0.7966 0.5134 -0.3190
vn 0.7967 0.5133 -0.3191
vn 0.5705 0.6935 -0.4399
vn 0.5706 0.6935 -0.4399
vn 0.2902 0.8096 -0.5102
vn 0.2902 0.8096 -0.5103
vn 0.2901 0.8096 -0.5102
vn -0.0192 0.8435 -0.5367
vn -0.0192 0.8435 -0.5368
vn -0.3293 0.7983 -0.5044
vn -0.3293 0.7982 -0.5044
vn -0.3290 0.7994 -0.5028
vn -0.3292 0.7982 -0.5045
vn -0.3292 0.7982 -0.5044
vn -0.6037 0.6710 -0.4305
vn -0.6037 0.6709 -0.4306
vn -0.8217 0.4813 -0.3052
vn -0.8215 0.4815 -0.3054
vn -0.9571 0.2419 -0.1596
vn -0.9880 0.1274 -0.0872
vn 0.9744 0.1911 -0.1182
vn 0.9745 0.1909 -0.1181
vn 0.7835 0.5263 -0.3304
vn 0.7835 0.5262 -0.3304
vn 0.7833 0.5265 -0.3307
vn 0.4362 0.7616 -0.4793
vn 0.4365 0.7615 -0.4792
vn 0.3397 0.7947 -0.5031
vn 0.3400 0.7946 -0.5030
vn 0.5500 0.7060 -0.4462
vn 0.5496 0.7062 -0.4464
vn 0.5497 0.7062 -0.4463
vn 0.5494 0.7061 -0.4467
vn 0.7297 0.5793 -0.3632
vn 0.7297 0.5792 -0.3633
vn 0.7297 0.5793 -0.3633
vn 0.8751 0.4104 -0.2565
vn 0.8751 0.4103 -0.2565
vn 0.8751 0.4104 -0.2564
vn 0.9570 -0.2422 0.1596
vn 0.9998 0.0201 -0.0059
vn 0.9449 0.2786 -0.1721
vn 0.7971 0.5129 -0.3187
vn 0.5699 0.6937 -0.4404
vn 0.5699 0.6938 -0.4403
vn 0.2902 0.8095 -0.5103
vn 0.2898 0.8097 -0.5103
vn 0.2899 0.8097 -0.5103
vn -0.0191 0.8435 -0.5368
vn -0.3289 0.7983 -0.5045
vn -0.3289 0.7983 -0.5046
vn -0.6040 0.6708 -0.4304
vn -0.6040 0.6708 -0.4305
vn -0.6043 0.6705 -0.4304
vn -0.8213 0.4818 -0.3054
vn -0.8213 0.4818 -0.3055
vn 0.9571 -0.2419 0.1595
vn 0.9448 0.2789 -0.1722
vn 0.7969 0.5132 -0.3188
vn 0.7971 0.5130 -0.3186
vn 0.7971 0.5130 -0.3185
vn 0.5702 0.6936 -0.4401
vn 0.2902 0.8095 -0.5104
vn 0.2904 0.8100 -0.5095
vn -0.6043 0.6706 -0.4304
vn -0.6038 0.6733 -0.4267
vn -0.6038 0.6733 -0.4268
vn -0.8213 0.4819 -0.3053
vn -0.8213 0.4819 -0.3054
vn -0.9572 0.2416 -0.1593
vn -0.9572 0.2417 -0.1592
vn -0.9572 0.2416 -0.1592
vn 0.7298 0.5793 -0.3632
vn 0.7298 0.5792 -0.3632
vn 0.5496 0.7062 -0.4463
vn 0.3396 0.7947 -0.5031
vn 0.4362 0.7615 -0.4795
vn 0.7835 0.5262 -0.3305
vn 0.7835 0.5261 -0.3306
vn 0.7835 0.5262 -0.3306
vn 0.9744 0.1911 -0.1184
vn -0.8195 0.4826 -0.3092
vn -0.8195 0.4825 -0.3092
vn -0.6038 0.6732 -0.4269
vn -0.3285 0.7984 -0.5045
vn -0.3286 0.7985 -0.5045
vn -0.3285 0.7985 -0.5045
vn -0.9881 0.1268 -0.0868
vn -0.9881 0.1267 -0.0868
vn -0.8925 0.3799 -0.2433
vn -0.8926 0.3796 -0.2432
vn -0.7082 0.5935 -0.3823
vn -0.4545 0.7517 -0.4779
vn -0.4551 0.7513 -0.4779
vn -0.1612 0.8342 -0.5274
vn -0.1605 0.8343 -0.5274
vn 0.1548 0.8346 -0.5286
vn 0.1541 0.8346 -0.5288
vn 0.4508 0.7541 -0.4777
vn 0.4508 0.7541 -0.4776
vn 0.4514 0.7540 -0.4772
vn 0.4514 0.7539 -0.4773
vn 0.7047 0.5997 -0.3791
vn 0.8892 0.3869 -0.2441
vn 0.8894 0.3867 -0.2440
vn 0.9998 -0.0141 0.0121
vn 0.9998 -0.0141 0.0120
vn 0.9704 0.2067 -0.1250
vn 0.9704 0.2066 -0.1249
vn 0.9704 0.2066 -0.1250
vn 0.8753 0.4102 -0.2563
vn -0.9998 -0.0201 0.0061
vn -0.9998 -0.0204 0.0061
vn -0.9998 -0.0204 0.0062
vn -0.8215 0.4816 -0.3053
vn -0.8217 0.4813 -0.3053
vn -0.6035 0.6735 -0.4268
vn 0.2894 0.8097 -0.5105
vn 0.2895 0.8097 -0.5105
vn 0.2895 0.8096 -0.5105
vn 0.2902 0.8097 -0.5101
vn 0.2902 0.8097 -0.5102
vn 0.7971 0.5129 -0.3186
vn 0.8217 -0.4813 0.3053
vn -0.5699 -0.6938 0.4402
vn -0.0000 0.2199 -0.9755
vn 0.0024 -0.2967 -0.9550
vn 0.0055 -0.7356 -0.6773
vn 0.0056 -0.7356 -0.6773
vn 0.0047 -0.9759 -0.2181
vn -0.9773 0.1766 -0.1169
vn -0.4730 0.7435 -0.4727
vn -0.4730 0.7435 -0.4726
vn -0.4730 0.7436 -0.4726
vn -0.7978 0.5074 -0.3255
vn -0.7979 0.5074 -0.3255
vn -0.9772 0.1769 -0.1171
vn 0.1548 0.8347 -0.5286
vn 0.4511 0.7540 -0.4774
vn -0.1581 0.8333 -0.5298
vn -0.1577 0.8334 -0.5298
vn -0.1577 0.8334 -0.5297
vn -0.4548 0.7515 -0.4779
vn -0.7087 0.5929 -0.3824
vn -0.8925 0.3798 -0.2434
vn -0.8927 0.3793 -0.2434
vn -0.9881 0.1271 -0.0871
vn -0.9881 0.1270 -0.0871
vn -0.9871 -0.1370 0.0827
vn -0.9871 -0.1370 0.0826
vn -0.8892 -0.3869 0.2441
vn -0.7051 -0.5994 0.3788
vn -0.1544 -0.8346 0.5287
vn -0.1548 -0.8345 0.5287
vn 0.8925 -0.3798 0.2434
vn 0.4511 0.7540 -0.4775
vn 0.0024 -0.8444 0.5357
vn 1.0000 0.0039 0.0022
vn 1.0000 0.0039 0.0016
vn 1.0000 0.0039 0.0026
vn 1.0000 0.0039 0.0023
vn 1.0000 0.0040 0.0018
vn 1.0000 0.0039 0.0025
vn 1.0000 0.0039 0.0021
vn 1.0000 0.0039 0.0017
vn -0.4511 -0.7540 0.4775
vn -0.7049 -0.5994 0.3792
vn -0.7050 -0.5994 0.3792
vn -0.4509 -0.7539 0.4778
vn -0.8893 -0.3867 0.2440
vn -0.8894 -0.3867 0.2440
vn -0.7052 -0.5995 0.3786
vn -0.9874 -0.1367 0.0800
vn -0.9874 -0.1367 0.0801
vn -0.9871 -0.1371 0.0831
vn -0.2902 -0.8096 0.5102
vn -0.6096 -0.6702 0.4234
vn -0.6096 -0.6702 0.4233
vn -0.8528 -0.4429 0.2768
vn -0.8527 -0.4425 0.2777
vn -0.8527 -0.4429 0.2769
vn -0.9830 -0.1572 0.0945
vn -0.9830 -0.1573 0.0945
vn -0.9843 -0.1513 0.0912
vn 1.0000 0.0035 0.0011
vn 1.0000 0.0039 0.0012
vn 1.0000 0.0043 0.0013
vn 0.0047 -0.9759 -0.2182
vn 0.0025 -0.2974 -0.9548
vn 0.0024 -0.2974 -0.9548
vn -0.7981 0.5072 -0.3254
vn -0.7978 0.5075 -0.3256
vn -0.7978 0.5075 -0.3255
vn -0.4723 0.7439 -0.4728
vn -0.4724 0.7438 -0.4728
vn -0.4724 0.7439 -0.4728
vn -0.4727 0.7437 -0.4727
vn -0.2902 -0.8093 0.5108
vn -0.4549 0.7515 -0.4779
vn 0.7085 -0.5931 0.3823
vn -0.8895 -0.3864 0.2438
vn -0.8894 -0.3866 0.2439
vn -0.9881 0.1270 -0.0870
vn -0.7083 0.5934 -0.3823
vn -0.4550 0.7516 -0.4775
vn -0.4550 0.7517 -0.4775
vn -0.7084 0.5935 -0.3820
vn -0.7084 0.5935 -0.3821
vn -0.4550 0.7516 -0.4776
vn -0.8925 0.3795 -0.2437
vn -0.7083 0.5932 -0.3826
vn -0.7083 0.5933 -0.3826
vn -0.9881 0.1273 -0.0868
vn -0.8926 0.3798 -0.2428
vn -0.8927 0.3797 -0.2428
vn -0.9871 -0.1373 0.0827
vn -0.9881 0.1272 -0.0870
vn -0.9881 0.1271 -0.0870
vn -0.8894 -0.3868 0.2436
vn -0.8894 -0.3869 0.2436
vn -0.9871 -0.1372 0.0824
vn -0.4511 -0.7538 0.4778
vn -0.7048 -0.5996 0.3792
vn -0.4512 -0.7539 0.4776
vn 0.8926 -0.3798 0.2429
vn 0.7086 -0.5931 0.3822
vn 0.8927 -0.3796 0.2431
vn 0.9872 0.1366 -0.0823
vn 0.7049 0.5994 -0.3792
vn 0.8893 0.3866 -0.2442
vn 0.7048 0.5998 -0.3788
vn 0.9704 0.2067 -0.1249
vn -0.2759 -0.8121 0.5142
vn -0.2756 -0.8121 0.5143
vn -0.7193 -0.5874 0.3709
vn -0.7193 -0.5875 0.3709
vn 0.3285 -0.7984 0.5046
vn 0.3290 -0.7983 0.5044
vn 0.6038 -0.6734 0.4266
vn -0.2898 -0.8097 0.5103
vn -0.2902 -0.8095 0.5104
vn -0.2904 -0.8100 0.5095
vn 0.3292 -0.7982 0.5044
vn 0.6037 -0.6710 0.4306
vn 0.6036 -0.6709 0.4307
vn -0.7967 -0.5134 0.3190
vn -0.7966 -0.5134 0.3190
vn -0.5702 -0.6936 0.4401
vn -0.6445 -0.6483 0.4055
vn -0.2313 -0.8220 0.5204
vn -0.6447 -0.6480 0.4055
vn -0.2763 -0.8119 0.5142
vn -0.2762 -0.8119 0.5143
vn 0.1574 -0.8333 0.5300
vn 0.4552 -0.7513 0.4779
vn 0.1574 -0.8333 0.5299
vn -0.1541 -0.8346 0.5289
vn -0.1541 -0.8346 0.5288
vn -0.1541 -0.8347 0.5288
vn -0.4515 -0.7538 0.4774
vn -0.4515 -0.7539 0.4774
vn -0.4514 -0.7538 0.4775
vn -0.7047 -0.5998 0.3789
vn -0.7047 -0.5999 0.3789
vn -0.7050 -0.5995 0.3789
vn -0.8892 -0.3870 0.2441
vn -0.9872 -0.1367 0.0825
vn 0.7083 -0.5934 0.3825
vn 0.4551 -0.7513 0.4780
vn 0.4551 -0.7513 0.4779
vn -0.1102 -0.8406 0.5304
vn -0.1101 -0.8406 0.5304
vn 0.7082 -0.5934 0.3825
vn 0.7082 -0.5934 0.3824
vn -0.1543 -0.8348 0.5284
vn -0.1545 -0.8346 0.5287
vn 0.7086 -0.5932 0.3822
vn 0.7298 0.5792 -0.3633
vn -0.8926 0.3796 -0.2431
vn -0.9998 -0.0180 0.0080
vn 0.2895 0.8098 -0.5103
vn 0.2895 0.8097 -0.5104
vn 0.7295 0.5795 -0.3634
vn 0.7295 0.5794 -0.3634
vn 0.3400 0.7946 -0.5029
vn 0.4362 0.7617 -0.4791
vn 0.4362 0.7617 -0.4792
vn 0.4362 0.7616 -0.4792
vn 0.7833 0.5264 -0.3306
vn -0.3292 0.7981 -0.5047
vn -0.0195 0.8435 -0.5368
vn 0.2901 0.8094 -0.5105
vn -0.0024 0.2967 0.9550
vn -0.0025 0.2967 0.9550
vn -0.0047 0.9759 0.2182
vn -0.0050 0.9546 -0.2977
vn -0.0049 0.9546 -0.2977
vn -0.0049 0.9545 -0.2981
vn -0.0048 0.9545 -0.2981
vn -0.0028 0.6786 -0.7345
vn -0.0028 0.6789 -0.7343
vn 0.0050 -0.9545 0.2980
vn 0.0051 -0.9545 0.2980
vn 0.0049 -0.9546 0.2977
vn 0.0028 -0.6789 0.7343
vn 0.0029 -0.6786 0.7345
vn -0.0000 -0.2199 0.9755
vn 0.1577 -0.8333 0.5298
vn 0.1577 -0.8334 0.5298
vn 0.1580 -0.8334 0.5296
vn 0.1581 -0.8334 0.5296
vn 0.8892 0.3869 -0.2442
vn 0.7050 0.5995 -0.3788
vn -0.0028 0.6788 -0.7343
vn 0.0024 -0.2973 -0.9548
vn 0.0025 -0.2973 -0.9548
vn 0.0055 -0.7356 -0.6774
vn 0.0056 -0.7356 -0.6774
vn 0.1547 0.8345 -0.5289
vn 0.1548 0.8345 -0.5288
vn -0.1581 0.8334 -0.5296
vn -0.1578 0.8331 -0.5301
vn 0.4508 0.7543 -0.4773
vn 0.1547 0.8348 -0.5284
vn 0.4508 0.7542 -0.4774
vn -0.9880 0.1271 -0.0873
vn -0.8926 0.3795 -0.2433
vn -0.8926 0.3795 -0.2434
vn -0.9881 0.1270 -0.0872
vn -0.7084 0.5932 -0.3826
vn -0.8926 0.3795 -0.2436
vn -0.4547 0.7516 -0.4779
vn -0.7086 0.5933 -0.3820
vn -0.7085 0.5933 -0.3820
vn -0.4546 0.7517 -0.4778
vn 0.0024 -0.2970 -0.9549
vn 0.0025 -0.2970 -0.9549
vn 0.0055 -0.7359 -0.6771
vn -0.0025 0.2970 0.9549
vn 0.0028 -0.6786 0.7345
vn 0.0049 -0.9547 0.2977
vn -0.0028 0.6789 -0.7342
vn -0.1577 0.8333 -0.5298
vn 0.8894 0.3867 -0.2439
vn 0.8894 0.3867 -0.2437
vn 0.1581 -0.8334 0.5297
vn 0.1581 -0.8333 0.5297
vn -0.1545 -0.8347 0.5287
vn -0.4511 -0.7541 0.4774
vn -0.1578 0.8333 -0.5298
vn -0.1579 0.8333 -0.5298
vn -0.1576 0.8335 -0.5295
vn -0.1542 -0.8345 0.5291
vn -0.1542 -0.8345 0.5290
vn 0.4549 -0.7513 0.4782
vn 0.1578 -0.8331 0.5301
vn 0.7833 0.5265 -0.3306
vn 0.7832 0.5265 -0.3306
vn 0.7832 0.5265 -0.3307
vn 0.4369 0.7614 -0.4790
vn 0.7047 0.5997 -0.3790
vn 0.4511 0.7541 -0.4774
vn 0.1541 0.8348 -0.5285
vn 0.1541 0.8348 -0.5286
vn 0.1541 0.8347 -0.5287
vn -0.1574 0.8334 -0.5298
vn -0.1574 0.8334 -0.5297
vn -0.1605 0.8343 -0.5273
vn -0.1605 0.8344 -0.5273
vn -0.7088 0.5929 -0.3822
vn 0.5499 0.7061 -0.4462
vn 0.5499 0.7060 -0.4462
vn 0.3290 -0.7983 0.5045
vn -0.6043 0.6705 -0.4303
vn -0.6040 0.6707 -0.4306
vn -0.0055 0.7356 0.6774
vn -0.0056 0.7356 0.6774
vn -0.0055 0.7359 0.6771
vn 0.0049 -0.9548 0.2974
vn -0.0024 0.2974 0.9548
vn -0.0025 0.2974 0.9548
vn -0.0025 0.8444 -0.5358
vn -0.0031 0.8443 -0.5359
s 1
g off
g Panel_derecha_1_cal_solar_2
usemtl cal_solar_2
f 1//1 2//1 3//1
f 3//1 2//1 4//1
f 2//1 5//1 4//1
f 4//1 5//1 6//1
s 2
f 7//1 8//1 9//1
f 9//1 8//1 10//1
s 3
f 11//1 12//1 13//1
s 4
f 14//1 15//1 16//1
s 5
f 17//1 18//2 19//3
f 19//3 18//2 20//1
f 18//2 21//4 20//1
f 21//4 22//1 20//1
s 6
f 23//1 24//1 25//1
f 25//1 24//1 26//1
f 24//1 27//1 26//1
f 27//1 28//1 26//1
s 7
f 29//1 30//1 31//1
s 8
f 32//1 33//1 34//1
f 33//1 35//1 34//1
f 35//1 36//1 34//1
s 9
f 37//1 38//1 39//1
s 10
f 40//5 41//1 42//5
f 42//5 41//1 43//6
f 43//6 41//1 44//1
s 11
f 45//1 46//1 47//7
f 47//7 46//1 48//1
f 46//1 49//1 48//1
f 48//1 49//1 50//1
s 12
f 51//1 52//1 53//1
f 53//1 52//1 54//1
f 52//1 55//1 54//1
f 55//1 56//1 54//1
s 13
f 57//1 58//1 59//1
s 14
f 60//1 61//1 62//1
f 62//1 61//1 63//1
f 63//1 61//1 64//1
s 15
f 65//1 66//4 67//1
f 66//4 68//1 67//1
f 67//1 68//1 69//1
f 68//1 70//1 69//1
s 16
f 71//1 72//1 73//1
f 73//1 72//1 74//1
f 72//1 75//1 74//1
f 74//1 75//1 76//1
s 17
f 77//1 78//1 79//1
f 79//1 78//1 80//3
f 78//1 81//1 80//3
f 80//3 81//1 82//1
s 18
f 83//1 84//2 85//1
f 85//1 84//2 86//1
f 84//2 87//1 86//1
f 86//1 87//1 88//1
s 19
f 89//1 90//2 91//3
f 91//3 90//2 92//1
f 90//2 93//1 92//1
f 93//1 94//1 92//1
s 20
f 95//1 96//1 97//1
f 97//1 96//1 98//2
f 96//1 99//1 98//2
f 99//1 100//1 98//2
s 21
f 101//1 102//1 103//1
f 103//1 102//1 104//2
f 102//1 105//3 104//2
f 104//2 105//3 106//1
s 22
f 107//1 108//1 109//1
s 23
f 110//1 111//1 112//8
f 111//1 113//1 112//8
f 113//1 114//1 112//8
s 24
f 115//1 116//3 117//3
f 117//3 116//3 118//1
f 116//3 119//1 118//1
f 119//1 120//1 118//1
s 25
f 121//1 122//5 123//1
f 123//1 122//5 124//1
f 122//5 125//1 124//1
f 124//1 125//1 126//1
s 26
f 127//1 128//1 129//1
f 129//1 128//1 130//1
f 128//1 131//1 130//1
f 130//1 131//1 132//1
s 27
f 133//1 134//1 135//1
f 135//1 134//1 136//1
f 134//1 137//1 136//1
f 137//1 138//1 136//1
s 28
f 139//1 140//1 141//1
f 140//1 142//1 141//1
f 141//1 142//1 143//1
f 143//1 142//1 144//1
s 29
f 145//1 146//1 147//9
f 146//1 148//1 147//9
f 147//9 148//1 149//1
f 149//1 148//1 150//1
s 30
f 151//1 152//1 153//1
f 153//1 152//1 154//1
f 152//1 155//1 154//1
f 154//1 155//1 156//1
s 31
f 157//1 158//1 159//1
f 159//1 158//1 160//1
f 158//1 161//1 160//1
f 160//1 161//1 162//1
s 32
f 163//1 164//1 165//2
f 165//2 164//1 166//1
f 164//1 167//1 166//1
f 167//1 168//1 166//1
s 33
f 169//1 170//1 171//1
f 171//1 170//1 172//1
f 170//1 173//1 172//1
f 173//1 174//1 172//1
s 34
f 175//1 176//2 177//1
f 177//1 176//2 178//1
f 176//2 179//1 178//1
f 179//1 180//1 178//1
s 35
f 181//1 182//1 183//1
f 183//1 182//1 184//1
f 182//1 185//1 184//1
f 185//1 186//1 184//1
s 36
f 187//1 188//1 189//1
f 189//1 188//1 190//1
f 188//1 191//1 190//1
f 190//1 191//1 192//1
s 37
f 193//1 194//1 195//1
s 38
f 196//1 197//1 198//1
s 39
f 199//1 200//1 201//1
f 201//1 200//1 202//1
s 40
f 203//1 204//1 205//1
f 205//1 204//1 206//1
f 204//1 207//5 206//1
f 206//1 207//5 208//1
s 41
f 209//1 210//7 211//1
f 211//1 210//7 212//1
f 210//7 213//1 212//1
f 212//1 213//1 214//1
s 42
f 215//1 216//1 217//1
f 216//1 218//1 217//1
s 43
f 219//1 220//1 221//1
f 221//1 220//1 222//1
s 44
f 223//1 224//1 225//1
f 225//1 224//1 226//1
f 224//1 227//1 226//1
f 226//1 227//1 228//1
s 45
f 229//1 230//1 231//3
f 231//3 230//1 232//1
f 230//1 233//1 232//1
f 232//1 233//1 234//1
s 46
f 235//1 236//3 237//1
f 236//3 238//1 237//1
f 237//1 238//1 239//1
f 239//1 238//1 240//5
s 47
f 241//1 242//1 243//1
f 243//1 242//1 244//1
f 242//1 245//1 244//1
f 244//1 245//1 246//1
s 48
f 247//1 248//1 249//1
f 249//1 248//1 250//3
f 248//1 251//2 250//3
f 250//3 251//2 252//1
s 49
f 253//1 254//10 255//1
f 255//1 254//10 256//1
f 254//10 257//1 256//1
f 256//1 257//1 258//1
s 50
f 259//1 260//1 261//1
s 51
f 262//1 263//4 264//1
f 264//1 263//4 265//1
f 263//4 266//1 265//1
s 52
f 267//1 268//10 269//1
f 269//1 268//10 270//1
f 268//10 271//1 270//1
f 270//1 271//1 272//1
s 53
f 273//1 274//1 275//1
f 275//1 274//1 276//1
f 274//1 277//1 276//1
f 276//1 277//1 278//1
s 54
f 279//1 280//1 281//1
f 281//1 280//1 282//10
f 280//1 283//1 282//10
f 282//10 283//1 284//1
s 55
f 285//1 286//1 287//1
f 287//1 286//1 288//1
s 56
f 289//1 290//1 291//1
s 57
f 292//1 293//1 294//1
s 58
f 295//1 296//1 297//4
f 297//4 296//1 298//1
f 296//1 299//1 298//1
f 298//1 299//1 300//1
s 59
f 301//1 302//1 303//1
f 303//1 302//1 304//2
f 302//1 305//2 304//2
f 304//2 305//2 306//1
s 60
f 307//1 308//1 309//1
f 309//1 308//1 310//1
f 308//1 311//11 310//1
f 311//11 312//1 310//1
s 61
f 313//1 314//1 315//1
f 314//1 316//1 315//1
s 62
f 317//1 318//1 319//1
s 63
f 320//1 321//1 322//1
s 64
f 323//1 324//1 325//1
f 325//1 324//1 326//1
f 324//1 327//1 326//1
f 327//1 328//1 326//1
s 65
f 329//1 330//1 331//1
f 330//1 332//1 331//1
f 331//1 332//1 333//1
f 333//1 332//1 334//1
s 66
f 335//1 336//1 337//1
f 337//1 336//1 338//5
f 336//1 339//1 338//5
f 338//5 339//1 340//1
s 67
f 341//1 342//5 343//1
f 343//1 342//5 344//1
f 342//5 345//1 344//1
f 344//1 345//1 346//5
s 68
f 347//1 348//1 349//4
f 349//4 348//1 350//1
f 348//1 351//1 350//1
f 350//1 351//1 352//1
s 69
f 353//1 354//1 355//4
f 355//4 354//1 356//9
f 354//1 357//1 356//9
f 356//9 357//1 358//1
s 70
f 359//1 360//1 361//1
f 360//1 362//1 361//1
f 361//1 362//1 363//1
f 363//1 362//1 364//1
s 71
f 365//1 366//1 367//1
f 367//1 366//1 368//1
f 366//1 369//1 368//1
f 369//1 370//5 368//1
s 72
f 371//1 372//1 373//1
f 373//1 372//1 374//1
s 73
f 375//1 376//1 377//1
s 74
f 378//1 379//1 380//1
s 75
f 381//1 382//3 383//1
f 383//1 382//3 384//11
f 384//11 382//3 385//1
s 76
f 386//1 387//1 388//1
s 77
f 389//1 390//1 391//1
f 391//1 390//1 392//1
f 390//1 393//1 392//1
f 393//1 394//1 392//1
s 78
f 395//1 396//3 397//3
f 397//3 396//3 398//1
f 396//3 399//1 398//1
f 399//1 400//1 398//1
s 79
f 401//1 402//1 403//1
f 403//1 402//1 404//1
f 404//1 402//1 405//1
s 80
f 406//1 407//1 408//1
s 81
f 409//1 410//1 411//1
f 411//1 410//1 412//1
f 410//1 413//1 412//1
s 82
f 414//1 415//1 416//1
s 83
f 417//1 418//1 419//1
f 418//1 420//1 419//1
s 84
f 421//1 422//1 423//1
s 85
f 424//1 425//1 426//1
s 86
f 427//1 428//3 429//1
f 429//1 428//3 430//1
f 428//3 431//1 430//1
f 430//1 431//1 432//1
s 87
f 433//1 434//1 435//1
s 88
f 436//1 437//11 438//1
f 437//11 439//1 438//1
f 438//1 439//1 440//1
s 89
f 441//1 442//1 443//1
f 443//1 442//1 444//1
f 442//1 445//1 444//1
f 444//1 445//1 446//1
s 90
f 447//1 448//3 449//1
f 449//1 448//3 450//1
f 448//3 451//1 450//1
f 451//1 452//1 450//1
s 91
f 453//1 454//12 455//1
f 455//1 454//12 456//1
f 454//12 457//1 456//1
f 457//1 458//1 456//1
s 92
f 459//1 460//3 461//1
f 461//1 460//3 462//1
f 460//3 463//1 462//1
f 462//1 463//1 464//1
s 93
f 465//1 466//1 467//1
f 467//1 466//1 468//1
f 466//1 469//4 468//1
f 469//4 470//1 468//1
s 94
f 471//1 472//1 473//1
f 472//1 474//1 473//1
f 473//1 474//1 475//1
f 475//1 474//1 476//1
s 95
f 477//1 478//1 479//1
f 478//1 480//1 479//1
f 479//1 480//1 481//1
f 481//1 480//1 482//1
s 96
g Panel_derecha_1_cal_solar_1
usemtl cal_solar_1
f 483//1 484//1 485//1
f 484//1 486//1 485//1
s 97
f 487//1 488//1 489//11
f 489//11 488//1 490//1
s 98
f 491//1 492//1 493//1
f 493//1 492//1 494//1
f 492//1 495//1 494//1
f 494//1 495//1 496//1
s 99
f 497//1 498//1 499//1
f 499//1 498//1 500//13
f 498//1 501//1 500//13
f 501//1 502//1 500//13
s 100
f 503//1 504//1 505//1
f 504//1 506//9 505//1
f 505//1 506//9 507//1
f 507//1 506//9 508//1
s 101
f 509//1 510//4 511//1
f 511//1 510//4 512//2
f 510//4 513//1 512//2
f 513//1 514//1 512//2
s 102
f 515//1 516//1 517//1
f 517//1 516//1 518//1
f 516//1 519//1 518//1
f 518//1 519//1 520//1
s 103
f 521//1 522//1 523//4
f 522//1 524//1 523//4
f 523//4 524//1 525//1
f 525//1 524//1 526//1
s 104
f 527//1 528//14 529//1
f 529//1 528//14 530//1
f 528//14 531//1 530//1
f 530//1 531//1 532//1
s 105
f 533//1 534//1 535//1
f 534//1 536//1 535//1
f 535//1 536//1 537//1
s 106
f 538//1 539//1 540//1
s 107
f 541//1 542//1 543//1
f 542//1 544//1 543//1
f 543//1 544//1 545//1
f 544//1 546//1 545//1
s 108
f 547//1 548//1 549//1
s 109
f 550//1 551//1 552//1
f 551//1 553//1 552//1
f 553//1 554//1 552//1
s 110
f 555//1 556//1 557//1
f 556//1 558//1 557//1
s 111
f 559//1 560//1 561//1
f 561//1 560//1 562//1
s 112
f 563//1 564//1 565//1
f 565//1 564//1 566//1
f 564//1 567//1 566//1
f 567//1 568//1 566//1
s 113
f 569//1 570//1 571//4
f 571//4 570//1 572//1
f 570//1 573//1 572//1
f 572//1 573//1 574//1
s 114
f 575//1 576//1 577//4
f 576//1 578//15 577//4
f 577//4 578//15 579//1
s 115
f 580//1 581//1 582//1
s 116
f 583//1 584//1 585//1
s 117
f 586//11 587//1 588//1
f 587//1 589//1 588//1
f 588//1 589//1 590//1
s 118
f 591//1 592//1 593//1
f 593//1 592//1 594//1
f 592//1 595//1 594//1
f 594//1 595//1 596//1
s 119
f 597//1 598//1 599//1
s 120
f 600//1 601//1 602//14
f 601//1 603//1 602//14
f 603//1 604//1 602//14
s 121
f 605//1 606//2 607//1
f 607//1 606//2 608//11
f 606//2 609//1 608//11
f 608//11 609//1 610//1
s 122
f 611//1 612//1 613//1
s 123
f 614//1 615//1 616//1
f 616//1 615//1 617//1
f 615//1 618//1 617//1
s 124
f 619//1 620//1 621//1
s 125
f 622//1 623//1 624//1
f 624//1 623//1 625//1
f 623//1 626//1 625//1
s 126
f 627//1 628//1 629//1
s 127
f 630//1 631//1 632//1
f 631//1 633//1 632//1
s 128
f 634//1 635//1 636//1
s 129
f 637//1 638//1 639//1
f 639//1 638//1 640//1
f 638//1 641//1 640//1
f 641//1 642//1 640//1
s 130
f 643//1 644//1 645//16
f 645//16 644//1 646//1
f 644//1 647//1 646//1
f 647//1 648//1 646//1
s 131
f 649//1 650//3 651//7
f 651//7 650//3 652//1
f 650//3 653//1 652//1
f 653//1 654//1 652//1
s 132
f 655//1 656//1 657//1
f 657//1 656//1 658//1
f 656//1 659//1 658//1
f 658//1 659//1 660//1
s 133
f 661//1 662//1 663//3
f 662//1 664//1 663//3
f 663//3 664//1 665//1
f 665//1 664//1 666//1
s 134
f 667//1 668//1 669//1
f 669//1 668//1 670//3
f 668//1 671//1 670//3
f 670//3 671//1 672//1
s 135
f 673//1 674//1 675//1
f 675//1 674//1 676//1
f 674//1 677//1 676//1
f 677//1 678//1 676//1
s 136
f 679//6 680//1 681//1
f 680//1 682//1 681//1
f 681//1 682//1 683//1
f 683//1 682//1 684//1
s 137
f 685//1 686//13 687//1
f 687//1 686//13 688//1
f 686//13 689//1 688//1
f 688//1 689//1 690//1
s 138
f 691//1 692//10 693//11
f 693//11 692//10 694//1
f 692//10 695//1 694//1
f 694//1 695//1 696//1
s 139
f 697//1 698//1 699//1
s 140
f 700//1 701//1 702//1
f 702//1 701//1 703//1
f 701//1 704//1 703//1
s 141
f 705//1 706//1 707//1
f 706//1 708//5 707//1
f 707//1 708//5 709//1
s 142
f 710//1 711//1 712//1
s 143
f 713//1 714//1 715//1
f 715//1 714//1 716//1
f 714//1 717//1 716//1
f 717//1 718//1 716//1
s 144
f 719//1 720//1 721//1
f 721//1 720//1 722//1
f 720//1 723//1 722//1
f 722//1 723//1 724//1
s 145
f 725//1 726//1 727//1
f 727//1 726//1 728//1
f 726//1 729//1 728//1
f 728//1 729//1 730//1
s 146
f 731//1 732//1 733//1
f 733//1 732//1 734//1
f 732//1 735//1 734//1
f 734//1 735//1 736//1
s 147
f 737//1 738//1 739//1
f 739//1 738//1 740//17
f 738//1 741//1 740//17
f 741//1 742//1 740//17
s 148
f 743//1 744//1 745//1
f 745//1 744//1 746//1
f 744//1 747//1 746//1
f 747//1 748//1 746//1
s 149
f 749//1 750//1 751//1
f 751//1 750//1 752//1
f 750//1 753//1 752//1
f 753//1 754//1 752//1
s 150
f 755//1 756//1 757//1
f 757//1 756//1 758//1
f 756//1 759//1 758//1
f 759//1 760//1 758//1
s 151
f 761//1 762//3 763//3
f 763//3 762//3 764//1
f 762//3 765//1 764//1
f 765//1 766//1 764//1
s 152
f 767//1 768//1 769//1
f 769//1 768//1 770//1
f 768//1 771//1 770//1
f 770//1 771//1 772//1
s 153
f 773//1 774//1 775//1
s 154
f 776//1 777//1 778//1
f 777//1 779//1 778//1
f 779//1 780//1 778//1
s 155
f 781//1 782//1 783//1
s 156
f 784//1 785//1 786//1
f 785//1 787//1 786//1
f 787//1 788//1 786//1
s 157
f 789//1 790//1 791//1
f 790//1 792//1 791//1
f 791//1 792//1 793//1
s 158
f 794//1 795//1 796//1
s 159
f 797//1 798//1 799//1
f 799//1 798//1 800//1
f 798//1 801//1 800//1
f 800//1 801//1 802//1
s 160
f 803//1 804//1 805//4
f 805//4 804//1 806//2
f 804//1 807//5 806//2
f 807//5 808//1 806//2
s 161
f 809//1 810//1 811//1
f 811//1 810//1 812//1
f 810//1 813//1 812//1
f 812//1 813//1 814//1
s 162
f 815//1 816//1 817//1
f 817//1 816//1 818//1
f 816//1 819//1 818//1
f 819//1 820//1 818//1
s 163
f 821//1 822//1 823//1
f 823//1 822//1 824//1
s 164
f 825//1 826//1 827//1
f 826//1 828//1 827//1
s 165
f 829//1 830//1 831//1
f 831//1 830//1 832//1
f 830//1 833//1 832//1
f 832//1 833//1 834//1
s 166
f 835//1 836//1 837//1
f 836//1 838//1 837//1
f 837//1 838//1 839//1
f 839//1 838//1 840//1
s 167
f 841//1 842//1 843//4
f 842//1 844//2 843//4
f 843//4 844//2 845//2
f 845//2 844//2 846//1
s 168
f 847//1 848//1 849//3
f 849//3 848//1 850//1
f 848//1 851//1 850//1
f 851//1 852//1 850//1
s 169
f 853//1 854//1 855//1
f 855//1 854//1 856//1
f 854//1 857//1 856//1
f 857//1 858//1 856//1
s 170
f 859//1 860//1 861//1
s 171
f 862//5 863//3 864//4
f 863//3 865//1 864//4
f 864//4 865//1 866//1
s 172
f 867//1 868//1 869//1
f 868//1 870//1 869//1
f 869//1 870//1 871//1
f 871//1 870//1 872//1
s 173
f 873//1 874//1 875//1
s 174
f 876//1 877//11 878//11
f 878//11 877//11 879//3
s 175
f 880//1 881//1 882//1
s 176
f 883//11 884//11 885//11
s 177
f 886//1 887//1 888//1
s 178
f 889//1 890//1 891//1
s 179
f 892//1 893//1 894//1
s 180
f 895//1 896//3 897//1
f 897//1 896//3 898//1
f 896//3 899//1 898//1
f 898//1 899//1 900//1
s 181
f 901//1 902//1 903//1
f 903//1 902//1 904//1
f 902//1 905//1 904//1
f 905//1 906//1 904//1
s 182
f 907//1 908//18 909//1
f 909//1 908//18 910//1
f 908//18 911//1 910//1
f 911//1 912//1 910//1
s 183
f 913//1 914//1 915//1
f 915//1 914//1 916//1
f 914//1 917//1 916//1
f 917//1 918//1 916//1
s 184
f 919//1 920//1 921//1
s 185
f 922//3 923//1 924//4
f 923//1 925//1 924//4
f 924//4 925//1 926//1
s 186
f 927//1 928//1 929//1
f 929//1 928//1 930//1
f 928//1 931//1 930//1
f 930//1 931//1 932//6
s 187
f 933//1 934//1 935//1
f 935//1 934//1 936//1
f 934//1 937//1 936//1
f 937//1 938//1 936//1
s 188
f 939//1 940//1 941//1
s 189
f 942//1 943//11 944//1
f 943//11 945//1 944//1
f 945//1 946//1 944//1
s 190
f 947//1 948//1 949//1
f 949//1 948//1 950//1
f 948//1 951//1 950//1
f 951//1 952//1 950//1
s 191
f 953//1 954//1 955//1
f 954//1 956//1 955//1
f 955//1 956//1 957//1
f 957//1 956//1 958//1
s 192
f 959//15 960//1 961//1
f 960//1 962//1 961//1
s 193
f 963//11 964//1 965//1
f 965//1 964//1 966//1
s 194
f 967//1 968//1 969//1
f 969//1 968//1 970//1
f 968//1 971//1 970//1
s 195
f 972//1 973//1 974//1
s 196
f 975//1 976//1 977//1
f 977//1 976//1 978//3
f 976//1 979//1 978//3
f 978//3 979//1 980//1
s 197
f 981//1 982//1 983//1
f 983//1 982//1 984//1
f 982//1 985//1 984//1
f 985//1 986//1 984//1
s 198
f 987//1 988//1 989//1
f 989//1 988//1 990//1
f 988//1 991//1 990//1
f 990//1 991//1 992//1
s 199
f 993//1 994//1 995//1
f 995//1 994//1 996//1
f 994//1 997//1 996//1
f 996//1 997//1 998//1
s 200
g Panel_derecha_1_cal_bronze
usemtl cal_bronze
f 999//19 1000//19 1001//19
f 1000//19 1002//19 1001//19
s 201
f 1003//20 1004//20 1005//20
s 202
f 1006//19 1007//19 1008//19
s 203
f 1009//19 1010//19 1011//19
s 204
f 1012//21 1013//21 1014//21
s 205
f 1015//19 1016//19 1017//19
f 1016//19 1018//19 1017//19
s 206
f 1019//20 1020//20 1021//20
s 207
f 1022//22 1023//19 1024//22
f 1023//19 1025//19 1024//22
s 208
f 1026//20 1027//20 1028//20
s 209
f 1029//19 1030//19 1031//19
s 210
f 1032//19 1033//19 1034//19
s 211
f 1035//19 1036//19 1037//19
s 212
f 1038//19 1039//19 1040//19
s 213
f 1041//19 1042//19 1043//19
f 1042//19 1044//19 1043//19
s 214
f 1045//20 1046//20 1047//20
s 215
f 1048//19 1049//19 1050//19
f 1049//19 1051//19 1050//19
s 216
f 1052//19 1053//19 1054//19
s 217
f 1055//19 1056//22 1057//22
s 218
f 1058//19 1059//19 1060//19
s 219
f 1061//23 1062//19 1063//23
s 220
f 1064//24 1065//25 1066//19
s 221
f 1067//19 1068//19 1069//19
s 222
f 1070//21 1071//21 1072//21
s 223
f 1073//19 1074//19 1075//19
s 224
f 1076//19 1077//19 1078//19
s 225
f 1079//20 1080//20 1081//20
s 226
f 1082//19 1083//19 1084//24
f 1083//19 1085//19 1084//24
s 227
f 1086//19 1087//19 1088//19
f 1087//19 1089//19 1088//19
s 228
f 1090//20 1091//20 1092//20
s 229
f 1093//19 1094//19 1095//19
f 1094//19 1096//19 1095//19
s 230
f 1097//19 1098//19 1099//19
f 1098//19 1100//19 1099//19
s 231
f 1101//20 1102//20 1103//20
s 232
f 1104//20 1105//20 1106//20
s 233
f 1107//19 1108//19 1109//19
f 1108//19 1110//19 1109//19
s 234
f 1111//19 1112//19 1113//19
f 1112//19 1114//19 1113//19
s 235
f 1115//19 1116//19 1117//19
s 236
f 1118//19 1119//19 1120//19
s 237
f 1121//19 1122//19 1123//19
s 238
f 1124//19 1125//22 1126//19
s 239
f 1127//19 1128//19 1129//19
f 1128//19 1130//19 1129//19
s 240
f 1131//19 1132//19 1133//22
s 241
f 1134//19 1135//19 1136//19
s 242
f 1137//26 1138//26 1139//26
s 243
f 1140//27 1141//27 1142//27
s 244
f 1143//19 1144//22 1145//22
f 1144//22 1146//22 1145//22
s 245
f 1147//19 1148//19 1149//22
f 1148//19 1150//22 1149//22
s 246
f 1151//22 1152//22 1153//22
s 247
f 1154//19 1155//19 1156//19
s 248
f 1157//22 1158//22 1159//22
s 249
f 1160//19 1161//19 1162//19
s 250
f 1163//19 1164//19 1165//28
s 251
f 1166//19 1167//19 1168//19
s 252
f 1169//19 1170//19 1171//28
s 253
f 1172//19 1173//19 1174//19
s 254
f 1175//20 1176//20 1177//20
s 255
f 1178//19 1179//19 1180//19
s 256
f 1181//19 1182//19 1183//19
s 257
f 1184//19 1185//19 1186//19
f 1186//19 1185//19 1187//19
s 258
f 1188//19 1189//19 1190//19
f 1190//19 1189//19 1191//19
s 259
f 1192//19 1193//19 1194//19
f 1194//19 1193//19 1195//19
s 260
f 1196//19 1197//28 1198//19
f 1198//19 1197//28 1199//19
s 261
f 1200//19 1201//19 1202//19
f 1202//19 1201//19 1203//19
s 262
f 1204//19 1205//19 1206//19
s 263
f 1207//19 1208//19 1209//19
s 264
f 1210//19 1211//19 1212//19
f 1212//19 1211//19 1213//19
s 265
f 1214//19 1215//19 1216//19
s 266
f 1217//19 1218//19 1219//19
s 267
f 1220//20 1221//20 1222//20
s 268
f 1223//19 1224//19 1225//19
s 269
f 1226//19 1227//19 1228//19
s 270
f 1229//19 1230//19 1231//19
s 271
f 1232//19 1233//19 1234//19
s 272
f 1235//19 1236//19 1237//19
f 1236//19 1238//19 1237//19
s 273
f 1239//19 1240//19 1241//22
f 1240//19 1242//19 1241//22
s 274
f 1243//19 1244//19 1245//19
f 1244//19 1246//19 1245//19
s 275
f 1247//21 1248//21 1249//21
s 276
f 1250//19 1251//19 1252//19
f 1251//19 1253//19 1252//19
s 277
f 1254//21 1255//21 1256//21
s 278
f 1257//19 1258//19 1259//19
f 1258//19 1260//19 1259//19
s 279
f 1261//19 1262//19 1263//19
f 1262//19 1264//19 1263//19
s 280
f 1265//19 1266//19 1267//19
f 1266//19 1268//19 1267//19
s 281
f 1269//20 1270//20 1271//20
s 282
f 1272//19 1273//19 1274//19
f 1273//19 1275//19 1274//19
s 283
f 1276//19 1277//19 1278//19
f 1277//19 1279//19 1278//19
s 284
f 1280//20 1281//29 1282//29
s 285
f 1283//20 1284//29 1285//20
s 286
f 1286//19 1287//19 1288//19
f 1287//19 1289//19 1288//19
s 287
f 1290//19 1291//19 1292//19
f 1291//19 1293//19 1292//19
s 288
f 1294//20 1295//20 1296//20
s 289
f 1297//19 1298//19 1299//19
s 290
f 1300//19 1301//19 1302//19
s 291
f 1303//20 1304//20 1305//20
s 292
f 1306//19 1307//19 1308//19
s 293
f 1309//19 1310//24 1311//19
s 294
f 1312//19 1313//19 1314//19
s 295
f 1315//19 1316//19 1317//19
s 296
f 1318//26 1319//26 1320//26
s 297
f 1321//19 1322//19 1323//19
s 298
f 1324//19 1325//19 1326//19
s 299
f 1327//20 1328//20 1329//20
s 300
f 1330//19 1331//19 1332//19
f 1332//19 1331//19 1333//19
s 301
f 1334//30 1335//30 1336//30
s 302
f 1337//19 1338//19 1339//19
f 1339//19 1338//19 1340//19
s 303
f 1341//21 1342//21 1343//21
s 304
f 1344//19 1345//19 1346//19
f 1346//19 1345//19 1347//19
s 305
f 1348//19 1349//19 1350//19
f 1350//19 1349//19 1351//19
s 306
f 1352//19 1353//19 1354//19
s 307
f 1355//19 1356//19 1357//19
s 308
f 1358//21 1359//21 1360//21
s 309
f 1361//22 1362//19 1363//22
s 310
f 1364//19 1365//19 1366//19
s 311
f 1367//24 1368//19 1369//19
f 1369//19 1368//19 1370//19
s 312
f 1371//20 1372//20 1373//20
s 313
f 1374//19 1375//19 1376//19
s 314
f 1377//19 1378//19 1379//19
s 315
f 1380//26 1381//26 1382//26
s 316
f 1383//19 1384//19 1385//19
s 317
f 1386//19 1387//19 1388//19
s 318
f 1389//26 1390//26 1391//26
s 319
f 1392//19 1393//19 1394//19
s 320
f 1395//19 1396//19 1397//19
s 321
f 1398//29 1399//31 1400//29
s 322
f 1401//19 1402//19 1403//19
f 1403//19 1402//19 1404//19
s 323
f 1405//19 1406//19 1407//19
f 1407//19 1406//19 1408//19
s 324
f 1409//20 1410//20 1411//20
s 325
f 1412//19 1413//19 1414//19
s 326
f 1415//19 1416//19 1417//19
s 327
f 1418//30 1419//30 1420//30
s 328
f 1421//19 1422//19 1423//19
s 329
f 1424//19 1425//19 1426//19
s 330
f 1427//19 1428//19 1429//19
s 331
f 1430//19 1431//19 1432//19
s 332
f 1433//19 1434//22 1435//22
f 1435//22 1434//22 1436//19
s 333
f 1437//19 1438//19 1439//19
f 1439//19 1438//19 1440//19
s 334
f 1441//19 1442//19 1443//19
f 1443//19 1442//19 1444//19
s 335
f 1445//19 1446//19 1447//19
f 1447//19 1446//19 1448//19
s 336
f 1449//19 1450//22 1451//19
s 337
f 1452//19 1453//22 1454//19
s 338
f 1455//21 1456//21 1457//21
s 339
f 1458//30 1459//30 1460//30
s 340
f 1461//19 1462//19 1463//19
f 1463//19 1462//19 1464//22
s 341
f 1465//19 1466//19 1467//19
s 342
f 1468//19 1469//19 1470//19
s 343
f 1471//30 1472//30 1473//30
s 344
f 1474//19 1475//19 1476//19
s 345
f 1477//19 1478//19 1479//19
s 346
f 1480//19 1481//19 1482//19
f 1482//19 1481//19 1483//19
s 347
f 1484//26 1485//26 1486//26
s 348
f 1487//20 1488//20 1489//20
s 349
f 1490//20 1491//20 1492//20
s 350
f 1493//20 1494//20 1495//20
s 351
f 1496//26 1497//26 1498//26
s 352
f 1499//29 1500//29 1501//20
s 353
f 1502//20 1503//20 1504//20
s 354
f 1505//19 1506//19 1507//19
s 355
f 1508//19 1509//19 1510//19
s 356
f 1511//19 1512//19 1513//19
s 357
f 1514//19 1515//19 1516//19
s 358
f 1517//22 1518//22 1519//19
s 359
f 1520//19 1521//22 1522//19
s 360
f 1523//19 1524//22 1525//22
f 1524//22 1526//19 1525//22
s 361
f 1527//20 1528//20 1529//20
s 362
f 1530//19 1531//19 1532//19
f 1531//19 1533//19 1532//19
s 363
f 1534//19 1535//19 1536//19
s 364
f 1537//19 1538//19 1539//19
s 365
f 1540//19 1541//19 1542//19
s 366
f 1543//19 1544//19 1545//19
s 367
f 1546//19 1547//19 1548//19
s 368
f 1549//19 1550//19 1551//19
s 369
f 1552//20 1553//20 1554//20
s 370
f 1555//32 1556//19 1557//19
s 371
f 1558//19 1559//19 1560//19
s 372
f 1561//20 1562//20 1563//20
s 373
f 1564//19 1565//33 1566//33
s 374
f 1567//19 1568//19 1569//19
s 375
f 1570//20 1571//20 1572//20
s 376
f 1573//19 1574//33 1575//33
s 377
f 1576//19 1577//19 1578//19
s 378
f 1579//26 1580//26 1581//26
s 379
f 1582//19 1583//19 1584//19
s 380
f 1585//34 1586//35 1587//35
s 381
f 1588//31 1589//26 1590//31
s 382
f 1591//33 1592//33 1593//33
s 383
f 1594//19 1595//19 1596//19
s 384
f 1597//19 1598//19 1599//19
s 385
f 1600//19 1601//19 1602//19
s 386
f 1603//27 1604//27 1605//27
s 387
f 1606//19 1607//22 1608//19
s 388
f 1609//19 1610//19 1611//19
s 389
f 1612//20 1613//20 1614//20
s 390
f 1615//19 1616//22 1617//22
f 1617//22 1616//22 1618//19
s 391
f 1619//19 1620//19 1621//28
f 1621//28 1620//19 1622//19
s 392
f 1623//19 1624//19 1625//19
f 1625//19 1624//19 1626//19
s 393
f 1627//19 1628//19 1629//19
s 394
f 1630//19 1631//19 1632//19
s 395
f 1633//19 1634//19 1635//19
f 1635//19 1634//19 1636//19
s 396
f 1637//19 1638//19 1639//28
f 1639//28 1638//19 1640//19
s 397
f 1641//19 1642//19 1643//19
s 398
f 1644//19 1645//19 1646//19
s 399
f 1647//19 1648//19 1649//19
s 400
f 1650//19 1651//19 1652//19
s 401
f 1653//21 1654//21 1655//21
s 402
f 1656//19 1657//19 1658//19
s 403
f 1659//24 1660//19 1661//19
s 404
f 1662//19 1663//19 1664//19
s 405
f 1665//19 1666//19 1667//19
s 406
f 1668//19 1669//19 1670//19
s 407
f 1671//19 1672//19 1673//19
s 408
f 1674//19 1675//19 1676//19
f 1676//19 1675//19 1677//19
s 409
f 1678//19 1679//19 1680//19
f 1680//19 1679//19 1681//19
s 410
f 1682//19 1683//19 1684//19
f 1684//19 1683//19 1685//19
s 411
g Panel_derecha_1_cal_brown
usemtl cal_brown
f 1686//33 1687//19 1688//36
f 1688//36 1687//19 1689//19
s 412
f 1690//19 1691//22 1692//19
f 1692//19 1691//22 1693//36
s 413
f 1694//19 1695//22 1696//28
f 1695//22 1697//19 1696//28
s 414
f 1698//19 1699//33 1700//19
f 1699//33 1701//19 1700//19
s 415
f 1702//19 1703//22 1704//19
f 1704//19 1703//22 1705//37
s 416
f 1706//19 1707//19 1708//19
f 1707//19 1709//19 1708//19
s 417
f 1710//19 1711//19 1712//19
f 1711//19 1713//19 1712//19
s 418
f 1714//19 1715//19 1716//38
f 1716//38 1715//19 1717//19
s 419
g Panel_derecha_1_cal_solar_3
usemtl cal_solar_3
f 1718//1 1719//1 1720//1
f 1720//1 1719//1 1721//1
f 1719//1 1722//1 1721//1
f 1721//1 1722//1 1723//1
s 420
f 1724//18 1725//1 1726//1
f 1726//1 1725//1 1727//1
f 1725//1 1728//1 1727//1
f 1727//1 1728//1 1729//1
s 421
f 1730//5 1731//1 1732//1
f 1732//1 1731//1 1733//1
f 1731//1 1734//1 1733//1
f 1733//1 1734//1 1735//1
s 422
f 1736//1 1737//1 1738//1
f 1738//1 1737//1 1739//1
f 1737//1 1740//1 1739//1
f 1740//1 1741//1 1739//1
s 423
f 1742//1 1743//7 1744//1
f 1744//1 1743//7 1745//1
f 1743//7 1746//1 1745//1
f 1745//1 1746//1 1747//1
s 424
f 1748//1 1749//1 1750//1
f 1750//1 1749//1 1751//1
f 1749//1 1752//1 1751//1
f 1751//1 1752//1 1753//1
s 425
f 1754//1 1755//1 1756//1
f 1756//1 1755//1 1757//1
f 1755//1 1758//1 1757//1
f 1758//1 1759//1 1757//1
s 426
f 1760//1 1761//5 1762//1
f 1762//1 1761//5 1763//5
f 1761//5 1764//1 1763//5
f 1764//1 1765//1 1763//5
s 427
f 1766//1 1767//1 1768//3
f 1767//1 1769//11 1768//3
f 1768//3 1769//11 1770//1
f 1770//1 1769//11 1771//1
s 428
f 1772//1 1773//1 1774//1
f 1774//1 1773//1 1775//4
f 1773//1 1776//1 1775//4
f 1775//4 1776//1 1777//1
s 429
f 1778//1 1779//3 1780//2
f 1780//2 1779//3 1781//1
f 1779//3 1782//1 1781//1
f 1781//1 1782//1 1783//1
s 430
f 1784//1 1785//1 1786//1
f 1786//1 1785//1 1787//1
s 431
f 1788//1 1789//1 1790//1
f 1789//1 1791//1 1790//1
s 432
f 1792//1 1793//1 1794//1
s 433
f 1795//1 1796//1 1797//1
f 1796//1 1798//1 1797//1
f 1798//1 1799//6 1797//1
s 434
f 1800//1 1801//1 1802//1
f 1802//1 1801//1 1803//1
f 1801//1 1804//1 1803//1
f 1803//1 1804//1 1805//1
s 435
f 1806//1 1807//1 1808//4
f 1807//1 1809//1 1808//4
f 1808//4 1809//1 1810//1
f 1810//1 1809//1 1811//1
s 436
f 1812//1 1813//1 1814//5
f 1814//5 1813//1 1815//4
f 1813//1 1816//1 1815//4
f 1816//1 1817//1 1815//4
s 437
f 1818//1 1819//1 1820//1
f 1820//1 1819//1 1821//1
f 1819//1 1822//1 1821//1
f 1821//1 1822//1 1823//1
s 438
f 1824//1 1825//11 1826//1
f 1826//1 1825//11 1827//3
f 1825//11 1828//1 1827//3
f 1827//3 1828//1 1829//1
s 439
f 1830//1 1831//4 1832//1
f 1832//1 1831//4 1833//1
f 1831//4 1834//1 1833//1
f 1833//1 1834//1 1835//5
s 440
f 1836//1 1837//1 1838//1
f 1838//1 1837//1 1839//1
f 1837//1 1840//1 1839//1
f 1839//1 1840//1 1841//1
s 441
f 1842//1 1843//1 1844//1
f 1844//1 1843//1 1845//12
f 1843//1 1846//1 1845//12
f 1845//12 1846//1 1847//1
s 442
f 1848//1 1849//1 1850//1
f 1850//1 1849//1 1851//2
f 1849//1 1852//3 1851//2
f 1851//2 1852//3 1853//1
s 443
f 1854//1 1855//1 1856//1
f 1855//1 1857//9 1856//1
f 1856//1 1857//9 1858//1
f 1858//1 1857//9 1859//1
s 444
f 1860//1 1861//1 1862//1
f 1862//1 1861//1 1863//1
f 1861//1 1864//3 1863//1
f 1863//1 1864//3 1865//1
s 445
f 1866//1 1867//1 1868//16
f 1868//16 1867//1 1869//2
f 1867//1 1870//5 1869//2
f 1870//5 1871//1 1869//2
s 446
f 1872//1 1873//5 1874//1
f 1874//1 1873//5 1875//5
f 1873//5 1876//5 1875//5
f 1876//5 1877//1 1875//5
s 447
f 1878//1 1879//1 1880//1
f 1880//1 1879//1 1881//39
f 1879//1 1882//3 1881//39
f 1881//39 1882//3 1883//1
s 448
f 1884//1 1885//13 1886//1
f 1886//1 1885//13 1887//1
f 1885//13 1888//1 1887//1
f 1887//1 1888//1 1889//1
s 449
f 1890//1 1891//1 1892//1
f 1892//1 1891//1 1893//1
f 1891//1 1894//1 1893//1
f 1894//1 1895//1 1893//1
s 450
f 1896//5 1897//1 1898//1
f 1897//1 1899//1 1898//1
f 1898//1 1899//1 1900//1
f 1900//1 1899//1 1901//5
s 451
f 1902//1 1903//1 1904//3
f 1904//3 1903//1 1905//1
f 1903//1 1906//1 1905//1
f 1905//1 1906//1 1907//1
s 452
f 1908//1 1909//1 1910//1
f 1910//1 1909//1 1911//1
f 1909//1 1912//1 1911//1
f 1911//1 1912//1 1913//1
s 453
f 1914//1 1915//1 1916//1
f 1916//1 1915//1 1917//1
f 1915//1 1918//1 1917//1
f 1917//1 1918//1 1919//1
s 454
f 1920//1 1921//1 1922//1
f 1921//1 1923//2 1922//1
f 1922//1 1923//2 1924//1
f 1924//1 1923//2 1925//1
s 455
f 1926//1 1927//1 1928//1
f 1928//1 1927//1 1929//1
f 1927//1 1930//1 1929//1
f 1930//1 1931//1 1929//1
s 456
f 1932//1 1933//1 1934//1
f 1933//1 1935//1 1934//1
f 1934//1 1935//1 1936//1
f 1935//1 1937//1 1936//1
s 457
f 1938//1 1939//1 1940//1
f 1940//1 1939//1 1941//1
f 1939//1 1942//1 1941//1
f 1941//1 1942//1 1943//1
s 458
f 1944//1 1945//1 1946//1
f 1945//1 1947//1 1946//1
f 1946//1 1947//1 1948//1
f 1947//1 1949//1 1948//1
s 459
f 1950//1 1951//18 1952//1
f 1952//1 1951//18 1953//1
f 1951//18 1954//1 1953//1
f 1954//1 1955//1 1953//1
s 460
f 1956//1 1957//1 1958//1
f 1958//1 1957//1 1959//1
f 1957//1 1960//1 1959//1
f 1959//1 1960//1 1961//1
s 461
f 1962//1 1963//1 1964//1
f 1964//1 1963//1 1965//2
f 1963//1 1966//3 1965//2
f 1966//3 1967//1 1965//2
s 462
f 1968//1 1969//1 1970//1
f 1969//1 1971//1 1970//1
s 463
f 1972//1 1973//1 1974//1
f 1974//1 1973//1 1975//1
s 464
f 1976//1 1977//1 1978//1
f 1978//1 1977//1 1979//1
f 1977//1 1980//1 1979//1
s 465
f 1981//1 1982//1 1983//1
s 466
f 1984//1 1985//40 1986//1
f 1986//1 1985//40 1987//18
f 1985//40 1988//1 1987//18
f 1987//18 1988//1 1989//1
s 467
f 1990//1 1991//1 1992//1
f 1992//1 1991//1 1993//1
f 1991//1 1994//1 1993//1
f 1993//1 1994//1 1995//1
s 468
f 1996//1 1997//1 1998//4
f 1998//4 1997//1 1999//2
f 1997//1 2000//3 1999//2
f 1999//2 2000//3 2001//1
s 469
f 2002//1 2003//1 2004//1
f 2004//1 2003//1 2005//1
f 2003//1 2006//1 2005//1
f 2005//1 2006//1 2007//1
s 470
f 2008//1 2009//1 2010//1
f 2010//1 2009//1 2011//1
f 2009//1 2012//1 2011//1
f 2012//1 2013//1 2011//1
s 471
f 2014//1 2015//1 2016//1
f 2016//1 2015//1 2017//1
f 2015//1 2018//1 2017//1
f 2018//1 2019//1 2017//1
s 472
f 2020//1 2021//1 2022//1
s 473
f 2023//1 2024//3 2025//41
f 2024//3 2026//1 2025//41
f 2025//41 2026//1 2027//1
s 474
f 2028//1 2029//10 2030//1
f 2030//1 2029//10 2031//1
f 2029//10 2032//1 2031//1
f 2032//1 2033//1 2031//1
s 475
f 2034//1 2035//1 2036//1
f 2036//1 2035//1 2037//11
f 2035//1 2038//1 2037//11
f 2038//1 2039//1 2037//11
s 476
f 2040//1 2041//2 2042//3
f 2042//3 2041//2 2043//1
f 2041//2 2044//1 2043//1
f 2043//1 2044//1 2045//1
s 477
f 2046//1 2047//1 2048//1
f 2048//1 2047//1 2049//3
f 2047//1 2050//3 2049//3
f 2049//3 2050//3 2051//1
s 478
f 2052//1 2053//1 2054//1
f 2054//1 2053//1 2055//1
f 2053//1 2056//1 2055//1
f 2055//1 2056//1 2057//1
s 479
f 2058//1 2059//1 2060//1
f 2060//1 2059//1 2061//4
f 2059//1 2062//1 2061//4
f 2061//4 2062//1 2063//1
s 480
f 2064//1 2065//1 2066//1
f 2065//1 2067//3 2066//1
f 2066//1 2067//3 2068//1
f 2068//1 2067//3 2069//1
s 481
f 2070//1 2071//1 2072//1
f 2072//1 2071//1 2073//39
f 2071//1 2074//9 2073//39
f 2074//9 2075//1 2073//39
s 482
f 2076//1 2077//1 2078//1
f 2078//1 2077//1 2079//1
f 2077//1 2080//1 2079//1
f 2080//1 2081//1 2079//1
s 483
f 2082//1 2083//1 2084//1
s 484
f 2085//1 2086//1 2087//1
f 2087//1 2086//1 2088//1
f 2088//1 2086//1 2089//1
s 485
f 2090//1 2091//1 2092//1
f 2092//1 2091//1 2093//4
f 2091//1 2094//1 2093//4
f 2093//4 2094//1 2095//1
s 486
f 2096//1 2097//1 2098//1
f 2098//1 2097//1 2099//1
f 2097//1 2100//1 2099//1
f 2099//1 2100//1 2101//1
s 487
f 2102//1 2103//1 2104//1
f 2104//1 2103//1 2105//5
f 2103//1 2106//1 2105//5
f 2105//5 2106//1 2107//1
s 488
f 2108//1 2109//1 2110//1
f 2110//1 2109//1 2111//1
f 2109//1 2112//1 2111//1
f 2112//1 2113//1 2111//1
s 489
f 2114//1 2115//18 2116//1
f 2116//1 2115//18 2117//1
f 2115//18 2118//1 2117//1
f 2117//1 2118//1 2119//1
s 490
f 2120//1 2121//1 2122//4
f 2122//4 2121//1 2123//1
f 2121//1 2124//1 2123//1
f 2123//1 2124//1 2125//1
s 491
f 2126//1 2127//1 2128//1
f 2128//1 2127//1 2129//3
f 2127//1 2130//3 2129//3
f 2129//3 2130//3 2131//1
s 492
g Panel_derecha_1_cal_solar_4
usemtl cal_solar_4
f 2132//1 2133//1 2134//1
f 2134//1 2133//1 2135//1
f 2133//1 2136//1 2135//1
f 2135//1 2136//1 2137//1
s 493
f 2138//1 2139//10 2140//1
f 2140//1 2139//10 2141//1
f 2139//10 2142//3 2141//1
f 2141//1 2142//3 2143//1
s 494
f 2144//1 2145//1 2146//1
f 2145//1 2147//1 2146//1
f 2146//1 2147//1 2148//1
f 2148//1 2147//1 2149//1
s 495
f 2150//1 2151//2 2152//3
f 2151//2 2153//1 2152//3
f 2152//3 2153//1 2154//1
f 2154//1 2153//1 2155//1
s 496
f 2156//1 2157//1 2158//1
f 2158//1 2157//1 2159//1
f 2157//1 2160//1 2159//1
f 2159//1 2160//1 2161//1
s 497
f 2162//1 2163//1 2164//1
f 2164//1 2163//1 2165//7
f 2163//1 2166//3 2165//7
f 2165//7 2166//3 2167//1
s 498
f 2168//1 2169//1 2170//4
f 2169//1 2171//1 2170//4
f 2170//4 2171//1 2172//1
f 2172//1 2171//1 2173//1
s 499
f 2174//1 2175//1 2176//1
f 2176//1 2175//1 2177//1
f 2175//1 2178//3 2177//1
f 2177//1 2178//3 2179//1
s 500
f 2180//1 2181//2 2182//1
f 2182//1 2181//2 2183//1
f 2181//2 2184//1 2183//1
f 2183//1 2184//1 2185//1
s 501
f 2186//1 2187//10 2188//1
f 2188//1 2187//10 2189//1
f 2187//10 2190//1 2189//1
f 2189//1 2190//1 2191//1
s 502
f 2192//5 2193//1 2194//1
f 2194//1 2193//1 2195//1
f 2193//1 2196//1 2195//1
f 2196//1 2197//1 2195//1
s 503
f 2198//1 2199//1 2200//4
f 2199//1 2201//1 2200//4
f 2200//4 2201//1 2202//1
f 2202//1 2201//1 2203//1
s 504
f 2204//1 2205//1 2206//1
s 505
f 2207//1 2208//1 2209//1
f 2208//1 2210//1 2209//1
f 2210//1 2211//1 2209//1
s 506
f 2212//1 2213//1 2214//1
f 2214//1 2213//1 2215//1
f 2213//1 2216//1 2215//1
f 2215//1 2216//1 2217//1
s 507
f 2218//1 2219//12 2220//1
f 2220//1 2219//12 2221//1
f 2219//12 2222//1 2221//1
f 2221//1 2222//1 2223//1
s 508
f 2224//1 2225//1 2226//1
f 2226//1 2225//1 2227//1
f 2225//1 2228//1 2227//1
f 2227//1 2228//1 2229//1
s 509
f 2230//1 2231//3 2232//3
f 2232//3 2231//3 2233//1
f 2231//3 2234//1 2233//1
f 2234//1 2235//1 2233//1
s 510
f 2236//1 2237//1 2238//1
f 2238//1 2237//1 2239//1
s 511
f 2240//1 2241//1 2242//1
s 512
f 2243//1 2244//1 2245//1
s 513
f 2246//1 2247//1 2248//1
s 514
f 2249//1 2250//4 2251//1
f 2251//1 2250//4 2252//1
f 2250//4 2253//1 2252//1
s 515
f 2254//1 2255//1 2256//1
f 2256//1 2255//1 2257//1
f 2255//1 2258//16 2257//1
s 516
f 2259//1 2260//1 2261//1
s 517
f 2262//1 2263//1 2264//5
f 2264//5 2263//1 2265//1
f 2263//1 2266//1 2265//1
f 2265//1 2266//1 2267//1
s 518
f 2268//1 2269//2 2270//3
f 2270//3 2269//2 2271//1
f 2269//2 2272//1 2271//1
f 2272//1 2273//1 2271//1
s 519
f 2274//1 2275//1 2276//1
f 2275//1 2277//1 2276//1
s 520
f 2278//1 2279//1 2280//1
f 2280//1 2279//1 2281//1
s 521
f 2282//1 2283//1 2284//1
f 2284//1 2283//1 2285//1
f 2283//1 2286//1 2285//1
f 2285//1 2286//1 2287//1
s 522
f 2288//6 2289//1 2290//1
f 2290//1 2289//1 2291//41
f 2289//1 2292//1 2291//41
f 2291//41 2292//1 2293//1
s 523
f 2294//1 2295//1 2296//1
f 2296//1 2295//1 2297//7
f 2295//1 2298//1 2297//7
f 2297//7 2298//1 2299//1
s 524
f 2300//1 2301//3 2302//3
f 2302//3 2301//3 2303//1
f 2301//3 2304//1 2303//1
f 2304//1 2305//1 2303//1
s 525
f 2306//1 2307//1 2308//11
f 2308//11 2307//1 2309//2
f 2307//1 2310//3 2309//2
f 2309//2 2310//3 2311//1
s 526
f 2312//1 2313//3 2314//1
f 2314//1 2313//3 2315//1
f 2313//3 2316//1 2315//1
f 2315//1 2316//1 2317//1
s 527
f 2318//1 2319//1 2320//10
f 2320//10 2319//1 2321//1
f 2319//1 2322//1 2321//1
f 2321//1 2322//1 2323//1
s 528
f 2324//1 2325//1 2326//1
f 2326//1 2325//1 2327//1
f 2325//1 2328//1 2327//1
f 2328//1 2329//1 2327//1
s 529
f 2330//1 2331//11 2332//1
f 2332//1 2331//11 2333//1
f 2333//1 2331//11 2334//1
s 530
f 2335//1 2336//1 2337//1
s 531
f 2338//1 2339//1 2340//2
f 2340//2 2339//1 2341//1
f 2339//1 2342//1 2341//1
f 2341//1 2342//1 2343//1
s 532
f 2344//1 2345//1 2346//1
f 2346//1 2345//1 2347//1
f 2345//1 2348//1 2347//1
f 2348//1 2349//1 2347//1
s 533
f 2350//1 2351//1 2352//1
f 2352//1 2351//1 2353//3
f 2351//1 2354//2 2353//3
f 2353//3 2354//2 2355//1
s 534
f 2356//1 2357//1 2358//1
f 2357//1 2359//1 2358//1
f 2358//1 2359//1 2360//1
f 2360//1 2359//1 2361//1
s 535
f 2362//1 2363//1 2364//1
f 2363//1 2365//5 2364//1
f 2364//1 2365//5 2366//1
f 2365//5 2367//1 2366//1
s 536
f 2368//1 2369//1 2370//1
f 2370//1 2369//1 2371//1
f 2369//1 2372//1 2371//1
f 2371//1 2372//1 2373//1
s 537
f 2374//1 2375//1 2376//1
s 538
f 2377//3 2378//1 2379//1
f 2378//1 2380//1 2379//1
f 2379//1 2380//1 2381//1
s 539
f 2382//1 2383//1 2384//1
f 2384//1 2383//1 2385//1
f 2383//1 2386//1 2385//1
f 2386//1 2387//1 2385//1
s 540
f 2388//1 2389//3 2390//1
f 2390//1 2389//3 2391//1
f 2389//3 2392//1 2391//1
f 2392//1 2393//1 2391//1
s 541
f 2394//1 2395//1 2396//4
f 2396//4 2395//1 2397//1
f 2395//1 2398//1 2397//1
f 2398//1 2399//1 2397//1
s 542
f 2400//1 2401//1 2402//1
f 2402//1 2401//1 2403//1
f 2401//1 2404//1 2403//1
f 2403//1 2404//1 2405//1
s 543
f 2406//1 2407//1 2408//1
s 544
f 2409//1 2410//1 2411//1
f 2411//1 2410//1 2412//1
f 2410//1 2413//1 2412//1
s 545
f 2414//1 2415//3 2416//39
f 2415//3 2417//1 2416//39
f 2416//39 2417//1 2418//1
f 2417//1 2419//1 2418//1
s 546
f 2420//5 2421//1 2422//1
f 2422//1 2421//1 2423//1
f 2421//1 2424//1 2423//1
f 2423//1 2424//1 2425//5
s 547
f 2426//1 2427//7 2428//1
f 2428//1 2427//7 2429//1
f 2427//7 2430//1 2429//1
f 2429//1 2430//1 2431//1
s 548
f 2432//1 2433//1 2434//1
f 2433//1 2435//1 2434//1
f 2434//1 2435//1 2436//1
f 2436//1 2435//1 2437//1
s 549
f 2438//1 2439//18 2440//1
f 2440//1 2439//18 2441//1
f 2439//18 2442//1 2441//1
f 2441//1 2442//1 2443//1
s 550
f 2444//1 2445//1 2446//1
f 2446//1 2445//1 2447//18
f 2445//1 2448//1 2447//18
f 2448//1 2449//1 2447//18
s 551
f 2450//1 2451//10 2452//1
f 2452//1 2451//10 2453//1
f 2451//10 2454//1 2453//1
f 2453//1 2454//1 2455//1
s 552
f 2456//1 2457//1 2458//1
f 2458//1 2457//1 2459//2
f 2457//1 2460//39 2459//2
f 2460//39 2461//1 2459//2
s 553
f 2462//1 2463//1 2464//1
f 2464//1 2463//1 2465//1
f 2463//1 2466//1 2465//1
f 2466//1 2467//1 2465//1
s 554
f 2468//1 2469//1 2470//1
f 2470//1 2469//1 2471//1
f 2469//1 2472//1 2471//1
f 2472//1 2473//1 2471//1
s 555
f 2474//1 2475//1 2476//1
s 556
f 2477//1 2478//1 2479//1
f 2478//1 2480//1 2479//1
s 557
f 2481//1 2482//1 2483//1
s 558
f 2484//1 2485//1 2486//1
f 2486//1 2485//1 2487//1
f 2485//1 2488//1 2487//1
f 2488//1 2489//1 2487//1
s 559
f 2490//1 2491//1 2492//1
f 2492//1 2491//1 2493//2
f 2491//1 2494//1 2493//2
f 2494//1 2495//1 2493//2
s 560
f 2496//1 2497//1 2498//5
f 2498//5 2497//1 2499//1
f 2497//1 2500//1 2499//1
f 2500//1 2501//1 2499//1
s 561
f 2502//1 2503//1 2504//1
s 562
f 2505//1 2506//11 2507//2
f 2506//11 2508//1 2507//2
f 2508//1 2509//1 2507//2
s 563
f 2510//1 2511//1 2512//1
f 2512//1 2511//1 2513//1
f 2511//1 2514//1 2513//1
f 2514//1 2515//1 2513//1
s 564
f 2516//1 2517//1 2518//1
f 2518//1 2517//1 2519//3
f 2517//1 2520//1 2519//3
f 2519//3 2520//1 2521//1
s 565
f 2522//1 2523//1 2524//1
s 566
f 2525//1 2526//1 2527//1
s 567
f 2528//1 2529//1 2530//1
f 2529//1 2531//1 2530//1
s 568
f 2532//1 2533//1 2534//1
f 2533//1 2535//1 2534//1
s 569
f 2536//1 2537//1 2538//1
s 570
f 2539//1 2540//1 2541//1
s 571
f 2542//1 2543//13 2544//1
f 2544//1 2543//13 2545//1
f 2543//13 2546//1 2545//1
f 2545//1 2546//1 2547//1
s 572
f 2548//1 2549//1 2550//1
f 2550//1 2549//1 2551//1
f 2549//1 2552//1 2551//1
f 2552//1 2553//1 2551//1
s 573
f 2554//1 2555//1 2556//1
f 2556//1 2555//1 2557//1
f 2555//1 2558//1 2557//1
f 2557//1 2558//1 2559//1
s 574
f 2560//1 2561//1 2562//1
f 2562//1 2561//1 2563//1
f 2561//1 2564//1 2563//1
f 2563//1 2564//1 2565//1
s 575
f 2566//1 2567//1 2568//1
f 2568//1 2567//1 2569//1
s 576
f 2570//11 2571//1 2572//1
f 2571//1 2573//1 2572//1
s 577
f 2574//1 2575//10 2576//1
f 2576//1 2575//10 2577//1
f 2575//10 2578//1 2577//1
f 2578//1 2579//1 2577//1
s 578
f 2580//1 2581//1 2582//1
f 2582//1 2581//1 2583//1
f 2581//1 2584//3 2583//1
f 2583//1 2584//3 2585//1
s 579
f 2586//1 2587//1 2588//1
f 2588//1 2587//1 2589//1
f 2587//1 2590//1 2589//1
f 2589//1 2590//1 2591//1
s 580
f 2592//1 2593//1 2594//5
f 2594//5 2593//1 2595//5
f 2593//1 2596//1 2595//5
f 2596//1 2597//3 2595//5
s 581
f 2598//1 2599//1 2600//1
f 2599//1 2601//1 2600//1
f 2600//1 2601//1 2602//1
f 2602//1 2601//1 2603//1
s 582
f 2604//1 2605//10 2606//4
f 2606//4 2605//10 2607//1
f 2605//10 2608//1 2607//1
f 2607//1 2608//1 2609//1
s 583
f 2610//1 2611//3 2612//9
f 2612//9 2611//3 2613//1
f 2611//3 2614//1 2613//1
f 2614//1 2615//1 2613//1
s 584
g Panel_derecha_1_cal_solar_5
usemtl cal_solar_5
f 2616//1 2617//1 2618//5
f 2618//5 2617//1 2619//1
f 2617//1 2620//1 2619//1
f 2619//1 2620//1 2621//1
s 585
f 2622//1 2623//10 2624//1
f 2624//1 2623//10 2625//1
f 2623//10 2626//1 2625//1
f 2626//1 2627//1 2625//1
s 586
f 2628//1 2629//1 2630//1
f 2630//1 2629//1 2631//1
f 2629//1 2632//5 2631//1
f 2632//5 2633//1 2631//1
s 587
f 2634//1 2635//1 2636//1
f 2635//1 2637//1 2636//1
f 2636//1 2637//1 2638//1
f 2637//1 2639//1 2638//1
s 588
f 2640//1 2641//11 2642//1
f 2642//1 2641//11 2643//3
f 2641//11 2644//1 2643//3
f 2643//3 2644//1 2645//1
s 589
f 2646//1 2647//1 2648//1
f 2648//1 2647//1 2649//1
f 2647//1 2650//1 2649//1
f 2650//1 2651//1 2649//1
s 590
f 2652//1 2653//1 2654//1
f 2654//1 2653//1 2655//1
f 2655//1 2653//1 2656//5
s 591
f 2657//1 2658//1 2659//1
s 592
f 2660//1 2661//1 2662//1
f 2662//1 2661//1 2663//2
f 2661//1 2664//2 2663//2
f 2663//2 2664//2 2665//1
s 593
f 2666//1 2667//1 2668//1
f 2668//1 2667//1 2669//1
f 2667//1 2670//1 2669//1
f 2670//1 2671//1 2669//1
s 594
f 2672//1 2673//1 2674//1
f 2674//1 2673//1 2675//1
f 2673//1 2676//1 2675//1
f 2675//1 2676//1 2677//1
s 595
f 2678//1 2679//1 2680//1
f 2679//1 2681//1 2680//1
f 2680//1 2681//1 2682//1
f 2682//1 2681//1 2683//1
s 596
f 2684//1 2685//1 2686//5
f 2685//1 2687//1 2686//5
f 2686//5 2687//1 2688//1
f 2687//1 2689//1 2688//1
s 597
f 2690//1 2691//1 2692//1
f 2692//1 2691//1 2693//2
f 2691//1 2694//1 2693//2
f 2693//2 2694//1 2695//1
s 598
f 2696//1 2697//1 2698//1
f 2698//1 2697//1 2699//3
f 2697//1 2700//1 2699//3
f 2699//3 2700//1 2701//1
s 599
f 2702//1 2703//1 2704//1
f 2704//1 2703//1 2705//6
f 2703//1 2706//1 2705//6
f 2706//1 2707//5 2705//6
s 600
f 2708//1 2709//1 2710//1
f 2710//1 2709//1 2711//41
f 2709//1 2712//1 2711//41
f 2712//1 2713//1 2711//41
s 601
f 2714//1 2715//1 2716//1
f 2715//1 2717//3 2716//1
f 2716//1 2717//3 2718//2
f 2718//2 2717//3 2719//1
s 602
f 2720//1 2721//1 2722//1
f 2722//1 2721//1 2723//7
f 2721//1 2724//3 2723//7
f 2723//7 2724//3 2725//1
s 603
f 2726//1 2727//1 2728//1
f 2728//1 2727//1 2729//5
f 2727//1 2730//1 2729//5
f 2730//1 2731//1 2729//5
s 604
f 2732//1 2733//1 2734//3
f 2734//3 2733//1 2735//10
f 2733//1 2736//1 2735//10
f 2736//1 2737//1 2735//10
s 605
f 2738//1 2739//1 2740//1
f 2740//1 2739//1 2741//1
f 2739//1 2742//1 2741//1
f 2741//1 2742//1 2743//1
s 606
f 2744//1 2745//1 2746//1
f 2746//1 2745//1 2747//1
f 2745//1 2748//1 2747//1
f 2747//1 2748//1 2749//1
s 607
f 2750//1 2751//1 2752//1
f 2751//1 2753//1 2752//1
f 2752//1 2753//1 2754//1
f 2754//1 2753//1 2755//1
s 608
f 2756//1 2757//1 2758//1
f 2758//1 2757//1 2759//1
f 2757//1 2760//1 2759//1
f 2759//1 2760//1 2761//1
s 609
f 2762//1 2763//1 2764//3
f 2764//3 2763//1 2765//1
s 610
f 2766//1 2767//1 2768//1
f 2767//1 2769//1 2768//1
s 611
f 2770//1 2771//1 2772//1
f 2772//1 2771//1 2773//1
f 2771//1 2774//2 2773//1
f 2774//2 2775//1 2773//1
s 612
f 2776//6 2777//1 2778//1
f 2778//1 2777//1 2779//6
f 2777//1 2780//1 2779//6
f 2780//1 2781//5 2779//6
s 613
f 2782//1 2783//11 2784//1
f 2784//1 2783//11 2785//1
f 2783//11 2786//2 2785//1
f 2785//1 2786//2 2787//1
s 614
f 2788//1 2789//1 2790//1
f 2790//1 2789//1 2791//13
f 2789//1 2792//1 2791//13
f 2791//13 2792//1 2793//1
s 615
f 2794//1 2795//1 2796//1
f 2796//1 2795//1 2797//1
f 2795//1 2798//1 2797//1
f 2797//1 2798//1 2799//1
s 616
f 2800//1 2801//1 2802//1
f 2802//1 2801//1 2803//1
f 2801//1 2804//1 2803//1
f 2804//1 2805//1 2803//1
s 617
f 2806//1 2807//1 2808//1
f 2808//1 2807//1 2809//1
f 2807//1 2810//1 2809//1
f 2810//1 2811//1 2809//1
s 618
f 2812//1 2813//2 2814//3
f 2813//2 2815//1 2814//3
f 2814//3 2815//1 2816//1
f 2816//1 2815//1 2817//1
s 619
f 2818//1 2819//1 2820//1
f 2820//1 2819//1 2821//1
f 2819//1 2822//1 2821//1
f 2821//1 2822//1 2823//1
s 620
f 2824//1 2825//1 2826//1
f 2826//1 2825//1 2827//1
s 621
f 2828//1 2829//5 2830//1
f 2829//5 2831//1 2830//1
s 622
f 2832//1 2833//1 2834//1
f 2834//1 2833//1 2835//1
s 623
f 2836//1 2837//1 2838//1
f 2837//1 2839//1 2838//1
s 624
f 2840//1 2841//1 2842//1
f 2841//1 2843//1 2842//1
f 2842//1 2843//1 2844//1
f 2844//1 2843//1 2845//1
s 625
f 2846//1 2847//1 2848//1
f 2848//1 2847//1 2849//1
f 2847//1 2850//1 2849//1
f 2849//1 2850//1 2851//1
s 626
f 2852//1 2853//1 2854//1
f 2854//1 2853//1 2855//1
f 2853//1 2856//1 2855//1
f 2856//1 2857//1 2855//1
s 627
f 2858//1 2859//4 2860//4
f 2860//4 2859//4 2861//11
f 2859//4 2862//1 2861//11
f 2861//11 2862//1 2863//1
s 628
f 2864//1 2865//1 2866//1
f 2866//1 2865//1 2867//2
f 2865//1 2868//5 2867//2
f 2868//5 2869//1 2867//2
s 629
f 2870//5 2871//1 2872//1
f 2872//1 2871//1 2873//12
f 2871//1 2874//1 2873//12
f 2874//1 2875//1 2873//12
s 630
f 2876//1 2877//1 2878//1
f 2878//1 2877//1 2879//1
f 2877//1 2880//1 2879//1
f 2880//1 2881//1 2879//1
s 631
f 2882//1 2883//1 2884//1
s 632
f 2885//1 2886//1 2887//1
f 2886//1 2888//1 2887//1
f 2887//1 2888//1 2889//1
s 633
f 2890//1 2891//1 2892//4
f 2892//4 2891//1 2893//1
f 2891//1 2894//1 2893//1
f 2893//1 2894//1 2895//1
s 634
f 2896//1 2897//11 2898//1
f 2898//1 2897//11 2899//3
f 2897//11 2900//2 2899//3
f 2899//3 2900//2 2901//1
s 635
f 2902//1 2903//1 2904//1
f 2904//1 2903//1 2905//1
f 2903//1 2906//1 2905//1
f 2905//1 2906//1 2907//1
s 636
f 2908//1 2909//1 2910//1
f 2910//1 2909//1 2911//1
f 2909//1 2912//1 2911//1
f 2911//1 2912//1 2913//1
s 637
f 2914//1 2915//1 2916//1
f 2916//1 2915//1 2917//18
f 2915//1 2918//1 2917//18
f 2918//1 2919//1 2917//18
s 638
f 2920//1 2921//1 2922//1
f 2922//1 2921//1 2923//1
f 2921//1 2924//1 2923//1
f 2923//1 2924//1 2925//1
s 639
f 2926//1 2927//1 2928//1
f 2928//1 2927//1 2929//1
s 640
f 2930//1 2931//1 2932//2
f 2931//1 2933//18 2932//2
s 641
f 2934//1 2935//1 2936//1
s 642
f 2937//1 2938//1 2939//1
f 2938//1 2940//1 2939//1
s 643
f 2941//1 2942//1 2943//1
s 644
f 2944//1 2945//1 2946//1
f 2946//1 2945//1 2947//1
f 2945//1 2948//1 2947//1
f 2947//1 2948//1 2949//1
s 645
f 2950//1 2951//1 2952//1
f 2952//1 2951//1 2953//11
f 2953//11 2951//1 2954//11
s 646
f 2955//1 2956//1 2957//1
s 647
f 2958//1 2959//1 2960//1
f 2959//1 2961//1 2960//1
s 648
f 2962//1 2963//9 2964//1
f 2964//1 2963//9 2965//1
s 649
f 2966//3 2967//3 2968//3
s 650
f 2969//1 2970//1 2971//1
s 651
f 2972//1 2973//1 2974//1
f 2974//1 2973//1 2975//1
s 652
f 2976//1 2977//1 2978//1
f 2978//1 2977//1 2979//1
f 2979//1 2977//1 2980//1
s 653
f 2981//1 2982//1 2983//1
s 654
f 2984//1 2985//1 2986//4
f 2985//1 2987//1 2986//4
f 2986//4 2987//1 2988//2
f 2988//2 2987//1 2989//1
s 655
f 2990//1 2991//1 2992//11
f 2992//11 2991//1 2993//1
f 2991//1 2994//5 2993//1
f 2993//1 2994//5 2995//1
s 656
f 2996//1 2997//1 2998//1
f 2998//1 2997//1 2999//2
f 2997//1 3000//9 2999//2
f 3000//9 3001//1 2999//2
s 657
g Panel_derecha_1_cal_solar_6
usemtl cal_solar_6
f 3002//1 3003//1 3004//1
f 3004//1 3003//1 3005//1
f 3003//1 3006//1 3005//1
f 3006//1 3007//1 3005//1
s 658
f 3008//1 3009//1 3010//1
f 3010//1 3009//1 3011//11
f 3009//1 3012//1 3011//11
f 3011//11 3012//1 3013//1
s 659
f 3014//1 3015//1 3016//3
f 3016//3 3015//1 3017//1
f 3015//1 3018//1 3017//1
f 3017//1 3018//1 3019//1
s 660
f 3020//1 3021//1 3022//1
f 3022//1 3021//1 3023//3
f 3021//1 3024//3 3023//3
f 3023//3 3024//3 3025//1
s 661
f 3026//1 3027//1 3028//6
f 3027//1 3029//1 3028//6
f 3028//6 3029//1 3030//1
f 3029//1 3031//1 3030//1
s 662
f 3032//1 3033//1 3034//1
f 3033//1 3035//1 3034//1
f 3034//1 3035//1 3036//1
f 3035//1 3037//1 3036//1
s 663
f 3038//1 3039//1 3040//1
f 3040//1 3039//1 3041//1
f 3039//1 3042//1 3041//1
f 3042//1 3043//1 3041//1
s 664
f 3044//1 3045//1 3046//1
s 665
f 3047//1 3048//1 3049//1
s 666
f 3050//1 3051//1 3052//1
s 667
f 3053//1 3054//1 3055//1
s 668
f 3056//1 3057//1 3058//1
f 3058//1 3057//1 3059//1
f 3057//1 3060//1 3059//1
f 3059//1 3060//1 3061//1
s 669
f 3062//1 3063//1 3064//1
f 3064//1 3063//1 3065//1
f 3063//1 3066//1 3065//1
f 3065//1 3066//1 3067//5
s 670
f 3068//1 3069//1 3070//1
f 3069//1 3071//1 3070//1
s 671
f 3072//1 3073//1 3074//3
f 3074//3 3073//1 3075//1
s 672
f 3076//1 3077//1 3078//1
s 673
f 3079//1 3080//1 3081//1
f 3080//1 3082//4 3081//1
f 3081//1 3082//4 3083//1
s 674
f 3084//1 3085//1 3086//1
f 3085//1 3087//2 3086//1
f 3086//1 3087//2 3088//1
f 3088//1 3087//2 3089//1
s 675
f 3090//1 3091//1 3092//3
f 3092//3 3091//1 3093//1
f 3091//1 3094//1 3093//1
f 3093//1 3094//1 3095//1
s 676
f 3096//1 3097//1 3098//1
s 677
f 3099//1 3100//1 3101//1
s 678
f 3102//1 3103//1 3104//1
f 3103//1 3105//1 3104//1
s 679
f 3106//1 3107//1 3108//1
f 3108//1 3107//1 3109//10
f 3107//1 3110//1 3109//10
f 3109//10 3110//1 3111//1
s 680
f 3112//1 3113//1 3114//1
f 3114//1 3113//1 3115//10
f 3113//1 3116//1 3115//10
f 3115//10 3116//1 3117//1
s 681
f 3118//1 3119//1 3120//1
f 3120//1 3119//1 3121//39
f 3119//1 3122//1 3121//39
f 3122//1 3123//1 3121//39
s 682
f 3124//1 3125//5 3126//1
f 3126//1 3125//5 3127//5
f 3125//5 3128//1 3127//5
f 3128//1 3129//1 3127//5
s 683
f 3130//1 3131//1 3132//1
f 3132//1 3131//1 3133//1
f 3131//1 3134//1 3133//1
f 3133//1 3134//1 3135//1
s 684
f 3136//1 3137//1 3138//1
f 3138//1 3137//1 3139//2
f 3137//1 3140//1 3139//2
f 3140//1 3141//1 3139//2
s 685
f 3142//1 3143//2 3144//1
f 3144//1 3143//2 3145//1
f 3143//2 3146//1 3145//1
f 3145//1 3146//1 3147//1
s 686
f 3148//1 3149//1 3150//1
f 3150//1 3149//1 3151//1
f 3149//1 3152//1 3151//1
f 3152//1 3153//1 3151//1
s 687
f 3154//1 3155//1 3156//1
f 3156//1 3155//1 3157//1
f 3155//1 3158//1 3157//1
f 3158//1 3159//1 3157//1
s 688
f 3160//1 3161//1 3162//39
f 3162//39 3161//1 3163//1
f 3161//1 3164//1 3163//1
f 3163//1 3164//1 3165//1
s 689
f 3166//1 3167//1 3168//1
f 3168//1 3167//1 3169//1
f 3167//1 3170//1 3169//1
f 3170//1 3171//1 3169//1
s 690
f 3172//1 3173//1 3174//1
f 3174//1 3173//1 3175//1
f 3173//1 3176//1 3175//1
f 3175//1 3176//1 3177//1
s 691
f 3178//1 3179//1 3180//1
f 3180//1 3179//1 3181//1
f 3179//1 3182//1 3181//1
f 3182//1 3183//1 3181//1
s 692
f 3184//1 3185//5 3186//3
f 3186//3 3185//5 3187//1
f 3185//5 3188//1 3187//1
f 3188//1 3189//1 3187//1
s 693
f 3190//1 3191//1 3192//1
f 3191//1 3193//1 3192//1
f 3192//1 3193//1 3194//1
f 3193//1 3195//1 3194//1
s 694
f 3196//1 3197//1 3198//1
f 3198//1 3197//1 3199//1
f 3197//1 3200//1 3199//1
f 3199//1 3200//1 3201//1
s 695
f 3202//1 3203//18 3204//1
f 3204//1 3203//18 3205//1
f 3203//18 3206//1 3205//1
f 3205//1 3206//1 3207//1
s 696
f 3208//1 3209//1 3210//1
f 3210//1 3209//1 3211//1
f 3209//1 3212//1 3211//1
f 3211//1 3212//1 3213//5
s 697
f 3214//1 3215//1 3216//11
f 3216//11 3215//1 3217//2
f 3215//1 3218//2 3217//2
f 3217//2 3218//2 3219//1
s 698
f 3220//1 3221//2 3222//1
f 3222//1 3221//2 3223//4
f 3221//2 3224//1 3223//4
f 3223//4 3224//1 3225//1
s 699
f 3226//1 3227//1 3228//1
f 3227//1 3229//1 3228//1
s 700
f 3230//1 3231//1 3232//1
f 3232//1 3231//1 3233//1
s 701
f 3234//1 3235//1 3236//1
f 3236//1 3235//1 3237//1
f 3235//1 3238//1 3237//1
f 3238//1 3239//1 3237//1
s 702
f 3240//1 3241//1 3242//1
f 3241//1 3243//3 3242//1
f 3242//1 3243//3 3244//3
f 3244//3 3243//3 3245//1
s 703
f 3246//1 3247//5 3248//1
f 3248//1 3247//5 3249//1
f 3247//5 3250//1 3249//1
f 3249//1 3250//1 3251//1
s 704
f 3252//1 3253//1 3254//1
s 705
f 3255//1 3256//11 3257//1
f 3256//11 3258//1 3257//1
f 3257//1 3258//1 3259//1
s 706
f 3260//1 3261//5 3262//1
f 3262//1 3261//5 3263//1
f 3263//1 3261//5 3264//1
s 707
f 3265//1 3266//1 3267//1
s 708
f 3268//1 3269//14 3270//1
f 3270//1 3269//14 3271//1
f 3269//14 3272//1 3271//1
f 3271//1 3272//1 3273//1
s 709
f 3274//1 3275//5 3276//1
f 3275//5 3277//1 3276//1
f 3276//1 3277//1 3278//1
f 3277//1 3279//1 3278//1
s 710
f 3280//1 3281//1 3282//1
f 3281//1 3283//9 3282//1
f 3282//1 3283//9 3284//1
f 3283//9 3285//1 3284//1
s 711
f 3286//1 3287//1 3288//1
f 3288//1 3287//1 3289//3
f 3287//1 3290//1 3289//3
f 3290//1 3291//1 3289//3
s 712
f 3292//1 3293//4 3294//1
f 3294//1 3293//4 3295//1
f 3293//4 3296//1 3295//1
f 3295//1 3296//1 3297//1
s 713
f 3298//1 3299//10 3300//1
f 3300//1 3299//10 3301//1
f 3299//10 3302//3 3301//1
f 3301//1 3302//3 3303//1
s 714
f 3304//1 3305//1 3306//1
f 3305//1 3307//1 3306//1
f 3306//1 3307//1 3308//1
f 3308//1 3307//1 3309//1
s 715
f 3310//1 3311//1 3312//1
f 3311//1 3313//1 3312//1
f 3312//1 3313//1 3314//1
f 3314//1 3313//1 3315//1
s 716
f 3316//1 3317//1 3318//1
f 3318//1 3317//1 3319//1
f 3317//1 3320//1 3319//1
f 3319//1 3320//1 3321//1
s 717
f 3322//1 3323//1 3324//1
f 3324//1 3323//1 3325//1
f 3323//1 3326//1 3325//1
f 3326//1 3327//1 3325//1
s 718
f 3328//1 3329//1 3330//1
f 3330//1 3329//1 3331//1
f 3329//1 3332//1 3331//1
f 3331//1 3332//1 3333//1
s 719
f 3334//1 3335//1 3336//1
f 3336//1 3335//1 3337//1
f 3335//1 3338//1 3337//1
f 3337//1 3338//1 3339//1
s 720
f 3340//1 3341//1 3342//1
f 3342//1 3341//1 3343//1
f 3341//1 3344//1 3343//1
s 721
f 3345//1 3346//1 3347//1
s 722
f 3348//1 3349//1 3350//1
f 3350//1 3349//1 3351//1
f 3349//1 3352//1 3351//1
f 3352//1 3353//1 3351//1
s 723
f 3354//1 3355//12 3356//1
f 3356//1 3355//12 3357//1
f 3355//12 3358//1 3357//1
f 3358//1 3359//6 3357//1
s 724
f 3360//1 3361//1 3362//1
s 725
f 3363//1 3364//1 3365//1
f 3364//1 3366//1 3365//1
s 726
f 3367//1 3368//1 3369//1
s 727
f 3370//1 3371//1 3372//2
f 3372//2 3371//1 3373//1
f 3371//1 3374//1 3373//1
f 3373//1 3374//1 3375//1
s 728
f 3376//1 3377//11 3378//1
f 3378//1 3377//11 3379//3
f 3377//11 3380//2 3379//3
f 3379//3 3380//2 3381//1
s 729
f 3382//1 3383//1 3384//1
f 3384//1 3383//1 3385//1
f 3383//1 3386//1 3385//1
f 3385//1 3386//1 3387//1
s 730
f 3388//1 3389//1 3390//1
f 3389//1 3391//1 3390//1
f 3390//1 3391//1 3392//1
f 3392//1 3391//1 3393//1
s 731
g Panel_derecha_1_cal_solar_7
usemtl cal_solar_7
f 3394//1 3395//1 3396//1
f 3396//1 3395//1 3397//1
f 3395//1 3398//1 3397//1
f 3398//1 3399//1 3397//1
s 732
f 3400//1 3401//1 3402//1
f 3401//1 3403//1 3402//1
f 3402//1 3403//1 3404//1
f 3404//1 3403//1 3405//1
s 733
f 3406//1 3407//1 3408//1
f 3408//1 3407//1 3409//1
f 3407//1 3410//1 3409//1
f 3409//1 3410//1 3411//1
s 734
f 3412//1 3413//1 3414//5
f 3413//1 3415//1 3414//5
f 3414//5 3415//1 3416//1
f 3416//1 3415//1 3417//1
s 735
f 3418//1 3419//1 3420//3
f 3420//3 3419//1 3421//1
f 3419//1 3422//1 3421//1
f 3422//1 3423//1 3421//1
s 736
f 3424//1 3425//1 3426//1
f 3425//1 3427//3 3426//1
f 3426//1 3427//3 3428//1
f 3427//3 3429//1 3428//1
s 737
f 3430//1 3431//1 3432//1
f 3432//1 3431//1 3433//1
f 3431//1 3434//1 3433//1
f 3434//1 3435//1 3433//1
s 738
f 3436//1 3437//1 3438//1
f 3437//1 3439//1 3438//1
f 3438//1 3439//1 3440//1
f 3440//1 3439//1 3441//1
s 739
f 3442//1 3443//1 3444//1
f 3444//1 3443//1 3445//1
f 3443//1 3446//1 3445//1
f 3446//1 3447//1 3445//1
s 740
f 3448//1 3449//1 3450//4
f 3449//1 3451//3 3450//4
f 3450//4 3451//3 3452//1
f 3452//1 3451//3 3453//1
s 741
f 3454//1 3455//1 3456//1
s 742
f 3457//1 3458//1 3459//1
f 3458//1 3460//1 3459//1
f 3459//1 3460//1 3461//1
s 743
f 3462//1 3463//1 3464//1
f 3464//1 3463//1 3465//1
f 3463//1 3466//1 3465//1
s 744
f 3467//1 3468//1 3469//1
s 745
f 3470//1 3471//1 3472//1
f 3472//1 3471//1 3473//1
f 3471//1 3474//1 3473//1
f 3473//1 3474//1 3475//1
s 746
f 3476//1 3477//1 3478//1
f 3478//1 3477//1 3479//1
f 3477//1 3480//1 3479//1
f 3480//1 3481//1 3479//1
s 747
f 3482//1 3483//1 3484//1
f 3484//1 3483//1 3485//1
f 3483//1 3486//1 3485//1
f 3485//1 3486//1 3487//1
s 748
f 3488//1 3489//1 3490//1
f 3490//1 3489//1 3491//1
f 3489//1 3492//1 3491//1
f 3491//1 3492//1 3493//1
s 749
f 3494//1 3495//1 3496//1
f 3495//1 3497//1 3496//1
f 3496//1 3497//1 3498//1
f 3498//1 3497//1 3499//1
s 750
f 3500//1 3501//5 3502//1
f 3502//1 3501//5 3503//5
f 3501//5 3504//1 3503//5
f 3503//5 3504//1 3505//1
s 751
f 3506//1 3507//1 3508//2
f 3507//1 3509//4 3508//2
f 3508//2 3509//4 3510//15
f 3510//15 3509//4 3511//1
s 752
f 3512//1 3513//3 3514//3
f 3513//3 3515//4 3514//3
f 3514//3 3515//4 3516//1
f 3515//4 3517//1 3516//1
s 753
f 3518//1 3519//1 3520//1
f 3519//1 3521//1 3520//1
f 3520//1 3521//1 3522//1
f 3521//1 3523//1 3522//1
s 754
f 3524//1 3525//1 3526//3
f 3525//1 3527//11 3526//3
f 3526//3 3527//11 3528//1
f 3527//11 3529//1 3528//1
s 755
f 3530//1 3531//11 3532//1
f 3532//1 3531//11 3533//3
f 3531//11 3534//3 3533//3
f 3533//3 3534//3 3535//1
s 756
f 3536//1 3537//11 3538//4
f 3538//4 3537//11 3539//3
f 3537//11 3540//5 3539//3
f 3539//3 3540//5 3541//1
s 757
f 3542//1 3543//1 3544//1
f 3544//1 3543//1 3545//1
f 3543//1 3546//1 3545//1
f 3546//1 3547//1 3545//1
s 758
f 3548//1 3549//3 3550//1
f 3550//1 3549//3 3551//10
f 3549//3 3552//1 3551//10
f 3551//10 3552//1 3553//1
s 759
f 3554//1 3555//1 3556//1
f 3556//1 3555//1 3557//2
f 3555//1 3558//2 3557//2
f 3558//2 3559//1 3557//2
s 760
f 3560//1 3561//1 3562//1
f 3562//1 3561//1 3563//1
f 3561//1 3564//6 3563//1
f 3564//6 3565//1 3563//1
s 761
f 3566//1 3567//1 3568//42
f 3567//1 3569//1 3568//42
f 3568//42 3569//1 3570//1
f 3570//1 3569//1 3571//1
s 762
f 3572//1 3573//1 3574//1
s 763
f 3575//3 3576//1 3577//1
f 3576//1 3578//1 3577//1
f 3578//1 3579//1 3577//1
s 764
f 3580//1 3581//1 3582//1
f 3581//1 3583//3 3582//1
f 3582//1 3583//3 3584//1
f 3584//1 3583//3 3585//1
s 765
f 3586//1 3587//1 3588//1
f 3588//1 3587//1 3589//1
f 3587//1 3590//1 3589//1
f 3589//1 3590//1 3591//1
s 766
f 3592//1 3593//1 3594//1
f 3594//1 3593//1 3595//3
f 3593//1 3596//2 3595//3
f 3595//3 3596//2 3597//1
s 767
f 3598//1 3599//12 3600//1
f 3600//1 3599//12 3601//1
f 3599//12 3602//1 3601//1
f 3601//1 3602//1 3603//6
s 768
f 3604//1 3605//1 3606//1
f 3606//1 3605//1 3607//1
f 3605//1 3608//1 3607//1
f 3608//1 3609//1 3607//1
s 769
f 3610//1 3611//1 3612//1
f 3612//1 3611//1 3613//1
f 3611//1 3614//1 3613//1
f 3614//1 3615//5 3613//1
s 770
f 3616//1 3617//1 3618//3
f 3618//3 3617//1 3619//1
f 3617//1 3620//1 3619//1
f 3619//1 3620//1 3621//1
s 771
f 3622//1 3623//3 3624//3
f 3624//3 3623//3 3625//1
f 3623//3 3626//1 3625//1
f 3626//1 3627//1 3625//1
s 772
f 3628//1 3629//12 3630//1
f 3630//1 3629//12 3631//1
f 3629//12 3632//1 3631//1
f 3631//1 3632//1 3633//1
s 773
f 3634//1 3635//1 3636//1
f 3635//1 3637//11 3636//1
f 3636//1 3637//11 3638//1
f 3638//1 3637//11 3639//1
s 774
f 3640//1 3641//1 3642//1
f 3641//1 3643//1 3642//1
f 3642//1 3643//1 3644//1
f 3644//1 3643//1 3645//1
s 775
f 3646//1 3647//2 3648//3
f 3647//2 3649//1 3648//3
f 3648//3 3649//1 3650//4
f 3649//1 3651//1 3650//4
s 776
f 3652//1 3653//3 3654//3
f 3654//3 3653//3 3655//1
f 3653//3 3656//1 3655//1
f 3655//1 3656//1 3657//1
s 777
f 3658//1 3659//1 3660//1
s 778
f 3661//11 3662//1 3663//2
f 3662//1 3664//1 3663//2
f 3664//1 3665//1 3663//2
s 779
f 3666//1 3667//1 3668//1
f 3668//1 3667//1 3669//1
s 780
f 3670//11 3671//1 3672//1
f 3671//1 3673//1 3672//1
s 781
f 3674//1 3675//1 3676//1
f 3676//1 3675//1 3677//10
f 3675//1 3678//1 3677//10
f 3677//10 3678//1 3679//1
s 782
g Panel_derecha_1_cal_solar_back
usemtl cal_solar_back
f 3680//1 3681//43 3682//1
f 3682//1 3681//43 3683//44
s 783
f 3684//45 3685//46 3686//22
f 3685//46 3687//38 3686//22
s 784
f 3688//20 3689//20 3690//20
f 3689//20 3691//29 3690//20
s 785
f 3692//47 3693//47 3694//47
s 786
f 3695//47 3696//47 3697//47
s 787
f 3698//1 3699//1 3700//1
s 788
f 3701//1 3702//1 3703//1
s 789
g Panel_derecha_1_cal_solar_side
usemtl cal_solar_side
f 3704//48 3705//49 3706//49
f 3705//49 3707//49 3706//49
s 790
f 3708//50 3709//50 3710//50
f 3710//50 3709//50 3711//50
s 791
g Panel_derecha_1_cal_grey
usemtl cal_grey
f 3712//47 3713//47 3714//47
f 3714//47 3713//47 3715//47
s 792
f 3716//47 3717//47 3718//47
s 793
f 3719//47 3720//47 3721//47
s 794
f 3722//20 3723//20 3724//20
f 3724//20 3723//20 3725//20
s 795
f 3726//49 3727//51 3728//51
s 796
f 3729//49 3730//49 3731//49
s 797
f 3732//52 3733//52 3734//52
s 798
f 3735//1 3736//1 3737//1
s 799
f 3738//53 3739//50 3740//50
f 3739//50 3741//50 3740//50
s 800
f 3742//19 3743//19 3744//19
s 801
f 3745//19 3746//19 3747//19
s 802
f 3748//47 3749//47 3750//47
s 803
f 3751//47 3752//47 3753//47
s 804
f 3754//47 3755//47 3756//47
s 805
f 3757//47 3758//47 3759//47
s 806
f 3760//20 3761//20 3762//20
f 3762//20 3761//20 3763//20
s 807
f 3764//49 3765//49 3766//49
s 808
f 3767//49 3768//49 3769//49
s 809
f 3770//1 3771//1 3772//4
s 810
f 3773//3 3774//3 3775//3
s 811
f 3776//50 3777//50 3778//54
s 812
f 3779//55 3780//55 3781//50
s 813
f 3782//19 3783//19 3784//19
s 814
f 3785//23 3786//23 3787//23
s 815
f 3788//47 3789//47 3790//47
s 816
f 3791//47 3792//47 3793//47
s 817
f 3794//47 3795//47 3796//47
s 818
f 3797//47 3798//47 3799//47
s 819
f 3800//20 3801//20 3802//29
f 3802//29 3801//20 3803//20
s 820
f 3804//56 3805//51 3806//51
s 821
f 3807//49 3808//49 3809//48
s 822
f 3810//1 3811//1 3812//1
f 3811//1 3813//1 3812//1
s 823
f 3814//50 3815//50 3816//50
s 824
f 3817//50 3818//50 3819//50
s 825
f 3820//57 3821//58 3822//58
s 826
f 3823//19 3824//19 3825//19
s 827
f 3826//59 3827//59 3828//59
s 828
f 3829//47 3830//47 3831//47
s 829
f 3832//47 3833//47 3834//47
f 3834//47 3833//47 3835//47
s 830
f 3836//20 3837//21 3838//20
f 3838//20 3837//21 3839//20
s 831
f 3840//49 3841//51 3842//51
s 832
f 3843//49 3844//49 3845//49
s 833
f 3846//52 3847//52 3848//60
s 834
f 3849//1 3850//1 3851//1
s 835
f 3852//50 3853//55 3854//55
s 836
f 3855//50 3856//53 3857//50
s 837
f 3858//19 3859//19 3860//19
s 838
f 3861//19 3862//19 3863//19
s 839
f 3864//61 3865//62 3866//61
s 840
f 3867//63 3868//63 3869//63
s 841
f 3870//49 3871//49 3872//49
s 842
f 3873//64 3874//64 3875//64
s 843
f 3876//65 3877//65 3878//65
s 844
f 3879//66 3880//66 3881//66
s 845
f 3882//67 3883//67 3884//67
f 3884//67 3883//67 3885//67
s 846
f 3886//68 3887//68 3888//68
s 847
f 3889//68 3890//68 3891//68
s 848
f 3892//69 3893//69 3894//70
s 849
f 3895//71 3896//71 3897//71
s 850
f 3898//72 3899//72 3900//72
s 851
f 3901//72 3902//72 3903//72
s 852
f 3904//73 3905//73 3906//73
s 853
f 3907//74 3908//74 3909//74
s 854
f 3910//75 3911//75 3912//75
s 855
f 3913//76 3914//76 3915//76
s 856
f 3916//77 3917//78 3918//78
s 857
f 3919//79 3920//80 3921//79
s 858
f 3922//81 3923//81 3924//81
s 859
f 3925//82 3926//81 3927//81
s 860
f 3928//83 3929//83 3930//83
s 861
f 3931//84 3932//84 3933//84
s 862
f 3934//85 3935//85 3936//85
s 863
f 3937//86 3938//87 3939//86
s 864
f 3940//88 3941//88 3942//88
s 865
f 3943//88 3944//88 3945//88
s 866
f 3946//89 3947//90 3948//89
s 867
f 3949//91 3950//91 3951//91
s 868
f 3952//92 3953//92 3954//92
s 869
f 3955//92 3956//92 3957//92
s 870
f 3958//93 3959//93 3960//93
s 871
f 3961//94 3962//94 3963//93
s 872
f 3964//95 3965//95 3966//95
s 873
f 3967//95 3968//95 3969//95
s 874
f 3970//96 3971//96 3972//96
s 875
f 3973//97 3974//98 3975//97
s 876
f 3976//99 3977//99 3978//99
f 3978//99 3977//99 3979//100
s 877
f 3980//65 3981//65 3982//65
s 878
f 3983//101 3984//101 3985//102
s 879
f 3986//103 3987//104 3988//105
s 880
f 3989//49 3990//49 3991//49
s 881
f 3992//48 3993//48 3994//48
s 882
f 3995//51 3996//51 3997//51
s 883
f 3998//106 3999//107 4000//106
s 884
f 4001//49 4002//49 4003//49
s 885
f 4004//48 4005//48 4006//48
s 886
f 4007//108 4008//108 4009//108
s 887
f 4010//49 4011//109 4012//49
f 4012//49 4011//109 4013//109
s 888
f 4014//49 4015//49 4016//49
s 889
f 4017//49 4018//49 4019//49
s 890
f 4020//110 4021//110 4022//110
s 891
f 4023//111 4024//109 4025//109
s 892
f 4026//112 4027//63 4028//63
s 893
f 4029//110 4030//110 4031//110
s 894
f 4032//109 4033//62 4034//113
s 895
f 4035//114 4036//114 4037//114
f 4036//114 4038//49 4037//114
s 896
f 4039//112 4040//112 4041//115
s 897
f 4042//62 4043//62 4044//114
s 898
f 4045//51 4046//51 4047//51
s 899
f 4048//63 4049//63 4050//63
s 900
f 4051//49 4052//49 4053//49
s 901
f 4054//49 4055//49 4056//49
s 902
f 4057//63 4058//63 4059//63
s 903
f 4060//63 4061//107 4062//63
s 904
f 4063//48 4064//49 4065//48
s 905
f 4066//116 4067//117 4068//63
s 906
f 4069//118 4070//118 4071//118
s 907
f 4072//108 4073//108 4074//51
s 908
f 4075//110 4076//63 4077//110
s 909
f 4078//119 4079//119 4080//112
s 910
f 4081//114 4082//114 4083//62
s 911
f 4084//120 4085//121 4086//122
s 912
f 4087//56 4088//56 4089//123
s 913
f 4090//49 4091//49 4092//49
s 914
f 4093//49 4094//49 4095//49
s 915
f 4096//124 4097//124 4098//125
s 916
f 4099//63 4100//112 4101//63
s 917
f 4102//126 4103//126 4104//126
s 918
f 4105//49 4106//48 4107//127
s 919
f 4108//128 4109//107 4110//128
s 920
f 4111//62 4112//62 4113//62
s 921
f 4114//49 4115//49 4116//48
s 922
f 4117//129 4118//129 4119//129
s 923
f 4120//49 4121//49 4122//49
s 924
f 4123//49 4124//49 4125//49
s 925
f 4126//63 4127//63 4128//63
s 926
f 4129//49 4130//49 4131//49
s 927
f 4132//130 4133//131 4134//132
s 928
f 4135//114 4136//114 4137//114
s 929
f 4138//48 4139//133 4140//49
s 930
f 4141//49 4142//49 4143//49
s 931
f 4144//112 4145//112 4146//112
s 932
f 4147//109 4148//109 4149//134
s 933
f 4150//63 4151//63 4152//63
s 934
f 4153//61 4154//109 4155//109
s 935
f 4156//135 4157//135 4158//135
s 936
f 4159//62 4160//114 4161//136
s 937
f 4162//137 4163//137 4164//137
s 938
f 4165//49 4166//49 4167//49
s 939
f 4168//49 4169//49 4170//49
s 940
f 4171//51 4172//51 4173//51
s 941
f 4174//134 4175//111 4176//111
s 942
f 4177//112 4178//112 4179//112
s 943
f 4180//48 4181//48 4182//48
s 944
f 4183//138 4184//107 4185//107
s 945
f 4186//114 4187//114 4188//114
s 946
f 4189//139 4190//63 4191//140
s 947
f 4192//141 4193//142 4194//141
s 948
f 4195//143 4196//144 4197//144
s 949
f 4198//114 4199//114 4200//114
s 950
f 4201//49 4202//49 4203//49
s 951
f 4204//63 4205//112 4206//63
s 952
f 4207//128 4208//138 4209//128
s 953
f 4210//63 4211//110 4212//63
s 954
f 4213//145 4214//146 4215//147
s 955
f 4216//62 4217//62 4218//62
s 956
f 4219//148 4220//148 4221//148
s 957
f 4222//149 4223//149 4224//149
s 958
f 4225//150 4226//150 4227//150
s 959
f 4228//151 4229//151 4230//151
s 960
f 4231//152 4232//152 4233//152
s 961
f 4234//152 4235//152 4236//69
s 962
f 4237//153 4238//154 4239//155
s 963
f 4240//156 4241//156 4242//156
s 964
f 4243//85 4244//157 4245//85
f 4245//85 4244//157 4246//86
s 965
f 4247//158 4248//159 4249//160
s 966
f 4250//161 4251//161 4252//162
s 967
f 4253//163 4254//163 4255//163
s 968
f 4256//164 4257//164 4258//164
f 4257//164 4259//164 4258//164
s 969
f 4260//165 4261//165 4262//165
s 970
f 4263//165 4264//165 4265//165
s 971
f 4266//166 4267//166 4268//166
s 972
f 4269//167 4270//167 4271//167
s 973
f 4272//73 4273//74 4274//73
s 974
f 4275//168 4276//169 4277//170
s 975
f 4278//171 4279//172 4280//173
s 976
f 4281//171 4282//171 4283//171
s 977
f 4284//72 4285//72 4286//72
s 978
f 4287//174 4288//174 4289//174
s 979
f 4290//175 4291//175 4292//175
s 980
f 4293//176 4294//176 4295//176
s 981
f 4296//150 4297//150 4298//150
s 982
f 4299//177 4300//177 4301//177
s 983
f 4302//178 4303//179 4304//179
s 984
f 4305//180 4306//181 4307//181
s 985
f 4308//182 4309//182 4310//182
s 986
f 4311//183 4312//183 4313//183
s 987
f 4314//50 4315//50 4316//50
f 4315//50 4317//50 4316//50
s 988
f 4318//63 4319//63 4320//63
s 989
f 4321//111 4322//111 4323//111
s 990
f 4324//67 4325//67 4326//67
s 991
f 4327//48 4328//48 4329//48
s 992
f 4330//112 4331//63 4332//112
s 993
f 4333//62 4334//62 4335//111
s 994
f 4336//51 4337//51 4338//49
s 995
f 4339//184 4340//184 4341//185
s 996
f 4342//51 4343//51 4344//49
s 997
f 4345//186 4346//186 4347//186
s 998
f 4348//49 4349//49 4350//49
s 999
f 4351//48 4352//48 4353//48
s 1000
f 4354//51 4355//51 4356//51
s 1001
f 4357//49 4358//49 4359//49
s 1002
f 4360//49 4361//49 4362//49
s 1003
f 4363//62 4364//62 4365//62
s 1004
f 4366//122 4367//122 4368//122
s 1005
f 4369//49 4370//49 4371//49
s 1006
f 4372//128 4373//128 4374//128
s 1007
f 4375//62 4376//62 4377//114
s 1008
f 4378//186 4379//186 4380//61
s 1009
f 4381//142 4382//142 4383//114
s 1010
f 4384//187 4385//188 4386//189
s 1011
f 4387//49 4388//49 4389//49
s 1012
f 4390//63 4391//63 4392//63
s 1013
f 4393//135 4394//186 4395//135
s 1014
f 4396//63 4397//112 4398//63
s 1015
f 4399//111 4400//111 4401//111
s 1016
f 4402//63 4403//63 4404//63
s 1017
f 4405//190 4406//191 4407//192
s 1018
f 4408//49 4409//49 4410//49
s 1019
f 4411//112 4412//112 4413//112
s 1020
f 4414//62 4415//62 4416//62
s 1021
f 4417//193 4418//194 4419//49
s 1022
f 4420//195 4421//195 4422//195
s 1023
f 4423//196 4424//197 4425//196
s 1024
f 4426//112 4427//112 4428//112
s 1025
f 4429//49 4430//48 4431//48
s 1026
f 4432//49 4433//49 4434//49
s 1027
f 4435//198 4436//198 4437//198
s 1028
f 4438//62 4439//62 4440//62
s 1029
f 4441//199 4442//200 4443//200
s 1030
f 4444//62 4445//62 4446//62
s 1031
f 4447//95 4448//95 4449//95
s 1032
f 4450//49 4451//193 4452//193
s 1033
f 4453//201 4454//201 4455//201
s 1034
f 4456//63 4457//138 4458//63
s 1035
f 4459//201 4460//201 4461//201
s 1036
f 4462//63 4463//63 4464//63
s 1037
f 4465//92 4466//92 4467//92
s 1038
f 4468//49 4469//49 4470//49
s 1039
f 4471//92 4472//92 4473//92
s 1040
f 4474//202 4475//202 4476//202
s 1041
f 4477//135 4478//135 4479//114
f 4478//135 4480//114 4479//114
s 1042
f 4481//90 4482//89 4483//90
s 1043
f 4484//203 4485//203 4486//203
s 1044
f 4487//49 4488//49 4489//49
s 1045
f 4490//49 4491//49 4492//49
s 1046
f 4493//51 4494//49 4495//51
s 1047
f 4496//128 4497//204 4498//205
s 1048
f 4499//62 4500//62 4501//62
s 1049
f 4502//61 4503//61 4504//114
s 1050
f 4505//138 4506//206 4507//138
s 1051
f 4508//63 4509//63 4510//63
s 1052
f 4511//207 4512//207 4513//207
s 1053
f 4514//49 4515//49 4516//49
s 1054
f 4517//112 4518//63 4519//63
s 1055
f 4520//111 4521//111 4522//111
s 1056
f 4523//86 4524//157 4525//86
s 1057
f 4526//112 4527//112 4528//112
s 1058
f 4529//208 4530//209 4531//209
s 1059
f 4532//85 4533//85 4534//85
s 1060
f 4535//109 4536//109 4537//109
s 1061
f 4538//210 4539//211 4540//211
s 1062
f 4541//212 4542//213 4543//213
s 1063
f 4544//49 4545//49 4546//49
s 1064
f 4547//81 4548//81 4549//81
s 1065
f 4550//214 4551//122 4552//122
s 1066
f 4553//114 4554//114 4555//114
s 1067
f 4556//81 4557//81 4558//81
s 1068
f 4559//49 4560//49 4561//49
f 4561//49 4560//49 4562//49
s 1069
f 4563//51 4564//49 4565//51
s 1070
f 4566//49 4567//49 4568//49
s 1071
f 4569//215 4570//216 4571//217
s 1072
f 4572//138 4573//138 4574//107
s 1073
f 4575//174 4576//174 4577//174
s 1074
f 4578//153 4579//218 4580//153
s 1075
f 4581//152 4582//152 4583//69
s 1076
f 4584//152 4585//152 4586//152
s 1077
f 4587//49 4588//49 4589//49
s 1078
f 4590//219 4591//219 4592//219
s 1079
f 4593//204 4594//133 4595//220
s 1080
f 4596//177 4597//150 4598//177
s 1081
f 4599//221 4600//221 4601//221
s 1082
f 4602//112 4603//112 4604//112
s 1083
f 4605//136 4606//136 4607//222
s 1084
f 4608//148 4609//67 4610//67
s 1085
f 4611//49 4612//49 4613//49
s 1086
f 4614//49 4615//49 4616//49
s 1087
f 4617//223 4618//223 4619//223
s 1088
f 4620//48 4621//48 4622//48
s 1089
f 4623//112 4624//221 4625//112
s 1090
f 4626//186 4627//186 4628//186
s 1091
f 4629//214 4630//122 4631//214
s 1092
f 4632//50 4633//54 4634//50
s 1093
f 4635//224 4636//225 4637//225
s 1094
f 4638//226 4639//226 4640//226
s 1095
f 4641//50 4642//50 4643//50
s 1096
f 4644//50 4645//50 4646//50
s 1097
f 4647//226 4648//226 4649//227
s 1098
f 4650//50 4651//50 4652//50
s 1099
f 4653//50 4654//50 4655//50
s 1100
f 4656//228 4657//228 4658//228
s 1101
f 4659//229 4660//229 4661//229
s 1102
f 4662//50 4663//50 4664//50
s 1103
f 4665//50 4666//55 4667//55
s 1104
f 4668//230 4669//230 4670//230
s 1105
f 4671//50 4672//50 4673//50
s 1106
f 4674//50 4675//50 4676//50
s 1107
f 4677//231 4678//232 4679//232
s 1108
f 4680//226 4681//226 4682//226
s 1109
f 4683//233 4684//233 4685//233
s 1110
f 4686//50 4687//50 4688//50
s 1111
f 4689//53 4690//53 4691//53
s 1112
f 4692//50 4693//50 4694//50
s 1113
f 4695//50 4696//50 4697//54
s 1114
f 4698//234 4699//234 4700//234
s 1115
f 4701//228 4702//228 4703//228
s 1116
f 4704//229 4705//229 4706//229
s 1117
f 4707//50 4708//50 4709//50
s 1118
f 4710//228 4711//228 4712//228
s 1119
f 4713//235 4714//233 4715//233
s 1120
f 4716//50 4717//236 4718//237
s 1121
f 4719//238 4720//238 4721//238
s 1122
f 4722//226 4723//230 4724//226
s 1123
f 4725//233 4726//229 4727//229
s 1124
f 4728//50 4729//50 4730//226
f 4730//226 4729//50 4731//226
s 1125
f 4732//239 4733//239 4734//239
s 1126
f 4735//50 4736//50 4737//50
s 1127
f 4738//53 4739//53 4740//53
s 1128
f 4741//240 4742//241 4743//240
s 1129
f 4744//228 4745//228 4746//228
s 1130
f 4747//50 4748//50 4749//50
s 1131
f 4750//229 4751//229 4752//229
s 1132
f 4753//53 4754//53 4755//53
s 1133
f 4756//242 4757//243 4758//242
s 1134
f 4759//244 4760//244 4761//244
s 1135
f 4762//228 4763//228 4764//228
s 1136
f 4765//50 4766//50 4767//50
s 1137
f 4768//245 4769//245 4770//246
s 1138
f 4771//229 4772//229 4773//229
s 1139
f 4774//244 4775//244 4776//244
s 1140
f 4777//53 4778//53 4779//53
s 1141
f 4780//228 4781//228 4782//228
s 1142
f 4783//247 4784//247 4785//247
s 1143
f 4786//50 4787//50 4788//50
s 1144
f 4789//50 4790//50 4791//50
s 1145
f 4792//228 4793//228 4794//228
s 1146
f 4795//228 4796//244 4797//228
s 1147
f 4798//248 4799//248 4800//248
s 1148
f 4801//225 4802//225 4803//225
s 1149
f 4804//50 4805//50 4806//50
s 1150
f 4807//249 4808//250 4809//249
s 1151
f 4810//251 4811//251 4812//251
s 1152
f 4813//236 4814//50 4815//252
s 1153
f 4816//251 4817//251 4818//251
s 1154
f 4819//226 4820//226 4821//226
s 1155
f 4822//253 4823//253 4824//253
s 1156
f 4825//252 4826//50 4827//50
s 1157
f 4828//225 4829//225 4830//225
s 1158
f 4831//240 4832//254 4833//240
s 1159
f 4834//50 4835//50 4836//50
s 1160
f 4837//240 4838//241 4839//240
s 1161
f 4840//225 4841//225 4842//225
s 1162
f 4843//50 4844//50 4845//50
s 1163
f 4846//255 4847//255 4848//255
s 1164
f 4849//227 4850//227 4851//227
s 1165
f 4852//227 4853//227 4854//227
s 1166
f 4855//55 4856//227 4857//227
s 1167
f 4858//256 4859//256 4860//256
s 1168
f 4861//257 4862//253 4863//253
s 1169
f 4864//226 4865//230 4866//230
s 1170
f 4867//258 4868//258 4869//258
s 1171
f 4870//233 4871//233 4872//233
s 1172
f 4873//225 4874//225 4875//225
s 1173
f 4876//49 4877//49 4878//49
s 1174
f 4879//259 4880//259 4881//260
s 1175
f 4882//19 4883//19 4884//19
s 1176
f 4885//38 4886//38 4887//38
s 1177
f 4888//19 4889//19 4890//19
s 1178
f 4891//19 4892//19 4893//19
s 1179
f 4894//19 4895//19 4896//19
s 1180
f 4897//19 4898//19 4899//19
s 1181
f 4900//261 4901//261 4902//261
s 1182
f 4903//262 4904//263 4905//262
s 1183
f 4906//59 4907//59 4908//59
s 1184
f 4909//47 4910//47 4911//47
s 1185
f 4912//19 4913//19 4914//19
s 1186
f 4915//19 4916//19 4917//19
s 1187
f 4918//19 4919//19 4920//19
s 1188
f 4921//19 4922//19 4923//19
s 1189
f 4924//111 4925//111 4926//111
s 1190
f 4927//49 4928//49 4929//49
s 1191
f 4930//49 4931//49 4932//49
s 1192
f 4933//49 4934//49 4935//49
s 1193
f 4936//49 4937//49 4938//49
s 1194
f 4939//264 4940//193 4941//207
s 1195
f 4942//265 4943//119 4944//63
s 1196
f 4945//114 4946//114 4947//114
s 1197
f 4948//266 4949//259 4950//266
s 1198
f 4951//49 4952//49 4953//49
s 1199
f 4954//111 4955//109 4956//111
s 1200
f 4957//49 4958//49 4959//49
s 1201
f 4960//49 4961//49 4962//51
s 1202
f 4963//49 4964//49 4965//49
s 1203
f 4966//267 4967//268 4968//267
s 1204
f 4969//49 4970//49 4971//49
s 1205
f 4972//259 4973//259 4974//259
s 1206
f 4975//269 4976//269 4977//269
s 1207
f 4978//268 4979//268 4980//268
s 1208
f 4981//49 4982//49 4983//49
s 1209
f 4984//270 4985//270 4986//270
s 1210
f 4987//269 4988//269 4989//269
s 1211
f 4990//49 4991//49 4992//49
s 1212
f 4993//271 4994//272 4995//271
s 1213
f 4996//273 4997//267 4998//274
s 1214
f 4999//19 5000//19 5001//19
s 1215
f 5002//19 5003//19 5004//19
s 1216
f 5005//51 5006//51 5007//51
s 1217
f 5008//49 5009//49 5010//49
s 1218
f 5011//49 5012//49 5013//49
s 1219
f 5014//49 5015//49 5016//49
s 1220
f 5017//49 5018//49 5019//49
s 1221
f 5020//49 5021//49 5022//49
s 1222
f 5023//49 5024//49 5025//49
s 1223
f 5026//49 5027//49 5028//49
s 1224
f 5029//275 5030//276 5031//277
s 1225
f 5032//48 5033//48 5034//133
s 1226
f 5035//49 5036//49 5037//49
s 1227
f 5038//49 5039//49 5040//49
s 1228
f 5041//49 5042//49 5043//49
s 1229
f 5044//278 5045//278 5046//279
s 1230
f 5047//63 5048//63 5049//63
s 1231
f 5050//123 5051//56 5052//123
s 1232
f 5053//49 5054//49 5055//49
s 1233
f 5056//107 5057//280 5058//107
s 1234
f 5059//215 5060//215 5061//215
s 1235
f 5062//114 5063//62 5064//62
s 1236
f 5065//49 5066//49 5067//49
s 1237
f 5068//49 5069//49 5070//49
f 5069//49 5071//49 5070//49
s 1238
f 5072//63 5073//63 5074//63
s 1239
f 5075//111 5076//111 5077//111
s 1240
f 5078//112 5079//107 5080//63
s 1241
f 5081//49 5082//49 5083//49
s 1242
f 5084//49 5085//49 5086//49
s 1243
f 5087//118 5088//49 5089//49
f 5088//49 5090//49 5089//49
s 1244
f 5091//49 5092//49 5093//49
s 1245
f 5094//49 5095//281 5096//49
s 1246
f 5097//112 5098//112 5099//112
s 1247
f 5100//108 5101//108 5102//49
s 1248
f 5103//207 5104//49 5105//207
s 1249
f 5106//111 5107//111 5108//111
s 1250
f 5109//49 5110//49 5111//49
s 1251
f 5112//61 5113//61 5114//109
s 1252
f 5115//51 5116//51 5117//51
s 1253
f 5118//107 5119//63 5120//110
s 1254
f 5121//49 5122//49 5123//49
s 1255
f 5124//111 5125//111 5126//111
s 1256
f 5127//110 5128//110 5129//110
s 1257
f 5130//19 5131//19 5132//19
s 1258
f 5133//282 5134//282 5135//283
s 1259
f 5136//284 5137//284 5138//285
s 1260
f 5139//19 5140//19 5141//19
s 1261
f 5142//19 5143//19 5144//19
s 1262
f 5145//286 5146//287 5147//288
s 1263
f 5148//19 5149//19 5150//19
s 1264
f 5151//19 5152//19 5153//19
s 1265
f 5154//19 5155//19 5156//19
s 1266
f 5157//19 5158//19 5159//19
s 1267
f 5160//19 5161//19 5162//19
s 1268
f 5163//19 5164//19 5165//19
s 1269
f 5166//49 5167//49 5168//49
s 1270
f 5169//118 5170//118 5171//118
s 1271
f 5172//62 5173//62 5174//186
s 1272
f 5175//49 5176//49 5177//49
s 1273
f 5178//49 5179//49 5180//193
s 1274
f 5181//112 5182//112 5183//112
s 1275
f 5184//63 5185//63 5186//63
s 1276
f 5187//49 5188//49 5189//49
s 1277
f 5190//49 5191//49 5192//49
s 1278
f 5193//274 5194//221 5195//274
s 1279
f 5196//111 5197//109 5198//111
s 1280
f 5199//19 5200//19 5201//19
f 5201//19 5200//19 5202//23
s 1281
f 5203//49 5204//49 5205//49
f 5204//49 5206//49 5205//49
s 1282
f 5207//112 5208//112 5209//63
s 1283
f 5210//49 5211//49 5212//49
s 1284
f 5213//61 5214//61 5215//109
s 1285
f 5216//289 5217//290 5218//290
s 1286
f 5219//109 5220//109 5221//109
s 1287
f 5222//114 5223//114 5224//114
s 1288
f 5225//49 5226//49 5227//49
s 1289
f 5228//63 5229//63 5230//63
s 1290
f 5231//111 5232//109 5233//111
s 1291
f 5234//49 5235//49 5236//49
s 1292
f 5237//138 5238//138 5239//138
s 1293
f 5240//48 5241//49 5242//49
f 5241//49 5243//49 5242//49
s 1294
f 5244//291 5245//292 5246//292
s 1295
f 5247//107 5248//138 5249//204
s 1296
f 5250//293 5251//293 5252//125
s 1297
f 5253//49 5254//49 5255//49
s 1298
f 5256//49 5257//49 5258//49
s 1299
f 5259//260 5260//260 5261//260
s 1300
f 5262//49 5263//49 5264//49
s 1301
f 5265//61 5266//61 5267//61
s 1302
f 5268//112 5269//112 5270//112
s 1303
f 5271//49 5272//49 5273//49
s 1304
f 5274//114 5275//114 5276//114
s 1305
f 5277//49 5278//49 5279//51
s 1306
f 5280//112 5281//112 5282//112
s 1307
f 5283//186 5284//186 5285//186
s 1308
f 5286//49 5287//49 5288//49
s 1309
f 5289//108 5290//108 5291//108
s 1310
f 5292//63 5293//112 5294//112
s 1311
f 5295//112 5296//63 5297//112
s 1312
f 5298//294 5299//113 5300//295
s 1313
f 5301//254 5302//240 5303//240
s 1314
f 5304//244 5305//244 5306//244
s 1315
f 5307//225 5308//225 5309//225
s 1316
f 5310//50 5311//50 5312//50
s 1317
f 5313//248 5314//248 5315//248
s 1318
f 5316//50 5317//50 5318//50
s 1319
f 5319//244 5320//244 5321//244
s 1320
f 5322//50 5323//50 5324//50
s 1321
f 5325//224 5326//225 5327//225
s 1322
f 5328//50 5329//50 5330//50
s 1323
f 5331//228 5332//228 5333//228
s 1324
f 5334//50 5335//50 5336//50
s 1325
f 5337//50 5338//50 5339//50
s 1326
f 5340//229 5341//229 5342//229
s 1327
f 5343//50 5344//50 5345//50
s 1328
f 5346//296 5347//296 5348//296
s 1329
f 5349//228 5350//228 5351//228
s 1330
f 5352//229 5353//229 5354//229
s 1331
f 5355//244 5356//244 5357//244
s 1332
f 5358//296 5359//296 5360//296
s 1333
f 5361//228 5362//228 5363//228
s 1334
f 5364//226 5365//226 5366//228
s 1335
f 5367//226 5368//226 5369//230
s 1336
f 5370//229 5371//225 5372//225
s 1337
f 5373//50 5374//50 5375//50
s 1338
f 5376//225 5377//225 5378//225
s 1339
f 5379//226 5380//226 5381//226
s 1340
f 5382//297 5383//297 5384//50
s 1341
f 5385//50 5386//50 5387//50
s 1342
f 5388//229 5389//229 5390//229
s 1343
f 5391//228 5392//226 5393//226
s 1344
f 5394//298 5395//298 5396//299
s 1345
f 5397//228 5398//228 5399//228
s 1346
f 5400//50 5401//228 5402//50
f 5401//228 5403//228 5402//50
s 1347
f 5404//243 5405//243 5406//253
s 1348
f 5407//50 5408//50 5409//50
f 5408//50 5410//50 5409//50
s 1349
f 5411//50 5412//50 5413//50
s 1350
f 5414//238 5415//238 5416//238
s 1351
f 5417//297 5418//53 5419//53
s 1352
f 5420//50 5421//50 5422//252
s 1353
f 5423//50 5424//50 5425//50
s 1354
f 5426//252 5427//252 5428//252
s 1355
f 5429//50 5430//50 5431//50
s 1356
f 5432//50 5433//50 5434//50
s 1357
f 5435//300 5436//300 5437//300
s 1358
f 5438//229 5439//229 5440//229
s 1359
f 5441//226 5442//228 5443//228
s 1360
f 5444//50 5445//50 5446//50
s 1361
f 5447//242 5448//242 5449//242
s 1362
f 5450//228 5451//228 5452//228
s 1363
f 5453//228 5454//228 5455//228
s 1364
f 5456//50 5457//50 5458//50
s 1365
f 5459//297 5460//50 5461//50
s 1366
f 5462//226 5463//226 5464//226
s 1367
f 5465//225 5466//225 5467//225
s 1368
f 5468//228 5469//226 5470//228
s 1369
f 5471//233 5472//233 5473//233
s 1370
f 5474//50 5475//50 5476//50
f 5475//50 5477//50 5476//50
s 1371
f 5478//225 5479//225 5480//225
s 1372
f 5481//50 5482//50 5483//50
s 1373
f 5484//301 5485//53 5486//53
s 1374
f 5487//50 5488//302 5489//50
s 1375
f 5490//50 5491//50 5492//50
s 1376
f 5493//250 5494//250 5495//250
s 1377
f 5496//251 5497//256 5498//256
s 1378
f 5499//257 5500//251 5501//251
s 1379
f 5502//50 5503//50 5504//50
s 1380
f 5505//226 5506//230 5507//230
s 1381
f 5508//225 5509//225 5510//225
f 5509//225 5511//297 5510//225
s 1382
f 5512//252 5513//244 5514//303
s 1383
f 5515//53 5516//301 5517//53
s 1384
f 5518//50 5519//50 5520//50
s 1385
f 5521//249 5522//249 5523//304
s 1386
f 5524//227 5525//305 5526//250
s 1387
f 5527//305 5528//227 5529//227
s 1388
f 5530//53 5531//301 5532//53
s 1389
f 5533//55 5534//55 5535//55
s 1390
f 5536//230 5537//230 5538//230
s 1391
f 5539//229 5540//253 5541//253
s 1392
f 5542//306 5543//307 5544//306
s 1393
f 5545//225 5546//225 5547//225
s 1394
f 5548//225 5549//225 5550//225
s 1395
f 5551//209 5552//209 5553//209
s 1396
f 5554//308 5555//308 5556//308
s 1397
f 5557//309 5558//309 5559//309
s 1398
f 5560//49 5561//49 5562//49
s 1399
f 5563//49 5564//49 5565//49
s 1400
f 5566//280 5567//206 5568//206
s 1401
f 5569//309 5570//310 5571//309
s 1402
f 5572//50 5573//50 5574//50
s 1403
f 5575//50 5576//50 5577//50
s 1404
f 5578//55 5579//55 5580//55
s 1405
f 5581//53 5582//53 5583//53
s 1406
f 5584//311 5585//312 5586//313
s 1407
f 5587//314 5588//314 5589//314
s 1408
f 5590//50 5591//50 5592//50
s 1409
f 5593//315 5594//315 5595//314
s 1410
f 5596//301 5597//301 5598//316
s 1411
f 5599//302 5600//302 5601//302
s 1412
f 5602//317 5603//317 5604//314
s 1413
f 5605//318 5606//318 5607//318
s 1414
f 5608//55 5609//55 5610//55
s 1415
f 5611//50 5612//50 5613//50
s 1416
f 5614//319 5615//54 5616//54
s 1417
f 5617//320 5618//321 5619//321
s 1418
f 5620//50 5621//297 5622//50
s 1419
f 5623//173 5624//173 5625//173
s 1420
f 5626//322 5627//323 5628//324
s 1421
f 5629//74 5630//74 5631//74
s 1422
f 5632//325 5633//325 5634//325
s 1423
f 5635//76 5636//76 5637//76
s 1424
f 5638//76 5639//76 5640//76
s 1425
f 5641//79 5642//79 5643//79
s 1426
f 5644//79 5645//79 5646//79
s 1427
f 5647//50 5648//50 5649//50
s 1428
f 5650//81 5651//81 5652//81
s 1429
f 5653//326 5654//326 5655//326
s 1430
f 5656//327 5657//328 5658//329
s 1431
f 5659//330 5660//330 5661//331
s 1432
f 5662//297 5663//332 5664//333
s 1433
f 5665//213 5666//213 5667//334
s 1434
f 5668//320 5669//320 5670//302
s 1435
f 5671//334 5672//334 5673//334
s 1436
f 5674//53 5675//53 5676//53
s 1437
f 5677//335 5678//315 5679//335
s 1438
f 5680//336 5681//337 5682//338
s 1439
f 5683//339 5684//340 5685//340
s 1440
f 5686//53 5687//53 5688//53
s 1441
f 5689//55 5690//55 5691//55
s 1442
f 5692//250 5693//250 5694//250
s 1443
f 5695//315 5696//315 5697//315
s 1444
f 5698//321 5699//311 5700//302
s 1445
f 5701//50 5702//50 5703//50
s 1446
f 5704//50 5705//50 5706//50
s 1447
f 5707//231 5708//341 5709//342
s 1448
f 5710//343 5711//344 5712//344
s 1449
f 5713//53 5714//53 5715//53
s 1450
f 5716//50 5717//50 5718//50
s 1451
f 5719//345 5720//252 5721//249
s 1452
f 5722//50 5723//50 5724//50
s 1453
f 5725//50 5726//50 5727//50
s 1454
f 5728//315 5729//315 5730//315
s 1455
f 5731//302 5732//302 5733//302
s 1456
f 5734//342 5735//346 5736//342
s 1457
f 5737//315 5738//314 5739//315
s 1458
f 5740//347 5741//347 5742//347
s 1459
f 5743//348 5744//348 5745//348
s 1460
f 5746//92 5747//92 5748//92
s 1461
f 5749//92 5750//92 5751//92
s 1462
f 5752//201 5753//201 5754//201
s 1463
f 5755//201 5756//201 5757//201
s 1464
f 5758//95 5759//95 5760//95
s 1465
f 5761//199 5762//199 5763//199
s 1466
f 5764//50 5765//50 5766//50
s 1467
f 5767//349 5768//198 5769//198
s 1468
f 5770//335 5771//335 5772//350
s 1469
f 5773//315 5774//335 5775//335
s 1470
f 5776//351 5777//352 5778//353
s 1471
f 5779//335 5780//335 5781//335
s 1472
f 5782//354 5783//354 5784//354
s 1473
f 5785//50 5786//50 5787//50
s 1474
f 5788//50 5789//55 5790//54
s 1475
f 5791//302 5792//302 5793//302
s 1476
f 5794//50 5795//50 5796//50
s 1477
f 5797//326 5798//355 5799//355
s 1478
f 5800//321 5801//311 5802//321
s 1479
f 5803//311 5804//311 5805//311
s 1480
f 5806//304 5807//304 5808//315
s 1481
f 5809//50 5810//50 5811//50
s 1482
f 5812//356 5813//356 5814//356
s 1483
f 5815//357 5816//357 5817//318
s 1484
f 5818//302 5819//302 5820//302
s 1485
f 5821//50 5822//50 5823//50
s 1486
f 5824//358 5825//359 5826//360
s 1487
f 5827//335 5828//335 5829//335
s 1488
f 5830//50 5831//50 5832//50
s 1489
f 5833//50 5834//50 5835//50
s 1490
f 5836//50 5837//50 5838//53
f 5837//50 5839//50 5838//53
s 1491
f 5840//314 5841//314 5842//314
s 1492
f 5843//343 5844//344 5845//343
s 1493
f 5846//361 5847//362 5848//363
s 1494
f 5849//302 5850//302 5851//302
s 1495
f 5852//335 5853//335 5854//315
s 1496
f 5855//249 5856//249 5857//249
s 1497
f 5858//364 5859//364 5860//365
s 1498
f 5861//50 5862//50 5863//50
s 1499
f 5864//302 5865//302 5866//302
s 1500
f 5867//342 5868//342 5869//302
s 1501
f 5870//335 5871//335 5872//335
s 1502
f 5873//308 5874//206 5875//206
s 1503
f 5876//266 5877//266 5878//366
s 1504
f 5879//367 5880//367 5881//367
s 1505
f 5882//368 5883//368 5884//368
s 1506
f 5885//368 5886//368 5887//49
f 5886//368 5888//49 5887//49
s 1507
f 5889//49 5890//49 5891//49
s 1508
f 5892//207 5893//49 5894//51
s 1509
f 5895//366 5896//259 5897//366
s 1510
f 5898//369 5899//369 5900//369
s 1511
f 5901//49 5902//49 5903//49
s 1512
f 5904//370 5905//371 5906//372
s 1513
f 5907//206 5908//206 5909//206
s 1514
f 5910//373 5911//373 5912//309
s 1515
f 5913//209 5914//127 5915//204
s 1516
f 5916//367 5917//367 5918//366
s 1517
f 5919//368 5920//368 5921//368
s 1518
f 5922//49 5923//49 5924//49
s 1519
f 5925//51 5926//217 5927//51
s 1520
f 5928//49 5929//49 5930//49
s 1521
f 5931//374 5932//374 5933//374
s 1522
f 5934//375 5935//375 5936//375
s 1523
f 5937//208 5938//208 5939//208
s 1524
f 5940//49 5941//49 5942//49
s 1525
f 5943//281 5944//281 5945//281
s 1526
f 5946//308 5947//49 5948//49
f 5947//49 5949//367 5948//49
s 1527
f 5950//208 5951//209 5952//209
s 1528
f 5953//49 5954//48 5955//49
s 1529
f 5956//56 5957//49 5958//49
s 1530
f 5959//49 5960//49 5961//49
s 1531
f 5962//368 5963//368 5964//368
s 1532
f 5965//266 5966//266 5967//266
s 1533
f 5968//113 5969//376 5970//376
s 1534
f 5971//49 5972//49 5973//49
s 1535
f 5974//269 5975//269 5976//269
s 1536
f 5977//49 5978//49 5979//49
s 1537
f 5980//366 5981//366 5982//366
s 1538
f 5983//49 5984//49 5985//49
s 1539
f 5986//49 5987//49 5988//49
s 1540
f 5989//49 5990//49 5991//49
s 1541
f 5992//366 5993//366 5994//366
s 1542
f 5995//208 5996//208 5997//208
s 1543
f 5998//49 5999//49 6000//123
s 1544
f 6001//49 6002//49 6003//49
s 1545
f 6004//368 6005//368 6006//368
f 6006//368 6005//368 6007//368
s 1546
f 6008//49 6009//310 6010//49
f 6009//310 6011//310 6010//49
s 1547
f 6012//377 6013//378 6014//377
s 1548
f 6015//367 6016//367 6017//373
s 1549
f 6018//368 6019//368 6020//368
s 1550
f 6021//366 6022//366 6023//379
s 1551
f 6024//310 6025//310 6026//216
s 1552
f 6027//380 6028//381 6029//382
s 1553
f 6030//383 6031//384 6032//385
s 1554
f 6033//280 6034//280 6035//280
s 1555
f 6036//106 6037//264 6038//386
s 1556
f 6039//310 6040//310 6041//310
s 1557
f 6042//387 6043//387 6044//387
s 1558
f 6045//208 6046//208 6047//208
s 1559
f 6048//220 6049//388 6050//49
s 1560
f 6051//367 6052//367 6053//367
s 1561
f 6054//49 6055//49 6056//49
s 1562
f 6057//49 6058//49 6059//49
s 1563
f 6060//368 6061//368 6062//368
s 1564
f 6063//49 6064//49 6065//49
s 1565
f 6066//51 6067//51 6068//51
s 1566
f 6069//209 6070//209 6071//209
s 1567
f 6072//206 6073//206 6074//308
s 1568
f 6075//368 6076//267 6077//368
f 6076//267 6078//266 6077//368
s 1569
f 6079//49 6080//49 6081//49
s 1570
f 6082//389 6083//389 6084//390
s 1571
f 6085//375 6086//375 6087//375
s 1572
f 6088//366 6089//366 6090//366
s 1573
f 6091//315 6092//315 6093//315
s 1574
f 6094//321 6095//321 6096//302
s 1575
f 6097//391 6098//392 6099//391
s 1576
f 6100//208 6101//208 6102//368
s 1577
f 6103//366 6104//366 6105//366
s 1578
f 6106//49 6107//49 6108//49
s 1579
f 6109//366 6110//366 6111//366
s 1580
f 6112//314 6113//314 6114//314
s 1581
f 6115//50 6116//50 6117//50
s 1582
f 6118//50 6119//50 6120//50
s 1583
f 6121//50 6122//50 6123//50
s 1584
f 6124//49 6125//49 6126//49
s 1585
f 6127//133 6128//133 6129//220
s 1586
f 6130//393 6131//390 6132//390
s 1587
f 6133//367 6134//367 6135//367
s 1588
f 6136//208 6137//208 6138//208
s 1589
f 6139//208 6140//208 6141//208
s 1590
f 6142//133 6143//48 6144//133
s 1591
f 6145//375 6146//375 6147//194
s 1592
f 6148//49 6149//49 6150//49
s 1593
f 6151//368 6152//269 6153//269
s 1594
f 6154//394 6155//394 6156//389
s 1595
f 6157//302 6158//342 6159//302
s 1596
f 6160//53 6161//53 6162//53
s 1597
f 6163//106 6164//49 6165//49
s 1598
f 6166//51 6167//51 6168//51
s 1599
f 6169//367 6170//367 6171//367
s 1600
f 6172//366 6173//366 6174//366
s 1601
f 6175//269 6176//49 6177//208
f 6176//49 6178//49 6177//208
s 1602
f 6179//49 6180//49 6181//49
s 1603
f 6182//395 6183//395 6184//396
s 1604
f 6185//193 6186//49 6187//49
s 1605
f 6188//368 6189//368 6190//208
s 1606
f 6191//108 6192//397 6193//51
s 1607
f 6194//209 6195//209 6196//209
s 1608
f 6197//49 6198//48 6199//48
s 1609
f 6200//48 6201//48 6202//48
s 1610
f 6203//367 6204//367 6205//366
s 1611
f 6206//49 6207//49 6208//49
s 1612
f 6209//366 6210//366 6211//366
s 1613
f 6212//49 6213//49 6214//49
s 1614
f 6215//49 6216//49 6217//49
s 1615
f 6218//49 6219//49 6220//49
s 1616
f 6221//135 6222//49 6223//49
s 1617
f 6224//108 6225//108 6226//49
s 1618
f 6227//309 6228//309 6229//309
s 1619
f 6230//49 6231//49 6232//49
s 1620
f 6233//398 6234//196 6235//398
s 1621
f 6236//309 6237//310 6238//310
s 1622
f 6239//209 6240//209 6241//209
s 1623
f 6242//51 6243//51 6244//51
s 1624
f 6245//49 6246//49 6247//49
s 1625
f 6248//366 6249//366 6250//366
s 1626
f 6251//368 6252//368 6253//368
f 6252//368 6254//368 6253//368
s 1627
f 6255//366 6256//366 6257//366
s 1628
f 6258//99 6259//99 6260//399
s 1629
f 6261//99 6262//99 6263//99
s 1630
f 6264//198 6265//349 6266//198
s 1631
f 6267//97 6268//97 6269//97
s 1632
f 6270//95 6271//95 6272//95
f 6271//95 6273//400 6272//95
s 1633
f 6274//201 6275//201 6276//201
s 1634
f 6277//201 6278//201 6279//201
s 1635
f 6280//92 6281//92 6282//92
s 1636
f 6283//92 6284//92 6285//92
s 1637
f 6286//208 6287//208 6288//208
s 1638
f 6289//401 6290//401 6291//401
s 1639
f 6292//368 6293//368 6294//368
s 1640
f 6295//368 6296//368 6297//368
s 1641
f 6298//402 6299//403 6300//402
s 1642
f 6301//404 6302//404 6303//404
s 1643
f 6304//49 6305//49 6306//49
s 1644
f 6307//405 6308//406 6309//407
s 1645
f 6310//308 6311//308 6312//308
s 1646
f 6313//308 6314//308 6315//308
s 1647
f 6316//266 6317//266 6318//266
s 1648
f 6319//407 6320//407 6321//407
s 1649
f 6322//49 6323//49 6324//49
s 1650
f 6325//375 6326//281 6327//373
s 1651
f 6328//281 6329//281 6330//309
s 1652
f 6331//368 6332//368 6333//368
s 1653
f 6334//402 6335//402 6336//402
s 1654
f 6337//310 6338//310 6339//310
s 1655
f 6340//51 6341//217 6342//51
s 1656
f 6343//127 6344//127 6345//308
s 1657
f 6346//49 6347//49 6348//49
s 1658
f 6349//84 6350//84 6351//84
s 1659
f 6352//408 6353//292 6354//409
s 1660
f 6355//84 6356//84 6357//84
s 1661
f 6358//49 6359//49 6360//49
s 1662
f 6361//81 6362//81 6363//81
s 1663
f 6364//193 6365//207 6366//207
s 1664
f 6367//81 6368//81 6369//81
s 1665
f 6370//310 6371//310 6372//410
s 1666
f 6373//411 6374//411 6375//411
s 1667
f 6376//49 6377//49 6378//49
s 1668
f 6379//79 6380//79 6381//79
s 1669
f 6382//368 6383//368 6384//368
s 1670
f 6385//208 6386//368 6387//368
s 1671
f 6388//49 6389//49 6390//49
s 1672
f 6391//49 6392//49 6393//49
s 1673
f 6394//375 6395//375 6396//375
s 1674
f 6397//391 6398//392 6399//391
s 1675
f 6400//49 6401//49 6402//49
s 1676
f 6403//412 6404//412 6405//412
s 1677
f 6406//294 6407//269 6408//269
s 1678
f 6409//376 6410//269 6411//376
s 1679
f 6412//368 6413//208 6414//208
s 1680
f 6415//413 6416//413 6417//414
s 1681
f 6418//367 6419//367 6420//415
s 1682
f 6421//49 6422//49 6423//49
s 1683
f 6424//326 6425//416 6426//326
s 1684
f 6427//302 6428//302 6429//302
s 1685
f 6430//315 6431//315 6432//315
s 1686
f 6433//53 6434//332 6435//341
s 1687
f 6436//228 6437//228 6438//228
s 1688
f 6439//302 6440//311 6441//302
s 1689
f 6442//335 6443//335 6444//335
s 1690
f 6445//417 6446//417 6447//417
s 1691
f 6448//335 6449//304 6450//335
s 1692
f 6451//50 6452//50 6453//50
s 1693
f 6454//326 6455//355 6456//326
s 1694
f 6457//321 6458//302 6459//302
s 1695
f 6460//55 6461//55 6462//55
s 1696
f 6463//50 6464//50 6465//50
s 1697
f 6466//297 6467//301 6468//418
s 1698
f 6469//419 6470//420 6471//421
s 1699
f 6472//50 6473//50 6474//53
s 1700
f 6475//335 6476//335 6477//335
s 1701
f 6478//53 6479//422 6480//54
s 1702
f 6481//250 6482//423 6483//249
s 1703
f 6484//53 6485//55 6486//50
s 1704
f 6487//249 6488//350 6489//314
s 1705
f 6490//424 6491//425 6492//426
s 1706
f 6493//53 6494//53 6495//53
s 1707
f 6496//315 6497//314 6498//326
s 1708
f 6499//50 6500//297 6501//50
s 1709
f 6502//342 6503//342 6504//342
s 1710
f 6505//50 6506//50 6507//50
s 1711
f 6508//230 6509//427 6510//428
s 1712
f 6511//311 6512//313 6513//313
s 1713
f 6514//318 6515//318 6516//318
s 1714
f 6517//50 6518//50 6519//55
s 1715
f 6520//50 6521//50 6522//50
s 1716
f 6523//250 6524//249 6525//249
s 1717
f 6526//50 6527//50 6528//50
s 1718
f 6529//50 6530//50 6531//50
s 1719
f 6532//342 6533//302 6534//302
s 1720
f 6535//314 6536//314 6537//314
s 1721
f 6538//312 6539//312 6540//312
s 1722
f 6541//302 6542//302 6543//302
s 1723
f 6544//50 6545//50 6546//50
s 1724
f 6547//315 6548//315 6549//315
s 1725
f 6550//342 6551//429 6552//342
s 1726
f 6553//430 6554//431 6555//432
s 1727
f 6556//50 6557//50 6558//50
s 1728
f 6559//50 6560//50 6561//50
s 1729
f 6562//50 6563//50 6564//50
s 1730
f 6565//350 6566//249 6567//249
s 1731
f 6568//50 6569//50 6570//50
s 1732
f 6571//326 6572//433 6573//355
s 1733
f 6574//311 6575//311 6576//311
s 1734
f 6577//320 6578//320 6579//320
s 1735
f 6580//50 6581//50 6582//50
s 1736
f 6583//356 6584//356 6585//356
s 1737
f 6586//326 6587//355 6588//434
s 1738
f 6589//311 6590//311 6591//311
s 1739
f 6592//50 6593//50 6594//50
s 1740
f 6595//435 6596//436 6597//437
s 1741
f 6598//50 6599//53 6600//50
s 1742
f 6601//50 6602//50 6603//50
s 1743
f 6604//326 6605//326 6606//416
s 1744
f 6607//313 6608//313 6609//313
s 1745
f 6610//304 6611//304 6612//335
s 1746
f 6613//314 6614//314 6615//356
s 1747
f 6616//302 6617//342 6618//302
s 1748
f 6619//327 6620//438 6621//327
s 1749
f 6622//356 6623//356 6624//356
s 1750
f 6625//328 6626//439 6627//440
s 1751
f 6628//50 6629//50 6630//297
s 1752
f 6631//335 6632//356 6633//335
s 1753
f 6634//50 6635//50 6636//50
s 1754
f 6637//302 6638//302 6639//302
s 1755
f 6640//302 6641//302 6642//302
s 1756
f 6643//335 6644//335 6645//335
s 1757
f 6646//50 6647//50 6648//53
s 1758
f 6649//79 6650//79 6651//79
s 1759
f 6652//79 6653//79 6654//79
s 1760
f 6655//441 6656//441 6657//441
s 1761
f 6658//76 6659//76 6660//76
s 1762
f 6661//74 6662//74 6663//74
s 1763
f 6664//442 6665//442 6666//442
s 1764
f 6667//443 6668//443 6669//443
s 1765
f 6670//171 6671//172 6672//171
s 1766
f 6673//1 6674//1 6675//1
s 1767
f 6676//50 6677//50 6678//50
s 1768
f 6679//50 6680//50 6681//50
s 1769
f 6682//429 6683//429 6684//429
s 1770
f 6685//50 6686//50 6687//50
s 1771
f 6688//249 6689//249 6690//335
s 1772
f 6691//50 6692//50 6693//53
s 1773
f 6694//1 6695//1 6696//1
s 1774
f 6697//3 6698//3 6699//3
s 1775
f 6700//52 6701//52 6702//52
s 1776
f 6703//1 6704//1 6705//1
s 1777
f 6706//15 6707//1 6708//1
s 1778
f 6709//1 6710//1 6711//1
s 1779
f 6712//50 6713//50 6714//50
s 1780
f 6715//444 6716//445 6717//446
s 1781
f 6718//342 6719//341 6720//341
s 1782
f 6721//342 6722//342 6723//342
s 1783
f 6724//1 6725//1 6726//1
s 1784
f 6727//447 6728//448 6729//449
s 1785
f 6730//302 6731//321 6732//302
s 1786
f 6733//53 6734//53 6735//53
s 1787
f 6736//357 6737//357 6738//351
s 1788
f 6739//321 6740//311 6741//321
s 1789
f 6742//50 6743//50 6744//50
s 1790
f 6745//50 6746//50 6747//50
s 1791
f 6748//50 6749//50 6750//50
s 1792
f 6751//50 6752//50 6753//50
s 1793
f 6754//50 6755//50 6756//50
s 1794
f 6757//321 6758//311 6759//321
s 1795
f 6760//314 6761//314 6762//314
s 1796
f 6763//311 6764//311 6765//321
s 1797
f 6766//53 6767//53 6768//53
s 1798
f 6769//361 6770//450 6771//451
s 1799
f 6772//335 6773//335 6774//335
s 1800
f 6775//50 6776//50 6777//50
s 1801
f 6778//50 6779//50 6780//50
s 1802
f 6781//315 6782//315 6783//315
s 1803
f 6784//452 6785//452 6786//452
s 1804
f 6787//453 6788//453 6789//453
s 1805
f 6790//454 6791//454 6792//454
s 1806
f 6793//455 6794//455 6795//455
s 1807
f 6796//456 6797//456 6798//456
s 1808
f 6799//457 6800//457 6801//457
s 1809
f 6802//458 6803//458 6804//458
s 1810
f 6805//459 6806//459 6807//459
s 1811
f 6808//460 6809//460 6810//460
s 1812
f 6811//461 6812//461 6813//461
s 1813
f 6814//462 6815//462 6816//462
s 1814
f 6817//462 6818//462 6819//462
s 1815
f 6820//463 6821//463 6822//463
s 1816
f 6823//463 6824//463 6825//463
s 1817
f 6826//50 6827//50 6828//50
s 1818
f 6829//464 6830//464 6831//464
s 1819
f 6832//465 6833//465 6834//465
s 1820
f 6835//50 6836//466 6837//50
s 1821
f 6838//467 6839//467 6840//467
s 1822
f 6841//302 6842//302 6843//321
s 1823
f 6844//318 6845//318 6846//318
s 1824
f 6847//468 6848//468 6849//469
s 1825
f 6850//302 6851//342 6852//302
s 1826
f 6853//470 6854//470 6855//471
s 1827
f 6856//50 6857//301 6858//50
s 1828
f 6859//50 6860//50 6861//50
s 1829
f 6862//471 6863//472 6864//471
s 1830
f 6865//50 6866//50 6867//50
s 1831
f 6868//50 6869//50 6870//50
s 1832
f 6871//473 6872//473 6873//473
f 6873//473 6872//473 6874//474
s 1833
f 6875//50 6876//50 6877//50
s 1834
f 6878//50 6879//50 6880//50
s 1835
f 6881//50 6882//50 6883//50
s 1836
f 6884//313 6885//313 6886//313
s 1837
f 6887//50 6888//50 6889//50
s 1838
f 6890//50 6891//50 6892//50
s 1839
f 6893//342 6894//342 6895//342
s 1840
f 6896//350 6897//350 6898//249
s 1841
f 6899//50 6900//50 6901//50
s 1842
f 6902//50 6903//50 6904//50
s 1843
f 6905//50 6906//50 6907//50
s 1844
f 6908//314 6909//314 6910//314
s 1845
f 6911//50 6912//50 6913//50
s 1846
f 6914//50 6915//50 6916//50
s 1847
f 6917//50 6918//50 6919//50
s 1848
f 6920//251 6921//251 6922//251
s 1849
f 6923//50 6924//297 6925//50
s 1850
f 6926//314 6927//314 6928//335
s 1851
f 6929//342 6930//342 6931//301
s 1852
f 6932//50 6933//297 6934//320
s 1853
f 6935//1 6936//1 6937//1
f 6937//1 6936//1 6938//1
s 1854
f 6939//18 6940//18 6941//1
s 1855
f 6942//1 6943//1 6944//1
s 1856
f 6945//475 6946//475 6947//476
s 1857
f 6948//477 6949//478 6950//478
s 1858
f 6951//1 6952//1 6953//5
s 1859
f 6954//1 6955//1 6956//1
s 1860
f 6957//50 6958//50 6959//50
s 1861
f 6960//50 6961//50 6962//50
s 1862
f 6963//249 6964//249 6965//249
s 1863
f 6966//50 6967//50 6968//50
s 1864
f 6969//479 6970//479 6971//479
s 1865
f 6972//250 6973//250 6974//249
s 1866
f 6975//11 6976//1 6977//1
s 1867
f 6978//480 6979//480 6980//480
s 1868
f 6981//50 6982//50 6983//50
s 1869
f 6984//50 6985//50 6986//320
s 1870
f 6987//452 6988//452 6989//452
s 1871
f 6990//481 6991//481 6992//481
s 1872
f 6993//482 6994//482 6995//482
s 1873
f 6996//455 6997//455 6998//455
s 1874
f 6999//483 7000//483 7001//483
s 1875
f 7002//484 7003//483 7004//484
s 1876
f 7005//485 7006//181 7007//485
s 1877
f 7008//473 7009//473 7010//473
s 1878
f 7011//474 7012//474 7013//474
s 1879
f 7014//471 7015//471 7016//471
s 1880
f 7017//470 7018//470 7019//470
s 1881
f 7020//467 7021//467 7022//467
s 1882
f 7023//467 7024//467 7025//467
s 1883
f 7026//464 7027//464 7028//464
s 1884
f 7029//486 7030//487 7031//487
s 1885
f 7032//488 7033//488 7034//488
s 1886
f 7035//463 7036//489 7037//463
s 1887
f 7038//462 7039//462 7040//462
s 1888
f 7041//490 7042//491 7043//491
s 1889
f 7044//461 7045//461 7046//461
s 1890
f 7047//492 7048//492 7049//493
s 1891
f 7050//457 7051//457 7052//457
s 1892
f 7053//494 7054//495 7055//495
s 1893
f 7056//494 7057//494 7058//494
s 1894
f 7059//47 7060//47 7061//47
f 7061//47 7060//47 7062//47
s 1895
f 7063//496 7064//496 7065//496
s 1896
f 7066//497 7067//496 7068//496
s 1897
f 7069//498 7070//498 7071//498
s 1898
f 7072//498 7073//498 7074//498
s 1899
f 7075//499 7076//499 7077//499
s 1900
f 7078//500 7079//500 7080//500
s 1901
f 7081//501 7082//501 7083//501
s 1902
f 7084//501 7085//501 7086//501
s 1903
f 7087//502 7088//502 7089//502
s 1904
f 7090//502 7091//502 7092//502
s 1905
f 7093//503 7094//503 7095//503
s 1906
f 7096//504 7097//504 7098//504
s 1907
f 7099//504 7100//504 7101//504
s 1908
f 7102//503 7103//503 7104//503
s 1909
f 7105//505 7106//506 7107//506
s 1910
f 7108//506 7109//506 7110//506
s 1911
f 7111//507 7112//507 7113//507
s 1912
f 7114//508 7115//508 7116//508
s 1913
f 7117//509 7118//509 7119//510
s 1914
f 7120//511 7121//511 7122//511
s 1915
f 7123//512 7124//512 7125//512
s 1916
f 7126//513 7127//513 7128//514
s 1917
f 7129//515 7130//515 7131//515
s 1918
f 7132//516 7133//517 7134//516
s 1919
f 7135//516 7136//516 7137//516
s 1920
f 7138//518 7139//518 7140//518
s 1921
f 7141//459 7142//459 7143//459
s 1922
f 7144//519 7145//519 7146//519
s 1923
f 7147//520 7148//520 7149//520
s 1924
f 7150//521 7151//522 7152//521
s 1925
f 7153//521 7154//521 7155//521
s 1926
f 7156//523 7157//523 7158//523
s 1927
f 7159//524 7160//524 7161//524
s 1928
f 7162//525 7163//525 7164//525
s 1929
f 7165//525 7166//525 7167//525
s 1930
f 7168//526 7169//526 7170//526
s 1931
f 7171//527 7172//527 7173//527
s 1932
f 7174//528 7175//528 7176//528
s 1933
f 7177//529 7178//530 7179//530
s 1934
f 7180//531 7181//531 7182//531
s 1935
f 7183//532 7184//532 7185//533
s 1936
f 7186//534 7187//535 7188//535
s 1937
f 7189//536 7190//536 7191//534
s 1938
f 7192//537 7193//537 7194//537
s 1939
f 7195//538 7196//538 7197//538
s 1940
f 7198//539 7199//539 7200//539
s 1941
f 7201//540 7202//541 7203//540
s 1942
f 7204//542 7205//543 7206//542
s 1943
f 7207//544 7208//544 7209//545
s 1944
f 7210//546 7211//546 7212//546
s 1945
f 7213//547 7214//548 7215//547
s 1946
f 7216//549 7217//550 7218//549
s 1947
f 7219//549 7220//549 7221//549
s 1948
f 7222//551 7223//552 7224//552
s 1949
f 7225//553 7226//553 7227//554
s 1950
f 7228//555 7229//555 7230//555
s 1951
f 7231//556 7232//556 7233//557
s 1952
f 7234//558 7235//558 7236//558
s 1953
f 7237//559 7238//559 7239//559
s 1954
f 7240//560 7241//531 7242//531
s 1955
f 7243//561 7244//562 7245//561
s 1956
f 7246//563 7247//64 7248//164
f 7248//164 7247//64 7249//64
s 1957
f 7250//503 7251//503 7252//503
s 1958
f 7253//564 7254//564 7255//564
s 1959
f 7256//565 7257//565 7258//565
s 1960
f 7259//566 7260//566 7261//566
s 1961
f 7262//506 7263//506 7264//506
s 1962
f 7265//567 7266//567 7267//505
s 1963
f 7268//568 7269//569 7270//568
s 1964
f 7271//570 7272//65 7273//570
f 7272//65 7274//571 7273//570
s 1965
f 7275//506 7276//506 7277//572
s 1966
f 7278//573 7279//573 7280//573
s 1967
f 7281//564 7282//564 7283//564
s 1968
f 7284//574 7285//574 7286//574
s 1969
f 7287//566 7288//566 7289//566
s 1970
f 7290//575 7291//575 7292//575
s 1971
f 7293//576 7294//576 7295//576
s 1972
f 7296//503 7297//503 7298//503
s 1973
f 7299//577 7300//577 7301//577
s 1974
f 7302//578 7303//579 7304//579
s 1975
f 7305//580 7306//580 7307//580
s 1976
f 7308//581 7309//582 7310//580
s 1977
f 7311//583 7312//583 7313//584
s 1978
f 7314//585 7315//585 7316//511
s 1979
f 7317//586 7318//586 7319//586
s 1980
f 7320//508 7321//508 7322//508
s 1981
f 7323//528 7324//528 7325//587
s 1982
f 7326//588 7327//588 7328//589
s 1983
f 7329//590 7330//590 7331//590
s 1984
f 7332//591 7333//592 7334//593
s 1985
f 7335//594 7336//592 7337//593
s 1986
f 7338//595 7339//595 7340//595
s 1987
f 7341//596 7342//596 7343//596
s 1988
f 7344//515 7345//515 7346//515
s 1989
f 7347//515 7348//597 7349//515
s 1990
f 7350//598 7351//599 7352//600
s 1991
f 7353//164 7354//601 7355//602
s 1992
f 7356//603 7357//164 7358//164
s 1993
f 7359//568 7360//65 7361//570
f 7360//65 7362//65 7361//570
s 1994
f 7363//506 7364//506 7365//506
s 1995
f 7366//506 7367//506 7368//506
s 1996
f 7369//604 7370//604 7371//604
s 1997
f 7372//564 7373//564 7374//564
s 1998
f 7375//503 7376//503 7377//503
s 1999
f 7378//605 7379//605 7380//605
s 2000
f 7381//576 7382//576 7383//576
s 2001
f 7384//503 7385//503 7386//503
s 2002
f 7387//606 7388//606 7389//606
s 2003
f 7390//607 7391//607 7392//607
s 2004
f 7393//608 7394//608 7395//608
s 2005
f 7396//609 7397//609 7398//609
s 2006
f 7399//610 7400//611 7401//612
s 2007
f 7402//613 7403//613 7404//613
s 2008
f 7405//501 7406//614 7407//501
s 2009
f 7408//501 7409//501 7410//501
s 2010
f 7411//615 7412//502 7413//502
f 7413//502 7412//502 7414//502
s 2011
f 7415//500 7416//500 7417//500
s 2012
f 7418//616 7419//616 7420//616
s 2013
f 7421//617 7422//618 7423//617
f 7422//618 7424//618 7423//617
s 2014
f 7425//47 7426//47 7427//47
f 7426//47 7428//47 7427//47
s 2015
f 7429//586 7430//586 7431//586
s 2016
f 7432//509 7433//619 7434//509
s 2017
f 7435//528 7436//528 7437//528
s 2018
f 7438//587 7439//528 7440//528
s 2019
f 7441//620 7442//620 7443//621
s 2020
f 7444//622 7445//622 7446//622
s 2021
f 7447//623 7448//623 7449//624
s 2022
f 7450//593 7451//594 7452//592
s 2023
f 7453//159 7454//625 7455//159
s 2024
f 7456//626 7457//158 7458//627
s 2025
f 7459//628 7460//629 7461//628
s 2026
f 7462//630 7463//630 7464//630
s 2027
f 7465//521 7466//521 7467//521
s 2028
f 7468//521 7469//521 7470//521
s 2029
f 7471//519 7472//519 7473//519
s 2030
f 7474//631 7475//632 7476//631
s 2031
f 7477//633 7478//633 7479//633
s 2032
f 7480//459 7481//456 7482//459
s 2033
f 7483//634 7484//634 7485//634
s 2034
f 7486//635 7487//636 7488//635
s 2035
f 7489//637 7490//638 7491//637
s 2036
f 7492//637 7493//637 7494//637
s 2037
f 7495//512 7496//512 7497//639
f 7496//512 7498//512 7497//639
s 2038
f 7499//49 7500//49 7501//49
s 2039
f 7502//110 7503//110 7504//107
s 2040
f 7505//20 7506//20 7507//20
s 2041
f 7508//640 7509//641 7510//642
s 2042
f 7511//26 7512//26 7513//26
s 2043
f 7514//20 7515//20 7516//20
s 2044
f 7517//20 7518//20 7519//20
s 2045
f 7520//20 7521//20 7522//20
s 2046
f 7523//29 7524//20 7525//20
f 7526//20 7525//20 7527//20
f 7525//20 7524//20 7527//20
s 2047
f 7528//19 7529//19 7530//19
s 2048
f 7531//19 7532//19 7533//19
s 2049
f 7534//20 7535//20 7536//20
s 2050
f 7537//21 7538//21 7539//21
s 2051
f 7540//643 7541//643 7542//643
s 2052
f 7543//644 7544//645 7545//645
s 2053
f 7546//20 7547//20 7548//20
s 2054
f 7549//20 7550//20 7551//20
s 2055
f 7552//646 7553//646 7554//646
s 2056
f 7555//20 7556//20 7557//20
s 2057
f 7558//20 7559//20 7560//20
s 2058
f 7561//646 7562//646 7563//646
s 2059
f 7564//647 7565//647 7566//647
s 2060
f 7567//648 7568//648 7569//648
s 2061
f 7570//649 7571//649 7572//649
s 2062
f 7573//647 7574//647 7575//647
s 2063
f 7576//650 7577//650 7578//650
s 2064
f 7579//650 7580//651 7581//650
s 2065
f 7582//652 7583//652 7584//652
s 2066
f 7585//543 7586//543 7587//543
s 2067
f 7588//653 7589//653 7590//653
s 2068
f 7591//654 7592//655 7593//654
s 2069
f 7594//20 7595//20 7596//20
s 2070
f 7597//656 7598//656 7599//656
s 2071
f 7600//20 7601//20 7602//20
s 2072
f 7603//657 7604//657 7605//657
s 2073
f 7606//658 7607//658 7608//658
s 2074
f 7609//659 7610//659 7611//659
s 2075
f 7612//660 7613//660 7614//660
s 2076
f 7615//660 7616//660 7617//660
s 2077
f 7618//661 7619//662 7620//662
f 7619//662 7621//662 7620//662
s 2078
f 7622//663 7623//663 7624//663
s 2079
f 7625//664 7626//664 7627//664
s 2080
f 7628//20 7629//20 7630//20
s 2081
f 7631//20 7632//20 7633//20
s 2082
f 7634//21 7635//21 7636//21
s 2083
f 7637//20 7638//20 7639//20
s 2084
f 7640//29 7641//29 7642//29
s 2085
f 7643//665 7644//666 7645//665
s 2086
f 7646//667 7647//368 7648//368
s 2087
f 7649//368 7650//269 7651//269
s 2088
f 7652//49 7653//49 7654//49
s 2089
f 7655//112 7656//112 7657//112
s 2090
f 7658//49 7659//49 7660//49
s 2091
f 7661//20 7662//20 7663//20
s 2092
f 7664//114 7665//114 7666//114
s 2093
f 7667//49 7668//49 7669//51
s 2094
f 7670//196 7671//197 7672//196
s 2095
f 7673//47 7674//47 7675//47
f 7674//47 7676//47 7675//47
s 2096
f 7677//49 7678//49 7679//49
s 2097
f 7680//49 7681//49 7682//49
s 2098
f 7683//114 7684//114 7685//222
s 2099
f 7686//49 7687//49 7688//49
s 2100
f 7689//402 7690//403 7691//402
s 2101
f 7692//23 7693//38 7694//23
s 2102
f 7695//262 7696//262 7697//263
s 2103
f 7698//19 7699//19 7700//19
s 2104
f 7701//107 7702//107 7703//107
s 2105
f 7704//668 7705//668 7706//668
s 2106
f 7707//282 7708//282 7709//282
s 2107
f 7710//669 7711//669 7712//669
s 2108
f 7713//670 7714//670 7715//670
s 2109
f 7716//547 7717//548 7718//547
s 2110
f 7719//671 7720//669 7721//669
s 2111
f 7722//652 7723//652 7724//652
s 2112
f 7725//672 7726//653 7727//672
s 2113
f 7728//673 7729//673 7730//673
s 2114
f 7731//674 7732//652 7733//652
s 2115
f 7734//675 7735//675 7736//675
s 2116
f 7737//539 7738//539 7739//539
s 2117
f 7740//676 7741//677 7742//678
s 2118
f 7743//679 7744//679 7745//679
s 2119
f 7746//680 7747//680 7748//680
s 2120
f 7749//49 7750//49 7751//49
s 2121
f 7752//221 7753//119 7754//264
s 2122
f 7755//49 7756//49 7757//49
s 2123
f 7758//189 7759//189 7760//129
s 2124
f 7761//220 7762//220 7763//193
s 2125
f 7764//49 7765//49 7766//49
s 2126
f 7767//110 7768//110 7769//107
s 2127
f 7770//20 7771//20 7772//20
s 2128
f 7773//20 7774//20 7775//20
s 2129
f 7776//20 7777//20 7778//20
s 2130
f 7779//20 7780//20 7781//20
s 2131
f 7782//20 7783//20 7784//20
s 2132
f 7785//20 7786//20 7787//20
s 2133
f 7788//20 7789//20 7790//20
s 2134
f 7791//21 7792//21 7793//21
s 2135
f 7794//20 7795//20 7796//20
s 2136
f 7797//47 7798//47 7799//47
s 2137
f 7800//47 7801//47 7802//47
s 2138
f 7803//49 7804//49 7805//49
f 7804//49 7806//207 7805//49
s 2139
f 7807//49 7808//49 7809//49
s 2140
f 7810//61 7811//61 7812//61
s 2141
f 7813//681 7814//681 7815//681
s 2142
f 7816//682 7817//682 7818//683
s 2143
f 7819//684 7820//684 7821//685
s 2144
f 7822//186 7823//49 7824//123
s 2145
f 7825//686 7826//686 7827//686
s 2146
f 7828//20 7829//20 7830//20
s 2147
f 7831//20 7832//20 7833//20
s 2148
f 7834//20 7835//20 7836//20
s 2149
f 7837//687 7838//687 7839//687
s 2150
f 7840//49 7841//49 7842//49
s 2151
f 7843//19 7844//19 7845//19
s 2152
f 7846//49 7847//49 7848//49
s 2153
f 7849//19 7850//19 7851//19
s 2154
f 7852//49 7853//49 7854//49
s 2155
f 7855//688 7856//688 7857//688
s 2156
f 7858//20 7859//20 7860//20
s 2157
f 7861//688 7862//688 7863//688
s 2158
f 7864//689 7865//689 7866//689
s 2159
f 7867//20 7868//20 7869//20
s 2160
f 7870//689 7871//689 7872//689
s 2161
f 7873//20 7874//20 7875//20
s 2162
f 7876//26 7877//26 7878//26
s 2163
f 7879//20 7880//20 7881//20
s 2164
f 7882//21 7883//21 7884//21
s 2165
f 7885//20 7886//20 7887//20
s 2166
f 7888//20 7889//20 7890//20
s 2167
f 7891//50 7892//50 7893//303
s 2168
f 7894//228 7895//228 7896//228
s 2169
f 7897//50 7898//50 7899//50
s 2170
f 7900//50 7901//50 7902//50
s 2171
f 7903//49 7904//49 7905//49
s 2172
f 7906//21 7907//21 7908//21
s 2173
f 7909//138 7910//138 7911//138
s 2174
f 7912//49 7913//49 7914//49
s 2175
f 7915//48 7916//49 7917//51
s 2176
f 7918//47 7919//47 7920//47
s 2177
f 7921//59 7922//59 7923//59
s 2178
f 7924//690 7925//690 7926//690
s 2179
f 7927//691 7928//691 7929//691
s 2180
f 7930//391 7931//446 7932//391
s 2181
f 7933//692 7934//446 7935//693
s 2182
f 7936//19 7937//23 7938//19
f 7937//23 7939//23 7938//19
s 2183
f 7940//49 7941//49 7942//49
s 2184
f 7943//694 7944//694 7945//694
s 2185
f 7946//695 7947//696 7948//696
s 2186
f 7949//697 7950//697 7951//697
s 2187
f 7952//656 7953//656 7954//657
s 2188
f 7955//657 7956//657 7957//657
s 2189
f 7958//698 7959//698 7960//699
s 2190
f 7961//698 7962//698 7963//700
s 2191
f 7964//701 7965//701 7966//649
s 2192
f 7967//702 7968//703 7969//702
s 2193
f 7970//647 7971//647 7972//647
s 2194
f 7973//704 7974//704 7975//704
s 2195
f 7976//705 7977//706 7978//705
s 2196
f 7979//652 7980//652 7981//652
s 2197
f 7982//652 7983//652 7984//652
s 2198
f 7985//707 7986//707 7987//707
s 2199
f 7988//708 7989//708 7990//708
s 2200
f 7991//708 7992//709 7993//708
s 2201
f 7994//710 7995//710 7996//711
s 2202
f 7997//268 7998//268 7999//268
s 2203
f 8000//269 8001//269 8002//269
s 2204
f 8003//113 8004//113 8005//109
s 2205
f 8006//415 8007//215 8008//215
s 2206
f 8009//373 8010//415 8011//415
f 8011//415 8010//415 8012//215
s 2207
f 8013//215 8014//215 8015//215
s 2208
f 8016//216 8017//310 8018//310
s 2209
f 8019//712 8020//713 8021//714
s 2210
f 8022//260 8023//259 8024//268
s 2211
f 8025//268 8026//268 8027//268
s 2212
f 8028//715 8029//715 8030//715
s 2213
f 8031//49 8032//49 8033//49
s 2214
f 8034//118 8035//62 8036//186
s 2215
f 8037//274 8038//274 8039//274
s 2216
f 8040//62 8041//62 8042//62
s 2217
f 8043//112 8044//112 8045//112
s 2218
f 8046//51 8047//51 8048//716
s 2219
f 8049//223 8050//223 8051//188
s 2220
f 8052//107 8053//110 8054//110
s 2221
f 8055//310 8056//310 8057//310
s 2222
f 8058//215 8059//215 8060//216
s 2223
f 8061//276 8062//717 8063//276
s 2224
f 8064//309 8065//310 8066//309
s 2225
f 8067//215 8068//215 8069//215
s 2226
f 8070//718 8071//269 8072//269
s 2227
f 8073//259 8074//260 8075//259
s 2228
f 8076//415 8077//415 8078//215
s 2229
f 8079//268 8080//268 8081//268
s 2230
f 8082//113 8083//113 8084//113
s 2231
f 8085//273 8086//719 8087//273
s 2232
f 8088//260 8089//260 8090//260
s 2233
f 8091//49 8092//49 8093//49
s 2234
f 8094//217 8095//108 8096//397
s 2235
f 8097//274 8098//274 8099//274
s 2236
f 8100//111 8101//111 8102//111
s 2237
f 8103//62 8104//62 8105//62
s 2238
f 8106//720 8107//721 8108//128
s 2239
f 8109//722 8110//207 8111//723
s 2240
f 8112//49 8113//49 8114//49
s 2241
f 8115//616 8116//616 8117//616
s 2242
f 8118//724 8119//724 8120//724
s 2243
f 8121//502 8122//502 8123//502
f 8122//502 8124//502 8123//502
s 2244
f 8125//509 8126//619 8127//509
s 2245
f 8128//725 8129//725 8130//725
s 2246
f 8131//726 8132//726 8133//726
s 2247
f 8134//622 8135//622 8136//622
s 2248
f 8137//727 8138//727 8139//621
s 2249
f 8140//587 8141//528 8142//528
f 8142//528 8141//528 8143//528
s 2250
f 8144//586 8145//586 8146//586
s 2251
f 8147//728 8148//729 8149//728
s 2252
f 8150//730 8151//730 8152//730
s 2253
f 8153//21 8154//21 8155//21
s 2254
f 8156//20 8157//20 8158//20
f 8157//20 8159//20 8158//20
s 2255
f 8160//47 8161//47 8162//47
s 2256
f 8163//47 8164//47 8165//47
s 2257
f 8166//731 8167//731 8168//731
s 2258
f 8169//732 8170//731 8171//731
s 2259
f 8172//50 8173//50 8174//50
s 2260
f 8175//20 8176//20 8177//20
s 2261
f 8178//20 8179//20 8180//20
s 2262
f 8181//20 8182//20 8183//20
s 2263
f 8184//20 8185//20 8186//20
s 2264
f 8187//20 8188//20 8189//20
s 2265
f 8190//733 8191//733 8192//733
s 2266
f 8193//50 8194//50 8195//53
f 8194//50 8196//50 8195//53
s 2267
f 8197//20 8198//20 8199//20
s 2268
f 8200//20 8201//20 8202//20
s 2269
f 8203//733 8204//30 8205//30
s 2270
f 8206//20 8207//20 8208//20
s 2271
f 8209//20 8210//20 8211//20
s 2272
f 8212//21 8213//21 8214//21
s 2273
f 8215//20 8216//20 8217//20
s 2274
f 8218//321 8219//302 8220//302
s 2275
f 8221//734 8222//734 8223//735
s 2276
f 8224//50 8225//50 8226//50
s 2277
f 8227//736 8228//737 8229//466
s 2278
f 8230//735 8231//735 8232//735
s 2279
f 8233//315 8234//314 8235//314
s 2280
f 8236//738 8237//739 8238//739
s 2281
f 8239//740 8240//740 8241//741
s 2282
f 8242//53 8243//53 8244//53
s 2283
f 8245//509 8246//509 8247//509
s 2284
f 8248//742 8249//446 8250//743
s 2285
f 8251//744 8252//745 8253//744
s 2286
f 8254//586 8255//586 8256//586
s 2287
f 8257//50 8258//50 8259//50
s 2288
f 8260//50 8261//50 8262//50
f 8262//50 8261//50 8263//50
s 2289
f 8264//418 8265//341 8266//342
s 2290
f 8267//746 8268//747 8269//747
s 2291
f 8270//252 8271//236 8272//236
s 2292
f 8273//55 8274//55 8275//55
s 2293
f 8276//748 8277//749 8278//748
f 8278//748 8277//749 8279//750
s 2294
f 8280//751 8281//751 8282//751
s 2295
f 8283//752 8284//752 8285//752
s 2296
f 8286//753 8287//753 8288//753
s 2297
f 8289//754 8290//754 8291//754
s 2298
f 8292//755 8293//755 8294//755
s 2299
f 8295//244 8296//244 8297//244
s 2300
f 8298//227 8299//227 8300//305
s 2301
f 8301//756 8302//756 8303//756
s 2302
f 8304//757 8305//756 8306//757
s 2303
f 8307//228 8308//228 8309//228
s 2304
f 8310//758 8311//759 8312//758
s 2305
f 8313//228 8314//228 8315//228
s 2306
f 8316//760 8317//760 8318//760
s 2307
f 8319//53 8320//50 8321//53
s 2308
f 8322//313 8323//313 8324//313
s 2309
f 8325//50 8326//50 8327//50
s 2310
f 8328//315 8329//315 8330//315
s 2311
f 8331//311 8332//313 8333//313
s 2312
f 8334//55 8335//252 8336//252
s 2313
f 8337//332 8338//761 8339//762
s 2314
f 8340//342 8341//342 8342//342
s 2315
f 8343//55 8344//55 8345//55
s 2316
f 8346//53 8347//53 8348//53
s 2317
f 8349//763 8350//764 8351//765
s 2318
f 8352//228 8353//228 8354//228
s 2319
f 8355//50 8356//50 8357//53
s 2320
f 8358//50 8359//50 8360//50
s 2321
f 8361//244 8362//228 8363//244
s 2322
f 8364//766 8365//227 8366//305
s 2323
f 8367//767 8368//760 8369//760
s 2324
f 8370//315 8371//315 8372//315
s 2325
f 8373//228 8374//228 8375//228
s 2326
f 8376//767 8377//767 8378//758
s 2327
f 8379//53 8380//53 8381//53
s 2328
f 8382//758 8383//758 8384//758
s 2329
f 8385//50 8386//50 8387//50
s 2330
f 8388//335 8389//315 8390//335
s 2331
f 8391//55 8392//55 8393//55
s 2332
f 8394//344 8395//344 8396//344
s 2333
f 8397//344 8398//344 8399//344
s 2334
f 8400//759 8401//759 8402//759
s 2335
f 8403//50 8404//50 8405//50
s 2336
f 8406//50 8407//50 8408//50
s 2337
f 8409//417 8410//417 8411//417
s 2338
f 8412//50 8413//50 8414//50
s 2339
f 8415//50 8416//50 8417//50
s 2340
f 8418//50 8419//50 8420//50
s 2341
f 8421//20 8422//20 8423//20
s 2342
f 8424//50 8425//50 8426//50
s 2343
f 8427//20 8428//20 8429//20
s 2344
f 8430//29 8431//29 8432//29
s 2345
f 8433//768 8434//768 8435//768
s 2346
f 8436//29 8437//687 8438//687
s 2347
f 8439//687 8440//687 8441//687
s 2348
f 8442//769 8443//769 8444//770
s 2349
f 8445//20 8446//20 8447//20
s 2350
f 8448//20 8449//20 8450//20
s 2351
f 8451//771 8452//47 8453//59
f 8453//59 8452//47 8454//47
s 2352
f 8455//20 8456//20 8457//20
s 2353
f 8458//772 8459//772 8460//772
s 2354
f 8461//20 8462//20 8463//20
f 8462//20 8464//20 8463//20
s 2355
f 8465//21 8466//21 8467//21
s 2356
f 8468//20 8469//20 8470//20
s 2357
f 8471//20 8472//20 8473//20
s 2358
f 8474//50 8475//422 8476//422
s 2359
f 8477//50 8478//50 8479//50
s 2360
f 8480//50 8481//50 8482//53
s 2361
f 8483//53 8484//53 8485//53
s 2362
f 8486//773 8487//774 8488//775
s 2363
f 8489//311 8490//311 8491//321
s 2364
f 8492//314 8493//314 8494//314
s 2365
f 8495//321 8496//321 8497//321
s 2366
f 8498//420 8499//776 8500//327
s 2367
f 8501//664 8502//664 8503//777
s 2368
f 8504//778 8505//778 8506//777
s 2369
f 8507//779 8508//662 8509//662
s 2370
f 8510//780 8511//781 8512//780
s 2371
f 8513//782 8514//660 8515//782
s 2372
f 8516//783 8517//784 8518//784
s 2373
f 8519//50 8520//50 8521//50
f 8520//50 8522//50 8521//50
s 2374
f 8523//785 8524//785 8525//785
s 2375
f 8526//785 8527//785 8528//785
s 2376
f 8529//786 8530//787 8531//787
s 2377
f 8532//420 8533//788 8534//420
s 2378
f 8535//342 8536//342 8537//342
s 2379
f 8538//321 8539//789 8540//311
s 2380
f 8541//466 8542//466 8543//466
s 2381
f 8544//50 8545//50 8546//50
s 2382
f 8547//53 8548//53 8549//53
s 2383
f 8550//50 8551//50 8552//50
s 2384
f 8553//50 8554//335 8555//50
f 8555//50 8554//335 8556//335
s 2385
f 8557//302 8558//312 8559//320
s 2386
f 8560//335 8561//50 8562//314
f 8562//314 8561//50 8563//50
s 2387
f 8564//315 8565//315 8566//326
s 2388
f 8567//790 8568//791 8569//791
s 2389
f 8570//250 8571//350 8572//249
s 2390
f 8573//50 8574//50 8575//50
s 2391
f 8576//50 8577//50 8578//50
s 2392
f 8579//321 8580//302 8581//321
s 2393
f 8582//50 8583//50 8584//50
s 2394
f 8585//335 8586//350 8587//304
s 2395
f 8588//50 8589//50 8590//50
s 2396
f 8591//792 8592//792 8593//792
s 2397
f 8594//313 8595//313 8596//311
s 2398
f 8597//250 8598//250 8599//315
s 2399
f 8600//50 8601//50 8602//50
s 2400
f 8603//50 8604//50 8605//50
s 2401
f 8606//50 8607//50 8608//50
s 2402
f 8609//356 8610//793 8611//794
s 2403
f 8612//342 8613//429 8614//342
s 2404
f 8615//317 8616//50 8617//50
s 2405
f 8618//314 8619//314 8620//314
s 2406
f 8621//50 8622//50 8623//50
s 2407
f 8624//50 8625//50 8626//50
s 2408
f 8627//466 8628//466 8629//466
s 2409
f 8630//795 8631//434 8632//796
s 2410
f 8633//321 8634//321 8635//321
s 2411
f 8636//50 8637//50 8638//319
s 2412
f 8639//302 8640//302 8641//50
f 8640//302 8642//50 8641//50
s 2413
f 8643//302 8644//302 8645//302
s 2414
f 8646//50 8647//50 8648//50
s 2415
f 8649//335 8650//335 8651//335
s 2416
f 8652//797 8653//797 8654//797
s 2417
f 8655//798 8656//798 8657//798
s 2418
f 8658//799 8659//799 8660//799
s 2419
f 8661//800 8662//800 8663//801
s 2420
f 8664//802 8665//596 8666//803
s 2421
f 8667//802 8668//802 8669//802
s 2422
f 8670//804 8671//805 8672//806
s 2423
f 8673//804 8674//804 8675//804
s 2424
f 8676//807 8677//807 8678//807
s 2425
f 8679//808 8680//808 8681//808
s 2426
f 8682//809 8683//810 8684//811
s 2427
f 8685//812 8686//813 8687//813
s 2428
f 8688//814 8689//814 8690//814
s 2429
f 8691//815 8692//815 8693//814
s 2430
f 8694//816 8695//816 8696//816
s 2431
f 8697//817 8698//817 8699//817
s 2432
f 8700//161 8701//818 8702//818
s 2433
f 8703//161 8704//161 8705//161
s 2434
f 8706//819 8707//819 8708//819
s 2435
f 8709//819 8710//819 8711//819
s 2436
f 8712//494 8713//820 8714//494
s 2437
f 8715//821 8716//821 8717//821
s 2438
f 8718//59 8719//47 8720//59
f 8720//59 8719//47 8721//47
s 2439
f 8722//822 8723//822 8724//823
s 2440
f 8725//824 8726//824 8727//824
s 2441
f 8728//825 8729//825 8730//825
s 2442
f 8731//826 8732//826 8733//826
s 2443
f 8734//827 8735//827 8736//827
s 2444
f 8737//828 8738//828 8739//828
s 2445
f 8740//829 8741//830 8742//831
f 8742//831 8741//830 8743//832
s 2446
f 8744//833 8745//834 8746//835
s 2447
f 8747//834 8748//834 8749//835
s 2448
f 8750//836 8751//837 8752//836
s 2449
f 8753//838 8754//838 8755//836
s 2450
f 8756//839 8757//519 8758//519
s 2451
f 8759//519 8760//520 8761//519
s 2452
f 8762//840 8763//840 8764//840
s 2453
f 8765//521 8766//521 8767//521
s 2454
f 8768//630 8769//630 8770//630
s 2455
f 8771//841 8772//841 8773//841
s 2456
f 8774//799 8775//799 8776//799
s 2457
f 8777//842 8778//842 8779//842
s 2458
f 8780//595 8781//595 8782//595
s 2459
f 8783//843 8784//843 8785//844
s 2460
f 8786//845 8787//805 8788//845
s 2461
f 8789//846 8790//846 8791//847
s 2462
f 8792//808 8793//807 8794//807
s 2463
f 8795//848 8796//848 8797//848
s 2464
f 8798//849 8799//849 8800//849
s 2465
f 8801//850 8802//850 8803//850
s 2466
f 8804//851 8805//851 8806//852
s 2467
f 8807//853 8808//853 8809//853
s 2468
f 8810//816 8811//816 8812//816
s 2469
f 8813//854 8814//855 8815//854
s 2470
f 8816//525 8817//525 8818//525
s 2471
f 8819//525 8820//525 8821//525
s 2472
f 8822//856 8823//856 8824//856
s 2473
f 8825//631 8826//631 8827//631
s 2474
f 8828//521 8829//521 8830//521
s 2475
f 8831//521 8832//521 8833//521
s 2476
f 8834//630 8835//630 8836//630
s 2477
f 8837//523 8838//857 8839//857
s 2478
f 8840//858 8841//858 8842//858
s 2479
f 8843//859 8844//860 8845//860
s 2480
f 8846//861 8847//861 8848//861
s 2481
f 8849//595 8850//595 8851//595
s 2482
f 8852//862 8853//862 8854//862
s 2483
f 8855//845 8856//863 8857//862
s 2484
f 8858//807 8859//807 8860//807
s 2485
f 8861//808 8862//808 8863//808
s 2486
f 8864//849 8865//849 8866//849
s 2487
f 8867//850 8868//850 8869//850
s 2488
f 8870//853 8871//864 8872//853
s 2489
f 8873//865 8874//865 8875//866
s 2490
f 8876//867 8877//855 8878//868
f 8878//868 8877//855 8879//855
s 2491
f 8880//869 8881//869 8882//870
s 2492
f 8883//869 8884//871 8885//871
s 2493
f 8886//834 8887//834 8888//834
s 2494
f 8889//872 8890//873 8891//873
s 2495
f 8892//830 8893//830 8894//830
s 2496
f 8895//874 8896//874 8897//874
s 2497
f 8898//827 8899//827 8900//875
s 2498
f 8901//828 8902//828 8903//828
s 2499
f 8904//876 8905//876 8906//876
s 2500
f 8907//826 8908//826 8909//826
s 2501
f 8910//877 8911//878 8912//879
s 2502
f 8913//879 8914//877 8915//877
s 2503
f 8916//495 8917//618 8918//880
s 2504
f 8919//494 8920//494 8921//494
s 2505
f 8922//47 8923//47 8924//47
s 2506
f 8925//47 8926//47 8927//47
s 2507
f 8928//869 8929//869 8930//869
s 2508
f 8931//869 8932//869 8933//870
s 2509
f 8934//881 8935//882 8936//881
s 2510
f 8937//868 8938//855 8939//868
s 2511
f 8940//866 8941//866 8942//883
s 2512
f 8943//853 8944//853 8945//853
s 2513
f 8946//884 8947//885 8948//886
s 2514
f 8949//849 8950//849 8951//849
s 2515
f 8952//859 8953//859 8954//859
s 2516
f 8955//858 8956//858 8957//858
s 2517
f 8958//628 8959//628 8960//628
s 2518
f 8961//630 8962//630 8963//630
s 2519
f 8964//521 8965//521 8966//521
s 2520
f 8967//521 8968//521 8969//521
s 2521
f 8970//519 8971//519 8972//519
s 2522
f 8973//519 8974//631 8975//519
s 2523
f 8976//887 8977//887 8978//887
s 2524
f 8979//888 8980//888 8981//888
s 2525
f 8982//889 8983//889 8984//889
s 2526
f 8985//890 8986//890 8987//890
s 2527
f 8988//686 8989//686 8990//686
s 2528
f 8991//891 8992//891 8993//891
s 2529
f 8994//892 8995//892 8996//892
s 2530
f 8997//893 8998//893 8999//893
s 2531
f 9000//894 9001//894 9002//894
s 2532
f 9003//895 9004//895 9005//895
s 2533
f 9006//896 9007//896 9008//896
s 2534
f 9009//897 9010//897 9011//897
s 2535
f 9012//898 9013//899 9014//898
s 2536
f 9015//900 9016//901 9017//900
s 2537
f 9018//282 9019//282 9020//282
s 2538
f 9021//902 9022//902 9023//902
s 2539
f 9024//903 9025//903 9026//903
s 2540
f 9027//904 9028//904 9029//904
s 2541
f 9030//654 9031//672 9032//546
f 9031//672 9033//653 9032//546
s 2542
f 9034//543 9035//543 9036//543
s 2543
f 9037//544 9038//544 9039//544
s 2544
f 9040//905 9041//905 9042//905
s 2545
f 9043//906 9044//906 9045//906
s 2546
f 9046//907 9047//907 9048//907
s 2547
f 9049//908 9050//909 9051//909
s 2548
f 9052//836 9053//836 9054//836
s 2549
f 9055//580 9056//580 9057//910
s 2550
f 9058//911 9059//911 9060//911
s 2551
f 9061//912 9062//913 9063//912
s 2552
f 9064//914 9065//914 9066//914
s 2553
f 9067//915 9068//816 9069//816
s 2554
f 9070//853 9071//853 9072//853
s 2555
f 9073//916 9074//916 9075//916
s 2556
f 9076//884 9077//884 9078//884
s 2557
f 9079//849 9080//849 9081//849
s 2558
f 9082//808 9083//808 9084//808
s 2559
f 9085//848 9086//808 9087//808
s 2560
f 9088//917 9089//918 9090//919
s 2561
f 9091//920 9092//804 9093//921
s 2562
f 9094//595 9095//595 9096//595
s 2563
f 9097//595 9098//595 9099//595
s 2564
f 9100//922 9101//858 9102//859
f 9101//858 9103//858 9102//859
s 2565
f 9104//630 9105//630 9106//630
s 2566
f 9107//630 9108//630 9109//630
s 2567
f 9110//521 9111//521 9112//521
s 2568
f 9113//521 9114//521 9115//521
s 2569
f 9116//519 9117//520 9118//519
s 2570
f 9119//520 9120//520 9121//520
s 2571
f 9122//633 9123//633 9124//923
s 2572
f 9125//518 9126//518 9127//518
s 2573
f 9128//634 9129//634 9130//634
s 2574
f 9131//516 9132//516 9133//516
s 2575
f 9134//924 9135//924 9136//924
s 2576
f 9137//528 9138//587 9139//587
s 2577
f 9140//622 9141//527 9142//622
s 2578
f 9143//621 9144//621 9145//621
s 2579
f 9146//592 9147//593 9148//592
f 9147//593 9149//592 9148//592
s 2580
f 9150//869 9151//869 9152//869
s 2581
f 9153//869 9154//869 9155//870
s 2582
f 9156//925 9157//925 9158//925
s 2583
f 9159//925 9160//925 9161//925
s 2584
f 9162//926 9163//926 9164//926
f 9163//926 9165//926 9164//926
s 2585
f 9166//927 9167//928 9168//928
s 2586
f 9169//927 9170//928 9171//928
s 2587
f 9172//929 9173//929 9174//929
s 2588
f 9175//929 9176//929 9177//929
s 2589
f 9178//688 9179//688 9180//688
s 2590
f 9181//20 9182//20 9183//20
f 9182//20 9184//20 9183//20
s 2591
f 9185//688 9186//688 9187//688
s 2592
f 9188//930 9189//930 9190//930
s 2593
f 9191//931 9192//932 9193//931
s 2594
f 9194//931 9195//931 9196//933
s 2595
f 9197//934 9198//934 9199//934
s 2596
f 9200//935 9201//935 9202//934
s 2597
f 9203//936 9204//936 9205//936
s 2598
f 9206//937 9207//937 9208//937
s 2599
f 9209//938 9210//938 9211//938
s 2600
f 9212//710 9213//710 9214//710
s 2601
f 9215//939 9216//939 9217//939
s 2602
f 9218//940 9219//940 9220//941
s 2603
f 9221//942 9222//942 9223//942
s 2604
f 9224//942 9225//942 9226//942
s 2605
f 9227//943 9228//943 9229//943
s 2606
f 9230//684 9231//684 9232//684
s 2607
f 9233//944 9234//944 9235//944
s 2608
f 9236//945 9237//945 9238//945
s 2609
f 9239//946 9240//946 9241//946
s 2610
f 9242//947 9243//947 9244//947
s 2611
f 9245//948 9246//948 9247//948
s 2612
f 9248//949 9249//949 9250//949
s 2613
f 9251//950 9252//950 9253//950
s 2614
f 9254//950 9255//950 9256//950
s 2615
f 9257//272 9258//272 9259//272
s 2616
f 9260//556 9261//951 9262//556
s 2617
f 9263//952 9264//952 9265//952
s 2618
f 9266//953 9267//953 9268//953
s 2619
f 9269//534 9270//534 9271//534
s 2620
f 9272//534 9273//534 9274//534
s 2621
f 9275//538 9276//675 9277//675
s 2622
f 9278//538 9279//538 9280//538
s 2623
f 9281//954 9282//954 9283//954
s 2624
f 9284//954 9285//954 9286//954
s 2625
f 9287//955 9288//955 9289//938
s 2626
f 9290//20 9291//20 9292//20
s 2627
f 9293//20 9294//20 9295//20
s 2628
f 9296//956 9297//17 9298//1
s 2629
f 9299//1 9300//6 9301//6
s 2630
f 9302//47 9303//47 9304//47
s 2631
f 9305//47 9306//47 9307//47
s 2632
f 9308//957 9309//957 9310//957
s 2633
f 9311//47 9312//47 9313//47
s 2634
f 9314//47 9315//47 9316//47
s 2635
f 9317//958 9318//958 9319//958
s 2636
f 9320//47 9321//47 9322//47
s 2637
f 9323//959 9324//959 9325//959
s 2638
f 9326//960 9327//960 9328//960
s 2639
f 9329//47 9330//47 9331//47
s 2640
f 9332//47 9333//47 9334//47
s 2641
f 9335//59 9336//59 9337//59
s 2642
f 9338//961 9339//961 9340//961
s 2643
f 9341//962 9342//962 9343//962
s 2644
f 9344//59 9345//59 9346//59
s 2645
f 9347//47 9348//47 9349//47
s 2646
f 9350//47 9351//47 9352//47
s 2647
f 9353//963 9354//963 9355//963
s 2648
f 9356//47 9357//47 9358//47
s 2649
f 9359//47 9360//47 9361//47
s 2650
f 9362//771 9363//771 9364//771
s 2651
f 9365//47 9366//47 9367//47
s 2652
f 9368//47 9369//47 9370//47
f 9369//47 9371//47 9370//47
s 2653
f 9372//47 9373//47 9374//47
s 2654
f 9375//47 9376//47 9377//47
s 2655
f 9378//47 9379//47 9380//47
s 2656
f 9381//964 9382//964 9383//964
s 2657
f 9384//47 9385//47 9386//47
s 2658
f 9387//47 9388//47 9389//47
s 2659
f 9390//965 9391//559 9392//965
s 2660
f 9393//966 9394//967 9395//967
s 2661
f 9396//968 9397//968 9398//968
s 2662
f 9399//969 9400//970 9401//969
s 2663
f 9402//971 9403//971 9404//971
s 2664
f 9405//972 9406//972 9407//973
s 2665
f 9408//552 9409//551 9410//552
s 2666
f 9411//974 9412//974 9413//974
s 2667
f 9414//20 9415//20 9416//20
s 2668
f 9417//20 9418//20 9419//20
s 2669
f 9420//975 9421//975 9422//584
s 2670
f 9423//975 9424//975 9425//975
s 2671
f 9426//741 9427//741 9428//741
s 2672
f 9429//976 9430//977 9431//977
s 2673
f 9432//744 9433//745 9434//744
s 2674
f 9435//978 9436//979 9437//978
s 2675
f 9438//980 9439//980 9440//980
s 2676
f 9441//750 9442//981 9443//750
f 9442//981 9444//982 9443//750
s 2677
f 9445//983 9446//983 9447//983
s 2678
f 9448//646 9449//646 9450//983
s 2679
f 9451//321 9452//321 9453//302
s 2680
f 9454//50 9455//50 9456//50
s 2681
f 9457//1 9458//1 9459//1
s 2682
f 9460//1 9461//1 9462//1
s 2683
f 9463//47 9464//47 9465//47
s 2684
f 9466//47 9467//47 9468//47
s 2685
f 9469//47 9470//47 9471//47
s 2686
f 9472//47 9473//47 9474//47
s 2687
f 9475//47 9476//47 9477//47
s 2688
f 9478//958 9479//958 9480//958
s 2689
f 9481//47 9482//47 9483//47
s 2690
f 9484//960 9485//960 9486//960
s 2691
f 9487//960 9488//960 9489//960
s 2692
f 9490//47 9491//47 9492//47
s 2693
f 9493//59 9494//59 9495//59
s 2694
f 9496//47 9497//47 9498//47
s 2695
f 9499//961 9500//961 9501//961
s 2696
f 9502//984 9503//985 9504//986
s 2697
f 9505//59 9506//59 9507//59
s 2698
f 9508//47 9509//47 9510//47
s 2699
f 9511//47 9512//47 9513//47
s 2700
f 9514//963 9515//963 9516//963
s 2701
f 9517//47 9518//47 9519//47
s 2702
f 9520//963 9521//963 9522//963
s 2703
f 9523//59 9524//59 9525//59
s 2704
f 9526//47 9527//47 9528//47
s 2705
f 9529//59 9530//59 9531//59
s 2706
f 9532//47 9533//47 9534//47
s 2707
f 9535//47 9536//47 9537//47
s 2708
f 9538//47 9539//47 9540//47
s 2709
f 9541//47 9542//47 9543//47
s 2710
f 9544//960 9545//960 9546//960
s 2711
f 9547//47 9548//47 9549//47
s 2712
f 9550//47 9551//47 9552//47
s 2713
f 9553//987 9554//987 9555//987
f 9554//987 9556//987 9555//987
s 2714
f 9557//928 9558//927 9559//928
f 9558//927 9560//927 9559//928
s 2715
f 9561//988 9562//989 9563//989
f 9562//989 9564//989 9563//989
s 2716
f 9565//925 9566//925 9567//925
s 2717
f 9568//925 9569//925 9570//925
s 2718
f 9571//20 9572//20 9573//20
s 2719
f 9574//20 9575//20 9576//20
s 2720
f 9577//20 9578//20 9579//20
s 2721
f 9580//990 9581//990 9582//990
s 2722
f 9583//930 9584//930 9585//930
s 2723
f 9586//991 9587//992 9588//934
s 2724
f 9589//993 9590//994 9591//995
s 2725
f 9592//996 9593//996 9594//996
s 2726
f 9595//997 9596//975 9597//584
s 2727
f 9598//20 9599//20 9600//20
s 2728
f 9601//930 9602//930 9603//930
s 2729
f 9604//998 9605//998 9606//998
s 2730
f 9607//901 9608//938 9609//901
f 9608//938 9610//938 9609//901
s 2731
f 9611//673 9612//673 9613//673
s 2732
f 9614//539 9615//539 9616//539
s 2733
f 9617//675 9618//675 9619//675
s 2734
f 9620//999 9621//999 9622//999
s 2735
f 9623//534 9624//534 9625//534
s 2736
f 9626//535 9627//535 9628//535
s 2737
f 9629//271 9630//271 9631//271
s 2738
f 9632//271 9633//271 9634//271
s 2739
f 9635//552 9636//552 9637//552
s 2740
f 9638//1000 9639//552 9640//1001
s 2741
f 9641//949 9642//949 9643//949
s 2742
f 9644//948 9645//948 9646//948
s 2743
f 9647//1002 9648//1002 9649//1002
s 2744
f 9650//946 9651//946 9652//946
s 2745
f 9653//890 9654//890 9655//890
s 2746
f 9656//890 9657//890 9658//890
s 2747
f 9659//1003 9660//1003 9661//1003
s 2748
f 9662//684 9663//684 9664//684
s 2749
f 9665//942 9666//942 9667//942
s 2750
f 9668//1004 9669//1004 9670//1005
s 2751
f 9671//1006 9672//1006 9673//1007
s 2752
f 9674//1008 9675//1008 9676//1008
s 2753
f 9677//1009 9678//1009 9679//1009
s 2754
f 9680//1010 9681//1011 9682//1010
s 2755
f 9683//1012 9684//1012 9685//1012
s 2756
f 9686//1013 9687//1014 9688//1014
s 2757
f 9689//1015 9690//1015 9691//1015
s 2758
f 9692//1016 9693//1016 9694//1017
s 2759
f 9695//1018 9696//1019 9697//1018
s 2760
f 9698//1020 9699//1020 9700//1020
s 2761
f 9701//270 9702//271 9703//270
s 2762
f 9704//970 9705//970 9706//970
s 2763
f 9707//1021 9708//1021 9709//1021
s 2764
f 9710//1022 9711//1022 9712//1022
s 2765
f 9713//1023 9714//1023 9715//1023
s 2766
f 9716//679 9717//679 9718//679
s 2767
f 9719//1024 9720//1024 9721//1024
s 2768
f 9722//538 9723//675 9724//1025
s 2769
f 9725//674 9726//544 9727//544
s 2770
f 9728//1026 9729//1026 9730//1026
s 2771
f 9731//546 9732//546 9733//1027
s 2772
f 9734//543 9735//543 9736//543
s 2773
f 9737//669 9738//669 9739//669
s 2774
f 9740//672 9741//672 9742//653
s 2775
f 9743//1028 9744//1028 9745//1028
s 2776
f 9746//1029 9747//1029 9748//1029
s 2777
f 9749//1030 9750//1030 9751//1030
s 2778
f 9752//50 9753//50 9754//50
s 2779
f 9755//50 9756//50 9757//50
s 2780
f 9758//1031 9759//1031 9760//1031
s 2781
f 9761//909 9762//909 9763//909
s 2782
f 9764//88 9765//88 9766//88
s 2783
f 9767//88 9768//88 9769//88
s 2784
f 9770//399 9771//399 9772//399
s 2785
f 9773//99 9774//99 9775//99
s 2786
f 9776//1032 9777//1032 9778//1032
s 2787
f 9779//1033 9780//1033 9781//1033
s 2788
f 9782//1034 9783//1034 9784//1035
s 2789
f 9785//501 9786//501 9787//501
s 2790
f 9788//512 9789//512 9790//512
s 2791
f 9791//512 9792//639 9793//512
s 2792
f 9794//1036 9795//513 9796//1036
s 2793
f 9797//1037 9798//1037 9799//1037
s 2794
f 9800//1038 9801//1038 9802//1038
s 2795
f 9803//517 9804//517 9805//517
s 2796
f 9806//457 9807//457 9808//457
s 2797
f 9809//180 9810//180 9811//180
s 2798
f 9812//1039 9813//1039 9814//1039
s 2799
f 9815//508 9816//508 9817//508
s 2800
f 9818//1040 9819//1041 9820//1040
s 2801
f 9821//512 9822//512 9823//512
s 2802
f 9824//512 9825//512 9826//512
s 2803
f 9827//637 9828//637 9829//1042
s 2804
f 9830//515 9831//515 9832//515
s 2805
f 9833//635 9834//1043 9835//1044
s 2806
f 9836//634 9837//634 9838//634
s 2807
f 9839//456 9840//456 9841//456
s 2808
f 9842//180 9843//180 9844//180
s 2809
f 9845//592 9846//593 9847//592
s 2810
f 9848//592 9849//594 9850//594
s 2811
f 9851//1045 9852//1046 9853//1045
s 2812
f 9854//588 9855//588 9856//588
s 2813
f 9857//1047 9858//1047 9859//1047
s 2814
f 9860//609 9861//609 9862//609
s 2815
f 9863//612 9864//1048 9865//612
s 2816
f 9866//1049 9867//1049 9868//1049
s 2817
f 9869//1050 9870//1050 9871//1050
s 2818
f 9872//502 9873//502 9874//502
s 2819
f 9875//502 9876//502 9877//502
s 2820
f 9878//501 9879//501 9880//501
s 2821
f 9881//501 9882//501 9883//501
s 2822
f 9884//500 9885//500 9886//500
s 2823
f 9887//616 9888//616 9889//616
s 2824
f 9890//1032 9891//1032 9892//1032
s 2825
f 9893//1051 9894//1052 9895//1052
s 2826
f 9896//1053 9897//1053 9898//1053
s 2827
f 9899//1054 9900//1054 9901//1054
s 2828
f 9902//1055 9903//530 9904//1055
s 2829
f 9905//1056 9906//1056 9907//1057
s 2830
f 9908//1058 9909//1057 9910//1057
s 2831
f 9911//1059 9912//1060 9913//1059
s 2832
f 9914//1061 9915//1061 9916//1061
s 2833
f 9917//1062 9918//1063 9919//1063
s 2834
f 9920//1064 9921//1064 9922//1064
s 2835
f 9923//970 9924//970 9925//970
s 2836
f 9926//1065 9927//1065 9928//1065
s 2837
f 9929//1066 9930//1066 9931//1066
s 2838
f 9932//1066 9933//1066 9934//1066
s 2839
f 9935//673 9936//673 9937//1026
s 2840
f 9938//954 9939//954 9940//954
s 2841
f 9941//1067 9942//1067 9943//1067
s 2842
f 9944//538 9945//538 9946//538
s 2843
f 9947//1068 9948//1069 9949//1069
s 2844
f 9950//20 9951//20 9952//20
s 2845
f 9953//20 9954//20 9955//20
s 2846
f 9956//1070 9957//1070 9958//1071
s 2847
f 9959//1070 9960//1071 9961//1070
s 2848
f 9962//785 9963//785 9964//785
s 2849
f 9965//785 9966//785 9967//785
s 2850
f 9968//1072 9969//1073 9970//1073
s 2851
f 9971//675 9972//675 9973//675
s 2852
f 9974//1074 9975//1074 9976//1074
s 2853
f 9977//1075 9978//1075 9979//1075
s 2854
f 9980//1072 9981//1073 9982//1073
s 2855
f 9983//675 9984//675 9985//1076
s 2856
f 9986//270 9987//270 9988//270
s 2857
f 9989//271 9990//271 9991//271
s 2858
f 9992//20 9993//20 9994//20
s 2859
f 9995//20 9996//20 9997//20
s 2860
f 9998//827 9999//875 10000//827
s 2861
f 10001//827 10002//827 10003//827
s 2862
f 10004//1077 10005//1077 10006//1077
s 2863
f 10007//1077 10008//873 10009//1077
s 2864
f 10010//903 10011//903 10012//903
s 2865
f 10013//904 10014//904 10015//904
s 2866
f 10016//889 10017//889 10018//889
s 2867
f 10019//1078 10020//1078 10021//1078
s 2868
f 10022//1079 10023//1079 10024//1079
s 2869
f 10025//1079 10026//1079 10027//1079
s 2870
f 10028//525 10029//525 10030//525
f 10029//525 10031//525 10030//525
s 2871
f 10032//807 10033//807 10034//807
s 2872
f 10035//848 10036//808 10037//808
s 2873
f 10038//1080 10039//1080 10040//1080
s 2874
f 10041//1080 10042//1081 10043//1081
s 2875
f 10044//634 10045//634 10046//634
s 2876
f 10047//516 10048//516 10049//516
s 2877
f 10050//1032 10051//1032 10052//1032
s 2878
f 10053//1032 10054//1032 10055//1032
s 2879
f 10056//399 10057//399 10058//399
s 2880
f 10059//99 10060//99 10061//399
s 2881
f 10062//873 10063//873 10064//833
s 2882
f 10065//1082 10066//1082 10067//1083
s 2883
f 10068//1084 10069//1084 10070//1084
s 2884
f 10071//827 10072//827 10073//827
s 2885
f 10074//1085 10075//1085 10076//1085
s 2886
f 10077//1086 10078//1087 10079//1087
s 2887
f 10080//1088 10081//1088 10082//1088
s 2888
f 10083//877 10084//823 10085//823
s 2889
f 10086//1040 10087//1040 10088//1040
s 2890
f 10089//509 10090//509 10091//509
s 2891
f 10092//525 10093//525 10094//525
s 2892
f 10095//525 10096//525 10097//525
s 2893
f 10098//855 10099//855 10100//855
s 2894
f 10101//867 10102//855 10103//855
s 2895
f 10104//884 10105//886 10106//886
s 2896
f 10107//1089 10108//1089 10109//1089
s 2897
f 10110//1090 10111//1090 10112//1090
s 2898
f 10113//848 10114//808 10115//807
s 2899
f 10116//1091 10117//1091 10118//1091
s 2900
f 10119//845 10120//845 10121//845
s 2901
f 10122//595 10123//595 10124//595
s 2902
f 10125//843 10126//843 10127//843
s 2903
f 10128//1092 10129//1092 10130//1093
s 2904
f 10131//1094 10132//1094 10133//1094
s 2905
f 10134//1094 10135//1094 10136//1094
s 2906
f 10137//1095 10138//1096 10139//1096
s 2907
f 10140//1097 10141//1098 10142//1097
s 2908
f 10143//1099 10144//1099 10145//1099
s 2909
f 10146//1100 10147//1100 10148//1100
s 2910
f 10149//1101 10150//1101 10151//1102
s 2911
f 10152//1103 10153//1103 10154//1103
s 2912
f 10155//1104 10156//1104 10157//1104
s 2913
f 10158//1105 10159//1105 10160//1105
s 2914
f 10161//1106 10162//1106 10163//1106
s 2915
f 10164//1106 10165//1106 10166//1106
s 2916
f 10167//1093 10168//1092 10169//1092
s 2917
f 10170//691 10171//691 10172//691
f 10172//691 10171//691 10173//691
s 2918
f 10174//965 10175//965 10176//965
s 2919
f 10177//559 10178//559 10179//559
s 2920
f 10180//1107 10181//1108 10182//1107
s 2921
f 10183//1109 10184//1110 10185//1110
s 2922
f 10186//903 10187//903 10188//903
s 2923
f 10189//903 10190//903 10191//1111
s 2924
f 10192//694 10193//694 10194//1112
s 2925
f 10195//694 10196//694 10197//694
s 2926
f 10198//1094 10199//1094 10200//1094
s 2927
f 10201//1094 10202//1094 10203//1094
s 2928
f 10204//1096 10205//1096 10206//1096
s 2929
f 10207//1096 10208//1096 10209//1096
s 2930
f 10210//1113 10211//1113 10212//1113
s 2931
f 10213//1113 10214//1113 10215//1113
s 2932
f 10216//925 10217//925 10218//925
s 2933
f 10219//925 10220//925 10221//925
s 2934
f 10222//1114 10223//1115 10224//1114
s 2935
f 10225//988 10226//988 10227//988
s 2936
f 10228//1116 10229//1116 10230//1116
s 2937
f 10231//1116 10232//1117 10233//1117
s 2938
f 10234//987 10235//987 10236//987
s 2939
f 10237//987 10238//987 10239//987
s 2940
f 10240//1118 10241//1119 10242//1118
s 2941
f 10243//1120 10244//1120 10245//1120
s 2942
f 10246//1121 10247//1121 10248//1121
s 2943
f 10249//1122 10250//1122 10251//1122
s 2944
f 10252//1123 10253//1123 10254//1123
s 2945
f 10255//1124 10256//1124 10257//1124
s 2946
f 10258//1125 10259//1125 10260//1125
s 2947
f 10261//1126 10262//1127 10263//1126
s 2948
f 10264//1128 10265//1128 10266//1128
s 2949
f 10267//1010 10268//1011 10269//1129
s 2950
f 10270//1130 10271//1130 10272//1130
s 2951
f 10273//1131 10274//998 10275//942
s 2952
f 10276//1132 10277//1133 10278//1133
s 2953
f 10279//1134 10280//1134 10281//1134
s 2954
f 10282//1094 10283//1094 10284//1094
f 10284//1094 10283//1094 10285//1094
s 2955
f 10286//1096 10287//1096 10288//1096
s 2956
f 10289//1096 10290//1096 10291//1096
s 2957
f 10292//1113 10293//1113 10294//1113
s 2958
f 10295//1113 10296//1113 10297//1113
s 2959
f 10298//925 10299//925 10300//925
s 2960
f 10301//925 10302//925 10303//925
s 2961
f 10304//1135 10305//1136 10306//1136
s 2962
f 10307//1136 10308//1136 10309//1136
s 2963
f 10310//1137 10311//1137 10312//1137
s 2964
f 10313//1137 10314//1137 10315//1137
s 2965
f 10316//987 10317//987 10318//987
f 10317//987 10319//987 10318//987
s 2966
f 10320//1094 10321//1094 10322//1094
s 2967
f 10323//1138 10324//1138 10325//1138
s 2968
f 10326//1093 10327//1093 10328//1093
s 2969
f 10329//1106 10330//1106 10331//1106
s 2970
f 10332//1106 10333//1106 10334//1106
s 2971
f 10335//1139 10336//1139 10337//1139
s 2972
f 10338//1139 10339//1139 10340//1139
s 2973
f 10341//1140 10342//1140 10343//1140
s 2974
f 10344//1103 10345//1103 10346//1103
s 2975
f 10347//1113 10348//1113 10349//1113
s 2976
f 10350//1141 10351//1141 10352//1141
s 2977
f 10353//1096 10354//1096 10355//1096
s 2978
f 10356//1096 10357//1096 10358//1096
s 2979
f 10359//1094 10360//1094 10361//1094
s 2980
f 10362//1142 10363//1142 10364//1142
s 2981
f 10365//1142 10366//1142 10367//1142
s 2982
f 10368//711 10369//711 10370//711
s 2983
f 10371//710 10372//710 10373//710
s 2984
f 10374//282 10375//282 10376//282
f 10375//282 10377//283 10376//282
s 2985
f 10378//1143 10379//904 10380//1144
s 2986
f 10381//1143 10382//1143 10383//1143
s 2987
f 10384//1145 10385//1110 10386//1146
s 2988
f 10387//1107 10388//1107 10389//1107
s 2989
f 10390//1147 10391//952 10392//952
f 10391//952 10393//952 10392//952
s 2990
f 10394//1148 10395//1148 10396//1148
s 2991
f 10397//559 10398//559 10399//559
s 2992
f 10400//1149 10401//1149 10402//1150
s 2993
f 10403//1151 10404//1151 10405//1151
s 2994
f 10406//1152 10407//1153 10408//1153
s 2995
f 10409//532 10410//532 10411//532
s 2996
f 10412//1074 10413//1074 10414//1074
s 2997
f 10415//1154 10416//1154 10417//1154
s 2998
f 10418//1155 10419//1155 10420//1155
s 2999
f 10421//1154 10422//1154 10423//1154
s 3000
f 10424//1156 10425//1156 10426//1156
s 3001
f 10427//1157 10428//1157 10429//1158
s 3002
f 10430//1159 10431//1159 10432//1159
s 3003
f 10433//1159 10434//1159 10435//1159
s 3004
f 10436//830 10437//830 10438//830
s 3005
f 10439//830 10440//830 10441//830
s 3006
f 10442//1112 10443//285 10444//1112
s 3007
f 10445//1160 10446//1160 10447//1160
s 3008
f 10448//1161 10449//1161 10450//1161
s 3009
f 10451//938 10452//938 10453//955
s 3010
f 10454//1162 10455//1163 10456//1163
s 3011
f 10457//1164 10458//1164 10459//1164
s 3012
f 10460//1165 10461//1166 10462//1166
s 3013
f 10463//1167 10464//1168 10465//1168
s 3014
f 10466//942 10467//942 10468//942
s 3015
f 10469//942 10470//942 10471//942
s 3016
f 10472//1169 10473//1169 10474//1169
s 3017
f 10475//643 10476//643 10477//643
s 3018
f 10478//874 10479//874 10480//874
s 3019
f 10481//1170 10482//1171 10483//1171
s 3020
f 10484//512 10485//639 10486//512
s 3021
f 10487//597 10488//597 10489//1172
s 3022
f 10490//512 10491//512 10492//639
s 3023
f 10493//1036 10494//513 10495//1036
s 3024
f 10496//1173 10497//1173 10498//1173
s 3025
f 10499//1174 10500//1174 10501//1174
s 3026
f 10502//859 10503//859 10504//859
s 3027
f 10505//858 10506//858 10507//858
s 3028
f 10508//1175 10509//1175 10510//1176
s 3029
f 10511//1176 10512//1175 10513//1175
s 3030
f 10514//1093 10515//1092 10516//1092
s 3031
f 10517//1106 10518//1106 10519//1106
s 3032
f 10520//1093 10521//1092 10522//1092
s 3033
f 10523//1177 10524//1177 10525//1177
f 10525//1177 10524//1177 10526//1177
s 3034
f 10527//1178 10528//1178 10529//1178
s 3035
f 10530//1178 10531//1178 10532//1178
s 3036
f 10533//1139 10534//1139 10535//1139
s 3037
f 10536//1139 10537//1139 10538//1139
s 3038
f 10539//1106 10540//1106 10541//1106
s 3039
f 10542//1106 10543//1106 10544//1106
s 3040
f 10545//1179 10546//1179 10547//1180
f 10547//1180 10546//1179 10548//1179
s 3041
f 10549//1175 10550//1175 10551//1176
f 10551//1176 10550//1175 10552//1175
s 3042
f 10553//1178 10554//1178 10555//1178
s 3043
f 10556//1178 10557//1178 10558//1178
s 3044
f 10559//1104 10560//1104 10561//1104
s 3045
f 10562//1104 10563//1104 10564//1104
s 3046
f 10565//1106 10566//1106 10567//1106
s 3047
f 10568//1176 10569//1176 10570//1176
s 3048
f 10571//1177 10572//1177 10573//1177
s 3049
g Panel_derecha_1_cal_silver
usemtl cal_silver
f 10574//19 10575//19 10576//19
f 10576//19 10575//19 10577//19
s 3050
f 10578//19 10579//19 10580//19
f 10580//19 10579//19 10581//19
s 3051
f 10582//1181 10583//32 10584//24
f 10584//24 10583//32 10585//24
s 3052
f 10586//24 10587//24 10588//19
s 3053
f 10589//19 10590//19 10591//19
s 3054
f 10592//33 10593//19 10594//33
s 3055
f 10595//19 10596//33 10597//33
s 3056
f 10598//19 10599//1181 10600//1181
f 10600//1181 10599//1181 10601//1181
s 3057
f 10602//24 10603//19 10604//33
f 10604//33 10603//19 10605//19
s 3058
f 10606//19 10607//19 10608//19
s 3059
f 10609//19 10610//19 10611//19
s 3060
f 10612//22 10613//19 10614//22
f 10614//22 10613//19 10615//19
s 3061
f 10616//19 10617//19 10618//19
f 10618//19 10617//19 10619//19
s 3062
f 10620//19 10621//19 10622//19
s 3063
f 10623//19 10624//19 10625//19
s 3064
f 10626//25 10627//19 10628//19
f 10628//19 10627//19 10629//19
s 3065
f 10630//19 10631//19 10632//19
f 10632//19 10631//19 10633//19
s 3066
f 10634//23 10635//19 10636//19
f 10636//19 10635//19 10637//1182
s 3067
f 10638//287 10639//19 10640//19
f 10640//19 10639//19 10641//19
s 3068
f 10642//19 10643//19 10644//19
f 10644//19 10643//19 10645//19
s 3069
f 10646//33 10647//19 10648//19
f 10648//19 10647//19 10649//19
s 3070
f 10650//19 10651//19 10652//19
f 10652//19 10651//19 10653//19
s 3071
f 10654//19 10655//19 10656//19
f 10656//19 10655//19 10657//19
s 3072
f 10658//19 10659//19 10660//19
f 10660//19 10659//19 10661//19
s 3073
f 10662//19 10663//19 10664//19
f 10664//19 10663//19 10665//19
s 3074
f 10666//19 10667//19 10668//19
f 10668//19 10667//19 10669//19
s 3075
f 10670//19 10671//19 10672//19
f 10672//19 10671//19 10673//19
s 3076
f 10674//24 10675//19 10676//19
f 10676//19 10675//19 10677//19
s 3077
f 10678//19 10679//19 10680//19
f 10680//19 10679//19 10681//19
s 3078
f 10682//19 10683//19 10684//19
f 10684//19 10683//19 10685//19
