# Blender 5.2.0 LTS
# www.blender.org
mtllib Base_Rover.mtl
g Base_Rover_RoverModificado
v 2.591391 1.752117 0.544841
v 2.591391 1.679462 0.768447
v 2.591391 1.444348 0.768447
v 2.591391 1.371694 0.544841
v 2.591391 1.746566 0.666644
v 2.591391 1.561905 0.800808
v 2.591391 1.676032 0.449562
v 2.591391 1.377245 0.666644
v 2.591391 1.561905 0.406644
v 2.591391 1.447780 0.449562
v 2.591376 1.833908 0.518265
v 2.391509 1.833908 0.518265
v 2.591376 1.730012 0.838023
v 2.391509 1.730012 0.838023
v 2.391509 1.561905 0.320644
v 2.591376 1.561905 0.320644
v 2.591376 1.725107 0.382017
v 2.591376 1.393799 0.838023
v 2.591376 1.297841 0.692444
v 2.591376 1.289904 0.518265
v 2.591376 1.398705 0.382017
v 2.591376 1.561905 0.884299
v 2.591376 1.825971 0.692444
v 2.391509 1.393799 0.838023
v 2.391509 1.289904 0.518265
v 2.391509 1.825971 0.692444
v 2.391509 1.561905 0.884299
v 2.391509 1.725107 0.382017
v 2.391509 1.297841 0.692444
v 2.391509 1.398705 0.382017
v 2.626524 1.638443 0.435426
v 2.651641 1.676032 0.449562
v 2.611300 1.561905 0.406644
v 2.611300 1.561906 0.406644
v 2.626524 1.485371 0.779739
v 2.653933 1.444348 0.768447
v 2.611300 1.561905 0.800808
v 2.611300 1.561906 0.800808
v 2.626524 1.638443 0.779739
v 2.653933 1.679462 0.768447
v 2.734592 1.377245 0.666644
v 2.669879 1.420485 0.732244
v 2.762086 1.752117 0.544841
v 2.734763 1.746682 0.538035
v 2.669879 1.703328 0.483743
v 2.734763 1.746682 0.664108
v 2.734590 1.746566 0.666644
v 2.669879 1.420485 0.483742
v 2.651641 1.447780 0.449562
v 2.734763 1.377131 0.538033
v 2.762092 1.371694 0.544841
v 2.669879 1.703328 0.732242
v 2.734763 1.377131 0.664134
v 2.626524 1.485371 0.435426
v 2.611300 1.561906 0.349004
v 2.611300 1.561906 0.869004
v 2.626524 1.638443 0.349004
v 2.626524 1.638443 0.869004
v 2.669879 1.703328 0.349004
v 2.669879 1.703328 0.869004
v 2.734763 1.746682 0.349004
v 2.734763 1.746682 0.869004
v 2.811300 1.761907 0.349004
v 2.811300 1.761907 0.869004
v 2.887837 1.746682 0.349004
v 2.887837 1.746682 0.869004
v 2.952721 1.703328 0.349004
v 2.952721 1.703328 0.869004
v 2.996076 1.638443 0.349004
v 2.996076 1.638443 0.869004
v 3.011300 1.561906 0.349004
v 3.011300 1.561906 0.869004
v 2.996076 1.485371 0.349004
v 2.996076 1.485371 0.869004
v 2.952721 1.420485 0.349004
v 2.952721 1.420485 0.869004
v 2.887837 1.377130 0.349004
v 2.887837 1.377130 0.869004
v 2.811300 1.361906 0.349004
v 2.811300 1.361906 0.869004
v 2.734763 1.377131 0.349004
v 2.734763 1.377131 0.869004
v 2.669879 1.420485 0.349004
v 2.669879 1.420485 0.869004
v 2.626524 1.485371 0.349004
v 2.626524 1.485371 0.869004
v 0.457290 2.485076 0.606644
v 0.497054 2.485076 0.537770
v 0.576584 2.350077 0.537770
v 0.576584 2.485076 0.537770
v 0.616349 2.485076 0.606644
v 0.576584 2.350077 0.675519
v 0.576584 2.485076 0.675519
v 0.497054 2.350077 0.675519
v 0.497054 2.485076 0.675519
v 0.616349 2.350077 0.606644
v 0.457290 2.350077 0.606644
v 0.497054 2.350077 0.537770
v 0.451262 2.191505 0.682929
v 0.513533 2.191505 0.718881
v 0.560105 2.191505 0.718881
v 0.622376 2.191505 0.682929
v 0.645662 2.191505 0.642596
v 0.645662 2.191505 0.570692
v 0.622376 2.191505 0.530360
v 0.560105 2.191505 0.494407
v 0.427976 2.191505 0.570692
v 0.427976 2.191505 0.642596
v 0.513533 2.191505 0.494407
v 0.451262 2.191505 0.530360
v 0.513533 1.732305 0.718881
v 0.451262 1.732305 0.682929
v 0.622376 1.732305 0.682929
v 0.560105 1.732305 0.718881
v 0.645662 1.732305 0.570692
v 0.645662 1.732305 0.642596
v 0.560105 1.732305 0.494407
v 0.622376 1.732305 0.530360
v 0.451262 1.732305 0.530360
v 0.513533 1.732305 0.494407
v 0.427976 1.732305 0.642596
v 0.427976 1.732305 0.570692
v 0.448668 1.490365 1.315992
v 0.518720 1.449921 1.315992
v 0.554918 1.449921 1.315992
v 0.624970 1.490365 1.315992
v 0.643068 1.521713 1.315992
v 0.643068 1.602602 1.315992
v 0.624970 1.633949 1.315992
v 0.554918 1.674395 1.315992
v 0.430570 1.602602 1.315992
v 0.430570 1.521713 1.315992
v 0.518720 1.674395 1.315992
v 0.448668 1.633949 1.315992
v 0.518720 1.449921 0.756792
v 0.448668 1.490365 0.756792
v 0.624970 1.490365 0.756792
v 0.554918 1.449921 0.756792
v 0.643068 1.602602 0.756792
v 0.643068 1.521713 0.756792
v 0.554918 1.674395 0.756792
v 0.624970 1.633949 0.756792
v 0.448668 1.633949 0.756792
v 0.518720 1.674395 0.756792
v 0.430570 1.521713 0.756792
v 0.430570 1.602602 0.756792
v 0.511639 2.191505 0.683172
v 0.483134 2.191505 0.666714
v 0.590504 2.191505 0.666714
v 0.561999 2.191505 0.683172
v 0.615683 2.191505 0.590187
v 0.615683 2.191505 0.623102
v 0.561999 2.191505 0.530117
v 0.590504 2.191505 0.546575
v 0.483134 2.191505 0.546575
v 0.511639 2.191505 0.530117
v 0.457955 2.191505 0.623102
v 0.457955 2.191505 0.590187
v 0.590504 2.341505 0.546575
v 0.561999 2.341505 0.530117
v 0.576602 2.350041 0.537739
v 0.561999 2.341505 0.683172
v 0.590504 2.341505 0.666714
v 0.576601 2.350041 0.675550
v 0.483134 2.341505 0.666714
v 0.511639 2.341505 0.683172
v 0.497036 2.350041 0.675550
v 0.457955 2.341505 0.590187
v 0.457955 2.341505 0.623102
v 0.457254 2.350041 0.606644
v 0.615683 2.341505 0.623102
v 0.615683 2.341505 0.590187
v 0.616385 2.350041 0.606644
v 0.511639 2.341505 0.530117
v 0.483134 2.341505 0.546575
v 0.497036 2.350041 0.537739
v 0.464116 1.589287 1.715992
v 0.464116 1.535028 1.715992
v 0.523962 1.638684 1.715992
v 0.476973 1.611555 1.715992
v 0.523962 1.485630 1.315992
v 0.476973 1.512760 1.315992
v 0.596665 1.512760 1.315992
v 0.549675 1.485630 1.315992
v 0.609522 1.589287 1.315992
v 0.609522 1.535028 1.315992
v 0.549676 1.638684 1.315992
v 0.596666 1.611555 1.315992
v 0.476973 1.611555 1.315992
v 0.523962 1.638684 1.315992
v 0.464116 1.535028 1.315992
v 0.464116 1.589287 1.315992
v 0.596666 1.611555 1.715992
v 0.549676 1.638684 1.715992
v 0.609522 1.535028 1.715992
v 0.609522 1.589287 1.715992
v 0.549675 1.485630 1.715992
v 0.596665 1.512760 1.715992
v 0.476973 1.512760 1.715992
v 0.523962 1.485630 1.715992
v -0.157590 1.426227 0.740954
v -0.157590 1.476097 0.777187
v -0.157590 1.647715 0.777187
v -0.157590 1.697585 0.740954
v -0.157590 1.750618 0.577735
v -0.157590 1.731569 0.519109
v -0.157590 1.592728 0.418235
v -0.157590 1.531084 0.418235
v -0.157590 1.392242 0.519109
v -0.157590 1.373193 0.577736
v -0.157590 1.728444 0.694138
v -0.157590 1.748066 0.633749
v -0.157590 1.530157 0.792068
v -0.157590 1.593655 0.792068
v -0.157590 1.696580 0.475294
v -0.157590 1.645210 0.437971
v -0.157590 1.478601 0.437971
v -0.157590 1.427231 0.475294
v -0.157590 1.375746 0.633749
v -0.157590 1.395368 0.694138
v 2.391493 1.697585 0.740954
v 2.391493 1.647715 0.777187
v 2.391493 1.731569 0.519109
v 2.391493 1.750618 0.577735
v 2.391493 1.476097 0.777187
v 2.391493 1.426227 0.740954
v 2.391493 1.373193 0.577736
v 2.391493 1.392242 0.519109
v 2.391493 1.748066 0.633749
v 2.391493 1.728444 0.694138
v 2.391493 1.593655 0.792068
v 2.391493 1.530157 0.792068
v 2.391493 1.645210 0.437971
v 2.391493 1.696580 0.475294
v 2.391493 1.395368 0.694138
v 2.391493 1.375746 0.633749
v 2.391493 1.427231 0.475294
v 2.391493 1.478601 0.437971
v 2.391493 1.531084 0.418235
v 2.391493 1.592729 0.418235
v -0.063182 1.388067 0.678649
v -0.063182 1.373745 0.606644
v -0.063182 1.735742 0.534638
v -0.063182 1.750064 0.606644
v -0.063182 1.388067 0.534638
v -0.063182 1.735742 0.678649
v -0.063182 1.428855 0.473594
v -0.063182 1.694954 0.739693
v -0.063182 1.489900 0.432806
v -0.063182 1.633910 0.780481
v -0.063182 1.561904 0.418484
v -0.063182 1.561904 0.794804
v -0.063182 1.489900 0.780481
v -0.063182 1.633910 0.432806
v -0.063182 1.428855 0.739693
v -0.063182 1.694953 0.473594
v -0.348183 1.455003 0.864725
v -0.348183 1.561904 0.885989
v -0.348183 1.364377 0.804171
v -0.348183 1.303822 0.713544
v -0.348183 1.282558 0.606643
v -0.348183 1.303822 0.499742
v -0.348183 1.364377 0.409115
v -0.348183 1.455003 0.348560
v -0.348183 1.561904 0.327296
v -0.348183 1.668806 0.348560
v -0.348183 1.759432 0.409115
v -0.348183 1.819987 0.499742
v -0.348183 1.841251 0.606642
v -0.348183 1.819987 0.713544
v -0.348183 1.759432 0.804171
v -0.348183 1.668806 0.864725
v -0.063183 1.355039 0.692330
v -0.063183 1.768771 0.520957
v -0.063183 1.561904 0.830554
v -0.063183 1.337994 0.606644
v -0.063183 1.785815 0.606644
v -0.063183 1.355039 0.520957
v -0.063183 1.768771 0.692330
v -0.063183 1.403576 0.448315
v -0.063183 1.720233 0.764972
v -0.063183 1.476218 0.399777
v -0.063183 1.647591 0.813510
v -0.063183 1.561904 0.382733
v -0.063183 1.476218 0.813510
v -0.063183 1.647591 0.399777
v -0.063183 1.403576 0.764972
v -0.063183 1.720233 0.448315
v -0.348183 1.476218 0.813510
v -0.348183 1.561904 0.830554
v -0.348183 1.403576 0.764972
v -0.348183 1.355039 0.692330
v -0.348183 1.337994 0.606644
v -0.348183 1.355039 0.520957
v -0.348183 1.403576 0.448315
v -0.348183 1.476218 0.399777
v -0.348183 1.561904 0.382733
v -0.348183 1.647591 0.399777
v -0.348183 1.720233 0.448315
v -0.348183 1.768771 0.520957
v -0.348183 1.785815 0.606644
v -0.348183 1.768771 0.692330
v -0.348183 1.720233 0.764972
v -0.348183 1.647591 0.813510
v -0.802296 1.681138 1.406643
v -0.841038 1.561904 1.406643
v -0.700869 1.754829 1.406643
v -0.575499 1.754829 1.406643
v -0.474072 1.681138 1.406643
v -0.435330 1.561904 1.406643
v -0.474072 1.442669 1.406643
v -0.575499 1.368978 1.406643
v -0.700869 1.368978 1.406644
v -0.802296 1.442669 1.406643
v -0.802296 1.681138 1.606643
v -0.841038 1.561904 1.606643
v -0.669425 1.754829 1.575199
v -0.606943 1.754829 1.575199
v -0.474072 1.681138 1.606643
v -0.435330 1.561904 1.606643
v -0.474072 1.442669 1.606643
v -0.575499 1.368978 1.606643
v -0.700869 1.368978 1.606643
v -0.802296 1.442669 1.606643
v -0.396554 1.443814 0.357859
v -0.411660 1.397324 0.389492
v -0.449170 1.370070 0.409115
v -0.392479 1.456355 0.348560
v -0.396554 1.679995 0.855426
v -0.411659 1.726483 0.823794
v -0.449173 1.753738 0.804171
v -0.392480 1.667454 0.864725
v -0.359300 1.558472 0.328047
v -0.358184 1.561904 0.327297
v -0.358184 1.561904 0.327296
v -0.388475 1.468677 0.867445
v -0.358184 1.561904 0.885989
v -0.358184 1.561904 0.885989
v -0.392479 1.456355 0.864725
v -0.359300 1.565338 0.885239
v -0.388476 1.655131 0.345840
v -0.392480 1.667454 0.348560
v -0.423861 1.388459 0.818719
v -0.411660 1.397324 0.824891
v -0.449170 1.370070 0.804171
v -0.411659 1.726483 0.388393
v -0.423863 1.735351 0.394566
v -0.449173 1.753738 0.409115
v -0.491359 1.339418 0.754736
v -0.522662 1.316676 0.713544
v -0.491361 1.784390 0.458548
v -0.522665 1.807134 0.499742
v -0.533594 1.308733 0.669566
v -0.547721 1.298469 0.606643
v -0.533597 1.815076 0.543719
v -0.547724 1.825340 0.606642
v -0.537171 1.306134 0.563878
v -0.522662 1.316675 0.499742
v -0.537174 1.817675 0.649406
v -0.522665 1.807134 0.713544
v -0.478230 1.348957 0.446530
v -0.478234 1.774852 0.766754
v -0.918184 1.561904 -0.006690
v -0.918184 1.561904 1.219977
v -0.864709 1.726483 1.219977
v -0.864709 1.726483 -0.006690
v -0.724709 1.828199 1.219977
v -0.724709 1.828199 -0.006690
v -0.551659 1.828199 1.219977
v -0.551659 1.828199 -0.006690
v -0.411659 1.726483 1.219977
v -0.411659 1.726483 -0.006690
v -0.358184 1.561904 1.219977
v -0.358184 1.561904 -0.006690
v -0.411660 1.397324 1.219977
v -0.411660 1.397324 -0.006690
v -0.551659 1.295608 1.219977
v -0.551659 1.295608 -0.006690
v -0.724709 1.295608 1.219977
v -0.724709 1.295608 -0.006690
v -0.864709 1.397324 1.219977
v -0.864709 1.397324 -0.006690
v -0.669425 1.754829 1.538087
v -0.606943 1.754829 1.538087
v -0.700869 1.754829 1.606643
v -0.575499 1.754829 1.606643
v -0.575499 1.754829 1.506643
v -0.700869 1.754829 1.506643
v -0.663177 2.254829 1.571488
v -0.613191 2.254829 1.571488
v -0.613191 2.254829 1.541798
v -0.663177 2.254829 1.541798
v -1.105897 1.860100 1.318962
v -1.105897 1.754149 1.464644
v -1.105897 1.829067 1.421975
v -1.105897 1.374050 1.464644
v -1.105897 1.268099 1.318962
v -1.105897 1.299132 1.421975
v -1.105897 1.754149 -0.251356
v -1.105897 1.860100 -0.105674
v -1.105897 1.829067 -0.208687
v -1.105897 1.268099 -0.105674
v -1.105897 1.374050 -0.251356
v -1.105897 1.299132 -0.208687
v -1.705897 1.754149 1.464644
v -1.705897 1.860099 1.318962
v -1.705897 1.829067 1.421975
v -1.705897 1.268099 1.318962
v -1.705897 1.374050 1.464644
v -1.705897 1.299132 1.421975
v -1.705897 1.860099 -0.105674
v -1.705897 1.754149 -0.251356
v -1.705897 1.829067 -0.208687
v -1.705897 1.374050 -0.251356
v -1.705897 1.268099 -0.105674
v -1.705897 1.299132 -0.208687
v -1.985896 1.534100 -0.026265
v -1.985896 1.600554 -0.008459
v -1.985896 1.649202 0.040189
v -1.985896 1.667009 0.106644
v -1.985896 1.649202 0.173099
v -1.985896 1.600554 0.221747
v -1.985896 1.534100 0.239553
v -1.985896 1.467646 0.221747
v -1.985896 1.418997 0.173098
v -1.985896 1.401190 0.106644
v -1.985896 1.418997 0.040189
v -1.985896 1.467646 -0.008459
v -1.805896 1.534100 -0.075356
v -1.805896 1.625100 -0.050973
v -1.805896 1.691716 0.015644
v -1.805896 1.716100 0.106644
v -1.805896 1.691716 0.197644
v -1.805896 1.625100 0.264261
v -1.805896 1.534100 0.288644
v -1.805896 1.443099 0.264261
v -1.805896 1.376483 0.197644
v -1.805896 1.352099 0.106644
v -1.805896 1.376483 0.015644
v -1.805896 1.443099 -0.050973
v -1.705896 1.534100 -0.111756
v -1.705896 1.643300 -0.082496
v -1.805896 1.643300 -0.082496
v -1.705896 1.723239 -0.002556
v -1.805896 1.723239 -0.002556
v -1.705896 1.752500 0.106644
v -1.805896 1.752500 0.106644
v -1.705896 1.723239 0.215844
v -1.805896 1.723239 0.215844
v -1.705896 1.643300 0.295784
v -1.805896 1.643300 0.295784
v -1.705896 1.534100 0.325044
v -1.805896 1.534100 0.325044
v -1.705896 1.424899 0.295784
v -1.805896 1.424899 0.295784
v -1.705896 1.344958 0.215844
v -1.805896 1.344961 0.215844
v -1.705896 1.315700 0.106644
v -1.805896 1.315700 0.106644
v -1.705896 1.344958 -0.002556
v -1.805896 1.344961 -0.002556
v -1.705896 1.424899 -0.082496
v -1.805896 1.424899 -0.082496
v -1.805896 1.534100 -0.111756
v -1.285897 1.328100 -0.409356
v -1.525897 1.328100 -0.409356
v -1.285897 1.568100 -0.249356
v -1.285897 1.328100 -0.249356
v -1.525897 1.568100 -0.249356
v -1.525897 1.328100 -0.249356
v -1.285897 1.448100 -0.409356
v -1.525897 1.448100 -0.409356
v -1.525897 1.448100 -0.249356
v -1.285897 1.448100 -0.249356
v -1.705897 1.684100 1.206644
v -1.705897 1.444100 1.206644
v -1.705897 1.684100 0.406644
v -1.705897 1.444100 0.406644
v -1.805897 1.612559 1.135103
v -1.805897 1.515641 1.135103
v -1.805897 1.612559 0.478185
v -1.805897 1.515641 0.478185
v -1.985896 1.625100 -0.050973
v -1.985896 1.534100 -0.075356
v -1.985896 1.691716 0.015644
v -1.985896 1.716100 0.106644
v -1.985896 1.691716 0.197644
v -1.985896 1.625100 0.264261
v -1.985896 1.534100 0.288644
v -1.985896 1.443100 0.264261
v -1.985896 1.376483 0.197644
v -1.985896 1.352099 0.106644
v -1.985896 1.376483 0.015644
v -1.985896 1.443100 -0.050973
v -1.885897 1.600554 -0.008459
v -1.885897 1.534100 -0.026265
v -1.885897 1.649202 0.040189
v -1.885897 1.667009 0.106644
v -1.885897 1.649202 0.173099
v -1.885897 1.600554 0.221747
v -1.885897 1.534100 0.239553
v -1.885897 1.467646 0.221747
v -1.885897 1.418997 0.173098
v -1.885897 1.401190 0.106644
v -1.885897 1.418997 0.040189
v -1.885897 1.467646 -0.008459
v -1.805897 1.612559 0.806644
v -1.805897 1.515641 0.806644
v -1.805897 1.444100 0.406644
v -1.805897 1.684100 0.406644
v -1.805897 1.684100 0.806644
v -1.805897 1.444100 0.806644
v -1.805897 1.444100 1.206644
v -1.805897 1.684100 1.206644
v -1.805897 1.515641 0.642414
v -1.805897 1.612559 0.642414
v -1.805897 1.612559 0.970873
v -1.805897 1.515641 0.970873
v -1.735896 1.535025 0.511031
v -1.735896 1.593176 0.511031
v -1.735896 1.593176 0.609569
v -1.735896 1.535025 1.003719
v -1.735896 1.535025 1.102257
v -1.735896 1.593176 1.102257
v -1.735896 1.535025 0.609569
v -1.735896 1.593176 1.003719
v -0.655897 1.279099 -0.006690
v -0.655897 1.279099 1.219977
v -0.820476 1.332573 1.219977
v -0.820476 1.332573 -0.006690
v -0.922192 1.472574 1.219977
v -0.922192 1.472574 -0.006690
v -0.922192 1.645623 1.219977
v -0.922192 1.645623 -0.006690
v -0.820476 1.785623 1.219977
v -0.820476 1.785623 -0.006690
v -0.655897 1.839098 1.219977
v -0.655897 1.839098 -0.006690
v -0.491317 1.785623 1.219977
v -0.491317 1.785623 -0.006690
v -0.389601 1.645623 1.219977
v -0.389601 1.645623 -0.006690
v -0.389601 1.472574 1.219977
v -0.389601 1.472574 -0.006690
v -0.491317 1.332574 1.219977
v -0.491317 1.332574 -0.006690
v -0.655897 1.251099 -0.193357
v -0.836934 1.309921 -0.193357
v -0.775131 1.394986 1.406643
v -0.655897 1.356245 1.406643
v -0.655897 1.251099 1.219977
v -0.836934 1.309921 -0.006690
v -0.948822 1.463921 -0.193357
v -0.848822 1.496413 1.406643
v -0.948822 1.463921 -0.006690
v -0.948822 1.654276 -0.193357
v -0.848822 1.621784 1.406643
v -0.948822 1.654276 -0.006690
v -0.836934 1.808276 -0.193357
v -0.775131 1.723211 1.406643
v -0.836934 1.808276 -0.006690
v -0.655897 1.867099 -0.193357
v -0.655897 1.761952 1.406643
v -0.655897 1.867099 -0.006690
v -0.474859 1.808276 -0.193357
v -0.536662 1.723211 1.406643
v -0.474859 1.808276 -0.006690
v -0.362971 1.654276 -0.193357
v -0.462971 1.621784 1.406643
v -0.362971 1.654276 -0.006690
v -0.362971 1.463921 -0.193357
v -0.462971 1.496413 1.406644
v -0.362971 1.463921 -0.006690
v -0.474859 1.309921 -0.193357
v -0.536662 1.394987 1.406643
v -0.474859 1.309921 -0.006690
v -0.655897 1.251099 -0.006690
v -0.836934 1.309921 1.219977
v -0.948822 1.463921 1.219977
v -0.948822 1.654276 1.219977
v -0.836934 1.808276 1.219977
v -0.655897 1.867099 1.219977
v -0.474859 1.808276 1.219977
v -0.362971 1.654276 1.219977
v -0.362971 1.463921 1.219977
v -0.474859 1.309921 1.219977
v -0.836934 1.309921 1.406643
v -0.655897 1.251099 1.406643
v -0.948822 1.463921 1.406643
v -0.948822 1.654276 1.406643
v -0.836934 1.808276 1.406643
v -0.655897 1.867099 1.406643
v -0.474859 1.808276 1.406643
v -0.362971 1.654276 1.406644
v -0.362971 1.463921 1.406644
v -0.474859 1.309921 1.406643
v -1.105967 1.309921 -0.006690
v -1.105967 1.309921 -0.193357
v -1.105967 1.463921 -0.193357
v -1.105967 1.463921 1.406643
v -1.105967 1.309921 1.406643
v -1.105967 1.463921 -0.006690
v -1.105967 1.654276 -0.006690
v -1.105967 1.654276 -0.193357
v -1.105967 1.808276 -0.193357
v -1.105967 1.808276 1.406643
v -1.105967 1.654276 1.406643
v -1.105967 1.808276 -0.006690
v -1.105967 1.309921 1.219977
v -1.105967 1.463921 1.219977
v -1.105967 1.654276 1.219977
v -1.105967 1.808276 1.219977
v -2.448700 1.456485 0.776486
v -2.448700 1.456485 0.946486
v -2.362098 1.406485 0.776486
v -2.362098 1.406485 0.946486
v -2.362098 1.306485 0.776486
v -2.362098 1.306485 0.946486
v -2.448700 1.256485 0.776486
v -2.448700 1.256485 0.946486
v -2.535302 1.306485 0.776486
v -2.535302 1.306485 0.946486
v -2.535302 1.406485 0.776486
v -2.535302 1.406485 0.946486
v -2.448700 1.486485 0.777486
v -2.336117 1.421485 0.777486
v -2.336117 1.291485 0.777486
v -2.448700 1.226485 0.777486
v -2.561283 1.291485 0.777486
v -2.561283 1.421485 0.777486
v -2.448700 1.486485 0.635486
v -2.336117 1.421485 0.635486
v -2.336117 1.291485 0.635486
v -2.448700 1.226485 0.635486
v -2.561283 1.291485 0.635486
v -2.561283 1.421485 0.635486
v -2.613700 1.236485 0.806486
v -2.613700 1.236485 0.606486
v -2.283700 1.236485 0.806486
v -2.283700 1.236485 0.606486
v -2.336115 1.236485 0.606486
v -2.561286 1.236485 0.606486
v -2.561286 1.236485 0.806486
v -2.336115 1.236485 0.806486
v -2.613700 1.403554 0.806486
v -2.613700 1.456485 0.753554
v -2.613700 1.430019 0.799394
v -2.613700 1.449394 0.780020
v -2.613700 1.456485 0.659417
v -2.613700 1.403554 0.606486
v -2.613700 1.449394 0.632952
v -2.613700 1.430019 0.613577
v -2.283700 1.456485 0.753554
v -2.283700 1.403554 0.806486
v -2.283700 1.449394 0.780020
v -2.283700 1.430019 0.799394
v -2.283700 1.403554 0.606486
v -2.283700 1.456485 0.659417
v -2.283700 1.430019 0.613577
v -2.283700 1.449394 0.632952
v -2.561286 1.403554 0.606486
v -2.561286 1.456485 0.659417
v -2.561286 1.430019 0.613577
v -2.561286 1.449394 0.632952
v -2.336115 1.456485 0.659417
v -2.336115 1.403554 0.606486
v -2.336115 1.449394 0.632952
v -2.336115 1.430019 0.613577
v -2.336115 1.403554 0.806486
v -2.336115 1.456485 0.753554
v -2.336115 1.430019 0.799394
v -2.336115 1.449394 0.780020
v -2.561286 1.456485 0.753554
v -2.561286 1.403554 0.806486
v -2.561286 1.449394 0.780020
v -2.561286 1.430019 0.799394
v -2.278700 1.236485 0.606486
v -2.278700 1.236485 0.806486
v -2.618699 1.236485 0.606486
v -2.618699 1.236485 0.806486
v -2.308700 1.176485 0.636486
v -2.308700 1.176485 0.776486
v -2.588700 1.176485 0.776486
v -2.588700 1.176485 0.636486
v -2.278700 1.176485 0.606486
v -2.278700 1.176485 0.806486
v -2.618699 1.176485 0.806486
v -2.618699 1.176485 0.606486
v -2.308700 1.026485 0.636486
v -2.308700 1.026485 0.776486
v -2.588700 1.026485 0.776486
v -2.588700 1.026485 0.636486
v -2.562040 1.001906 -0.420618
v -2.415361 1.001906 -0.420618
v -2.307481 1.001906 -0.375933
v -2.203763 1.001906 -0.272215
v -2.159078 1.001906 -0.164335
v -2.159078 1.001906 -0.017657
v -2.203763 1.001906 0.090223
v -2.307481 1.001906 0.193941
v -2.415361 1.001906 0.238626
v -2.562040 1.001906 0.238626
v -2.669919 1.001906 0.193941
v -2.773637 1.001906 0.090223
v -2.818322 1.001906 -0.017657
v -2.818322 1.001906 -0.164335
v -2.773637 1.001906 -0.272215
v -2.669919 1.001906 -0.375933
v -2.203763 1.721908 -0.272215
v -2.307481 1.721908 -0.375933
v -2.415361 1.721908 -0.420618
v -2.562040 1.721908 -0.420618
v -2.159078 1.721908 -0.017657
v -2.159078 1.721908 -0.164335
v -2.307481 1.721908 0.193941
v -2.203763 1.721908 0.090223
v -2.562040 1.721908 0.238626
v -2.415361 1.721908 0.238626
v -2.773637 1.721908 0.090223
v -2.669919 1.721908 0.193941
v -2.818322 1.721908 -0.164335
v -2.818322 1.721908 -0.017657
v -2.669919 1.721908 -0.375933
v -2.773637 1.721908 -0.272215
v -2.441011 2.221908 -0.160644
v -2.419051 2.221908 -0.138685
v -2.504228 2.221908 -0.173966
v -2.473173 2.221908 -0.173966
v -2.405730 2.221908 -0.106524
v -2.405730 2.221908 -0.075468
v -2.419051 2.221908 -0.043307
v -2.441011 2.221908 -0.021347
v -2.473173 2.221908 -0.008026
v -2.504228 2.221908 -0.008026
v -2.536389 2.221908 -0.021347
v -2.558349 2.221908 -0.043307
v -2.571670 2.221908 -0.075468
v -2.571670 2.221908 -0.106524
v -2.558349 2.221908 -0.138685
v -2.536389 2.221908 -0.160644
v -2.419051 4.221907 -0.138687
v -2.441011 4.221907 -0.160646
v -2.473173 4.221907 -0.173968
v -2.504228 4.221907 -0.173968
v -2.405730 4.221907 -0.075470
v -2.405730 4.221907 -0.106526
v -2.441011 4.221907 -0.021349
v -2.419051 4.221907 -0.043309
v -2.504228 4.221907 -0.008028
v -2.473173 4.221907 -0.008028
v -2.558349 4.221907 -0.043309
v -2.536389 4.221907 -0.021349
v -2.571670 4.221907 -0.106526
v -2.571670 4.221907 -0.075470
v -2.536389 4.221907 -0.160646
v -2.558349 4.221907 -0.138687
v -2.524333 1.721908 -0.273878
v -2.453068 1.721908 -0.273878
v -2.384580 1.721908 -0.245509
v -2.334187 1.721908 -0.195117
v -2.305818 1.721908 -0.126629
v -2.305818 1.721908 -0.055363
v -2.334187 1.721908 0.013125
v -2.384580 1.721908 0.063517
v -2.453068 1.721908 0.091886
v -2.524333 1.721908 0.091886
v -2.592821 1.721908 0.063517
v -2.643213 1.721908 0.013125
v -2.671582 1.721908 -0.055363
v -2.671582 1.721908 -0.126629
v -2.643213 1.721908 -0.195117
v -2.592821 1.721908 -0.245509
v -2.334187 2.221908 -0.195117
v -2.384580 2.221908 -0.245509
v -2.453068 2.221908 -0.273878
v -2.524333 2.221908 -0.273878
v -2.305818 2.221908 -0.055363
v -2.305818 2.221908 -0.126629
v -2.384580 2.221908 0.063517
v -2.334187 2.221908 0.013125
v -2.524333 2.221908 0.091886
v -2.453068 2.221908 0.091886
v -2.643213 2.221908 0.013125
v -2.592821 2.221908 0.063517
v -2.671582 2.221908 -0.126629
v -2.671582 2.221908 -0.055363
v -2.592821 2.221908 -0.245509
v -2.643213 2.221908 -0.195117
v -3.234557 0.716390 -2.393356
v -3.234557 0.716390 -1.893356
v -0.834558 -0.163611 -2.393356
v -0.834558 -0.163611 -1.893356
v -0.834558 0.716390 -1.893356
v -0.834558 0.716390 -2.393356
v -0.128702 0.416389 -2.393356
v -0.128702 0.416389 -1.893356
v -0.128702 -0.163611 -1.893356
v -0.128702 -0.163611 -2.393356
v 1.331298 -0.163611 -1.893356
v 1.331298 0.431389 -1.893356
v 1.331298 0.431389 -2.393356
v 1.331298 -0.163611 -2.393356
v 3.431299 0.431389 -1.893356
v 3.431299 -0.163611 -1.893356
v 3.431299 0.431389 -2.393356
v 3.431299 -0.163611 -2.393356
v 2.781298 -0.163611 -1.893356
v 2.781298 0.431389 -1.893356
v 3.431299 0.431389 -3.293356
v 3.231298 0.431389 -3.493356
v 3.372720 0.431389 -3.434777
v 3.231298 -0.163611 -3.493356
v 3.431299 -0.163611 -3.293356
v 3.372720 -0.163611 -3.434777
v 2.981298 -0.163611 -3.493356
v 2.839877 -0.163611 -3.434777
v 2.981298 0.431389 -3.493356
v 2.839877 0.431389 -3.434777
v 2.781298 0.631390 -2.393356
v 3.431299 0.631390 -2.393356
v 3.372720 0.631389 -3.434777
v 3.431299 0.631389 -3.293356
v 3.231298 0.631389 -3.493356
v 2.839877 0.631389 -3.434777
v 2.981298 0.631389 -3.493356
v 2.781298 0.631389 -3.293356
v -2.486012 0.267852 -3.302357
v -2.486012 0.267852 -2.602356
v -2.411012 0.247757 -3.302357
v -2.411012 0.247757 -2.602356
v -2.356108 0.192853 -3.302357
v -2.356108 0.192853 -2.602356
v -2.336012 0.117853 -3.302357
v -2.336012 0.117853 -2.602356
v -2.356108 0.042853 -3.302357
v -2.356108 0.042853 -2.602356
v -2.411012 -0.012051 -3.302357
v -2.411012 -0.012051 -2.602356
v -2.486012 -0.032147 -3.302357
v -2.486012 -0.032147 -2.602356
v -2.561012 -0.012051 -3.302357
v -2.561012 -0.012051 -2.602356
v -2.615916 0.042853 -3.302357
v -2.615916 0.042853 -2.602356
v -2.636012 0.117853 -3.302357
v -2.636012 0.117853 -2.602356
v -2.615916 0.192853 -3.302357
v -2.615916 0.192853 -2.602356
v -2.561012 0.247757 -3.302357
v -2.561012 0.247757 -2.602356
v -3.234557 0.416389 -2.693356
v -0.834558 0.416389 -2.693356
v -0.834558 -0.163611 -2.693356
v -3.234557 0.007092 -1.893356
v -3.063855 -0.163611 -1.893356
v -3.234557 0.007092 -2.393356
v -3.063855 -0.163611 -2.393356
v -3.063855 -0.163611 -2.693356
v -3.234557 0.007092 -2.693356
v -1.486011 0.267851 -3.302356
v -1.486011 0.267851 -2.602355
v -1.411012 0.247756 -3.302356
v -1.411012 0.247756 -2.602355
v -1.356108 0.192852 -3.302356
v -1.356108 0.192852 -2.602355
v -1.336011 0.117851 -3.302356
v -1.336011 0.117851 -2.602355
v -1.356108 0.042852 -3.302356
v -1.356108 0.042852 -2.602355
v -1.411012 -0.012052 -3.302356
v -1.411012 -0.012052 -2.602355
v -1.486011 -0.032147 -3.302356
v -1.486011 -0.032147 -2.602355
v -1.561012 -0.012052 -3.302356
v -1.561012 -0.012052 -2.602355
v -1.615915 0.042852 -3.302356
v -1.615915 0.042852 -2.602355
v -1.636011 0.117851 -3.302356
v -1.636011 0.117851 -2.602355
v -1.615915 0.192852 -3.302356
v -1.615915 0.192852 -2.602355
v -1.561012 0.247756 -3.302356
v -1.561012 0.247756 -2.602355
v 2.781298 0.431389 -2.393356
v 2.781298 -0.163611 -2.393356
v 2.781298 -0.163611 -3.293356
v 2.781298 0.431389 -3.293356
v 2.781298 0.054870 -2.813356
v 2.781298 -0.043611 -2.911836
v 2.781298 -0.014768 -2.842200
v 2.781298 0.311389 -2.911836
v 2.781298 0.212907 -2.813356
v 2.781298 0.282545 -2.842200
v 2.781298 -0.043611 -3.074875
v 2.781298 0.054870 -3.173356
v 2.781298 -0.014768 -3.144512
v 2.781298 0.212907 -3.173356
v 2.781298 0.311389 -3.074875
v 2.781298 0.282545 -3.144512
v 1.881298 0.212907 -2.813356
v 1.881298 0.311389 -2.911836
v 1.881298 0.282545 -2.842200
v 1.881298 -0.043611 -2.911836
v 1.881298 0.054870 -2.813356
v 1.881298 -0.014768 -2.842200
v 1.881298 0.054870 -3.173356
v 1.881298 -0.043611 -3.074875
v 1.881298 -0.014768 -3.144512
v 1.881298 0.311389 -3.074875
v 1.881298 0.212907 -3.173356
v 1.881298 0.282545 -3.144512
v 3.181298 -0.463611 -2.393356
v 3.181298 -0.463611 -1.893356
v 2.781298 -0.463611 -2.393356
v 2.781298 -0.463611 -1.893356
v -3.234557 0.716390 2.206644
v -3.234557 0.716390 1.706644
v -0.834558 -0.163611 2.206644
v -0.834558 -0.163611 1.706644
v -0.834558 0.716390 1.706644
v -0.834558 0.716390 2.206644
v -0.128702 0.416389 2.206644
v -0.128702 0.416389 1.706644
v -0.128702 -0.163611 1.706644
v -0.128702 -0.163611 2.206644
v 1.331298 -0.163611 1.706644
v 1.331298 0.431389 1.706644
v 1.331298 0.431389 2.206644
v 1.331298 -0.163611 2.206644
v 3.431299 0.431389 1.706644
v 3.431299 -0.163611 1.706644
v 3.431299 0.431389 2.206644
v 3.431299 -0.163611 2.206644
v 2.781298 -0.163611 1.706644
v 2.781298 0.431389 1.706644
v 3.431299 0.431389 3.106644
v 3.231298 0.431389 3.306644
v 3.372720 0.431389 3.248065
v 3.231298 -0.163611 3.306644
v 3.431299 -0.163611 3.106644
v 3.372720 -0.163611 3.248065
v 2.981298 -0.163611 3.306644
v 2.839877 -0.163611 3.248065
v 2.981298 0.431389 3.306644
v 2.839877 0.431389 3.248065
v 2.781298 0.631390 2.206644
v 3.431299 0.631390 2.206644
v 3.372720 0.631390 3.248065
v 3.431299 0.631390 3.106644
v 3.231298 0.631390 3.306644
v 2.839877 0.631390 3.248065
v 2.981298 0.631390 3.306644
v 2.781298 0.631390 3.106644
v -2.486012 0.267853 3.115644
v -2.486012 0.267853 2.415643
v -2.411012 0.247757 3.115644
v -2.411012 0.247757 2.415643
v -2.356108 0.192853 3.115644
v -2.356108 0.192853 2.415643
v -2.336012 0.117853 3.115644
v -2.336012 0.117853 2.415643
v -2.356108 0.042853 3.115644
v -2.356108 0.042853 2.415643
v -2.411012 -0.012051 3.115644
v -2.411012 -0.012051 2.415643
v -2.486012 -0.032147 3.115644
v -2.486012 -0.032147 2.415643
v -2.561012 -0.012051 3.115644
v -2.561012 -0.012051 2.415643
v -2.615916 0.042853 3.115644
v -2.615916 0.042853 2.415643
v -2.636012 0.117853 3.115644
v -2.636012 0.117853 2.415643
v -2.615916 0.192853 3.115644
v -2.615916 0.192853 2.415643
v -2.561012 0.247757 3.115644
v -2.561012 0.247757 2.415643
v -3.234557 0.416389 2.506644
v -0.834558 0.416389 2.506644
v -0.834558 -0.163611 2.506644
v -3.234557 0.007092 1.706644
v -3.063855 -0.163611 1.706644
v -3.234557 0.007092 2.206644
v -3.063855 -0.163611 2.206644
v -3.063855 -0.163611 2.506644
v -3.234557 0.007092 2.506644
v -1.486011 0.267852 3.115644
v -1.486011 0.267852 2.415643
v -1.411012 0.247756 3.115644
v -1.411012 0.247756 2.415643
v -1.356108 0.192852 3.115644
v -1.356108 0.192852 2.415643
v -1.336011 0.117852 3.115644
v -1.336011 0.117852 2.415643
v -1.356108 0.042852 3.115644
v -1.356108 0.042852 2.415643
v -1.411012 -0.012052 3.115644
v -1.411012 -0.012052 2.415643
v -1.486011 -0.032147 3.115644
v -1.486011 -0.032147 2.415643
v -1.561012 -0.012052 3.115644
v -1.561012 -0.012052 2.415643
v -1.615915 0.042852 3.115644
v -1.615915 0.042852 2.415643
v -1.636011 0.117852 3.115644
v -1.636011 0.117852 2.415643
v -1.615915 0.192852 3.115644
v -1.615915 0.192852 2.415643
v -1.561012 0.247756 3.115644
v -1.561012 0.247756 2.415643
v 2.781298 0.431389 2.206644
v 2.781298 -0.163611 2.206644
v 2.781298 -0.163611 3.106644
v 2.781298 0.431389 3.106644
v 2.781298 0.054870 2.626644
v 2.781298 -0.043611 2.725124
v 2.781298 -0.014767 2.655488
v 2.781298 0.311389 2.725124
v 2.781298 0.212908 2.626644
v 2.781298 0.282545 2.655488
v 2.781298 -0.043611 2.888163
v 2.781298 0.054870 2.986644
v 2.781298 -0.014767 2.957800
v 2.781298 0.212908 2.986644
v 2.781298 0.311389 2.888163
v 2.781298 0.282545 2.957800
v 1.881298 0.212908 2.626644
v 1.881298 0.311389 2.725124
v 1.881298 0.282545 2.655488
v 1.881298 -0.043611 2.725124
v 1.881298 0.054870 2.626644
v 1.881298 -0.014767 2.655488
v 1.881298 0.054870 2.986644
v 1.881298 -0.043611 2.888163
v 1.881298 -0.014767 2.957800
v 1.881298 0.311389 2.888163
v 1.881298 0.212908 2.986644
v 1.881298 0.282545 2.957800
v 3.181298 -0.463611 2.206644
v 3.181298 -0.463611 1.706644
v 2.781298 -0.463611 2.206644
v 2.781298 -0.463611 1.706644
v -2.307780 1.423945 1.496486
v -2.446806 1.430697 1.496486
v -2.587631 1.427175 1.496486
v -2.311057 1.276198 1.496486
v -2.451292 1.283010 1.496486
v -2.587631 1.279376 1.496486
v -2.285501 1.237989 1.496486
v -2.280586 1.459593 1.496486
v -2.446584 1.467655 1.496486
v -2.451499 1.246050 1.496486
v -2.614022 1.463468 1.496486
v -2.614022 1.241718 1.496486
v -2.311057 1.276198 1.386486
v -2.307780 1.423945 1.386486
v -2.446806 1.430697 1.386486
v -2.451292 1.283010 1.386486
v -2.587631 1.427175 1.386486
v -2.587631 1.279376 1.386486
v -2.499798 1.452062 2.287304
v -2.397606 1.452062 2.287304
v -2.334479 1.452235 2.274748
v -2.240066 1.452779 2.235643
v -2.186549 1.453277 2.199886
v -2.114289 1.454280 2.127628
v -2.078529 1.455023 2.074114
v -2.039423 1.456335 1.979705
v -2.026866 1.457212 1.916581
v -2.026866 1.458632 1.814396
v -2.039423 1.459509 1.751270
v -2.071347 1.460672 1.652845
v -2.121470 1.461714 1.543821
v -2.195329 1.461190 1.496486
v -2.702075 1.462650 1.496486
v -2.775934 1.461714 1.543821
v -2.826057 1.460672 1.652845
v -2.857982 1.459509 1.751270
v -2.870539 1.458632 1.814396
v -2.870539 1.457212 1.916581
v -2.857982 1.456335 1.979705
v -2.818875 1.455023 2.074114
v -2.783115 1.454280 2.127628
v -2.710855 1.453277 2.199886
v -2.657338 1.452779 2.235643
v -2.562926 1.452235 2.274748
v -2.240066 1.231030 2.234071
v -2.334479 1.230486 2.273176
v -2.397606 1.230312 2.285732
v -2.499798 1.230312 2.285732
v -2.114289 1.232531 2.126058
v -2.186549 1.231526 2.198314
v -2.039423 1.234586 1.978135
v -2.078529 1.233274 2.072542
v -2.026866 1.236883 1.812824
v -2.026866 1.235463 1.915009
v -2.071487 1.238925 1.651337
v -2.039423 1.237760 1.749698
v -2.195329 1.239529 1.496486
v -2.121331 1.239962 1.543756
v -2.776073 1.239962 1.543756
v -2.702075 1.240901 1.496486
v -2.857982 1.237760 1.749698
v -2.825918 1.238925 1.651337
v -2.870539 1.235463 1.915009
v -2.870539 1.236883 1.812824
v -2.818875 1.233274 2.072542
v -2.857982 1.234586 1.978135
v -2.710855 1.231526 2.198314
v -2.783115 1.232531 2.126057
v -2.562926 1.230486 2.273176
v -2.657338 1.231030 2.234071
v -2.469449 1.301560 1.386486
v -2.427951 1.301560 1.386486
v -2.427951 1.301560 0.946486
v -2.469449 1.301560 0.946486
v -2.402875 1.319778 1.386486
v -2.390051 1.359246 1.386486
v -2.390051 1.359246 0.946486
v -2.402875 1.319778 0.946486
v -2.399629 1.388724 1.386486
v -2.433202 1.413116 1.386486
v -2.433202 1.413116 0.946486
v -2.399629 1.388724 0.946486
v -2.464197 1.413116 1.386486
v -2.497770 1.388724 1.386486
v -2.497770 1.388724 0.946486
v -2.464197 1.413116 0.946486
v -2.507348 1.359246 1.386486
v -2.494525 1.319778 1.386486
v -2.494525 1.319778 0.946486
v -2.507348 1.359246 0.946486
v 0.228647 1.025390 -0.653356
v 0.220595 1.025390 -1.093356
v 0.283246 1.275390 -1.093356
v 0.283246 1.275390 -0.653356
v 1.416298 1.275390 -0.653356
v 1.491298 1.025390 -0.653356
v 1.491298 1.025390 -1.093356
v 1.421298 1.275390 -1.093356
v 1.171298 1.025390 -1.093356
v 1.091298 1.025390 -0.653356
v 1.166298 1.275390 -0.653356
v 1.171298 1.275390 -1.093356
v 1.091298 1.025390 1.706644
v 1.166298 1.275390 1.706644
v 1.416298 1.275390 1.706644
v 1.491298 1.025390 1.706644
v 1.091298 0.625389 1.706644
v 1.491298 0.625389 1.706644
v 1.480613 1.061005 1.998207
v 1.491298 0.968607 2.026884
v 1.091298 0.968607 2.026884
v 1.101983 1.061005 1.998207
v 1.491298 0.922673 2.010898
v 1.491298 0.827077 1.945224
v 1.091298 0.827077 1.945224
v 1.091298 0.922673 2.010898
v -4.371864 0.066147 -1.393356
v -4.371864 0.066147 -0.093356
v -5.259749 1.128921 -0.093356
v -5.259749 1.128921 -1.393356
v -4.908808 1.318215 -1.122519
v -4.774982 1.390400 -1.340531
v -4.702354 1.429575 -1.393356
v -4.132195 1.733296 -0.244509
v -4.955802 1.292869 -0.865356
v -4.908808 1.318215 -0.608193
v -4.574698 1.498432 -0.244509
v -4.338446 1.625864 -0.193356
v -4.774982 1.390400 -0.390180
v -3.994027 0.331093 -0.865356
v -3.951504 0.360911 -0.608193
v -3.951504 0.360911 -1.122519
v -3.764689 0.491910 -1.393356
v -3.830408 0.445826 -1.340531
v -3.830408 0.445826 -0.390180
v -3.435397 0.722816 -0.193356
v -3.649176 0.572910 -0.244509
v -3.251619 0.852721 -0.244509
v -4.961536 1.288562 -0.093356
v -4.961536 1.288562 1.506644
v -4.015864 0.316147 1.506644
v -4.015864 0.316147 -0.093356
v -4.961536 1.288562 0.556644
v -4.015864 0.316147 0.556644
v -5.276605 1.079409 0.556644
v -5.276605 1.079409 1.506644
v -4.330932 0.106993 1.506644
v -4.330932 0.106993 0.556644
v -4.162965 1.720274 -0.093356
v -4.162965 1.720274 1.506644
v -3.251064 0.852147 1.506644
v -3.251064 0.852147 -0.093356
v -3.251064 0.852147 0.556644
v -4.162965 1.720274 0.556644
v -0.324200 1.026907 1.009004
v -0.324200 1.026907 0.209004
v -0.093200 1.026907 1.009004
v -0.093200 1.026907 0.209004
v -0.324200 1.461095 0.850018
v -0.324200 1.318531 0.707454
v -0.324200 1.375634 0.792915
v -0.324200 1.298479 0.606646
v -0.324200 1.318531 0.505838
v -0.324200 1.461095 0.363274
v -0.324200 1.375634 0.420377
v -0.093200 1.318531 0.505838
v -0.093200 1.375634 0.420377
v -0.093200 1.461095 0.363274
v -0.093200 1.461095 0.850018
v -0.093200 1.375634 0.792915
v -0.093200 1.298479 0.606646
v -0.093200 1.318531 0.707454
v 3.077813 -0.573853 -1.293356
v 4.111299 1.026147 -1.893356
v 3.077813 -0.573853 -0.093356
v 4.111299 1.026147 -0.093356
v 2.031298 -0.573853 -1.293356
v 0.551298 -0.573853 -1.293356
v -0.528702 -0.573853 -1.293356
v -2.408702 -0.573853 -1.293356
v -3.008702 1.026147 -1.893356
v -0.528702 1.026147 -1.893356
v 0.551298 1.026147 -1.893356
v 2.031298 1.026147 -1.893356
v -3.008702 1.026147 -0.093356
v -0.528702 1.026147 -0.093356
v 0.551298 1.026147 -0.093356
v 2.031298 1.026147 -0.093356
v -2.408702 -0.573853 -0.093356
v 3.071298 1.026147 -1.893356
v 3.071298 1.026147 -0.093356
v -3.731088 -0.526670 -1.743356
v -4.388702 0.066147 -1.893356
v -4.012002 -0.433584 -1.743356
v -4.388702 0.066147 -0.093356
v -3.731088 -0.526670 -0.093356
v -4.012002 -0.433584 -0.093356
v 3.077813 -0.573853 1.106644
v 4.111299 1.026147 1.706644
v 2.031298 -0.573853 1.106644
v 0.551298 -0.573853 1.106644
v -0.528702 -0.573853 1.106644
v -2.408702 -0.573853 1.106644
v -3.008702 1.026147 1.706644
v -0.528702 1.026147 1.706644
v 0.551298 1.026147 1.706644
v 2.031298 1.026147 1.706644
v 3.071298 1.026147 1.706644
v -3.731088 -0.526670 1.556644
v -4.388702 0.066147 1.706644
v -4.012002 -0.433584 1.556644
v 4.111299 0.043147 0.306644
v 4.111299 -0.190853 0.306644
v 4.111299 0.043147 -1.693356
v 4.111299 -0.190853 -1.693356
v 4.611299 -0.021471 0.242026
v 4.611299 -0.126234 0.242026
v 4.611299 0.043147 -1.693356
v 4.611299 -0.190853 -1.693356
v 4.611299 -0.126234 -0.628738
v 4.611299 -0.021471 -0.628738
v 4.611299 -0.190853 -0.693356
v 4.611299 -0.190853 0.306644
v 4.611299 0.043147 0.306644
v 4.611299 0.043147 -0.693356
v 4.411298 -0.126234 -0.628738
v 4.411298 -0.126234 0.242026
v 4.411298 -0.021471 0.242026
v 4.411298 -0.021471 -0.628738
v -4.154387 -0.386402 -1.893356
v -3.588702 -0.573853 -1.893356
v -3.588702 -0.573853 -0.093356
v -4.154387 -0.386402 -0.093356
v -4.154387 -0.386402 1.706644
v -3.588702 -0.573853 1.706644
v -4.043456 -0.528508 -1.743356
v -3.762543 -0.621594 -1.743356
v -3.762543 -0.621594 -0.093356
v -4.043456 -0.528508 -0.093356
v -4.043456 -0.528508 1.556644
v -3.762543 -0.621594 1.556644
v 4.111299 -0.573853 -0.093356
v 4.111299 -0.573853 -1.893356
v 3.071298 -0.573853 -1.893356
v 2.031298 -0.573853 -1.893356
v 0.551298 -0.573853 -1.893356
v -0.528702 -0.573853 -1.893356
v -3.008702 -0.573853 -1.893356
v -3.008702 -0.573853 -0.093356
v 4.111299 -0.573853 1.706644
v 3.071298 -0.573853 1.706644
v 2.031298 -0.573853 1.706644
v 0.551298 -0.573853 1.706644
v -0.528702 -0.573853 1.706644
v -3.008702 -0.573853 1.706644
v 3.077813 -0.373853 -0.093356
v 3.077813 -0.373853 -1.293356
v 2.031298 -0.373853 -1.293356
v 0.551298 -0.373853 -1.293356
v -0.528702 -0.373853 -1.293356
v -2.408702 -0.373853 -1.293356
v -2.408702 -0.373853 -0.093356
v 3.077813 -0.373853 1.106644
v 2.031298 -0.373853 1.106644
v 0.551298 -0.373853 1.106644
v -0.528702 -0.373853 1.106644
v -2.408702 -0.373853 1.106644
v -1.768702 -0.573853 -1.893356
v -1.768702 1.026147 -1.893356
v -1.768702 1.026147 -0.093356
v -1.768702 -0.573853 1.706644
v -1.768702 1.026147 1.706644
v -1.468702 -0.573853 -1.293356
v -1.468702 -0.573853 1.106644
v -1.468702 -0.373853 -1.293356
v -1.468702 -0.373853 1.106644
v -1.768702 0.726148 -0.093356
v -0.528702 0.726148 -0.093356
v -1.768702 0.726148 1.706644
v -0.528702 0.726148 1.706644
v 4.111300 0.201907 1.409004
v 4.111300 0.201907 1.009004
v 4.220422 -0.878093 1.364260
v 4.156043 -0.878093 1.299883
v 4.156043 -0.878093 1.118126
v 4.220422 -0.878093 1.053748
v 4.466556 -0.878093 1.299883
v 4.402179 -0.878093 1.364260
v 4.402179 -0.878093 1.053748
v 4.466556 -0.878093 1.118126
v 4.111300 -0.500093 1.318416
v 4.201888 -0.500093 1.409004
v 4.111300 -0.409505 1.409004
v 4.201888 -0.500093 1.009004
v 4.111300 -0.500093 1.099592
v 4.111300 -0.409505 1.009004
v 4.511300 -0.500093 1.099592
v 4.420712 -0.500093 1.009004
v 4.511300 -0.409505 1.009004
v 4.420712 -0.500093 1.409004
v 4.511300 -0.500093 1.318416
v 4.511300 -0.409505 1.409004
v 4.511300 -0.031675 1.336880
v 4.511300 -0.031675 1.081128
v 4.511300 0.201907 1.009004
v 4.511300 0.201907 1.409004
v 4.511300 -0.103799 1.409004
v 4.511300 -0.103799 1.009004
v 4.711299 0.129784 1.081128
v 4.711299 0.129784 1.336880
v 4.611300 0.129784 1.081128
v 4.611300 0.129784 1.336880
v -4.388702 0.066147 0.806644
v -4.154387 -0.386402 0.806644
v -4.569006 -0.455579 0.935851
v -4.569006 -0.455579 1.577437
v -4.684505 -0.232509 0.935851
v -4.684505 -0.232509 1.577437
v -0.093200 1.456906 0.209004
v -0.093200 1.456906 1.009004
v -0.324200 1.456906 0.209004
v -0.324200 1.456906 1.009004
v 4.684438 -0.031675 1.336880
v 4.711299 -0.031675 1.310019
v 4.711299 -0.004814 1.336880
v 4.711299 -0.031675 1.107989
v 4.684438 -0.031675 1.081128
v 4.711299 -0.004814 1.081128
v 4.638161 -0.031675 1.081128
v 4.611300 -0.031675 1.107989
v 4.584439 -0.031675 1.081128
v 4.611300 -0.004814 1.081128
v 4.611300 -0.031675 1.310019
v 4.638161 -0.031675 1.336880
v 4.611300 -0.004814 1.336880
v 4.584439 -0.031675 1.336880
v 4.684438 -0.731675 1.081128
v 4.711299 -0.731675 1.107989
v 4.711299 -0.731675 1.310019
v 4.684438 -0.731675 1.336880
v 4.611300 -0.731675 1.107989
v 4.638161 -0.731675 1.081128
v 4.638161 -0.731675 1.336880
v 4.611300 -0.731675 1.310019
v 4.201888 -0.878093 1.009004
v 4.111300 -0.878093 1.099592
v 4.511300 -0.878093 1.099592
v 4.420712 -0.878093 1.009004
v 4.420712 -0.878093 1.409004
v 4.511300 -0.878093 1.318416
v 4.111300 -0.878093 1.318416
v 4.201888 -0.878093 1.409004
v 4.220422 -0.818093 1.053748
v 4.156043 -0.818093 1.118126
v 4.466556 -0.818093 1.118126
v 4.402179 -0.818093 1.053748
v 4.402179 -0.818093 1.364260
v 4.466556 -0.818093 1.299883
v 4.156043 -0.818093 1.299883
v 4.220422 -0.818093 1.364260
v -4.509598 -0.570318 0.806644
v -4.509598 -0.570318 1.706644
v -4.743913 -0.117770 0.806644
v -4.743913 -0.117770 1.706644
v -4.480203 -0.409600 0.935851
v -4.480203 -0.409600 1.577437
v -4.595702 -0.186530 0.935851
v -4.595702 -0.186530 1.577437
v -3.539942 1.007795 -0.582575
v -3.504587 1.043151 -0.600743
v -4.282404 1.820969 -0.600743
v -4.317760 1.785613 -0.582575
v -3.470802 1.076936 -0.579969
v -3.458625 1.089113 -0.532575
v -4.236444 1.866931 -0.532575
v -4.248619 1.854754 -0.579969
v -3.488479 1.059259 -0.448136
v -3.523835 1.023903 -0.429969
v -4.301652 1.801721 -0.429969
v -4.266296 1.837077 -0.448136
v -3.557619 0.990119 -0.450743
v -3.569796 0.977942 -0.498137
v -4.347614 1.755760 -0.498137
v -4.335437 1.767936 -0.450743
v 2.613301 1.561907 1.030205
v 2.613301 1.561907 0.087805
v 2.628373 1.486136 1.030205
v 2.628373 1.486136 0.087805
v 2.671294 1.421900 1.030205
v 2.671294 1.421900 0.087805
v 2.735529 1.373955 1.030205
v 2.735529 1.373955 0.087805
v 2.811301 1.353955 1.030205
v 2.811301 1.373955 0.087805
v 2.887072 1.373955 1.030205
v 2.887072 1.373955 0.087805
v 2.951308 1.421900 1.030205
v 2.951308 1.421900 0.087805
v 2.994229 1.486136 1.030205
v 2.994229 1.486136 0.087805
v 3.009301 1.561907 1.030205
v 3.009301 1.561907 0.087805
v 2.994229 1.637678 1.030205
v 2.994229 1.637678 0.087805
v 2.951308 1.701914 1.030205
v 2.951308 1.701914 0.087805
v 2.887072 1.744835 1.030205
v 2.887072 1.744835 0.087805
v 2.811301 1.759907 1.030205
v 2.811301 1.759907 0.087805
v 2.735529 1.744835 1.030205
v 2.735529 1.744835 0.087805
v 2.671294 1.701914 1.030205
v 2.671294 1.701914 0.087805
v 2.628373 1.637678 1.030205
v 2.628373 1.637678 0.087805
v 2.613301 1.561907 0.869004
v 2.613301 1.561907 0.349004
v 2.628373 1.486136 0.349004
v 2.628373 1.486136 0.869004
v 2.671294 1.421900 0.869004
v 2.671294 1.421900 0.349004
v 2.735529 1.373955 0.869004
v 2.735529 1.373955 0.349004
v 2.811301 1.353955 0.869004
v 2.811301 1.373955 0.349004
v 2.887072 1.373955 0.869004
v 2.887072 1.373955 0.349004
v 2.951308 1.421900 0.869004
v 2.951308 1.421900 0.349004
v 2.994229 1.486136 0.349004
v 2.994229 1.486136 0.869004
v 3.009301 1.561907 0.349004
v 3.009301 1.561907 0.869004
v 2.994229 1.637678 0.349004
v 2.994229 1.637678 0.869004
v 2.951308 1.701914 0.349004
v 2.951308 1.701914 0.869004
v 2.887072 1.744835 0.869004
v 2.887072 1.744835 0.349004
v 2.811301 1.759907 0.869004
v 2.811301 1.759907 0.349004
v 2.735529 1.744835 0.869004
v 2.735529 1.744835 0.349004
v 2.671294 1.701914 0.869004
v 2.671294 1.701914 0.349004
v 2.628373 1.637678 0.869004
v 2.628373 1.637678 0.349004
v 2.735529 1.023955 0.087805
v 2.811301 1.023955 0.087805
v 2.887072 1.023955 0.087805
v 2.735529 1.023955 0.349004
v 2.811301 1.023955 0.349004
v 2.887072 1.023955 0.349004
v 2.665214 1.024305 1.030205
v 2.731987 1.024305 1.030205
v 2.810752 1.024305 1.030205
v 2.889516 1.024305 1.030205
v 2.956289 1.024305 1.030205
v 3.000905 1.024305 1.030205
v 2.810752 1.024305 0.869004
v 2.889516 1.024305 0.869004
v 2.731987 1.024305 0.869004
v 2.956289 1.024305 0.869004
v 3.000905 1.024305 0.869004
v 2.665214 1.024305 0.869004
v 3.587072 1.023955 0.349004
v 3.587072 1.023955 0.087805
v 3.587072 1.373955 0.349004
v 3.587072 1.373955 0.087805
v 1.940051 1.556997 -0.012195
v 1.940051 1.632769 -0.012195
v 1.940051 1.556997 0.249004
v 1.940051 1.632769 0.249004
v 2.235529 1.373955 0.087805
v 2.235529 1.373955 0.349004
v 2.235529 1.023955 0.087805
v 2.235529 1.023955 0.349004
v 2.511300 1.021906 1.269004
v 2.511300 1.821907 1.269004
v 2.511300 1.021906 1.029004
v 2.511300 1.821907 1.029004
v 3.311300 1.021906 1.269004
v 3.311300 1.821907 1.269004
v 3.311300 1.021906 1.029004
v 3.311300 1.821907 1.029004
v 1.767174 1.028306 -0.058718
v 1.855426 1.028306 -0.058718
v 1.855426 1.755506 -0.058718
v 1.767174 1.755506 -0.058718
v 1.905766 1.028306 -0.037866
v 1.968170 1.028306 0.024537
v 1.968170 1.755506 0.024537
v 1.905766 1.755506 -0.037866
v 1.989022 1.028306 0.074878
v 1.989022 1.028306 0.163130
v 1.989022 1.755506 0.163130
v 1.989022 1.755506 0.074878
v 1.968170 1.028306 0.213471
v 1.905766 1.028306 0.275875
v 1.905766 1.755506 0.275875
v 1.968170 1.755506 0.213471
v 1.855426 1.028306 0.296727
v 1.767174 1.028306 0.296727
v 1.767174 1.755506 0.296727
v 1.855426 1.755506 0.296727
v 1.716833 1.028306 0.275875
v 1.654429 1.028306 0.213471
v 1.654429 1.755506 0.213471
v 1.716833 1.755506 0.275875
v 1.633577 1.028306 0.163130
v 1.633577 1.028306 0.074878
v 1.633577 1.755506 0.074878
v 1.633577 1.755506 0.163130
v 1.654429 1.028306 0.024537
v 1.716833 1.028306 -0.037866
v 1.716833 1.755506 -0.037866
v 1.654429 1.755506 0.024537
v -4.948385 1.770826 0.747191
v -5.047296 1.713751 0.823495
v -5.113388 1.675615 0.937692
v -5.136595 1.662223 1.072397
v -5.113388 1.675615 1.207101
v -5.047296 1.713751 1.321298
v -4.948385 1.770826 1.397602
v -4.831711 1.838151 1.424397
v -4.715038 1.905476 1.397602
v -4.616126 1.962550 1.321298
v -4.550037 2.000687 1.207101
v -4.526829 2.014077 1.072397
v -4.550037 2.000687 0.937692
v -4.616126 1.962550 0.823495
v -4.715038 1.905476 0.747191
v -4.831711 1.838151 0.720397
v -5.069336 1.980433 0.747191
v -5.168246 1.923359 0.823495
v -5.234337 1.885222 0.937692
v -5.257545 1.871831 1.072397
v -5.234337 1.885222 1.207101
v -5.168246 1.923359 1.321298
v -5.069336 1.980433 1.397602
v -4.952662 2.047758 1.424397
v -4.835987 2.115082 1.397601
v -4.737077 2.172157 1.321298
v -4.670986 2.210293 1.207101
v -4.647779 2.223685 1.072397
v -4.670986 2.210293 0.937692
v -4.737077 2.172157 0.823495
v -4.835987 2.115082 0.747191
v -4.952662 2.047758 0.720397
v -5.053232 1.977026 0.776755
v -5.143150 1.925139 0.846123
v -5.203232 1.890471 0.949938
v -5.224331 1.878296 1.072397
v -5.203232 1.890471 1.194855
v -5.143150 1.925139 1.298671
v -5.053232 1.977026 1.368038
v -4.947164 2.038230 1.392397
v -4.841096 2.099434 1.368037
v -4.751178 2.151320 1.298671
v -4.691096 2.185989 1.194855
v -4.669998 2.198164 1.072397
v -4.691096 2.185989 0.949937
v -4.751178 2.151320 0.846123
v -4.841096 2.099434 0.776755
v -4.947164 2.038230 0.752397
v -4.809820 1.849353 0.814229
v -5.277027 2.609886 0.752396
v -4.767142 1.873976 0.820502
v -5.170960 2.671090 0.776753
v -5.081042 2.722977 0.846122
v -5.020959 2.757646 0.949937
v -4.612574 1.963170 1.107358
v -4.999861 2.769819 1.072397
v -4.621064 1.958272 1.138892
v -5.020959 2.757646 1.194855
v -5.081042 2.722977 1.298671
v -5.170960 2.671090 1.368037
v -4.852390 1.824784 1.330564
v -5.277027 2.609886 1.392397
v -4.895069 1.800162 1.324291
v -5.383094 2.548682 1.368037
v -5.473013 2.496797 1.298671
v -5.533096 2.462127 1.194855
v -5.049636 1.710969 1.037435
v -5.554193 2.449953 1.072397
v -5.041148 1.715866 1.005901
v -5.533096 2.462127 0.949937
v -5.473013 2.496797 0.846123
v -5.383094 2.548682 0.776753
v -4.809820 1.849353 0.786040
v -4.752542 1.882399 0.794458
v -4.574421 1.985180 1.107358
v -4.585815 1.978608 1.149680
v -4.852390 1.824784 1.358753
v -4.909669 1.791738 1.350335
v -5.087789 1.688957 1.037435
v -5.076396 1.695530 0.995113
v -4.600086 1.485931 0.786040
v -4.542807 1.518977 0.794458
v -4.364686 1.621759 1.107358
v -4.376081 1.615186 1.149680
v -4.642656 1.461362 1.358753
v -4.699934 1.428317 1.350335
v -4.878054 1.325535 1.037435
v -4.866660 1.332108 0.995113
v -4.600086 1.485931 0.814229
v -4.557407 1.510554 0.820502
v -4.402839 1.599749 1.107358
v -4.411328 1.594850 1.138892
v -4.642656 1.461362 1.330564
v -4.685334 1.436740 1.324291
v -4.839901 1.347546 1.037435
v -4.831412 1.352445 1.005901
v -3.202377 1.083596 -0.740443
v -4.216626 2.238185 -0.717032
v -3.252266 1.033708 -0.585798
v -4.278192 2.176620 -0.526194
v -3.340204 0.945769 -0.469925
v -4.386711 2.068100 -0.383202
v -3.452804 0.833169 -0.410465
v -4.525664 1.929149 -0.309824
v -3.572921 0.713052 -0.416468
v -4.673895 1.780917 -0.317233
v -3.682271 0.603702 -0.487022
v -4.808837 1.645974 -0.404300
v -3.764206 0.521767 -0.611386
v -4.909949 1.544863 -0.557770
v -3.806251 0.479722 -0.770625
v -4.961834 1.492978 -0.754278
v -3.802006 0.483967 -0.940498
v -4.956595 1.498217 -0.963909
v -3.752117 0.533857 -1.095142
v -4.895030 1.559783 -1.154746
v -3.664178 0.621796 -1.211015
v -4.786510 1.668302 -1.297739
v -3.551580 0.734394 -1.270476
v -4.647558 1.807254 -1.371116
v -3.431461 0.854512 -1.264472
v -4.499327 1.955485 -1.363707
v -3.322111 0.963861 -1.193918
v -4.364384 2.090428 -1.276641
v -3.240177 1.045796 -1.069555
v -4.263273 2.191539 -1.123171
v -3.198131 1.087842 -0.910315
v -4.211387 2.243424 -0.926662
v -3.325803 1.224233 -0.526194
v -3.264238 1.285797 -0.717032
v -3.132207 1.153767 -0.717032
v -3.193773 1.092201 -0.526194
v -3.302292 0.983682 -0.383202
v -3.441244 0.844729 -0.309824
v -3.589475 0.696498 -0.317233
v -3.724418 0.561555 -0.404300
v -3.825529 0.460444 -0.557770
v -3.877414 0.408559 -0.754278
v -3.872176 0.413797 -0.963909
v -3.810610 0.475363 -1.154746
v -3.702091 0.583882 -1.297739
v -3.563138 0.722835 -1.371116
v -3.414907 0.871066 -1.363707
v -3.279965 1.006009 -1.276641
v -3.178854 1.107120 -1.123171
v -3.126968 1.159005 -0.926662
v -2.990786 1.012345 -0.717032
v -3.052351 0.950779 -0.526194
v -3.448054 0.555077 -0.317233
v -3.582997 0.420134 -0.404300
v -3.730754 0.272376 -0.963909
v -3.669189 0.333942 -1.154746
v -3.273486 0.729644 -1.363707
v -3.138543 0.864587 -1.276641
v -3.060955 0.942175 -0.740443
v -3.110845 0.892286 -0.585798
v -3.431500 0.571631 -0.416468
v -3.540850 0.462280 -0.487022
v -3.660585 0.342546 -0.940498
v -3.610695 0.392436 -1.095142
v -3.290040 0.713090 -1.264472
v -3.180690 0.822440 -1.193918
v -3.434323 1.115712 -0.383202
v -3.573275 0.976760 -0.309824
v -3.721506 0.828529 -0.317233
v -3.834122 0.715913 -1.297739
v -3.942641 0.607394 -1.154746
v -3.856449 0.693586 -0.404300
v -3.957560 0.592475 -0.557770
v -3.258999 1.291037 -0.926662
v -3.310885 1.239150 -1.123171
v -3.411995 1.138040 -1.276641
v -3.695170 0.854866 -1.371116
v -3.546938 1.003097 -1.363707
v -4.004207 0.545828 -0.963909
v -4.009446 0.540590 -0.754278
v -4.040291 2.061850 -0.717032
v -4.101856 2.000285 -0.526194
v -4.210376 1.891765 -0.383202
v -4.349329 1.752812 -0.309824
v -4.497559 1.604581 -0.317233
v -4.610175 1.491966 -1.297739
v -4.718694 1.383448 -1.154746
v -4.632502 1.469639 -0.404300
v -4.733613 1.368528 -0.557770
v -4.035052 2.067089 -0.926662
v -4.086937 2.015203 -1.123171
v -4.188049 1.914092 -1.276641
v -4.471222 1.630919 -1.371116
v -4.322991 1.779150 -1.363707
v -4.780259 1.321881 -0.963909
v -4.785498 1.316643 -0.754278
v -4.342804 1.759337 -0.796937
v -3.566751 0.983284 -0.796937
v -3.219001 1.331036 -1.152118
v -3.995054 2.107087 -1.152118
v -4.008387 2.093753 -0.672414
v -3.232334 1.317700 -0.672414
v -4.397472 0.928616 -0.754278
v -4.392233 0.933855 -0.963909
v -4.591486 1.122629 -0.754278
v -4.586246 1.127869 -0.963909
v -4.109533 1.216555 -0.317233
v -4.244476 1.081613 -0.404300
v -4.303546 1.410568 -0.317233
v -4.438488 1.275626 -0.404300
v -4.538805 0.787283 -0.761342
v -4.533566 0.792522 -0.970972
v -4.732818 0.981296 -0.761342
v -4.727579 0.986535 -0.970972
v -4.303176 1.022912 -0.222342
v -4.168233 1.157855 -0.135276
v -4.362247 1.351869 -0.135276
v -4.497189 1.216926 -0.222342
v -4.367801 2.389360 -0.717032
v -4.429366 2.327795 -0.526194
v -4.537886 2.219275 -0.383202
v -4.676838 2.080322 -0.309824
v -4.825069 1.932093 -0.317233
v -4.960012 1.797150 -0.404300
v -5.061123 1.696038 -0.557770
v -5.113008 1.644153 -0.754278
v -5.107770 1.649391 -0.963908
v -5.046204 1.710957 -1.154746
v -4.937685 1.819476 -1.297738
v -4.798732 1.958428 -1.371116
v -4.650501 2.106660 -1.363708
v -4.515559 2.241602 -1.276641
v -4.478702 2.222389 -1.043356
v -4.478702 2.266324 -0.937290
v -4.478702 2.278459 -1.220700
v -4.363394 2.393766 -0.893356
v -4.478702 2.278459 -0.932264
v -4.384772 2.372389 -0.893356
v -4.251975 2.222389 -1.043356
v -4.294123 2.222389 -1.123171
v -4.239899 2.266324 -0.937290
v -4.259944 2.291981 -0.926662
v -4.478702 2.222389 -1.263252
v -4.342017 2.372389 -0.893356
v 7.859630 -1.299910 -2.543359
v 7.748738 -1.092446 -2.543359
v 7.859630 -1.299910 -3.743359
v 7.748738 -1.092446 -3.743359
v 7.859630 -1.299910 -3.743359
v 7.859630 -1.299910 -2.543359
v 7.748738 -1.092446 -2.543359
v 7.748738 -1.092446 -3.743359
v 5.662963 -1.299910 2.356645
v 5.773855 -1.092446 2.356645
v 5.662964 -1.299910 3.556645
v 5.773856 -1.092446 3.556645
v 5.662964 -1.299910 3.556645
v 5.662963 -1.299910 2.356645
v 5.773855 -1.092446 2.356645
v 5.773856 -1.092446 3.556645
v 2.767024 8.248121 -1.158524
v 2.684380 8.276020 -1.157239
v 2.874997 8.109474 -1.164600
v 2.767356 8.234016 -0.830827
v 2.684711 8.261915 -0.829543
v 2.836638 8.173483 -0.833503
v 2.868493 8.090244 -1.165421
v 2.868484 8.090275 -1.166623
v 2.836640 8.173431 -0.832306
v 2.868818 8.076067 -0.836529
v 2.767357 8.233965 -0.829630
v 2.684712 8.261864 -0.828346
v 2.868824 8.076139 -0.837725
v 2.666148 8.267059 -1.158810
v 2.666169 8.267017 -1.157608
v 2.874996 8.109526 -1.165801
v 2.767023 8.248173 -1.159724
v 2.684378 8.276072 -1.158440
v 1.202523 -1.592803 -3.632306
v 1.091631 -1.385339 -3.632306
v 1.202523 -1.592804 -4.832305
v 1.091631 -1.385339 -4.832305
v 1.202523 -1.592804 -4.832305
v 1.202523 -1.592803 -3.632306
v 1.091631 -1.385339 -3.632306
v 1.091631 -1.385339 -4.832305
v -2.971399 -1.600959 -3.632305
v -3.085720 -1.395364 -3.632305
v -2.971399 -1.600960 -4.832304
v -3.085720 -1.395364 -4.832304
v -2.971399 -1.600960 -4.832304
v -2.971399 -1.600959 -3.632305
v -3.085720 -1.395364 -3.632305
v -3.085720 -1.395364 -4.832304
v -0.994138 -1.592803 3.445594
v -0.883246 -1.385339 3.445594
v -0.994137 -1.592803 4.645594
v -0.883245 -1.385338 4.645594
v -0.994137 -1.592803 4.645594
v -0.994138 -1.592803 3.445594
v -0.883246 -1.385339 3.445594
v -0.883245 -1.385338 4.645594
v -5.179927 -1.592803 3.445594
v -5.069035 -1.385339 3.445594
v -5.179926 -1.592803 4.645594
v -5.069035 -1.385338 4.645594
v -5.179926 -1.592803 4.645594
v -5.179927 -1.592803 3.445594
v -5.069035 -1.385339 3.445594
v -5.069035 -1.385338 4.645594
vn 0.7071 -0.0000 -0.7071
vn 0.9659 -0.0000 -0.2588
vn -0.2588 -0.0000 -0.9659
vn 0.2588 -0.0000 -0.9659
vn -0.9659 -0.0000 -0.2588
vn -0.7071 -0.0000 -0.7071
vn 0.9659 -0.0000 0.2588
vn 0.7071 -0.0000 0.7071
vn -0.0000 0.7230 0.6908
vn -0.0000 0.9011 0.4336
vn -0.0000 0.4336 0.9011
vn -0.0000 0.1339 0.9910
vn -0.0000 -0.4742 -0.8804
vn -0.0000 -0.1789 -0.9839
vn -0.7071 -0.0000 0.7071
vn -0.9659 -0.0000 0.2588
vn 0.2588 -0.0000 0.9659
vn -0.2588 -0.0000 0.9659
vn -0.0000 0.3520 -0.9360
vn -0.0000 0.5878 -0.8090
vn -0.0001 0.3478 -0.9376
vn -0.0000 0.1789 -0.9839
vn -0.0000 0.4742 -0.8804
vn -0.0000 -0.9011 0.4336
vn -0.0000 -0.7230 0.6908
vn -0.0000 0.8804 -0.4742
vn -0.0000 0.6908 -0.7230
vn -0.0000 0.9839 0.1789
vn -0.0000 0.9910 -0.1339
vn -0.0000 -0.6908 -0.7230
vn -0.0000 -0.8804 -0.4742
vn -0.0000 -0.9910 -0.1339
vn -0.0000 -0.9839 0.1789
vn -0.0000 -0.0000 1.0000
vn -0.0000 -0.2654 0.9641
vn -0.0000 0.2654 0.9641
vn 0.0317 -0.0236 0.9992
vn 0.7500 -0.0335 0.6606
vn -0.0000 -0.9511 0.3090
vn -0.0000 -0.8349 0.5503
vn -0.0000 0.7814 -0.6240
vn -0.0000 0.9990 0.0455
vn -0.0000 0.9733 0.2296
vn -0.0001 0.9990 0.0456
vn -0.0000 -0.7814 -0.6240
vn -0.0000 0.9511 0.3090
vn -0.0000 0.8349 0.5504
vn -0.0000 -0.9990 0.0455
vn 0.0001 -0.9990 0.0455
vn 0.0001 -0.9733 0.2296
vn -0.0000 -0.5878 -0.8090
vn -0.0000 -0.3520 -0.9360
vn 0.7071 0.7071 -0.0000
vn 0.9659 0.2588 -0.0000
vn -0.2588 0.9659 -0.0000
vn 0.2588 0.9659 -0.0000
vn -0.9659 0.2588 -0.0000
vn -0.7071 0.7071 -0.0000
vn 0.9659 -0.2588 -0.0000
vn 0.7071 -0.7071 -0.0000
vn -0.7071 -0.7071 -0.0000
vn -0.9659 -0.2588 -0.0000
vn 0.2588 -0.9659 -0.0000
vn -0.2588 -0.9659 -0.0000
vn -0.0000 1.0000 -0.0000
vn -0.0000 -0.4336 0.9011
vn -0.0000 -0.1339 0.9910
vn 1.0000 -0.0000 -0.0000
vn -0.0000 -0.9239 0.3827
vn -0.0000 -1.0000 -0.0000
vn -0.0398 -0.7106 -0.7025
vn -0.0313 -0.5553 -0.8311
vn -0.0716 -0.5712 -0.8177
vn -0.0000 0.9239 -0.3827
vn -0.0000 -0.9239 -0.3827
vn -0.0000 0.9239 0.3827
vn -0.0000 -0.7071 -0.7071
vn -0.0000 0.7071 0.7071
vn -0.0000 -0.3827 -0.9239
vn -0.0000 0.3827 0.9239
vn -0.0000 -0.0000 -1.0000
vn -0.0000 -0.3827 0.9239
vn -0.0000 0.3827 -0.9239
vn -0.0000 -0.7071 0.7071
vn -0.0000 0.7071 -0.7071
vn -0.0459 0.7135 0.6992
vn -0.0313 0.5553 0.8311
vn -0.0716 0.5712 0.8177
vn -0.0026 -0.0015 -1.0000
vn -0.0042 -0.2007 -0.9796
vn -0.0000 -0.2160 -0.9764
vn -0.0094 -0.3876 0.9218
vn -0.0024 0.0009 1.0000
vn -0.0000 -0.1706 0.9853
vn -0.0024 0.0028 1.0000
vn -0.0267 0.4176 0.9082
vn -0.0041 0.2007 0.9796
vn 0.1863 0.2685 -0.9451
vn -0.0071 0.4150 -0.9098
vn -0.0380 -0.7157 0.6974
vn -0.0128 -0.4200 0.9074
vn -0.0169 -0.5555 0.8314
vn -0.0354 0.7130 -0.7003
vn -0.0196 0.5707 -0.8210
vn -0.0404 0.7748 -0.6309
vn -0.0243 -0.8623 0.5059
vn -0.0623 -0.9453 0.3203
vn -0.0625 0.9250 -0.3748
vn -0.0561 0.8436 -0.5340
vn -0.0697 -0.9236 0.3771
vn -0.0692 -0.9808 0.1822
vn -0.0760 -0.9971 -0.0048
vn -0.0771 0.9970 0.0018
vn -0.0697 0.9461 -0.3164
vn -0.0749 0.9796 -0.1867
vn -0.0779 -0.9970 0.0016
vn -0.0798 -0.9791 -0.1870
vn -0.0738 -0.9436 -0.3227
vn -0.0705 0.9236 0.3769
vn -0.0795 0.9968 0.0073
vn -0.0761 0.9790 0.1890
vn -0.0660 -0.9242 -0.3761
vn -0.0672 -0.8359 -0.5447
vn -0.0562 -0.7755 -0.6289
vn -0.0696 0.9453 0.3186
vn -0.0584 0.8351 0.5470
vn -0.5878 -0.8090 -0.0000
vn 0.9511 -0.3090 -0.0000
vn -0.9511 -0.3090 -0.0000
vn 0.5878 -0.8090 -0.0000
vn 0.5878 0.8090 -0.0000
vn -0.9511 0.3090 -0.0000
vn 0.9511 0.3090 -0.0000
vn -0.5878 0.8090 -0.0000
vn -0.0000 -0.2560 0.9667
vn -0.0000 0.2560 0.9667
vn -1.0000 -0.0000 -0.0000
vn -0.0000 -0.9893 -0.1458
vn -0.0000 -0.9893 0.1458
vn -0.0000 0.2560 -0.9667
vn -0.0000 -0.2560 -0.9667
vn -0.0000 0.9893 -0.1458
vn -0.0000 0.9575 -0.2884
vn -0.0000 0.4949 -0.8689
vn -0.0000 -0.9575 -0.2884
vn -0.0000 -0.4949 -0.8689
vn -0.0000 0.9893 0.1458
vn -0.0000 0.9575 0.2884
vn -0.0000 0.4949 0.8689
vn -0.0000 -0.9575 0.2884
vn -0.0000 -0.4949 0.8689
vn -0.0000 0.5000 -0.8660
vn -0.0000 0.8660 -0.5000
vn -0.0000 0.8660 0.5000
vn -0.0000 0.5000 0.8660
vn -0.0000 -0.5000 0.8660
vn -0.0000 -0.8660 0.5000
vn -0.0000 -0.8660 -0.5000
vn -0.0000 -0.5000 -0.8660
vn -0.0000 0.8000 -0.6000
vn -0.0289 0.0167 0.9994
vn -0.0289 -0.0167 0.9994
vn -0.0000 0.0333 0.9994
vn -0.0000 -0.0333 0.9994
vn 0.0289 0.0167 0.9994
vn 0.5000 0.8660 -0.0000
vn 0.5000 -0.8660 -0.0000
vn -0.5000 0.8660 -0.0000
vn -0.5000 -0.8660 -0.0000
vn 0.0289 -0.0167 0.9994
vn 0.5556 -0.0000 0.8315
vn 0.1951 -0.0000 0.9808
vn 0.8315 -0.0000 -0.5556
vn 0.9808 -0.0000 -0.1951
vn 0.9808 -0.0000 0.1951
vn 0.8315 -0.0000 0.5556
vn -0.9808 -0.0000 -0.1951
vn -0.8315 -0.0000 -0.5556
vn -0.1951 -0.0000 0.9808
vn -0.5556 -0.0000 0.8315
vn -0.5556 -0.0000 -0.8315
vn -0.1951 -0.0000 -0.9808
vn -0.8315 -0.0000 0.5556
vn -0.9808 -0.0000 0.1951
vn 0.1951 -0.0000 -0.9808
vn 0.5556 -0.0000 -0.8315
vn 0.3912 0.9203 -0.0000
vn -0.0103 0.9999 -0.0000
vn -0.0051 1.0000 -0.0000
vn 0.7682 -0.6402 -0.0000
vn 0.9239 -0.0000 -0.3827
vn 0.3827 -0.0000 -0.9239
vn -0.3827 -0.0000 -0.9239
vn -0.9239 -0.0000 -0.3827
vn 0.9239 -0.0000 0.3827
vn 0.3827 -0.0000 0.9239
vn -0.3827 -0.0000 0.9239
vn -0.9239 -0.0000 0.3827
vn -0.7674 -0.6411 -0.0000
vn -0.4731 0.8810 0.0014
vn -0.4747 0.8801 -0.0000
vn -0.5019 0.8650 -0.0000
vn -0.4756 0.8797 -0.0000
vn -0.1589 -0.1589 -0.9744
vn -0.0270 -0.0270 -0.9993
vn 0.0176 0.0176 -0.9997
vn 0.2576 0.2576 -0.9313
vn 0.2926 0.2926 -0.9104
vn 0.4924 0.4924 -0.7177
vn 0.5131 0.5131 -0.6881
vn 0.6511 0.6511 -0.3902
vn 0.6572 0.6572 -0.3691
vn 0.6572 0.6572 0.3691
vn 0.6511 0.6511 0.3902
vn 0.5131 0.5131 0.6881
vn 0.4924 0.4924 0.7177
vn 0.3929 0.3929 0.8315
vn -0.5531 0.8331 -0.0000
vn -0.5148 0.8573 -0.0000
vn -0.7169 -0.6972 -0.0000
vn -0.4745 0.8803 0.0017
vn -0.4716 0.8818 -0.0067
vn 0.6790 0.7106 0.1845
vn 0.6976 0.7164 0.0078
vn 0.7071 0.7071 0.0001
vn -0.2992 0.9542 -0.0000
vn -0.1593 -0.9872 -0.0000
vn -0.8880 -0.4598 -0.0000
vn -0.5711 0.8209 -0.0000
vn -0.0000 -1.0000 0.0001
vn -0.0000 1.0000 -0.0001
vn -0.5350 0.8449 -0.0000
vn -0.4598 0.8880 -0.0000
vn -0.5165 0.8563 -0.0000
vn -0.3145 -0.9492 -0.0000
vn -0.5774 -0.5773 0.5773
vn -0.5774 -0.5773 -0.5773
vn 0.5773 -0.5774 -0.5773
vn 0.5773 -0.5774 0.5773
vn 0.4598 -0.8880 -0.0000
vn -0.9239 -0.3827 -0.0000
vn -0.9808 -0.1951 -0.0000
vn -0.7253 -0.6884 -0.0000
vn -0.9591 -0.2830 -0.0000
vn -0.5982 -0.8014 -0.0000
vn 0.5981 -0.8014 -0.0000
vn 0.7253 -0.6884 -0.0000
vn 0.9239 -0.3827 -0.0000
vn 0.9959 -0.0908 -0.0000
vn 0.9239 0.3827 -0.0000
vn 0.3827 0.9239 -0.0000
vn -0.3827 0.9239 -0.0000
vn 0.0480 -0.0095 -0.9988
vn -0.8315 0.5556 -0.0000
vn -0.9239 0.3827 -0.0000
vn 0.0073 -1.0000 -0.0000
vn -0.9999 0.0153 -0.0000
vn 0.0565 -0.0105 -0.9983
vn 0.1467 -0.0020 -0.9892
vn -0.0566 0.0105 0.9983
vn -0.1467 0.0020 0.9892
vn -0.1469 -0.0000 0.9891
vn -0.0071 1.0000 -0.0000
vn 0.9999 0.0145 -0.0000
vn -0.4748 0.8801 0.0007
vn -0.4736 0.8807 -0.0003
vn -0.4757 0.8796 0.0040
vn -0.4766 0.8791 0.0021
vn -0.4655 0.8849 -0.0185
vn 0.6895 0.7243 -0.0000
vn 0.3315 0.1913 -0.9239
vn 0.6125 0.3534 -0.7071
vn 0.8002 0.4617 -0.3827
vn 0.8661 0.4998 -0.0000
vn 0.8002 0.4617 0.3827
vn 0.6125 0.3534 0.7071
vn 0.3315 0.1913 0.9239
vn -0.3315 -0.1913 0.9239
vn -0.6125 -0.3534 0.7071
vn -0.8002 -0.4617 0.3827
vn -0.8661 -0.4998 -0.0000
vn -0.8002 -0.4617 -0.3827
vn -0.6125 -0.3534 -0.7071
vn -0.4998 0.8661 -0.0000
vn -0.3315 -0.1913 -0.9239
vn 0.4998 -0.8661 -0.0000
vn 0.6882 0.6882 0.2296
vn 0.5737 0.5737 0.5846
vn 0.3718 0.3718 0.8506
vn 0.1134 0.1134 0.9871
vn -0.1624 -0.1624 0.9733
vn -0.2075 -0.2075 0.9560
vn -0.4134 -0.4134 0.8113
vn -0.6014 -0.6014 0.5259
vn -0.6980 -0.6980 0.1603
vn -0.3718 -0.3718 -0.8506
vn -0.1134 -0.1134 -0.9871
vn 0.6980 0.6980 -0.1603
vn 0.6014 0.6014 -0.5259
vn 0.3546 0.3546 -0.8652
vn -0.5737 -0.5737 -0.5846
vn -0.6882 -0.6882 -0.2296
vn 0.1624 0.1624 -0.9733
vn 0.4134 0.4134 -0.8113
vn -0.6760 -0.6760 -0.2935
vn 0.3745 0.3745 -0.8482
vn 0.2075 0.2075 -0.9560
vn -0.5998 -0.5998 -0.5296
vn 0.5998 0.5998 0.5296
vn 0.6760 0.6760 0.2935
vn -0.3745 -0.3745 0.8482
vn -0.6889 -0.6889 0.2253
vn -0.4504 -0.4504 0.7709
vn -0.0250 -0.0250 0.9994
vn -0.0999 -0.0999 0.9900
vn -0.7067 -0.7067 -0.0353
vn -0.2935 -0.2935 0.9098
vn -0.6433 -0.6433 -0.4151
vn 0.0250 0.0250 -0.9994
vn 0.2222 0.3095 0.9246
vn 0.6433 0.6433 0.4151
vn 0.6624 0.6624 -0.3498
vn 0.5173 0.5173 -0.6817
vn 0.7071 0.7071 -0.0054
vn 0.7067 0.7067 0.0353
vn -0.0000 0.9808 -0.1951
vn -0.0000 0.2903 -0.9569
vn -0.0000 0.2900 -0.9570
vn -0.0000 0.9716 -0.2366
vn -0.0000 0.6566 -0.7543
vn -0.0000 0.3450 -0.9386
vn -0.0000 -0.9508 0.3099
vn -0.0000 -0.6566 -0.7543
vn -0.0267 -0.4176 -0.9082
vn -0.0118 -0.3859 -0.9225
vn -0.0118 0.3859 0.9225
vn -0.0445 0.7885 0.6134
vn -0.0000 0.0276 -0.9996
vn -0.0032 -0.2042 0.9789
vn -0.0000 0.0686 0.9976
vn -0.0118 0.3859 -0.9225
vn -0.0277 -0.5792 0.8147
vn -0.0437 -0.7758 0.6295
vn 0.5877 0.8091 -0.0012
vn 0.6863 0.7209 0.0970
vn -0.0480 0.0095 0.9988
vn -0.9594 -0.2821 -0.0000
vn 0.0566 -0.0105 -0.9983
vn 0.1469 -0.0000 -0.9891
vn 0.1467 -0.0019 -0.9892
vn 0.9959 -0.0900 -0.0000
vn -0.4998 0.8662 -0.0000
vn 0.4998 -0.8662 -0.0000
vn -0.0825 -0.0097 -0.9965
vn -0.1005 -0.1005 0.9898
vn -0.2081 -0.2081 0.9557
vn 0.5803 0.5803 -0.5715
vn 0.5173 0.5174 -0.6817
vn 0.0001 0.3828 -0.9238
vn -0.0000 0.3826 -0.9239
vn 0.3827 -0.9239 -0.0000
vn -0.3827 -0.9239 -0.0000
vn -0.3090 -0.9511 -0.0000
vn -0.1564 -0.9877 -0.0000
vn -0.1564 0.9877 -0.0000
vn -0.3090 0.9511 -0.0000
vn 0.3090 0.9511 -0.0000
vn 0.8090 0.5878 -0.0000
vn 0.8090 -0.5878 -0.0000
vn 0.3090 -0.9511 -0.0000
vn -0.2902 -0.0068 0.9570
vn -0.0981 -0.0071 0.9952
vn -0.2904 -0.0068 0.9569
vn 0.7732 -0.0045 0.6341
vn 0.8818 -0.0033 0.4717
vn 0.8821 -0.0033 0.4711
vn 0.9571 -0.0021 0.2899
vn 0.9951 -0.0007 0.0984
vn 0.9952 -0.0007 0.0976
vn 0.9951 0.0007 -0.0984
vn 0.9675 0.0018 -0.2527
vn 0.9676 0.0015 -0.2526
vn 0.9313 0.0013 -0.3643
vn 0.7537 0.0010 -0.6572
vn 0.7543 0.0007 -0.6565
vn 0.2785 -0.0000 -0.9604
vn 0.2832 0.0002 -0.9591
vn -0.2794 -0.0000 -0.9602
vn -0.7546 0.0012 -0.6562
vn -0.9313 0.0013 -0.3643
vn -0.7532 0.0004 -0.6578
vn -0.9675 0.0018 -0.2527
vn -0.9951 0.0007 -0.0984
vn -0.9676 0.0015 -0.2526
vn -0.9951 -0.0007 0.0984
vn -0.9571 -0.0021 0.2899
vn -0.9952 -0.0007 0.0976
vn -0.8817 -0.0033 0.4717
vn -0.7732 -0.0045 0.6341
vn -0.8821 -0.0033 0.4711
vn -0.6342 -0.0055 0.7732
vn -0.4716 -0.0063 0.8818
vn -0.6346 -0.0055 0.7728
vn -0.0017 -0.9999 -0.0122
vn 0.0039 -0.9997 -0.0254
vn 0.0021 -0.9999 -0.0114
vn 0.4716 -0.0063 0.8818
vn 0.6342 -0.0055 0.7732
vn 0.6346 -0.0055 0.7728
vn 0.0981 -0.0071 0.9952
vn 0.2902 -0.0068 0.9570
vn 0.2904 -0.0068 0.9569
vn -0.0980 -0.0071 0.9952
vn 0.4712 -0.0063 0.8820
vn 0.7728 -0.0045 0.6346
vn 0.9568 -0.0021 0.2907
vn 0.9952 0.0007 -0.0976
vn 0.9308 0.0021 -0.3655
vn -0.2824 0.0002 -0.9593
vn -0.9308 0.0022 -0.3655
vn -0.9952 0.0007 -0.0976
vn -0.9568 -0.0021 0.2907
vn -0.7728 -0.0045 0.6346
vn -0.4712 -0.0063 0.8820
vn -0.0025 0.9999 0.0104
vn -0.0006 0.9999 0.0147
vn 0.0001 0.9999 0.0133
vn -0.9492 0.3146 -0.0000
vn -0.9492 0.3145 -0.0000
vn 0.9492 -0.3146 -0.0000
vn -0.1555 -0.9878 -0.0000
vn -0.1555 0.9878 -0.0000
vn -0.0000 -0.9999 -0.0139
vn -0.0000 -0.9999 -0.0138
vn -0.0000 -0.9999 -0.0140
vn 0.0001 -0.9999 -0.0140
vn 0.0001 -0.9999 -0.0139
vn -0.0038 -0.9999 -0.0137
vn -0.0161 -0.9997 -0.0171
vn -0.0039 -0.9999 -0.0147
vn 0.0093 -0.9999 -0.0053
vn -0.0072 -0.9992 -0.0400
vn -0.0001 -0.9999 -0.0139
vn 0.0038 -0.9999 -0.0137
vn 0.0147 -0.9998 -0.0152
vn 0.0161 -0.9997 -0.0171
vn 0.0171 -0.9997 -0.0176
vn 0.0171 -0.9997 -0.0175
vn 0.0980 -0.0071 0.9952
vn -0.0000 0.9999 0.0139
vn -0.0000 0.9999 0.0138
vn -0.0000 0.9999 0.0140
vn -0.0001 0.9999 0.0136
vn -0.0001 0.9999 0.0138
vn -0.0008 0.9999 0.0134
vn -0.0038 0.9999 0.0137
vn -0.0165 0.9997 0.0172
vn -0.0187 0.9997 0.0182
vn 0.0054 1.0000 -0.0024
vn -0.0021 0.9995 0.0327
vn 0.0024 0.9999 0.0129
vn 0.0099 0.9998 0.0147
vn 0.0167 0.9997 0.0172
vn -0.0093 0.9999 0.0053
vn -0.9744 -0.0112 0.2245
vn 0.9744 -0.0112 -0.2245
vn 0.2928 -0.0112 -0.9561
vn -0.6816 -0.0112 -0.7316
vn -0.0000 0.6660 -0.7460
vn -0.0000 0.6686 -0.7437
vn -0.0014 0.6627 -0.7489
vn 0.6460 0.6660 0.3730
vn 0.6472 0.6675 0.3684
vn 0.6489 0.6654 0.3690
vn 0.6461 0.6659 -0.3730
vn 0.6484 0.6658 -0.3691
vn 0.6450 0.6683 -0.3706
vn -0.6460 0.6660 -0.3730
vn -0.6467 0.6651 -0.3733
vn -0.6518 0.6721 -0.3513
vn -0.6460 0.6660 0.3730
vn -0.6452 0.6642 0.3776
vn -0.6432 0.6687 0.3729
vn -0.0000 0.6660 0.7460
vn -0.0000 0.6609 0.7504
vn 0.0001 0.6638 0.7479
vn 1.0000 0.0001 0.0001
vn 1.0000 0.0002 0.0001
vn 1.0000 -0.0001 0.0001
vn 1.0000 -0.0002 0.0001
vn -1.0000 -0.0001 0.0001
vn -1.0000 -0.0002 0.0001
vn 1.0000 0.0002 -0.0001
vn 1.0000 0.0001 -0.0001
vn 1.0000 -0.0000 -0.0002
vn -1.0000 0.0002 0.0001
vn -1.0000 0.0002 -0.0000
vn 1.0000 -0.0000 0.0002
vn -1.0000 -0.0002 -0.0000
vn 1.0000 -0.0002 -0.0001
vn 1.0000 -0.0001 -0.0001
vn -1.0000 -0.0002 -0.0001
vn -1.0000 -0.0000 -0.0002
vn -1.0000 0.0002 -0.0001
vn -1.0000 0.0001 -0.0001
vn 0.6816 -0.0112 0.7316
vn -0.8660 -0.0000 0.5000
vn 0.8660 -0.0000 0.5000
vn 0.8660 -0.0000 -0.5000
vn -0.8660 -0.0000 -0.5000
vn -0.2928 -0.0112 0.9561
vn 0.6816 -0.0112 -0.7316
vn 0.4984 -0.0818 -0.8631
vn 0.2928 -0.0112 0.9561
vn 0.4984 -0.0818 0.8631
vn -0.6816 -0.0112 0.7316
vn -0.4983 -0.0818 0.8631
vn -0.9744 -0.0112 -0.2245
vn -0.9966 -0.0818 -0.0000
vn 0.9744 -0.0112 0.2245
vn 0.9966 -0.0820 -0.0000
vn -0.2928 -0.0112 -0.9561
vn -0.4983 -0.0818 -0.8631
vn -1.0000 -0.0001 -0.0001
vn -1.0000 -0.0000 0.0002
vn -1.0000 0.0001 0.0001
vn -1.0000 0.0001 0.0002
vn -1.0000 0.0001 -0.0002
vn -1.0000 -0.0001 -0.0002
vn -1.0000 -0.0001 0.0002
vn -0.0000 0.0074 -1.0000
vn 0.9999 0.0125 -0.0000
vn -0.9999 0.0125 -0.0000
vn -0.0000 0.0074 1.0000
vn 0.0266 -0.9996 -0.0000
vn -0.0109 -0.9999 -0.0000
vn -0.0485 -0.9988 -0.0000
vn 0.9998 -0.0222 -0.0000
vn 0.0118 0.9999 -0.0000
vn -0.0250 0.9997 -0.0000
vn 0.0485 0.9988 -0.0000
vn 0.9612 0.2757 0.0037
vn 0.9587 0.2843 0.0036
vn 0.9630 0.2696 -0.0000
vn -0.0000 -0.7637 0.6456
vn -0.0001 -0.6716 0.7409
vn 0.9985 0.0532 0.0094
vn 0.9811 0.1934 0.0014
vn 0.9848 0.1733 0.0149
vn -0.9811 0.1934 0.0014
vn -0.9985 0.0532 0.0094
vn 0.9578 0.2873 0.0054
vn -0.9578 0.2873 -0.0000
vn 0.9578 0.2873 -0.0000
vn -0.0000 -0.3287 0.9444
vn -0.0000 -0.4515 0.8923
vn -0.9747 0.2234 0.0060
vn -0.9724 0.2331 0.0118
vn -0.9699 0.2430 0.0177
vn -0.0000 0.2964 0.9551
vn -0.0000 -0.6709 0.7415
vn -0.0000 0.8057 0.5924
vn -0.9848 0.1733 0.0149
vn -0.7328 0.6690 -0.1244
vn -0.6718 0.7042 -0.2299
vn -0.7542 0.6566 -0.0000
vn -0.7328 0.6690 0.1244
vn -0.6718 0.7042 0.2299
vn -0.6717 0.7042 0.2299
vn -0.4726 0.8191 0.3251
vn -0.3649 0.8813 0.3003
vn -0.5804 0.7569 0.3003
vn -0.2735 0.9340 0.2299
vn -0.2125 0.9692 0.1244
vn -0.1911 0.9816 -0.0000
vn -0.2125 0.9692 -0.1244
vn -0.2735 0.9340 -0.2299
vn -0.3649 0.8813 -0.3003
vn -0.4726 0.8191 -0.3251
vn -0.5804 0.7569 -0.3003
vn 0.8271 0.4773 0.2968
vn -0.8271 -0.4773 -0.2968
vn 0.1094 0.0631 -0.9920
vn 0.4997 -0.8662 -0.0000
vn -0.2219 -0.1281 0.9666
vn -0.1094 -0.0631 0.9920
vn 0.2219 0.1281 -0.9666
vn 0.7271 0.4196 0.5433
vn -0.7271 -0.4196 -0.5433
vn -0.0021 0.6609 -0.7505
vn -0.0000 0.6661 -0.7459
vn -0.0000 0.6700 -0.7424
vn 0.6503 0.6651 0.3670
vn 0.6477 0.6683 0.3657
vn 0.6444 0.6695 -0.3695
vn 0.6460 0.6660 -0.3730
vn 0.6497 0.6659 -0.3669
vn -0.6548 0.6749 -0.3402
vn -0.6471 0.6647 -0.3734
vn -0.6417 0.6702 0.3730
vn -0.6447 0.6633 0.3799
vn 0.0001 0.6627 0.7489
vn -0.0000 0.6660 0.7459
vn -0.0000 0.6583 0.7528
vn -0.9770 0.2134 -0.0000
vn -0.2669 -0.9637 -0.0000
vn -0.2669 0.9637 -0.0000
vn -0.4248 -0.0000 0.9053
vn -0.4248 -0.0000 -0.9053
vn 0.5773 -0.5774 0.5774
vn 0.5773 -0.5774 -0.5774
vn 0.0009 -0.7071 -0.7071
vn -0.5773 -0.5774 -0.5774
vn -0.6325 -0.6325 -0.4472
vn -0.2819 -0.2819 0.9171
vn -0.2820 -0.2820 0.9171
vn 0.6325 0.6325 0.4472
vn 0.2819 0.2819 -0.9171
vn -0.2415 -0.2415 -0.9399
vn 0.6646 0.6646 -0.3415
vn 0.2415 0.2415 0.9399
vn -0.6646 -0.6646 0.3415
vn -0.0010 -0.7071 -0.7071
vn 0.5774 -0.5774 -0.5773
vn -0.5773 -0.5774 0.5774
vn -0.0000 0.9659 -0.2588
vn -0.0000 0.2588 -0.9659
vn -0.0000 0.9659 0.2588
vn -0.0000 0.2588 0.9659
vn -0.0000 0.9997 0.0263
vn -0.0000 0.5556 0.8315
vn -0.0000 0.5556 -0.8315
vn -0.0000 0.9996 -0.0271
vn 0.2935 0.2935 -0.9098
vn 0.7066 0.7066 0.0393
vn -0.1800 -0.1800 0.9670
vn -0.7072 0.7070 -0.0000
vt 0.392537 0.758622
vt 0.291720 0.768847
vt 0.291720 0.758622
vt 0.392537 0.732610
vt 0.291720 0.742835
vt 0.291720 0.732610
vt 0.291720 0.862667
vt 0.392537 0.872892
vt 0.291720 0.872892
vt 0.392537 0.784633
vt 0.291720 0.794858
vt 0.291720 0.784633
vt 0.004109 0.663742
vt 0.493790 0.674512
vt 0.004109 0.674513
vt 0.004109 0.651898
vt 0.493789 0.641126
vt 0.493789 0.651898
vt 0.004109 0.537759
vt 0.493789 0.526988
vt 0.493789 0.537760
vt 0.392537 0.836656
vt 0.291720 0.846881
vt 0.291720 0.836656
vt 0.392537 0.810645
vt 0.291720 0.820869
vt 0.291720 0.810645
vt 0.301302 0.471804
vt 0.277569 0.472260
vt 0.301228 0.467929
vt 0.493790 0.515146
vt 0.004109 0.504372
vt 0.493790 0.504375
vt 0.004109 0.595542
vt 0.493789 0.606314
vt 0.004109 0.606313
vt 0.004109 0.481403
vt 0.493790 0.492177
vt 0.004109 0.492174
vt 0.004109 0.686711
vt 0.493790 0.697482
vt 0.004109 0.697482
vt 0.004109 0.549958
vt 0.493789 0.560730
vt 0.004109 0.560729
vt 0.004109 0.572572
vt 0.493789 0.583344
vt 0.004109 0.583344
vt 0.420326 0.471597
vt 0.396522 0.471638
vt 0.404816 0.464764
vt 0.444129 0.471970
vt 0.420320 0.467710
vt 0.420388 0.467710
vt 0.372717 0.471679
vt 0.388029 0.456329
vt 0.396500 0.459428
vt 0.253836 0.472716
vt 0.254995 0.444777
vt 0.491733 0.472716
vt 0.468369 0.444389
vt 0.468865 0.444363
vt 0.348912 0.471721
vt 0.333620 0.456424
vt 0.347162 0.443733
vt 0.467931 0.472343
vt 0.444320 0.459761
vt 0.452834 0.456781
vt 0.372177 0.443689
vt 0.372668 0.443722
vt 0.325107 0.471763
vt 0.301295 0.467917
vt 0.317254 0.464917
vt 0.165313 0.795121
vt 0.288084 0.787174
vt 0.288084 0.795121
vt 0.165313 0.820827
vt 0.288084 0.812880
vt 0.288084 0.820827
vt 0.288084 0.846533
vt 0.165313 0.838586
vt 0.288084 0.838586
vt 0.165313 0.769414
vt 0.288084 0.761467
vt 0.288084 0.769415
vt 0.165313 0.872239
vt 0.288084 0.864292
vt 0.288084 0.872239
vt 0.165313 0.743708
vt 0.288084 0.735761
vt 0.288084 0.743708
vt 0.392537 0.820869
vt 0.392537 0.768847
vt 0.392537 0.846881
vt 0.392537 0.862667
vt 0.392537 0.794858
vt 0.392537 0.742835
vt 0.291720 0.716824
vt 0.392537 0.716824
vt 0.288084 0.718002
vt 0.165313 0.735761
vt 0.165313 0.718002
vt 0.165313 0.787173
vt 0.165313 0.864292
vt 0.165313 0.846533
vt 0.165313 0.761467
vt 0.165313 0.812880
vt 0.186087 0.946254
vt 0.195229 0.940309
vt 0.202907 0.953608
vt 0.252466 0.946254
vt 0.243325 0.940309
vt 0.252466 0.924328
vt 0.241683 0.945015
vt 0.246393 0.958634
vt 0.237762 0.951806
vt 0.192634 0.914851
vt 0.213994 0.902519
vt 0.215593 0.913407
vt 0.251912 0.949076
vt 0.251912 0.924410
vt 0.004109 0.709326
vt 0.004109 0.618157
vt 0.004109 0.515144
vt 0.004109 0.526988
vt 0.493789 0.628928
vt 0.004109 0.641127
vt 0.004109 0.628928
vt 0.186087 0.924328
vt 0.193188 0.912029
vt 0.202907 0.916974
vt 0.235647 0.953608
vt 0.226377 0.969515
vt 0.226955 0.958626
vt 0.245366 0.958552
vt 0.226377 0.901067
vt 0.245366 0.912029
vt 0.235647 0.916974
vt 0.243325 0.930273
vt 0.226955 0.911955
vt 0.211599 0.958626
vt 0.211599 0.911955
vt 0.212176 0.969515
vt 0.212176 0.901067
vt 0.193188 0.958552
vt 0.195229 0.930273
vt 0.225032 0.970967
vt 0.225032 0.902519
vt 0.246393 0.914851
vt 0.237762 0.921680
vt 0.241682 0.928470
vt 0.223434 0.960078
vt 0.223434 0.913407
vt 0.213994 0.970967
vt 0.215593 0.960078
vt 0.201264 0.921680
vt 0.201264 0.951806
vt 0.192634 0.958634
vt 0.197344 0.928470
vt 0.197344 0.945015
vt 0.187115 0.924410
vt 0.187115 0.949075
vt 0.493790 0.663740
vt 0.493789 0.595542
vt 0.493790 0.481405
vt 0.493790 0.686710
vt 0.493789 0.549958
vt 0.493789 0.572572
vt 0.493790 0.709324
vt 0.493789 0.618156
vt 0.155895 0.173063
vt 0.160594 0.183837
vt 0.155895 0.182902
vt 0.126244 0.153251
vt 0.137017 0.148552
vt 0.136083 0.153251
vt 0.152130 0.191992
vt 0.156113 0.194654
vt 0.106431 0.173063
vt 0.101732 0.183837
vt 0.101732 0.172128
vt 0.117154 0.198949
vt 0.125309 0.207413
vt 0.114492 0.202933
vt 0.110196 0.163973
vt 0.106213 0.161311
vt 0.145172 0.157016
vt 0.156113 0.161311
vt 0.152130 0.163973
vt 0.145172 0.198949
vt 0.147834 0.202933
vt 0.147834 0.153032
vt 0.117154 0.157016
vt 0.114492 0.153032
vt 0.110196 0.191992
vt 0.106213 0.194654
vt 0.137017 0.207413
vt 0.136083 0.202714
vt 0.160594 0.172128
vt 0.125309 0.148552
vt 0.106431 0.182902
vt 0.126244 0.202714
vt 0.065109 0.422735
vt 0.005089 0.404337
vt 0.065109 0.404337
vt 0.069165 0.223033
vt 0.078882 0.228850
vt 0.076601 0.237444
vt 0.065109 0.275545
vt 0.005089 0.257147
vt 0.065109 0.257147
vt 0.005089 0.385938
vt 0.065109 0.385938
vt 0.005089 0.238748
vt 0.065109 0.238748
vt 0.005089 0.367539
vt 0.065109 0.367539
vt 0.065109 0.220349
vt 0.005089 0.220349
vt 0.005089 0.349140
vt 0.065109 0.349140
vt 0.005089 0.201950
vt 0.065109 0.201950
vt 0.005089 0.330742
vt 0.065109 0.330742
vt 0.065109 0.183551
vt 0.005089 0.165153
vt 0.065109 0.165153
vt 0.005089 0.183551
vt 0.065109 0.312343
vt 0.005089 0.312343
vt 0.065109 0.146754
vt 0.005089 0.146754
vt 0.005089 0.293944
vt 0.065109 0.293944
vt 0.005089 0.441134
vt 0.005089 0.422736
vt 0.005089 0.275545
vt 0.092451 0.231988
vt 0.105912 0.228122
vt 0.098203 0.235831
vt 0.102069 0.222370
vt 0.115985 0.223949
vt 0.114636 0.217164
vt 0.126888 0.223949
vt 0.128238 0.217164
vt 0.136961 0.228122
vt 0.140805 0.222370
vt 0.144671 0.235831
vt 0.150423 0.231988
vt 0.148843 0.245904
vt 0.155629 0.244555
vt 0.148843 0.256807
vt 0.150423 0.270724
vt 0.155629 0.258157
vt 0.140805 0.280342
vt 0.144671 0.266880
vt 0.128238 0.285548
vt 0.136961 0.274590
vt 0.114636 0.285548
vt 0.126888 0.278762
vt 0.102069 0.280342
vt 0.115985 0.278762
vt 0.092451 0.270724
vt 0.105912 0.274590
vt 0.087245 0.258157
vt 0.098203 0.266880
vt 0.087245 0.244555
vt 0.094030 0.256807
vt 0.094030 0.245904
vt 0.072517 0.356599
vt 0.082846 0.361387
vt 0.081476 0.370220
vt 0.069343 0.256321
vt 0.071036 0.255772
vt 0.070870 0.256310
vt 0.077810 0.406516
vt 0.076216 0.389861
vt 0.077744 0.389714
vt 0.081111 0.372670
vt 0.077851 0.389132
vt 0.075382 0.270976
vt 0.075977 0.272919
vt 0.079480 0.423165
vt 0.084560 0.405666
vt 0.088581 0.416250
vt 0.069082 0.289787
vt 0.078861 0.283868
vt 0.084598 0.289151
vt 0.072759 0.156585
vt 0.093745 0.167033
vt 0.097844 0.174628
vt 0.069244 0.306520
vt 0.091168 0.298013
vt 0.071168 0.173154
vt 0.099039 0.181551
vt 0.100535 0.191410
vt 0.069844 0.323242
vt 0.096069 0.305172
vt 0.097997 0.311967
vt 0.070012 0.189758
vt 0.098664 0.197976
vt 0.096049 0.207804
vt 0.070961 0.339938
vt 0.100535 0.321666
vt 0.099359 0.328428
vt 0.069370 0.206390
vt 0.089136 0.217216
vt 0.084596 0.223706
vt 0.097784 0.338530
vt 0.091868 0.348671
vt 0.196142 0.175568
vt 0.164234 0.155566
vt 0.196143 0.155566
vt 0.114432 0.319400
vt 0.164234 0.355584
vt 0.133454 0.377947
vt 0.196143 0.235573
vt 0.164234 0.215571
vt 0.196143 0.215571
vt 0.196143 0.295579
vt 0.180188 0.275577
vt 0.196143 0.275577
vt 0.196143 0.355584
vt 0.164234 0.335582
vt 0.196143 0.335582
vt 0.196143 0.195570
vt 0.164234 0.195570
vt 0.196143 0.255575
vt 0.164234 0.255575
vt 0.196143 0.315581
vt 0.164234 0.315581
vt 0.164234 0.175568
vt 0.164234 0.235573
vt 0.180188 0.295579
vt 0.200912 0.003544
vt 0.181279 0.142712
vt 0.181279 0.003544
vt 0.024216 0.142712
vt 0.004584 0.003544
vt 0.024216 0.003544
vt 0.043849 0.142712
vt 0.043849 0.003544
vt 0.063482 0.142712
vt 0.063482 0.003544
vt 0.083115 0.142712
vt 0.083115 0.003544
vt 0.102748 0.142712
vt 0.102748 0.003544
vt 0.122381 0.142712
vt 0.122381 0.003544
vt 0.142013 0.142712
vt 0.142013 0.003544
vt 0.161646 0.142712
vt 0.161646 0.003544
vt 0.164234 0.275577
vt 0.164234 0.295579
vt 0.169251 0.290562
vt 0.169251 0.280593
vt 0.175172 0.280593
vt 0.175172 0.290562
vt 0.665727 0.005684
vt 0.611350 0.091520
vt 0.611350 0.005684
vt 0.918102 0.331582
vt 0.678715 0.342299
vt 0.693452 0.262047
vt 0.897260 0.091520
vt 0.693452 0.005684
vt 0.897260 0.005684
vt 0.672611 0.106677
vt 0.911997 0.095960
vt 0.897260 0.176212
vt 0.979363 0.091520
vt 0.924986 0.005684
vt 0.979363 0.005684
vt 0.912652 0.262047
vt 0.897260 0.262047
vt 0.991697 0.091520
vt 0.991697 0.005684
vt 0.912652 0.091520
vt 0.912652 0.005684
vt 0.924986 0.091520
vt 0.678061 0.176211
vt 0.693452 0.176211
vt 0.599016 0.005684
vt 0.599016 0.091520
vt 0.678061 0.091520
vt 0.678061 0.005684
vt 0.258875 0.357840
vt 0.285331 0.408386
vt 0.258875 0.408386
vt 0.285331 0.357840
vt 0.311786 0.408386
vt 0.311786 0.357840
vt 0.338242 0.408386
vt 0.338242 0.357840
vt 0.364697 0.408386
vt 0.364697 0.357840
vt 0.391153 0.408386
vt 0.391153 0.357840
vt 0.417608 0.408386
vt 0.444064 0.357840
vt 0.444064 0.408386
vt 0.470519 0.357840
vt 0.470519 0.408386
vt 0.496975 0.408386
vt 0.523431 0.357839
vt 0.523431 0.408386
vt 0.924365 0.100143
vt 0.955999 0.121907
vt 0.924365 0.121907
vt 0.205964 0.357839
vt 0.232419 0.408386
vt 0.205964 0.408386
vt 0.232420 0.357840
vt 0.883271 0.568775
vt 0.921231 0.492855
vt 0.921231 0.568775
vt 0.883271 0.492855
vt 0.921231 0.442241
vt 0.883271 0.619389
vt 0.921231 0.619389
vt 0.832657 0.568775
vt 0.832657 0.492855
vt 0.984498 0.492855
vt 0.959192 0.442241
vt 0.959192 0.619389
vt 0.589823 0.263610
vt 0.559994 0.263709
vt 0.570975 0.252729
vt 0.615606 0.278610
vt 0.585804 0.278610
vt 0.630434 0.252728
vt 0.611586 0.263610
vt 0.656316 0.237900
vt 0.641415 0.263709
vt 0.641316 0.212117
vt 0.641316 0.233880
vt 0.630434 0.193269
vt 0.656316 0.208098
vt 0.615605 0.167388
vt 0.641415 0.182288
vt 0.589823 0.182388
vt 0.611586 0.182388
vt 0.570975 0.193269
vt 0.585803 0.167388
vt 0.545093 0.208098
vt 0.559994 0.182289
vt 0.560093 0.212117
vt 0.545093 0.237900
vt 0.560093 0.233881
vt 0.924365 0.143670
vt 0.955999 0.165434
vt 0.924365 0.165434
vt 0.924365 0.296015
vt 0.955999 0.317778
vt 0.924365 0.317778
vt 0.924365 0.230724
vt 0.955999 0.252488
vt 0.924365 0.252488
vt 0.955999 0.143670
vt 0.955999 0.187197
vt 0.924365 0.187197
vt 0.955999 0.339542
vt 0.924365 0.339542
vt 0.955999 0.274251
vt 0.924365 0.274251
vt 0.955998 0.208961
vt 0.924365 0.208961
vt 0.955999 0.361305
vt 0.924365 0.361305
vt 0.955999 0.296015
vt 0.955998 0.230724
vt 0.541738 0.087194
vt 0.588977 0.039021
vt 0.588977 0.087194
vt 0.541738 0.039021
vt 0.588977 -0.000747
vt 0.541572 0.087669
vt 0.588812 0.039497
vt 0.588812 0.087669
vt 0.541572 0.127438
vt 0.541572 0.039497
vt 0.588812 -0.000272
vt 0.541738 0.126962
vt 0.466339 0.122937
vt 0.408615 0.105003
vt 0.421944 0.097306
vt 0.524066 0.105004
vt 0.466340 0.138329
vt 0.408617 0.038349
vt 0.421947 0.046045
vt 0.510736 0.097309
vt 0.524066 0.038350
vt 0.315163 0.413381
vt 0.242367 0.346737
vt 0.315163 0.346737
vt 0.315163 0.146804
vt 0.242367 0.080160
vt 0.315163 0.080160
vt 0.315163 0.280093
vt 0.242367 0.213449
vt 0.315163 0.213449
vt 0.315163 0.013516
vt 0.242367 0.013516
vt 0.242367 0.280093
vt 0.242367 0.146804
vt 0.466342 0.020415
vt 0.466342 0.005023
vt 0.468574 0.380887
vt 0.395853 0.506845
vt 0.323131 0.380887
vt 0.510737 0.046047
vt 0.486496 0.626068
vt 0.480132 0.990685
vt 0.480132 0.626068
vt 0.511954 0.626046
vt 0.505589 0.990662
vt 0.505589 0.626045
vt 0.499225 0.626057
vt 0.492861 0.990673
vt 0.492861 0.626056
vt 0.448311 0.626102
vt 0.441946 0.990718
vt 0.441946 0.626102
vt 0.473768 0.626079
vt 0.467403 0.990696
vt 0.467403 0.626079
vt 0.435582 0.626113
vt 0.429218 0.990730
vt 0.429218 0.626113
vt 0.564851 0.531597
vt 0.586265 0.498749
vt 0.619113 0.520163
vt 0.461039 0.626091
vt 0.454675 0.990707
vt 0.454675 0.626090
vt 0.486496 0.990685
vt 0.422853 0.626124
vt 0.410125 0.626136
vt 0.416489 0.990741
vt 0.410125 0.990752
vt 0.448311 0.990719
vt 0.473768 0.990696
vt 0.416489 0.626124
vt 0.915487 0.899106
vt 0.892992 0.933611
vt 0.892992 0.899106
vt 0.627008 0.983904
vt 0.643537 0.961354
vt 0.643537 0.983904
vt 0.853659 0.756442
vt 0.886387 0.610523
vt 0.886387 0.756442
vt 0.627008 0.812597
vt 0.599461 0.944825
vt 0.599461 0.812597
vt 0.599461 0.983904
vt 0.993561 0.963618
vt 0.937487 0.992622
vt 0.908483 0.963618
vt 0.853659 0.802644
vt 0.886387 0.802644
vt 0.937487 0.895376
vt 0.892992 0.833419
vt 0.915487 0.833419
vt 0.993561 0.754224
vt 0.936037 0.754224
vt 0.853659 0.898209
vt 0.886387 0.898209
vt 0.827353 0.685157
vt 0.800838 0.705866
vt 0.800838 0.685157
vt 0.827352 0.653605
vt 0.685377 0.368814
vt 0.710421 0.336258
vt 0.710421 0.368814
vt 0.915487 0.768185
vt 0.936037 0.614039
vt 0.993561 0.614039
vt 0.853659 0.993119
vt 0.723619 0.653605
vt 0.736877 0.642999
vt 0.736877 0.653605
vt 0.745612 0.716520
vt 0.742506 0.695763
vt 0.753112 0.685157
vt 0.723619 0.685157
vt 0.736877 0.685157
vt 0.744994 0.653605
vt 0.753112 0.653605
vt 0.744994 0.685157
vt 0.715502 0.653605
vt 0.715502 0.685157
vt 0.707385 0.653605
vt 0.800838 0.653605
vt 0.772599 0.339192
vt 0.775533 0.358797
vt 0.765516 0.368814
vt 0.744994 0.642999
vt 0.720438 0.368814
vt 0.715502 0.642999
vt 0.753112 0.642999
vt 0.659658 0.653605
vt 0.707385 0.642999
vt 0.723619 0.642999
vt 0.800838 0.642999
vt 0.650383 0.944825
vt 0.627008 0.944825
vt 0.906023 0.756442
vt 0.682339 0.812597
vt 0.672934 0.944825
vt 0.599461 0.997205
vt 0.627008 0.997205
vt 0.643537 0.997205
vt 0.659658 0.685157
vt 0.827353 0.727077
vt 0.827353 0.705866
vt 0.784929 0.727077
vt 0.800838 0.727077
vt 0.800838 0.742986
vt 0.827353 0.742986
vt 0.892034 0.768185
vt 0.914528 0.802690
vt 0.892034 0.802690
vt 0.654861 0.984488
vt 0.638333 0.961938
vt 0.654861 0.945409
vt 0.852935 0.610850
vt 0.885662 0.756769
vt 0.852935 0.756769
vt 0.682409 0.945409
vt 0.654861 0.813180
vt 0.682409 0.813180
vt 0.682409 0.984488
vt 0.937269 0.613896
vt 0.993343 0.642900
vt 0.908266 0.642900
vt 0.885662 0.802971
vt 0.852935 0.802971
vt 0.937269 0.711142
vt 0.993343 0.711142
vt 0.892034 0.868377
vt 0.914528 0.868377
vt 0.993343 0.852294
vt 0.935819 0.852294
vt 0.885662 0.898535
vt 0.852935 0.898535
vt 0.780109 0.836908
vt 0.800818 0.810393
vt 0.800818 0.836908
vt 0.832370 0.810393
vt 0.710536 0.368483
vt 0.685492 0.335927
vt 0.710536 0.335927
vt 0.914528 0.933611
vt 0.935819 0.992479
vt 0.885662 0.993445
vt 0.842976 0.900869
vt 0.832370 0.914127
vt 0.832370 0.900869
vt 0.790212 0.895240
vt 0.769455 0.892134
vt 0.766349 0.836908
vt 0.800818 0.914127
vt 0.832370 0.892752
vt 0.800818 0.884634
vt 0.832370 0.884634
vt 0.800818 0.892752
vt 0.832370 0.922244
vt 0.832370 0.930361
vt 0.800817 0.922244
vt 0.832370 0.836908
vt 0.775648 0.345944
vt 0.772714 0.365549
vt 0.720553 0.368483
vt 0.842976 0.892752
vt 0.720553 0.335927
vt 0.842976 0.922244
vt 0.842976 0.884634
vt 0.842976 0.930361
vt 0.832370 0.978088
vt 0.842976 0.914127
vt 0.842976 0.836908
vt 0.631486 0.945409
vt 0.833298 0.756769
vt 0.599531 0.936004
vt 0.599531 0.813180
vt 0.682409 0.997789
vt 0.654861 0.997789
vt 0.638333 0.984488
vt 0.638333 0.997789
vt 0.800817 0.978088
vt 0.758897 0.810393
vt 0.758897 0.836908
vt 0.758897 0.852817
vt 0.793366 0.852817
vt 0.742988 0.836908
vt 0.742988 0.810393
vt 0.391310 0.910403
vt 0.354254 0.987590
vt 0.346175 0.907063
vt 0.470647 0.909563
vt 0.392204 0.994918
vt 0.837308 0.139058
vt 0.800775 0.057390
vt 0.837308 0.001534
vt 0.892731 0.669393
vt 0.813291 0.722828
vt 0.807900 0.659726
vt 0.908246 0.926509
vt 0.972668 0.988069
vt 0.908246 0.988069
vt 0.604479 0.528444
vt 0.695349 0.540291
vt 0.600238 0.545692
vt 0.693094 0.560009
vt 0.595616 0.565545
vt 0.691351 0.579698
vt 0.591867 0.585348
vt 0.690555 0.599334
vt 0.589730 0.605059
vt 0.690995 0.618899
vt 0.589699 0.624651
vt 0.591948 0.644114
vt 0.692773 0.638388
vt 0.596303 0.663456
vt 0.695787 0.657807
vt 0.598466 0.670437
vt 0.697223 0.664829
vt 0.972668 0.900864
vt 0.972668 0.926509
vt 0.491709 0.989673
vt 0.471541 0.994078
vt 0.122729 0.877190
vt 0.166807 0.785207
vt 0.166807 0.877190
vt 0.864167 0.926509
vt 0.864167 0.988069
vt 0.033102 0.872462
vt 0.097524 0.780480
vt 0.097524 0.872462
vt 0.122729 0.785207
vt 0.007897 0.785207
vt 0.007897 0.877190
vt 0.478816 0.715652
vt 0.627495 0.697245
vt 0.627445 0.715285
vt 0.296707 0.149042
vt 0.383974 0.092318
vt 0.383974 0.149042
vt 0.296707 0.092318
vt 0.198531 0.005051
vt 0.296707 0.005051
vt 0.296707 0.205765
vt 0.198531 0.149042
vt 0.296707 0.286488
vt 0.198531 0.205765
vt 0.296707 0.345393
vt 0.198531 0.286488
vt 0.296707 0.480657
vt 0.198531 0.413025
vt 0.296707 0.413025
vt 0.383974 0.480657
vt 0.482150 0.512292
vt 0.383974 0.512292
vt 0.383974 0.345393
vt 0.383974 0.413025
vt 0.383974 0.286488
vt 0.383974 0.205766
vt 0.198531 0.092318
vt 0.198531 0.600142
vt 0.296707 0.572346
vt 0.296707 0.600142
vt 0.349067 0.555925
vt 0.198531 0.480657
vt 0.013088 0.092318
vt 0.100356 0.149042
vt 0.013088 0.149042
vt 0.980486 0.820928
vt 0.994048 0.902303
vt 0.980486 0.902303
vt 0.100356 0.092318
vt 0.100356 0.005051
vt 0.100356 0.205765
vt 0.100356 0.286488
vt 0.100356 0.345393
vt 0.100355 0.480657
vt 0.100355 0.413025
vt 0.580325 0.480657
vt 0.580325 0.512292
vt 0.013088 0.413025
vt 0.056721 0.412263
vt 0.013088 0.286488
vt 0.013088 0.345393
vt 0.013088 0.205765
vt 0.837625 0.500712
vt 0.799650 0.415268
vt 0.837625 0.415268
vt 0.023312 0.543145
vt 0.013088 0.512292
vt 0.149443 0.572346
vt 0.100355 0.572346
vt 0.198531 0.632645
vt 0.100355 0.632645
vt 0.416699 0.148686
vt 0.482150 0.092318
vt 0.482150 0.148686
vt 0.416699 0.205766
vt 0.416699 0.286488
vt 0.416699 0.345393
vt 0.416699 0.447932
vt 0.416699 0.396663
vt 0.482150 0.480657
vt 0.547600 0.148686
vt 0.580325 0.092318
vt 0.547600 0.205766
vt 0.580325 0.149042
vt 0.580325 0.205766
vt 0.580325 0.286488
vt 0.547600 0.286488
vt 0.580325 0.345393
vt 0.547600 0.345393
vt 0.547600 0.396663
vt 0.580325 0.413025
vt 0.547600 0.447932
vt 0.482150 0.447932
vt 0.433026 0.213139
vt 0.481851 0.213139
vt 0.530677 0.251385
vt 0.994048 0.983678
vt 0.980486 0.983678
vt 0.424889 0.393792
vt 0.433027 0.436372
vt 0.424889 0.436372
vt 0.538814 0.436372
vt 0.530676 0.393792
vt 0.538814 0.393792
vt 0.424889 0.333574
vt 0.433026 0.393792
vt 0.530676 0.333574
vt 0.538814 0.333574
vt 0.424889 0.289632
vt 0.433026 0.333574
vt 0.530677 0.289632
vt 0.538814 0.289632
vt 0.424889 0.213139
vt 0.433026 0.251385
vt 0.424889 0.251385
vt 0.538814 0.251385
vt 0.481851 0.205002
vt 0.433026 0.205002
vt 0.530677 0.205002
vt 0.530677 0.213139
vt 0.538814 0.213139
vt 0.433026 0.289632
vt 0.433026 0.436372
vt 0.013088 0.480657
vt 0.198531 0.345393
vt 0.100356 0.361756
vt 0.198531 0.396663
vt 0.424802 0.886410
vt 0.464277 0.886410
vt 0.455337 0.895350
vt 0.503752 0.856240
vt 0.494812 0.895350
vt 0.385326 0.886410
vt 0.424802 0.826071
vt 0.415862 0.895350
vt 0.464277 0.786596
vt 0.503752 0.826071
vt 0.464277 0.826071
vt 0.345851 0.886410
vt 0.376386 0.895350
vt 0.662199 0.966832
vt 0.680356 0.966832
vt 0.671278 0.982557
vt 0.613029 0.966832
vt 0.631186 0.966832
vt 0.622107 0.982557
vt 0.563858 0.966832
vt 0.582015 0.966833
vt 0.572937 0.982557
vt 0.514688 0.966833
vt 0.532845 0.966832
vt 0.523766 0.982557
vt 0.464277 0.856240
vt 0.345851 0.856240
vt 0.385326 0.826071
vt 0.815814 0.940444
vt 0.763091 0.961059
vt 0.763091 0.940444
vt 0.810277 0.994344
vt 0.763091 0.988807
vt 0.815814 0.961059
vt 0.768317 0.219865
vt 0.744250 0.213401
vt 0.750715 0.158314
vt 0.742476 0.988807
vt 0.757553 0.994344
vt 0.777890 0.418041
vt 0.754042 0.427535
vt 0.754042 0.418041
vt 0.149443 0.600142
vt 0.790157 0.367800
vt 0.741775 0.405775
vt 0.741775 0.367800
vt 0.741775 0.548181
vt 0.790157 0.510206
vt 0.790157 0.548181
vt 0.694306 0.415268
vt 0.732282 0.500712
vt 0.694306 0.500712
vt 0.836429 0.988806
vt 0.821351 0.994344
vt 0.051925 0.701531
vt 0.069241 0.708806
vt 0.062141 0.711747
vt 0.062141 0.740588
vt 0.054866 0.757903
vt 0.051925 0.750803
vt 0.012868 0.740588
vt 0.020143 0.757903
vt 0.005768 0.743529
vt 0.023084 0.701531
vt 0.005768 0.708805
vt 0.020143 0.694431
vt 0.054866 0.694431
vt 0.069241 0.743529
vt 0.023084 0.750803
vt 0.012868 0.711746
vt 0.744548 0.488445
vt 0.732282 0.415268
vt 0.744548 0.427535
vt 0.787384 0.488445
vt 0.799650 0.500712
vt 0.790157 0.405775
vt 0.777890 0.497939
vt 0.741775 0.510206
vt 0.754042 0.497939
vt 0.754042 0.488445
vt 0.777890 0.488445
vt 0.777890 0.427535
vt 0.787384 0.427535
vt 0.085764 0.014738
vt 0.076632 0.047932
vt 0.054516 0.039971
vt 0.888628 0.532791
vt 0.905351 0.476252
vt 0.905351 0.532791
vt 0.345735 0.676943
vt 0.361767 0.642446
vt 0.362175 0.676748
vt 0.871906 0.476252
vt 0.888628 0.476252
vt 0.378614 0.676552
vt 0.378206 0.642250
vt 0.854555 0.532791
vt 0.871906 0.532791
vt 0.184358 0.688194
vt 0.099498 0.679872
vt 0.197782 0.678703
vt 0.533212 0.193759
vt 0.523167 0.161026
vt 0.533212 0.161026
vt 0.376586 0.582683
vt 0.460879 0.569833
vt 0.461137 0.579324
vt 0.523167 0.193759
vt 0.513485 0.161026
vt 0.170689 0.718359
vt 0.100123 0.703568
vt 0.174518 0.702128
vt 0.213813 0.644205
vt 0.214221 0.678507
vt 0.503804 0.161026
vt 0.494123 0.193759
vt 0.494123 0.161026
vt 0.230253 0.644010
vt 0.230661 0.678312
vt 0.484441 0.161026
vt 0.246692 0.643814
vt 0.247100 0.678117
vt 0.484441 0.193759
vt 0.474760 0.161026
vt 0.263539 0.677921
vt 0.263131 0.643619
vt 0.474760 0.193759
vt 0.465078 0.161026
vt 0.279571 0.643423
vt 0.279978 0.677725
vt 0.455397 0.193759
vt 0.455397 0.161026
vt 0.296010 0.643228
vt 0.296418 0.677530
vt 0.445715 0.193759
vt 0.312857 0.677334
vt 0.312449 0.643032
vt 0.020014 0.685762
vt 0.019128 0.634840
vt 0.062707 0.643508
vt 0.436034 0.161026
vt 0.445715 0.161026
vt 0.329296 0.677139
vt 0.328888 0.642837
vt 0.595360 0.341931
vt 0.623385 0.411622
vt 0.595352 0.415782
vt 0.345327 0.642641
vt 0.243926 0.686624
vt 0.245496 0.746192
vt 0.317020 0.584303
vt 0.011122 0.614799
vt 0.054702 0.571220
vt 0.063370 0.614799
vt 0.387157 0.596071
vt 0.461523 0.593529
vt 0.391850 0.612074
vt 0.461979 0.610284
vt 0.463229 0.675546
vt 0.101006 0.737080
vt 0.100564 0.720324
vt 0.099748 0.689363
vt 0.388034 0.628308
vt 0.462820 0.641244
vt 0.462434 0.627039
vt 0.175368 0.734366
vt 0.101380 0.751284
vt 0.513486 0.193759
vt 0.503804 0.193759
vt 0.587131 0.415722
vt 0.587148 0.340253
vt 0.623393 0.337771
vt 0.631606 0.411563
vt 0.659652 0.340169
vt 0.631606 0.336094
vt 0.099090 0.645569
vt 0.197374 0.644401
vt 0.133057 0.903186
vt 0.153401 0.987274
vt 0.133057 0.987274
vt 0.010995 0.987274
vt 0.010995 0.903186
vt 0.795126 0.030185
vt 0.779041 0.007122
vt 0.770311 0.001534
vt 0.801525 0.139058
vt 0.795126 0.084595
vt 0.705491 0.139058
vt 0.726571 0.128479
vt 0.754968 0.123068
vt 0.779041 0.107658
vt 0.701970 0.123065
vt 0.900025 0.605386
vt 0.815194 0.595718
vt 0.530677 0.436372
vt 0.155728 0.259891
vt 0.011634 0.287151
vt 0.011635 0.259891
vt 0.155728 0.287150
vt 0.011635 0.314410
vt 0.155728 0.314410
vt 0.011635 0.341669
vt 0.155728 0.368929
vt 0.011635 0.368929
vt 0.011635 0.396188
vt 0.155728 0.423447
vt 0.011635 0.423447
vt 0.155728 0.450707
vt 0.011635 0.450707
vt 0.155728 0.014557
vt 0.011635 0.041816
vt 0.011635 0.014556
vt 0.155728 0.041816
vt 0.011635 0.069076
vt 0.155728 0.096335
vt 0.011635 0.096335
vt 0.011635 0.123594
vt 0.155728 0.123594
vt 0.011635 0.150854
vt 0.155728 0.150854
vt 0.011634 0.178113
vt 0.155728 0.205372
vt 0.011635 0.205372
vt 0.120784 0.707421
vt 0.075041 0.775880
vt 0.006583 0.730138
vt 0.011634 0.232632
vt 0.054419 0.596423
vt 0.063324 0.641192
vt 0.018555 0.650097
vt 0.645962 0.300180
vt 0.677706 0.273478
vt 0.677706 0.300180
vt 0.677706 0.246777
vt 0.645962 0.220075
vt 0.677706 0.220075
vt 0.645961 0.193374
vt 0.677706 0.193374
vt 0.645961 0.620598
vt 0.677706 0.593896
vt 0.677706 0.620598
vt 0.645962 0.593896
vt 0.677706 0.567195
vt 0.841181 0.540493
vt 0.817412 0.567195
vt 0.817412 0.540493
vt 0.677706 0.460389
vt 0.645962 0.433687
vt 0.677706 0.433687
vt 0.645962 0.567195
vt 0.645962 0.540493
vt 0.645962 0.326881
vt 0.677706 0.326881
vt 0.444899 0.504076
vt 0.509510 0.491224
vt 0.522362 0.555835
vt 0.645962 0.273478
vt 0.645962 0.246777
vt 0.444899 0.555835
vt 0.451694 0.577752
vt 0.435834 0.561892
vt 0.427251 0.541170
vt 0.437943 0.539043
vt 0.427251 0.518741
vt 0.437943 0.520868
vt 0.457751 0.491224
vt 0.435834 0.498019
vt 0.451694 0.482159
vt 0.472416 0.473576
vt 0.474543 0.484268
vt 0.492718 0.484268
vt 0.494845 0.473576
vt 0.531427 0.498019
vt 0.522362 0.504076
vt 0.529317 0.520868
vt 0.540010 0.518741
vt 0.529317 0.539043
vt 0.540010 0.541170
vt 0.509510 0.568687
vt 0.531427 0.561892
vt 0.515567 0.577752
vt 0.492718 0.575642
vt 0.494845 0.586335
vt 0.472416 0.586335
vt 0.474543 0.575642
vt 0.677706 0.353583
vt 0.677706 0.380284
vt 0.645962 0.353583
vt 0.677706 0.487090
vt 0.645962 0.513792
vt 0.645962 0.487090
vt 0.645962 0.406986
vt 0.677706 0.406986
vt 0.645962 0.380284
vt 0.645962 0.460389
vt 0.677706 0.513792
vt 0.677706 0.540493
vt 0.841181 0.513792
vt 0.817412 0.513792
vt 0.841181 0.460389
vt 0.817412 0.487090
vt 0.817412 0.460389
vt 0.841181 0.380284
vt 0.817413 0.406986
vt 0.817412 0.380284
vt 0.841181 0.433687
vt 0.841181 0.406986
vt 0.841181 0.487090
vt 0.817412 0.353583
vt 0.841181 0.353583
vt 0.817412 0.326881
vt 0.841181 0.326881
vt 0.841181 0.273478
vt 0.817412 0.246777
vt 0.841181 0.246777
vt 0.817412 0.300180
vt 0.841181 0.300180
vt 0.817412 0.433687
vt 0.817412 0.593896
vt 0.841181 0.567195
vt 0.841181 0.593896
vt 0.817412 0.620598
vt 0.841181 0.620598
vt 0.841181 0.220075
vt 0.817412 0.193374
vt 0.841181 0.193374
vt 0.817412 0.220075
vt 0.817412 0.273478
vt 0.712632 0.540493
vt 0.747559 0.513792
vt 0.712632 0.513792
vt 0.747559 0.593896
vt 0.847814 0.400649
vt 0.878367 0.358739
vt 0.878364 0.400651
vt 0.878368 0.328188
vt 0.910408 0.358741
vt 0.712632 0.593896
vt 0.910406 0.400653
vt 0.909701 0.402017
vt 0.877662 0.360103
vt 0.909704 0.360105
vt 0.940252 0.402019
vt 0.940254 0.360107
vt 0.877658 0.432566
vt 0.909699 0.432568
vt 0.940957 0.400654
vt 0.940959 0.358742
vt 0.878363 0.431201
vt 0.910405 0.431203
vt 0.909705 0.329554
vt 0.877664 0.329552
vt 0.847111 0.360101
vt 0.877659 0.402015
vt 0.847109 0.402013
vt 0.579990 0.333555
vt 0.600674 0.346618
vt 0.597961 0.365454
vt 0.645962 0.342738
vt 0.645962 0.328325
vt 0.645962 0.377955
vt 0.645962 0.322639
vt 0.536160 0.045764
vt 0.538589 0.051381
vt 0.542852 0.045764
vt 0.528086 0.040549
vt 0.527436 0.041199
vt 0.528737 0.041199
vt 0.532932 0.044427
vt 0.541557 0.044058
vt 0.536160 0.052664
vt 0.532666 0.045764
vt 0.532666 0.053031
vt 0.532267 0.045764
vt 0.529173 0.049924
vt 0.634037 0.381913
vt 0.638059 0.391624
vt 0.638059 0.420462
vt 0.627024 0.447104
vt 0.606632 0.467496
vt 0.579990 0.478531
vt 0.551152 0.478531
vt 0.524510 0.467496
vt 0.504119 0.447104
vt 0.493083 0.420462
vt 0.493083 0.391624
vt 0.504119 0.364982
vt 0.524510 0.344590
vt 0.551152 0.333555
vt 0.602400 0.342837
vt 0.277344 0.460533
vt 0.285254 0.465272
vt 0.435931 0.464981
vt 0.268761 0.457147
vt 0.253197 0.439491
vt 0.492255 0.439395
vt 0.325086 0.460000
vt 0.348854 0.438394
vt 0.075984 0.239829
vt 0.069218 0.239677
vt 0.065109 0.441134
vt 0.074331 0.373234
vt 0.088016 0.355640
vt 0.070878 0.256337
vt 0.083763 0.403796
vt 0.077741 0.389688
vt 0.069175 0.273054
vt 0.090610 0.417712
vt 0.094841 0.420899
vt 0.080726 0.285536
vt 0.088173 0.157580
vt 0.114432 0.371766
vt 0.102675 0.355584
vt 0.102675 0.335582
vt 0.133455 0.313220
vt 0.152477 0.319400
vt 0.152477 0.371766
vt 0.200912 0.142712
vt 0.004584 0.142712
vt 0.665727 0.091520
vt 0.911997 0.266487
vt 0.918102 0.277205
vt 0.911997 0.342299
vt 0.897260 0.346739
vt 0.693452 0.346739
vt 0.672611 0.331581
vt 0.672611 0.277204
vt 0.678715 0.266487
vt 0.693452 0.091520
vt 0.678715 0.171772
vt 0.672611 0.161054
vt 0.678715 0.095960
vt 0.918102 0.106677
vt 0.918102 0.161054
vt 0.911997 0.171772
vt 0.912652 0.176212
vt 0.678061 0.262047
vt 0.417608 0.357840
vt 0.496975 0.357839
vt 0.955999 0.100143
vt 0.883271 0.442241
vt 0.984499 0.568775
vt 0.541738 -0.000747
vt 0.588812 0.127438
vt 0.541572 -0.000272
vt 0.588977 0.126962
vt 0.242367 0.413381
vt 0.395853 0.338902
vt 0.468574 0.464859
vt 0.323131 0.464859
vt 0.511954 0.990662
vt 0.499225 0.990674
vt 0.435582 0.990730
vt 0.619113 0.531597
vt 0.615209 0.541022
vt 0.607124 0.549107
vt 0.597699 0.553011
vt 0.586265 0.553011
vt 0.576840 0.549107
vt 0.568755 0.541022
vt 0.564851 0.520163
vt 0.568755 0.510739
vt 0.576840 0.502653
vt 0.597699 0.498749
vt 0.607123 0.502653
vt 0.615209 0.510738
vt 0.461039 0.990707
vt 0.422853 0.990741
vt 0.915487 0.933611
vt 0.853659 0.610523
vt 0.993561 0.992622
vt 0.993561 0.895376
vt 0.685377 0.336258
vt 0.892992 0.768185
vt 0.886387 0.993119
vt 0.800838 0.719626
vt 0.753112 0.719626
vt 0.742506 0.709020
vt 0.745612 0.688263
vt 0.707385 0.685157
vt 0.720438 0.336258
vt 0.765516 0.336258
vt 0.775533 0.346275
vt 0.772599 0.365880
vt 0.659658 0.642999
vt 0.650383 0.812597
vt 0.906023 0.610523
vt 0.682339 0.935421
vt 0.784929 0.692608
vt 0.914528 0.768185
vt 0.885662 0.610850
vt 0.993343 0.613896
vt 0.780109 0.810393
vt 0.685492 0.368483
vt 0.892034 0.933611
vt 0.993343 0.992479
vt 0.852935 0.993445
vt 0.797711 0.892134
vt 0.776954 0.895240
vt 0.766348 0.884634
vt 0.800818 0.900869
vt 0.800817 0.930361
vt 0.765631 0.335927
vt 0.772714 0.338861
vt 0.775648 0.358466
vt 0.765631 0.368483
vt 0.842976 0.978088
vt 0.631486 0.813180
vt 0.833298 0.610850
vt 0.608936 0.945409
vt 0.905016 0.729715
vt 0.697223 0.523178
vt 0.908246 0.900864
vt 0.497078 0.907063
vt 0.033102 0.780480
vt 0.477228 0.697245
vt 0.198531 0.572346
vt 0.373750 0.543145
vt 0.994048 0.820928
vt 0.012362 0.371406
vt 0.055995 0.370644
vt 0.047995 0.555925
vt 0.100355 0.600142
vt 0.296707 0.632645
vt 0.530676 0.436372
vt 0.198531 0.361756
vt 0.100355 0.396662
vt 0.433742 0.895350
vt 0.473217 0.895350
vt 0.503752 0.886410
vt 0.394266 0.895350
vt 0.503752 0.786596
vt 0.354791 0.895350
vt 0.345851 0.826071
vt 0.815814 0.988806
vt 0.768628 0.994344
vt 0.768317 0.158314
vt 0.750715 0.219865
vt 0.744250 0.164779
vt 0.748013 0.994344
vt 0.742476 0.961059
vt 0.836429 0.961059
vt 0.830891 0.994344
vt 0.054516 0.016412
vt 0.063649 0.006777
vt 0.076632 0.006081
vt 0.085764 0.038297
vt 0.063649 0.048628
vt 0.854555 0.476252
vt 0.362673 0.573925
vt 0.465078 0.193759
vt 0.067399 0.654834
vt 0.067399 0.667093
vt 0.062707 0.678419
vt 0.054039 0.687088
vt 0.042713 0.691779
vt 0.030011 0.692442
vt 0.010017 0.679082
vt 0.005768 0.667093
vt 0.042713 0.630148
vt 0.054039 0.634840
vt 0.030454 0.630148
vt 0.005768 0.654834
vt 0.010460 0.643508
vt 0.436034 0.193759
vt 0.232071 0.755683
vt 0.216037 0.759314
vt 0.199833 0.756532
vt 0.185928 0.747762
vt 0.213816 0.675072
vt 0.230020 0.677853
vt 0.253416 0.700048
vt 0.257048 0.716083
vt 0.254266 0.732286
vt 0.364790 0.651752
vt 0.348758 0.655397
vt 0.332552 0.652629
vt 0.318639 0.643870
vt 0.309137 0.630453
vt 0.305493 0.614422
vt 0.308261 0.598216
vt 0.330436 0.574801
vt 0.346468 0.571157
vt 0.031117 0.628159
vt 0.019791 0.623468
vt 0.006431 0.603473
vt 0.005768 0.590771
vt 0.012448 0.580774
vt 0.019128 0.570777
vt 0.031117 0.566529
vt 0.043376 0.628159
vt 0.054702 0.623468
vt 0.068061 0.591214
vt 0.068061 0.603473
vt 0.063370 0.579889
vt 0.043376 0.566529
vt 0.659652 0.415638
vt 0.153401 0.903186
vt 0.820185 0.551924
vt 0.905016 0.561591
vt 0.155728 0.341669
vt 0.155728 0.396188
vt 0.155728 0.069076
vt 0.155728 0.178113
vt 0.006583 0.707421
vt 0.015276 0.686435
vt 0.031339 0.670372
vt 0.052325 0.661679
vt 0.075042 0.661679
vt 0.096028 0.670372
vt 0.112091 0.686434
vt 0.120784 0.730138
vt 0.112091 0.751125
vt 0.096028 0.767187
vt 0.052325 0.775880
vt 0.031338 0.767187
vt 0.015276 0.751124
vt 0.155728 0.232632
vt 0.009649 0.641192
vt 0.004830 0.629557
vt 0.004830 0.616963
vt 0.009649 0.605328
vt 0.018554 0.596423
vt 0.030190 0.591603
vt 0.042783 0.591603
vt 0.063324 0.605328
vt 0.068143 0.616963
vt 0.068143 0.629557
vt 0.054419 0.650097
vt 0.042783 0.654917
vt 0.030190 0.654917
vt 0.457751 0.568687
vt 0.515567 0.482159
vt 0.747559 0.540493
vt 0.747559 0.620598
vt 0.847816 0.358737
vt 0.910410 0.328190
vt 0.712632 0.620598
vt 0.645962 0.370551
vt 0.532779 0.044058
vt 0.531821 0.052421
vt 0.529173 0.048623
vt 0.121108 0.926152
vt 0.006943 0.943285
vt 0.006943 0.926152
vt 0.121108 0.960418
vt 0.006943 0.960418
vt 0.006943 0.977551
vt 0.121108 0.977550
vt 0.006943 0.994683
vt 0.121108 0.720560
vt 0.006943 0.737692
vt 0.006943 0.720560
vt 0.121108 0.737693
vt 0.006943 0.754825
vt 0.121108 0.754825
vt 0.006943 0.771958
vt 0.121108 0.771958
vt 0.006943 0.789090
vt 0.121108 0.789091
vt 0.006943 0.806223
vt 0.121108 0.806223
vt 0.006943 0.823356
vt 0.121108 0.823356
vt 0.006943 0.840489
vt 0.121108 0.840489
vt 0.006943 0.857621
vt 0.121108 0.857621
vt 0.006943 0.874754
vt 0.121108 0.874754
vt 0.006943 0.891887
vt 0.121108 0.891887
vt 0.006943 0.909020
vt 0.121108 0.909020
vt 0.661280 0.239191
vt 0.673515 0.203130
vt 0.673515 0.242469
vt 0.555326 0.267580
vt 0.580438 0.296206
vt 0.546370 0.276536
vt 0.644890 0.178018
vt 0.661280 0.206408
vt 0.616499 0.161627
vt 0.653846 0.169062
vt 0.583717 0.161626
vt 0.619778 0.149392
vt 0.546371 0.169061
vt 0.580439 0.149392
vt 0.992853 0.453888
vt 0.964383 0.421702
vt 0.992853 0.421702
vt 0.964383 0.486074
vt 0.992853 0.486075
vt 0.964383 0.132027
vt 0.992853 0.099840
vt 0.992853 0.132027
vt 0.992853 0.164213
vt 0.992853 0.196399
vt 0.964383 0.164213
vt 0.964383 0.228585
vt 0.992853 0.228585
vt 0.964383 0.260771
vt 0.992853 0.260771
vt 0.964383 0.292957
vt 0.992853 0.292957
vt 0.964383 0.325144
vt 0.992853 0.325144
vt 0.964383 0.357330
vt 0.992853 0.357330
vt 0.964383 0.389516
vt 0.992853 0.389516
vt 0.526701 0.242468
vt 0.538935 0.239190
vt 0.653845 0.276537
vt 0.644889 0.267581
vt 0.526701 0.203129
vt 0.538936 0.206407
vt 0.616498 0.283972
vt 0.619777 0.296206
vt 0.555327 0.178017
vt 0.583716 0.283971
vt 0.482416 0.200277
vt 0.436433 0.207016
vt 0.438622 0.200277
vt 0.402573 0.091427
vt 0.435813 0.058946
vt 0.438003 0.065686
vt 0.403193 0.091236
vt 0.382574 0.132886
vt 0.397460 0.087071
vt 0.438002 0.200468
vt 0.483985 0.207207
vt 0.435813 0.207207
vt 0.531378 0.132886
vt 0.523578 0.087071
vt 0.538464 0.132886
vt 0.517226 0.091427
vt 0.537844 0.133077
vt 0.530758 0.133077
vt 0.397460 0.178701
vt 0.403193 0.174536
vt 0.389040 0.133077
vt 0.396840 0.087262
vt 0.438622 0.065495
vt 0.436433 0.058756
vt 0.481796 0.200468
vt 0.522958 0.178892
vt 0.523578 0.178701
vt 0.517845 0.174536
vt 0.481796 0.065686
vt 0.522958 0.087262
vt 0.389660 0.132886
vt 0.396840 0.178892
vt 0.381954 0.133077
vt 0.482416 0.065495
vt 0.484606 0.058756
vt 0.517225 0.174727
vt 0.484605 0.207016
vt 0.483986 0.058946
vt 0.402573 0.174727
vt 0.517846 0.091236
vt 0.637868 0.373338
vt 0.594512 0.415854
vt 0.594512 0.373338
vt 0.272507 0.058756
vt 0.233535 0.018988
vt 0.272507 0.018988
vt 0.272507 0.058678
vt 0.233535 0.018909
vt 0.272507 0.018909
vt 0.898000 0.415854
vt 0.854645 0.373338
vt 0.898000 0.373338
vt 0.854645 0.415854
vt 0.811289 0.373338
vt 0.811289 0.415854
vt 0.767934 0.373339
vt 0.767934 0.415854
vt 0.724578 0.373339
vt 0.681223 0.415854
vt 0.681223 0.373338
vt 0.637868 0.415854
vt 0.320680 0.058756
vt 0.320680 0.207016
vt 0.233535 0.178701
vt 0.808881 0.415431
vt 0.852567 0.372591
vt 0.852567 0.415431
vt 0.765195 0.372591
vt 0.765195 0.415431
vt 0.721509 0.372591
vt 0.721509 0.415431
vt 0.677823 0.372591
vt 0.677823 0.415431
vt 0.634137 0.372591
vt 0.634137 0.415431
vt 0.590451 0.372591
vt 0.590451 0.415431
vt 0.896253 0.372591
vt 0.957996 0.415431
vt 0.896253 0.415431
vt 0.338125 0.102633
vt 0.374538 0.132808
vt 0.347929 0.132808
vt 0.320680 0.058678
vt 0.359652 0.086993
vt 0.312457 0.083985
vt 0.255062 0.102633
vt 0.280730 0.083985
vt 0.245258 0.132808
vt 0.233535 0.086993
vt 0.255062 0.162982
vt 0.218648 0.132808
vt 0.280730 0.181631
vt 0.233535 0.178623
vt 0.320680 0.206938
vt 0.272507 0.206938
vt 0.312457 0.181631
vt 0.359652 0.178623
vt 0.338125 0.162982
vt 0.522958 0.019178
vt 0.959276 0.415854
vt 0.528708 0.372591
vt 0.359652 0.018909
vt 0.397460 0.018988
vt 0.436433 0.018988
vt 0.396840 0.019178
vt 0.435813 0.019178
vt 0.523578 0.018988
vt 0.533237 0.373338
vt 0.359652 0.018988
vt 0.359652 0.087071
vt 0.541312 0.703998
vt 0.530876 0.774385
vt 0.530876 0.703998
vt 0.582248 0.703998
vt 0.571812 0.774385
vt 0.571812 0.703998
vt 0.623184 0.703998
vt 0.612748 0.774385
vt 0.612748 0.703998
vt 0.664120 0.703998
vt 0.653684 0.774385
vt 0.653684 0.703998
vt 0.328154 0.784583
vt 0.324808 0.792661
vt 0.296653 0.787126
vt 0.643652 0.703998
vt 0.633216 0.774385
vt 0.633216 0.703998
vt 0.684588 0.703998
vt 0.674152 0.774385
vt 0.674152 0.703998
vt 0.602716 0.703998
vt 0.592280 0.774385
vt 0.592280 0.703998
vt 0.561780 0.703998
vt 0.551344 0.774385
vt 0.551344 0.703998
vt 0.541312 0.774385
vt 0.582248 0.774385
vt 0.623184 0.774385
vt 0.520844 0.703998
vt 0.664120 0.774385
vt 0.337627 0.746152
vt 0.343163 0.774306
vt 0.319090 0.753830
vt 0.335085 0.777652
vt 0.304332 0.768588
vt 0.399473 0.787126
vt 0.371318 0.792661
vt 0.367972 0.784583
vt 0.367972 0.810540
vt 0.371318 0.802462
vt 0.399473 0.807997
vt 0.324808 0.802462
vt 0.328154 0.810540
vt 0.296653 0.807997
vt 0.391794 0.768588
vt 0.361042 0.777652
vt 0.352964 0.774306
vt 0.319090 0.841293
vt 0.304332 0.826534
vt 0.335084 0.817470
vt 0.377036 0.753830
vt 0.358499 0.746152
vt 0.337627 0.848971
vt 0.343163 0.820816
vt 0.352964 0.820816
vt 0.358499 0.848971
vt 0.361042 0.817470
vt 0.377036 0.841293
vt 0.391794 0.826534
vt 0.697059 0.724178
vt 0.703175 0.779316
vt 0.697059 0.779316
vt 0.703175 0.724178
vt 0.709291 0.779316
vt 0.709291 0.724178
vt 0.715407 0.779316
vt 0.715407 0.724178
vt 0.721523 0.779316
vt 0.721523 0.724178
vt 0.727639 0.779316
vt 0.727639 0.724178
vt 0.733755 0.779316
vt 0.733755 0.724178
vt 0.739871 0.779316
vt 0.739871 0.724178
vt 0.745987 0.779316
vt 0.745987 0.724178
vt 0.752103 0.779316
vt 0.752103 0.724178
vt 0.758219 0.779316
vt 0.758219 0.724178
vt 0.764335 0.779316
vt 0.690943 0.724178
vt 0.690943 0.779316
vt 0.705414 0.793787
vt 0.685646 0.799084
vt 0.696945 0.724178
vt 0.703062 0.779316
vt 0.696946 0.779316
vt 0.703061 0.724178
vt 0.709178 0.779316
vt 0.709177 0.724178
vt 0.715294 0.779316
vt 0.715294 0.724178
vt 0.721410 0.779316
vt 0.721410 0.724178
vt 0.727526 0.779316
vt 0.727526 0.724178
vt 0.733642 0.779316
vt 0.733642 0.724178
vt 0.739758 0.779316
vt 0.739758 0.724178
vt 0.745874 0.779316
vt 0.745874 0.724178
vt 0.751990 0.779316
vt 0.751990 0.724178
vt 0.758106 0.779316
vt 0.758106 0.724178
vt 0.764222 0.779316
vt 0.690829 0.724178
vt 0.690830 0.779316
vt 0.705300 0.793787
vt 0.685533 0.799084
vt 0.779634 0.944371
vt 0.712017 0.932122
vt 0.779634 0.932122
vt 0.685346 0.978896
vt 0.704618 0.971497
vt 0.712017 0.978896
vt 0.779634 0.920796
vt 0.712017 0.908923
vt 0.779634 0.908923
vt 0.779634 0.991145
vt 0.779634 0.978896
vt 0.779634 0.967570
vt 0.712017 0.955697
vt 0.779634 0.955697
vt 0.779634 0.973233
vt 0.712017 0.973233
vt 0.712017 0.950034
vt 0.712017 0.944371
vt 0.779634 0.950034
vt 0.712017 0.926459
vt 0.712017 0.920796
vt 0.779634 0.926459
vt 0.779634 0.897597
vt 0.712017 0.903260
vt 0.712017 0.897597
vt 0.779634 0.903260
vt 0.751619 0.779437
vt 0.757735 0.724299
vt 0.757735 0.779437
vt 0.745503 0.779437
vt 0.751619 0.724299
vt 0.739387 0.779437
vt 0.745503 0.724299
vt 0.733271 0.779437
vt 0.739387 0.724299
vt 0.727155 0.779437
vt 0.733271 0.724299
vt 0.721039 0.779437
vt 0.727155 0.724299
vt 0.714923 0.779437
vt 0.721039 0.724299
vt 0.708807 0.779437
vt 0.714923 0.724299
vt 0.702691 0.779437
vt 0.708807 0.724299
vt 0.696575 0.779437
vt 0.702691 0.724299
vt 0.690459 0.779437
vt 0.696575 0.724299
vt 0.763851 0.724299
vt 0.763851 0.779437
vt 0.749381 0.793908
vt 0.752438 0.782495
vt 0.772206 0.787792
vt 0.751505 0.779437
vt 0.757621 0.724299
vt 0.757622 0.779437
vt 0.745389 0.779437
vt 0.751505 0.724299
vt 0.739273 0.779437
vt 0.745389 0.724299
vt 0.733157 0.779437
vt 0.739273 0.724299
vt 0.727041 0.779437
vt 0.733157 0.724299
vt 0.720925 0.779437
vt 0.727041 0.724299
vt 0.714809 0.779437
vt 0.720925 0.724299
vt 0.708693 0.779437
vt 0.714809 0.724299
vt 0.702577 0.779437
vt 0.708693 0.724299
vt 0.696461 0.779437
vt 0.702577 0.724299
vt 0.690345 0.779437
vt 0.696461 0.724299
vt 0.763737 0.724299
vt 0.763738 0.779437
vt 0.749267 0.793908
vt 0.752325 0.782495
vt 0.772092 0.787792
vt 0.711618 0.959159
vt 0.779235 0.946910
vt 0.779235 0.959159
vt 0.684946 0.912385
vt 0.711618 0.912385
vt 0.704219 0.919784
vt 0.711618 0.982359
vt 0.779235 0.970485
vt 0.779235 0.982358
vt 0.779235 0.900136
vt 0.779235 0.912385
vt 0.711618 0.935584
vt 0.779235 0.923711
vt 0.779235 0.935585
vt 0.779235 0.918048
vt 0.711618 0.918048
vt 0.711618 0.941247
vt 0.711618 0.946910
vt 0.779235 0.941247
vt 0.711618 0.964822
vt 0.711618 0.970485
vt 0.779235 0.964822
vt 0.711618 0.988021
vt 0.779235 0.993684
vt 0.711618 0.993684
vt 0.779235 0.988021
vt 0.764335 0.724178
vt 0.702356 0.782374
vt 0.705414 0.787671
vt 0.702356 0.799084
vt 0.697059 0.802142
vt 0.690943 0.802142
vt 0.682588 0.793787
vt 0.682588 0.787671
vt 0.685646 0.782375
vt 0.764222 0.724178
vt 0.702242 0.782374
vt 0.705300 0.787671
vt 0.702242 0.799084
vt 0.696946 0.802142
vt 0.690830 0.802142
vt 0.682475 0.793787
vt 0.682475 0.787671
vt 0.685533 0.782375
vt 0.685346 0.991145
vt 0.687513 0.973664
vt 0.692745 0.971497
vt 0.709850 0.973664
vt 0.712017 0.991145
vt 0.709850 0.996377
vt 0.704618 0.998544
vt 0.692745 0.998544
vt 0.687513 0.996377
vt 0.712017 0.967570
vt 0.690459 0.724299
vt 0.769148 0.782495
vt 0.772206 0.793908
vt 0.757735 0.802263
vt 0.769148 0.799205
vt 0.763851 0.802263
vt 0.752439 0.799205
vt 0.749380 0.787792
vt 0.690345 0.724299
vt 0.769034 0.782495
vt 0.772092 0.793908
vt 0.757622 0.802263
vt 0.769034 0.799205
vt 0.763738 0.802263
vt 0.752325 0.799205
vt 0.749267 0.787792
vt 0.687113 0.917617
vt 0.692345 0.919784
vt 0.684946 0.900136
vt 0.687113 0.894904
vt 0.692345 0.892737
vt 0.704219 0.892737
vt 0.711618 0.900136
vt 0.709450 0.894904
vt 0.709450 0.917617
vt 0.711618 0.923711
vt 0.948019 0.228502
vt 0.985539 0.217620
vt 0.985550 0.228514
vt 0.985746 0.143946
vt 0.948279 0.133040
vt 0.985811 0.133052
vt 0.985925 0.115756
vt 0.948469 0.104850
vt 0.986001 0.104862
vt 0.986124 0.087566
vt 0.948669 0.076660
vt 0.986200 0.076672
vt 0.986284 0.059159
vt 0.948804 0.039082
vt 0.986334 0.038849
vt 0.948644 0.024222
vt 0.985805 0.009575
vt 0.986159 0.024003
vt 0.948805 0.408606
vt 0.986292 0.393944
vt 0.986334 0.408848
vt 0.948699 0.378840
vt 0.986192 0.358787
vt 0.986230 0.379096
vt 0.948587 0.341262
vt 0.986049 0.330379
vt 0.986119 0.341273
vt 0.948405 0.313072
vt 0.985867 0.302189
vt 0.985937 0.313083
vt 0.948232 0.284882
vt 0.985706 0.273999
vt 0.985764 0.284893
vt 0.948096 0.256692
vt 0.985590 0.245810
vt 0.985628 0.256703
vt 0.768998 0.109947
vt 0.884175 0.013099
vt 0.933585 0.109997
vt 0.985613 0.172135
vt 0.948126 0.161230
vt 0.985657 0.161242
vt 0.985544 0.200325
vt 0.948031 0.189419
vt 0.985562 0.189431
vt 0.717778 0.061312
vt 0.734477 0.017107
vt 0.757271 0.035365
vt 0.948008 0.217609
vt 0.948081 0.172124
vt 0.948214 0.143934
vt 0.948393 0.115745
vt 0.948592 0.087555
vt 0.948753 0.059150
vt 0.948762 0.393702
vt 0.948661 0.358772
vt 0.948518 0.330367
vt 0.948336 0.302177
vt 0.948174 0.273988
vt 0.948058 0.245798
vt 0.772731 0.043641
vt 0.914422 0.021679
vt 0.901367 0.153609
vt 0.581573 0.040485
vt 0.447303 0.048622
vt 0.447303 0.040485
vt 0.447304 0.072704
vt 0.313035 0.048622
vt 0.589710 0.048622
vt 0.581573 0.072704
vt 0.581573 0.048622
vt 0.313035 0.040485
vt 0.304897 0.048622
vt 0.313035 0.072704
vt 0.304897 0.072704
vt 0.447304 0.080841
vt 0.581573 0.080841
vt 0.313035 0.080841
vt 0.634152 0.094807
vt 0.598550 0.087100
vt 0.634152 0.087100
vt 0.634152 0.036240
vt 0.696322 0.102514
vt 0.660721 0.173718
vt 0.660721 0.102514
vt 0.660721 0.094807
vt 0.660721 0.087100
vt 0.696322 0.094807
vt 0.634152 0.102515
vt 0.598550 0.094807
vt 0.634152 0.173718
vt 0.598550 0.173718
vt 0.598550 0.102514
vt 0.634152 0.200287
vt 0.931302 0.536102
vt 0.995310 0.472094
vt 0.995310 0.536102
vt 0.598550 0.009672
vt 0.634152 0.009672
vt 0.660721 0.036240
vt 0.696322 0.036240
vt 0.696322 0.087100
vt 0.931302 0.555304
vt 0.995310 0.555304
vt 0.931302 0.472094
vt 0.995310 0.452891
vt 0.931302 0.619313
vt 0.995310 0.619313
vt 0.912100 0.555304
vt 0.912100 0.619313
vt 0.121108 0.943285
vt 0.121108 0.994683
vt 0.964383 0.453888
vt 0.964382 0.099841
vt 0.964383 0.196399
vt 0.233535 0.087071
vt 0.724578 0.415854
vt 0.218648 0.132886
vt 0.374539 0.132886
vt 0.359652 0.178701
vt 0.272507 0.207016
vt 0.808881 0.372591
vt 0.957996 0.372591
vt 0.483986 0.019178
vt 0.959276 0.373338
vt 0.528708 0.415431
vt 0.320680 0.018909
vt 0.484606 0.018988
vt 0.533237 0.415854
vt 0.320680 0.018988
vt 0.643652 0.774385
vt 0.684588 0.774385
vt 0.602716 0.774385
vt 0.561780 0.774385
vt 0.520844 0.774385
vt 0.948294 0.008962
vt 0.903989 0.154262
vt 0.893226 0.161449
vt 0.874240 0.169307
vt 0.861547 0.171828
vt 0.840999 0.171821
vt 0.828307 0.169293
vt 0.809326 0.161424
vt 0.798568 0.154230
vt 0.784043 0.139696
vt 0.776856 0.128933
vt 0.766477 0.097252
vt 0.766482 0.076704
vt 0.769010 0.064011
vt 0.775460 0.044234
vt 0.785484 0.022603
vt 0.800364 0.013099
vt 0.818069 0.013100
vt 0.850759 0.013102
vt 0.918522 0.139737
vt 0.925716 0.128978
vt 0.936122 0.076756
vt 0.936114 0.097304
vt 0.927176 0.044276
vt 0.933601 0.064061
vt 0.902308 0.013114
vt 0.917178 0.022633
vt 0.948013 0.200313
vt 0.757271 0.048480
vt 0.746950 0.062685
vt 0.734477 0.066738
vt 0.710069 0.050702
vt 0.710069 0.033143
vt 0.717778 0.022533
vt 0.746950 0.021160
vt 0.871627 0.168672
vt 0.858935 0.171200
vt 0.838388 0.171206
vt 0.825694 0.168685
vt 0.806708 0.160828
vt 0.795946 0.153641
vt 0.781412 0.139115
vt 0.774219 0.128357
vt 0.766349 0.109375
vt 0.763820 0.096682
vt 0.763813 0.076134
vt 0.766334 0.063440
vt 0.782785 0.021708
vt 0.797627 0.012177
vt 0.814772 0.012162
vt 0.848188 0.012165
vt 0.881865 0.012163
vt 0.890608 0.160803
vt 0.923079 0.128312
vt 0.915892 0.139075
vt 0.933458 0.096632
vt 0.930936 0.109326
vt 0.930925 0.063390
vt 0.933453 0.076084
vt 0.924503 0.043600
vt 0.899570 0.012162
vt 0.589710 0.072704
vt 0.598550 0.036240
vt 0.696322 0.173718
vt 0.598550 0.200286
vt 0.931302 0.452891
vt 0.396920 0.828353
vt 0.442660 0.843709
vt 0.396920 0.843709
vt 0.396920 0.752175
vt 0.442660 0.767531
vt 0.396920 0.767531
vt 0.396920 0.726782
vt 0.442660 0.742139
vt 0.396920 0.742138
vt 0.396920 0.853746
vt 0.442660 0.869102
vt 0.396920 0.869102
vt 0.357783 0.927167
vt 0.354196 0.948810
vt 0.353965 0.924203
vt 0.314094 0.917876
vt 0.334093 0.911652
vt 0.313270 0.922945
vt 0.338830 0.909901
vt 0.354042 0.924157
vt 0.334094 0.911744
vt 0.353705 0.954167
vt 0.330732 0.959224
vt 0.354100 0.948786
vt 0.325726 0.960657
vt 0.311569 0.945697
vt 0.330739 0.959126
vt 0.307924 0.942370
vt 0.313190 0.922899
vt 0.311649 0.945655
vt 0.356001 0.904757
vt 0.334660 0.881718
vt 0.366213 0.891970
vt 0.367875 0.947889
vt 0.361330 0.978604
vt 0.352588 0.965340
vt 0.160064 0.952397
vt 0.181894 0.953211
vt 0.181940 0.982506
vt 0.311311 0.902721
vt 0.282805 0.915898
vt 0.302306 0.889058
vt 0.295565 0.944594
vt 0.297675 0.921490
vt 0.213954 0.896348
vt 0.221620 0.876991
vt 0.227493 0.896965
vt 0.383191 0.920473
vt 0.383191 0.953649
vt 0.188929 0.962894
vt 0.199520 0.971351
vt 0.238876 0.900664
vt 0.330523 0.972510
vt 0.329778 0.988856
vt 0.299289 0.975777
vt 0.309201 0.963363
vt 0.210519 0.976069
vt 0.279788 0.948937
vt 0.223663 0.976668
vt 0.216143 0.997178
vt 0.276062 0.957682
vt 0.254248 0.956508
vt 0.258880 0.944192
vt 0.367875 0.924689
vt 0.249158 0.908874
vt 0.257015 0.888491
vt 0.311312 0.902721
vt 0.333937 0.897588
vt 0.276062 0.920465
vt 0.157783 0.800077
vt 0.127310 0.826661
vt 0.127310 0.800077
vt 0.157783 0.826661
vt 0.127310 0.853245
vt 0.127310 0.879828
vt 0.157783 0.906412
vt 0.127310 0.906412
vt 0.157783 0.853245
vt 0.127310 0.959579
vt 0.157783 0.932995
vt 0.157783 0.959579
vt 0.127310 0.932995
vt 0.157783 0.720327
vt 0.127310 0.746910
vt 0.127310 0.720327
vt 0.127310 0.986163
vt 0.157783 0.746910
vt 0.127310 0.773494
vt 0.157783 0.773494
vt 0.392349 0.955643
vt 0.489927 0.961916
vt 0.392349 0.961916
vt 0.352036 0.920215
vt 0.337707 0.958613
vt 0.311618 0.927005
vt 0.392349 0.936135
vt 0.489927 0.942407
vt 0.392349 0.942407
vt 0.392349 0.916626
vt 0.489927 0.922899
vt 0.392349 0.922898
vt 0.392349 0.877609
vt 0.489927 0.883881
vt 0.392349 0.883881
vt 0.396920 0.777568
vt 0.442660 0.792924
vt 0.396920 0.792924
vt 0.488860 0.768378
vt 0.447695 0.744128
vt 0.488860 0.744128
vt 0.333755 0.912079
vt 0.354757 0.948455
vt 0.312753 0.948455
vt 0.488860 0.816880
vt 0.447695 0.792629
vt 0.488860 0.792629
vt 0.488860 0.865382
vt 0.447695 0.841131
vt 0.488860 0.841131
vt 0.447695 0.768378
vt 0.447695 0.816880
vt 0.488861 0.719877
vt 0.447695 0.719877
vt 0.396920 0.802960
vt 0.442660 0.818316
vt 0.396920 0.818316
vt 0.392349 0.975152
vt 0.489927 0.981424
vt 0.392349 0.981424
vt 0.353117 0.919356
vt 0.309403 0.926019
vt 0.312213 0.950554
vt 0.335686 0.961422
vt 0.329395 0.910035
vt 0.357783 0.944913
vt 0.442659 0.853746
vt 0.442660 0.716746
vt 0.442660 0.726782
vt 0.392349 0.994660
vt 0.392349 0.897117
vt 0.489927 0.897117
vt 0.489927 0.955643
vt 0.489927 0.903390
vt 0.489927 0.916626
vt 0.392349 0.903390
vt 0.235046 0.972970
vt 0.251538 0.985677
vt 0.163449 0.915334
vt 0.184261 0.915920
vt 0.179491 0.928606
vt 0.185325 0.885225
vt 0.191296 0.906238
vt 0.258880 0.932224
vt 0.255283 0.919157
vt 0.246362 0.965511
vt 0.202282 0.898996
vt 0.178402 0.940525
vt 0.200033 0.417325
vt 0.100760 0.406160
vt 0.200033 0.404920
vt 0.100760 0.416084
vt 0.094866 0.406160
vt 0.100643 0.400267
vt 0.199887 0.397553
vt 0.199393 0.385157
vt 0.099896 0.384466
vt 0.198953 0.377802
vt 0.100248 0.390350
vt 0.094866 0.416084
vt 0.610720 0.186725
vt 0.627684 0.250032
vt 0.564377 0.233069
vt 0.573143 0.161190
vt 0.521605 0.203915
vt 0.521647 0.162115
vt 0.425837 0.203103
vt 0.416027 0.273165
vt 0.415744 0.188816
vt 0.467257 0.301399
vt 0.520982 0.316425
vt 0.457280 0.315395
vt 0.468519 0.160713
vt 0.521631 0.148121
vt 0.574808 0.300607
vt 0.520799 0.302255
vt 0.583270 0.146995
vt 0.615594 0.202863
vt 0.625621 0.272811
vt 0.615594 0.259021
vt 0.573798 0.259021
vt 0.520622 0.260287
vt 0.467696 0.202963
vt 0.467885 0.259199
vt 0.426026 0.259339
vt 0.573798 0.202863
vt 0.688532 0.034593
vt 0.539593 0.045084
vt 0.539593 0.034593
vt 0.688532 0.108209
vt 0.539593 0.118701
vt 0.539593 0.108209
vt 0.688532 0.010054
vt 0.539593 0.020546
vt 0.539593 0.010054
vt 0.688531 0.083670
vt 0.539593 0.094162
vt 0.539593 0.083670
vt 0.688532 0.059131
vt 0.539593 0.069623
vt 0.539593 0.059131
vt 0.688532 0.045084
vt 0.688532 0.069623
vt 0.688532 0.094162
vt 0.539593 0.132748
vt 0.688532 0.118701
vt 0.688532 0.132748
vt 0.688532 0.020546
vt 0.458500 0.146404
vt 0.584985 0.314418
vt 0.625621 0.188555
vt 0.868433 0.032759
vt 0.841675 0.078905
vt 0.841327 0.032964
vt 0.894515 0.032750
vt 0.868945 0.078731
vt 0.862554 0.423086
vt 0.904203 0.390277
vt 0.904339 0.422911
vt 0.894504 0.006665
vt 0.861118 0.006680
vt 0.987189 0.032699
vt 0.987174 0.006611
vt 0.987217 0.078616
vt 0.902909 0.104757
vt 0.895066 0.078673
vt 0.862346 0.373255
vt 0.833911 0.354661
vt 0.863420 0.363144
vt 0.937697 0.378333
vt 0.904152 0.378161
vt 0.904131 0.373080
vt 0.869980 0.325312
vt 0.842747 0.325428
vt 0.922331 0.078559
vt 0.896096 0.325202
vt 0.845834 0.337975
vt 0.936463 0.387179
vt 0.862367 0.378336
vt 0.986393 0.104705
vt 0.830531 0.396243
vt 0.862418 0.390451
vt 0.936136 0.395802
vt 0.902972 0.362979
vt 0.932409 0.354249
vt 0.920347 0.337664
vt 0.830133 0.387623
vt 0.828825 0.378788
vt 0.835935 0.900096
vt 0.851803 0.934003
vt 0.835935 0.934003
vt 0.835935 0.832284
vt 0.851803 0.900096
vt 0.835935 0.730565
vt 0.851803 0.764471
vt 0.835935 0.764471
vt 0.802028 0.900096
vt 0.851803 0.832284
vt 0.885709 0.764471
vt 0.967356 0.253568
vt 0.990412 0.153185
vt 0.990412 0.253568
vt 0.847421 0.827902
vt 0.847421 0.768853
vt 0.840316 0.768853
vt 0.840316 0.827902
vt 0.955278 0.153185
vt 0.932222 0.253568
vt 0.932222 0.153185
vt 0.967356 0.153185
vt 0.955278 0.130129
vt 0.967356 0.130129
vt 0.955278 0.253568
vt 0.967356 0.276625
vt 0.955278 0.276625
vt 0.711370 0.966832
vt 0.680356 0.913259
vt 0.711370 0.913259
vt 0.582015 0.913259
vt 0.613029 0.913259
vt 0.532845 0.913259
vt 0.563858 0.913259
vt 0.608893 0.496238
vt 0.625841 0.499721
vt 0.619108 0.506454
vt 0.514688 0.913259
vt 0.662199 0.913259
vt 0.631186 0.913259
vt 0.625841 0.450449
vt 0.664898 0.460664
vt 0.654682 0.499721
vt 0.674419 0.489506
vt 0.674419 0.460664
vt 0.606104 0.460664
vt 0.615625 0.489506
vt 0.606104 0.489506
vt 0.661415 0.506454
vt 0.664898 0.489506
vt 0.671630 0.496238
vt 0.619109 0.443717
vt 0.615625 0.460664
vt 0.608893 0.453932
vt 0.654682 0.440928
vt 0.625841 0.440928
vt 0.625841 0.509242
vt 0.654682 0.509242
vt 0.671630 0.453932
vt 0.654682 0.450449
vt 0.661415 0.443717
vt 0.123374 0.554135
vt 0.138090 0.534367
vt 0.128508 0.557555
vt 0.107348 0.570198
vt 0.110801 0.575329
vt 0.086391 0.578927
vt 0.087620 0.584992
vt 0.063692 0.578969
vt 0.062504 0.585043
vt 0.026661 0.554280
vt 0.011920 0.534526
vt 0.017987 0.533314
vt 0.039290 0.575467
vt 0.042714 0.570314
vt 0.011948 0.509416
vt 0.018021 0.510607
vt 0.021523 0.557726
vt 0.155963 0.254439
vt 0.208798 0.224453
vt 0.208798 0.254439
vt 0.155963 0.284424
vt 0.208798 0.284424
vt 0.208798 0.314409
vt 0.208798 0.344395
vt 0.155963 0.314409
vt 0.208798 0.374380
vt 0.155963 0.344395
vt 0.155963 0.404366
vt 0.208798 0.404365
vt 0.208797 0.434351
vt 0.208798 0.464336
vt 0.155963 0.434351
vt 0.208798 0.494321
vt 0.155963 0.464336
vt 0.208798 0.044542
vt 0.155964 0.014556
vt 0.208798 0.014557
vt 0.155964 0.074527
vt 0.208798 0.074527
vt 0.208798 0.104512
vt 0.208798 0.134498
vt 0.155963 0.104512
vt 0.155963 0.164483
vt 0.208798 0.164483
vt 0.155963 0.194468
vt 0.208798 0.194468
vt 0.155963 0.224454
vt 0.021458 0.486175
vt 0.026626 0.489589
vt 0.042641 0.473479
vt 0.039176 0.468320
vt 0.062408 0.458662
vt 0.063615 0.464739
vt 0.086313 0.464721
vt 0.087528 0.458652
vt 0.107281 0.473405
vt 0.110729 0.468265
vt 0.123330 0.489462
vt 0.128484 0.486032
vt 0.132017 0.510445
vt 0.138090 0.509247
vt 0.132023 0.533156
vt 0.069332 0.787158
vt 0.096752 0.958924
vt 0.069332 0.958924
vt 0.095074 0.784054
vt 0.067654 0.955821
vt 0.067654 0.784055
vt 0.045291 0.787158
vt 0.008491 0.958924
vt 0.008491 0.787158
vt 0.044847 0.784209
vt 0.008047 0.955975
vt 0.008047 0.784209
vt 0.090959 0.982868
vt 0.120349 0.955975
vt 0.113170 0.992068
vt 0.095074 0.955820
vt 0.111936 0.991913
vt 0.089725 0.982714
vt 0.090525 0.987198
vt 0.119915 0.960305
vt 0.112735 0.996398
vt 0.113614 0.995017
vt 0.091403 0.985817
vt 0.119115 0.784054
vt 0.096752 0.787158
vt 0.120793 0.958924
vt 0.043613 0.784055
vt 0.043613 0.955821
vt 0.007613 0.788539
vt 0.044413 0.960305
vt 0.007613 0.960305
vt 0.045291 0.958924
vt 0.068888 0.784209
vt 0.096308 0.955975
vt 0.068888 0.955975
vt 0.095874 0.788539
vt 0.068454 0.960305
vt 0.068454 0.788540
vt 0.044848 0.955975
vt 0.119914 0.788540
vt 0.095874 0.960305
vt 0.006813 0.784055
vt 0.006813 0.955820
vt 0.120349 0.784210
vt 0.096308 0.784210
vt 0.044413 0.788540
vt 0.155963 0.374380
vt 0.155963 0.494321
vt 0.155964 0.044542
vt 0.155963 0.134498
vt 0.119115 0.955820
vt 0.120793 0.787158
vt 0.442660 0.828353
vt 0.442660 0.752175
vt 0.354100 0.948784
vt 0.157783 0.879828
vt 0.157783 0.986163
vt 0.315538 0.920215
vt 0.329867 0.911942
vt 0.337707 0.911943
vt 0.355956 0.927005
vt 0.355956 0.943550
vt 0.352036 0.950341
vt 0.329867 0.958613
vt 0.315538 0.950341
vt 0.311618 0.943550
vt 0.489927 0.936135
vt 0.489927 0.877609
vt 0.442660 0.777568
vt 0.312753 0.924205
vt 0.354757 0.924205
vt 0.333755 0.960581
vt 0.447695 0.865382
vt 0.442660 0.802960
vt 0.489927 0.975152
vt 0.396920 0.716746
vt 0.489927 0.994660
vt 0.564377 0.213482
vt 0.574170 0.196519
vt 0.591133 0.186725
vt 0.627684 0.196518
vt 0.637477 0.213481
vt 0.637477 0.233069
vt 0.610721 0.259825
vt 0.591134 0.259825
vt 0.574170 0.250032
vt 0.923361 0.325089
vt 0.851803 0.730565
vt 0.802028 0.764471
vt 0.885709 0.900096
vt 0.223514 0.259927
vt 0.249137 0.321423
vt 0.223514 0.321423
vt 0.707610 0.535890
vt 0.779524 0.496134
vt 0.797502 0.535890
vt 0.454123 0.321423
vt 0.479746 0.259927
vt 0.479746 0.321423
vt 0.351630 0.321423
vt 0.454123 0.347046
vt 0.249137 0.234304
vt 0.454123 0.259927
vt 0.351630 0.259927
vt 0.351630 0.278258
vt 0.393711 0.303092
vt 0.351630 0.303092
vt 0.267468 0.303092
vt 0.249137 0.259927
vt 0.267468 0.278258
vt 0.309549 0.303092
vt 0.393711 0.278258
vt 0.435792 0.278258
vt 0.435792 0.303092
vt 0.309549 0.278258
vt 0.725589 0.464304
vt 0.725589 0.496134
vt 0.797502 0.424548
vt 0.707610 0.424548
vt 0.781373 0.495759
vt 0.727437 0.463930
vt 0.781373 0.463930
vt 0.823696 0.453320
vt 0.799351 0.424173
vt 0.709459 0.424173
vt 0.709459 0.535515
vt 0.799351 0.535515
vt 0.683265 0.506743
vt 0.821847 0.506743
vt 0.779524 0.464304
vt 0.821847 0.453695
vt 0.685114 0.453320
vt 0.727437 0.495759
vt 0.685114 0.506368
vt 0.315299 0.269840
vt 0.402449 0.218575
vt 0.402449 0.269840
vt 0.315299 0.218575
vt 0.402449 0.167310
vt 0.315299 0.167310
vt 0.402448 0.116046
vt 0.315299 0.116046
vt 0.402448 0.064781
vt 0.466641 0.019616
vt 0.511038 0.096513
vt 0.422245 0.096513
vt 0.315299 0.064781
vt 0.402448 0.013516
vt 0.315299 0.321104
vt 0.402449 0.321104
vt 0.422245 0.045248
vt 0.511038 0.045248
vt 0.466641 0.122145
vt 0.315299 0.013516
vt 0.182229 0.989027
vt 0.192835 0.828601
vt 0.192835 0.989027
vt 0.256549 0.989027
vt 0.267154 0.828601
vt 0.267155 0.989027
vt 0.275861 0.989027
vt 0.322162 0.828601
vt 0.322162 0.989027
vt 0.328318 0.811839
vt 0.269704 0.822445
vt 0.201541 0.989027
vt 0.247842 0.828601
vt 0.247843 0.989027
vt 0.271508 0.996567
vt 0.173523 0.989027
vt 0.177877 0.996567
vt 0.197188 0.996567
vt 0.252196 0.996567
vt 0.243490 0.996567
vt 0.275861 0.828601
vt 0.173523 0.828601
vt 0.201541 0.828601
vt 0.771602 0.765619
vt 0.789014 0.562724
vt 0.789014 0.765620
vt 0.752691 0.562724
vt 0.762300 0.765620
vt 0.752691 0.765620
vt 0.725465 0.562724
vt 0.742878 0.765620
vt 0.725465 0.765620
vt 0.015916 0.060143
vt 0.025049 0.027927
vt 0.047165 0.038258
vt 0.706554 0.562724
vt 0.716164 0.765619
vt 0.706554 0.765620
vt 0.798827 0.765619
vt 0.716164 0.562724
vt 0.742878 0.562724
vt 0.762300 0.562724
vt 0.771601 0.562724
vt 0.472590 0.536835
vt 0.561354 0.530184
vt 0.561354 0.536835
vt 0.472590 0.623951
vt 0.561354 0.617300
vt 0.561354 0.623951
vt 0.472590 0.606528
vt 0.561354 0.599877
vt 0.561354 0.606528
vt 0.472590 0.589105
vt 0.561354 0.582454
vt 0.561354 0.589105
vt 0.472590 0.571681
vt 0.561354 0.565030
vt 0.561354 0.571681
vt 0.472590 0.554258
vt 0.561354 0.547607
vt 0.561354 0.554258
vt 0.472590 0.641374
vt 0.561354 0.634724
vt 0.561354 0.641374
vt 0.929062 0.632286
vt 0.986275 0.646491
vt 0.972070 0.703704
vt 0.472590 0.658798
vt 0.561354 0.652147
vt 0.561354 0.658798
vt 0.472590 0.669570
vt 0.561354 0.669570
vt 0.472590 0.652147
vt 0.472590 0.634724
vt 0.472590 0.617300
vt 0.472590 0.599877
vt 0.472590 0.582454
vt 0.472590 0.565030
vt 0.472590 0.547607
vt 0.249137 0.347046
vt 0.454123 0.234304
vt 0.823696 0.506368
vt 0.683265 0.453695
vt 0.182229 0.828601
vt 0.256549 0.828601
vt 0.269704 0.811839
vt 0.275861 0.805683
vt 0.322162 0.805683
vt 0.328318 0.822445
vt 0.205894 0.996567
vt 0.047165 0.061817
vt 0.038033 0.070473
vt 0.025050 0.069778
vt 0.015916 0.036584
vt 0.038032 0.028623
vt 0.798827 0.562724
vt 0.472590 0.530184
vt 0.960611 0.708450
vt 0.940521 0.708450
vt 0.929062 0.703704
vt 0.914857 0.689499
vt 0.910111 0.678039
vt 0.910111 0.657950
vt 0.914857 0.646491
vt 0.940521 0.627539
vt 0.960611 0.627539
vt 0.972070 0.632286
vt 0.991022 0.657950
vt 0.991022 0.678039
vt 0.986275 0.689499
vt 0.247664 0.864747
vt 0.273802 0.817802
vt 0.273802 0.864747
vt 0.373539 0.905738
vt 0.277338 0.892540
vt 0.300198 0.879342
vt 0.272497 0.776353
vt 0.246358 0.693038
vt 0.272497 0.693038
vt 0.247664 0.905738
vt 0.147927 0.905738
vt 0.221267 0.879342
vt 0.273802 0.989052
vt 0.247664 0.989052
vt 0.285695 0.882420
vt 0.368697 0.892082
vt 0.372234 0.988595
vt 0.246358 0.905280
vt 0.272497 0.988595
vt 0.246358 0.988595
vt 0.246358 0.864289
vt 0.272497 0.817344
vt 0.272497 0.864289
vt 0.173017 0.878884
vt 0.146621 0.988595
vt 0.246358 0.877953
vt 0.272497 0.891616
vt 0.246358 0.891616
vt 0.272497 0.905280
vt 0.247664 0.817802
vt 0.273802 0.804138
vt 0.247664 0.804138
vt 0.273802 0.790475
vt 0.247663 0.790475
vt 0.273802 0.776811
vt 0.247664 0.878410
vt 0.273802 0.878410
vt 0.247664 0.892074
vt 0.273802 0.892074
vt 0.246358 0.817344
vt 0.272497 0.803680
vt 0.246358 0.803680
vt 0.272497 0.790017
vt 0.246358 0.790017
vt 0.247663 0.693496
vt 0.273802 0.693496
vt 0.288910 0.539023
vt 0.369697 0.514787
vt 0.369697 0.539023
vt 0.288910 0.676361
vt 0.264674 0.539023
vt 0.369697 0.676361
vt 0.288910 0.700597
vt 0.393933 0.676361
vt 0.199014 0.867087
vt 0.231329 0.806766
vt 0.231329 0.867087
vt 0.183886 0.539023
vt 0.252556 0.551141
vt 0.196005 0.551141
vt 0.264674 0.676361
vt 0.252556 0.664243
vt 0.196005 0.664243
vt 0.183886 0.676361
vt 0.199014 0.806766
vt 0.138693 0.776605
vt 0.199014 0.776605
vt 0.199014 0.716285
vt 0.231329 0.686124
vt 0.231329 0.716285
vt 0.231329 0.776605
vt 0.147927 0.989052
vt 0.151463 0.892540
vt 0.161125 0.882878
vt 0.174323 0.879342
vt 0.234465 0.882878
vt 0.244127 0.892540
vt 0.247663 0.776811
vt 0.369697 0.700597
vt 0.520802 0.837074
vt 0.591752 0.825568
vt 0.591752 0.837074
vt 0.520802 0.966877
vt 0.591752 0.955370
vt 0.591752 0.966877
vt 0.520802 0.940916
vt 0.591752 0.929410
vt 0.591752 0.940916
vt 0.520802 0.914956
vt 0.591752 0.903449
vt 0.591752 0.914956
vt 0.520802 0.888995
vt 0.591752 0.877489
vt 0.591752 0.888995
vt 0.520802 0.863035
vt 0.591752 0.851528
vt 0.591752 0.863035
vt 0.520802 0.992837
vt 0.591752 0.981331
vt 0.591752 0.992837
vt 0.520802 0.811114
vt 0.591752 0.799607
vt 0.591752 0.811114
vt 0.611820 0.681751
vt 0.591571 0.690139
vt 0.584494 0.662596
vt 0.612132 0.634957
vt 0.631288 0.662284
vt 0.606807 0.647812
vt 0.612132 0.621581
vt 0.606807 0.608726
vt 0.631288 0.594254
vt 0.520802 0.825568
vt 0.591752 0.785153
vt 0.520802 0.799607
vt 0.520802 0.785153
vt 0.520802 0.981331
vt 0.520802 0.955370
vt 0.520802 0.929410
vt 0.520802 0.903449
vt 0.520802 0.877489
vt 0.520802 0.851528
vt 0.611820 0.574787
vt 0.597349 0.599267
vt 0.584494 0.593942
vt 0.639675 0.614503
vt 0.524323 0.662284
vt 0.543479 0.634957
vt 0.548804 0.647812
vt 0.543479 0.621581
vt 0.515936 0.614503
vt 0.639675 0.642035
vt 0.543791 0.574787
vt 0.564040 0.566399
vt 0.571117 0.593942
vt 0.543791 0.681751
vt 0.558262 0.657271
vt 0.571117 0.662596
vt 0.597349 0.657271
vt 0.591571 0.566399
vt 0.564040 0.690139
vt 0.558262 0.599267
vt 0.548804 0.608726
vt 0.524323 0.594254
vt 0.515936 0.642035
vt 0.796681 0.310266
vt 0.824878 0.362752
vt 0.796681 0.362752
vt 0.995218 0.379673
vt 0.964763 0.348182
vt 0.966857 0.337654
vt 0.824878 0.196739
vt 0.796681 0.144252
vt 0.824878 0.144252
vt 0.796681 0.196739
vt 0.824878 0.216152
vt 0.796681 0.216152
vt 0.796681 0.241244
vt 0.824878 0.253790
vt 0.796681 0.253790
vt 0.824878 0.266336
vt 0.796681 0.266336
vt 0.824878 0.278882
vt 0.796681 0.278882
vt 0.824878 0.291428
vt 0.796681 0.291428
vt 0.796681 0.228698
vt 0.824878 0.228698
vt 0.824878 0.241244
vt 0.994173 0.378343
vt 0.963718 0.347345
vt 0.965812 0.336817
vt 0.824878 0.310265
vt 0.938621 0.324429
vt 0.887703 0.271026
vt 0.938621 0.271026
vt 0.938724 0.201870
vt 0.887806 0.175912
vt 0.938724 0.175913
vt 0.887703 0.245068
vt 0.938621 0.245068
vt 0.937785 0.269082
vt 0.886867 0.322485
vt 0.886868 0.269082
vt 0.861888 0.316488
vt 0.887347 0.268149
vt 0.887347 0.321553
vt 0.862347 0.276167
vt 0.887806 0.324506
vt 0.862347 0.319442
vt 0.861408 0.274146
vt 0.861408 0.317421
vt 0.862244 0.276090
vt 0.887703 0.324429
vt 0.862244 0.319364
vt 0.938621 0.201793
vt 0.887703 0.175835
vt 0.938621 0.175835
vt 0.938265 0.242192
vt 0.887347 0.198917
vt 0.938265 0.198917
vt 0.937785 0.199849
vt 0.886868 0.243124
vt 0.886867 0.199849
vt 0.938265 0.172959
vt 0.887347 0.172959
vt 0.937785 0.243124
vt 0.887347 0.242192
vt 0.886867 0.173891
vt 0.937785 0.173891
vt 0.887806 0.245145
vt 0.887806 0.201870
vt 0.938265 0.268149
vt 0.887703 0.201793
vt 0.938724 0.324506
vt 0.887806 0.271103
vt 0.938724 0.271103
vt 0.938724 0.245145
vt 0.901023 0.438538
vt 0.951318 0.486863
vt 0.850729 0.438538
vt 0.742233 0.325376
vt 0.685726 0.223914
vt 0.752503 0.256767
vt 0.682785 0.240865
vt 0.768386 0.162380
vt 0.751905 0.234954
vt 0.951318 0.531686
vt 0.850729 0.575686
vt 0.850729 0.531686
vt 0.850729 0.603182
vt 0.951317 0.575686
vt 0.951318 0.603182
vt 0.850729 0.486863
vt 0.741263 0.327008
vt 0.704299 0.299921
vt 0.735256 0.165719
vt 0.800384 0.199424
vt 0.347143 0.879342
vt 0.360341 0.882878
vt 0.370002 0.892540
vt 0.373539 0.989052
vt 0.273802 0.905738
vt 0.287000 0.882878
vt 0.246358 0.776353
vt 0.276033 0.892082
vt 0.298893 0.878884
vt 0.345838 0.878884
vt 0.359036 0.882420
vt 0.372234 0.905280
vt 0.146621 0.905280
vt 0.150158 0.892082
vt 0.159819 0.882420
vt 0.219962 0.878884
vt 0.233160 0.882420
vt 0.242822 0.892082
vt 0.272497 0.877953
vt 0.288910 0.514787
vt 0.393933 0.539023
vt 0.138693 0.806766
vt 0.199014 0.686124
vt 0.958800 0.318202
vt 0.949875 0.312239
vt 0.950313 0.296128
vt 0.995218 0.296128
vt 0.950313 0.379673
vt 0.949875 0.363070
vt 0.958800 0.357107
vt 0.964763 0.327127
vt 0.957755 0.317365
vt 0.948830 0.311401
vt 0.949267 0.294798
vt 0.994173 0.294798
vt 0.949267 0.378343
vt 0.948830 0.362233
vt 0.957755 0.356269
vt 0.963718 0.326290
vt 0.937785 0.322485
vt 0.861888 0.273214
vt 0.938265 0.321553
vt 0.951318 0.438538
vt 0.875876 0.438538
vt 0.804666 0.318135
vt 0.774170 0.327965
vt 0.713717 0.310762
vt 0.692966 0.286348
vt 0.683136 0.255851
vt 0.700339 0.195399
vt 0.687668 0.272533
vt 0.690391 0.209740
vt 0.709331 0.183894
vt 0.736719 0.167264
vt 0.799512 0.169987
vt 0.803794 0.288698
s 1
g off
g Base_Rover_SpacialRoverExploreralumWhite
usemtl SpacialRoverExploreralumWhite
f 105/1/1 115/2/2 118/3/1
f 109/4/3 117/5/4 120/6/3
f 122/7/5 110/8/6 119/9/6
f 103/10/7 113/11/8 116/12/7
s 2
f 204/13/9 230/14/10 211/15/10
f 203/16/11 231/17/12 222/18/11
f 217/19/13 239/20/14 238/21/13
s 1
f 99/22/15 121/23/16 112/24/15
f 101/25/17 111/26/18 114/27/17
s 3
f 9/28/19 7/29/20 34/30/21
s 2
f 240/31/22 216/32/23 233/33/23
f 220/34/24 226/35/25 201/36/25
f 206/37/26 234/38/27 215/39/27
f 212/40/28 224/41/29 205/42/29
f 218/43/30 228/44/31 209/45/31
f 210/46/32 236/47/33 219/48/33
s 4
f 6/49/34 3/50/35 35/51/35
f 2/52/36 37/53/37 38/54/38
s 5
f 8/55/39 42/56/40 36/57/40
s 3
f 7/29/20 1/58/41 44/59/41
s 6
f 1/60/42 47/61/43 46/62/44
s 7
f 4/63/45 48/64/45 50/65/45
s 6
f 5/66/46 40/67/47 52/68/47
s 5
f 4/63/48 53/69/49 41/70/50
s 7
f 10/71/51 33/72/52 54/73/52
s 8
f 129/74/53 139/75/54 142/76/53
f 133/77/55 141/78/56 144/79/55
f 146/80/57 134/81/58 143/82/58
f 127/83/59 137/84/60 140/85/59
f 123/86/61 145/87/62 136/88/61
f 125/89/63 135/90/64 138/91/63
s 1
f 112/24/15 100/92/18 99/22/15
f 116/12/7 104/93/2 103/10/7
f 122/7/5 108/94/16 107/95/5
f 114/27/17 102/96/8 101/25/17
f 118/3/1 106/97/4 105/1/1
f 109/4/3 119/98/6 110/99/6
s 8
f 136/100/61 124/101/64 123/102/61
f 140/85/59 128/103/54 127/83/59
f 146/80/57 132/104/62 131/105/57
f 138/91/63 126/106/60 125/89/63
f 142/76/53 130/107/56 129/74/53
f 144/79/55 134/81/58 133/77/55
s 9
f 107/108/65 158/109/65 155/110/65
f 104/111/65 151/112/65 103/113/65
s 10
f 185/114/34 129/115/34 188/116/34
f 123/117/34 124/118/34 181/119/34
f 129/115/34 185/114/34 128/120/34
f 128/120/34 185/114/34 127/121/34
s 2
f 224/41/29 206/122/26 205/42/29
f 226/35/25 202/123/66 201/36/25
f 228/44/31 210/46/32 209/45/31
f 238/21/13 218/43/30 217/19/13
f 234/38/27 216/32/23 215/39/27
f 236/47/33 220/34/24 219/48/33
f 222/18/11 204/13/9 203/16/11
f 230/14/10 212/40/28 211/15/10
f 207/124/22 239/20/14 208/125/14
f 232/126/67 214/127/12 213/128/67
f 202/123/66 232/126/67 213/128/67
s 9
f 108/129/65 99/130/65 148/131/65
f 151/112/65 104/111/65 154/132/65
f 106/133/65 153/134/65 105/135/65
f 101/136/65 102/137/65 149/138/65
f 149/138/65 102/137/65 152/139/65
f 102/137/65 103/113/65 152/139/65
f 104/111/65 105/135/65 154/132/65
f 101/136/65 149/138/65 150/140/65
f 156/141/65 153/134/65 106/133/65
f 101/136/65 150/140/65 147/142/65
f 156/141/65 106/133/65 109/143/65
f 100/144/65 101/136/65 147/142/65
f 99/130/65 100/144/65 147/142/65
f 156/141/65 109/143/65 110/145/65
f 99/130/65 147/142/65 148/131/65
f 155/110/65 156/141/65 110/145/65
f 157/146/65 108/129/65 148/131/65
f 110/145/65 107/108/65 155/110/65
f 158/109/65 108/129/65 157/146/65
f 153/134/65 154/132/65 105/135/65
s 10
f 188/116/34 129/115/34 130/147/34
s 9
f 108/129/65 158/109/65 107/108/65
f 103/113/65 151/112/65 152/139/65
s 10
f 125/148/34 126/149/34 183/150/34
f 183/150/34 126/149/34 186/151/34
f 126/149/34 127/121/34 186/151/34
f 187/152/34 188/116/34 130/147/34
f 125/148/34 183/150/34 184/153/34
f 187/152/34 130/147/34 133/154/34
f 124/118/34 125/148/34 184/153/34
f 190/155/34 187/152/34 133/154/34
f 124/118/34 184/153/34 181/119/34
f 182/156/34 123/117/34 181/119/34
f 189/157/34 190/155/34 133/154/34
f 189/157/34 133/154/34 134/158/34
f 123/117/34 182/156/34 191/159/34
f 192/160/34 189/157/34 134/158/34
f 192/160/34 132/161/34 191/159/34
f 132/161/34 123/117/34 191/159/34
f 192/160/34 134/158/34 131/162/34
f 132/161/34 192/160/34 131/162/34
f 127/121/34 185/114/34 186/151/34
s 2
f 204/13/9 221/163/9 230/14/10
f 203/16/11 214/127/12 231/17/12
f 217/19/13 208/125/14 239/20/14
f 240/31/22 207/124/22 216/32/23
f 220/34/24 235/164/24 226/35/25
f 206/37/26 223/165/26 234/38/27
f 212/40/28 229/166/28 224/41/29
f 218/43/30 237/167/30 228/44/31
f 210/46/32 227/168/32 236/47/33
f 224/41/29 223/169/26 206/122/26
f 226/35/25 225/170/66 202/123/66
f 228/44/31 227/168/32 210/46/32
f 238/21/13 237/167/30 218/43/30
f 234/38/27 233/33/23 216/32/23
f 236/47/33 235/164/24 220/34/24
f 222/18/11 221/163/9 204/13/9
f 230/14/10 229/166/28 212/40/28
f 207/124/22 240/31/22 239/20/14
f 232/126/67 231/17/12 214/127/12
f 202/123/66 225/170/66 232/126/67
s 11
f 255/171/68 273/172/68 241/173/68
f 248/174/68 283/175/68 250/176/68
f 242/177/68 273/172/68 276/178/68
f 243/179/68 288/180/68 274/181/68
f 251/182/68 282/183/68 284/184/68
f 244/185/68 274/181/68 277/186/68
f 252/187/68 285/188/68 253/189/68
f 245/190/68 276/178/68 278/191/68
f 250/176/68 275/192/68 252/187/68
f 246/193/68 277/186/68 279/194/68
f 254/195/68 284/184/68 286/196/68
f 245/190/68 280/197/68 247/198/68
f 253/189/68 287/199/68 255/171/68
f 246/193/68 281/200/68 248/174/68
f 256/201/68 286/196/68 288/180/68
f 249/202/68 280/197/68 282/183/68
s 12
f 273/203/69 293/204/70 276/205/70
s 13
f 263/206/71 326/207/72 325/208/73
s 12
f 274/209/74 301/210/65 277/211/65
f 276/205/70 294/212/75 278/213/75
f 277/211/65 302/214/76 279/215/76
f 278/213/75 295/216/77 280/217/77
f 281/218/78 302/214/76 303/219/78
f 280/217/77 296/220/79 282/221/79
f 281/218/78 304/222/80 283/223/80
f 282/221/79 297/224/81 284/225/81
f 275/226/34 289/227/82 285/228/82
f 283/223/80 290/229/34 275/226/34
f 286/230/83 297/224/81 298/231/83
f 287/232/84 289/227/82 291/233/84
f 286/230/83 299/234/85 288/235/85
f 273/203/69 291/236/84 292/237/69
f 288/235/85 300/238/74 274/209/74
s 14
f 258/239/68 289/240/68 290/241/68
f 257/242/68 291/243/68 289/240/68
f 259/244/68 292/245/68 291/243/68
f 260/246/68 293/247/68 292/245/68
f 261/248/68 294/249/68 293/247/68
f 262/250/68 295/251/68 294/249/68
f 263/252/68 296/253/68 295/251/68
f 265/254/68 296/253/68 264/255/68
f 266/256/68 297/257/68 265/254/68
f 267/258/68 298/259/68 266/256/68
f 268/260/68 299/261/68 267/258/68
f 269/262/68 300/263/68 268/260/68
f 270/264/68 301/265/68 269/262/68
f 271/266/68 302/267/68 270/264/68
f 272/268/68 303/269/68 271/266/68
f 272/268/68 290/241/68 304/270/68
s 13
f 271/271/86 330/272/87 329/273/88
f 265/274/89 333/275/90 334/276/91
f 257/277/92 258/278/93 337/279/94
f 258/278/95 332/280/96 340/281/97
f 265/274/89 341/282/98 342/283/99
f 259/284/100 339/285/101 344/286/102
f 267/287/103 346/288/104 348/289/105
f 259/290/100 349/291/106 350/292/107
f 268/293/108 348/289/105 351/294/109
f 260/295/110 353/296/111 354/297/112
f 269/298/113 352/299/114 355/300/115
f 261/301/116 357/302/117 358/303/118
f 270/304/119 356/305/120 359/306/121
f 262/307/122 361/308/123 327/309/124
f 271/271/86 360/310/125 362/311/126
s 15
f 313/312/127 324/313/127 314/314/127
s 16
f 386/315/34 324/316/34 322/317/34
s 17
f 310/318/128 321/319/128 311/320/128
s 18
f 307/321/65 387/322/65 308/323/65
s 19
f 314/324/129 316/325/129 306/326/129
s 20
f 312/327/130 321/319/130 322/328/130
s 21
f 309/329/131 387/322/131 319/330/131
s 22
f 305/331/132 316/325/132 315/332/132
s 23
f 313/312/70 322/328/70 323/333/70
s 24
f 309/329/133 320/334/133 310/318/133
s 25
f 305/331/134 388/335/134 307/321/134
s 26
f 382/336/129 364/337/129 363/338/129
s 27
f 379/339/127 382/340/127 380/341/127
s 28
f 377/342/70 380/341/70 378/343/70
s 29
f 375/344/130 378/343/130 376/345/130
s 30
f 373/346/128 376/345/128 374/347/128
s 31
f 371/348/133 374/347/133 372/349/133
s 32
f 369/350/131 372/349/131 370/351/131
s 33
f 367/352/65 370/351/65 368/353/65
s 34
f 365/354/134 368/353/134 366/355/134
s 35
f 364/337/132 366/355/132 363/338/132
s 21
f 319/330/131 387/322/131 386/356/131
s 36
f 388/335/134 315/332/134 385/357/134
s 37
f 317/358/65 386/356/65 318/359/65
f 318/359/65 387/322/65 384/360/65
f 383/361/65 385/357/65 317/358/65
f 384/360/65 388/335/65 383/361/65
s 38
f 409/362/135 394/363/136 405/364/136
s 39
f 414/365/137 410/366/137 406/367/137
s 40
f 402/368/138 408/369/139 415/370/138
s 41
f 396/371/68 404/372/68 400/373/68
s 42
f 399/374/140 414/375/141 412/376/140
s 43
f 400/373/142 413/377/143 411/378/142
s 42
f 401/379/144 412/376/140 413/380/144
s 40
f 415/370/138 404/381/145 402/368/138
s 42
f 416/382/146 403/383/141 404/381/146
s 43
f 406/367/147 395/384/148 393/385/147
s 38
f 407/386/149 394/363/136 395/387/149
s 40
f 408/369/139 398/388/150 410/389/150
s 38
f 398/388/151 409/362/135 410/389/151
s 43
f 411/378/142 393/385/147 400/373/142
s 44
f 484/390/81 430/391/152 429/392/81
f 483/393/152 431/394/153 430/391/152
f 485/395/153 432/396/65 431/394/153
f 486/397/65 433/398/154 432/396/65
f 487/399/154 434/400/155 433/398/154
f 488/401/155 435/402/34 434/400/155
f 435/402/34 490/403/156 436/404/156
f 436/404/156 491/405/157 437/406/157
f 491/405/157 438/407/70 437/406/157
f 438/407/70 493/408/158 439/409/158
s 45
f 427/410/154 506/411/155 428/412/155
s 44
f 493/413/158 440/414/159 439/415/158
f 494/416/159 429/392/81 440/414/159
s 46
f 465/417/81 472/418/81 471/419/81
s 47
f 466/420/137 473/421/137 472/418/137
s 48
f 468/422/68 471/419/68 474/423/68
s 49
f 466/420/70 468/424/70 470/425/70
s 50
f 469/426/160 471/419/160 472/418/160
s 47
f 469/427/137 472/418/137 473/421/137
s 48
f 471/419/68 467/428/68 474/423/68
s 51
f 418/429/137 484/430/137 417/431/137
f 418/429/137 485/432/137 483/433/137
f 420/434/137 485/432/137 419/435/137
f 420/434/137 487/436/137 486/437/137
f 422/438/137 487/436/137 421/439/137
f 423/440/137 488/441/137 422/438/137
f 423/440/137 490/442/137 489/443/137
f 425/444/137 490/442/137 424/445/137
f 426/446/137 491/447/137 425/444/137
f 426/446/137 493/448/137 492/449/137
f 427/450/137 494/451/137 493/448/137
f 417/431/137 494/451/137 428/452/137
s 45
f 417/453/34 495/454/156 418/455/156
f 424/456/152 503/457/153 425/458/153
f 421/459/158 500/460/159 422/461/159
f 428/412/155 496/462/34 417/453/34
f 418/455/156 497/463/157 419/464/157
f 425/458/153 504/465/65 426/466/65
f 422/461/159 501/467/81 423/468/81
f 419/464/157 498/469/70 420/470/70
f 426/466/65 505/471/154 427/472/154
f 423/468/81 502/473/152 424/456/152
f 420/470/70 499/474/158 421/459/158
s 52
f 589/475/137 580/476/137 579/477/137
s 53
f 590/478/70 611/479/70 580/476/70
s 54
f 555/480/137 556/481/137 553/482/137
s 55
f 553/482/65 602/483/65 555/480/65
s 56
f 558/484/70 604/485/70 556/481/70
s 57
f 579/477/65 600/486/65 589/475/65
s 58
f 617/487/161 626/488/162 615/489/162
f 617/487/161 628/490/163 627/491/161
f 615/489/162 625/492/164 613/493/164
f 619/494/163 629/495/165 628/490/163
s 59
f 630/496/137 635/497/137 629/498/137
s 60
f 626/499/166 631/500/166 625/501/166
s 61
f 628/502/167 633/503/167 627/504/167
s 62
f 630/505/168 631/500/168 636/506/168
s 63
f 629/498/169 634/507/169 628/502/169
s 64
f 627/504/68 632/508/68 626/499/68
s 58
f 623/509/170 625/492/164 630/510/170
s 65
f 632/511/81 634/512/81 636/513/81
s 58
f 623/509/170 629/495/165 621/514/165
s 66
f 732/515/171 750/516/172 733/517/172
f 726/518/173 746/519/174 729/520/174
f 730/521/175 748/522/176 731/523/176
f 738/524/177 756/525/178 739/526/178
f 734/527/179 752/528/180 735/529/180
f 740/530/181 744/531/182 727/532/182
s 67
f 754/533/65 750/534/65 746/535/65
s 66
f 736/536/183 754/537/184 737/538/184
f 746/519/174 730/521/175 729/520/174
f 732/515/171 748/522/176 747/539/171
f 744/531/182 728/540/185 727/532/182
f 726/541/173 742/542/186 741/543/173
f 756/525/178 740/530/181 739/526/178
f 752/528/180 736/536/183 735/529/180
f 738/524/177 754/537/184 753/544/177
f 734/527/179 750/516/172 749/545/179
f 728/540/185 742/542/186 725/546/186
s 68
f 795/547/187 793/548/187 796/549/187
s 69
f 856/550/137 851/551/137 859/552/137
s 70
f 792/553/70 857/554/70 791/555/70
s 71
f 794/556/65 790/557/65 793/558/65
s 72
f 790/557/137 856/550/137 854/559/137
s 73
f 791/560/68 852/561/68 794/562/68
s 70
f 797/563/70 791/555/70 798/564/70
s 74
f 795/565/81 791/560/81 794/562/81
s 75
f 795/547/188 800/566/189 801/567/189
s 74
f 802/568/81 795/565/81 801/569/81
s 70
f 799/570/70 798/564/70 802/571/70
s 76
f 804/572/190 912/573/190 806/574/190
s 77
f 806/574/68 803/575/68 804/572/68
s 75
f 808/576/65 805/577/65 884/578/65
f 800/566/189 884/579/65 801/567/189
s 74
f 802/568/81 884/580/81 885/581/81
s 70
f 802/571/70 807/582/70 799/570/70
s 78
f 817/583/81 823/584/81 810/585/81
s 79
f 816/586/70 812/587/70 813/588/70
s 78
f 815/589/81 810/585/81 812/590/81
s 80
f 813/588/191 811/591/191 809/592/191
s 81
f 814/593/192 810/585/192 811/591/192
s 82
f 815/589/193 818/594/193 817/583/193
s 83
f 816/595/194 887/596/194 818/594/194
s 77
f 806/574/68 809/592/68 805/597/68
s 84
f 821/598/65 825/599/65 826/600/65
s 81
f 810/585/192 821/601/192 811/591/192
s 85
f 805/577/34 819/602/34 884/578/34
s 83
f 887/596/194 824/603/194 818/594/194
s 80
f 811/591/191 822/604/191 809/592/191
s 86
f 884/605/137 826/606/137 887/596/137
s 82
f 818/594/193 825/607/193 817/583/193
s 77
f 809/592/68 820/608/68 805/597/68
s 87
f 794/556/85 851/609/85 789/610/85
s 70
f 857/554/70 853/611/70 791/555/70
s 88
f 853/612/81 859/613/81 851/609/81
s 89
f 855/614/61 856/550/61 857/615/61
f 857/615/61 859/552/61 858/616/61
s 86
f 887/596/137 885/617/137 884/605/137
s 90
f 915/618/70 912/573/70 913/619/70
s 91
f 885/620/81 912/573/81 914/621/81
s 92
f 885/622/137 915/618/137 807/623/137
s 93
f 920/624/187 922/625/187 923/626/187
s 94
f 983/627/137 978/628/137 916/629/137
s 95
f 984/630/70 919/631/70 918/632/70
s 96
f 917/633/65 921/634/65 920/635/65
s 94
f 983/627/137 917/633/137 981/636/137
s 97
f 979/637/68 918/638/68 921/639/68
s 95
f 918/632/70 924/640/70 925/641/70
s 98
f 922/642/34 918/638/34 925/643/34
s 99
f 927/644/189 922/625/188 928/645/189
s 98
f 922/642/34 929/646/34 928/647/34
s 95
f 925/641/70 926/648/70 929/649/70
s 100
f 1039/650/190 931/651/190 933/652/190
s 101
f 930/653/68 933/652/68 931/651/68
s 99
f 932/654/65 935/655/65 1011/656/65
f 1011/657/65 927/644/189 928/645/189
s 98
f 929/646/34 1011/658/34 928/647/34
s 95
f 934/659/70 929/649/70 926/648/70
s 102
f 950/660/34 944/661/34 937/662/34
s 103
f 939/663/70 943/664/70 1012/665/70
s 102
f 942/666/34 937/662/34 944/661/34
s 104
f 938/667/195 940/668/195 936/669/195
s 105
f 937/662/196 941/670/196 938/667/196
s 106
f 945/671/197 942/666/197 944/661/197
s 107
f 1014/672/198 943/673/198 945/671/198
s 108
f 936/669/68 933/652/68 932/674/68
s 109
f 952/675/65 948/676/65 947/677/65
s 105
f 948/678/196 937/662/196 938/667/196
s 110
f 946/679/81 932/654/81 1011/656/81
s 107
f 951/680/198 1014/672/198 945/671/198
s 104
f 949/681/195 938/667/195 936/669/195
s 111
f 953/682/137 1011/683/137 1014/672/137
s 106
f 952/684/197 945/671/197 944/661/197
s 108
f 947/685/68 936/669/68 932/674/68
s 112
f 978/686/78 921/634/78 916/629/78
s 95
f 980/687/70 984/630/70 918/632/70
s 113
f 978/686/34 985/688/34 980/689/34
s 114
f 983/627/61 982/690/61 984/691/61
f 986/692/61 984/691/61 985/693/61
s 111
f 1012/694/137 1014/672/137 1011/683/137
s 115
f 1042/695/70 1039/650/70 1041/696/70
s 116
f 1012/697/34 1039/650/34 933/698/34
s 117
f 1042/695/137 1012/699/137 934/700/137
s 118
f 1159/701/81 1165/702/81 1175/703/81
s 119
f 1160/704/199 1162/705/199 1159/701/199
s 120
f 1161/706/200 1167/707/201 1162/708/201
s 121
f 1192/709/34 1183/710/34 1193/711/34
s 120
f 1185/712/202 1192/713/203 1196/714/203
s 122
f 1166/715/204 1178/716/205 1170/717/206
f 1170/717/206 1179/718/207 1169/719/208
f 1169/719/208 1177/720/209 1171/721/210
f 1173/722/211 1171/721/210 1177/720/209
f 1168/723/212 1172/724/53 1167/725/53
f 1163/726/213 1172/724/53 1174/727/214
f 1164/728/215 1174/727/214 1176/729/216
f 1165/730/217 1176/729/216 1175/731/217
s 120
f 1185/712/202 1188/732/218 1182/733/219
s 123
f 1160/704/34 1181/734/34 1161/735/34
s 124
f 1186/736/220 1181/737/220 1184/738/220
s 120
f 1181/739/221 1196/714/203 1191/740/222
s 125
f 1189/741/220 1187/742/220 1190/743/220
s 126
f 1185/744/81 1190/743/81 1187/742/81
s 121
f 1182/745/34 1189/741/34 1183/746/34
s 127
f 1166/747/223 1194/748/224 1180/749/225
s 128
f 1232/750/81 1285/751/81 1286/752/81
s 129
f 1216/753/68 1284/754/68 1285/755/68
s 130
f 1226/756/65 1233/757/65 1232/750/65
f 1225/758/65 1230/759/65 1226/756/65
f 1224/760/65 1229/761/65 1225/758/65
f 1223/762/226 1312/763/65 1311/764/65
s 131
f 1290/765/70 1274/766/227 1273/767/227
s 128
f 1311/764/81 1289/768/81 1310/769/81
f 1224/760/81 1288/770/81 1289/768/81
f 1225/758/81 1287/771/81 1288/770/81
s 130
f 1232/750/65 1218/772/65 1216/753/65
s 128
f 1226/756/81 1286/752/81 1287/771/81
s 132
f 1275/773/228 1235/774/228 1272/775/228
s 128
f 1273/767/81 1235/776/81 1223/762/81
s 130
f 1235/774/229 1227/777/226 1223/762/226
s 133
f 1292/778/34 1250/779/34 1293/780/34
s 134
f 1240/781/137 1298/782/137 1217/783/137
s 129
f 1284/754/68 1241/784/68 1292/785/68
s 130
f 1233/757/65 1249/786/65 1250/779/65
f 1230/759/65 1248/787/65 1249/786/65
f 1229/761/65 1247/788/65 1248/787/65
f 1312/763/65 1246/789/226 1314/790/65
s 131
f 1274/766/227 1297/791/70 1277/792/227
s 0
f 1313/793/230 1321/794/70 1314/790/231
s 133
f 1295/795/34 1247/788/34 1296/796/34
f 1294/797/34 1248/787/34 1295/795/34
s 130
f 1218/772/65 1250/779/65 1241/784/65
s 133
f 1293/780/34 1249/786/34 1294/797/34
s 130
f 1355/798/232 1406/799/233 1252/800/234
s 136
f 1246/789/34 1276/801/34 1277/802/34
s 130
f 1227/777/226 1355/803/232 1252/804/234
s 131
f 1275/773/235 1274/805/227 1277/806/227
f 1215/807/70 1284/808/70 1217/809/70
f 1219/810/70 1286/752/70 1215/807/70
f 1220/811/70 1287/771/70 1219/810/70
f 1221/812/70 1288/770/70 1220/811/70
f 1222/813/70 1310/769/70 1315/814/70
f 1222/813/70 1291/815/70 1290/765/70
f 1215/807/70 1286/752/70 1285/751/70
f 1240/816/70 1284/808/70 1292/817/70
f 1242/818/70 1293/819/70 1294/820/70
f 1242/818/70 1295/821/70 1243/822/70
f 1243/822/70 1296/823/70 1244/824/70
f 1316/825/70 1296/823/70 1313/826/70
f 1245/827/70 1291/815/70 1231/828/70
f 1240/816/70 1292/817/70 1293/819/70
s 137
f 1309/829/70 1304/830/70 1317/831/70
s 138
f 1217/783/137 1299/832/137 1215/833/137
s 139
f 1242/834/81 1305/835/81 1240/836/81
s 140
f 1215/837/34 1300/838/34 1219/839/34
s 141
f 1243/840/81 1306/841/81 1242/834/81
s 140
f 1219/839/34 1301/842/34 1220/843/34
s 141
f 1244/844/81 1307/845/81 1243/840/81
s 142
f 1220/843/34 1302/846/34 1221/847/34
s 141
f 1245/848/81 1318/849/81 1316/850/81
s 142
f 1221/847/34 1317/831/34 1315/851/34
s 143
f 1231/852/68 1309/829/68 1245/853/68
f 1222/854/68 1304/830/68 1231/852/68
s 142
f 1315/851/34 1303/855/34 1222/856/34
s 141
f 1316/850/81 1308/857/81 1244/844/81
s 144
f 1308/857/70 1302/846/70 1305/858/70
s 131
f 1245/827/70 1313/826/70 1297/791/70
f 1315/814/70 1289/768/70 1221/812/70
s 136
f 1313/793/34 1246/789/34 1297/859/34
s 145
f 1228/860/137 1322/861/137 1247/788/137
s 128
f 1223/762/81 1310/769/81 1290/765/81
s 146
f 1314/790/68 1319/862/68 1312/763/68
s 130
f 1224/760/65 1312/763/65 1228/860/65
s 147
f 1338/863/81 1341/864/81 1340/865/81
s 148
f 1341/864/68 1349/866/68 1343/867/68
s 149
f 1335/868/137 1324/869/137 1337/870/137
s 150
f 1324/871/65 1348/872/65 1347/873/65
s 151
f 1344/874/34 1335/868/34 1334/875/34
s 152
f 1333/876/236 1334/877/236 1335/878/236
s 153
f 1336/879/237 1337/880/237 1338/881/237
s 154
f 1339/882/238 1340/883/238 1341/884/238
s 155
f 1342/885/239 1343/886/239 1344/887/239
s 147
f 1350/888/81 1324/869/81 1347/873/81
s 151
f 1349/889/34 1323/890/34 1335/868/34
s 148
f 1349/866/68 1347/873/68 1348/872/68
s 156
f 1354/891/65 1351/892/65 1353/893/65
s 157
f 1366/894/68 1370/895/68 1352/896/68
s 158
f 1346/897/70 1372/898/70 1378/899/70
s 159
f 1374/900/81 1351/892/81 1369/901/81
s 160
f 1360/902/81 1408/903/81 1358/904/81
s 132
f 1355/803/228 1275/773/228 1356/905/228
s 136
f 1252/906/34 1404/907/34 1276/908/34
s 161
f 1356/909/81 1405/910/81 1355/911/81
s 162
f 1276/912/240 1403/913/240 1356/914/240
s 163
f 1377/915/34 1365/916/34 1352/896/34
s 164
f 1327/917/70 1387/918/70 1328/919/70
f 1331/920/70 1389/921/70 1332/922/70
f 1330/923/70 1392/924/70 1391/925/70
f 1326/926/70 1394/927/70 1393/928/70
f 1326/926/70 1388/929/70 1327/917/70
f 1328/919/70 1390/930/70 1331/920/70
f 1332/922/70 1392/924/70 1329/931/70
f 1325/932/70 1391/925/70 1394/927/70
s 165
f 1357/933/228 1404/934/228 1358/935/228
f 1359/936/228 1406/799/228 1405/937/228
f 1360/902/228 1404/907/228 1406/938/228
f 1359/939/228 1403/940/228 1357/941/228
s 166
f 1358/935/233 1407/942/233 1357/933/233
s 167
f 1359/939/34 1407/942/34 1409/943/34
s 168
f 1359/936/240 1410/944/240 1360/945/240
s 169
f 1416/946/60 1420/947/60 1424/948/60
s 170
f 1430/949/241 1460/950/242 1428/951/242
s 171
f 1427/952/137 1462/953/241 1429/954/241
s 170
f 1430/949/241 1464/955/243 1461/956/241
s 171
f 1431/957/244 1462/953/241 1463/958/244
s 170
f 1434/959/245 1464/955/243 1432/960/243
s 172
f 1439/961/34 1502/962/34 1441/963/34
s 173
f 1438/964/246 1472/965/247 1470/966/246
s 174
f 1471/967/81 1507/968/81 1506/969/81
s 173
f 1440/970/247 1473/971/248 1472/965/247
s 172
f 1435/972/34 1500/973/34 1437/974/34
s 171
f 1441/963/249 1476/975/68 1443/976/68
s 173
f 1475/977/68 1446/978/250 1477/979/250
s 171
f 1443/976/68 1478/980/250 1445/981/250
s 173
f 1446/978/250 1479/982/53 1477/979/250
s 171
f 1445/981/250 1480/983/53 1447/984/53
s 173
f 1448/985/53 1482/986/251 1479/982/53
s 171
f 1449/987/251 1480/983/53 1481/988/251
s 173
f 1450/989/251 1484/990/65 1482/986/251
s 171
f 1449/987/251 1483/991/65 1451/992/65
s 173
f 1484/990/65 1454/993/252 1486/994/252
s 171
f 1451/992/65 1485/995/252 1453/996/252
s 173
f 1456/997/58 1486/994/252 1454/993/252
s 171
f 1455/998/58 1485/995/252 1487/999/58
s 175
f 1436/1000/81 1458/1001/253 1450/1002/81
s 173
f 1456/997/58 1490/1003/254 1488/1004/58
s 171
f 1457/1005/255 1487/999/58 1489/1006/255
s 176
f 1428/1007/256 1515/1008/256 1513/1009/256
s 171
f 1427/952/137 1489/1006/255 1459/1010/137
s 172
f 1439/961/34 1447/1011/34 1455/1012/34
s 174
f 1480/1013/81 1471/967/81 1463/958/81
s 177
f 1461/1014/34 1475/1015/34 1484/1016/34
s 174
f 1469/1017/81 1506/969/81 1504/1018/81
f 1467/1019/81 1504/1018/81 1503/1020/81
s 171
f 1463/958/244 1497/1021/257 1431/957/244
s 172
f 1435/972/34 1498/1022/34 1499/1023/34
f 1437/974/34 1501/1024/34 1439/961/34
s 174
f 1465/1025/81 1508/1026/81 1463/958/81
f 1467/1019/81 1505/1027/81 1465/1025/81
s 172
f 1433/1028/34 1497/1029/34 1498/1022/34
s 173
f 1475/977/68 1442/1030/248 1444/1031/68
s 175
f 1428/1007/258 1514/1032/259 1458/1033/253
s 177
f 1460/1034/260 1516/1035/261 1515/1008/262
s 178
f 1458/1036/263 1516/1035/263 1490/1037/263
s 171
f 1441/963/249 1507/1038/264 1474/1039/249
s 179
f 1320/1040/34 1312/1041/34 1319/1042/34
s 180
f 1320/1040/65 1321/1043/65 1322/1044/65
s 120
f 1163/1045/201 1164/1046/201 1162/708/201
f 1164/1046/201 1165/1047/201 1162/708/201
f 1181/1048/221 1168/1049/265 1161/706/200
f 1168/1049/265 1167/707/201 1161/706/200
f 1191/1050/222 1170/1051/266 1181/1048/221
f 1169/1052/267 1171/1053/268 1181/1048/221
f 1171/1053/268 1168/1049/265 1181/1048/221
f 1170/1051/266 1169/1052/267 1181/1048/221
f 1191/1050/222 1166/1054/269 1170/1051/266
f 1167/707/201 1163/1045/201 1162/708/201
s 127
f 1196/1055/270 1193/711/270 1195/1056/270
s 137
f 1308/857/70 1318/849/70 1317/831/70
s 144
f 1302/846/70 1299/1057/70 1305/858/70
s 137
f 1308/857/70 1317/831/70 1302/846/70
s 181
f 1610/1058/81 1607/1059/271 1608/1060/81
f 1612/1061/271 1606/1062/272 1607/1059/271
f 1613/1063/272 1605/1064/273 1606/1062/272
f 1605/1064/273 1616/1065/274 1604/1066/274
f 1616/1065/274 1603/1067/275 1604/1066/274
f 1603/1067/275 1619/1068/276 1602/1069/276
f 1602/1069/276 1620/1070/277 1601/1071/277
f 1620/1072/277 1600/1073/34 1601/1074/277
f 1622/1075/34 1599/1076/278 1600/1073/34
f 1599/1076/278 1625/1077/279 1598/1078/279
f 1625/1077/279 1597/1079/280 1598/1078/279
f 1626/1080/280 1596/1081/281 1597/1079/280
f 1628/1082/281 1595/1083/282 1596/1081/281
f 1595/1083/282 1631/1084/283 1594/1085/283
s 182
f 1625/1086/284 1619/1087/284 1613/1088/284
s 181
f 1631/1084/283 1593/1089/285 1594/1085/283
f 1593/1089/285 1610/1058/81 1608/1060/81
s 183
f 1570/1090/286 1566/1091/286 1562/1092/286
s 184
f 1658/1093/287 1738/1094/288 1737/1095/287
f 1739/1096/289 1664/1097/290 1740/1098/290
f 1740/1098/290 1666/1099/291 1741/1100/292
f 1666/1101/291 1744/1102/293 1741/1103/292
f 1668/1104/293 1745/1105/294 1744/1102/293
f 1698/1106/295 1729/1107/294 1736/1108/295
f 1742/1109/296 1680/1110/297 1749/1111/297
f 1670/1112/294 1782/1113/295 1672/1113/295
f 1688/1114/298 1737/1095/287 1746/1115/298
s 185
f 1667/1116/60 1675/1117/60 1683/1118/60
s 184
f 1739/1096/289 1660/1119/288 1662/1120/289
s 185
f 1661/1121/60 1692/1122/60 1693/1123/60
f 1661/1121/60 1694/1124/60 1663/1125/60
f 1663/1125/60 1695/1126/60 1665/1127/60
f 1669/1128/60 1696/1129/60 1697/1130/60
f 1669/1128/60 1698/1131/60 1671/1132/60
f 1673/1133/60 1698/1131/60 1699/1134/60
f 1675/1117/60 1701/1135/60 1677/1136/60
f 1679/1137/60 1701/1135/60 1702/1138/60
f 1681/1139/60 1702/1138/60 1703/1140/60
f 1685/1141/60 1704/1142/60 1705/1143/60
f 1687/1144/60 1705/1143/60 1706/1145/60
f 1687/1144/60 1691/1146/60 1657/1147/60
s 184
f 1747/1148/299 1688/1114/298 1746/1115/298
f 1748/1149/300 1686/1150/299 1747/1148/299
f 1743/1151/301 1674/1152/302 1676/1153/301
f 1749/1111/297 1682/1154/303 1750/1155/303
f 1748/1149/300 1682/1154/303 1684/1156/304
f 1742/1109/296 1676/1153/301 1678/1157/296
f 1751/1158/302 1672/1113/295 1674/1152/302
f 1745/1105/294 1672/1113/295 1752/1159/295
f 1699/1160/305 1736/1108/295 1735/1161/302
f 1701/1162/296 1727/1163/301 1726/1164/296
f 1704/1165/306 1734/1166/303 1732/1167/300
f 1702/1168/297 1734/1166/303 1703/1169/307
f 1700/1170/308 1735/1161/302 1727/1163/301
f 1704/1165/306 1731/1171/299 1705/1172/299
f 1705/1172/299 1730/1173/298 1706/1174/298
f 1692/1175/309 1723/1176/289 1693/1177/289
f 1706/1174/298 1690/1178/287 1691/1179/310
f 1701/1162/296 1733/1180/297 1702/1168/297
f 1728/1181/293 1697/1182/294 1696/1183/311
f 1725/1184/292 1696/1183/311 1695/1185/292
f 1694/1186/290 1725/1187/292 1695/1188/292
f 1693/1177/289 1724/1189/290 1694/1186/290
f 1691/1179/310 1689/1190/288 1692/1175/309
f 1736/1108/295 1745/1105/294 1761/1191/312
f 1736/1108/295 1760/1192/305 1735/1161/302
f 1727/1163/301 1742/1109/296 1726/1164/296
f 1734/1166/303 1748/1149/300 1732/1167/300
f 1733/1180/297 1750/1155/303 1734/1166/303
f 1727/1163/301 1760/1192/305 1762/1193/305
f 1726/1164/296 1749/1111/297 1733/1180/297
f 1744/1102/293 1729/1107/294 1764/1194/313
f 1725/1184/292 1764/1194/313 1728/1181/293
s 186
f 1759/1195/314 1769/1196/314 1767/1197/314
s 184
f 1761/1191/312 1751/1158/302 1762/1193/305
s 187
f 1761/1198/58 1770/1199/58 1769/1196/58
s 184
f 1766/1200/315 1741/1103/292 1744/1102/293
s 188
f 1767/1197/316 1770/1199/316 1768/1201/316
s 189
f 1771/1202/317 1773/1203/317 1774/1204/317
s 190
f 1764/1205/318 1774/1204/318 1766/1206/318
s 191
f 1763/1207/60 1771/1202/60 1764/1208/60
s 192
f 1760/1209/319 1770/1199/319 1762/1210/319
s 193
f 1759/1211/60 1768/1201/60 1760/1212/60
s 194
f 1766/1213/58 1773/1203/58 1765/1214/58
s 195
f 1765/1215/320 1772/1216/321 1763/1217/321
s 196
f 1775/1218/58 1794/1219/58 1793/1220/58
s 184
f 1678/1157/296 1786/1110/297 1680/1110/297
f 1688/1114/298 1795/1221/322 1797/1222/322
f 1666/1099/291 1778/1097/290 1779/1099/291
f 1672/1113/295 1783/1152/302 1674/1152/302
f 1682/1154/303 1786/1110/297 1787/1154/303
f 1660/1119/288 1775/1093/287 1776/1119/288
f 1666/1101/291 1780/1104/293 1668/1104/293
f 1676/1153/301 1783/1152/302 1784/1153/301
f 1684/1156/304 1787/1154/303 1788/1156/304
f 1660/1119/288 1777/1120/289 1662/1120/289
f 1670/1112/294 1780/1104/293 1781/1112/294
f 1676/1153/301 1785/1157/296 1678/1157/296
f 1684/1156/304 1788/1156/304 1799/1223/323
f 1658/1093/287 1798/1114/324 1800/1224/325
f 1662/1120/289 1778/1097/290 1664/1097/290
s 197
f 1789/1225/326 1796/1226/65 1799/1227/65
s 198
f 1792/1228/81 1800/1229/327 1794/1230/328
s 199
f 1790/1231/68 1799/1227/68 1791/1232/68
s 197
f 1795/1233/329 1790/1234/74 1797/1235/74
s 198
f 1797/1235/83 1793/1236/83 1800/1237/327
s 196
f 1793/1220/58 1791/1238/58 1788/1239/58
f 1788/1239/58 1787/1240/58 1793/1220/58
f 1787/1240/58 1786/1241/58 1793/1220/58
f 1786/1241/58 1785/1242/58 1793/1220/58
f 1785/1242/58 1784/1243/58 1793/1220/58
f 1784/1243/58 1783/1244/58 1793/1220/58
f 1783/1244/58 1782/1245/58 1793/1220/58
f 1782/1245/58 1781/1246/58 1793/1220/58
f 1781/1246/58 1780/1247/58 1793/1220/58
f 1780/1247/58 1779/1248/58 1793/1220/58
f 1779/1248/58 1778/1249/58 1793/1220/58
f 1778/1249/58 1777/1250/58 1793/1220/58
f 1777/1250/58 1776/1251/58 1793/1220/58
f 1776/1251/58 1775/1218/58 1793/1220/58
f 1775/1218/58 1792/1252/58 1794/1219/58
s 1
f 105/1/1 104/93/2 115/2/2
f 109/4/3 106/97/4 117/5/4
f 122/7/5 107/95/5 110/8/6
f 103/10/7 102/96/8 113/11/8
f 99/22/15 108/94/16 121/23/16
f 101/25/17 100/92/18 111/26/18
s 3
f 7/29/20 32/1253/330 31/1254/19
f 34/30/21 33/72/331 9/28/19
f 7/29/20 31/1254/19 34/30/21
s 4
f 35/51/35 37/53/37 6/49/34
f 3/50/35 36/57/35 35/51/35
f 39/1255/36 40/67/36 2/52/36
f 2/52/36 6/49/34 37/53/37
f 38/54/38 39/1255/36 2/52/36
s 200
f 36/57/40 3/50/40 8/55/332
s 5
f 8/55/39 41/70/50 42/56/40
s 3
f 45/1256/41 32/1253/330 7/29/20
f 1/58/41 43/1257/41 44/59/41
f 44/59/41 45/1256/41 7/29/20
s 6
f 46/62/44 43/1258/42 1/60/42
f 1/60/42 5/66/46 47/61/43
s 7
f 4/63/45 10/71/51 49/1259/333
f 4/63/45 49/1259/333 48/64/45
f 50/65/45 51/1260/45 4/63/45
s 6
f 52/68/47 47/61/43 5/66/46
f 5/66/46 2/52/47 40/67/47
s 5
f 41/70/50 8/55/39 4/63/48
f 4/63/48 51/1260/48 53/69/49
s 7
f 54/73/52 49/1259/333 10/71/51
f 10/71/51 9/28/52 33/72/52
s 8
f 129/74/53 128/103/54 139/75/54
f 133/77/55 130/107/56 141/78/56
f 146/80/57 131/105/57 134/81/58
f 127/83/59 126/106/60 137/84/60
f 123/86/61 132/104/62 145/87/62
f 125/89/63 124/101/64 135/90/64
s 1
f 112/24/15 111/26/18 100/92/18
f 116/12/7 115/2/2 104/93/2
f 122/7/5 121/23/16 108/94/16
f 114/27/17 113/11/8 102/96/8
f 118/3/1 117/5/4 106/97/4
f 109/4/3 120/6/3 119/98/6
s 8
f 136/100/61 135/90/64 124/101/64
f 140/85/59 139/75/54 128/103/54
f 146/80/57 145/87/62 132/104/62
f 138/91/63 137/84/60 126/106/60
f 142/76/53 141/78/56 130/107/56
f 144/79/55 143/82/58 134/81/58
s 11
f 255/171/68 287/199/68 273/172/68
f 248/174/68 281/200/68 283/175/68
f 242/177/68 241/173/68 273/172/68
f 243/179/68 256/201/68 288/180/68
f 251/182/68 249/202/68 282/183/68
f 244/185/68 243/179/68 274/181/68
f 252/187/68 275/192/68 285/188/68
f 245/190/68 242/177/68 276/178/68
f 250/176/68 283/175/68 275/192/68
f 246/193/68 244/185/68 277/186/68
f 254/195/68 251/182/68 284/184/68
f 245/190/68 278/191/68 280/197/68
f 253/189/68 285/188/68 287/199/68
f 246/193/68 279/194/68 281/200/68
f 256/201/68 254/195/68 286/196/68
f 249/202/68 247/198/68 280/197/68
s 12
f 273/203/69 292/237/69 293/204/70
s 13
f 328/1261/334 264/1262/335 263/206/71
f 263/206/71 327/309/124 326/207/72
f 325/208/73 328/1261/334 263/206/71
s 12
f 274/209/74 300/238/74 301/210/65
f 276/205/70 293/204/70 294/212/75
f 277/211/65 301/210/65 302/214/76
f 278/213/75 294/212/75 295/216/77
f 281/218/78 279/215/76 302/214/76
f 280/217/77 295/216/77 296/220/79
f 281/218/78 303/219/78 304/222/80
f 282/221/79 296/220/79 297/224/81
f 275/226/34 290/229/34 289/227/82
f 283/223/80 304/222/80 290/229/34
f 286/230/83 284/225/81 297/224/81
f 287/232/84 285/228/82 289/227/82
f 286/230/83 298/231/83 299/234/85
f 273/203/69 287/1263/84 291/236/84
f 288/235/85 299/234/85 300/238/74
s 14
f 258/239/68 257/242/68 289/240/68
f 257/242/68 259/244/68 291/243/68
f 259/244/68 260/246/68 292/245/68
f 260/246/68 261/248/68 293/247/68
f 261/248/68 262/250/68 294/249/68
f 262/250/68 263/252/68 295/251/68
f 263/252/68 264/255/68 296/253/68
f 265/254/68 297/257/68 296/253/68
f 266/256/68 298/259/68 297/257/68
f 267/258/68 299/261/68 298/259/68
f 268/260/68 300/263/68 299/261/68
f 269/262/68 301/265/68 300/263/68
f 270/264/68 302/267/68 301/265/68
f 271/266/68 303/269/68 302/267/68
f 272/268/68 304/270/68 303/269/68
f 272/268/68 258/239/68 290/241/68
s 13
f 332/280/96 272/1264/336 271/271/86
f 271/271/86 331/1265/337 330/272/87
f 329/273/88 332/280/96 271/271/86
f 265/274/89 264/1262/335 328/1261/334
f 265/274/89 328/1261/334 333/275/90
f 334/276/91 335/1266/338 265/274/89
f 336/1267/339 339/285/101 257/277/92
s 0
f 258/278/137 338/1268/34 337/279/68
s 13
f 337/279/94 336/1267/339 257/277/92
f 340/281/97 338/1268/340 258/278/95
f 258/278/95 272/1264/336 332/280/96
f 342/283/99 266/1269/341 265/274/89
f 265/274/89 335/1266/338 341/282/98
f 343/1270/342 345/1271/343 259/284/100
f 259/284/100 257/277/92 339/285/101
f 344/286/102 343/1270/342 259/284/100
f 267/287/103 266/1269/341 342/283/99
f 346/288/104 347/1272/344 348/289/105
f 267/287/103 342/283/99 346/288/104
f 350/292/107 260/295/110 259/290/100
f 259/290/100 345/1273/343 349/291/106
f 351/294/109 352/299/114 268/293/108
f 268/293/108 267/287/103 348/289/105
f 354/297/112 261/301/116 260/295/110
f 260/295/110 350/292/107 353/296/111
f 355/300/115 356/305/120 269/298/113
f 269/298/113 268/293/108 352/299/114
f 358/303/118 262/307/122 261/301/116
f 261/301/116 354/297/112 357/302/117
f 359/306/121 360/310/125 270/304/119
f 270/304/119 269/298/113 356/305/120
f 327/309/124 263/206/71 262/307/122
f 262/307/122 358/303/118 361/308/123
f 362/311/126 331/1265/337 271/271/86
f 271/271/86 270/304/119 360/310/125
s 202
f 313/312/127 323/333/127 324/313/127
s 16
f 322/317/34 321/1274/34 320/1275/34
f 320/1275/34 319/1276/34 386/315/34
f 386/315/34 385/1277/34 315/1278/34
f 315/1278/34 316/325/34 324/316/34
f 324/316/34 323/1279/34 322/317/34
f 322/317/34 320/1275/34 386/315/34
f 386/315/34 315/1278/34 324/316/34
s 203
f 310/318/128 320/334/128 321/319/128
s 37
f 307/321/65 388/335/65 387/322/65
s 204
f 314/324/129 324/316/129 316/325/129
s 20
f 312/327/130 311/320/130 321/319/130
s 21
f 309/329/131 308/323/131 387/322/131
s 22
f 305/331/132 306/326/132 316/325/132
s 23
f 313/312/70 312/327/70 322/328/70
s 205
f 309/329/133 319/330/133 320/334/133
s 36
f 305/331/134 315/332/134 388/335/134
s 206
f 382/336/129 381/1280/129 364/337/129
s 27
f 379/339/127 381/1281/127 382/340/127
s 28
f 377/342/70 379/339/70 380/341/70
s 29
f 375/344/130 377/342/130 378/343/130
s 30
f 373/346/128 375/344/128 376/345/128
s 31
f 371/348/133 373/346/133 374/347/133
s 32
f 369/350/131 371/348/131 372/349/131
s 33
f 367/352/65 369/350/65 370/351/65
s 34
f 365/354/134 367/352/134 368/353/134
s 35
f 364/337/132 365/354/132 366/355/132
s 37
f 317/358/65 385/357/65 386/356/65
f 318/359/65 386/356/65 387/322/65
f 383/361/65 388/335/65 385/357/65
f 384/360/65 387/322/65 388/335/65
s 38
f 409/362/135 396/1282/135 394/363/136
s 39
f 406/367/137 411/378/137 413/1283/137
f 413/1283/137 412/1284/137 414/365/137
f 414/365/137 416/1285/137 415/1286/137
f 415/1286/137 408/1287/137 410/366/137
f 410/366/137 409/1288/137 405/1289/137
f 405/1289/137 407/1290/137 406/367/137
f 406/367/137 413/1283/137 414/365/137
f 414/365/137 415/1286/137 410/366/137
f 410/366/137 405/1289/137 406/367/137
s 40
f 402/368/138 397/1291/139 408/369/139
s 41
f 400/373/68 393/385/68 395/1292/68
f 395/1292/68 394/1293/68 396/371/68
f 396/371/68 398/1294/68 397/1291/68
f 397/1291/68 402/368/68 404/372/68
f 404/372/68 403/1295/68 399/1296/68
f 399/1296/68 401/1297/68 400/373/68
f 400/373/68 395/1292/68 396/371/68
f 396/371/68 397/1291/68 404/372/68
f 404/372/68 399/1296/68 400/373/68
s 42
f 399/374/140 403/383/141 414/375/141
s 43
f 400/373/142 401/1298/143 413/377/143
s 42
f 401/379/144 399/374/140 412/376/140
s 40
f 415/370/138 416/382/145 404/381/145
s 42
f 416/382/146 414/375/141 403/383/141
s 43
f 406/367/147 407/1299/148 395/384/148
s 38
f 407/386/149 405/364/136 394/363/136
s 40
f 408/369/139 397/1291/139 398/388/150
s 38
f 398/388/151 396/1282/135 409/362/135
s 43
f 411/378/142 406/367/147 393/385/147
s 44
f 484/390/81 483/393/152 430/391/152
f 483/393/152 485/395/153 431/394/153
f 485/395/153 486/397/65 432/396/65
f 486/397/65 487/399/154 433/398/154
f 487/399/154 488/401/155 434/400/155
f 488/401/155 489/1300/34 435/402/34
f 435/402/34 489/1300/34 490/403/156
f 436/404/156 490/403/156 491/405/157
f 491/405/157 492/1301/70 438/407/70
f 438/407/70 492/1301/70 493/408/158
s 45
f 427/410/154 505/1302/154 506/411/155
s 44
f 493/413/158 494/416/159 440/414/159
f 494/416/159 484/390/81 429/392/81
s 46
f 465/417/81 466/420/81 472/418/81
s 47
f 466/420/137 470/1303/137 473/421/137
s 207
f 468/422/68 465/417/68 471/419/68
s 49
f 466/420/70 465/417/70 468/424/70
s 50
f 469/426/160 467/1304/160 471/419/160
s 51
f 418/429/137 483/433/137 484/430/137
f 418/429/137 419/435/137 485/432/137
f 420/434/137 486/437/137 485/432/137
f 420/434/137 421/439/137 487/436/137
f 422/438/137 488/441/137 487/436/137
f 423/440/137 489/443/137 488/441/137
f 423/440/137 424/445/137 490/442/137
f 425/444/137 491/447/137 490/442/137
f 426/446/137 492/449/137 491/447/137
f 426/446/137 427/450/137 493/448/137
f 427/450/137 428/452/137 494/451/137
f 417/431/137 484/430/137 494/451/137
s 45
f 417/453/34 496/462/34 495/454/156
f 424/456/152 502/473/152 503/457/153
f 421/459/158 499/474/158 500/460/159
f 428/412/155 506/411/155 496/462/34
f 418/455/156 495/454/156 497/463/157
f 425/458/153 503/457/153 504/465/65
f 422/461/159 500/460/159 501/467/81
f 419/464/157 497/463/157 498/469/70
f 426/466/65 504/465/65 505/471/154
f 423/468/81 501/467/81 502/473/152
f 420/470/70 498/469/70 499/474/158
s 52
f 589/475/137 590/478/137 580/476/137
s 208
f 590/478/70 607/1305/70 611/479/70
s 54
f 555/480/137 558/484/137 556/481/137
s 209
f 553/482/65 599/1306/65 602/483/65
s 210
f 558/484/70 603/1307/70 604/485/70
s 211
f 579/477/65 610/1308/65 600/486/65
s 58
f 617/487/161 627/491/161 626/488/162
f 617/487/161 619/494/163 628/490/163
f 615/489/162 626/488/162 625/492/164
f 619/494/163 621/514/165 629/495/165
s 59
f 630/496/137 636/1309/137 635/497/137
s 60
f 626/499/166 632/508/166 631/500/166
s 61
f 628/502/167 634/507/167 633/503/167
s 62
f 630/505/168 625/501/168 631/500/168
s 63
f 629/498/169 635/497/169 634/507/169
s 64
f 627/504/68 633/503/68 632/508/68
s 58
f 623/509/170 613/493/164 625/492/164
s 65
f 636/513/81 631/1310/81 632/511/81
f 632/511/81 633/1311/81 634/512/81
f 634/512/81 635/1312/81 636/513/81
s 58
f 623/509/170 630/510/170 629/495/165
s 66
f 732/515/171 747/539/171 750/516/172
f 726/518/173 741/1313/173 746/519/174
f 730/521/175 745/1314/175 748/522/176
f 738/524/177 753/544/177 756/525/178
f 734/527/179 749/545/179 752/528/180
f 740/530/181 755/1315/181 744/531/182
s 67
f 746/535/65 741/1316/65 742/1317/65
f 742/1317/65 743/1318/65 744/1319/65
f 744/1319/65 755/1320/65 756/1321/65
f 756/1321/65 753/1322/65 754/533/65
f 754/533/65 751/1323/65 752/1324/65
f 752/1324/65 749/1325/65 750/534/65
f 750/534/65 747/1326/65 748/1327/65
f 748/1327/65 745/1328/65 746/535/65
f 746/535/65 742/1317/65 744/1319/65
f 744/1319/65 756/1321/65 754/533/65
f 754/533/65 752/1324/65 750/534/65
f 750/534/65 748/1327/65 746/535/65
f 746/535/65 744/1319/65 754/533/65
s 66
f 736/536/183 751/1329/183 754/537/184
f 746/519/174 745/1314/175 730/521/175
f 732/515/171 731/523/176 748/522/176
f 744/531/182 743/1330/185 728/540/185
f 726/541/173 725/546/186 742/542/186
f 756/525/178 755/1315/181 740/530/181
f 752/528/180 751/1329/183 736/536/183
f 738/524/177 737/538/184 754/537/184
f 734/527/179 733/517/172 750/516/172
f 728/540/185 743/1330/185 742/542/186
s 68
f 795/547/187 794/1331/187 793/548/187
s 69
f 856/550/137 789/610/137 851/551/137
s 70
f 792/553/70 855/1332/70 857/554/70
s 71
f 794/556/65 789/610/65 790/557/65
s 69
f 790/557/137 789/610/137 856/550/137
s 73
f 791/560/68 853/1333/68 852/561/68
s 70
f 797/563/70 792/553/70 791/555/70
s 74
f 795/565/81 798/1334/81 791/560/81
s 75
f 795/547/188 796/549/188 800/566/189
s 74
f 802/568/81 798/1334/81 795/565/81
s 70
f 799/570/70 797/563/70 798/564/70
s 76
f 804/572/190 913/619/190 912/573/190
s 77
f 806/574/68 805/597/68 803/575/68
s 75
f 808/576/65 803/1335/65 805/577/65
f 800/566/189 808/1336/65 884/579/65
s 74
f 802/568/81 801/569/81 884/580/81
s 70
f 802/571/70 885/1337/70 807/582/70
s 78
f 817/583/81 825/607/81 823/584/81
s 79
f 813/588/70 806/574/70 885/1338/70
f 885/1338/70 886/1339/70 816/586/70
f 816/586/70 815/1340/70 812/587/70
f 812/587/70 814/1341/70 813/588/70
f 813/588/70 885/1338/70 816/586/70
s 78
f 815/589/81 817/583/81 810/585/81
s 80
f 813/588/191 814/593/191 811/591/191
s 81
f 814/593/192 812/590/192 810/585/192
s 82
f 815/589/193 816/595/193 818/594/193
s 83
f 816/595/194 886/1342/194 887/596/194
s 77
f 806/574/68 813/588/68 809/592/68
s 84
f 826/600/65 819/602/65 820/1343/65
f 820/1343/65 822/1344/65 821/598/65
f 821/598/65 823/1345/65 825/599/65
f 825/599/65 824/1346/65 826/600/65
f 826/600/65 820/1343/65 821/598/65
s 81
f 810/585/192 823/584/192 821/601/192
s 85
f 805/577/34 820/1343/34 819/602/34
s 83
f 887/596/194 826/606/194 824/603/194
s 80
f 811/591/191 821/601/191 822/604/191
s 86
f 884/605/137 819/1347/137 826/606/137
s 82
f 818/594/193 824/603/193 825/607/193
s 77
f 809/592/68 822/604/68 820/608/68
s 87
f 794/556/85 852/1348/85 851/609/85
s 70
f 857/554/70 858/1349/70 853/611/70
s 88
f 851/609/81 852/1348/81 853/612/81
f 853/612/81 858/1350/81 859/613/81
s 89
f 855/614/61 854/559/61 856/550/61
f 857/615/61 856/550/61 859/552/61
s 86
f 887/596/137 886/1342/137 885/617/137
s 212
f 915/618/70 914/621/70 912/573/70
s 91
f 885/620/81 806/1351/81 912/573/81
s 92
f 885/622/137 914/621/137 915/618/137
s 213
f 920/624/187 921/1352/187 922/625/187
s 94
f 983/627/137 986/692/137 978/628/137
s 95
f 984/630/70 982/1353/70 919/631/70
s 214
f 917/633/65 916/629/65 921/634/65
s 94
f 983/627/137 916/629/137 917/633/137
s 97
f 979/637/68 980/1354/68 918/638/68
s 95
f 918/632/70 919/631/70 924/640/70
s 98
f 922/642/34 921/639/34 918/638/34
s 99
f 927/644/189 923/626/188 922/625/188
s 98
f 922/642/34 925/643/34 929/646/34
s 95
f 925/641/70 924/640/70 926/648/70
s 215
f 1039/650/190 1040/1355/190 931/651/190
s 108
f 930/653/68 932/674/68 933/652/68
s 99
f 932/654/65 930/1356/65 935/655/65
f 1011/657/65 935/1357/65 927/644/189
s 98
f 929/646/34 1012/1358/34 1011/658/34
s 216
f 934/659/70 1012/1359/70 929/649/70
s 102
f 950/660/34 952/684/34 944/661/34
s 103
f 1012/665/70 933/652/70 940/668/70
f 940/668/70 941/1360/70 939/663/70
f 939/663/70 942/1361/70 943/664/70
f 943/664/70 1013/1362/70 1012/665/70
f 1012/665/70 940/668/70 939/663/70
s 102
f 942/666/34 939/1363/34 937/662/34
s 104
f 938/667/195 941/670/195 940/668/195
s 105
f 937/662/196 939/1363/196 941/670/196
s 106
f 945/671/197 943/673/197 942/666/197
s 107
f 1014/672/198 1013/1364/198 943/673/198
s 108
f 936/669/68 940/668/68 933/652/68
s 109
f 947/677/65 946/679/65 953/1365/65
f 953/1365/65 951/1366/65 952/675/65
f 952/675/65 950/1367/65 948/676/65
f 948/676/65 949/1368/65 947/677/65
f 947/677/65 953/1365/65 952/675/65
s 105
f 948/678/196 950/660/196 937/662/196
s 110
f 946/679/81 947/677/81 932/654/81
s 107
f 951/680/198 953/682/198 1014/672/198
s 104
f 949/681/195 948/678/195 938/667/195
s 111
f 953/682/137 946/1369/137 1011/683/137
s 106
f 952/684/197 951/680/197 945/671/197
s 108
f 947/685/68 949/681/68 936/669/68
s 112
f 978/686/78 979/1370/78 921/634/78
s 95
f 980/687/70 985/1371/70 984/630/70
s 113
f 980/689/34 979/1370/34 978/686/34
f 978/686/34 986/1372/34 985/688/34
s 217
f 983/627/61 981/636/61 982/690/61
s 114
f 986/692/61 983/627/61 984/691/61
s 111
f 1012/694/137 1013/1364/137 1014/672/137
s 115
f 1042/695/70 1040/1355/70 1039/650/70
s 116
f 1012/697/34 1041/696/34 1039/650/34
s 218
f 1042/695/137 1041/696/137 1012/699/137
s 219
f 1159/701/81 1162/705/81 1165/702/81
s 220
f 1160/704/199 1161/735/199 1162/705/199
s 121
f 1192/709/34 1182/1373/34 1183/710/34
s 120
f 1185/712/202 1182/733/219 1192/713/203
s 122
f 1166/715/204 1180/1374/204 1178/716/205
f 1170/717/206 1178/716/205 1179/718/207
f 1169/719/208 1179/718/207 1177/720/209
f 1173/722/211 1168/723/212 1171/721/210
f 1168/723/212 1173/722/211 1172/724/53
f 1163/726/213 1167/725/53 1172/724/53
f 1164/728/215 1163/726/213 1174/727/214
f 1165/730/217 1164/728/215 1176/729/216
s 120
f 1185/712/202 1187/1375/218 1188/732/218
s 123
f 1160/704/34 1184/1376/34 1181/734/34
s 221
f 1186/736/220 1185/744/220 1181/737/220
s 120
f 1181/739/221 1185/712/202 1196/714/203
s 222
f 1189/741/220 1188/1377/220 1187/742/220
s 223
f 1185/744/81 1186/736/81 1190/743/81
s 121
f 1182/745/34 1188/1377/34 1189/741/34
s 127
f 1166/747/223 1191/1378/345 1194/748/224
s 128
f 1232/750/81 1216/753/81 1285/751/81
s 129
f 1216/753/68 1218/772/68 1284/754/68
s 130
f 1226/756/65 1230/759/65 1233/757/65
f 1225/758/65 1229/761/65 1230/759/65
f 1224/760/65 1228/860/65 1229/761/65
f 1223/762/226 1227/777/226 1312/763/65
s 131
f 1290/765/70 1291/815/70 1274/766/227
s 128
f 1311/764/81 1224/760/81 1289/768/81
f 1224/760/81 1225/758/81 1288/770/81
f 1225/758/81 1226/756/81 1287/771/81
s 130
f 1232/750/65 1233/757/65 1218/772/65
s 128
f 1226/756/81 1232/750/81 1286/752/81
s 132
f 1275/773/228 1237/1379/228 1235/774/228
s 128
f 1223/762/81 1290/765/81 1273/767/81
f 1273/767/81 1272/1380/81 1235/776/81
s 130
f 1235/774/229 1237/1379/229 1227/777/226
s 133
f 1292/778/34 1241/784/34 1250/779/34
s 134
f 1240/781/137 1305/1381/137 1298/782/137
s 129
f 1284/754/68 1218/772/68 1241/784/68
s 130
f 1233/757/65 1230/759/65 1249/786/65
f 1230/759/65 1229/761/65 1248/787/65
f 1229/761/65 1228/860/65 1247/788/65
f 1312/763/65 1227/777/226 1246/789/226
s 131
f 1274/766/227 1291/815/70 1297/791/70
s 224
f 1313/793/34 1296/1382/34 1322/1383/34
s 225
f 1313/793/34 1322/1383/34 1321/794/81
s 133
f 1295/795/34 1248/787/34 1247/788/34
f 1294/797/34 1249/786/34 1248/787/34
s 130
f 1218/772/65 1233/757/65 1250/779/65
s 133
f 1293/780/34 1250/779/34 1249/786/34
s 130
f 1355/798/232 1405/937/233 1406/799/233
s 136
f 1277/802/34 1297/859/34 1246/789/34
f 1246/789/34 1252/1384/34 1276/801/34
s 130
f 1252/804/234 1246/789/226 1227/777/226
f 1227/777/226 1237/1379/229 1355/803/232
s 131
f 1277/806/227 1276/1385/235 1356/905/235
f 1275/773/235 1272/775/235 1273/1386/227
f 1277/806/227 1356/905/235 1275/773/235
f 1275/773/235 1273/1386/227 1274/805/227
f 1215/807/70 1285/751/70 1284/808/70
f 1219/810/70 1287/771/70 1286/752/70
f 1220/811/70 1288/770/70 1287/771/70
f 1221/812/70 1289/768/70 1288/770/70
f 1222/813/70 1290/765/70 1310/769/70
f 1222/813/70 1231/828/70 1291/815/70
f 1240/816/70 1217/809/70 1284/808/70
f 1242/818/70 1240/816/70 1293/819/70
f 1242/818/70 1294/820/70 1295/821/70
f 1243/822/70 1295/821/70 1296/823/70
f 1316/825/70 1244/824/70 1296/823/70
f 1245/827/70 1297/791/70 1291/815/70
s 137
f 1317/831/70 1318/849/70 1309/829/70
f 1304/830/70 1303/855/70 1317/831/70
s 134
f 1217/783/137 1298/782/137 1299/832/137
s 141
f 1242/834/81 1306/841/81 1305/835/81
s 140
f 1215/837/34 1299/1387/34 1300/838/34
s 141
f 1243/840/81 1307/845/81 1306/841/81
s 140
f 1219/839/34 1300/838/34 1301/842/34
s 141
f 1244/844/81 1308/857/81 1307/845/81
s 140
f 1220/843/34 1301/842/34 1302/846/34
s 141
f 1245/848/81 1309/829/81 1318/849/81
s 142
f 1221/847/34 1302/846/34 1317/831/34
s 143
f 1231/852/68 1304/830/68 1309/829/68
f 1222/854/68 1303/855/68 1304/830/68
s 142
f 1315/851/34 1317/831/34 1303/855/34
s 141
f 1316/850/81 1318/849/81 1308/857/81
s 131
f 1245/827/70 1316/825/70 1313/826/70
f 1315/814/70 1310/769/70 1289/768/70
s 136
f 1313/793/34 1314/790/34 1246/789/34
s 145
f 1228/860/137 1320/1388/137 1322/861/137
s 128
f 1223/762/81 1311/764/81 1310/769/81
s 146
f 1314/790/68 1321/1389/68 1319/862/68
s 130
f 1224/760/65 1311/764/65 1312/763/65
s 147
f 1340/865/81 1336/1390/81 1338/863/81
f 1338/863/81 1350/888/81 1341/864/81
s 148
f 1343/867/68 1339/1391/68 1341/864/68
f 1341/864/68 1350/888/68 1349/866/68
f 1349/866/68 1344/1392/68 1343/867/68
s 149
f 1337/870/137 1333/1393/137 1335/868/137
f 1335/868/137 1323/890/137 1324/869/137
f 1324/869/137 1338/863/137 1337/870/137
s 150
f 1324/871/65 1323/1394/65 1348/872/65
s 151
f 1334/875/34 1342/1395/34 1344/874/34
f 1344/874/34 1349/889/34 1335/868/34
s 147
f 1350/888/81 1338/863/81 1324/869/81
s 151
f 1349/889/34 1348/1396/34 1323/890/34
s 148
f 1349/866/68 1350/888/68 1347/873/68
s 226
f 1354/891/65 1352/896/65 1351/892/65
s 157
f 1352/896/68 1367/1397/68 1366/894/68
f 1366/894/68 1368/1398/68 1370/895/68
f 1370/895/68 1351/892/68 1352/896/68
s 158
f 1378/899/70 1345/1399/70 1346/897/70
f 1346/897/70 1373/1400/70 1372/898/70
f 1372/898/70 1375/1401/70 1378/899/70
s 159
f 1369/901/81 1371/1402/81 1374/900/81
f 1374/900/81 1353/1403/81 1351/892/81
f 1351/892/81 1370/895/81 1369/901/81
s 160
f 1360/902/81 1410/944/81 1408/903/81
s 132
f 1355/803/228 1237/1379/228 1275/773/228
s 136
f 1252/906/34 1406/938/34 1404/907/34
s 161
f 1356/909/81 1403/940/81 1405/910/81
s 162
f 1276/912/240 1404/934/240 1403/913/240
s 227
f 1352/896/34 1354/1404/34 1377/915/34
s 163
f 1377/915/34 1376/1405/34 1365/916/34
f 1365/916/34 1367/1397/34 1352/896/34
s 164
f 1327/917/70 1388/929/70 1387/918/70
f 1331/920/70 1390/930/70 1389/921/70
f 1330/923/70 1329/931/70 1392/924/70
f 1326/926/70 1325/932/70 1394/927/70
f 1326/926/70 1393/928/70 1388/929/70
f 1328/919/70 1387/918/70 1390/930/70
f 1332/922/70 1389/921/70 1392/924/70
f 1325/932/70 1330/923/70 1391/925/70
s 165
f 1357/933/228 1403/913/228 1404/934/228
f 1359/936/228 1360/945/228 1406/799/228
f 1360/902/228 1358/904/228 1404/907/228
f 1359/939/228 1405/910/228 1403/940/228
s 166
f 1358/935/233 1408/903/233 1407/942/233
s 167
f 1359/939/34 1357/941/34 1407/942/34
s 168
f 1359/936/240 1409/943/240 1410/944/240
s 169
f 1424/948/60 1411/1406/60 1412/1407/60
f 1412/1407/60 1415/1408/60 1416/946/60
f 1416/946/60 1419/1409/60 1420/947/60
f 1420/947/60 1423/1410/60 1424/948/60
f 1424/948/60 1412/1407/60 1416/946/60
s 170
f 1430/949/241 1461/956/241 1460/950/242
s 171
f 1427/952/137 1459/1010/137 1462/953/241
s 170
f 1430/949/241 1432/960/243 1464/955/243
s 171
f 1431/957/244 1429/954/241 1462/953/241
s 170
f 1434/959/245 1466/1411/245 1464/955/243
s 172
f 1439/961/34 1501/1024/34 1502/962/34
s 173
f 1438/964/246 1440/970/247 1472/965/247
s 174
f 1471/967/81 1474/1412/81 1507/968/81
s 173
f 1440/970/247 1442/1030/248 1473/971/248
s 172
f 1435/972/34 1499/1023/34 1500/973/34
s 171
f 1441/963/249 1474/1039/249 1476/975/68
s 173
f 1475/977/68 1444/1031/68 1446/978/250
s 171
f 1443/976/68 1476/975/68 1478/980/250
s 173
f 1446/978/250 1448/985/53 1479/982/53
s 171
f 1445/981/250 1478/980/250 1480/983/53
s 173
f 1448/985/53 1450/989/251 1482/986/251
s 171
f 1449/987/251 1447/984/53 1480/983/53
s 173
f 1450/989/251 1452/1413/65 1484/990/65
s 171
f 1449/987/251 1481/988/251 1483/991/65
s 173
f 1484/990/65 1452/1413/65 1454/993/252
s 171
f 1451/992/65 1483/991/65 1485/995/252
s 173
f 1456/997/58 1488/1004/58 1486/994/252
s 171
f 1455/998/58 1453/996/252 1485/995/252
s 175
f 1450/1002/81 1448/1414/81 1446/1415/81
f 1446/1415/81 1444/1416/81 1442/1417/81
f 1442/1417/81 1440/1418/81 1438/1419/81
f 1436/1000/81 1434/1420/81 1432/1421/81
f 1442/1417/81 1438/1419/81 1436/1000/81
f 1450/1002/81 1446/1415/81 1442/1417/81
f 1454/1422/81 1452/1423/81 1450/1002/81
f 1458/1001/253 1456/1424/81 1454/1422/81
f 1430/1425/81 1428/1426/258 1458/1001/253
f 1436/1000/81 1432/1421/81 1430/1425/81
f 1450/1002/81 1442/1417/81 1436/1000/81
f 1458/1001/253 1454/1422/81 1450/1002/81
f 1436/1000/81 1430/1425/81 1458/1001/253
s 173
f 1456/997/58 1458/1427/254 1490/1003/254
s 171
f 1457/1005/255 1455/998/58 1487/999/58
s 176
f 1428/1007/256 1460/1034/256 1515/1008/256
s 171
f 1427/952/137 1457/1005/255 1489/1006/255
s 172
f 1455/1012/34 1457/1428/34 1427/1429/34
f 1427/1429/34 1429/1430/34 1431/1431/34
f 1431/1431/34 1433/1028/34 1435/972/34
f 1435/972/34 1437/974/34 1439/961/34
f 1439/961/34 1441/963/34 1443/1432/34
f 1443/1432/34 1445/1433/34 1447/1011/34
f 1447/1011/34 1449/1434/34 1451/1435/34
f 1451/1435/34 1453/1436/34 1455/1012/34
f 1455/1012/34 1427/1429/34 1431/1431/34
f 1431/1431/34 1435/972/34 1439/961/34
f 1439/961/34 1443/1432/34 1447/1011/34
f 1447/1011/34 1451/1435/34 1455/1012/34
f 1455/1012/34 1431/1431/34 1439/961/34
s 174
f 1463/958/81 1462/1437/81 1459/1438/81
f 1459/1438/81 1489/1439/81 1487/1440/81
f 1487/1440/81 1485/1441/81 1483/1442/81
f 1483/1442/81 1481/1443/81 1480/1013/81
f 1480/1013/81 1478/1444/81 1476/1445/81
f 1476/1445/81 1474/1412/81 1471/967/81
f 1471/967/81 1469/1017/81 1467/1019/81
f 1467/1019/81 1465/1025/81 1463/958/81
f 1463/958/81 1459/1438/81 1487/1440/81
f 1487/1440/81 1483/1442/81 1480/1013/81
f 1480/1013/81 1476/1445/81 1471/967/81
f 1471/967/81 1467/1019/81 1463/958/81
f 1463/958/81 1487/1440/81 1480/1013/81
s 177
f 1490/1446/346 1460/1447/260 1461/1014/34
f 1461/1014/34 1464/1448/34 1466/1449/34
f 1468/1450/34 1470/1451/34 1472/1452/34
f 1461/1014/34 1466/1449/34 1468/1450/34
f 1488/1453/34 1490/1446/346 1461/1014/34
f 1484/1016/34 1486/1454/34 1488/1453/34
f 1479/1455/34 1482/1456/34 1484/1016/34
f 1475/1015/34 1477/1457/34 1479/1455/34
f 1472/1452/34 1473/1458/34 1475/1015/34
f 1461/1014/34 1468/1450/34 1472/1452/34
f 1484/1016/34 1488/1453/34 1461/1014/34
f 1475/1015/34 1479/1455/34 1484/1016/34
f 1461/1014/34 1472/1452/34 1475/1015/34
s 174
f 1469/1017/81 1471/967/81 1506/969/81
f 1467/1019/81 1469/1017/81 1504/1018/81
s 228
f 1463/958/347 1508/1026/257 1497/1021/257
s 172
f 1435/972/34 1433/1028/34 1498/1022/34
f 1437/974/34 1500/973/34 1501/1024/34
s 174
f 1465/1025/81 1505/1027/81 1508/1026/81
f 1467/1019/81 1503/1020/81 1505/1027/81
s 172
f 1433/1028/34 1431/1431/34 1497/1029/34
s 173
f 1475/977/68 1473/971/248 1442/1030/248
s 229
f 1428/1007/348 1513/1009/349 1514/1032/350
s 177
f 1460/1034/260 1490/1037/346 1516/1035/261
s 230
f 1458/1036/263 1514/1459/263 1516/1035/263
s 231
f 1441/963/351 1502/962/264 1507/1038/264
s 179
f 1320/1040/34 1228/1460/34 1312/1041/34
s 180
f 1320/1040/65 1319/1042/65 1321/1043/65
s 127
f 1195/1056/270 1194/1461/224 1191/1462/345
f 1196/1055/270 1192/709/270 1193/711/270
f 1195/1056/270 1191/1462/345 1196/1055/270
s 181
f 1610/1058/81 1612/1061/271 1607/1059/271
f 1612/1061/271 1613/1063/272 1606/1062/272
f 1613/1063/272 1614/1463/273 1605/1064/273
f 1605/1064/273 1614/1463/273 1616/1065/274
f 1616/1065/274 1618/1464/275 1603/1067/275
f 1603/1067/275 1618/1464/275 1619/1068/276
f 1602/1069/276 1619/1068/276 1620/1070/277
f 1620/1072/277 1622/1075/34 1600/1073/34
f 1622/1075/34 1624/1465/278 1599/1076/278
f 1599/1076/278 1624/1465/278 1625/1077/279
f 1625/1077/279 1626/1080/280 1597/1079/280
f 1626/1080/280 1628/1082/281 1596/1081/281
f 1628/1082/281 1630/1466/282 1595/1083/282
f 1595/1083/282 1630/1466/282 1631/1084/283
s 182
f 1613/1088/284 1612/1467/284 1610/1468/284
f 1610/1468/284 1632/1469/284 1631/1470/284
f 1631/1470/284 1630/1471/284 1628/1472/284
f 1628/1472/284 1626/1473/284 1625/1086/284
f 1625/1086/284 1624/1474/284 1622/1475/284
f 1622/1475/284 1620/1476/284 1619/1087/284
f 1619/1087/284 1618/1477/352 1616/1478/352
f 1616/1478/352 1614/1479/352 1613/1088/284
f 1613/1088/284 1610/1468/284 1631/1470/284
f 1631/1470/284 1628/1472/284 1625/1086/284
f 1625/1086/284 1622/1475/284 1619/1087/284
f 1619/1087/284 1616/1478/352 1613/1088/284
f 1613/1088/284 1631/1470/284 1625/1086/284
s 181
f 1631/1084/283 1632/1480/285 1593/1089/285
f 1593/1089/285 1632/1480/285 1610/1058/81
s 183
f 1562/1092/286 1561/1481/286 1576/1482/286
f 1576/1482/286 1575/1483/286 1574/1484/286
f 1574/1484/286 1573/1485/286 1572/1486/286
f 1572/1486/286 1571/1487/286 1570/1090/286
f 1570/1090/286 1569/1488/286 1568/1489/286
f 1568/1489/286 1567/1490/286 1566/1091/286
f 1566/1091/286 1565/1491/353 1564/1492/286
f 1564/1492/286 1563/1493/353 1562/1092/286
f 1562/1092/286 1576/1482/286 1574/1484/286
f 1574/1484/286 1572/1486/286 1570/1090/286
f 1570/1090/286 1568/1489/286 1566/1091/286
f 1566/1091/286 1564/1492/286 1562/1092/286
f 1562/1092/286 1574/1484/286 1570/1090/286
s 184
f 1658/1093/287 1660/1119/288 1738/1094/288
f 1739/1096/289 1662/1120/289 1664/1097/290
f 1740/1098/290 1664/1097/290 1666/1099/291
f 1666/1101/291 1668/1104/293 1744/1102/293
f 1668/1104/293 1670/1112/294 1745/1105/294
f 1698/1106/295 1697/1182/294 1729/1107/294
f 1742/1109/296 1678/1157/296 1680/1110/297
f 1670/1112/294 1781/1112/294 1782/1113/295
f 1688/1114/298 1658/1093/287 1737/1095/287
s 185
f 1683/1118/60 1685/1141/60 1687/1144/60
f 1687/1144/60 1657/1147/60 1659/1494/60
f 1659/1494/60 1661/1121/60 1663/1125/60
f 1663/1125/60 1665/1127/60 1667/1116/60
f 1667/1116/60 1669/1128/60 1671/1132/60
f 1671/1132/60 1673/1133/60 1675/1117/60
f 1675/1117/60 1677/1136/60 1679/1137/60
f 1679/1137/60 1681/1139/60 1683/1118/60
f 1683/1118/60 1687/1144/60 1659/1494/60
f 1659/1494/60 1663/1125/60 1667/1116/60
f 1667/1116/60 1671/1132/60 1675/1117/60
f 1675/1117/60 1679/1137/60 1683/1118/60
f 1683/1118/60 1659/1494/60 1667/1116/60
s 184
f 1739/1096/289 1738/1094/288 1660/1119/288
s 185
f 1661/1121/60 1659/1494/60 1692/1122/60
f 1661/1121/60 1693/1123/60 1694/1124/60
f 1663/1125/60 1694/1124/60 1695/1126/60
f 1669/1128/60 1667/1116/60 1696/1129/60
f 1669/1128/60 1697/1130/60 1698/1131/60
f 1673/1133/60 1671/1132/60 1698/1131/60
f 1675/1117/60 1700/1495/60 1701/1135/60
f 1679/1137/60 1677/1136/60 1701/1135/60
f 1681/1139/60 1679/1137/60 1702/1138/60
f 1685/1141/60 1683/1118/60 1704/1142/60
f 1687/1144/60 1685/1141/60 1705/1143/60
f 1687/1144/60 1706/1145/60 1691/1146/60
s 184
f 1747/1148/299 1686/1150/299 1688/1114/298
f 1748/1149/300 1684/1156/304 1686/1150/299
f 1743/1151/301 1751/1158/302 1674/1152/302
f 1749/1111/297 1680/1110/297 1682/1154/303
f 1748/1149/300 1750/1155/303 1682/1154/303
f 1742/1109/296 1743/1151/301 1676/1153/301
f 1751/1158/302 1752/1159/295 1672/1113/295
f 1745/1105/294 1670/1112/294 1672/1113/295
f 1699/1160/305 1698/1106/295 1736/1108/295
f 1701/1162/296 1700/1170/308 1727/1163/301
f 1704/1165/306 1703/1169/307 1734/1166/303
f 1702/1168/297 1733/1180/297 1734/1166/303
f 1700/1170/308 1699/1160/305 1735/1161/302
f 1704/1165/306 1732/1167/300 1731/1171/299
f 1705/1172/299 1731/1171/299 1730/1173/298
f 1692/1175/309 1689/1190/288 1723/1176/289
f 1706/1174/298 1730/1173/298 1690/1178/287
f 1701/1162/296 1726/1164/296 1733/1180/297
f 1728/1181/293 1729/1107/294 1697/1182/294
f 1725/1184/292 1728/1181/293 1696/1183/311
f 1694/1186/290 1724/1189/290 1725/1187/292
f 1693/1177/289 1723/1176/289 1724/1189/290
f 1691/1179/310 1690/1178/287 1689/1190/288
f 1761/1191/312 1759/1496/354 1736/1108/295
f 1736/1108/295 1729/1107/294 1745/1105/294
f 1745/1105/294 1752/1159/295 1761/1191/312
f 1736/1108/295 1759/1496/354 1760/1192/305
f 1727/1163/301 1743/1151/301 1742/1109/296
f 1734/1166/303 1750/1155/303 1748/1149/300
f 1733/1180/297 1749/1111/297 1750/1155/303
f 1751/1158/302 1743/1151/301 1727/1163/301
f 1727/1163/301 1735/1161/302 1760/1192/305
f 1762/1193/305 1751/1158/302 1727/1163/301
f 1726/1164/296 1742/1109/296 1749/1111/297
f 1764/1194/313 1766/1200/315 1744/1102/293
f 1744/1102/293 1745/1105/294 1729/1107/294
f 1729/1107/294 1728/1181/293 1764/1194/313
f 1725/1184/292 1763/1497/317 1764/1194/313
s 186
f 1759/1195/314 1761/1498/314 1769/1196/314
s 184
f 1761/1191/312 1752/1159/295 1751/1158/302
s 187
f 1761/1198/58 1762/1499/58 1770/1199/58
s 232
f 1766/1200/355 1765/1500/317 1741/1103/356
s 188
f 1767/1197/316 1769/1196/316 1770/1199/316
s 189
f 1771/1202/317 1772/1216/317 1773/1203/317
s 190
f 1764/1205/318 1771/1202/318 1774/1204/318
s 191
f 1763/1207/60 1772/1216/60 1771/1202/60
s 192
f 1760/1209/319 1768/1201/319 1770/1199/319
s 193
f 1759/1211/60 1767/1197/60 1768/1201/60
s 194
f 1766/1213/58 1774/1204/58 1773/1203/58
s 233
f 1765/1215/320 1773/1203/321 1772/1216/321
s 184
f 1678/1157/296 1785/1157/296 1786/1110/297
f 1686/1150/299 1796/1150/357 1795/1221/322
f 1797/1222/322 1798/1114/324 1688/1114/298
f 1688/1114/298 1686/1150/299 1795/1221/322
f 1666/1099/291 1664/1097/290 1778/1097/290
f 1672/1113/295 1782/1113/295 1783/1152/302
f 1682/1154/303 1680/1110/297 1786/1110/297
f 1660/1119/288 1658/1093/287 1775/1093/287
f 1666/1101/291 1779/1101/291 1780/1104/293
f 1676/1153/301 1674/1152/302 1783/1152/302
f 1684/1156/304 1682/1154/303 1787/1154/303
f 1660/1119/288 1776/1119/288 1777/1120/289
f 1670/1112/294 1668/1104/293 1780/1104/293
f 1676/1153/301 1784/1153/301 1785/1157/296
f 1796/1150/357 1686/1150/299 1684/1156/304
f 1788/1156/304 1791/1501/358 1799/1223/323
f 1799/1223/323 1796/1150/357 1684/1156/304
f 1792/1224/325 1775/1093/287 1658/1093/287
f 1658/1093/287 1688/1114/298 1798/1114/324
f 1800/1224/325 1792/1224/325 1658/1093/287
f 1662/1120/289 1777/1120/289 1778/1097/290
s 197
f 1789/1225/326 1795/1233/329 1796/1226/65
s 199
f 1791/1232/68 1793/1502/68 1790/1231/68
f 1790/1231/68 1789/1225/68 1799/1227/68
s 197
f 1795/1233/329 1789/1225/326 1790/1234/74
s 198
f 1800/1237/327 1798/1503/359 1797/1235/83
f 1797/1235/83 1790/1234/360 1793/1236/83
f 1793/1236/83 1794/1504/328 1800/1237/327
s 234
g Base_Rover_SpacialRoverExploreralumGray
usemtl SpacialRoverExploreralumGray
f 56/1505/137 57/1506/255 55/1507/137
f 57/1506/255 60/1508/58 59/1509/58
f 60/1508/58 61/1510/252 59/1509/58
f 62/1511/252 63/1512/65 61/1510/252
f 64/1513/65 65/1514/251 63/1515/65
f 66/1516/251 67/1517/53 65/1514/251
f 68/1518/53 69/1519/250 67/1517/53
f 70/1520/250 71/1521/68 69/1519/250
f 72/1522/68 73/1523/248 71/1521/68
f 74/1524/248 75/1525/60 73/1523/248
f 76/1526/60 77/1527/361 75/1525/60
f 78/1528/361 79/1529/70 77/1527/361
f 80/1530/70 81/1531/362 79/1529/70
f 82/1532/362 83/1533/61 81/1531/362
f 84/1534/61 85/1535/241 83/1533/61
f 86/1536/241 55/1507/137 85/1535/241
s 235
f 432/1537/137 449/1538/137 447/1539/137
f 440/1540/137 464/1541/137 463/1542/137
f 434/1543/137 449/1538/137 433/1544/137
f 435/1545/137 451/1546/137 434/1543/137
f 436/1547/137 453/1548/137 435/1545/137
f 436/1547/137 457/1549/137 455/1550/137
s 236
f 462/1551/159 464/1552/81 441/1553/81
f 461/1554/158 462/1551/159 460/1555/158
f 459/1556/70 460/1557/158 458/1558/70
f 456/1559/157 459/1556/70 458/1558/70
f 454/1560/156 457/1561/157 456/1559/157
f 453/1562/34 454/1560/156 452/1563/34
f 451/1564/155 452/1563/34 450/1565/155
f 449/1566/154 450/1565/155 448/1567/154
f 447/1568/65 448/1567/154 446/1569/65
f 445/1570/153 446/1569/65 444/1571/153
f 443/1572/152 444/1571/153 442/1573/152
f 441/1553/81 443/1572/152 442/1573/152
s 235
f 440/1540/137 461/1574/137 439/1575/137
f 432/1537/137 445/1576/137 431/1577/137
f 439/1575/137 459/1578/137 438/1579/137
f 430/1580/137 445/1576/137 443/1581/137
f 437/1582/137 459/1578/137 457/1549/137
f 429/1583/137 443/1581/137 464/1541/137
s 237
f 541/1584/81 585/1585/81 543/1586/81
s 238
f 536/1587/34 558/1588/34 534/1589/34
s 237
f 529/1590/81 551/1591/81 578/1592/81
s 238
f 542/1593/34 573/1594/34 570/1595/34
s 237
f 537/1596/81 581/1597/81 582/1598/81
s 238
f 530/1599/34 577/1600/34 527/1601/34
s 237
f 543/1586/81 586/1602/81 545/1603/81
s 238
f 538/1604/34 561/1605/34 536/1587/34
s 237
f 531/1606/81 578/1592/81 579/1607/81
s 238
f 544/1608/34 576/1609/34 573/1594/34
s 237
f 537/1596/81 583/1610/81 539/1611/81
s 238
f 532/1612/34 552/1613/34 530/1599/34
s 237
f 528/1614/81 586/1602/81 551/1591/81
s 238
f 538/1604/34 567/1615/34 564/1616/34
s 237
f 533/1617/81 579/1607/81 580/1618/81
s 238
f 527/1601/34 576/1609/34 546/1619/34
s 237
f 539/1611/81 584/1620/81 541/1584/81
s 238
f 534/1589/34 555/1621/34 532/1612/34
f 540/1622/34 570/1595/34 567/1615/34
s 237
f 535/1623/81 580/1618/81 581/1597/81
s 239
f 551/1624/363 587/1625/364 578/1626/364
s 240
f 553/1627/81 598/1628/81 599/1629/81
s 241
f 590/1630/34 606/1631/34 607/1632/34
s 242
f 591/1633/365 582/1634/366 581/1635/365
s 243
f 592/1636/367 583/1637/367 582/1634/367
s 244
f 593/1638/368 584/1639/368 583/1637/368
s 245
f 594/1640/68 585/1641/68 584/1639/68
s 246
f 585/1641/369 596/1642/369 586/1643/369
s 247
f 586/1643/370 588/1644/370 551/1624/370
s 240
f 556/1645/81 568/1646/81 574/1647/81
s 248
f 574/1648/370 577/1649/370 547/1650/370
s 249
f 573/1651/369 574/1648/369 571/1652/369
s 250
f 570/1653/68 571/1652/68 568/1654/68
s 251
f 567/1655/368 568/1654/368 565/1656/368
s 252
f 564/1657/367 565/1656/367 562/1658/367
s 253
f 561/1659/365 562/1658/366 559/1660/365
s 254
f 552/1661/364 598/1662/70 548/1663/364
f 577/1649/363 548/1663/364 547/1650/363
s 241
f 549/1664/34 588/1665/34 550/1666/34
f 549/1664/34 589/1667/34 587/1668/34
f 554/1669/34 590/1630/34 589/1667/34
f 560/1670/34 590/1630/34 557/1671/34
f 563/1672/34 591/1673/34 560/1670/34
f 566/1674/34 592/1675/34 563/1672/34
f 569/1676/34 593/1677/34 566/1674/34
f 569/1676/34 595/1678/34 594/1679/34
f 572/1680/34 596/1681/34 595/1678/34
f 550/1666/34 596/1681/34 575/1682/34
s 238
f 555/1621/34 597/1683/34 552/1613/34
s 242
f 581/1635/365 606/1684/65 591/1633/365
s 253
f 559/1660/365 608/1685/65 561/1659/365
s 241
f 589/1667/34 601/1686/34 587/1668/34
s 237
f 579/1607/81 609/1687/81 610/1688/81
s 238
f 558/1588/34 608/1689/34 603/1690/34
s 237
f 580/1618/81 612/1691/81 581/1597/81
s 239
f 587/1625/364 609/1692/70 578/1626/364
s 240
f 556/1645/81 605/1693/81 559/1694/81
s 255
f 758/1695/185 774/1696/186 759/1697/186
f 770/1698/177 788/1699/178 771/1700/178
f 766/1701/179 784/1702/180 767/1703/180
f 762/1704/175 780/1705/176 763/1706/176
s 256
f 727/1707/65 728/1708/65 775/1709/65
s 255
f 764/1710/171 782/1711/172 765/1712/172
f 760/1713/173 778/1714/174 761/1715/174
f 768/1716/183 786/1717/184 769/1718/184
f 772/1719/181 776/1720/182 757/1721/182
f 788/1699/178 772/1719/181 771/1700/178
f 758/1695/185 776/1720/182 775/1722/185
f 784/1702/180 768/1716/183 767/1703/180
f 770/1698/177 786/1717/184 785/1723/177
f 780/1705/176 764/1710/171 763/1706/176
f 766/1701/179 782/1711/172 781/1724/179
f 774/1696/186 760/1725/173 759/1697/186
f 762/1704/175 778/1714/174 777/1726/175
s 256
f 788/1727/65 739/1728/65 787/1729/65
f 739/1728/65 740/1730/65 787/1729/65
f 787/1729/65 727/1707/65 776/1731/65
f 784/1732/65 735/1733/65 736/1734/65
f 733/1735/65 734/1736/65 781/1737/65
f 784/1732/65 734/1736/65 735/1733/65
f 725/1738/65 726/1739/65 774/1740/65
f 734/1736/65 784/1732/65 781/1737/65
f 728/1708/65 774/1740/65 775/1709/65
f 783/1741/65 736/1734/65 737/1742/65
f 739/1728/65 788/1727/65 738/1743/65
f 778/1744/65 773/1745/65 729/1746/65
f 786/1747/65 738/1743/65 785/1748/65
f 729/1746/65 777/1749/65 778/1744/65
f 730/1750/65 777/1749/65 729/1746/65
f 786/1747/65 737/1742/65 738/1743/65
f 731/1751/65 780/1752/65 730/1750/65
f 786/1747/65 783/1741/65 737/1742/65
f 726/1739/65 773/1745/65 774/1740/65
f 773/1745/65 726/1739/65 729/1746/65
f 783/1741/65 784/1732/65 736/1734/65
f 732/1753/65 779/1754/65 731/1751/65
f 779/1754/65 780/1752/65 731/1751/65
f 733/1735/65 779/1754/65 732/1753/65
f 740/1730/65 727/1707/65 787/1729/65
f 788/1727/65 785/1748/65 738/1743/65
f 733/1735/65 781/1737/65 782/1755/65
f 780/1752/65 777/1749/65 730/1750/65
f 727/1707/65 775/1709/65 776/1731/65
f 779/1754/65 733/1735/65 782/1755/65
f 774/1740/65 728/1708/65 725/1738/65
s 257
f 828/1756/56 829/1757/56 827/1758/56
s 258
f 830/1759/53 831/1760/53 829/1757/53
s 259
f 832/1761/54 833/1762/54 831/1760/54
s 260
f 834/1763/59 835/1764/59 833/1762/59
s 261
f 836/1765/60 837/1766/60 835/1764/60
s 262
f 838/1767/63 839/1768/63 837/1766/63
s 263
f 840/1769/64 841/1770/64 839/1768/64
s 264
f 842/1771/61 843/1772/61 841/1770/61
s 265
f 844/1773/62 845/1774/62 843/1772/62
s 266
f 846/1775/57 847/1776/57 845/1774/57
s 267
f 848/1777/58 849/1778/58 847/1776/58
s 268
f 850/1779/55 827/1758/55 849/1780/55
s 269
f 833/1781/81 841/1782/81 849/1780/81
s 270
f 861/1783/56 862/1784/56 860/1785/56
s 271
f 863/1786/53 864/1787/53 862/1784/53
s 272
f 865/1788/54 866/1789/54 864/1787/54
s 273
f 867/1790/59 868/1791/59 866/1789/59
s 274
f 869/1792/60 870/1793/60 868/1791/60
s 275
f 871/1794/63 872/1795/63 870/1793/63
s 276
f 873/1796/64 874/1797/64 872/1795/64
s 277
f 875/1798/61 876/1799/61 874/1797/61
s 278
f 877/1800/62 878/1801/62 876/1799/62
s 279
f 879/1802/57 880/1803/57 878/1801/57
s 280
f 881/1804/58 882/1805/58 880/1803/58
s 281
f 883/1806/55 860/1785/55 882/1807/55
s 282
f 866/1808/81 874/1809/81 882/1807/81
s 283
f 889/1810/70 907/1811/70 894/1812/70
s 284
f 903/1813/137 900/1814/137 901/1815/137
s 285
f 895/1816/81 910/1817/81 897/1818/81
s 286
f 898/1819/65 901/1815/65 891/1820/65
s 287
f 892/1821/34 904/1822/34 888/1823/34
s 288
f 901/1815/76 893/1824/76 891/1820/76
s 289
f 902/1825/80 892/1821/80 893/1824/80
s 290
f 889/1810/69 905/1826/69 903/1827/69
s 291
f 890/1828/82 904/1822/82 905/1826/82
s 292
f 895/1816/79 908/1829/79 906/1830/79
s 293
f 896/1831/75 907/1811/75 908/1829/75
s 294
f 898/1832/74 911/1833/74 909/1834/74
s 295
f 899/1835/83 910/1817/83 911/1833/83
s 296
f 956/1836/56 955/1837/56 954/1838/56
s 297
f 958/1839/53 957/1840/53 956/1836/53
s 298
f 960/1841/54 959/1842/54 958/1839/54
s 299
f 962/1843/59 961/1844/59 960/1841/59
s 300
f 964/1845/60 963/1846/60 962/1843/60
s 301
f 966/1847/63 965/1848/63 964/1845/63
s 302
f 968/1849/64 967/1850/64 966/1847/64
s 303
f 970/1851/61 969/1852/61 968/1849/61
s 304
f 972/1853/62 971/1854/62 970/1851/62
s 305
f 974/1855/57 973/1856/57 972/1853/57
s 306
f 976/1857/58 975/1858/58 974/1855/58
s 307
f 954/1838/55 977/1859/55 976/1860/55
s 308
f 960/1861/34 956/1862/34 972/1863/34
s 309
f 989/1864/56 988/1865/56 987/1866/56
s 310
f 991/1867/53 990/1868/53 989/1864/53
s 311
f 993/1869/54 992/1870/54 991/1867/54
s 312
f 995/1871/59 994/1872/59 993/1869/59
s 313
f 997/1873/60 996/1874/60 995/1871/60
s 314
f 999/1875/63 998/1876/63 997/1873/63
s 315
f 1001/1877/64 1000/1878/64 999/1875/64
s 316
f 1003/1879/61 1002/1880/61 1001/1877/61
s 317
f 1005/1881/62 1004/1882/62 1003/1879/62
s 318
f 1007/1883/57 1006/1884/57 1005/1881/57
s 319
f 1009/1885/58 1008/1886/58 1007/1883/58
s 320
f 987/1866/55 1010/1887/55 1009/1888/55
s 321
f 993/1889/34 989/1890/34 1005/1891/34
s 322
f 1034/1892/70 1016/1893/70 1021/1894/70
s 323
f 1030/1895/137 1028/1896/137 1027/1897/137
s 324
f 1037/1898/34 1022/1899/34 1024/1900/34
s 325
f 1028/1896/65 1025/1901/65 1018/1902/65
s 326
f 1031/1903/81 1019/1904/81 1015/1905/81
s 327
f 1020/1906/74 1028/1896/74 1018/1902/74
s 328
f 1019/1904/83 1029/1907/83 1020/1906/83
s 329
f 1032/1908/75 1016/1893/75 1030/1909/75
s 330
f 1031/1903/79 1017/1910/79 1032/1908/79
s 331
f 1035/1911/82 1022/1899/82 1033/1912/82
s 332
f 1034/1892/69 1023/1913/69 1035/1911/69
s 333
f 1038/1914/76 1025/1915/76 1036/1916/76
s 334
f 1037/1898/80 1026/1917/80 1038/1914/80
s 257
f 828/1756/56 830/1759/56 829/1757/56
s 258
f 830/1759/53 832/1761/53 831/1760/53
s 259
f 832/1761/54 834/1763/54 833/1762/54
s 260
f 834/1763/59 836/1765/59 835/1764/59
s 261
f 836/1765/60 838/1767/60 837/1766/60
s 262
f 838/1767/63 840/1769/63 839/1768/63
s 263
f 840/1769/64 842/1771/64 841/1770/64
s 264
f 842/1771/61 844/1773/61 843/1772/61
s 265
f 844/1773/62 846/1775/62 845/1774/62
s 266
f 846/1775/57 848/1777/57 847/1776/57
s 267
f 848/1777/58 850/1918/58 849/1778/58
s 268
f 850/1779/55 828/1756/55 827/1758/55
s 269
f 849/1780/81 827/1758/81 829/1919/81
f 829/1919/81 831/1920/81 833/1781/81
f 833/1781/81 835/1921/81 837/1922/81
f 837/1922/81 839/1923/81 841/1782/81
f 841/1782/81 843/1924/81 845/1925/81
f 845/1925/81 847/1926/81 841/1782/81
f 847/1926/81 849/1780/81 841/1782/81
f 849/1780/81 829/1919/81 833/1781/81
f 833/1781/81 837/1922/81 841/1782/81
s 270
f 861/1783/56 863/1786/56 862/1784/56
s 271
f 863/1786/53 865/1788/53 864/1787/53
s 272
f 865/1788/54 867/1790/54 866/1789/54
s 273
f 867/1790/59 869/1792/59 868/1791/59
s 274
f 869/1792/60 871/1794/60 870/1793/60
s 275
f 871/1794/63 873/1796/63 872/1795/63
s 276
f 873/1796/64 875/1798/64 874/1797/64
s 277
f 875/1798/61 877/1800/61 876/1799/61
s 278
f 877/1800/62 879/1802/62 878/1801/62
s 279
f 879/1802/57 881/1804/57 880/1803/57
s 280
f 881/1804/58 883/1927/58 882/1805/58
s 281
f 883/1806/55 861/1783/55 860/1785/55
s 282
f 882/1807/81 860/1785/81 862/1928/81
f 862/1928/81 864/1929/81 866/1808/81
f 866/1808/81 868/1930/81 870/1931/81
f 870/1931/81 872/1932/81 874/1809/81
f 874/1809/81 876/1933/81 878/1934/81
f 878/1934/81 880/1935/81 874/1809/81
f 880/1935/81 882/1807/81 874/1809/81
f 882/1807/81 862/1928/81 866/1808/81
f 866/1808/81 870/1931/81 874/1809/81
s 335
f 889/1810/70 903/1827/70 907/1811/70
s 284
f 907/1936/137 903/1813/137 901/1815/137
f 903/1813/137 905/1937/137 904/1938/137
f 900/1814/137 903/1813/137 904/1938/137
f 900/1814/137 902/1939/137 901/1815/137
f 901/1815/137 909/1940/137 907/1936/137
f 909/1940/137 911/1941/137 910/1942/137
f 907/1936/137 909/1940/137 906/1943/137
f 910/1942/137 906/1943/137 909/1940/137
f 906/1943/137 908/1944/137 907/1936/137
s 336
f 895/1816/81 906/1830/81 910/1817/81
s 337
f 898/1819/65 909/1940/65 901/1815/65
s 338
f 892/1821/34 900/1945/34 904/1822/34
s 288
f 901/1815/76 902/1825/76 893/1824/76
s 289
f 902/1825/80 900/1945/80 892/1821/80
s 290
f 889/1810/69 890/1828/69 905/1826/69
s 291
f 890/1828/82 888/1823/82 904/1822/82
s 292
f 895/1816/79 896/1831/79 908/1829/79
s 293
f 896/1831/75 894/1812/75 907/1811/75
s 294
f 898/1832/74 899/1835/74 911/1833/74
s 295
f 899/1835/83 897/1818/83 910/1817/83
s 339
f 956/1836/56 957/1840/56 955/1837/56
s 340
f 958/1839/53 959/1842/53 957/1840/53
s 341
f 960/1841/54 961/1844/54 959/1842/54
s 342
f 962/1843/59 963/1846/59 961/1844/59
s 343
f 964/1845/60 965/1848/60 963/1846/60
s 344
f 966/1847/63 967/1850/63 965/1848/63
s 345
f 968/1849/64 969/1852/64 967/1850/64
s 346
f 970/1851/61 971/1854/61 969/1852/61
s 347
f 972/1853/62 973/1856/62 971/1854/62
s 348
f 974/1855/57 975/1858/57 973/1856/57
s 349
f 976/1857/58 977/1946/58 975/1858/58
s 350
f 954/1838/55 955/1837/55 977/1859/55
s 308
f 956/1862/34 954/1838/34 976/1860/34
f 976/1860/34 974/1947/34 956/1862/34
f 974/1947/34 972/1863/34 956/1862/34
f 972/1863/34 970/1948/34 964/1949/34
f 970/1948/34 968/1950/34 964/1949/34
f 968/1950/34 966/1951/34 964/1949/34
f 964/1949/34 962/1952/34 960/1861/34
f 960/1861/34 958/1953/34 956/1862/34
f 964/1949/34 960/1861/34 972/1863/34
s 351
f 989/1864/56 990/1868/56 988/1865/56
s 352
f 991/1867/53 992/1870/53 990/1868/53
s 353
f 993/1869/54 994/1872/54 992/1870/54
s 354
f 995/1871/59 996/1874/59 994/1872/59
s 355
f 997/1873/60 998/1876/60 996/1874/60
s 356
f 999/1875/63 1000/1878/63 998/1876/63
s 357
f 1001/1877/64 1002/1880/64 1000/1878/64
s 358
f 1003/1879/61 1004/1882/61 1002/1880/61
s 359
f 1005/1881/62 1006/1884/62 1004/1882/62
s 360
f 1007/1883/57 1008/1886/57 1006/1884/57
s 361
f 1009/1885/58 1010/1954/58 1008/1886/58
s 362
f 987/1866/55 988/1865/55 1010/1887/55
s 321
f 989/1890/34 987/1866/34 1009/1888/34
f 1009/1888/34 1007/1955/34 989/1890/34
f 1007/1955/34 1005/1891/34 989/1890/34
f 1005/1891/34 1003/1956/34 997/1957/34
f 1003/1956/34 1001/1958/34 997/1957/34
f 1001/1958/34 999/1959/34 997/1957/34
f 997/1957/34 995/1960/34 993/1889/34
f 993/1889/34 991/1961/34 989/1890/34
f 997/1957/34 993/1889/34 1005/1891/34
s 322
f 1034/1892/70 1030/1909/70 1016/1893/70
s 323
f 1032/1962/137 1030/1895/137 1031/1963/137
f 1030/1895/137 1034/1964/137 1028/1896/137
f 1034/1964/137 1035/1965/137 1033/1966/137
f 1033/1966/137 1037/1967/137 1036/1968/137
f 1037/1967/137 1038/1969/137 1036/1968/137
f 1036/1968/137 1028/1896/137 1034/1964/137
f 1033/1966/137 1036/1968/137 1034/1964/137
f 1028/1896/137 1029/1970/137 1027/1897/137
f 1027/1897/137 1031/1963/137 1030/1895/137
s 324
f 1037/1898/34 1033/1912/34 1022/1899/34
s 325
f 1028/1896/65 1036/1968/65 1025/1901/65
s 326
f 1031/1903/81 1027/1971/81 1019/1904/81
s 363
f 1020/1906/74 1029/1907/74 1028/1896/74
s 364
f 1019/1904/83 1027/1971/83 1029/1907/83
s 365
f 1032/1908/75 1017/1910/75 1016/1893/75
s 366
f 1031/1903/79 1015/1905/79 1017/1910/79
s 367
f 1035/1911/82 1023/1913/82 1022/1899/82
s 368
f 1034/1892/69 1021/1894/69 1023/1913/69
s 369
f 1038/1914/76 1026/1917/76 1025/1915/76
s 370
f 1037/1898/80 1024/1900/80 1026/1917/80
s 371
f 1111/1972/371 1061/1973/372 1086/1974/373
f 1066/1975/374 1094/1976/375 1067/1977/376
f 1068/1978/377 1096/1979/378 1069/1980/379
f 1070/1981/380 1098/1982/381 1071/1983/382
f 1072/1984/383 1100/1985/384 1073/1986/385
f 1099/1987/386 1050/1988/81 1074/1989/387
f 1054/1990/81 1075/1991/388 1053/1992/81
f 1101/1993/389 1077/1994/390 1076/1995/391
f 1103/1996/392 1079/1997/393 1078/1998/394
f 1105/1999/395 1081/2000/396 1080/2001/397
f 1107/2002/398 1083/2003/399 1082/2004/400
f 1109/2005/401 1085/2006/402 1084/2007/403
s 372
f 1108/2008/404 1049/2009/405 1093/2010/406
s 371
f 1064/2011/407 1092/2012/408 1065/2013/409
f 1062/2014/410 1088/2015/411 1063/2016/412
s 373
f 1116/2017/81 1128/2018/81 1124/2019/81
s 371
f 1090/2020/413 1062/2014/410 1061/1973/372
f 1087/2021/414 1063/2016/412 1088/2015/411
f 1091/2022/415 1065/2013/409 1092/2012/408
f 1093/2023/416 1067/1977/376 1094/1976/375
f 1095/2024/417 1069/1980/379 1096/1979/378
f 1097/2025/418 1071/1983/382 1098/1982/381
f 1074/1989/387 1100/1985/384 1099/1987/386
f 1076/1995/391 1102/2026/419 1101/1993/389
f 1078/1998/394 1104/2027/420 1103/1996/392
f 1080/2001/397 1106/2028/421 1105/1999/395
f 1082/2004/400 1108/2029/422 1107/2002/398
f 1084/2007/403 1110/2030/423 1109/2005/401
f 1086/1974/373 1112/2031/424 1111/1972/371
s 374
f 1072/2032/425 1076/2033/426 1084/2034/427
s 375
f 1236/2035/428 1281/2036/429 1239/2037/429
s 376
f 1281/2036/235 1280/2038/235 1282/2039/235
s 377
f 1236/2040/81 1279/2041/81 1278/2042/81
s 375
f 1239/2037/429 1282/2039/428 1253/2043/428
s 378
f 1253/2044/34 1283/2045/34 1251/2046/34
s 379
f 1238/2047/430 1279/2041/430 1234/2048/430
f 1251/2049/430 1280/2038/430 1238/2047/430
s 175
f 1436/2050/81 1491/2051/81 1434/2052/81
f 1491/2051/81 1517/2053/81 1434/2052/81
s 177
f 1496/2054/34 1511/2055/34 1470/2056/34
f 1468/2057/34 1496/2054/34 1470/2056/34
f 1466/2058/34 1495/2059/34 1468/2057/34
s 175
f 1438/2060/81 1492/2061/81 1436/2050/81
s 380
f 1470/2056/65 1512/2062/65 1438/2060/65
s 175
f 1438/2060/81 1510/2063/81 1493/2064/81
s 381
f 1511/2065/68 1510/2063/68 1512/2062/68
s 382
f 1524/2066/81 1527/2067/81 1523/2068/81
s 383
f 1517/2053/137 1520/2069/137 1518/2070/137
s 384
f 1434/2052/65 1518/2071/65 1466/2058/65
s 177
f 1466/2058/34 1520/2072/34 1494/2073/34
s 385
f 1522/2074/137 1523/2068/137 1521/2075/137
s 386
f 1528/2076/68 1525/2077/68 1527/2067/68
s 387
f 1526/2078/34 1521/2075/34 1525/2079/34
s 388
f 1524/2080/65 1526/2078/65 1528/2081/65
s 234
f 56/1505/137 58/2082/255 57/1506/255
f 57/1506/255 58/2082/255 60/1508/58
f 60/1508/58 62/1511/252 61/1510/252
f 62/1511/252 64/2083/65 63/1512/65
f 64/1513/65 66/1516/251 65/1514/251
f 66/1516/251 68/1518/53 67/1517/53
f 68/1518/53 70/1520/250 69/1519/250
f 70/1520/250 72/1522/68 71/1521/68
f 72/1522/68 74/1524/248 73/1523/248
f 74/1524/248 76/1526/60 75/1525/60
f 76/1526/60 78/1528/361 77/1527/361
f 78/1528/361 80/1530/70 79/1529/70
f 80/1530/70 82/1532/362 81/1531/362
f 82/1532/362 84/1534/61 83/1533/61
f 84/1534/61 86/1536/241 85/1535/241
f 86/1536/241 56/1505/137 55/1507/137
s 235
f 432/1537/137 433/1544/137 449/1538/137
f 440/1540/137 429/1583/137 464/1541/137
f 434/1543/137 451/1546/137 449/1538/137
f 435/1545/137 453/1548/137 451/1546/137
f 436/1547/137 455/1550/137 453/1548/137
f 436/1547/137 437/1582/137 457/1549/137
s 236
f 462/1551/159 463/2084/159 464/1552/81
f 461/1554/158 463/2084/159 462/1551/159
f 459/1556/70 461/2085/158 460/1557/158
f 456/1559/157 457/1561/157 459/1556/70
f 454/1560/156 455/2086/156 457/1561/157
f 453/1562/34 455/2086/156 454/1560/156
f 451/1564/155 453/1562/34 452/1563/34
f 449/1566/154 451/1564/155 450/1565/155
f 447/1568/65 449/1566/154 448/1567/154
f 445/1570/153 447/1568/65 446/1569/65
f 443/1572/152 445/1570/153 444/1571/153
f 441/1553/81 464/1552/81 443/1572/152
s 235
f 440/1540/137 463/1542/137 461/1574/137
f 432/1537/137 447/1539/137 445/1576/137
f 439/1575/137 461/1574/137 459/1578/137
f 430/1580/137 431/1577/137 445/1576/137
f 437/1582/137 438/1579/137 459/1578/137
f 429/1583/137 430/1580/137 443/1581/137
s 237
f 541/1584/81 584/1620/81 585/1585/81
s 238
f 536/1587/34 561/1605/34 558/1588/34
s 237
f 529/1590/81 528/1614/81 551/1591/81
s 238
f 542/1593/34 544/1608/34 573/1594/34
s 237
f 537/1596/81 535/1623/81 581/1597/81
s 238
f 530/1599/34 552/1613/34 577/1600/34
s 237
f 543/1586/81 585/1585/81 586/1602/81
s 238
f 538/1604/34 564/1616/34 561/1605/34
s 237
f 531/1606/81 529/1590/81 578/1592/81
s 238
f 544/1608/34 546/1619/34 576/1609/34
s 237
f 537/1596/81 582/1598/81 583/1610/81
s 238
f 532/1612/34 555/1621/34 552/1613/34
s 237
f 528/1614/81 545/1603/81 586/1602/81
s 238
f 538/1604/34 540/1622/34 567/1615/34
s 237
f 533/1617/81 531/1606/81 579/1607/81
s 238
f 527/1601/34 577/1600/34 576/1609/34
s 237
f 539/1611/81 583/1610/81 584/1620/81
s 238
f 534/1589/34 558/1588/34 555/1621/34
f 540/1622/34 542/1593/34 570/1595/34
s 237
f 535/1623/81 533/1617/81 580/1618/81
s 239
f 551/1624/363 588/1644/363 587/1625/364
s 240
f 553/1627/81 548/2087/81 598/1628/81
s 241
f 590/1630/34 591/1673/34 606/1631/34
s 242
f 591/1633/365 592/1636/366 582/1634/366
s 243
f 592/1636/367 593/1638/367 583/1637/367
s 244
f 593/1638/368 594/1640/368 584/1639/368
s 245
f 594/1640/68 595/2088/68 585/1641/68
s 246
f 585/1641/369 595/2088/369 596/1642/369
s 247
f 586/1643/370 596/1642/370 588/1644/370
s 240
f 574/1647/81 547/2089/81 548/2087/81
f 548/2087/81 553/1627/81 556/1645/81
f 556/1645/81 559/1694/81 562/2090/81
f 562/2090/81 565/2091/81 568/1646/81
f 568/1646/81 571/2092/81 574/1647/81
f 574/1647/81 548/2087/81 556/1645/81
f 556/1645/81 562/2090/81 568/1646/81
s 248
f 574/1648/370 576/2093/370 577/1649/370
s 249
f 573/1651/369 576/2093/369 574/1648/369
s 250
f 570/1653/68 573/1651/68 571/1652/68
s 251
f 567/1655/368 570/1653/368 568/1654/368
s 252
f 564/1657/367 567/1655/367 565/1656/367
s 253
f 561/1659/365 564/1657/366 562/1658/366
s 389
f 552/1661/431 597/2094/70 598/1662/70
s 254
f 577/1649/363 552/1661/364 548/1663/364
s 241
f 549/1664/34 587/1668/34 588/1665/34
f 549/1664/34 554/1669/34 589/1667/34
f 554/1669/34 557/1671/34 590/1630/34
f 560/1670/34 591/1673/34 590/1630/34
f 563/1672/34 592/1675/34 591/1673/34
f 566/1674/34 593/1677/34 592/1675/34
f 569/1676/34 594/1679/34 593/1677/34
f 569/1676/34 572/1680/34 595/1678/34
f 572/1680/34 575/1682/34 596/1681/34
f 550/1666/34 588/1665/34 596/1681/34
s 390
f 555/1621/34 602/2095/34 597/1683/34
s 391
f 581/1635/432 612/2096/65 606/1684/65
s 392
f 559/1660/432 605/2097/65 608/1685/65
s 393
f 589/1667/34 600/2098/34 601/1686/34
s 237
f 579/1607/81 578/1592/81 609/1687/81
s 238
f 558/1588/34 561/1605/34 608/1689/34
s 394
f 580/1618/81 611/2099/81 612/1691/81
s 395
f 587/1625/431 601/2100/70 609/1692/70
s 396
f 556/1645/81 604/2101/81 605/1693/81
s 255
f 758/1695/185 775/1722/185 774/1696/186
f 770/1698/177 785/1723/177 788/1699/178
f 766/1701/179 781/1724/179 784/1702/180
f 762/1704/175 777/1726/175 780/1705/176
f 764/1710/171 779/2102/171 782/1711/172
f 760/1713/173 773/2103/173 778/1714/174
f 768/1716/183 783/2104/183 786/1717/184
f 772/1719/181 787/2105/181 776/1720/182
f 788/1699/178 787/2105/181 772/1719/181
f 758/1695/185 757/1721/182 776/1720/182
f 784/1702/180 783/2104/183 768/1716/183
f 770/1698/177 769/1718/184 786/1717/184
f 780/1705/176 779/2102/171 764/1710/171
f 766/1701/179 765/1712/172 782/1711/172
f 774/1696/186 773/2106/173 760/1725/173
f 762/1704/175 761/1715/174 778/1714/174
s 371
f 1111/1972/371 1090/2020/413 1061/1973/372
f 1066/1975/374 1091/2022/415 1094/1976/375
f 1068/1978/377 1093/2023/416 1096/1979/378
f 1070/1981/380 1095/2024/417 1098/1982/381
f 1072/1984/383 1097/2025/418 1100/1985/384
f 1099/1987/386 1049/2107/81 1050/1988/81
f 1054/1990/81 1102/2026/419 1075/1991/388
f 1101/1993/389 1104/2027/420 1077/1994/390
f 1103/1996/392 1106/2028/421 1079/1997/393
f 1105/1999/395 1108/2029/422 1081/2000/396
f 1107/2002/398 1110/2030/423 1083/2003/399
f 1109/2005/401 1112/2031/424 1085/2006/402
s 372
f 1092/2108/433 1087/2109/434 1088/2110/433
f 1088/2110/433 1089/2111/433 1090/2112/433
f 1090/2112/433 1111/2113/435 1112/2114/433
f 1112/2114/433 1109/2115/436 1110/2116/433
f 1110/2116/433 1107/2117/437 1108/2008/404
f 1108/2008/404 1105/2118/433 1106/2119/438
f 1106/2119/438 1103/2120/439 1104/2121/440
f 1104/2121/440 1101/2122/441 1102/2123/441
f 1054/2124/442 1052/2125/81 1049/2009/405
f 1104/2121/440 1102/2123/441 1054/2124/442
f 1108/2008/404 1106/2119/438 1104/2121/440
f 1112/2114/433 1110/2116/433 1108/2008/404
f 1088/2110/433 1090/2112/433 1112/2114/433
f 1091/2126/433 1092/2108/433 1088/2110/433
f 1093/2010/406 1094/2127/443 1091/2126/433
f 1095/2128/444 1096/2129/433 1093/2010/406
f 1097/2130/445 1098/2131/446 1095/2128/444
f 1099/2132/447 1100/2133/448 1097/2130/445
f 1104/2121/440 1054/2124/442 1049/2009/405
f 1049/2009/405 1099/2132/447 1097/2130/445
f 1097/2130/445 1095/2128/444 1093/2010/406
f 1093/2010/406 1091/2126/433 1088/2110/433
f 1088/2110/433 1112/2114/433 1108/2008/404
f 1108/2008/404 1104/2121/440 1049/2009/405
f 1049/2009/405 1097/2130/445 1093/2010/406
f 1093/2010/406 1088/2110/433 1108/2008/404
s 371
f 1064/2011/407 1087/2021/414 1092/2012/408
f 1062/2014/410 1089/2134/449 1088/2015/411
s 373
f 1124/2019/81 1119/2135/81 1120/2136/81
f 1120/2136/81 1115/2137/81 1116/2017/81
f 1116/2017/81 1131/2138/81 1132/2139/81
f 1132/2139/81 1127/2140/81 1128/2018/81
f 1128/2018/81 1123/2141/81 1124/2019/81
f 1124/2019/81 1120/2136/81 1116/2017/81
f 1116/2017/81 1132/2139/81 1128/2018/81
s 371
f 1090/2020/413 1089/2134/449 1062/2014/410
f 1087/2021/414 1064/2011/407 1063/2016/412
f 1091/2022/415 1066/1975/374 1065/2013/409
f 1093/2023/416 1068/1978/377 1067/1977/376
f 1095/2024/417 1070/1981/380 1069/1980/379
f 1097/2025/418 1072/1984/383 1071/1983/382
f 1074/1989/387 1073/1986/385 1100/1985/384
f 1076/1995/391 1075/1991/388 1102/2026/419
f 1078/1998/394 1077/1994/390 1104/2027/420
f 1080/2001/397 1079/1997/393 1106/2028/421
f 1082/2004/400 1081/2000/396 1108/2029/422
f 1084/2007/403 1083/2003/399 1110/2030/423
f 1086/1974/373 1085/2006/402 1112/2031/424
s 374
f 1086/2142/450 1061/2143/451 1062/2144/450
f 1062/2144/450 1063/2145/452 1064/2146/453
f 1064/2146/453 1065/2147/454 1066/2148/450
f 1066/2148/450 1067/2149/450 1068/2150/455
f 1068/2150/455 1069/2151/450 1070/2152/456
f 1070/2152/456 1071/2153/457 1072/2032/425
f 1072/2032/425 1073/2154/458 1074/2155/458
f 1050/2156/459 1051/2157/34 1053/2158/460
f 1072/2032/425 1074/2155/458 1050/2156/459
f 1068/2150/455 1070/2152/456 1072/2032/425
f 1064/2146/453 1066/2148/450 1068/2150/455
f 1086/2142/450 1062/2144/450 1064/2146/453
f 1084/2034/427 1085/2159/450 1086/2142/450
f 1082/2160/450 1083/2161/450 1084/2034/427
f 1080/2162/461 1081/2163/450 1082/2160/450
f 1078/2164/462 1079/2165/450 1080/2162/461
f 1076/2033/426 1077/2166/463 1078/2164/462
f 1053/2158/460 1075/2167/464 1076/2033/426
f 1072/2032/425 1050/2156/459 1053/2158/460
f 1064/2146/453 1068/2150/455 1072/2032/425
f 1084/2034/427 1086/2142/450 1064/2146/453
f 1080/2162/461 1082/2160/450 1084/2034/427
f 1076/2033/426 1078/2164/462 1080/2162/461
f 1072/2032/425 1053/2158/460 1076/2033/426
f 1084/2034/427 1064/2146/453 1072/2032/425
f 1076/2033/426 1080/2162/461 1084/2034/427
s 397
f 1236/2035/429 1278/2042/429 1281/2036/429
s 376
f 1281/2036/235 1278/2042/235 1279/2041/235
f 1280/2038/235 1283/2045/235 1282/2039/235
f 1281/2036/235 1279/2041/235 1280/2038/235
s 377
f 1236/2040/81 1234/2168/81 1279/2041/81
s 375
f 1239/2037/429 1281/2036/429 1282/2039/428
s 398
f 1253/2044/34 1282/2039/34 1283/2045/34
s 379
f 1238/2047/430 1280/2038/430 1279/2041/430
s 399
f 1251/2049/430 1283/2045/430 1280/2038/430
s 175
f 1436/2050/81 1492/2061/81 1491/2051/81
f 1491/2051/81 1519/2169/81 1517/2053/81
s 177
f 1496/2054/34 1509/2170/34 1511/2055/34
f 1468/2057/34 1495/2059/34 1496/2054/34
f 1466/2058/34 1494/2073/34 1495/2059/34
s 175
f 1438/2060/81 1493/2064/81 1492/2061/81
s 380
f 1470/2056/65 1511/2055/65 1512/2062/65
s 175
f 1438/2060/81 1512/2062/81 1510/2063/81
s 400
f 1511/2065/68 1509/2171/68 1510/2063/68
s 382
f 1524/2066/81 1528/2076/81 1527/2067/81
s 401
f 1517/2053/137 1519/2169/137 1520/2069/137
s 384
f 1434/2052/65 1517/2053/65 1518/2071/65
s 177
f 1466/2058/34 1518/2071/34 1520/2072/34
s 385
f 1522/2074/137 1524/2066/137 1523/2068/137
s 386
f 1528/2076/68 1526/2172/68 1525/2077/68
s 387
f 1526/2078/34 1522/2074/34 1521/2075/34
s 388
f 1524/2080/65 1522/2074/65 1526/2078/65
s 402
g Base_Rover_SpacialRoverExploreralumBlack
usemtl SpacialRoverExploreralumBlack
f 148/2173/15 169/2174/465 157/2175/16
f 154/2176/1 172/2177/466 151/2178/2
f 156/2179/3 160/2180/467 153/2181/4
f 158/2182/5 175/2183/468 155/2184/6
s 403
f 160/2185/469 176/2186/470 89/2187/471
s 404
f 163/2188/472 173/2189/473 92/2190/474
s 405
f 172/2191/475 161/2192/476 96/2193/477
s 406
f 175/2194/478 170/2195/479 98/2196/480
s 407
f 169/2197/481 167/2198/482 97/2199/483
s 408
f 166/2200/484 164/2201/485 94/2202/486
s 409
f 2/2203/487 23/2204/488 13/2205/487
f 3/2206/489 19/2207/490 8/2208/490
s 410
f 24/2209/491 226/2210/491 29/2211/492
s 409
f 1/2212/493 17/2213/494 11/2214/493
f 9/2215/495 17/2213/494 7/2216/494
s 410
f 230/2217/496 26/2218/496 229/2219/497
s 409
f 3/2206/489 22/2220/498 18/2221/489
s 410
f 29/2211/492 235/2222/492 236/2223/499
f 229/2219/497 26/2218/496 224/2224/497
s 409
f 4/2225/500 19/2207/490 20/2226/500
f 4/2225/500 21/2227/501 10/2228/501
s 410
f 29/2211/492 236/2223/499 227/2229/499
s 409
f 9/2215/495 21/2227/501 16/2230/495
s 410
f 227/2229/499 228/2231/502 25/2232/502
f 15/2233/503 239/2234/503 240/2235/503
s 409
f 2/2203/487 22/2220/498 6/2236/498
s 410
f 223/2237/504 224/2224/497 12/2238/504
f 29/2211/492 227/2229/499 25/2232/502
s 409
f 1/2239/493 23/2204/488 5/2240/488
s 410
f 12/2238/504 28/2241/505 223/2237/504
s 411
f 27/2242/34 18/2243/35 22/2244/34
s 412
f 24/2245/40 19/2246/39 18/2243/40
s 413
f 20/2247/45 30/2248/51 21/2249/51
s 412
f 29/2250/39 20/2247/48 19/2246/39
s 414
f 17/2251/20 15/2252/19 28/2253/20
s 413
f 21/2249/51 15/2252/52 16/2254/52
s 415
f 12/2255/42 23/2256/46 11/2257/42
s 414
f 28/2253/20 11/2258/41 17/2251/20
s 415
f 26/2259/46 13/2260/47 23/2256/46
s 411
f 14/2261/36 22/2244/34 13/2260/36
s 416
f 186/2262/59 198/2263/60 183/2264/60
s 417
f 196/2265/34 180/2266/34 200/2267/34
s 416
f 188/2268/53 196/2269/54 185/2270/54
f 190/2271/55 194/2272/56 187/2273/56
f 182/2274/61 178/2275/62 191/2276/62
s 402
f 152/2277/7 163/2278/506 149/2279/8
s 418
f 94/2280/507 87/2281/507 97/2282/507
s 419
f 91/2283/65 88/2284/65 95/2285/65
s 420
f 96/2286/508 93/2287/508 92/2288/508
s 421
f 98/2289/81 90/2290/81 89/2291/81
s 422
f 92/2288/34 95/2292/34 94/2280/34
s 423
f 89/2291/509 91/2293/509 96/2286/509
s 424
f 98/2294/510 87/2281/510 88/2295/510
s 402
f 150/2296/17 166/2297/511 147/2298/18
s 416
f 184/2299/63 200/2300/64 181/2301/64
s 402
f 159/2302/512 160/2185/467 161/2192/513
f 162/2303/514 163/2188/506 164/2201/515
f 165/2304/516 166/2200/511 167/2198/517
f 168/2305/518 169/2197/465 170/2195/519
f 171/2306/520 172/2191/466 173/2189/521
f 174/2307/522 175/2194/468 176/2186/523
f 158/2182/5 169/2174/465 168/2308/518
f 156/2179/3 175/2309/468 174/2310/522
f 160/2180/467 154/2176/1 153/2181/4
f 163/2278/506 150/2296/17 149/2279/8
f 166/2297/511 148/2173/15 147/2298/18
f 172/2177/466 152/2277/7 151/2178/2
s 416
f 194/2272/56 188/2268/53 187/2273/56
f 198/2263/60 184/2299/63 183/2264/60
f 200/2300/64 182/2311/61 181/2301/64
f 192/2312/57 178/2275/62 177/2313/57
f 185/2270/54 195/2314/59 186/2262/59
f 190/2271/55 180/2315/58 179/2316/55
f 189/2317/58 177/2313/57 180/2315/58
s 410
f 237/2318/524 30/2319/524 228/2231/502
f 27/2320/525 231/2321/525 232/2322/525
f 27/2320/525 14/2323/526 222/2324/527
f 233/2325/528 234/2326/505 28/2241/505
f 240/2235/503 233/2325/528 28/2241/505
f 28/2241/505 15/2233/503 240/2235/503
f 237/2318/524 238/2327/529 30/2319/524
f 238/2327/529 239/2234/503 30/2319/524
f 28/2241/505 234/2326/505 223/2237/504
f 30/2319/524 239/2234/503 15/2233/503
f 230/2217/496 221/2328/526 26/2218/496
f 27/2320/525 232/2322/525 225/2329/530
f 226/2210/491 235/2222/492 29/2211/492
f 24/2209/491 225/2329/530 226/2210/491
f 222/2324/527 14/2323/526 221/2328/526
f 24/2209/491 27/2320/525 225/2329/530
f 231/2321/525 27/2320/525 222/2324/527
f 30/2319/524 25/2232/502 228/2231/502
f 224/2224/497 26/2218/496 12/2238/504
f 221/2328/526 14/2323/526 26/2218/496
s 425
f 383/2330/531 391/2331/531 384/2332/531
s 426
f 392/2333/65 390/2334/65 391/2331/65
s 427
f 384/2332/532 390/2335/532 318/2336/532
s 428
f 317/2337/533 392/2338/533 383/2339/533
s 429
f 318/2336/534 389/2340/534 317/2337/534
s 425
f 383/2330/531 392/2333/531 391/2331/531
s 426
f 392/2333/65 389/2341/65 390/2334/65
s 427
f 384/2332/532 391/2331/532 390/2335/532
s 428
f 317/2337/533 389/2340/533 392/2338/533
s 429
f 318/2336/534 390/2335/534 389/2340/534
s 430
f 505/2342/137 501/2343/137 497/2344/137
s 431
f 1048/2345/535 1058/2346/536 1047/2347/536
s 371
f 1046/2348/81 1050/2349/81 1049/2350/81
f 1043/2351/81 1051/2352/81 1050/2353/81
f 1046/2354/81 1052/2355/81 1047/2347/81
f 1045/2356/81 1051/2352/81 1044/2357/81
f 1048/2345/81 1052/2355/81 1054/2358/81
f 1048/2359/81 1053/2360/81 1045/2361/81
s 432
f 1058/2346/81 1059/2362/81 1057/2363/81
s 431
f 1047/2347/536 1055/2364/537 1046/2354/537
s 433
f 1046/2348/538 1056/2365/538 1043/2366/538
s 434
f 1045/2361/137 1060/2367/137 1048/2359/137
s 435
f 1044/2357/539 1059/2362/540 1045/2356/540
f 1043/2351/541 1057/2363/539 1044/2357/539
s 436
f 1131/2368/127 1113/2369/127 1130/2370/127
s 437
f 1123/2371/65 1125/2372/65 1122/2373/65
s 438
f 1127/2374/132 1129/2375/132 1126/2376/132
s 439
f 1119/2377/133 1121/2378/133 1118/2379/133
s 440
f 1115/2380/130 1117/2381/130 1114/2382/130
s 441
f 1116/2383/70 1114/2382/70 1113/2369/70
s 442
f 1118/2379/128 1120/2384/128 1119/2377/128
s 443
f 1122/2373/131 1124/2385/131 1123/2371/131
s 444
f 1126/2386/134 1128/2387/134 1127/2388/134
s 445
f 1130/2370/129 1132/2389/129 1131/2368/129
s 431
f 1048/2345/535 1060/2367/535 1058/2346/536
s 371
f 1046/2348/81 1043/2366/81 1050/2349/81
f 1043/2351/81 1044/2357/81 1051/2352/81
f 1046/2354/81 1049/2390/81 1052/2355/81
f 1045/2356/81 1053/2391/81 1051/2352/81
f 1048/2345/81 1047/2347/81 1052/2355/81
f 1048/2359/81 1054/2392/81 1053/2360/81
s 432
f 1057/2363/81 1056/2365/81 1058/2346/81
f 1056/2365/81 1055/2364/81 1058/2346/81
f 1058/2346/81 1060/2367/81 1059/2362/81
s 431
f 1047/2347/536 1058/2346/536 1055/2364/537
s 433
f 1046/2348/538 1055/2364/538 1056/2365/538
s 434
f 1045/2361/137 1059/2362/137 1060/2367/137
s 435
f 1044/2357/539 1057/2363/539 1059/2362/540
f 1043/2351/541 1056/2365/541 1057/2363/539
s 436
f 1131/2368/127 1116/2383/127 1113/2369/127
s 437
f 1123/2371/65 1128/2387/65 1125/2372/65
s 438
f 1127/2374/132 1132/2389/132 1129/2375/132
s 439
f 1119/2377/133 1124/2385/133 1121/2378/133
s 440
f 1115/2380/130 1120/2384/130 1117/2381/130
s 441
f 1116/2383/70 1115/2380/70 1114/2382/70
s 442
f 1118/2379/128 1117/2381/128 1120/2384/128
s 443
f 1122/2373/131 1121/2378/131 1124/2385/131
s 444
f 1126/2386/134 1125/2372/134 1128/2387/134
s 445
f 1130/2370/129 1129/2375/129 1132/2389/129
s 446
f 1140/2393/542 1138/2394/543 1139/2395/544
s 447
f 1144/2396/65 1137/2397/65 1140/2393/65
s 448
f 1150/2398/545 1157/2399/546 1149/2400/545
s 449
f 1141/2401/81 1140/2393/81 1139/2402/81
f 1135/2403/81 1141/2401/81 1134/2404/81
s 450
f 1136/2405/34 1142/2406/34 1143/2407/34
s 447
f 1135/2403/65 1143/2407/65 1144/2396/65
s 446
f 1152/2408/547 1148/2409/548 1151/2410/549
s 451
f 1145/2411/550 1158/2412/137 1153/2413/551
s 447
f 1143/2407/65 1147/2414/65 1137/2397/65
s 446
f 1137/2397/552 1148/2415/548 1138/2394/543
s 451
f 1142/2416/553 1146/2417/553 1143/2407/553
s 446
f 1147/2414/554 1151/2410/549 1148/2418/548
s 451
f 1145/2419/550 1157/2399/137 1158/2412/137
s 452
f 1153/2413/555 1155/2420/556 1152/2408/555
s 453
f 1133/2421/557 1135/2403/558 1134/2404/559
s 446
f 1150/2398/68 1148/2422/548 1156/2423/68
s 451
f 1149/2400/137 1157/2399/137 1145/2424/550
s 454
f 1151/2410/560 1153/2413/560 1152/2408/560
s 452
f 1158/2412/556 1156/2423/561 1155/2420/556
s 455
f 1151/2410/562 1146/2417/562 1154/2425/562
s 451
f 1153/2413/551 1154/2425/563 1145/2426/550
f 1146/2417/553 1145/2427/550 1154/2425/563
s 446
f 1156/2423/68 1148/2428/548 1155/2420/68
f 1152/2408/547 1155/2420/68 1148/2429/548
s 456
f 1260/2430/81 1257/2431/81 1256/2432/81
s 457
f 1267/2433/68 1261/2434/68 1260/2430/68
s 458
f 1254/2435/34 1265/2436/34 1266/2437/34
s 459
f 1256/2438/65 1266/2437/65 1267/2433/65
s 460
f 1264/2439/70 1255/2440/70 1261/2434/70
s 461
f 1270/2441/70 1263/2442/70 1258/2443/70
s 457
f 1265/2436/68 1262/2444/68 1259/2445/68
f 1266/2437/68 1259/2445/68 1258/2446/68
f 1267/2433/68 1258/2446/68 1263/2447/68
f 1264/2439/68 1263/2447/68 1262/2444/68
s 462
f 1268/2448/65 1259/2449/65 1262/2450/65
s 463
f 1271/2451/34 1262/2452/34 1263/2453/34
s 464
f 1269/2454/81 1258/2455/81 1259/2456/81
s 151
f 1342/2457/34 1394/2458/34 1391/2459/34
s 147
f 1336/879/81 1390/2460/81 1387/2461/81
s 148
f 1339/882/68 1392/2462/68 1389/2463/68
s 465
f 1328/2464/8 1396/2465/8 1327/2466/8
s 466
f 1387/2461/6 1337/880/6 1336/879/6
s 467
f 1389/2463/1 1340/883/1 1339/882/1
s 468
f 1391/2467/8 1343/886/8 1342/885/8
s 469
f 1334/877/15 1393/2468/15 1394/2458/15
s 149
f 1333/876/137 1388/2469/137 1393/2468/137
s 470
f 1397/2470/70 1399/2471/70 1401/2472/70
s 471
f 1325/2473/81 1399/2471/81 1330/2474/81
s 472
f 1331/2475/34 1395/2476/34 1328/2477/34
s 473
f 1326/2478/1 1402/2479/1 1325/2480/1
s 474
f 1332/2481/15 1398/2482/15 1331/2483/15
s 475
f 1329/2484/137 1397/2470/137 1332/2485/137
s 476
f 1327/2486/68 1401/2472/68 1326/2487/68
s 477
f 1330/2488/6 1400/2489/6 1329/2490/6
s 478
f 1410/944/228 1407/942/228 1408/903/228
s 479
f 1603/2491/564 1586/2492/565 1587/2493/564
f 1604/2494/566 1587/2493/564 1588/2495/566
f 1605/2496/567 1588/2495/566 1589/2497/567
f 1606/2498/568 1589/2497/567 1590/2499/569
f 1608/2500/570 1577/2501/571 1593/2502/571
f 1606/2498/568 1591/2503/572 1607/2504/572
f 1593/2502/571 1578/2505/573 1594/2506/573
f 1608/2500/570 1591/2503/572 1592/2507/570
s 480
f 1577/2508/285 1576/2509/81 1561/2510/285
f 1578/2511/283 1561/2510/285 1562/2512/283
f 1563/2513/282 1578/2511/283 1562/2512/283
f 1564/2514/281 1579/2515/282 1563/2513/282
f 1565/2516/280 1580/2517/281 1564/2514/281
f 1582/2518/279 1565/2516/280 1566/2519/279
f 1567/2520/278 1582/2518/279 1566/2519/279
f 1568/2521/34 1583/2522/278 1567/2520/278
f 1569/2523/277 1584/2524/34 1568/2521/34
f 1570/2525/276 1585/2526/277 1569/2527/277
f 1587/2528/275 1570/2525/276 1571/2529/275
f 1572/2530/274 1587/2528/275 1571/2529/275
f 1573/2531/273 1588/2532/274 1572/2530/274
f 1590/2533/272 1573/2531/273 1574/2534/272
f 1591/2535/271 1574/2534/272 1575/2536/271
f 1592/2537/81 1575/2536/271 1576/2509/81
s 479
f 1594/2506/573 1579/2538/574 1595/2539/574
f 1596/2540/575 1579/2538/574 1580/2541/575
f 1596/2540/575 1581/2542/576 1597/2543/576
f 1598/2544/577 1581/2542/576 1582/2545/577
f 1599/2546/578 1582/2545/577 1583/2547/578
f 1600/2548/579 1583/2547/578 1584/2549/579
f 1601/2550/580 1584/2549/579 1585/2551/580
f 1602/2552/565 1585/2551/580 1586/2492/565
s 481
f 1629/2553/581 1655/2554/581 1656/2555/581
s 482
f 1615/2556/582 1652/2557/582 1617/2558/582
s 483
f 1640/2559/582 1647/2560/582 1639/2561/582
s 484
f 1634/2562/583 1641/2563/583 1633/2564/583
s 485
f 1650/2565/584 1641/2566/584 1642/2567/584
s 486
f 1651/2568/584 1644/2569/584 1652/2570/584
s 487
f 1654/2571/584 1645/2572/584 1646/2573/584
s 488
f 1655/2554/584 1648/2574/584 1656/2575/353
s 489
f 1635/2576/81 1651/2568/81 1615/2556/81
s 490
f 1627/2577/34 1647/2578/34 1655/2554/34
s 491
f 1636/2579/585 1652/2557/585 1644/2580/585
s 492
f 1637/2581/586 1646/2582/586 1645/2583/586
s 493
f 1629/2553/587 1648/2584/587 1640/2559/587
s 494
f 1611/2585/586 1649/2586/586 1650/2587/586
s 495
f 1621/2588/583 1654/2589/583 1623/2590/583
s 496
f 1634/2562/588 1650/2587/588 1642/2591/588
s 497
f 1637/2592/274 1653/2593/274 1621/2588/274
s 498
f 1635/2594/581 1644/2580/581 1643/2595/581
s 499
f 1633/2596/281 1649/2586/281 1609/2597/281
s 500
f 1623/2590/589 1646/2582/589 1638/2598/589
s 479
f 1603/2491/564 1602/2552/565 1586/2492/565
f 1604/2494/566 1603/2491/564 1587/2493/564
f 1605/2496/567 1604/2494/566 1588/2495/566
f 1606/2498/568 1605/2496/567 1589/2497/567
f 1608/2500/570 1592/2507/570 1577/2501/571
f 1606/2498/568 1590/2499/569 1591/2503/572
f 1593/2502/571 1577/2501/571 1578/2505/573
f 1608/2500/570 1607/2504/572 1591/2503/572
s 480
f 1577/2508/285 1592/2537/81 1576/2509/81
f 1578/2511/283 1577/2508/285 1561/2510/285
f 1563/2513/282 1579/2515/282 1578/2511/283
f 1564/2514/281 1580/2517/281 1579/2515/282
f 1565/2516/280 1581/2599/280 1580/2517/281
f 1582/2518/279 1581/2599/280 1565/2516/280
f 1567/2520/278 1583/2522/278 1582/2518/279
f 1568/2521/34 1584/2524/34 1583/2522/278
f 1569/2523/277 1585/2600/277 1584/2524/34
f 1570/2525/276 1586/2601/276 1585/2526/277
f 1587/2528/275 1586/2601/276 1570/2525/276
f 1572/2530/274 1588/2532/274 1587/2528/275
f 1573/2531/273 1589/2602/273 1588/2532/274
f 1590/2533/272 1589/2602/273 1573/2531/273
f 1591/2535/271 1590/2533/272 1574/2534/272
f 1592/2537/81 1591/2535/271 1575/2536/271
s 479
f 1594/2506/573 1578/2505/573 1579/2538/574
f 1596/2540/575 1595/2539/574 1579/2538/574
f 1596/2540/575 1580/2541/575 1581/2542/576
f 1598/2544/577 1597/2543/576 1581/2542/576
f 1599/2546/578 1598/2544/577 1582/2545/577
f 1600/2548/579 1599/2546/578 1583/2547/578
f 1601/2550/580 1600/2548/579 1584/2549/579
f 1602/2552/565 1601/2550/580 1585/2551/580
s 481
f 1629/2553/581 1627/2577/581 1655/2554/581
s 501
f 1615/2556/582 1651/2568/582 1652/2557/582
s 502
f 1640/2559/582 1648/2584/582 1647/2560/582
s 503
f 1634/2562/583 1642/2591/583 1641/2563/583
s 485
f 1650/2565/584 1649/2586/584 1641/2566/584
s 486
f 1651/2568/584 1643/2603/584 1644/2569/584
s 487
f 1654/2571/584 1653/2593/584 1645/2572/584
s 488
f 1655/2554/584 1647/2578/584 1648/2574/584
s 504
f 1635/2576/81 1643/2603/81 1651/2568/81
s 490
f 1627/2577/34 1639/2604/34 1647/2578/34
s 491
f 1636/2579/585 1617/2558/585 1652/2557/585
s 492
f 1637/2581/586 1638/2598/586 1646/2582/586
s 505
f 1629/2553/587 1656/2555/587 1648/2584/587
s 494
f 1611/2585/586 1609/2597/586 1649/2586/586
s 506
f 1621/2588/583 1653/2593/583 1654/2589/583
s 496
f 1634/2562/588 1611/2585/588 1650/2587/588
s 507
f 1637/2592/274 1645/2572/274 1653/2593/274
s 498
f 1635/2594/581 1636/2579/581 1644/2580/581
s 508
f 1633/2596/281 1641/2566/281 1649/2586/281
s 509
f 1623/2590/589 1654/2589/589 1646/2582/589
s 402
f 148/2173/15 165/2605/516 169/2174/465
f 154/2176/1 159/2606/512 172/2177/466
f 156/2179/3 174/2310/522 160/2180/467
f 158/2182/5 168/2308/518 175/2183/468
s 403
f 89/2187/471 161/2192/590 160/2185/469
f 160/2185/469 174/2307/591 176/2186/470
f 176/2186/470 98/2607/592 89/2187/471
s 404
f 92/2190/474 164/2201/593 163/2188/472
f 163/2188/472 171/2306/472 173/2189/473
f 173/2189/473 96/2193/594 92/2190/474
s 405
f 96/2193/477 173/2189/595 172/2191/475
f 172/2191/475 159/2302/596 161/2192/476
f 161/2192/476 89/2187/597 96/2193/477
s 406
f 98/2196/480 176/2186/598 175/2194/478
f 175/2194/478 168/2305/478 170/2195/479
f 170/2195/479 97/2199/599 98/2196/480
s 407
f 97/2199/483 170/2195/600 169/2197/481
f 169/2197/481 165/2304/481 167/2198/482
f 167/2198/482 94/2202/601 97/2199/483
s 408
f 94/2202/486 167/2198/602 166/2200/484
f 166/2200/484 162/2303/603 164/2201/485
f 164/2201/485 92/2190/604 94/2202/486
s 409
f 2/2203/487 5/2240/488 23/2204/488
f 3/2206/489 18/2221/489 19/2207/490
f 1/2212/493 7/2216/494 17/2213/494
f 9/2215/495 16/2230/495 17/2213/494
f 3/2206/489 6/2236/498 22/2220/498
f 4/2225/500 8/2208/490 19/2207/490
f 4/2225/500 20/2226/500 21/2227/501
f 9/2215/495 10/2228/501 21/2227/501
f 2/2203/487 13/2205/487 22/2220/498
f 1/2239/493 11/2214/493 23/2204/488
s 411
f 27/2242/34 24/2245/35 18/2243/35
s 412
f 24/2245/40 29/2250/39 19/2246/39
s 413
f 20/2247/45 25/2608/45 30/2248/51
s 412
f 29/2250/39 25/2608/48 20/2247/48
s 414
f 17/2251/20 16/2254/19 15/2252/19
s 413
f 21/2249/51 30/2248/51 15/2252/52
s 415
f 12/2255/42 26/2259/46 23/2256/46
s 414
f 28/2253/20 12/2609/41 11/2258/41
s 415
f 26/2259/46 14/2261/47 13/2260/47
s 411
f 14/2261/36 27/2242/34 22/2244/34
s 416
f 186/2262/59 195/2314/59 198/2263/60
s 417
f 200/2267/34 197/2610/34 198/2611/34
f 198/2611/34 195/2612/34 196/2265/34
f 196/2265/34 193/2613/34 194/2614/34
f 194/2614/34 179/2615/34 180/2266/34
f 180/2266/34 177/2616/34 178/2617/34
f 178/2617/34 199/2618/34 200/2267/34
f 200/2267/34 198/2611/34 196/2265/34
f 196/2265/34 194/2614/34 180/2266/34
f 180/2266/34 178/2617/34 200/2267/34
s 416
f 188/2268/53 193/2619/53 196/2269/54
f 190/2271/55 179/2316/55 194/2272/56
f 182/2274/61 199/2620/61 178/2275/62
s 402
f 152/2277/7 171/2621/520 163/2278/506
s 418
f 94/2280/507 95/2292/507 87/2281/507
s 419
f 95/2285/65 93/2622/65 91/2283/65
f 91/2283/65 90/2623/65 88/2284/65
f 88/2284/65 87/2624/65 95/2285/65
s 420
f 96/2286/508 91/2293/508 93/2287/508
s 421
f 98/2289/81 88/2625/81 90/2290/81
s 422
f 92/2288/34 93/2287/34 95/2292/34
s 423
f 89/2291/509 90/2290/509 91/2293/509
s 424
f 98/2294/510 97/2282/510 87/2281/510
s 402
f 150/2296/17 162/2626/514 166/2297/511
s 416
f 184/2299/63 197/2627/63 200/2300/64
s 402
f 158/2182/5 157/2175/16 169/2174/465
f 156/2179/3 155/2628/6 175/2309/468
f 160/2180/467 159/2606/512 154/2176/1
f 163/2278/506 162/2626/514 150/2296/17
f 166/2297/511 165/2605/516 148/2173/15
f 172/2177/466 171/2621/520 152/2277/7
s 416
f 194/2272/56 193/2619/53 188/2268/53
f 198/2263/60 197/2627/63 184/2299/63
f 200/2300/64 199/2629/61 182/2311/61
f 192/2312/57 191/2276/62 178/2275/62
f 185/2270/54 196/2269/54 195/2314/59
f 190/2271/55 189/2317/58 180/2315/58
f 189/2317/58 192/2312/57 177/2313/57
s 430
f 497/2344/137 495/2630/137 496/2631/137
f 496/2631/137 506/2632/137 505/2342/137
f 505/2342/137 504/2633/137 503/2634/137
f 503/2634/137 502/2635/137 501/2343/137
f 501/2343/137 500/2636/137 499/2637/137
f 499/2637/137 498/2638/137 497/2344/137
f 497/2344/137 496/2631/137 505/2342/137
f 505/2342/137 503/2634/137 501/2343/137
f 501/2343/137 499/2637/137 497/2344/137
s 446
f 1140/2393/542 1137/2397/552 1138/2394/543
s 447
f 1144/2396/65 1143/2407/65 1137/2397/65
s 452
f 1150/2398/545 1156/2423/561 1157/2399/561
s 449
f 1141/2401/81 1144/2396/81 1140/2393/81
f 1135/2403/81 1144/2396/81 1141/2401/81
s 510
f 1136/2405/34 1133/2421/34 1142/2406/34
s 447
f 1135/2403/65 1136/2405/65 1143/2407/65
f 1143/2407/65 1146/2417/65 1147/2414/65
s 446
f 1137/2397/552 1147/2414/554 1148/2415/548
s 451
f 1142/2416/553 1145/2639/550 1146/2417/553
s 452
f 1153/2413/555 1158/2412/556 1155/2420/556
s 511
f 1133/2421/557 1136/2405/605 1135/2403/558
s 454
f 1151/2410/560 1154/2425/560 1153/2413/560
s 452
f 1158/2412/556 1157/2399/561 1156/2423/561
s 455
f 1151/2410/562 1147/2414/562 1146/2417/562
s 456
f 1260/2430/81 1261/2434/81 1257/2431/81
s 457
f 1267/2433/68 1264/2439/68 1261/2434/68
s 458
f 1254/2435/34 1255/2640/34 1265/2436/34
s 459
f 1267/2433/65 1260/2430/65 1256/2438/65
f 1256/2438/65 1254/2641/65 1266/2437/65
s 460
f 1264/2439/70 1265/2436/70 1255/2440/70
f 1255/2440/70 1257/2642/70 1261/2434/70
s 461
f 1270/2441/70 1271/2451/70 1263/2442/70
s 457
f 1265/2436/68 1264/2439/68 1262/2444/68
f 1266/2437/68 1265/2436/68 1259/2445/68
f 1267/2433/68 1266/2437/68 1258/2446/68
f 1264/2439/68 1267/2433/68 1263/2447/68
s 462
f 1268/2448/65 1269/2454/65 1259/2449/65
s 463
f 1271/2451/34 1268/2448/34 1262/2452/34
s 464
f 1269/2454/81 1270/2441/81 1258/2455/81
s 151
f 1342/2457/34 1334/877/34 1394/2458/34
s 147
f 1336/879/81 1340/883/81 1390/2460/81
s 148
f 1339/882/68 1343/886/68 1392/2462/68
s 465
f 1328/2464/8 1395/2476/8 1396/2465/8
s 466
f 1387/2461/6 1388/2469/6 1337/880/6
s 467
f 1389/2463/1 1390/2460/1 1340/883/1
s 468
f 1391/2467/8 1392/2462/8 1343/886/8
s 469
f 1334/877/15 1333/876/15 1393/2468/15
s 149
f 1333/876/137 1337/880/137 1388/2469/137
s 470
f 1401/2472/70 1396/2465/70 1395/2476/70
f 1395/2476/70 1398/2482/70 1397/2470/70
f 1397/2470/70 1400/2489/70 1399/2471/70
f 1399/2471/70 1402/2479/70 1401/2472/70
f 1401/2472/70 1395/2476/70 1397/2470/70
s 471
f 1325/2473/81 1402/2479/81 1399/2471/81
s 472
f 1331/2475/34 1398/2482/34 1395/2476/34
s 473
f 1326/2478/1 1401/2472/1 1402/2479/1
s 474
f 1332/2481/15 1397/2470/15 1398/2482/15
s 475
f 1329/2484/137 1400/2489/137 1397/2470/137
s 476
f 1327/2486/68 1396/2465/68 1401/2472/68
s 477
f 1330/2488/6 1399/2471/6 1400/2489/6
s 478
f 1410/944/228 1409/943/228 1407/942/228
s 512
g Base_Rover_SpacialRoverExploreralumOrange
usemtl SpacialRoverExploreralumOrange
f 478/2643/81 510/2644/81 477/2645/81
s 513
f 481/2646/606 521/2647/606 516/2648/606
s 514
f 514/2649/34 476/2650/34 475/2651/34
s 515
f 510/2644/65 511/2652/65 475/2653/65
s 516
f 478/2654/70 513/2655/70 512/2656/70
s 517
f 508/2657/137 517/2658/137 507/2659/137
f 481/2660/137 509/2661/137 482/2662/137
f 516/2663/137 511/2652/137 510/2644/137
f 518/2664/137 512/2656/137 513/2655/137
f 480/2665/137 514/2649/137 479/2666/137
f 517/2658/137 514/2649/137 511/2652/137
f 515/2667/137 509/2661/137 512/2656/137
s 518
f 519/2668/137 521/2647/137 520/2669/137
s 517
f 515/2667/137 507/2659/137 516/2663/137
s 519
f 515/2670/607 519/2668/607 482/2671/607
s 520
f 522/2672/137 524/2673/137 526/2674/137
s 521
f 517/2675/608 522/2672/608 526/2674/608
s 522
f 517/2676/606 524/2673/606 479/2677/606
s 523
f 480/2678/607 522/2672/607 518/2679/607
s 524
f 481/2680/608 519/2668/608 520/2669/608
s 525
f 516/2681/609 525/2682/609 515/2683/609
s 526
f 479/2684/609 523/2685/609 480/2686/609
s 527
f 614/2687/166 615/2688/166 613/2689/166
s 528
f 616/2690/68 617/2691/68 615/2688/68
s 529
f 618/2692/167 619/2693/167 617/2691/167
s 530
f 620/2694/169 621/2695/169 619/2693/169
s 531
f 614/2696/34 622/2697/34 618/2698/34
s 532
f 622/2699/137 623/2700/137 621/2695/137
s 533
f 624/2701/168 613/2689/168 623/2702/168
s 527
f 614/2687/166 616/2690/166 615/2688/166
s 528
f 616/2690/68 618/2692/68 617/2691/68
s 529
f 618/2692/167 620/2694/167 619/2693/167
s 530
f 620/2694/169 622/2699/169 621/2695/169
s 531
f 618/2698/34 616/2703/34 614/2696/34
f 614/2696/34 624/2704/34 622/2697/34
f 622/2697/34 620/2705/34 618/2698/34
s 532
f 622/2699/137 624/2706/137 623/2700/137
s 533
f 624/2701/168 614/2687/168 613/2689/168
s 159
f 1369/2707/81 1384/2708/81 1371/2709/81
s 163
f 1376/2710/34 1382/2711/34 1365/2712/34
s 157
f 1366/2713/68 1380/2714/68 1368/2715/68
s 534
f 1384/2716/70 1380/2714/70 1382/2717/70
s 535
f 1372/2718/137 1386/2719/137 1375/2720/137
s 536
f 1365/2712/610 1366/2713/610 1367/2721/610
s 537
f 1368/2722/611 1369/2707/611 1370/2723/611
s 538
f 1372/2718/612 1374/2724/612 1371/2709/613
s 539
f 1375/2720/84 1377/2725/84 1378/2726/239
s 540
f 1386/2719/15 1376/2710/15 1375/2720/15
s 541
f 1366/2713/8 1382/2711/8 1381/2727/8
s 542
f 1380/2728/1 1369/2707/1 1368/2722/1
s 543
f 1372/2718/6 1384/2708/6 1383/2729/6
s 544
f 1424/2730/614 1414/2731/614 1411/2732/614
s 545
f 1421/2733/615 1423/2734/616 1420/2735/616
s 546
f 1417/2736/617 1419/2737/617 1416/2738/617
s 547
f 1414/2739/58 1426/2740/58 1422/2741/58
s 548
f 1413/2742/618 1415/2743/618 1412/2744/618
s 549
f 1414/2731/619 1412/2745/619 1411/2732/619
s 550
f 1417/2736/620 1415/2743/620 1418/2746/620
s 551
f 1420/2735/621 1422/2747/621 1421/2733/621
s 552
f 1424/2730/622 1426/2748/622 1425/2749/622
s 553
f 1559/2750/181 1529/2751/182 1558/2752/181
f 1539/2753/175 1541/2754/176 1538/2755/175
f 1543/2756/171 1545/2757/172 1542/2758/171
f 1547/2759/179 1549/2760/180 1546/2761/179
f 1551/2762/183 1553/2763/184 1550/2764/183
f 1555/2765/177 1557/2766/178 1554/2767/177
f 1535/2768/173 1537/2769/174 1534/2770/173
s 554
f 1556/2771/65 1548/2772/65 1540/2773/65
s 553
f 1531/2774/185 1533/2775/186 1530/2776/185
f 1532/2777/182 1530/2776/185 1529/2778/182
f 1534/2770/173 1536/2779/186 1535/2768/173
f 1538/2755/175 1540/2780/174 1539/2753/175
f 1542/2758/171 1544/2781/176 1543/2756/171
f 1546/2761/179 1548/2782/172 1547/2759/179
f 1550/2764/183 1552/2783/180 1551/2762/183
f 1554/2767/177 1556/2784/184 1555/2765/177
f 1558/2752/181 1560/2785/178 1559/2750/181
s 555
f 478/2643/81 509/2661/81 510/2644/81
s 513
f 481/2646/606 520/2669/606 521/2647/606
s 514
f 514/2649/34 513/2655/34 476/2650/34
s 515
f 475/2653/65 477/2786/65 510/2644/65
f 511/2652/65 514/2649/65 475/2653/65
s 516
f 512/2656/70 509/2661/70 478/2654/70
f 478/2654/70 476/2787/70 513/2655/70
s 517
f 508/2657/137 518/2664/137 517/2658/137
f 481/2660/137 510/2644/137 509/2661/137
f 510/2644/137 481/2660/137 516/2663/137
f 516/2663/137 507/2659/137 511/2652/137
f 513/2655/137 480/2665/137 518/2664/137
f 518/2664/137 508/2657/137 512/2656/137
f 480/2665/137 513/2655/137 514/2649/137
f 511/2652/137 507/2659/137 517/2658/137
f 517/2658/137 479/2666/137 514/2649/137
f 512/2656/137 508/2657/137 515/2667/137
f 515/2667/137 482/2662/137 509/2661/137
s 518
f 519/2668/137 525/2682/137 521/2647/137
s 517
f 515/2667/137 508/2657/137 507/2659/137
s 519
f 515/2670/607 525/2682/607 519/2668/607
s 520
f 522/2672/137 523/2685/137 524/2673/137
s 521
f 517/2675/608 518/2788/608 522/2672/608
s 522
f 517/2676/606 526/2674/606 524/2673/606
s 523
f 480/2678/607 523/2685/607 522/2672/607
s 524
f 481/2680/608 482/2789/608 519/2668/608
s 525
f 516/2681/609 521/2647/609 525/2682/609
s 526
f 479/2684/609 524/2673/609 523/2685/609
s 159
f 1369/2707/81 1379/2790/81 1384/2708/81
s 163
f 1376/2710/34 1385/2791/34 1382/2711/34
s 157
f 1366/2713/68 1381/2727/68 1380/2714/68
s 534
f 1382/2717/70 1385/2792/70 1386/2793/70
f 1386/2793/70 1383/2794/70 1384/2716/70
f 1384/2716/70 1379/2795/70 1380/2714/70
f 1380/2714/70 1381/2727/70 1382/2717/70
f 1382/2717/70 1386/2793/70 1384/2716/70
s 535
f 1372/2718/137 1383/2729/137 1386/2719/137
s 556
f 1372/2718/623 1373/2796/624 1374/2724/623
s 539
f 1375/2720/84 1376/2710/625 1377/2725/84
s 540
f 1386/2719/15 1385/2791/15 1376/2710/15
s 541
f 1366/2713/8 1365/2712/8 1382/2711/8
s 542
f 1380/2728/1 1379/2790/1 1369/2707/1
s 543
f 1372/2718/6 1371/2709/6 1384/2708/6
s 544
f 1424/2730/614 1425/2749/614 1414/2731/614
s 545
f 1421/2733/615 1426/2748/615 1423/2734/616
s 546
f 1417/2736/617 1422/2747/617 1419/2737/617
s 547
f 1422/2741/58 1417/2797/58 1418/2798/58
f 1418/2798/58 1413/2799/58 1414/2739/58
f 1414/2739/58 1425/2800/58 1426/2740/58
f 1426/2740/58 1421/2801/58 1422/2741/58
f 1422/2741/58 1418/2798/58 1414/2739/58
s 548
f 1413/2742/618 1418/2746/618 1415/2743/618
s 549
f 1414/2731/619 1413/2802/619 1412/2745/619
s 550
f 1417/2736/620 1416/2738/620 1415/2743/620
s 551
f 1420/2735/621 1419/2737/621 1422/2747/621
s 552
f 1424/2730/622 1423/2734/622 1426/2748/622
s 553
f 1559/2750/181 1532/2803/182 1529/2751/182
f 1539/2753/175 1544/2781/176 1541/2754/176
f 1543/2756/171 1548/2782/172 1545/2757/172
f 1547/2759/179 1552/2783/180 1549/2760/180
f 1551/2762/183 1556/2784/184 1553/2763/184
f 1555/2765/177 1560/2785/178 1557/2766/178
f 1535/2768/173 1540/2780/174 1537/2769/174
s 554
f 1540/2773/65 1535/2804/65 1536/2805/65
f 1536/2805/65 1531/2806/65 1532/2807/65
f 1532/2807/65 1559/2808/65 1560/2809/65
f 1560/2809/65 1555/2810/65 1556/2771/65
f 1556/2771/65 1551/2811/65 1552/2812/65
f 1552/2812/65 1547/2813/65 1548/2772/65
f 1548/2772/65 1543/2814/65 1544/2815/65
f 1544/2815/65 1539/2816/65 1540/2773/65
f 1540/2773/65 1536/2805/65 1532/2807/65
f 1532/2807/65 1560/2809/65 1556/2771/65
f 1556/2771/65 1552/2812/65 1548/2772/65
f 1548/2772/65 1544/2815/65 1540/2773/65
f 1540/2773/65 1532/2807/65 1556/2771/65
s 553
f 1531/2774/185 1536/2779/186 1533/2775/186
f 1532/2777/182 1531/2774/185 1530/2776/185
f 1534/2770/173 1533/2775/186 1536/2779/186
f 1538/2755/175 1537/2769/174 1540/2780/174
f 1542/2758/171 1541/2754/176 1544/2781/176
f 1546/2761/179 1545/2757/172 1548/2782/172
f 1550/2764/183 1549/2760/180 1552/2783/180
f 1554/2767/177 1553/2763/184 1556/2784/184
f 1558/2752/181 1557/2766/178 1560/2785/178
s 557
g Base_Rover_SpacialRoverExploreralumGrayDeep
usemtl SpacialRoverExploreralumGrayDeep
f 649/2817/65 673/2818/65 662/2819/65
s 558
f 674/2820/68 663/2821/68 662/2822/68
s 559
f 654/2823/34 644/2824/34 639/2825/34
s 560
f 650/2826/137 645/2827/137 649/2828/137
s 561
f 650/2826/81 642/2829/81 638/2830/81
s 562
f 660/2831/68 656/2832/68 639/2833/68
s 563
f 666/2834/81 640/2835/81 641/2836/81
s 564
f 665/2837/65 653/2838/65 658/2839/65
s 565
f 670/2840/137 666/2834/137 644/2841/137
s 566
f 658/2839/626 667/2842/626 665/2837/626
s 567
f 667/2842/85 659/2843/85 668/2844/85
s 568
f 668/2844/627 657/2845/627 666/2834/627
s 569
f 646/2846/628 675/2847/628 673/2818/628
s 570
f 648/2848/78 676/2849/78 675/2847/78
s 571
f 647/2850/629 674/2851/629 676/2849/629
s 572
f 662/2819/626 651/2852/626 649/2817/626
s 573
f 664/2853/85 652/2854/85 651/2852/85
s 574
f 663/2855/627 650/2826/627 652/2854/627
s 575
f 670/2856/628 655/2857/628 653/2838/628
s 576
f 672/2858/78 656/2859/78 655/2857/78
s 577
f 671/2860/629 654/2823/629 656/2859/629
s 578
f 674/2851/34 637/2861/34 643/2862/34
s 579
f 678/2863/68 685/2864/68 677/2865/68
s 580
f 680/2866/34 686/2867/34 678/2863/34
s 581
f 679/2868/137 687/2869/137 680/2866/137
s 582
f 677/2865/81 688/2870/81 679/2868/81
s 583
f 677/2865/65 680/2866/65 678/2863/65
s 584
f 691/2871/34 682/2872/34 683/2873/34
s 585
f 685/2874/70 682/2875/70 681/2876/70
f 682/2875/70 687/2877/70 683/2878/70
f 687/2877/70 684/2879/70 683/2878/70
f 688/2880/70 681/2876/70 684/2879/70
s 586
f 690/2881/70 692/2882/70 689/2883/70
s 587
f 692/2884/137 683/2885/137 684/2886/137
s 588
f 690/2881/68 681/2887/68 682/2872/68
s 589
f 689/2883/81 684/2886/81 681/2887/81
s 560
f 638/2830/137 637/2888/137 645/2827/137
f 645/2827/137 647/2889/137 648/2890/137
f 648/2890/137 646/2891/137 645/2827/137
f 646/2891/137 649/2828/137 645/2827/137
f 649/2828/137 651/2892/137 652/2893/137
f 652/2893/137 650/2826/137 649/2828/137
f 650/2826/137 638/2830/137 645/2827/137
s 570
f 648/2848/78 647/2850/78 676/2849/78
s 571
f 647/2850/629 645/2894/629 674/2851/629
s 578
f 674/2851/34 645/2894/34 637/2861/34
s 580
f 680/2866/34 687/2877/34 686/2867/34
s 581
f 679/2868/137 688/2895/137 687/2869/137
s 583
f 677/2865/65 679/2868/65 680/2866/65
s 590
f 723/2896/181 693/2897/182 708/2898/181
f 713/2899/175 699/2900/176 698/2901/175
f 715/2902/171 701/2903/172 700/2904/171
f 717/2905/179 703/2906/180 702/2907/179
f 719/2908/183 705/2909/184 704/2910/183
f 721/2911/177 707/2912/178 706/2913/177
f 709/2914/173 697/2915/174 696/2916/173
f 711/2917/185 695/2918/186 694/2919/185
s 591
f 724/2920/65 721/2921/65 770/2922/65
f 757/2923/65 723/2924/65 772/2925/65
f 758/2926/65 759/2927/65 710/2928/65
s 590
f 712/2929/182 694/2919/185 693/2897/182
f 696/2930/173 710/2931/186 709/2932/173
f 698/2901/175 714/2933/174 713/2899/175
f 700/2904/171 716/2934/176 715/2902/171
f 702/2907/179 718/2935/172 717/2905/179
f 704/2910/183 720/2936/180 719/2908/183
f 706/2913/177 722/2937/184 721/2911/177
f 708/2898/181 724/2938/178 723/2896/181
s 591
f 709/2939/65 760/2940/65 761/2941/65
f 710/2928/65 711/2942/65 758/2926/65
f 759/2927/65 760/2940/65 710/2928/65
f 720/2943/65 766/2944/65 767/2945/65
f 765/2946/65 766/2944/65 718/2947/65
f 723/2924/65 757/2923/65 712/2948/65
f 716/2949/65 713/2950/65 762/2951/65
f 719/2952/65 768/2953/65 769/2954/65
f 771/2955/65 772/2925/65 723/2924/65
f 714/2956/65 709/2939/65 761/2941/65
f 771/2955/65 724/2920/65 770/2922/65
f 722/2957/65 770/2922/65 721/2921/65
f 761/2941/65 713/2950/65 714/2956/65
f 762/2951/65 713/2950/65 761/2941/65
f 722/2957/65 769/2954/65 770/2922/65
f 763/2958/65 716/2949/65 762/2951/65
f 722/2957/65 719/2952/65 769/2954/65
f 720/2943/65 767/2945/65 768/2953/65
f 758/2926/65 711/2942/65 712/2948/65
f 764/2959/65 715/2960/65 763/2958/65
f 719/2952/65 720/2943/65 768/2953/65
f 760/2940/65 709/2939/65 710/2928/65
f 765/2946/65 715/2960/65 764/2959/65
f 724/2920/65 771/2955/65 723/2924/65
f 720/2943/65 717/2961/65 766/2944/65
f 766/2944/65 717/2961/65 718/2947/65
f 715/2960/65 716/2949/65 763/2958/65
f 715/2960/65 765/2946/65 718/2947/65
f 757/2923/65 758/2926/65 712/2948/65
s 592
f 1363/2962/81 1200/2963/81 1198/2964/81
s 593
f 1197/2965/137 1202/2966/137 1204/2967/137
s 594
f 1362/2968/34 1197/2969/34 1199/2970/34
s 595
f 1364/2971/630 1211/2972/630 1201/2973/630
s 596
f 1202/2974/74 1213/2975/65 1204/2976/65
f 1204/2976/65 1208/2977/76 1205/2978/76
f 1205/2978/76 1209/2979/78 1207/2980/78
f 1207/2980/78 1210/2981/631 1206/2982/631
f 1203/2983/85 1211/2972/632 1212/2984/85
f 1203/2983/85 1214/2985/74 1202/2974/74
s 597
f 1270/2441/68 1268/2448/68 1271/2451/68
s 598
f 1200/2986/68 1208/2987/68 1213/2988/68
s 599
f 1361/2989/633 1206/2982/633 1210/2981/633
s 184
f 1704/2990/306 1713/2991/634 1703/2992/307
s 600
f 1667/2993/301 1710/2994/301 1696/2995/301
s 601
f 1703/2992/302 1721/2996/302 1681/2997/302
s 184
f 1699/2998/305 1712/2999/318 1711/3000/318
s 602
f 1716/3001/60 1707/3002/60 1708/3003/60
s 603
f 1717/3004/60 1710/3005/60 1718/3006/60
s 604
f 1719/3007/60 1712/2999/60 1720/3008/60
s 605
f 1721/3009/60 1714/3010/60 1722/3011/60
s 606
f 1683/3012/288 1714/3013/288 1704/3014/288
s 607
f 1657/3015/318 1716/3016/318 1659/3017/318
s 608
f 1675/3018/321 1719/3019/321 1720/3020/321
s 609
f 1692/3021/293 1716/3016/293 1708/3022/293
s 610
f 1699/2998/291 1719/3019/291 1673/3023/291
s 611
f 1657/3015/303 1707/3002/303 1715/3024/303
s 612
f 1675/3018/304 1712/3025/304 1700/3026/304
s 613
f 1667/2993/634 1717/3027/634 1718/3028/634
s 184
f 1691/3029/310 1708/3003/321 1707/3002/321
s 614
f 1683/3012/317 1721/2996/317 1722/3030/317
s 184
f 1696/3031/311 1709/3032/317 1695/3033/292
s 615
f 1665/3034/287 1709/3032/287 1717/3027/287
s 616
f 1763/3035/321 1754/3036/321 1741/3037/321
s 617
f 1723/3038/58 1731/3039/58 1754/3040/58
s 618
f 1746/3041/60 1740/3042/60 1753/3043/60
s 619
f 1758/3044/635 1756/3045/635 1757/3046/635
s 184
f 1748/3047/300 1755/3048/634 1732/3049/300
s 620
f 1754/3036/636 1757/3046/636 1753/3050/636
s 621
f 1753/3043/58 1756/3051/58 1748/3052/58
s 622
f 1754/3040/60 1755/3053/60 1758/3054/60
s 557
f 649/2817/65 646/2846/65 673/2818/65
s 558
f 662/2822/68 673/3055/68 675/3056/68
f 675/3056/68 676/3057/68 674/2820/68
s 623
f 674/2820/68 643/3058/68 642/2829/68
s 558
f 642/2829/68 661/3059/68 663/2821/68
f 663/2821/68 664/3060/68 662/2822/68
f 662/2822/68 675/3056/68 674/2820/68
f 674/2820/68 642/2829/68 663/2821/68
s 559
f 654/2823/34 669/3061/34 644/2824/34
s 561
f 650/2826/81 661/3059/81 642/2829/81
s 562
f 639/2833/68 640/2835/68 657/2845/68
f 657/2845/68 659/3062/68 660/2831/68
f 660/2831/68 658/3063/68 653/3064/68
f 653/3064/68 655/3065/68 656/2832/68
f 656/2832/68 654/3066/68 639/2833/68
f 639/2833/68 657/2845/68 660/2831/68
f 660/2831/68 653/3064/68 656/2832/68
s 563
f 666/2834/81 657/2845/81 640/2835/81
s 564
f 665/2837/65 670/2856/65 653/2838/65
s 565
f 644/2841/137 669/3067/137 671/3068/137
f 671/3068/137 672/3069/137 670/2840/137
f 670/2840/137 665/3070/137 667/3071/137
f 667/3071/137 668/3072/137 666/2834/137
s 624
f 666/2834/137 641/2836/137 644/2841/137
s 565
f 644/2841/137 671/3068/137 670/2840/137
f 670/2840/137 667/3071/137 666/2834/137
s 566
f 658/2839/626 660/3073/626 667/2842/626
s 567
f 667/2842/85 660/3073/85 659/2843/85
s 568
f 668/2844/627 659/2843/627 657/2845/627
s 569
f 646/2846/628 648/2848/628 675/2847/628
s 572
f 662/2819/626 664/2853/626 651/2852/626
s 573
f 664/2853/85 663/2855/85 652/2854/85
s 574
f 663/2855/627 661/3059/627 650/2826/627
s 575
f 670/2856/628 672/2858/628 655/2857/628
s 576
f 672/2858/78 671/2860/78 656/2859/78
s 577
f 671/2860/629 669/3061/629 654/2823/629
s 579
f 678/2863/68 686/3074/68 685/2864/68
s 582
f 677/2865/81 685/3075/81 688/2870/81
s 584
f 691/2871/34 690/2881/34 682/2872/34
s 585
f 685/2874/70 686/2867/70 682/2875/70
f 682/2875/70 686/2867/70 687/2877/70
f 687/2877/70 688/2880/70 684/2879/70
f 688/2880/70 685/2874/70 681/2876/70
s 586
f 690/2881/70 691/3076/70 692/2882/70
s 587
f 692/2884/137 691/3077/137 683/2885/137
s 588
f 690/2881/68 689/2883/68 681/2887/68
s 589
f 689/2883/81 692/2884/81 684/2886/81
s 590
f 723/2896/181 712/2929/182 693/2897/182
f 713/2899/175 716/2934/176 699/2900/176
f 715/2902/171 718/2935/172 701/2903/172
f 717/2905/179 720/2936/180 703/2906/180
f 719/2908/183 722/2937/184 705/2909/184
f 721/2911/177 724/2938/178 707/2912/178
f 709/2914/173 714/2933/174 697/2915/174
f 711/2917/185 710/2931/186 695/2918/186
f 712/2929/182 711/2917/185 694/2919/185
f 696/2930/173 695/2918/186 710/2931/186
f 698/2901/175 697/2915/174 714/2933/174
f 700/2904/171 699/2900/176 716/2934/176
f 702/2907/179 701/2903/172 718/2935/172
f 704/2910/183 703/2906/180 720/2936/180
f 706/2913/177 705/2909/184 722/2937/184
f 708/2898/181 707/2912/178 724/2938/178
s 592
f 1363/2962/81 1361/2989/81 1200/2963/81
s 593
f 1207/3078/137 1206/3079/137 1363/3080/137
s 625
f 1363/3080/137 1198/3081/137 1197/2965/137
s 593
f 1197/2965/137 1364/3082/137 1201/3083/137
f 1197/2965/137 1201/3083/137 1203/3084/137
f 1205/3085/137 1207/3078/137 1363/3080/137
f 1205/3085/137 1363/3080/137 1197/2965/137
f 1197/2965/137 1203/3084/137 1202/2966/137
f 1204/2967/137 1205/3085/137 1197/2965/137
s 594
f 1362/2968/34 1364/2971/34 1197/2969/34
s 595
f 1364/2971/630 1362/2968/630 1211/2972/630
s 596
f 1202/2974/74 1214/2985/74 1213/2975/65
f 1204/2976/65 1213/2975/65 1208/2977/76
f 1205/2978/76 1208/2977/76 1209/2979/78
f 1207/2980/78 1209/2979/78 1210/2981/631
f 1203/2983/85 1201/2973/632 1211/2972/632
f 1203/2983/85 1212/2984/85 1214/2985/74
s 597
f 1270/2441/68 1269/2454/68 1268/2448/68
s 598
f 1212/3086/68 1211/3087/68 1362/3088/68
s 626
f 1362/3088/68 1199/3089/68 1200/2986/68
s 598
f 1200/2986/68 1361/3090/68 1210/3091/68
f 1200/2986/68 1210/3091/68 1209/3092/68
f 1214/3093/68 1212/3086/68 1362/3088/68
f 1214/3093/68 1362/3088/68 1200/2986/68
f 1200/2986/68 1209/3092/68 1208/2987/68
f 1213/2988/68 1214/3093/68 1200/2986/68
s 599
f 1361/2989/633 1363/2962/633 1206/2982/633
s 184
f 1704/2990/306 1714/3010/634 1713/2991/634
s 600
f 1667/2993/301 1718/3028/301 1710/2994/301
s 601
f 1703/2992/302 1713/2991/302 1721/2996/302
s 184
f 1699/2998/305 1700/3094/308 1712/2999/318
s 602
f 1716/3001/60 1715/3095/60 1707/3002/60
s 603
f 1717/3004/60 1709/3032/60 1710/3005/60
s 604
f 1719/3007/60 1711/3000/60 1712/2999/60
s 605
f 1721/3009/60 1713/2991/60 1714/3010/60
s 606
f 1683/3012/288 1722/3030/288 1714/3013/288
s 607
f 1657/3015/318 1715/3024/318 1716/3016/318
s 608
f 1675/3018/321 1673/3023/321 1719/3019/321
s 609
f 1692/3021/293 1659/3017/293 1716/3016/293
s 610
f 1699/2998/291 1711/3000/291 1719/3019/291
s 611
f 1657/3015/303 1691/3029/303 1707/3002/303
s 612
f 1675/3018/304 1720/3020/304 1712/3025/304
s 613
f 1667/2993/634 1665/3034/634 1717/3027/634
s 184
f 1691/3029/310 1692/3096/309 1708/3003/321
s 614
f 1683/3012/317 1681/2997/317 1721/2996/317
s 184
f 1696/3031/311 1710/3005/317 1709/3032/317
s 615
f 1665/3034/287 1695/3033/287 1709/3032/287
s 616
f 1763/3035/321 1725/3097/321 1754/3036/321
f 1754/3036/321 1753/3050/321 1741/3037/321
s 0
f 1741/3037/637 1765/3098/58 1763/3035/58
s 617
f 1725/3099/58 1724/3100/58 1723/3038/58
f 1723/3038/58 1689/3101/58 1690/3102/58
f 1690/3102/58 1730/3103/58 1731/3039/58
f 1731/3039/58 1732/3104/58 1754/3040/58
f 1754/3040/58 1725/3099/58 1723/3038/58
f 1723/3038/58 1690/3102/58 1731/3039/58
s 618
f 1748/3052/60 1747/3105/60 1746/3041/60
f 1746/3041/60 1737/3106/60 1738/3107/60
f 1738/3107/60 1739/3108/60 1740/3042/60
f 1740/3042/60 1741/3109/60 1753/3043/60
f 1753/3043/60 1748/3052/60 1746/3041/60
f 1746/3041/60 1738/3107/60 1740/3042/60
s 619
f 1758/3044/635 1755/3048/635 1756/3045/635
s 184
f 1748/3047/300 1756/3045/634 1755/3048/634
s 620
f 1754/3036/636 1758/3044/636 1757/3046/636
s 621
f 1753/3043/58 1757/3110/58 1756/3051/58
s 622
f 1754/3040/60 1732/3104/60 1755/3053/60
l 1803 1805
l 1806 1801
l 1802 1807
l 1808 1804
l 1811 1813
l 1814 1809
l 1810 1815
l 1816 1812
l 1822 1825
l 1826 1829
l 1830 1831
l 1823 1824
l 1817 1833
l 1818 1834
l 1821 1828
l 1819 1832
l 1820 1827
l 1837 1839
l 1840 1835
l 1836 1841
l 1842 1838
l 1845 1847
l 1848 1843
l 1844 1849
l 1850 1846
l 1853 1855
l 1856 1851
l 1852 1857
l 1858 1854
l 1861 1863
l 1864 1859
l 1860 1865
l 1866 1862
