# Blender 5.2.0 LTS
# www.blender.org
mtllib Llanta_media_izquierda.mtl
o Llanta_Medio_Lejos
v 1.997744 -1.669429 -0.028247
v 2.072267 -1.591226 -0.136247
v 2.019571 -1.646524 -0.104615
v 2.102078 -1.559942 -0.136247
v 2.176600 -1.481739 -0.028247
v 2.154773 -1.504644 -0.104615
v 2.072267 -1.591226 0.122953
v 1.997744 -1.669429 0.014953
v 2.019571 -1.646524 0.091320
v 2.176600 -1.481739 0.014953
v 2.102078 -1.559942 0.122953
v 2.154773 -1.504644 0.091320
v 2.809610 -1.804484 -0.486647
v 2.809610 -2.087327 -0.486647
v 2.868189 -1.945905 -0.486647
v 2.809611 -2.087327 0.473354
v 2.809610 -1.804484 0.473353
v 2.868189 -1.945905 0.473353
v 2.597478 -2.299459 -0.486646
v 2.314635 -2.299459 -0.486646
v 2.456057 -2.358037 -0.486646
v 2.314636 -2.299459 0.473354
v 2.597479 -2.299459 0.473354
v 2.456057 -2.358037 0.473354
v 0.277732 -0.294856 -0.402646
v 0.837869 0.276323 -0.402646
v 0.277732 -0.294856 -0.210646
v 0.837869 0.276323 -0.210646
v 2.665958 -2.429217 -0.402647
v 2.383129 -2.431978 -0.402647
v 2.576810 -2.481854 -0.402647
v 2.473287 -2.482864 -0.402647
v 2.943267 -1.860799 -0.402647
v 2.946027 -2.143628 -0.402647
v 2.995903 -1.949947 -0.402647
v 2.996914 -2.053469 -0.402647
v 2.665958 -2.429217 -0.210647
v 2.576810 -2.481854 -0.210646
v 2.946027 -2.143628 -0.210647
v 2.996914 -2.053469 -0.210647
v 2.995903 -1.949947 -0.210647
v 2.275539 -1.595952 0.473354
v 2.223511 -1.623762 0.473354
v 2.177908 -1.661187 0.473354
v 2.140483 -1.706789 0.473354
v 2.095548 -1.815272 0.473354
v 2.112673 -1.758818 0.473354
v 2.331992 -2.169136 0.473354
v 2.095548 -1.932691 0.473354
v 2.177908 -2.086776 0.473354
v 2.223511 -2.124201 0.473354
v 2.140482 -2.041173 0.473354
v 2.390702 -2.174918 0.473354
v 2.275539 -2.152010 0.473354
v 2.112673 -1.989146 0.473354
v 2.394566 -2.174538 0.473354
v 2.089765 -1.873981 0.473354
v 2.603497 -1.661187 0.473354
v 2.640922 -1.706790 0.473354
v 2.557894 -1.623761 0.473354
v 2.668732 -1.758818 0.473354
v 2.505866 -1.595952 0.473354
v 2.685857 -1.815271 0.473354
v 2.685857 -1.932691 0.473354
v 2.691639 -1.873981 0.473354
v 2.603497 -2.086776 0.473354
v 2.640922 -2.041173 0.473354
v 2.668732 -1.989146 0.473354
v 2.449412 -1.578827 0.473354
v 2.390702 -1.573044 0.473354
v 2.331992 -1.578827 0.473354
v 2.557894 -2.124201 0.473354
v 2.505866 -2.152011 0.473354
v 2.449412 -2.169136 0.473354
v 2.276795 -2.152392 -0.486646
v 2.275538 -2.152010 -0.486646
v 2.177907 -2.086776 -0.486646
v 2.140482 -2.041173 -0.486646
v 2.223511 -2.124201 -0.486646
v 2.603496 -1.661187 -0.486647
v 2.640922 -1.706790 -0.486647
v 2.557894 -1.623761 -0.486646
v 2.668731 -1.758818 -0.486647
v 2.505865 -1.595952 -0.486646
v 2.685856 -1.815271 -0.486647
v 2.449412 -1.578827 -0.486646
v 2.390702 -1.573044 -0.486646
v 2.275538 -1.595952 -0.486646
v 2.331992 -1.578827 -0.486646
v 2.177907 -1.661187 -0.486646
v 2.140482 -1.706789 -0.486646
v 2.223510 -1.623762 -0.486646
v 2.640922 -2.041173 -0.486647
v 2.603496 -2.086776 -0.486646
v 2.505866 -2.152011 -0.486646
v 2.449412 -2.169136 -0.486646
v 2.557894 -2.124201 -0.486646
v 2.331992 -2.169136 -0.486646
v 2.390702 -2.174918 -0.486646
v 2.112672 -1.989146 -0.486646
v 2.095548 -1.932691 -0.486646
v 2.089765 -1.873981 -0.486646
v 2.691639 -1.873981 -0.486647
v 2.685857 -1.932691 -0.486647
v 2.095548 -1.815272 -0.486646
v 2.112672 -1.758818 -0.486646
v 2.668731 -1.989146 -0.486647
v 2.505865 -1.595952 -0.210646
v 2.640922 -2.041173 -0.210646
v 2.223510 -1.623762 -0.210646
v 2.557894 -2.124201 -0.210646
v 2.140482 -1.706789 -0.210646
v 2.275538 -2.152010 -0.210646
v 2.112672 -1.989146 -0.210646
v 2.390702 -2.174918 -0.210646
v 2.640922 -1.706790 -0.402647
v 2.505865 -1.595952 -0.402647
v 2.390702 -1.573044 -0.402647
v 2.685856 -1.815271 -0.402647
v 2.668731 -1.989146 -0.402647
v 2.557894 -2.124201 -0.402647
v 2.140482 -1.706789 -0.402647
v 2.223510 -1.623762 -0.402647
v 2.095548 -1.815272 -0.402647
v 2.390702 -2.174918 -0.402647
v 2.275538 -2.152010 -0.402647
v 2.177907 -2.086776 -0.402647
v 2.095548 -1.932691 -0.402647
v 0.705086 -0.716000 -0.402646
v 0.705087 -0.715999 -0.210646
v 0.987643 -0.497575 -0.136247
v 1.015290 -0.469413 -0.136247
v 0.938772 -0.547358 0.091321
v 0.918528 -0.567979 -0.028247
v 1.064161 -0.419631 -0.104614
v 1.015290 -0.469413 0.122953
v 0.938772 -0.547358 -0.104614
v 0.918528 -0.567979 0.014953
v 1.084404 -0.399011 0.014953
v 1.084404 -0.399011 -0.028247
v 0.987643 -0.497575 0.122953
v 1.064161 -0.419631 0.091321
v -0.096826 -0.294825 -0.402646
v -0.270585 -0.120994 -0.402646
v -0.219692 -0.243882 -0.402646
v -0.270585 0.122669 -0.402646
v -0.096880 0.292107 -0.402646
v -0.219708 0.244269 -0.402646
v -0.270585 -0.120994 -0.210646
v -0.096826 -0.294825 -0.210646
v -0.219692 -0.243882 -0.210646
v -0.096880 0.292107 -0.210646
v -0.270585 0.122669 -0.210646
v -0.219708 0.244269 -0.210646
v 2.331992 -1.578827 -0.210646
v 2.668731 -1.758818 -0.210646
v 2.943267 -1.860799 -0.210647
v 0.490242 -0.012174 -0.191974
v 0.420298 -0.083304 -0.146740
v 1.094731 -0.395781 -0.146740
v 1.123703 -0.366320 -0.037535
v 0.886300 -0.607741 -0.037535
v 0.915272 -0.578278 -0.146740
v 0.886300 -0.607741 0.024241
v 0.915273 -0.578278 0.133447
v 0.985217 -0.507150 0.178681
v 0.529811 0.028065 -0.191974
v 0.529812 0.028065 0.178681
v 0.599756 0.099193 0.133447
v 1.024786 -0.466910 0.178681
v 1.094731 -0.395781 0.133447
v 0.985217 -0.507150 -0.191975
v 1.024786 -0.466910 -0.191975
v 0.490242 -0.012174 0.178681
v 1.123703 -0.366320 0.024241
v 0.420298 -0.083304 0.133447
v 0.391325 -0.112766 -0.037535
v 0.391325 -0.112766 0.024241
v 0.599756 0.099193 -0.146740
v 0.628728 0.128656 -0.037535
v 0.628728 0.128656 0.024240
v 2.201125 -1.451303 -0.486646
v 2.456430 -1.451303 -0.486646
v 2.328777 -1.398428 -0.486646
v 2.456430 -1.451303 0.473354
v 2.201125 -1.451303 0.473354
v 2.328778 -1.398428 0.473354
v 1.961455 -1.946278 -0.486646
v 1.961455 -1.690974 -0.486646
v 1.908579 -1.818626 -0.486646
v 1.961455 -1.690974 0.473354
v 1.961455 -1.946278 0.473354
v 1.908580 -1.818626 0.473354
v 2.690013 -1.857476 -0.210647
v 2.089765 -1.873981 -0.210646
v 2.383129 -2.431978 -0.210646
v 2.473287 -2.482864 -0.210646
v 2.603496 -1.661187 -0.210646
v 2.177907 -2.086776 -0.210646
v -0.096853 -0.001360 -0.402646
v -0.096853 -0.001360 -0.210646
v 0.277732 -0.294856 0.197354
v 0.837869 0.276323 0.197354
v 0.277732 -0.294856 0.389354
v 0.837869 0.276323 0.389353
v 2.665958 -2.429217 0.197354
v 2.383129 -2.431978 0.197354
v 2.576810 -2.481854 0.197354
v 2.473288 -2.482864 0.197354
v 2.943267 -1.860799 0.197353
v 2.946027 -2.143628 0.197353
v 2.995903 -1.949947 0.197353
v 2.996914 -2.053469 0.197353
v 2.665958 -2.429217 0.389354
v 2.576810 -2.481854 0.389354
v 2.946027 -2.143628 0.389353
v 2.996914 -2.053469 0.389353
v 2.995903 -1.949947 0.389353
v 2.505865 -1.595952 0.389354
v 2.640922 -2.041173 0.389354
v 2.223511 -1.623762 0.389354
v 2.557894 -2.124201 0.389354
v 2.140483 -1.706789 0.389354
v 2.275539 -2.152010 0.389354
v 2.112673 -1.989146 0.389354
v 2.390702 -2.174918 0.389354
v 2.640922 -1.706790 0.197354
v 2.505865 -1.595952 0.197354
v 2.390702 -1.573044 0.197354
v 2.685857 -1.815271 0.197354
v 2.668731 -1.989146 0.197354
v 2.557894 -2.124201 0.197354
v 2.140483 -1.706789 0.197354
v 2.223511 -1.623762 0.197354
v 2.095548 -1.815272 0.197354
v 2.390702 -2.174918 0.197354
v 2.275539 -2.152010 0.197354
v 2.177908 -2.086776 0.197354
v 2.095548 -1.932691 0.197354
v 0.705087 -0.715999 0.197354
v 0.705087 -0.715999 0.389354
v -0.096826 -0.294825 0.197354
v -0.270584 -0.120994 0.197354
v -0.219692 -0.243882 0.197354
v -0.270584 0.122669 0.197354
v -0.096880 0.292107 0.197354
v -0.219708 0.244269 0.197354
v -0.270584 -0.120994 0.389354
v -0.096826 -0.294825 0.389354
v -0.219692 -0.243882 0.389354
v -0.096880 0.292107 0.389353
v -0.270584 0.122669 0.389354
v -0.219708 0.244269 0.389353
v 2.331992 -1.578827 0.389354
v 2.668732 -1.758818 0.389353
v 2.943267 -1.860799 0.389353
v 2.690013 -1.857476 0.389354
v 2.089765 -1.873981 0.389354
v 2.383129 -2.431978 0.389354
v 2.473288 -2.482864 0.389354
v 2.603497 -1.661187 0.389354
v 2.177908 -2.086776 0.389354
v -0.096853 -0.001360 0.197354
v -0.096853 -0.001360 0.389354
v 2.090167 -1.932692 -0.698645
v 2.135101 -2.041173 -0.698646
v 2.218130 -2.124202 -0.698645
v 2.326611 -2.169136 -0.698646
v 2.500485 -2.152011 -0.698646
v 2.598116 -2.086776 -0.698646
v 2.663351 -1.989146 -0.698646
v 2.686258 -1.873982 -0.698646
v 2.663351 -1.758818 -0.698646
v 2.598116 -1.661187 -0.698646
v 2.500485 -1.595953 -0.698646
v 2.385321 -1.573045 -0.698646
v 2.218130 -1.623762 -0.698646
v 2.135101 -1.706790 -0.698645
v 2.090167 -1.815272 -0.698646
v 2.090167 -1.932691 0.557355
v 2.135101 -2.041173 0.557355
v 2.270158 -2.152011 0.557355
v 2.385321 -2.174919 0.557355
v 2.500485 -2.152011 0.557355
v 2.598116 -2.086776 0.557355
v 2.680476 -1.932692 0.557355
v 2.663351 -1.758818 0.557355
v 2.598116 -1.661187 0.557355
v 2.500485 -1.595953 0.557355
v 2.326611 -1.578828 0.557355
v 2.172527 -1.661187 0.557355
v 2.090167 -1.815272 0.557355
v 3.284838 -1.873981 1.672303
v 3.267554 -2.049468 1.672303
v 3.216367 -2.218211 1.672303
v 3.133243 -2.373725 1.672303
v 3.021376 -2.510035 1.672303
v 2.885067 -2.621901 1.672304
v 2.729552 -2.705025 1.672304
v 2.560809 -2.756213 1.672304
v 2.385322 -2.773497 1.672304
v 2.209836 -2.756213 1.672304
v 2.041093 -2.705026 1.672304
v 1.885578 -2.621901 1.672304
v 1.749269 -2.510035 1.672304
v 1.637402 -2.373725 1.672304
v 1.554278 -2.218211 1.672304
v 1.503090 -2.049468 1.672304
v 1.485806 -1.873981 1.672304
v 1.503090 -1.698494 1.672304
v 1.554278 -1.529751 1.672304
v 1.637402 -1.374237 1.672304
v 1.749268 -1.237927 1.672304
v 1.885578 -1.126061 1.672304
v 2.041092 -1.042937 1.672304
v 2.209836 -0.991749 1.672304
v 2.385322 -0.974465 1.672304
v 2.560809 -0.991749 1.672304
v 2.729552 -1.042937 1.672304
v 2.885067 -1.126061 1.672304
v 3.021376 -1.237927 1.672304
v 3.133243 -1.374237 1.672303
v 3.216367 -1.529751 1.672303
v 3.267555 -1.698494 1.672303
v 3.284838 -1.873981 0.632304
v 3.267554 -2.049468 0.632304
v 3.216366 -2.218211 0.632304
v 3.133242 -2.373725 0.632304
v 3.021376 -2.510035 0.632304
v 2.885066 -2.621901 0.632304
v 2.729552 -2.705025 0.632304
v 2.560809 -2.756213 0.632304
v 2.385322 -2.773497 0.632304
v 2.209835 -2.756213 0.632304
v 2.041092 -2.705025 0.632304
v 1.885578 -2.621901 0.632304
v 1.749268 -2.510035 0.632304
v 1.637402 -2.373725 0.632304
v 1.554278 -2.218211 0.632304
v 1.503090 -2.049468 0.632304
v 1.485806 -1.873981 0.632304
v 1.503090 -1.698494 0.632304
v 1.554278 -1.529751 0.632304
v 1.637402 -1.374237 0.632304
v 1.749268 -1.237927 0.632304
v 1.885578 -1.126061 0.632304
v 2.041092 -1.042937 0.632304
v 2.209835 -0.991749 0.632304
v 2.385322 -0.974465 0.632304
v 2.560809 -0.991749 0.632304
v 2.729552 -1.042937 0.632304
v 2.885066 -1.126061 0.632304
v 3.021376 -1.237927 0.632304
v 3.133242 -1.374237 0.632304
v 3.216367 -1.529751 0.632304
v 3.267554 -1.698494 0.632304
v 3.389568 -2.075125 0.632304
v 3.409162 -1.876189 0.632303
v 3.331541 -2.266415 0.632304
v 3.237310 -2.442709 0.632304
v 3.110496 -2.597232 0.632304
v 2.955973 -2.724046 0.632304
v 2.779678 -2.818277 0.632304
v 2.588388 -2.876305 0.632304
v 2.389452 -2.895898 0.632304
v 2.190517 -2.876305 0.632304
v 1.999226 -2.818278 0.632304
v 1.822932 -2.724046 0.632304
v 1.668409 -2.597232 0.632304
v 1.541595 -2.442709 0.632304
v 1.447364 -2.266415 0.632304
v 1.389336 -2.075125 0.632304
v 1.369743 -1.876189 0.632304
v 1.389336 -1.677253 0.632304
v 1.447364 -1.485963 0.632304
v 1.541595 -1.309669 0.632304
v 1.668409 -1.155145 0.632304
v 1.822932 -1.028331 0.632304
v 1.999226 -0.934100 0.632304
v 2.190517 -0.876072 0.632304
v 2.389452 -0.856479 0.632304
v 2.588388 -0.876072 0.632304
v 2.779678 -0.934100 0.632304
v 2.955973 -1.028331 0.632304
v 3.110496 -1.155145 0.632304
v 3.237310 -1.309669 0.632303
v 3.331541 -1.485963 0.632304
v 3.389568 -1.677253 0.632304
v 3.413874 -1.873981 1.672303
v 3.394111 -2.074642 1.672303
v 3.335580 -2.267591 1.672303
v 3.240532 -2.445414 1.672303
v 3.112618 -2.601277 1.672303
v 2.956755 -2.729190 1.672304
v 2.778932 -2.824239 1.672304
v 2.585983 -2.882769 1.672304
v 2.385323 -2.902533 1.672304
v 2.184662 -2.882769 1.672304
v 1.991713 -2.824239 1.672304
v 1.813890 -2.729191 1.672304
v 1.658027 -2.601277 1.672304
v 1.530113 -2.445414 1.672304
v 1.435065 -2.267591 1.672304
v 1.376534 -2.074642 1.672304
v 1.356771 -1.873981 1.672304
v 1.376534 -1.673321 1.672304
v 1.435065 -1.480371 1.672304
v 1.530113 -1.302548 1.672304
v 1.658027 -1.146685 1.672304
v 1.813890 -1.018772 1.672304
v 1.991713 -0.923723 1.672304
v 2.184662 -0.865193 1.672304
v 2.385323 -0.845429 1.672304
v 2.585983 -0.865193 1.672304
v 2.778932 -0.923723 1.672304
v 2.956755 -1.018772 1.672304
v 3.112618 -1.146685 1.672304
v 3.240532 -1.302548 1.672303
v 3.335580 -1.480371 1.672303
v 3.394111 -1.673321 1.672303
v 2.385322 -1.777509 1.612302
v 2.337086 -1.790434 1.612302
v 2.301775 -1.825745 1.612302
v 2.288850 -1.873981 1.612302
v 2.301775 -1.922217 1.612302
v 2.337086 -1.957529 1.612302
v 2.385322 -1.970454 1.612302
v 2.433558 -1.957529 1.612302
v 2.468870 -1.922217 1.612302
v 2.481795 -1.873981 1.612302
v 2.468870 -1.825745 1.612302
v 2.433558 -1.790434 1.612302
v 2.385322 -1.673981 1.488969
v 2.385322 -1.673981 1.335635
v 2.285322 -1.700776 1.335635
v 2.285322 -1.700776 1.488969
v 2.212117 -1.773981 1.335635
v 2.212117 -1.773981 1.488969
v 2.185322 -1.873981 1.335635
v 2.185322 -1.873981 1.488969
v 2.212117 -1.973981 1.335635
v 2.212117 -1.973981 1.488969
v 2.285322 -2.047186 1.335635
v 2.285322 -2.047186 1.488969
v 2.385322 -2.073982 1.335635
v 2.385322 -2.073982 1.488969
v 2.485322 -2.047186 1.335635
v 2.485322 -2.047186 1.488969
v 2.558527 -1.973981 1.335635
v 2.558527 -1.973981 1.488969
v 2.585322 -1.873981 1.335635
v 2.585322 -1.873981 1.488969
v 2.558527 -1.773981 1.335635
v 2.558527 -1.773981 1.488969
v 2.485322 -1.700776 1.335635
v 2.485322 -1.700776 1.488969
v 2.204149 -0.997833 0.988969
v 2.204149 -0.997833 0.735635
v 2.104149 -1.024628 0.735635
v 2.104149 -1.024628 0.988969
v 1.535969 -1.592808 0.735635
v 1.535969 -1.592808 0.988969
v 1.509174 -1.692808 0.735635
v 1.509174 -1.692808 0.988969
v 1.717142 -2.468956 0.735636
v 1.717142 -2.468956 0.988969
v 1.790347 -2.542161 0.735635
v 1.790347 -2.542161 0.988969
v 2.566495 -2.750129 0.735635
v 2.566496 -2.750129 0.988969
v 2.666496 -2.723334 0.735635
v 2.666496 -2.723334 0.988969
v 3.234675 -2.155154 0.735635
v 3.234675 -2.155154 0.988968
v 3.261470 -2.055156 0.735635
v 3.261470 -2.055156 0.988968
v 3.053502 -1.279006 0.735635
v 3.053502 -1.279006 0.988968
v 2.980297 -1.205801 0.735635
v 2.980297 -1.205801 0.988968
v 2.385322 -1.673981 1.612302
v 2.285322 -1.700776 1.612302
v 2.212117 -1.773981 1.612302
v 2.185322 -1.873981 1.612302
v 2.212117 -1.973981 1.612302
v 2.285322 -2.047186 1.612302
v 2.385322 -2.073981 1.612302
v 2.485322 -2.047186 1.612302
v 2.558527 -1.973981 1.612302
v 2.585322 -1.873981 1.612302
v 2.558527 -1.773981 1.612302
v 2.485322 -1.700776 1.612302
v 2.385322 -1.777509 1.512302
v 2.337086 -1.790434 1.512302
v 2.301775 -1.825745 1.512302
v 2.288850 -1.873981 1.512302
v 2.301775 -1.922217 1.512302
v 2.337086 -1.957529 1.512302
v 2.385322 -1.970454 1.512302
v 2.433558 -1.957529 1.512302
v 2.468870 -1.922217 1.512302
v 2.481794 -1.873981 1.512302
v 2.468870 -1.825745 1.512302
v 2.433558 -1.790434 1.512302
v 2.607606 -0.772183 0.961637
v 2.606724 -0.768193 1.342971
v 2.818634 -0.836197 0.961637
v 2.818360 -0.832392 1.342971
v 3.323484 -1.250516 0.961637
v 3.324665 -1.247905 1.342970
v 3.427437 -1.445000 0.961637
v 3.428918 -1.442950 1.342970
v 3.183585 -1.080049 0.961637
v 3.184363 -1.076947 1.342971
v 3.013118 -0.940150 0.961637
v 3.013405 -0.936645 1.342971
v 2.388145 -0.750567 0.961637
v 2.386630 -0.746516 1.342971
v 1.957655 -0.836197 0.961637
v 1.954900 -0.832392 1.342971
v 2.168683 -0.772183 0.961637
v 2.166536 -0.768193 1.342971
v 1.592704 -1.080049 0.961638
v 1.588897 -1.076947 1.342971
v 1.763171 -0.940152 0.961637
v 1.759855 -0.936645 1.342971
v 1.348852 -1.445000 0.961638
v 1.344342 -1.442950 1.342971
v 1.452806 -1.250516 0.961638
v 1.448596 -1.247905 1.342971
v 1.263222 -1.875489 0.961638
v 1.258466 -1.874680 1.342971
v 1.284837 -1.656028 0.961638
v 1.280143 -1.654586 1.342971
v 1.348852 -2.305979 0.961638
v 1.344342 -2.306410 1.342971
v 1.284837 -2.094951 0.961638
v 1.280143 -2.094774 1.342971
v 1.592704 -2.670930 0.961638
v 1.588897 -2.672413 1.342971
v 1.452806 -2.500463 0.961638
v 1.448596 -2.501455 1.342971
v 1.957655 -2.914783 0.961637
v 1.954900 -2.916968 1.342971
v 1.763171 -2.810829 0.961637
v 1.759856 -2.812715 1.342971
v 2.388145 -3.000412 0.961637
v 2.386630 -3.002845 1.342971
v 2.168683 -2.978797 0.961637
v 2.166536 -2.981168 1.342971
v 2.818634 -2.914783 0.961637
v 2.818360 -2.916968 1.342971
v 2.607606 -2.978797 0.961637
v 2.606724 -2.981168 1.342971
v 3.183585 -2.670930 0.961637
v 3.184363 -2.672413 1.342970
v 3.013118 -2.810829 0.961637
v 3.013405 -2.812715 1.342971
v 3.427437 -2.305979 0.961637
v 3.428918 -2.306410 1.342970
v 3.323484 -2.500463 0.961637
v 3.324665 -2.501455 1.342970
v 3.491452 -1.656028 0.961637
v 3.493118 -1.654586 1.342970
v 3.513067 -1.875489 0.961637
v 3.514795 -1.874680 1.342970
v 3.491452 -2.094951 0.961637
v 3.493118 -2.094774 1.342970
v 2.385322 -1.673981 0.897858
v 2.385322 -1.673981 0.800080
v 2.285322 -1.700776 0.800080
v 2.285322 -1.700776 0.897858
v 2.212117 -1.773981 0.800080
v 2.212117 -1.773981 0.897858
v 2.185322 -1.873981 0.800080
v 2.185322 -1.873981 0.897858
v 2.212117 -1.973981 0.800080
v 2.212117 -1.973981 0.897858
v 2.285322 -2.047186 0.800080
v 2.285322 -2.047186 0.897858
v 2.385322 -2.073982 0.800080
v 2.385322 -2.073982 0.897858
v 2.485322 -2.047186 0.800080
v 2.485322 -2.047186 0.897858
v 2.558527 -1.973981 0.800080
v 2.558527 -1.973981 0.897857
v 2.585322 -1.873981 0.800080
v 2.585322 -1.873981 0.897857
v 2.558527 -1.773981 0.800080
v 2.558527 -1.773981 0.897857
v 2.485322 -1.700776 0.800080
v 2.485322 -1.700776 0.897857
v 1.790347 -1.205802 0.800080
v 1.790347 -1.205802 0.897858
v 1.717142 -1.279007 0.800080
v 1.717142 -1.279007 0.897858
v 2.104148 -2.723334 0.800080
v 2.104148 -2.723334 0.897858
v 2.204148 -2.750129 0.800080
v 2.204148 -2.750129 0.897858
v 3.261470 -1.692808 0.800080
v 3.261470 -1.692808 0.897857
v 3.234675 -1.592808 0.800080
v 3.234675 -1.592808 0.897857
v 3.374028 -1.468452 0.637504
v 3.434666 -1.668351 0.637504
v 3.143035 -1.122748 0.637504
v 3.275556 -1.284225 0.637504
v 2.797331 -0.891756 0.637504
v 2.981558 -0.990228 0.637504
v 2.389545 -0.810642 0.637504
v 2.597433 -0.831117 0.637504
v 1.981759 -0.891756 0.637504
v 2.181657 -0.831117 0.637504
v 1.636055 -1.122748 0.637505
v 1.797532 -0.990228 0.637504
v 1.405063 -1.468452 0.637505
v 1.503534 -1.284225 0.637504
v 1.323949 -1.876238 0.637505
v 1.344424 -1.668351 0.637505
v 1.405063 -2.284024 0.637505
v 1.344424 -2.084126 0.637505
v 1.636055 -2.629729 0.637504
v 1.503534 -2.468252 0.637504
v 1.981759 -2.860721 0.637504
v 1.797532 -2.762249 0.637504
v 2.389545 -2.941834 0.637504
v 2.181658 -2.921359 0.637504
v 2.797331 -2.860721 0.637504
v 2.597433 -2.921359 0.637504
v 3.143035 -2.629729 0.637504
v 2.981559 -2.762249 0.637504
v 3.374028 -2.284024 0.637504
v 3.275556 -2.468252 0.637504
v 3.455141 -1.876238 0.637504
v 3.434666 -2.084126 0.637504
v 3.439413 -2.083621 1.667104
v 3.460065 -1.873931 1.667104
v 3.278923 -2.471078 1.667104
v 3.378249 -2.285253 1.667104
v 2.982376 -2.767625 1.667104
v 3.145253 -2.633955 1.667104
v 2.594920 -2.928115 1.667104
v 2.796552 -2.866951 1.667104
v 2.175539 -2.928115 1.667104
v 2.385229 -2.948767 1.667104
v 1.788083 -2.767625 1.667104
v 1.973908 -2.866951 1.667104
v 1.491536 -2.471078 1.667104
v 1.625206 -2.633955 1.667104
v 1.331046 -2.083621 1.667104
v 1.392210 -2.285254 1.667105
v 1.331046 -1.664241 1.667104
v 1.310394 -1.873931 1.667105
v 1.491536 -1.276784 1.667104
v 1.392210 -1.462610 1.667105
v 1.788082 -0.980238 1.667104
v 1.625205 -1.113908 1.667104
v 2.175539 -0.819748 1.667104
v 1.973907 -0.880913 1.667104
v 2.594920 -0.819748 1.667104
v 2.385229 -0.799095 1.667104
v 2.982376 -0.980238 1.667104
v 2.796552 -0.880913 1.667104
v 3.278923 -1.276784 1.667104
v 3.145253 -1.113907 1.667104
v 3.439413 -1.664241 1.667104
v 3.378249 -1.462610 1.667104
v 2.628658 -0.657504 1.341064
v 2.861457 -0.728123 1.341064
v 3.418392 -1.185188 1.341064
v 3.533071 -1.399737 1.341064
v 3.264060 -0.997133 1.341064
v 3.076006 -0.842802 1.341064
v 2.386554 -0.633659 1.341064
v 1.911651 -0.728123 1.341065
v 2.144451 -0.657504 1.341064
v 1.509048 -0.997134 1.341065
v 1.697102 -0.842802 1.341065
v 1.240038 -1.399737 1.341065
v 1.354717 -1.185188 1.341065
v 1.145574 -1.874640 1.341065
v 1.169419 -1.632536 1.341065
v 1.240038 -2.349543 1.341065
v 1.169419 -2.116743 1.341065
v 1.509048 -2.752146 1.341065
v 1.354717 -2.564092 1.341065
v 1.911652 -3.021156 1.341064
v 1.697103 -2.906478 1.341065
v 2.386554 -3.115621 1.341064
v 2.144451 -3.091776 1.341064
v 2.861457 -3.021156 1.341064
v 2.628658 -3.091776 1.341064
v 3.264060 -2.752146 1.341064
v 3.076006 -2.906477 1.341064
v 3.533071 -2.349542 1.341064
v 3.418392 -2.564092 1.341064
v 3.603690 -1.632536 1.341064
v 3.627535 -1.874640 1.341064
v 3.603690 -2.116743 1.341064
v 2.629628 -0.661892 0.963544
v 2.861758 -0.732308 0.963544
v 3.417093 -1.188059 0.963544
v 3.531442 -1.401992 0.963544
v 3.263204 -1.000545 0.963544
v 3.075691 -0.846657 0.963544
v 2.388220 -0.638116 0.963544
v 1.914682 -0.732308 0.963545
v 2.146812 -0.661892 0.963544
v 1.513236 -1.000546 0.963545
v 1.700749 -0.846659 0.963545
v 1.244998 -1.401992 0.963545
v 1.359348 -1.188059 0.963545
v 1.150806 -1.875530 0.963545
v 1.174582 -1.634122 0.963545
v 1.244998 -2.349068 0.963545
v 1.174582 -2.116938 0.963545
v 1.513236 -2.750514 0.963545
v 1.359348 -2.563001 0.963545
v 1.914682 -3.018752 0.963544
v 1.700750 -2.904403 0.963545
v 2.388220 -3.112945 0.963544
v 2.146812 -3.089168 0.963544
v 2.861758 -3.018752 0.963544
v 2.629628 -3.089168 0.963544
v 3.263204 -2.750514 0.963544
v 3.075691 -2.904402 0.963544
v 3.531442 -2.349068 0.963544
v 3.417093 -2.563001 0.963544
v 3.601858 -1.634123 0.963544
v 3.625635 -1.875530 0.963544
v 3.601858 -2.116938 0.963544
v 2.254799 -1.186862 1.308320
v 2.282029 -1.288486 1.446888
v 2.307442 -1.383328 1.531049
v 2.346103 -1.527614 1.553910
v 2.182029 -1.315281 1.446888
v 2.154799 -1.213657 1.308320
v 2.246103 -1.554409 1.553910
v 2.207442 -1.410123 1.531049
v 2.038955 -1.834762 1.553910
v 1.894669 -1.796101 1.531049
v 1.799827 -1.770688 1.446888
v 1.698203 -1.743458 1.308320
v 1.921464 -1.696101 1.531049
v 2.065750 -1.734762 1.553910
v 1.724998 -1.643458 1.308320
v 1.826622 -1.670688 1.446888
v 2.592471 -1.593628 1.553910
v 2.698095 -1.488003 1.531049
v 2.767524 -1.418574 1.446888
v 2.841918 -1.344180 1.308320
v 2.771300 -1.561209 1.531049
v 2.665676 -1.666833 1.553910
v 2.915123 -1.417385 1.308319
v 2.840729 -1.491779 1.446888
v 2.849180 -2.051862 1.531049
v 2.704895 -2.013201 1.553910
v 3.045646 -2.104504 1.308319
v 2.944022 -2.077274 1.446888
v 2.970817 -1.977274 1.446888
v 3.072441 -2.004504 1.308319
v 2.731690 -1.913200 1.553910
v 2.875975 -1.951861 1.531049
v 2.524541 -2.193554 1.553910
v 2.563202 -2.337839 1.531049
v 2.588615 -2.432681 1.446888
v 2.615846 -2.534305 1.308321
v 2.463203 -2.364634 1.531049
v 2.424541 -2.220349 1.553910
v 2.515845 -2.561100 1.308321
v 2.488615 -2.459476 1.446888
v 1.999344 -2.186754 1.531049
v 2.104969 -2.081130 1.553910
v 1.855521 -2.330577 1.308320
v 1.929915 -2.256183 1.446888
v 2.003120 -2.329388 1.446888
v 1.928726 -2.403782 1.308321
v 2.178174 -2.154335 1.553910
v 2.072550 -2.259959 1.531049
v 2.385322 -1.673981 0.279635
v 2.285322 -1.700776 0.279635
v 2.212117 -1.773981 0.279635
v 2.185322 -1.873981 0.279635
v 2.212117 -1.973981 0.279635
v 2.285322 -2.047186 0.279635
v 2.385322 -2.073982 0.279635
v 2.485322 -2.047186 0.279635
v 2.558527 -1.973981 0.279635
v 2.585322 -1.873981 0.279635
v 2.558527 -1.773981 0.279635
v 2.485322 -1.700776 0.279635
v 2.255322 -1.648815 -0.001944
v 2.385322 -1.613981 -0.001944
v 2.385322 -1.613981 0.279589
v 2.160155 -1.743981 -0.001944
v 2.125322 -1.873981 -0.001944
v 2.160155 -2.003981 -0.001944
v 2.255322 -2.099149 -0.001944
v 2.385322 -2.133981 -0.001944
v 2.515322 -2.099149 -0.001944
v 2.610488 -2.003981 -0.001944
v 2.645322 -1.873981 -0.001944
v 2.610488 -1.743981 -0.001944
v 2.515322 -1.648815 -0.001944
v 2.255322 -1.648815 0.279589
v 2.160155 -1.743981 0.279589
v 2.125322 -1.873981 0.279589
v 2.160155 -2.003981 0.279589
v 2.255322 -2.099149 0.279589
v 2.385322 -2.133981 0.279589
v 2.515322 -2.099149 0.279589
v 2.610488 -2.003981 0.279589
v 2.645322 -1.873981 0.279589
v 2.610488 -1.743981 0.279589
v 2.515322 -1.648815 0.279589
v 2.016403 -0.983330 1.672304
v 2.197249 -0.928471 1.672304
v 2.197249 -2.819491 1.672304
v 2.016403 -2.764632 1.672304
v 2.385323 -0.909947 1.672304
v 1.849734 -2.675546 1.672304
v 2.573396 -0.928471 1.672304
v 1.703648 -2.555656 1.672304
v 2.754242 -0.983330 1.672304
v 1.583758 -2.409569 1.672304
v 2.920911 -1.072416 1.672304
v 1.494671 -2.242901 1.672304
v 3.349356 -1.873981 1.672303
v 3.330833 -2.062055 1.672303
v 3.066997 -1.192306 1.672304
v 1.439812 -2.062055 1.672304
v 3.275974 -2.242901 1.672303
v 3.186887 -1.338393 1.672303
v 1.421289 -1.873981 1.672304
v 3.186887 -2.409569 1.672303
v 3.275974 -1.505061 1.672303
v 1.439812 -1.685907 1.672304
v 3.066997 -2.555656 1.672303
v 3.330833 -1.685907 1.672303
v 1.494671 -1.505061 1.672304
v 2.920911 -2.675546 1.672304
v 1.583758 -1.338393 1.672304
v 2.754242 -2.764632 1.672304
v 1.703648 -1.192306 1.672304
v 2.573396 -2.819491 1.672304
v 1.849734 -1.072416 1.672304
v 2.385323 -2.838015 1.672304
v 3.328561 -2.062296 0.632304
v 3.273954 -2.242313 0.632304
v 3.185276 -2.408217 0.632304
v 3.065936 -2.553633 0.632304
v 2.920519 -2.672974 0.632304
v 2.754615 -2.761652 0.632304
v 2.574598 -2.816259 0.632304
v 2.387387 -2.834698 0.632304
v 2.200176 -2.816259 0.632304
v 2.020159 -2.761652 0.632304
v 1.854255 -2.672974 0.632304
v 1.708839 -2.553633 0.632304
v 1.589498 -2.408217 0.632304
v 1.500821 -2.242313 0.632304
v 1.446213 -2.062296 0.632304
v 1.427774 -1.875085 0.632304
v 1.446213 -1.687874 0.632304
v 1.500821 -1.507857 0.632304
v 1.589499 -1.341953 0.632304
v 1.708838 -1.196536 0.632304
v 1.854255 -1.077196 0.632304
v 2.020159 -0.988518 0.632304
v 2.200176 -0.933911 0.632304
v 2.387387 -0.915472 0.632304
v 2.574598 -0.933911 0.632304
v 2.754615 -0.988518 0.632304
v 2.920519 -1.077196 0.632304
v 3.065936 -1.196536 0.632304
v 3.185276 -1.341953 0.632304
v 3.273954 -1.507857 0.632304
v 3.328561 -1.687874 0.632304
v 3.347000 -1.875085 0.632304
v 2.355321 -1.562015 1.385314
v 2.299828 -1.354911 1.352499
v 2.289643 -1.316903 1.318771
v 2.250558 -1.171035 1.119874
v 2.199828 -1.381706 1.352499
v 2.255321 -1.588810 1.385314
v 2.150558 -1.197830 1.119874
v 2.189643 -1.343698 1.318772
v 1.682375 -1.739217 1.119874
v 1.828244 -1.778302 1.318772
v 1.866252 -1.788487 1.352499
v 2.073356 -1.843980 1.385314
v 2.100151 -1.743980 1.385314
v 1.893047 -1.688487 1.352499
v 1.855039 -1.678303 1.318772
v 1.709170 -1.639217 1.119874
v 2.853504 -1.332594 1.119874
v 2.746721 -1.439377 1.318771
v 2.718897 -1.467201 1.352499
v 2.567287 -1.618811 1.385314
v 2.819927 -1.512582 1.318771
v 2.926709 -1.405799 1.119874
v 2.640492 -1.692016 1.385314
v 2.792102 -1.540406 1.352499
v 2.904392 -1.959476 1.352499
v 2.697288 -1.903983 1.385314
v 3.088269 -2.008745 1.119874
v 2.942400 -1.969660 1.318771
v 2.915605 -2.069660 1.318771
v 3.061474 -2.108745 1.119874
v 2.670494 -2.003983 1.385314
v 2.877597 -2.059476 1.352499
v 2.620086 -2.550133 1.119874
v 2.581001 -2.404264 1.318772
v 2.570817 -2.366256 1.352499
v 2.515323 -2.159153 1.385314
v 2.481001 -2.431059 1.318772
v 2.520086 -2.576928 1.119874
v 2.415323 -2.185948 1.385314
v 2.470817 -2.393051 1.352499
v 2.130152 -2.055946 1.385314
v 1.978542 -2.207557 1.352499
v 1.950718 -2.235381 1.318772
v 1.843935 -2.342164 1.119874
v 2.051747 -2.280762 1.352499
v 2.203357 -2.129151 1.385314
v 1.917140 -2.415369 1.119874
v 2.023923 -2.308586 1.318772
v 0.221579 -0.298158 -0.198480
v 0.221579 -0.298158 0.201520
v 0.595160 -0.200487 -0.198480
v 0.497480 -0.298157 -0.198480
v 0.497543 0.186181 -0.198480
v 0.595192 0.089869 -0.198480
v 0.497480 -0.298157 0.201520
v 0.595160 -0.200487 0.201520
v 0.595192 0.089869 0.201520
v 0.497543 0.186181 0.201520
v -0.053745 0.178522 -0.198480
v -0.227426 0.137782 -0.198480
v -0.053744 0.178522 0.201520
v -0.227426 0.137782 0.201520
vn -0.0000 -0.0000 1.0000
vn -0.0000 -0.0000 -1.0000
vn 0.7993 -0.6010 -0.0000
vn 0.6165 -0.7874 -0.0000
vn -0.6093 -0.7929 -0.0000
vn -0.2494 -0.9684 -0.0000
vn 0.0098 -1.0000 -0.0000
vn 0.5084 -0.8611 -0.0000
vn 0.7927 0.6097 -0.0000
vn 0.9634 0.2682 -0.0000
vn 1.0000 0.0098 -0.0000
vn 0.8709 -0.4915 -0.0000
vn 0.0169 0.9999 -0.0000
vn -0.1763 0.9843 -0.0000
vn -0.9808 -0.1951 -0.0000
vn -0.9804 0.1968 -0.0000
vn -0.0001 -1.0000 -0.0000
vn -0.1953 -0.9807 -0.0000
vn -0.3830 -0.9237 -0.0000
vn -0.9239 -0.3826 -0.0000
vn -0.9225 0.3860 -0.0000
vn -0.3629 0.9318 -0.0000
vn -0.7019 -0.7123 -0.0000
vn -0.7085 -0.7057 -0.0000
vn 0.7124 0.7018 -0.0000
vn 0.3827 0.9239 -0.0000
vn 0.7071 0.7071 -0.0000
vn -0.1482 -0.9889 -0.0067
vn 0.0015 -1.0000 0.0019
vn -0.4262 -0.9046 0.0067
vn 0.3396 -0.9406 -0.0044
vn -0.0461 0.9989 -0.0042
vn 0.3396 0.9406 0.0044
vn 0.3827 -0.9239 -0.0000
vn -0.1951 0.9807 0.0087
vn 0.7390 -0.6737 0.0044
vn -0.5153 0.8570 -0.0063
vn -0.7071 0.7071 0.0091
vn 0.9233 -0.3840 -0.0019
vn 0.7071 -0.7071 -0.0000
vn -0.8323 0.5543 -0.0019
vn -0.8049 -0.5934 0.0044
vn 1.0000 0.0015 -0.0019
vn 0.9807 -0.1951 0.0091
vn -0.8315 -0.5556 -0.0000
vn -0.9707 0.2402 0.0044
vn 0.9406 0.3396 0.0044
vn 0.9239 0.3827 -0.0000
vn -0.5568 -0.8307 -0.0019
vn -0.9808 0.1951 -0.0000
vn 0.6911 0.6960 0.1950
vn 0.6926 0.6986 -0.1798
vn 0.6926 0.6986 0.1798
vn -0.1419 -0.1396 -0.9800
vn -0.2926 -0.2901 -0.9112
vn -0.1488 -0.1476 -0.9778
vn -0.6602 -0.6469 -0.3816
vn -0.7019 -0.6889 -0.1808
vn -0.6669 -0.6558 -0.3539
vn 0.6911 0.6960 -0.1950
vn 0.6582 0.6639 -0.3549
vn 0.2717 0.2709 -0.9235
vn 0.1496 0.1504 -0.9772
vn 0.2913 0.2928 -0.9107
vn -0.7018 -0.6889 0.1814
vn -0.6602 -0.6469 0.3816
vn -0.6669 -0.6558 0.3538
vn -0.2926 -0.2901 0.9112
vn -0.1419 -0.1396 0.9800
vn -0.1488 -0.1476 0.9778
vn 0.1501 0.1508 0.9771
vn 0.2717 0.2709 0.9235
vn 0.2913 0.2928 0.9107
vn 0.6582 0.6639 0.3549
vn 0.1360 0.1355 -0.9814
vn 0.1360 0.1356 0.9814
vn -0.7007 -0.6865 0.1942
vn -0.7007 -0.6865 -0.1942
vn -0.2729 -0.2684 -0.9238
vn 0.6516 0.6550 -0.3827
vn -0.7020 -0.6890 0.1803
vn -0.6601 -0.6468 0.3821
vn -0.2729 -0.2684 0.9238
vn 0.1492 0.1500 0.9774
vn 0.2711 0.2702 0.9239
vn 0.6516 0.6550 0.3827
vn -0.0000 -1.0000 -0.0000
vn 0.1951 -0.9808 -0.0000
vn -0.1951 -0.9808 -0.0000
vn -0.3827 -0.9239 -0.0000
vn -0.5556 -0.8315 -0.0000
vn 0.5556 -0.8315 -0.0000
vn -0.7071 -0.7071 -0.0000
vn 0.8315 -0.5556 -0.0000
vn -0.9239 -0.3827 -0.0000
vn 0.9239 -0.3827 -0.0000
vn 0.9808 -0.1951 -0.0000
vn 1.0000 -0.0000 -0.0000
vn -1.0000 -0.0000 -0.0000
vn 0.9808 0.1951 -0.0000
vn -0.9239 0.3827 -0.0000
vn 0.8315 0.5556 -0.0000
vn -0.8315 0.5556 -0.0000
vn -0.7071 0.7071 -0.0000
vn -0.5556 0.8315 -0.0000
vn 0.5556 0.8315 -0.0000
vn -0.3827 0.9239 -0.0000
vn -0.1951 0.9808 -0.0000
vn 0.1951 0.9808 -0.0000
vn -0.0000 1.0000 -0.0000
vn -0.0007 -0.0004 1.0000
vn -0.0008 -0.0000 1.0000
vn 0.0007 0.0004 1.0000
vn 0.0004 0.0007 1.0000
vn -0.0004 0.0007 1.0000
vn -0.0000 0.0008 1.0000
vn 0.0004 -0.0007 1.0000
vn 0.0007 -0.0004 1.0000
vn -0.0004 -0.0007 1.0000
vn -0.0007 0.0004 1.0000
vn 0.0008 -0.0000 1.0000
vn -0.0000 -0.0008 1.0000
vn 0.4210 0.9071 -0.0000
vn 0.0890 0.9960 -0.0000
vn 0.9960 0.0890 -0.0000
vn 0.9071 0.4210 -0.0000
vn 0.5751 -0.8181 -0.0000
vn 0.8181 -0.5751 -0.0000
vn 0.3805 -0.1020 -0.9191
vn 0.1219 -0.0327 -0.9920
vn -0.4210 -0.9071 -0.0000
vn -0.0890 -0.9960 -0.0000
vn -0.9960 -0.0890 -0.0000
vn -0.9071 -0.4210 -0.0000
vn -0.5751 0.8181 -0.0000
vn -0.8181 0.5751 -0.0000
vn 0.6806 0.6806 0.2714
vn 0.9659 -0.2588 -0.0000
vn 0.9297 -0.2491 0.2714
vn 0.2588 -0.9659 -0.0000
vn 0.2491 -0.9297 0.2714
vn -0.6806 -0.6806 0.2714
vn -0.9659 0.2588 -0.0000
vn -0.9297 0.2491 0.2714
vn -0.2491 0.9297 0.2714
vn -0.2588 0.9659 -0.0000
vn -0.5838 -0.5838 0.5643
vn 0.7974 -0.2137 0.5643
vn 0.2785 0.2785 -0.9191
vn 0.0892 0.0892 -0.9920
vn 0.2588 0.9659 -0.0000
vn 0.1020 -0.3805 -0.9191
vn 0.0327 -0.1219 -0.9920
vn -0.3805 0.1020 -0.9191
vn -0.1219 0.0327 -0.9920
vn 0.2785 0.2785 0.9191
vn 0.0892 0.0892 0.9920
vn -0.3805 0.1020 0.9191
vn -0.1219 0.0327 0.9920
vn 0.9659 0.2588 -0.0000
vn 0.8270 -0.2216 -0.5167
vn 0.8753 -0.2345 -0.4229
vn 0.2216 -0.8270 -0.5167
vn 0.2345 -0.8753 -0.4229
vn 0.1020 -0.3805 0.9191
vn 0.0327 -0.1219 0.9920
vn -0.1080 0.4029 0.9089
vn -0.1884 0.7029 0.6859
vn -0.2588 -0.9659 -0.0000
vn -0.6054 -0.6054 -0.5167
vn -0.6408 -0.6408 -0.4229
vn 0.4029 -0.1080 -0.9089
vn 0.7029 -0.1884 -0.6859
vn -0.7974 0.2137 0.5643
vn 0.3805 -0.1020 0.9191
vn 0.1219 -0.0327 0.9920
vn -0.4029 0.1080 0.9089
vn -0.7029 0.1884 0.6859
vn -0.2949 -0.2949 -0.9089
vn -0.5146 -0.5146 -0.6859
vn 0.5838 0.5838 0.5643
vn -0.2785 -0.2785 0.9191
vn -0.0892 -0.0892 0.9920
vn 0.2949 0.2949 0.9089
vn 0.5146 0.5146 0.6859
vn -0.4029 0.1080 -0.9089
vn -0.7029 0.1884 -0.6859
vn 0.4029 -0.1080 0.9089
vn 0.7029 -0.1884 0.6859
vn 0.4029 -0.1079 0.9089
vn -0.8270 0.2216 -0.5167
vn -0.8753 0.2345 -0.4229
vn -0.2216 0.8270 -0.5167
vn -0.2345 0.8753 -0.4229
vn -0.9659 -0.2588 -0.0000
vn -0.1080 0.4029 -0.9089
vn -0.1884 0.7029 -0.6859
vn 0.2137 -0.7974 0.5643
vn -0.1020 0.3805 0.9191
vn -0.0327 0.1219 0.9920
vn 0.1080 -0.4029 0.9089
vn 0.1884 -0.7029 0.6859
vn -0.2949 -0.2949 0.9089
vn -0.5146 -0.5146 0.6859
vn 0.6054 0.6054 -0.5167
vn 0.6408 0.6408 -0.4229
vn -0.2785 -0.2785 -0.9191
vn -0.0892 -0.0892 -0.9920
vn 0.2949 0.2949 -0.9089
vn 0.5146 0.5146 -0.6859
vn 0.5000 0.8660 -0.0000
vn 0.8181 0.5751 -0.0000
vn 0.9960 -0.0890 -0.0000
vn 0.8660 -0.5000 -0.0000
vn 0.5000 -0.8660 -0.0000
vn 0.0890 -0.9960 -0.0000
vn -0.5751 -0.8181 -0.0000
vn -0.8660 -0.5000 -0.0000
vn -0.9071 0.4210 -0.0000
vn -0.4210 0.9071 -0.0000
vn -0.2137 0.7974 0.5643
vn 0.8660 0.5000 -0.0000
vn -0.5000 -0.8660 -0.0000
vn -0.8660 0.5000 -0.0000
vn -0.5000 0.8660 -0.0000
vn 0.1883 -0.7029 -0.6859
vn -0.1020 0.3805 -0.9191
vn -0.0327 0.1219 -0.9920
vn 0.1080 -0.4029 -0.9089
vn 0.1079 -0.4029 -0.9089
vn 0.7748 -0.6319 -0.0168
vn 0.7749 -0.6319 0.0169
vn 0.7748 -0.6319 0.0168
vn 0.6634 -0.7459 -0.0590
vn 0.6977 -0.7111 -0.0870
vn 0.6970 -0.7118 -0.0868
vn 0.6634 -0.7459 0.0590
vn 0.6977 -0.7111 0.0870
vn 0.6654 -0.7440 0.0617
vn 0.7243 -0.6840 -0.0862
vn 0.7230 -0.6855 -0.0861
vn -0.6613 -0.6613 -0.3539
vn -0.6956 -0.6956 -0.1800
vn -0.6613 -0.6613 0.3539
vn -0.6956 -0.6956 0.1800
vn -0.6956 -0.6956 0.1797
vn -0.1505 -0.1505 0.9771
vn -0.2920 -0.2920 0.9107
vn -0.1501 -0.1501 -0.9772
vn -0.2920 -0.2920 -0.9107
vn -0.1486 -0.1486 -0.9777
vn 0.6956 0.6956 -0.1800
vn 0.6956 0.6956 0.1797
vn 0.6957 0.6956 0.1795
vn 0.2920 0.2920 -0.9107
vn 0.1501 0.1501 -0.9772
vn 0.1486 0.1486 0.9777
vn -0.1486 -0.1486 0.9777
vn -0.1497 -0.1497 0.9773
vn 0.6955 0.6955 0.1805
vn 0.6614 0.6614 0.3539
vn 0.6614 0.6614 -0.3539
vn 0.6956 0.6956 -0.1797
vn 0.1486 0.1486 -0.9777
vn -0.6956 -0.6956 -0.1797
vn 0.2920 0.2920 0.9107
vn 0.1501 0.1501 0.9772
vn 0.7558 -0.6523 -0.0573
vn 0.7749 -0.6319 -0.0169
vn 0.7538 -0.6543 -0.0598
vn 0.7558 -0.6523 0.0573
vn 0.7230 -0.6855 0.0861
vn 0.7243 -0.6840 0.0862
vn 0.6420 -0.7665 0.0177
vn 0.6419 -0.7666 0.0178
vn 0.6419 -0.7666 -0.0178
vn 0.6420 -0.7665 -0.0177
vn 0.6654 -0.7440 -0.0617
vn 0.6970 -0.7118 0.0868
vn 0.7538 -0.6543 0.0598
vn 0.0025 0.0014 1.0000
vn -0.0001 -0.0001 -1.0000
vn 0.0392 0.0119 -0.9992
vn 0.0407 -0.0040 -0.9992
vn 0.0391 0.0119 -0.9992
vn 0.0317 0.0260 -0.9992
vn 0.0316 0.0260 -0.9992
vn 0.0193 0.0362 -0.9992
vn 0.0193 0.0361 -0.9992
vn 0.0040 0.0408 -0.9992
vn -0.0119 0.0393 -0.9992
vn -0.0119 0.0392 -0.9992
vn -0.0261 0.0318 -0.9992
vn -0.0260 0.0317 -0.9992
vn -0.0362 0.0194 -0.9992
vn -0.0409 0.0040 -0.9992
vn -0.0393 -0.0119 -0.9992
vn -0.0317 -0.0260 -0.9992
vn -0.0193 -0.0361 -0.9992
vn -0.0193 -0.0362 -0.9992
vn -0.0040 -0.0407 -0.9992
vn -0.0040 -0.0408 -0.9992
vn 0.0119 -0.0391 -0.9992
vn 0.0119 -0.0392 -0.9992
vn 0.0259 -0.0316 -0.9992
vn 0.0360 -0.0193 -0.9992
vn -0.0118 0.0388 0.9992
vn -0.0191 -0.0358 0.9992
vn -0.0040 -0.0405 0.9992
vn -0.0192 -0.0359 0.9992
vn 0.0040 0.0404 0.9992
vn -0.0314 -0.0257 0.9992
vn -0.0314 -0.0258 0.9992
vn 0.0192 0.0359 0.9992
vn -0.0388 -0.0118 0.9992
vn 0.0405 -0.0040 0.9992
vn 0.0191 0.0358 0.9992
vn 0.0315 0.0258 0.9992
vn 0.0359 -0.0192 0.9992
vn 0.0314 0.0258 0.9992
vn -0.0403 0.0040 0.9992
vn 0.0390 0.0118 0.9992
vn -0.0404 0.0040 0.9992
vn 0.0258 -0.0315 0.9992
vn 0.0389 0.0118 0.9992
vn -0.0357 0.0191 0.9992
vn 0.0118 -0.0389 0.9992
vn 0.0118 -0.0390 0.9992
vn -0.0257 0.0313 0.9992
vn -0.0040 -0.0404 0.9992
vn 0.2874 0.9476 0.1397
vn 0.2780 0.9165 0.2875
vn 0.2875 0.9477 0.1389
vn 0.8729 0.4666 0.1429
vn 0.8439 0.4511 0.2904
vn 0.8730 0.4666 0.1422
vn -0.3832 0.9236 -0.0039
vn -0.3822 0.9241 -0.0037
vn -0.3820 0.9241 -0.0037
vn 0.6280 0.7652 0.1414
vn 0.6073 0.7400 0.2890
vn 0.6281 0.7653 0.1406
vn 0.1945 -0.9809 0.0031
vn 0.1935 -0.9811 0.0034
vn 0.1947 -0.9809 0.0030
vn -0.3808 0.9246 -0.0042
vn -0.3806 0.9247 -0.0042
vn -0.0719 0.0877 -0.9936
vn -0.0719 0.0876 -0.9936
vn -0.5556 -0.8314 -0.0005
vn -0.5555 -0.8315 -0.0005
vn 0.1075 0.0326 0.9937
vn -0.7658 0.6285 0.1360
vn -0.7411 0.6082 0.2844
vn -0.7658 0.6285 0.1359
vn -0.4670 0.8736 0.1368
vn -0.4519 0.8454 0.2849
vn -0.4670 0.8737 0.1364
vn -0.0971 0.9856 0.1381
vn -0.0939 0.9536 0.2860
vn -0.0971 0.9857 0.1374
vn 0.5561 -0.8311 0.0044
vn 0.5551 -0.8318 0.0042
vn 0.5562 -0.8310 0.0044
vn -0.5554 -0.8316 -0.0005
vn -0.9539 -0.0940 0.2849
vn -0.9858 -0.0971 0.1368
vn -0.9859 -0.0971 0.1364
vn -0.9174 0.2783 0.2844
vn -0.9480 0.2876 0.1360
vn -0.9481 0.2876 0.1359
vn 0.5549 -0.8319 0.0043
vn 0.5537 -0.8327 0.0047
vn -0.0329 0.1084 -0.9936
vn -0.6076 -0.7404 0.2875
vn -0.6282 -0.7654 0.1397
vn -0.6282 -0.7655 0.1389
vn -0.8451 -0.4517 0.2860
vn -0.8735 -0.4669 0.1381
vn -0.8736 -0.4669 0.1374
vn 0.3826 0.9239 -0.0005
vn 0.3827 0.9239 -0.0005
vn 0.3828 0.9238 -0.0005
vn 0.0868 0.0712 0.9937
vn -0.9242 0.3820 -0.0050
vn -0.9236 0.3833 -0.0048
vn -0.9235 0.3835 -0.0048
vn 0.3829 0.9238 -0.0005
vn 0.7393 -0.6067 0.2921
vn 0.7649 -0.6277 0.1444
vn 0.7649 -0.6278 0.1443
vn 0.4509 -0.8436 0.2915
vn 0.4665 -0.8727 0.1439
vn 0.4665 -0.8728 0.1435
vn 0.0938 -0.9523 0.2904
vn 0.0970 -0.9850 0.1429
vn 0.0970 -0.9851 0.1422
vn -0.2779 -0.9161 0.2890
vn -0.2874 -0.9473 0.1414
vn -0.2874 -0.9474 0.1406
vn 0.9848 0.0970 0.1439
vn 0.9520 0.0938 0.2915
vn 0.9849 0.0970 0.1435
vn -0.9229 0.3851 -0.0054
vn -0.9227 0.3854 -0.0054
vn 0.9469 -0.2872 0.1444
vn 0.9152 -0.2776 0.2921
vn 0.9469 -0.2873 0.1443
vn 0.0111 0.1127 -0.9936
vn -0.8317 -0.5553 -0.0024
vn -0.8313 -0.5558 -0.0023
vn -0.8317 -0.5552 -0.0024
vn 0.0529 0.0989 0.9937
vn 0.9131 -0.2770 -0.2992
vn 0.9458 -0.2869 -0.1519
vn 0.9459 -0.2869 -0.1518
vn 0.9809 -0.1944 0.0048
vn 0.9807 -0.1957 0.0046
vn 0.9809 -0.1943 0.0048
vn -0.8312 -0.5559 -0.0023
vn -0.8308 -0.5566 -0.0025
vn 0.9494 0.0935 -0.2997
vn 0.9835 0.0969 -0.1527
vn 0.9836 0.0969 -0.1523
vn -0.2867 -0.9453 -0.1556
vn -0.2767 -0.9122 -0.3022
vn -0.2868 -0.9454 -0.1548
vn 0.0968 -0.9833 -0.1540
vn 0.0935 -0.9491 -0.3008
vn 0.0969 -0.9834 -0.1533
vn 0.4659 -0.8716 -0.1527
vn 0.4497 -0.8414 -0.2997
vn 0.4659 -0.8716 -0.1523
vn 0.7640 -0.6270 -0.1519
vn 0.7376 -0.6053 -0.2992
vn 0.7641 -0.6270 -0.1518
vn 0.9806 -0.1960 0.0046
vn 0.9803 -0.1976 0.0052
vn 0.0533 0.0998 -0.9936
vn 0.7073 0.7069 0.0015
vn 0.7070 0.7072 0.0014
vn 0.7069 0.7073 0.0014
vn 0.0110 0.1115 0.9937
vn -0.1949 -0.9808 0.0015
vn -0.1943 -0.9809 0.0016
vn -0.1942 -0.9810 0.0016
vn 0.7066 0.7076 0.0016
vn 0.7065 0.7077 0.0016
vn -0.0004 1.0000 -0.0024
vn -0.0012 1.0000 -0.0025
vn 0.0874 0.0717 -0.9936
vn -0.8707 -0.4654 -0.1587
vn -0.8399 -0.4489 -0.3052
vn -0.8708 -0.4655 -0.1580
vn -0.6265 -0.7634 -0.1573
vn -0.6044 -0.7365 -0.3038
vn -0.6266 -0.7635 -0.1564
vn -0.9809 -0.1945 -0.0039
vn -0.9807 -0.1956 -0.0037
vn -0.0325 0.1072 0.9937
vn 0.1956 -0.9807 0.0032
vn 0.1967 -0.9805 0.0034
vn 0.1969 -0.9804 0.0034
vn -0.9806 -0.1958 -0.0037
vn -0.9804 -0.1971 -0.0042
vn -0.9446 0.2865 -0.1603
vn -0.9108 0.2763 -0.3068
vn -0.9446 0.2865 -0.1601
vn -0.9824 -0.0968 -0.1598
vn -0.9474 -0.0933 -0.3062
vn -0.9825 -0.0968 -0.1593
vn -0.5558 -0.8313 -0.0005
vn 0.1081 0.0328 -0.9936
vn 0.9241 0.3822 0.0032
vn 0.9237 0.3831 0.0030
vn 0.9237 0.3832 0.0031
vn -0.0710 0.0865 0.9937
vn -0.0933 0.9477 -0.3052
vn -0.0968 0.9826 -0.1587
vn -0.0968 0.9827 -0.1580
vn -0.4488 0.8396 -0.3062
vn -0.4653 0.8706 -0.1598
vn -0.4487 0.8396 -0.3062
vn -0.4654 0.8707 -0.1593
vn -0.7357 0.6038 -0.3068
vn -0.7630 0.6262 -0.1603
vn -0.7630 0.6262 -0.1601
vn 0.3824 0.9240 -0.0005
vn 0.9232 0.3842 0.0034
vn 0.9232 0.3844 0.0034
vn -0.8321 -0.5545 -0.0025
vn -0.8322 -0.5544 -0.0025
vn -0.9806 0.1958 -0.0048
vn -0.9809 0.1945 -0.0046
vn -0.9806 0.1959 -0.0048
vn -0.0987 0.0528 0.9937
vn 0.7076 0.7066 0.0016
vn -0.9809 0.1942 -0.0046
vn -0.9813 0.1926 -0.0051
vn -0.9812 -0.1931 -0.0041
vn -0.9812 -0.1929 -0.0042
vn 1.0000 -0.0007 0.0044
vn 1.0000 0.0006 0.0042
vn 1.0000 0.0008 0.0043
vn -0.1114 0.0110 0.9937
vn 0.6047 0.7369 -0.3022
vn 0.6267 0.7636 -0.1556
vn 0.6267 0.7637 -0.1548
vn 0.9245 0.3812 0.0034
vn 1.0000 0.0023 0.0047
vn 1.0000 0.0026 0.0048
vn 0.8411 0.4496 -0.3008
vn 0.8714 0.4658 -0.1540
vn 0.8715 0.4658 -0.1533
vn 0.2766 0.9117 -0.3037
vn 0.2867 0.9450 -0.1573
vn 0.2766 0.9117 -0.3038
vn 0.2867 0.9452 -0.1564
vn 0.7529 0.6179 0.2269
vn 0.6889 0.5654 0.4535
vn 0.7531 0.6180 0.2256
vn 0.4593 0.8592 0.2253
vn 0.4204 0.7866 0.4523
vn 0.4594 0.8595 0.2239
vn 0.0955 0.9700 0.2236
vn 0.0875 0.8882 0.4510
vn 0.0956 0.9703 0.2223
vn -0.2830 0.9330 0.2221
vn -0.2592 0.8546 0.4500
vn -0.2831 0.9333 0.2211
vn -0.6187 0.7539 0.2209
vn -0.5668 0.6906 0.4493
vn -0.6188 0.7540 0.2204
vn -0.8602 0.4598 0.2204
vn -0.7880 0.4212 0.4490
vn -0.8891 0.0876 0.4493
vn -0.9706 0.0956 0.2209
vn -0.9707 0.0956 0.2204
vn -0.8546 -0.2592 0.4500
vn -0.9330 -0.2830 0.2221
vn -0.9333 -0.2831 0.2211
vn -0.6899 -0.5662 0.4510
vn -0.7534 -0.6183 0.2236
vn -0.7537 -0.6185 0.2223
vn -0.4204 -0.7866 0.4523
vn -0.4593 -0.8592 0.2253
vn -0.4594 -0.8595 0.2239
vn -0.0874 -0.8869 0.4535
vn -0.0955 -0.9692 0.2269
vn -0.0955 -0.9695 0.2256
vn 0.2586 -0.8523 0.4546
vn 0.2826 -0.9317 0.2281
vn 0.2827 -0.9319 0.2271
vn 0.5648 -0.6882 0.4553
vn 0.6176 -0.7525 0.2288
vn 0.6176 -0.7526 0.2282
vn 0.7851 -0.4196 0.4556
vn 0.8585 -0.4589 0.2288
vn 0.9688 -0.0954 0.2288
vn 0.8860 -0.0873 0.4553
vn 0.9689 -0.0954 0.2282
vn 0.9317 0.2826 0.2281
vn 0.8523 0.2586 0.4546
vn 0.9319 0.2827 0.2271
vn 0.8486 0.2574 -0.4622
vn 0.9295 0.2820 -0.2377
vn 0.9297 0.2820 -0.2367
vn 0.8829 -0.0870 -0.4615
vn 0.9669 -0.0952 -0.2366
vn 0.9671 -0.0952 -0.2361
vn 0.8570 -0.4581 -0.2360
vn 0.7825 -0.4183 -0.4612
vn 0.6164 -0.7511 -0.2366
vn 0.5628 -0.6858 -0.4615
vn 0.6165 -0.7512 -0.2361
vn 0.2820 -0.9295 -0.2377
vn 0.2574 -0.8486 -0.4622
vn 0.2820 -0.9297 -0.2367
vn -0.0952 -0.9663 -0.2392
vn -0.0869 -0.8820 -0.4632
vn -0.0952 -0.9666 -0.2380
vn -0.4575 -0.8560 -0.2409
vn -0.4175 -0.7810 -0.4645
vn -0.4577 -0.8563 -0.2395
vn -0.7499 -0.6155 -0.2424
vn -0.6841 -0.5614 -0.4657
vn -0.7502 -0.6157 -0.2412
vn -0.9281 -0.2815 -0.2436
vn -0.8463 -0.2567 -0.4667
vn -0.9283 -0.2816 -0.2427
vn -0.9650 0.0950 -0.2443
vn -0.8798 0.0867 -0.4674
vn -0.9652 0.0951 -0.2438
vn -0.7795 0.4167 -0.4676
vn -0.8552 0.4571 -0.2444
vn -0.5608 0.6834 -0.4674
vn -0.6152 0.7496 -0.2443
vn -0.6152 0.7497 -0.2438
vn -0.2567 0.8463 -0.4667
vn -0.2815 0.9281 -0.2436
vn -0.2816 0.9283 -0.2427
vn 0.0867 0.8807 -0.4657
vn 0.0951 0.9655 -0.2424
vn 0.0951 0.9658 -0.2412
vn 0.4175 0.7810 -0.4645
vn 0.4575 0.8560 -0.2409
vn 0.4577 0.8563 -0.2395
vn 0.6851 0.5622 -0.4632
vn 0.7506 0.6160 -0.2392
vn 0.7508 0.6162 -0.2380
vn -0.1000 0.0535 -0.9935
vn -0.7065 0.7077 -0.0046
vn -0.7053 0.7089 -0.0051
vn -0.7051 0.7091 -0.0052
vn 0.0004 1.0000 -0.0023
vn 0.0012 1.0000 -0.0025
vn 0.0014 1.0000 -0.0026
vn -0.7076 0.7066 -0.0048
vn -0.7067 0.7075 -0.0046
vn 0.0003 1.0000 -0.0023
vn -0.1129 0.0111 -0.9935
vn 0.8310 -0.5563 0.0048
vn 0.8300 -0.5577 0.0053
vn 0.8311 -0.5561 0.0048
vn -0.1954 -0.9807 0.0014
vn -0.1958 -0.9806 0.0016
vn -0.1953 -0.9807 0.0014
vn 0.8319 -0.5549 0.0050
vn -0.1948 -0.9808 0.0015
vn -0.1085 -0.0329 -0.9936
vn -1.0000 0.0008 -0.0043
vn -1.0000 0.0023 -0.0047
vn -1.0000 0.0026 -0.0048
vn -1.0000 -0.0007 -0.0044
vn -1.0000 0.0006 -0.0042
vn -0.0875 -0.0718 -0.9936
vn -0.9241 -0.3821 -0.0031
vn -0.9245 -0.3811 -0.0034
vn -0.9246 -0.3810 -0.0035
vn -0.9237 -0.3831 -0.0032
vn -0.9240 -0.3823 -0.0030
vn -0.0533 -0.0998 -0.9936
vn 0.9809 0.1944 0.0037
vn 0.9812 0.1931 0.0042
vn 0.9809 0.1946 0.0037
vn 0.9807 0.1957 0.0039
vn 0.9806 0.1957 0.0039
vn -0.0111 -0.1125 -0.9936
vn -0.7073 -0.7069 -0.0014
vn -0.7076 -0.7066 -0.0016
vn -0.7077 -0.7065 -0.0016
vn -0.7069 -0.7073 -0.0015
vn -0.7072 -0.7070 -0.0014
vn 0.9813 -0.1927 0.0051
vn 0.9813 -0.1924 0.0051
vn 0.0328 -0.1081 -0.9936
vn 0.8317 0.5552 0.0023
vn 0.8322 0.5545 0.0025
vn 0.8316 0.5553 0.0023
vn -0.9248 0.3803 -0.0053
vn -0.9242 0.3819 -0.0050
vn 0.8313 0.5559 0.0024
vn 0.8312 0.5559 0.0024
vn 0.5575 -0.8302 0.0047
vn 0.5577 -0.8300 0.0047
vn 0.0716 -0.0873 -0.9936
vn -0.3826 -0.9239 0.0005
vn -0.3825 -0.9240 0.0005
vn -0.3824 -0.9240 0.0005
vn -0.3845 0.9231 -0.0041
vn -0.3833 0.9236 -0.0039
vn -0.3828 -0.9239 0.0005
vn -0.7089 0.7053 -0.0051
vn -0.7077 0.7065 -0.0048
vn 0.0996 -0.0532 -0.9936
vn 0.5556 0.8314 0.0005
vn 0.5558 0.8313 0.0005
vn 0.8329 -0.5534 0.0053
vn 0.8330 -0.5532 0.0054
vn 0.5555 0.8315 0.0005
vn -1.0000 -0.0023 -0.0047
vn 0.1124 -0.0111 -0.9936
vn 0.0004 -1.0000 0.0023
vn 0.0012 -1.0000 0.0025
vn 0.0014 -1.0000 0.0026
vn -0.9232 -0.3842 -0.0034
vn -0.9237 -0.3832 -0.0032
vn 0.1119 -0.0110 0.9937
vn -0.0004 -1.0000 0.0024
vn 0.0003 -1.0000 0.0023
vn 0.9804 0.1971 0.0041
vn 0.9803 0.1973 0.0041
vn 0.1948 0.9808 -0.0014
vn 0.1943 0.9809 -0.0016
vn 0.1949 0.9808 -0.0014
vn -0.7066 -0.7076 -0.0015
vn 0.0991 -0.0530 0.9937
vn 0.1953 0.9807 -0.0014
vn 0.1953 0.9807 -0.0015
vn 0.8308 0.5566 0.0025
vn 0.8307 0.5567 0.0025
vn 0.3833 -0.9236 0.0037
vn 0.3845 -0.9231 0.0042
vn 0.3847 -0.9230 0.0042
vn -0.3829 -0.9238 0.0005
vn -0.3828 -0.9238 0.0005
vn 0.0713 -0.0869 0.9937
vn 0.3821 -0.9241 0.0039
vn 0.3832 -0.9237 0.0037
vn 0.5554 0.8316 0.0005
vn 0.5553 0.8316 0.0005
vn -0.1957 0.9807 -0.0031
vn -0.1967 0.9805 -0.0034
vn -0.1955 0.9807 -0.0030
vn -0.0012 -1.0000 0.0025
vn 0.0326 -0.1075 0.9937
vn -0.1946 0.9809 -0.0032
vn 0.1958 0.9806 -0.0015
vn 0.1959 0.9806 -0.0016
vn 0.7077 -0.7065 0.0046
vn 0.7089 -0.7053 0.0052
vn 0.7091 -0.7051 0.0052
vn 0.3808 -0.9246 0.0041
vn -0.0110 -0.1117 0.9937
vn 0.7066 -0.7076 0.0048
vn 0.7075 -0.7067 0.0046
vn -0.1935 0.9811 -0.0034
vn -0.1933 0.9811 -0.0034
vn -0.5562 0.8310 -0.0043
vn -0.5575 0.8302 -0.0047
vn -0.5561 0.8311 -0.0042
vn 0.7053 -0.7088 0.0051
vn 0.7065 -0.7077 0.0048
vn -0.0529 -0.0989 0.9937
vn -0.5550 0.8318 -0.0044
vn -0.5549 0.8319 -0.0044
vn -0.5537 0.8327 -0.0047
vn -0.5534 0.8329 -0.0047
vn 0.9242 -0.3818 0.0048
vn 0.9249 -0.3803 0.0054
vn 0.9250 -0.3800 0.0054
vn 0.9236 -0.3834 0.0050
vn 0.9229 -0.3850 0.0053
vn 0.9235 -0.3835 0.0050
vn -0.0866 -0.0711 0.9937
vn 0.9241 -0.3821 0.0048
vn -0.8310 0.5562 -0.0050
vn -0.8300 0.5577 -0.0053
vn -0.8299 0.5579 -0.0053
vn -0.8320 0.5548 -0.0048
vn -0.8329 0.5534 -0.0054
vn -0.8318 0.5550 -0.0048
vn 1.0000 -0.0023 0.0047
vn -0.1072 -0.0325 0.9937
vn -0.8310 0.5563 -0.0050
vn -0.9803 0.1975 -0.0051
vn -0.9802 0.1978 -0.0051
vn 0.1933 -0.9811 0.0034
vn -0.5553 -0.8316 -0.0005
vn 0.5534 -0.8329 0.0048
vn -0.8307 -0.5567 -0.0026
vn 0.9802 -0.1978 0.0052
vn -0.0014 1.0000 -0.0025
vn -0.9803 -0.1973 -0.0042
vn 0.7077 0.7065 0.0016
vn -0.9813 0.1923 -0.0052
vn 0.9246 0.3810 0.0034
vn 0.8299 -0.5580 0.0054
vn -0.1959 -0.9806 0.0016
vn 0.9812 0.1929 0.0042
vn 0.8322 0.5544 0.0026
vn -0.9250 0.3800 -0.0053
vn -0.3847 0.9230 -0.0042
vn -0.7091 0.7051 -0.0052
vn -1.0000 -0.0026 -0.0047
vn -0.9232 -0.3844 -0.0034
vn 0.1943 0.9810 -0.0016
vn -0.7065 -0.7077 -0.0016
vn -0.1969 0.9804 -0.0035
vn -0.0014 -1.0000 0.0025
vn 0.3806 -0.9247 0.0041
vn -0.5577 0.8300 -0.0048
vn 0.7051 -0.7090 0.0051
vn 0.9228 -0.3853 0.0053
vn -0.8331 0.5531 -0.0054
vn 1.0000 -0.0026 0.0048
vn 0.7022 0.7120 -0.0000
vn 1.0000 -0.0001 -0.0000
vn -0.2284 0.9736 -0.0000
vn -0.1218 0.9925 -0.0000
vn -0.0139 0.9999 -0.0000
vn -0.6966 -0.7175 -0.0000
vt 0.241622 0.510735
vt 0.262199 0.510897
vt 0.286090 0.562227
vt 0.489608 0.005306
vt 0.412377 0.408469
vt 0.393727 0.416523
vt 0.489280 0.541730
vt 0.476932 0.554704
vt 0.467015 0.487651
vt 0.355586 0.650679
vt 0.322106 0.581599
vt 0.355325 0.581474
vt 0.355122 0.527739
vt 0.321971 0.545776
vt 0.321904 0.527865
vt 0.355189 0.545651
vt 0.322039 0.563688
vt 0.322571 0.704539
vt 0.355721 0.686502
vt 0.355789 0.704413
vt 0.322503 0.686627
vt 0.355654 0.668590
vt 0.322435 0.668716
vt 0.359014 0.718922
vt 0.466215 0.740939
vt 0.359014 0.740939
vt 0.524386 0.718922
vt 0.496445 0.740938
vt 0.496445 0.718922
vt 0.465644 0.774585
vt 0.465073 0.808231
vt 0.597839 0.740938
vt 0.554889 0.718922
vt 0.597839 0.718922
vt 0.422129 0.652351
vt 0.465644 0.685276
vt 0.466215 0.718922
vt 0.554889 0.740938
vt 0.539637 0.718922
vt 0.539637 0.740938
vt 0.481330 0.718922
vt 0.481330 0.740938
vt 0.387036 0.496738
vt 0.390568 0.561476
vt 0.373158 0.557269
vt 0.360184 0.544921
vt 0.459751 0.559766
vt 0.413904 0.510586
vt 0.493487 0.524320
vt 0.289409 0.496661
vt 0.303742 0.557895
vt 0.316852 0.545313
vt 0.213057 0.493957
vt 0.216178 0.560147
vt 0.199008 0.555032
vt 0.186683 0.541999
vt 0.182530 0.524541
vt 0.480205 0.713200
vt 0.485803 0.699160
vt 0.485331 0.671223
vt 0.479258 0.657233
vt 0.465073 0.651630
vt 0.479258 0.802628
vt 0.485803 0.760701
vt 0.480205 0.746661
vt 0.485331 0.788638
vt 0.353162 0.008700
vt 0.320336 0.112629
vt 0.319944 0.008825
vt 0.353554 0.112504
vt 0.351243 0.008725
vt 0.015007 0.718923
vt 0.015007 0.740939
vt 0.182530 0.004687
vt 0.263125 0.406809
vt 0.242722 0.406644
vt 0.322372 0.007743
vt 0.069176 0.510735
vt 0.089753 0.510897
vt 0.113644 0.562227
vt 0.317162 0.005306
vt 0.239931 0.408469
vt 0.221281 0.416523
vt 0.316834 0.541730
vt 0.304486 0.554704
vt 0.294569 0.487651
vt 0.183140 0.650679
vt 0.149661 0.581599
vt 0.182879 0.581474
vt 0.182676 0.527740
vt 0.149525 0.545776
vt 0.149458 0.527865
vt 0.182744 0.545651
vt 0.149593 0.563688
vt 0.150125 0.704539
vt 0.183276 0.686502
vt 0.183343 0.704413
vt 0.150057 0.686627
vt 0.183208 0.668590
vt 0.149990 0.668716
vt 0.358473 0.718923
vt 0.465674 0.740939
vt 0.358473 0.740939
vt 0.523845 0.718922
vt 0.495904 0.740938
vt 0.495904 0.718922
vt 0.465103 0.774585
vt 0.464532 0.808231
vt 0.597298 0.740938
vt 0.554348 0.718922
vt 0.597298 0.718922
vt 0.421588 0.652351
vt 0.465103 0.685276
vt 0.465674 0.718922
vt 0.554348 0.740938
vt 0.539097 0.718922
vt 0.539097 0.740938
vt 0.480789 0.718922
vt 0.480790 0.740939
vt 0.214590 0.496738
vt 0.218122 0.561476
vt 0.200712 0.557269
vt 0.187738 0.544921
vt 0.287305 0.559766
vt 0.241458 0.510587
vt 0.321041 0.524320
vt 0.116963 0.496661
vt 0.131296 0.557895
vt 0.144407 0.545313
vt 0.040612 0.493957
vt 0.043732 0.560147
vt 0.026563 0.555032
vt 0.014238 0.541999
vt 0.010084 0.524541
vt 0.479664 0.713200
vt 0.485262 0.699160
vt 0.484790 0.671223
vt 0.478717 0.657233
vt 0.464532 0.651630
vt 0.478718 0.802628
vt 0.485262 0.760701
vt 0.479664 0.746661
vt 0.484790 0.788638
vt 0.180716 0.008700
vt 0.147890 0.112629
vt 0.147498 0.008825
vt 0.181108 0.112504
vt 0.178797 0.008725
vt 0.014467 0.718923
vt 0.014467 0.740940
vt 0.010084 0.004687
vt 0.090679 0.406809
vt 0.070276 0.406644
vt 0.149926 0.007743
vt 0.041319 0.640085
vt 0.048123 0.567897
vt 0.048068 0.640090
vt 0.091856 0.640067
vt 0.088455 0.567875
vt 0.095205 0.567872
vt 0.081814 0.640078
vt 0.034570 0.640080
vt 0.041374 0.567892
vt 0.081706 0.567885
vt 0.031332 0.567879
vt 0.074957 0.567895
vt 0.024528 0.640068
vt 0.021290 0.567867
vt 0.068316 0.640098
vt 0.075065 0.640088
vt 0.017778 0.640055
vt 0.112104 0.640045
vt 0.105247 0.567862
vt 0.111996 0.567852
vt 0.061567 0.640100
vt 0.064915 0.567905
vt 0.105355 0.640055
vt 0.011247 0.567842
vt 0.054872 0.567902
vt 0.054817 0.640095
vt 0.098605 0.640065
vt 0.118745 0.567842
vt 0.118853 0.640035
vt 0.203386 0.653880
vt 0.252675 0.674297
vt 0.216271 0.718655
vt 0.247843 0.705742
vt 0.199276 0.710525
vt 0.199276 0.657175
vt 0.375498 0.480017
vt 0.474507 0.468769
vt 0.471095 0.438735
vt 0.371238 0.460154
vt 0.459557 0.422014
vt 0.379579 0.431101
vt 0.432689 0.408165
vt 0.322368 0.650804
vt 0.355257 0.563563
vt 0.524386 0.740938
vt 0.422129 0.807510
vt 0.443938 0.507174
vt 0.203707 0.479271
vt 0.301010 0.479645
vt 0.305221 0.459500
vt 0.199888 0.459461
vt 0.204282 0.437423
vt 0.300863 0.438172
vt 0.223782 0.414267
vt 0.289721 0.421211
vt 0.203053 0.480017
vt 0.302061 0.468769
vt 0.298649 0.438735
vt 0.198792 0.460154
vt 0.287111 0.422014
vt 0.207133 0.431101
vt 0.260243 0.408165
vt 0.149922 0.650804
vt 0.182811 0.563562
vt 0.523845 0.740938
vt 0.421588 0.807510
vt 0.271492 0.507174
vt 0.031261 0.479271
vt 0.128564 0.479645
vt 0.132775 0.459500
vt 0.027442 0.459461
vt 0.031836 0.437423
vt 0.128417 0.438171
vt 0.051336 0.414267
vt 0.117276 0.421211
vt 0.011029 0.640034
vt 0.186631 0.674296
vt 0.192978 0.662422
vt 0.223036 0.649972
vt 0.235920 0.653880
vt 0.246328 0.662422
vt 0.252675 0.694331
vt 0.241545 0.710989
vt 0.229670 0.717336
vt 0.197762 0.710989
vt 0.186631 0.694331
vt 0.211151 0.650828
vt 0.224551 0.649509
vt 0.237435 0.653417
vt 0.247843 0.661959
vt 0.254190 0.673833
vt 0.254190 0.693868
vt 0.237435 0.714284
vt 0.224550 0.718192
vt 0.211151 0.716872
vt 0.190735 0.700117
vt 0.186826 0.687233
vt 0.190735 0.667583
vt 0.566835 0.188397
vt 0.972358 0.174418
vt 0.972430 0.185814
vt 0.565584 0.122015
vt 0.971579 0.102075
vt 0.971813 0.122275
vt 0.565029 0.100217
vt 0.971543 0.080541
vt 0.566762 0.177004
vt 0.972183 0.152884
vt 0.566458 0.155205
vt 0.971945 0.132683
vt 0.971603 0.069150
vt 0.565316 0.045226
vt 0.971864 0.047617
vt 0.566100 0.023436
vt 0.972308 0.027420
vt 0.972549 0.227551
vt 0.566808 0.210198
vt 0.972530 0.207349
vt 0.565899 0.133407
vt 0.566533 0.012048
vt 0.564916 0.067024
vt 0.564857 0.078417
vt 0.566527 0.232001
vt 0.972549 0.017014
vt 0.463198 0.188097
vt 0.370971 0.188097
vt 0.463198 0.172459
vt 0.463198 0.203734
vt 0.370971 0.172460
vt 0.370971 0.203734
vt 0.463198 0.156822
vt 0.463198 0.219372
vt 0.370971 0.156822
vt 0.370971 0.219372
vt 0.463198 0.235009
vt 0.370971 0.235009
vt 0.463198 0.141185
vt 0.370971 0.141185
vt 0.463198 0.250647
vt 0.370971 0.250647
vt 0.463198 0.125547
vt 0.370971 0.125547
vt 0.463198 0.109910
vt 0.463198 0.266284
vt 0.370971 0.109910
vt 0.370971 0.266284
vt 0.463198 0.281921
vt 0.463197 0.094272
vt 0.370971 0.094272
vt 0.370971 0.281921
vt 0.463198 0.078635
vt 0.370971 0.297559
vt 0.370971 0.078635
vt 0.463198 0.297559
vt 0.463197 0.062998
vt 0.370971 0.062998
vt 0.463198 0.313196
vt 0.370971 0.313196
vt 0.463198 0.328834
vt 0.463197 0.047360
vt 0.370971 0.047360
vt 0.370971 0.328834
vt 0.463198 0.344471
vt 0.370971 0.344471
vt 0.463197 0.031723
vt 0.370971 0.547757
vt 0.370971 0.532120
vt 0.463197 0.532120
vt 0.463197 0.516482
vt 0.463198 0.360108
vt 0.370971 0.516482
vt 0.370971 0.360108
vt 0.463197 0.500845
vt 0.463198 0.375746
vt 0.370971 0.375746
vt 0.370971 0.500845
vt 0.463198 0.391383
vt 0.463198 0.485208
vt 0.370971 0.391383
vt 0.370971 0.485208
vt 0.463198 0.407021
vt 0.463198 0.469570
vt 0.370971 0.407021
vt 0.370971 0.469570
vt 0.463198 0.422658
vt 0.463198 0.453933
vt 0.370971 0.453933
vt 0.370971 0.422658
vt 0.463198 0.438295
vt 0.370971 0.438295
vt 0.053261 0.802122
vt 0.035664 0.793556
vt 0.055556 0.793556
vt 0.037959 0.859227
vt 0.018438 0.857847
vt 0.024708 0.851577
vt 0.017057 0.823024
vt 0.008492 0.840620
vt 0.008492 0.820729
vt 0.074163 0.838325
vt 0.072783 0.857847
vt 0.066512 0.851576
vt 0.072783 0.803502
vt 0.066512 0.809773
vt 0.017057 0.838325
vt 0.759651 0.236742
vt 0.751085 0.219145
vt 0.759651 0.221440
vt 0.055556 0.867793
vt 0.053261 0.859227
vt 0.074163 0.823024
vt 0.082729 0.820729
vt 0.024708 0.809773
vt 0.037959 0.802122
vt 0.035664 0.867793
vt 0.082729 0.840620
vt 0.915727 0.083729
vt 0.938390 0.068427
vt 0.938390 0.083729
vt 0.915727 0.114331
vt 0.938390 0.099030
vt 0.938390 0.114331
vt 0.915727 0.144934
vt 0.938390 0.129633
vt 0.938390 0.144934
vt 0.385927 0.944544
vt 0.411633 0.913230
vt 0.411633 0.944544
vt 0.915727 0.175537
vt 0.938390 0.160235
vt 0.938390 0.175537
vt 0.915727 0.206139
vt 0.938390 0.190838
vt 0.938390 0.206139
vt 0.915727 0.236742
vt 0.938390 0.221440
vt 0.938390 0.236742
vt 0.392729 0.626002
vt 0.367023 0.587929
vt 0.392729 0.587929
vt 0.392739 0.626370
vt 0.367033 0.588297
vt 0.392739 0.588297
vt 0.392570 0.626370
vt 0.366864 0.588297
vt 0.392570 0.588297
vt 0.392065 0.586984
vt 0.366359 0.625057
vt 0.366358 0.586984
vt 0.392475 0.625222
vt 0.366769 0.587149
vt 0.392475 0.587149
vt 0.098480 0.984914
vt 0.128781 0.934861
vt 0.131181 0.983294
vt 0.324552 0.774464
vt 0.350258 0.659558
vt 0.350258 0.774464
vt 0.325226 0.775777
vt 0.350932 0.660871
vt 0.350932 0.775777
vt 0.411623 0.944176
vt 0.385917 0.912862
vt 0.411623 0.912862
vt 0.367033 0.731655
vt 0.367033 0.626370
vt 0.385758 0.944544
vt 0.411464 0.913230
vt 0.411464 0.944544
vt 0.385663 0.943396
vt 0.411369 0.912082
vt 0.411369 0.943396
vt 0.350258 0.928233
vt 0.324552 0.887298
vt 0.350258 0.887298
vt 0.325226 0.929546
vt 0.350932 0.888611
vt 0.350932 0.929546
vt 0.308861 0.730507
vt 0.324962 0.659723
vt 0.324962 0.774630
vt 0.203015 0.712239
vt 0.172547 0.742163
vt 0.169824 0.687207
vt 0.206741 0.688296
vt 0.167800 0.646359
vt 0.366769 0.730507
vt 0.392475 0.730507
vt 0.089444 0.802547
vt 0.096080 0.936481
vt 0.173330 0.559910
vt 0.134555 0.601420
vt 0.143669 0.554187
vt 0.137123 0.688827
vt 0.135099 0.647979
vt 0.350668 0.659723
vt 0.366769 0.625222
vt 0.375723 0.796911
vt 0.350668 0.774630
vt 0.375723 0.734902
vt 0.299907 0.796911
vt 0.324962 0.817830
vt 0.367023 0.731287
vt 0.392729 0.731287
vt 0.379575 0.815542
vt 0.405282 0.802674
vt 0.405282 0.815542
vt 0.352735 0.927365
vt 0.327029 0.886430
vt 0.352735 0.886430
vt 0.350668 0.849941
vt 0.350668 0.817830
vt 0.309115 0.731287
vt 0.325216 0.660503
vt 0.325216 0.775409
vt 0.282497 0.890651
vt 0.325216 0.850721
vt 0.325216 0.888243
vt 0.393641 0.890651
vt 0.350922 0.850721
vt 0.393641 0.836793
vt 0.375977 0.797691
vt 0.350922 0.775409
vt 0.375977 0.735682
vt 0.405536 0.816322
vt 0.379829 0.803453
vt 0.405536 0.803453
vt 0.350922 0.660503
vt 0.325216 0.929178
vt 0.350922 0.888243
vt 0.350922 0.929178
vt 0.350922 0.818610
vt 0.379839 0.816690
vt 0.405545 0.803821
vt 0.405545 0.816690
vt 0.325226 0.851088
vt 0.350932 0.818978
vt 0.350932 0.851088
vt 0.375987 0.798059
vt 0.375987 0.736050
vt 0.392739 0.731655
vt 0.366864 0.731655
vt 0.392570 0.731655
vt 0.300171 0.798059
vt 0.325226 0.818978
vt 0.308957 0.731655
vt 0.325057 0.660871
vt 0.325057 0.775777
vt 0.300003 0.798059
vt 0.325057 0.818978
vt 0.350764 0.660871
vt 0.366864 0.626370
vt 0.375818 0.798059
vt 0.350764 0.775777
vt 0.375818 0.736050
vt 0.379671 0.816690
vt 0.405377 0.803821
vt 0.405377 0.816690
vt 0.350764 0.929546
vt 0.325057 0.888611
vt 0.350764 0.888611
vt 0.350764 0.851089
vt 0.350764 0.818978
vt 0.308451 0.730342
vt 0.324552 0.659558
vt 0.299497 0.796746
vt 0.324552 0.817665
vt 0.324552 0.849775
vt 0.350258 0.817665
vt 0.350258 0.849775
vt 0.392065 0.730342
vt 0.392065 0.625057
vt 0.385253 0.943231
vt 0.410959 0.911917
vt 0.410959 0.943231
vt 0.404872 0.815377
vt 0.379166 0.802508
vt 0.404872 0.802508
vt 0.851024 0.083729
vt 0.915727 0.068427
vt 0.052560 0.968036
vt 0.067012 0.952734
vt 0.067012 0.968036
vt 0.851024 0.099030
vt 0.915727 0.099030
vt 0.052560 0.983337
vt 0.067012 0.983337
vt 0.851024 0.114331
vt 0.948007 0.533596
vt 0.557964 0.479113
vt 0.948007 0.479114
vt 0.851024 0.129633
vt 0.915727 0.129633
vt 0.021310 0.952709
vt 0.035762 0.937407
vt 0.035762 0.952709
vt 0.851024 0.144934
vt 0.021310 0.968010
vt 0.035762 0.968010
vt 0.851024 0.160235
vt 0.915727 0.160235
vt 0.021310 0.983311
vt 0.035762 0.983311
vt 0.851024 0.175537
vt 0.488059 0.282086
vt 0.520375 0.063579
vt 0.520375 0.282086
vt 0.915727 0.190838
vt 0.051522 0.897372
vt 0.066823 0.882920
vt 0.066823 0.897372
vt 0.851024 0.206139
vt 0.036221 0.897372
vt 0.051522 0.882920
vt 0.851024 0.221440
vt 0.915727 0.221440
vt 0.020919 0.882920
vt 0.020919 0.897372
vt 0.851024 0.236742
vt 0.589753 0.276734
vt 0.620275 0.058228
vt 0.620275 0.276734
vt 0.851024 0.068427
vt 0.915727 0.053126
vt 0.836572 0.068427
vt 0.851024 0.053126
vt 0.526915 0.058228
vt 0.494599 0.027706
vt 0.526916 0.027706
vt 0.557964 0.309259
vt 0.503482 0.366945
vt 0.503482 0.309259
vt 0.488059 0.033057
vt 0.520375 0.033058
vt 0.557437 0.058228
vt 0.589753 0.058228
vt 0.583213 0.282086
vt 0.613735 0.063579
vt 0.613735 0.282086
vt 0.526915 0.276734
vt 0.494599 0.058228
vt 0.948007 0.421428
vt 0.557964 0.421427
vt 0.557437 0.276734
vt 0.557964 0.366945
vt 0.948007 0.366945
vt 0.948007 0.309259
vt 0.550897 0.063579
vt 0.550897 0.282086
vt 0.583213 0.063579
vt 0.209319 0.591439
vt 0.163364 0.604294
vt 0.379575 0.802674
vt 0.393387 0.889871
vt 0.393387 0.836013
vt 0.296055 0.815542
vt 0.324962 0.849941
vt 0.282243 0.889871
vt 0.324962 0.887463
vt 0.379829 0.816322
vt 0.296309 0.816322
vt 0.325216 0.818610
vt 0.300161 0.797691
vt 0.296319 0.816690
vt 0.282507 0.891019
vt 0.325226 0.888611
vt 0.379839 0.803821
vt 0.393651 0.891019
vt 0.393651 0.837161
vt 0.379671 0.803821
vt 0.393483 0.891019
vt 0.393483 0.837161
vt 0.296150 0.816690
vt 0.325057 0.851089
vt 0.282338 0.891019
vt 0.295645 0.815377
vt 0.281833 0.889706
vt 0.139846 0.743783
vt 0.147088 0.889956
vt 0.759651 0.083729
vt 0.836572 0.083729
vt 0.759651 0.099030
vt 0.836572 0.099030
vt 0.759651 0.114331
vt 0.836572 0.114331
vt 0.759651 0.129633
vt 0.836572 0.129633
vt 0.759651 0.144934
vt 0.836572 0.144934
vt 0.759651 0.160235
vt 0.836572 0.160235
vt 0.759651 0.175536
vt 0.836572 0.175537
vt 0.836572 0.190838
vt 0.759651 0.206139
vt 0.836572 0.206139
vt 0.836572 0.221441
vt 0.836572 0.236742
vt 0.759651 0.068427
vt 0.836573 0.053126
vt 0.904258 0.728522
vt 0.918833 0.703896
vt 0.913384 0.731290
vt 0.674265 0.605589
vt 0.686645 0.579788
vt 0.692694 0.587160
vt 0.894285 0.752601
vt 0.902695 0.757096
vt 0.709869 0.564270
vt 0.714364 0.572680
vt 0.879805 0.774271
vt 0.887177 0.780320
vt 0.735674 0.553581
vt 0.738442 0.562707
vt 0.861377 0.792700
vt 0.867426 0.800071
vt 0.764004 0.557622
vt 0.763069 0.548132
vt 0.714364 0.807179
vt 0.735675 0.826278
vt 0.709869 0.815589
vt 0.839707 0.807179
vt 0.844202 0.815589
vt 0.791001 0.548132
vt 0.790067 0.557622
vt 0.692694 0.792700
vt 0.686645 0.800071
vt 0.815628 0.817153
vt 0.818396 0.826278
vt 0.818396 0.553581
vt 0.815628 0.562706
vt 0.666894 0.780321
vt 0.674265 0.774271
vt 0.790066 0.822237
vt 0.791001 0.831727
vt 0.844202 0.564270
vt 0.839706 0.572680
vt 0.651376 0.757096
vt 0.659786 0.752601
vt 0.764004 0.822237
vt 0.763070 0.831727
vt 0.867426 0.579788
vt 0.861377 0.587160
vt 0.640687 0.731291
vt 0.649812 0.728523
vt 0.738443 0.817153
vt 0.879805 0.605589
vt 0.887177 0.599539
vt 0.635238 0.703896
vt 0.644728 0.702961
vt 0.894285 0.627259
vt 0.902695 0.622764
vt 0.635238 0.675964
vt 0.644728 0.676899
vt 0.904258 0.651337
vt 0.913384 0.648569
vt 0.640687 0.648569
vt 0.649812 0.651337
vt 0.909343 0.676899
vt 0.918833 0.675964
vt 0.651376 0.622764
vt 0.659786 0.627259
vt 0.909343 0.702961
vt 0.666894 0.599539
vt 0.838989 0.809207
vt 0.866361 0.801933
vt 0.843243 0.817380
vt 0.814910 0.819181
vt 0.817556 0.828020
vt 0.790287 0.833444
vt 0.789349 0.824265
vt 0.762483 0.833444
vt 0.763286 0.824265
vt 0.735214 0.828020
vt 0.737725 0.819181
vt 0.709527 0.817380
vt 0.713646 0.809207
vt 0.686409 0.801933
vt 0.691976 0.794728
vt 0.666749 0.782273
vt 0.673547 0.776299
vt 0.651302 0.759155
vt 0.659068 0.754629
vt 0.640662 0.733468
vt 0.649094 0.730550
vt 0.635238 0.706199
vt 0.644010 0.704989
vt 0.635238 0.678395
vt 0.644010 0.678926
vt 0.640662 0.651126
vt 0.649094 0.653365
vt 0.651302 0.625439
vt 0.659068 0.629286
vt 0.666749 0.602321
vt 0.673547 0.607616
vt 0.686409 0.582661
vt 0.691976 0.589188
vt 0.709527 0.567214
vt 0.713646 0.574708
vt 0.735214 0.556574
vt 0.737725 0.564735
vt 0.762483 0.551150
vt 0.763286 0.559650
vt 0.789349 0.559650
vt 0.790287 0.551150
vt 0.814910 0.564735
vt 0.817556 0.556574
vt 0.838989 0.574708
vt 0.843243 0.567214
vt 0.860659 0.589188
vt 0.866361 0.582661
vt 0.879088 0.607616
vt 0.886021 0.602321
vt 0.893567 0.629287
vt 0.901468 0.625439
vt 0.903541 0.653365
vt 0.912108 0.651126
vt 0.908625 0.678927
vt 0.917532 0.678395
vt 0.908625 0.704989
vt 0.917532 0.706199
vt 0.903541 0.730551
vt 0.912108 0.733468
vt 0.893567 0.754629
vt 0.901468 0.759155
vt 0.879087 0.776299
vt 0.886021 0.782273
vt 0.860659 0.794728
vt 0.220160 0.554180
vt 0.099658 0.565221
vt 0.106630 0.529090
vt 0.350668 0.928398
vt 0.385663 0.912082
vt 0.324962 0.928398
vt 0.289967 0.912082
vt 0.195810 0.797276
vt 0.179790 0.888336
vt 0.385917 0.944176
vt 0.290221 0.912862
vt 0.385927 0.913230
vt 0.290231 0.913230
vt 0.385758 0.913230
vt 0.325057 0.929546
vt 0.290063 0.913230
vt 0.324552 0.928233
vt 0.289557 0.911916
vt 0.385253 0.911917
vt 0.077776 0.797520
vt 0.106569 0.717018
vt 0.110477 0.795900
vt 0.419094 0.836013
vt 0.401429 0.734902
vt 0.419347 0.836793
vt 0.401683 0.735682
vt 0.419357 0.891019
vt 0.401693 0.736050
vt 0.419189 0.837161
vt 0.401525 0.798059
vt 0.392977 0.835848
vt 0.418684 0.889706
vt 0.392977 0.889706
vt 0.375313 0.734737
vt 0.401019 0.796746
vt 0.375313 0.796746
vt 0.069997 0.559498
vt 0.076970 0.523366
vt 0.367023 0.626002
vt 0.081512 0.599051
vt 0.082293 0.665881
vt 0.100494 0.693560
vt 0.101305 0.709930
vt 0.122145 0.800926
vt 0.309125 0.731655
vt 0.325226 0.660871
vt 0.050395 0.666254
vt 0.049614 0.599424
vt 0.068604 0.711550
vt 0.379166 0.815377
vt 0.366359 0.730342
vt 0.751085 0.239037
vt 0.018437 0.803502
vt 0.308861 0.625222
vt 0.206923 0.791121
vt 0.207553 0.704666
vt 0.299907 0.734902
vt 0.327029 0.927365
vt 0.309116 0.626002
vt 0.282497 0.836793
vt 0.300171 0.736050
vt 0.308957 0.626370
vt 0.300002 0.736050
vt 0.308451 0.625057
vt 0.299497 0.734737
vt 0.052560 0.952734
vt 0.557964 0.533595
vt 0.021310 0.937407
vt 0.488059 0.063579
vt 0.851024 0.190838
vt 0.036221 0.882920
vt 0.494599 0.276734
vt 0.220160 0.653917
vt 0.350668 0.887463
vt 0.296055 0.802674
vt 0.282243 0.836013
vt 0.296309 0.803453
vt 0.300161 0.735682
vt 0.296319 0.803821
vt 0.282507 0.837160
vt 0.296150 0.803821
vt 0.282338 0.837161
vt 0.295645 0.802508
vt 0.281833 0.835848
vt 0.759651 0.190838
vt 0.759651 0.053126
vt 0.289967 0.943396
vt 0.202446 0.931211
vt 0.290221 0.944176
vt 0.290231 0.944544
vt 0.290063 0.944544
vt 0.289557 0.943231
vt 0.073868 0.718638
vt 0.419094 0.889871
vt 0.401429 0.796911
vt 0.419347 0.890651
vt 0.401683 0.797691
vt 0.419357 0.837161
vt 0.401693 0.798059
vt 0.419189 0.891019
vt 0.401525 0.736050
vt 0.418684 0.835848
vt 0.401019 0.734737
vt 0.309125 0.626370
vt 0.067793 0.695180
vt 0.232807 0.594563
vt 0.240762 0.603562
vt 0.232461 0.601632
vt 0.198973 0.580562
vt 0.209438 0.566528
vt 0.210555 0.575731
vt 0.197826 0.612659
vt 0.207263 0.627403
vt 0.191235 0.619333
vt 0.217574 0.576043
vt 0.210243 0.566457
vt 0.219474 0.566967
vt 0.057949 0.714444
vt 0.046703 0.646475
vt 0.058043 0.646457
vt 0.029269 0.714404
vt 0.040703 0.646467
vt 0.040609 0.714454
vt 0.018631 0.714308
vt 0.029363 0.646417
vt 0.068587 0.714377
vt 0.068682 0.646391
vt 0.096047 0.714255
vt 0.102141 0.646276
vt 0.102047 0.714263
vt 0.084706 0.714272
vt 0.074163 0.646352
vt 0.084801 0.646286
vt 0.013150 0.714255
vt 0.018725 0.646321
vt 0.113481 0.646325
vt 0.113387 0.714312
vt 0.096141 0.646268
vt 0.074068 0.714339
vt 0.046609 0.714462
vt 0.124119 0.646422
vt 0.124025 0.714408
vt 0.228709 0.581829
vt 0.241256 0.593453
vt 0.235398 0.575242
vt 0.227141 0.613906
vt 0.216500 0.627796
vt 0.215494 0.618578
vt 0.185140 0.601200
vt 0.193564 0.599979
vt 0.193817 0.592905
vt 0.185502 0.591086
vt 0.192875 0.573434
vt 0.209034 0.618303
vt 0.233155 0.621113
vt 0.211118 0.575686
vt 0.013244 0.646268
vt 0.210617 0.819606
vt 0.118606 0.996451
vt 0.118606 0.819606
vt 0.316598 0.638264
vt 0.295815 0.658845
vt 0.291751 0.641371
vt 0.062210 0.819606
vt 0.006945 0.996451
vt 0.006945 0.819605
vt 0.267978 0.641369
vt 0.273802 0.643137
vt 0.315475 0.638254
vt 0.285919 0.643221
vt 0.291742 0.641452
vt 0.243029 0.638456
vt 0.243338 0.586724
vt 0.249404 0.606719
vt 0.523274 0.996451
vt 0.495075 0.819605
vt 0.523274 0.819605
vt 0.495075 0.996451
vt 0.466877 0.819605
vt 0.090408 0.996451
vt 0.062210 0.996451
vt 0.090408 0.819606
vt 0.323961 0.819606
vt 0.261522 0.996451
vt 0.261522 0.819606
vt 0.244234 0.638171
vt 0.244241 0.586658
vt 0.249416 0.606634
vt 0.250272 0.652759
vt 0.262611 0.638499
vt 0.264856 0.658808
vt 0.254048 0.629934
vt 0.257908 0.634638
vt 0.349414 0.996451
vt 0.323961 0.996451
vt 0.349414 0.819605
vt 0.374867 0.996451
vt 0.236070 0.996451
vt 0.210617 0.996451
vt 0.236069 0.819606
vt 0.466877 0.996451
vt 0.294873 0.658884
vt 0.267968 0.641461
vt 0.273800 0.643230
vt 0.309443 0.652836
vt 0.262585 0.638580
vt 0.263919 0.658955
vt 0.249275 0.653010
vt 0.253970 0.629908
vt 0.257859 0.634689
vt 0.248790 0.573597
vt 0.267994 0.584120
vt 0.262630 0.586983
vt 0.257926 0.590834
vt 0.310013 0.573608
vt 0.308528 0.600913
vt 0.305660 0.595550
vt 0.316413 0.586632
vt 0.310337 0.618753
vt 0.310925 0.612692
vt 0.291735 0.584013
vt 0.310960 0.573486
vt 0.297807 0.568042
vt 0.262615 0.586884
vt 0.249695 0.573494
vt 0.262859 0.568042
vt 0.273803 0.582250
vt 0.267981 0.584016
vt 0.257911 0.590744
vt 0.297127 0.638494
vt 0.301533 0.634870
vt 0.310444 0.652850
vt 0.285921 0.643141
vt 0.279861 0.643735
vt 0.297106 0.638584
vt 0.301808 0.634724
vt 0.250949 0.624158
vt 0.251132 0.624484
vt 0.254062 0.595528
vt 0.251184 0.600892
vt 0.249389 0.618838
vt 0.248796 0.612795
vt 0.251180 0.624567
vt 0.254051 0.595447
vt 0.251183 0.600812
vt 0.249414 0.618744
vt 0.248819 0.612689
vt 0.374867 0.819605
vt 0.279861 0.643821
vt 0.261929 0.568160
vt 0.273814 0.582357
vt 0.296856 0.568160
vt 0.315465 0.586765
vt 0.305666 0.630021
vt 0.308532 0.624657
vt 0.279865 0.581764
vt 0.310296 0.618837
vt 0.310891 0.612784
vt 0.285917 0.582360
vt 0.291737 0.584125
vt 0.310294 0.606732
vt 0.297100 0.586992
vt 0.301801 0.590850
vt 0.297102 0.586875
vt 0.301886 0.634594
vt 0.305612 0.630063
vt 0.301807 0.590729
vt 0.305671 0.595429
vt 0.308548 0.624621
vt 0.308545 0.600796
vt 0.310320 0.606625
vt 0.285913 0.582248
vt 0.279858 0.581653
vt 0.228492 0.766132
vt 0.243272 0.773513
vt 0.228492 0.773513
vt 0.956618 0.068427
vt 0.956618 0.083729
vt 0.956618 0.099030
vt 0.956618 0.114331
vt 0.956618 0.129633
vt 0.956618 0.144934
vt 0.956618 0.160235
vt 0.956618 0.175537
vt 0.956618 0.190838
vt 0.956618 0.206139
vt 0.956618 0.221440
vt 0.956618 0.236742
vt 0.956618 0.053126
vt 0.256616 0.587695
vt 0.249486 0.570483
vt 0.260306 0.581303
vt 0.262738 0.562833
vt 0.266698 0.577613
vt 0.278039 0.562833
vt 0.274079 0.577613
vt 0.280471 0.581303
vt 0.291290 0.570483
vt 0.298941 0.583735
vt 0.284161 0.587695
vt 0.284161 0.595076
vt 0.298941 0.599036
vt 0.291290 0.612287
vt 0.280471 0.601468
vt 0.274079 0.605158
vt 0.278039 0.619938
vt 0.262738 0.619938
vt 0.266698 0.605158
vt 0.249486 0.612287
vt 0.260306 0.601468
vt 0.241836 0.599036
vt 0.256616 0.595076
vt 0.241836 0.583735
vt 0.150003 0.911632
vt 0.173858 0.918024
vt 0.156395 0.935487
vt 0.228492 0.788274
vt 0.243272 0.795655
vt 0.228492 0.795655
vt 0.228492 0.736609
vt 0.243272 0.743989
vt 0.228492 0.743989
vt 0.228492 0.721847
vt 0.243272 0.729228
vt 0.228492 0.729228
vt 0.228492 0.758751
vt 0.243272 0.766132
vt 0.243272 0.780893
vt 0.243272 0.788274
vt 0.243272 0.736609
vt 0.228492 0.803036
vt 0.243272 0.810416
vt 0.228492 0.810416
vt 0.228492 0.751370
vt 0.243272 0.758751
vt 0.228492 0.780893
vt 0.243272 0.803036
vt 0.243272 0.751370
vt 0.709475 0.020228
vt 0.751086 0.000337
vt 0.751086 0.020228
vt 0.709475 0.239037
vt 0.709475 0.219145
vt 0.751085 0.199254
vt 0.709475 0.199253
vt 0.751085 0.179362
vt 0.709475 0.159470
vt 0.751085 0.159470
vt 0.751085 0.139578
vt 0.709475 0.139578
vt 0.751085 0.119687
vt 0.709475 0.119687
vt 0.751085 0.099795
vt 0.709475 0.099795
vt 0.751085 0.079903
vt 0.709475 0.079903
vt 0.751085 0.060012
vt 0.662410 0.266209
vt 0.645184 0.201918
vt 0.709475 0.060012
vt 0.751085 0.040120
vt 0.709475 0.040120
vt 0.938390 0.053126
vt 0.150003 0.931796
vt 0.146312 0.925404
vt 0.146312 0.918024
vt 0.156395 0.907941
vt 0.163775 0.907941
vt 0.170167 0.911632
vt 0.173858 0.925404
vt 0.170167 0.931796
vt 0.163775 0.935487
vt 0.243272 0.721847
vt 0.709475 0.000336
vt 0.709475 0.179362
vt 0.699529 0.256264
vt 0.682302 0.266209
vt 0.645184 0.256264
vt 0.635238 0.239037
vt 0.635238 0.219145
vt 0.662410 0.191973
vt 0.682302 0.191973
vt 0.699529 0.201918
vt 0.049333 0.393103
vt 0.056719 0.367919
vt 0.057243 0.393467
vt 0.049014 0.367742
vt 0.058216 0.341468
vt 0.050214 0.341489
vt 0.056363 0.315434
vt 0.048549 0.315527
vt 0.056812 0.288256
vt 0.048704 0.288517
vt 0.053956 0.261559
vt 0.046032 0.261886
vt 0.053463 0.233539
vt 0.045241 0.234071
vt 0.049528 0.206077
vt 0.041484 0.206725
vt 0.047846 0.177070
vt 0.039481 0.178037
vt 0.042244 0.148682
vt 0.034042 0.149940
vt 0.038224 0.118329
vt 0.029619 0.120286
vt 0.028899 0.088586
vt 0.020130 0.091446
vt 0.018582 0.057989
vt 0.180339 0.484432
vt 0.200389 0.463003
vt 0.186607 0.488547
vt 0.199605 0.432092
vt 0.192339 0.459952
vt 0.206428 0.405494
vt 0.207244 0.434157
vt 0.209195 0.377809
vt 0.214289 0.406953
vt 0.213208 0.351192
vt 0.216807 0.378743
vt 0.214126 0.323709
vt 0.221057 0.351885
vt 0.216784 0.297118
vt 0.221776 0.324113
vt 0.216582 0.269747
vt 0.224696 0.297386
vt 0.218218 0.243158
vt 0.224315 0.269797
vt 0.216997 0.215890
vt 0.226228 0.243098
vt 0.217544 0.189326
vt 0.224825 0.215629
vt 0.215034 0.162241
vt 0.225652 0.188924
vt 0.213874 0.135800
vt 0.222937 0.161574
vt 0.208829 0.109207
vt 0.222050 0.134794
vt 0.203469 0.083531
vt 0.216702 0.107579
vt 0.191969 0.059762
vt 0.211380 0.080836
vt 0.038478 0.467473
vt 0.033685 0.493445
vt 0.026911 0.489005
vt 0.051199 0.444065
vt 0.046291 0.470494
vt 0.044019 0.442955
vt 0.053886 0.419402
vt 0.046359 0.418638
vt 0.167973 0.137966
vt 0.160215 0.105757
vt 0.169987 0.106548
vt 0.340828 0.188084
vt 0.330506 0.216454
vt 0.331876 0.187947
vt 0.169529 0.167784
vt 0.158204 0.137724
vt 0.339704 0.216743
vt 0.331817 0.245671
vt 0.168727 0.198273
vt 0.160191 0.167626
vt 0.340723 0.245998
vt 0.329767 0.274029
vt 0.170397 0.227292
vt 0.159283 0.198221
vt 0.338930 0.274543
vt 0.330324 0.303213
vt 0.169276 0.256968
vt 0.161321 0.227102
vt 0.339206 0.303762
vt 0.327577 0.331501
vt 0.165183 0.423701
vt 0.158650 0.395956
vt 0.167011 0.396460
vt 0.170358 0.285248
vt 0.160090 0.256773
vt 0.336719 0.332214
vt 0.327561 0.360707
vt 0.167260 0.449749
vt 0.156610 0.423578
vt 0.168619 0.314106
vt 0.161530 0.284878
vt 0.333693 0.389740
vt 0.336426 0.361379
vt 0.172467 0.476584
vt 0.158775 0.450670
vt 0.169061 0.341645
vt 0.159683 0.313716
vt 0.333784 0.418815
vt 0.324539 0.389054
vt 0.179868 0.501131
vt 0.164290 0.478478
vt 0.166835 0.369685
vt 0.160476 0.341108
vt 0.332774 0.447174
vt 0.324877 0.418477
vt 0.345704 0.039273
vt 0.332481 0.068820
vt 0.335382 0.037141
vt 0.158135 0.369184
vt 0.337202 0.475910
vt 0.323464 0.447492
vt 0.342453 0.069975
vt 0.329673 0.099297
vt 0.345704 0.502226
vt 0.328339 0.477886
vt 0.339303 0.099868
vt 0.331184 0.129587
vt 0.171549 0.075379
vt 0.169558 0.040345
vt 0.179868 0.044214
vt 0.340279 0.129776
vt 0.329987 0.158530
vt 0.160811 0.073588
vt 0.339275 0.158705
vt 0.122208 0.205692
vt 0.123136 0.223048
vt 0.124394 0.319278
vt 0.124473 0.335667
vt 0.094039 0.345321
vt 0.091575 0.336125
vt 0.124016 0.263348
vt 0.124518 0.280135
vt 0.090791 0.373249
vt 0.063041 0.365019
vt 0.093187 0.364097
vt 0.063050 0.344329
vt 0.025431 0.058675
vt 0.034882 0.082805
vt 0.124579 0.492912
vt 0.085944 0.477883
vt 0.120880 0.479912
vt 0.153167 0.366055
vt 0.153654 0.344209
vt 0.284971 0.491514
vt 0.338011 0.505703
vt 0.287163 0.521942
vt 0.116481 0.077424
vt 0.117514 0.099246
vt 0.119269 0.145264
vt 0.120497 0.163674
vt 0.093423 0.310040
vt 0.121824 0.309192
vt 0.080586 0.488869
vt 0.051830 0.469042
vt 0.288529 0.380899
vt 0.289873 0.363722
vt 0.284891 0.441480
vt 0.286154 0.422659
vt 0.091310 0.319398
vt 0.062713 0.312212
vt 0.044384 0.120545
vt 0.048767 0.144216
vt 0.293958 0.267009
vt 0.294468 0.250204
vt 0.291912 0.323620
vt 0.292899 0.306779
vt 0.122046 0.446629
vt 0.088026 0.455485
vt 0.086741 0.445265
vt 0.154532 0.310599
vt 0.154589 0.288215
vt 0.091636 0.235013
vt 0.088395 0.225482
vt 0.056788 0.448240
vt 0.127463 0.519765
vt 0.290543 0.092519
vt 0.289969 0.072326
vt 0.293109 0.153048
vt 0.292641 0.135540
vt 0.294368 0.210380
vt 0.294372 0.193449
vt 0.123454 0.374054
vt 0.123234 0.390341
vt 0.058784 0.236201
vt 0.121990 0.429225
vt 0.053480 0.179609
vt 0.056025 0.202191
vt 0.250092 0.064169
vt 0.286956 0.059755
vt 0.154724 0.253691
vt 0.154260 0.230697
vt 0.087978 0.427577
vt 0.088710 0.197639
vt 0.119002 0.195084
vt 0.249599 0.076052
vt 0.215524 0.076103
vt 0.090475 0.389861
vt 0.260283 0.193386
vt 0.260363 0.210602
vt 0.257423 0.136875
vt 0.258379 0.154564
vt 0.252556 0.095964
vt 0.073669 0.514976
vt 0.087042 0.207742
vt 0.060377 0.258030
vt 0.290913 0.015179
vt 0.242449 0.037870
vt 0.233582 0.024876
vt 0.153709 0.195132
vt 0.152942 0.171416
vt 0.151679 0.420572
vt 0.206209 0.055415
vt 0.198494 0.055508
vt 0.151994 0.398978
vt 0.120788 0.400249
vt 0.061882 0.291009
vt 0.259016 0.304525
vt 0.257893 0.321723
vt 0.260625 0.248994
vt 0.260078 0.266126
vt 0.259234 0.126821
vt 0.289845 0.124798
vt 0.152470 0.134410
vt 0.152454 0.109459
vt 0.226673 0.131285
vt 0.249583 0.418440
vt 0.246670 0.437584
vt 0.255515 0.360497
vt 0.253752 0.378056
vt 0.156992 0.476279
vt 0.256458 0.106076
vt 0.154813 0.069077
vt 0.160326 0.042484
vt 0.084004 0.167127
vt 0.081912 0.148324
vt 0.076492 0.104098
vt 0.072573 0.082226
vt 0.228403 0.513091
vt 0.237048 0.485294
vt 0.154006 0.454103
vt 0.119490 0.457566
vt 0.223724 0.109676
vt 0.325461 0.064592
vt 0.262623 0.183804
vt 0.291940 0.183036
vt 0.320481 0.475142
vt 0.318195 0.450976
vt 0.328964 0.039509
vt 0.286007 0.032051
vt 0.230527 0.185808
vt 0.324007 0.126238
vt 0.261221 0.164157
vt 0.319072 0.391933
vt 0.090849 0.281573
vt 0.090055 0.264429
vt 0.324113 0.102592
vt 0.288101 0.104167
vt 0.229639 0.164336
vt 0.122432 0.290433
vt 0.121263 0.233731
vt 0.121125 0.253054
vt 0.118734 0.174918
vt 0.115433 0.111831
vt 0.115812 0.133974
vt 0.114624 0.033729
vt 0.113107 0.063815
vt 0.281567 0.453098
vt 0.281768 0.477292
vt 0.284511 0.411384
vt 0.285166 0.391303
vt 0.322123 0.334359
vt 0.288321 0.353069
vt 0.288744 0.333824
vt 0.324378 0.277004
vt 0.291124 0.296305
vt 0.291055 0.277240
vt 0.325185 0.219577
vt 0.292381 0.239804
vt 0.291744 0.220726
vt 0.324675 0.161791
vt 0.290718 0.163688
vt 0.119608 0.418936
vt 0.122168 0.345666
vt 0.121138 0.364064
vt 0.061812 0.396549
vt 0.090939 0.418227
vt 0.060365 0.416966
vt 0.092547 0.399152
vt 0.262736 0.220137
vt 0.231244 0.240199
vt 0.231384 0.218722
vt 0.263338 0.239578
vt 0.262125 0.275717
vt 0.229832 0.294663
vt 0.230768 0.273137
vt 0.262067 0.295184
vt 0.259650 0.331438
vt 0.226341 0.349346
vt 0.228128 0.327705
vt 0.258942 0.351124
vt 0.255193 0.388103
vt 0.219866 0.404702
vt 0.223033 0.382717
vt 0.253669 0.408668
vt 0.213167 0.439072
vt 0.243700 0.473532
vt 0.206531 0.461756
vt 0.247497 0.448884
vt 0.072950 0.069125
vt 0.066559 0.039417
vt 0.083272 0.137458
vt 0.081278 0.114892
vt 0.087754 0.177017
vt 0.091945 0.254751
vt 0.093689 0.290894
vt 0.056664 0.025195
vt 0.119881 0.015179
vt 0.317968 0.414800
vt 0.320769 0.356954
vt 0.323472 0.299592
vt 0.324868 0.242232
vt 0.324821 0.184658
vt 0.009813 0.061933
vt 0.172648 0.504207
vt 0.489863 0.632665
vt 0.457290 0.585440
vt 0.489863 0.585440
vt 0.556644 0.632665
vt 0.540452 0.585440
vt 0.556644 0.585440
vt 0.506172 0.632665
vt 0.540452 0.632665
vt 0.506172 0.585440
vt 0.545275 0.644195
vt 0.590017 0.689389
vt 0.545755 0.678472
vt 0.383404 0.632665
vt 0.362342 0.585440
vt 0.383404 0.585440
vt 0.621737 0.632665
vt 0.590017 0.528716
vt 0.621737 0.585440
vt 0.545755 0.539634
vt 0.557446 0.528264
vt 0.545275 0.573910
vt 0.557446 0.689842
vt 0.457290 0.632665
vt 0.362342 0.632665
vt 0.642307 0.580916
vt 0.642307 0.637190
s 1
usemtl SpacialRoverExploreralumWhite
f 109/1/1 111/2/1 37/3/1
f 26/4/2 122/5/2 124/6/2
f 35/7/2 36/8/2 119/9/2
f 34/10/3 37/11/4 29/12/4
f 30/13/5 197/14/6 196/15/5
f 32/16/6 38/17/7 197/14/6
f 38/17/8 29/12/4 37/11/4
f 157/18/9 35/19/10 33/20/9
f 41/21/10 36/22/11 35/19/10
f 40/23/12 34/10/3 36/22/12
f 26/24/13 152/25/14 28/26/13
f 144/27/15 153/28/16 146/29/16
f 28/26/1 201/30/1 150/31/1
f 27/32/17 143/33/18 25/34/17
f 25/35/2 200/36/2 147/37/2
f 150/38/18 145/39/19 143/33/18
f 151/40/20 144/27/15 145/39/20
f 153/28/16 148/41/21 146/29/16
f 154/42/22 147/37/14 148/41/22
f 125/43/2 29/44/2 31/45/2
f 31/45/2 32/46/2 125/43/2
f 30/13/2 125/43/2 32/46/2
f 34/47/2 125/43/2 121/48/2
f 119/9/2 33/49/2 35/7/2
f 119/9/2 36/8/2 34/47/2
f 37/3/1 115/50/1 38/51/1
f 38/51/1 115/50/1 197/52/1
f 194/53/1 39/54/1 40/55/1
f 41/56/1 157/57/1 194/53/1
f 40/55/1 41/56/1 194/53/1
f 115/50/1 196/15/1 197/52/1
f 147/37/2 200/36/2 148/58/2
f 148/58/2 200/36/2 146/59/2
f 146/59/2 200/36/2 144/60/2
f 145/61/2 200/36/2 143/62/2
f 144/60/2 200/36/2 145/61/2
f 150/31/1 201/30/1 151/63/1
f 153/64/1 201/30/1 154/65/1
f 154/65/1 201/30/1 152/25/1
f 151/63/1 201/30/1 149/66/1
f 149/66/1 201/30/1 153/64/1
f 25/67/23 130/68/24 27/69/23
f 26/4/2 129/70/2 25/71/2
f 129/70/24 196/15/5 130/68/24
f 33/72/9 28/26/25 157/73/9
f 28/74/1 112/75/1 110/76/1
f 130/68/1 28/74/1 27/77/1
f 220/78/1 222/79/1 214/80/1
f 203/81/2 233/82/2 235/83/2
f 212/84/2 213/85/2 230/86/2
f 211/87/3 214/88/4 206/89/4
f 207/90/5 260/91/6 259/92/5
f 209/93/6 215/94/7 260/91/6
f 215/94/8 206/89/4 214/88/4
f 256/95/9 212/96/10 210/97/9
f 218/98/10 213/99/11 212/96/10
f 217/100/12 211/87/3 213/99/12
f 203/101/13 251/102/14 205/103/13
f 243/104/15 252/105/16 245/106/16
f 205/103/1 264/107/1 249/108/1
f 204/109/17 242/110/18 202/111/17
f 202/112/2 263/113/2 246/114/2
f 249/115/18 244/116/19 242/110/18
f 250/117/20 243/104/15 244/116/20
f 252/105/16 247/118/21 245/106/16
f 253/119/22 246/114/14 247/118/22
f 236/120/2 206/121/2 208/122/2
f 208/122/2 209/123/2 236/120/2
f 207/90/2 236/120/2 209/123/2
f 211/124/2 236/120/2 232/125/2
f 230/86/2 210/126/2 212/84/2
f 230/86/2 213/85/2 211/124/2
f 214/80/1 226/127/1 215/128/1
f 215/128/1 226/127/1 260/129/1
f 257/130/1 216/131/1 217/132/1
f 218/133/1 256/134/1 257/130/1
f 217/132/1 218/133/1 257/130/1
f 226/127/1 259/92/1 260/129/1
f 246/114/2 263/113/2 247/135/2
f 247/135/2 263/113/2 245/136/2
f 245/136/2 263/113/2 243/137/2
f 244/138/2 263/113/2 242/139/2
f 243/137/2 263/113/2 244/138/2
f 249/108/1 264/107/1 250/140/1
f 252/141/1 264/107/1 253/142/1
f 253/142/1 264/107/1 251/102/1
f 250/140/1 264/107/1 248/143/1
f 248/143/1 264/107/1 252/141/1
f 202/144/23 241/145/24 204/146/23
f 203/81/2 240/147/2 202/148/2
f 240/147/24 259/92/5 241/145/24
f 210/149/9 205/103/25 256/150/9
f 205/151/1 223/152/1 221/153/1
f 241/145/1 205/151/1 204/154/1
f 275/155/26 288/156/27 274/157/27
f 268/158/28 283/159/29 282/160/30
f 268/158/28 269/161/31 283/159/29
f 275/155/26 276/162/32 289/163/33
f 269/161/31 284/164/34 283/159/29
f 276/162/32 290/165/35 289/163/33
f 269/161/31 285/166/36 284/164/34
f 276/162/32 277/167/37 290/165/35
f 277/167/37 291/168/38 290/165/35
f 271/169/39 285/166/36 270/170/40
f 277/167/37 278/171/41 291/168/38
f 265/172/15 281/173/42 280/174/15
f 271/169/39 272/175/43 286/176/44
f 265/172/15 266/177/45 281/173/42
f 278/171/41 292/178/46 291/168/38
f 272/175/43 287/179/47 286/176/44
f 272/175/43 273/180/48 287/179/47
f 267/181/49 281/173/42 266/177/45
f 265/172/15 292/182/46 279/183/50
f 274/157/27 287/179/47 273/180/48
f 267/181/49 268/158/28 282/160/30
f 281/184/1 285/185/1 289/186/1
f 275/187/2 271/188/2 267/189/2
f 37/3/1 39/54/1 194/53/1
f 37/3/1 194/53/1 109/1/1
f 111/2/1 115/50/1 37/3/1
f 126/190/2 125/43/2 30/13/2
f 33/49/2 119/9/2 116/191/2
f 33/49/2 116/191/2 117/192/2
f 127/193/2 126/190/2 30/13/2
f 127/193/2 30/13/2 129/70/2
f 26/4/2 33/49/2 117/192/2
f 26/4/2 117/192/2 118/194/2
f 127/193/2 129/70/2 26/4/2
f 128/195/2 127/193/2 26/4/2
f 26/4/2 118/194/2 123/196/2
f 26/4/2 123/196/2 122/5/2
f 124/6/2 128/195/2 26/4/2
f 34/10/3 39/197/3 37/11/4
f 30/13/5 32/16/6 197/14/6
f 32/16/6 31/198/7 38/17/7
f 38/17/8 31/198/8 29/12/4
f 157/18/9 41/21/10 35/19/10
f 41/21/10 40/23/11 36/22/11
f 40/23/12 39/197/3 34/10/3
f 26/24/13 147/37/14 152/25/14
f 144/27/15 149/199/15 153/28/16
f 150/31/1 27/200/1 28/26/1
f 28/26/1 152/25/1 201/30/1
f 27/32/17 150/38/18 143/33/18
f 147/37/2 26/24/2 25/35/2
f 25/35/2 143/62/2 200/36/2
f 150/38/18 151/40/19 145/39/19
f 151/40/20 149/199/15 144/27/15
f 153/28/16 154/42/21 148/41/21
f 154/42/22 152/25/14 147/37/14
f 120/201/2 119/9/2 34/47/2
f 34/47/2 29/44/2 125/43/2
f 121/48/2 120/201/2 34/47/2
f 25/67/23 129/70/24 130/68/24
f 129/70/24 30/13/5 196/15/5
f 33/72/9 26/24/25 28/26/25
f 156/202/1 194/53/1 157/57/1
f 196/15/1 115/50/1 113/203/1
f 196/15/1 113/203/1 199/204/1
f 198/205/1 156/202/1 157/57/1
f 108/206/1 198/205/1 157/57/1
f 130/68/1 196/15/1 199/204/1
f 130/68/1 199/204/1 114/207/1
f 108/206/1 157/57/1 28/74/1
f 155/208/1 108/206/1 28/74/1
f 28/74/1 130/68/1 114/207/1
f 28/74/1 114/207/1 195/209/1
f 110/76/1 155/208/1 28/74/1
f 28/74/1 195/209/1 112/75/1
f 214/80/1 216/131/1 257/130/1
f 214/80/1 257/130/1 220/78/1
f 222/79/1 226/127/1 214/80/1
f 237/210/2 236/120/2 207/90/2
f 210/126/2 230/86/2 227/211/2
f 210/126/2 227/211/2 228/212/2
f 238/213/2 237/210/2 207/90/2
f 238/213/2 207/90/2 240/147/2
f 203/81/2 210/126/2 228/212/2
f 203/81/2 228/212/2 229/214/2
f 238/213/2 240/147/2 203/81/2
f 239/215/2 238/213/2 203/81/2
f 203/81/2 229/214/2 234/216/2
f 203/81/2 234/216/2 233/82/2
f 235/83/2 239/215/2 203/81/2
f 211/87/3 216/217/3 214/88/4
f 207/90/5 209/93/6 260/91/6
f 209/93/6 208/218/7 215/94/7
f 215/94/8 208/218/8 206/89/4
f 256/95/9 218/98/10 212/96/10
f 218/98/10 217/100/11 213/99/11
f 217/100/12 216/217/3 211/87/3
f 203/101/13 246/114/14 251/102/14
f 243/104/15 248/219/15 252/105/16
f 249/108/1 204/220/1 205/103/1
f 205/103/1 251/102/1 264/107/1
f 204/109/17 249/115/18 242/110/18
f 246/114/2 203/101/2 202/112/2
f 202/112/2 242/139/2 263/113/2
f 249/115/18 250/117/19 244/116/19
f 250/117/20 248/219/15 243/104/15
f 252/105/16 253/119/21 247/118/21
f 253/119/22 251/102/14 246/114/14
f 231/221/2 230/86/2 211/124/2
f 211/124/2 206/121/2 236/120/2
f 232/125/2 231/221/2 211/124/2
f 202/144/23 240/147/24 241/145/24
f 240/147/24 207/90/5 259/92/5
f 210/149/9 203/101/25 205/103/25
f 255/222/1 257/130/1 256/134/1
f 259/92/1 226/127/1 224/223/1
f 259/92/1 224/223/1 262/224/1
f 261/225/1 255/222/1 256/134/1
f 219/226/1 261/225/1 256/134/1
f 241/145/1 259/92/1 262/224/1
f 241/145/1 262/224/1 225/227/1
f 219/226/1 256/134/1 205/151/1
f 254/228/1 219/226/1 205/151/1
f 205/151/1 241/145/1 225/227/1
f 205/151/1 225/227/1 258/229/1
f 221/153/1 254/228/1 205/151/1
f 205/151/1 258/229/1 223/152/1
f 275/155/26 289/163/33 288/156/27
f 269/161/31 270/170/40 285/166/36
f 271/169/39 286/176/44 285/166/36
f 278/171/41 279/230/50 292/178/46
f 267/181/49 282/160/30 281/173/42
f 265/172/15 280/174/15 292/182/46
f 274/157/27 288/156/27 287/179/47
f 292/231/1 280/232/1 281/184/1
f 281/184/1 282/233/1 283/234/1
f 283/234/1 284/235/1 285/185/1
f 285/185/1 286/236/1 287/237/1
f 287/237/1 288/238/1 289/186/1
f 289/186/1 290/239/1 291/240/1
f 291/240/1 292/231/1 281/184/1
f 281/184/1 283/234/1 285/185/1
f 285/185/1 287/237/1 289/186/1
f 289/186/1 291/240/1 281/184/1
f 266/241/2 265/242/2 279/243/2
f 279/243/2 278/244/2 277/245/2
f 277/245/2 276/246/2 275/187/2
f 275/187/2 274/247/2 273/248/2
f 273/248/2 272/249/2 271/188/2
f 271/188/2 270/250/2 269/251/2
f 269/251/2 268/252/2 267/189/2
f 267/189/2 266/241/2 279/243/2
f 279/243/2 277/245/2 275/187/2
f 275/187/2 273/248/2 271/188/2
f 271/188/2 269/251/2 267/189/2
f 267/189/2 279/243/2 275/187/2
f 935/1498/87 929/1499/87 932/1500/87
f 938/1501/787 934/1502/787 933/1503/787
f 932/1500/40 936/1504/40 935/1498/40
f 937/1505/788 931/1506/788 934/1502/788
f 937/1507/1 930/1508/1 936/1509/1
f 942/1510/789 939/1511/790 940/1512/789
f 933/1503/791 941/1513/790 938/1501/791
f 929/1499/792 942/1510/792 940/1512/792
f 929/1514/2 939/1515/2 933/1503/2
f 929/1514/2 931/1516/2 932/1517/2
f 934/1518/2 929/1514/2 933/1503/2
f 931/1516/2 929/1514/2 934/1518/2
f 936/1509/1 930/1508/1 935/1519/1
f 930/1508/1 937/1507/1 938/1501/1
f 941/1513/1 930/1508/1 938/1501/1
f 935/1498/87 930/1520/87 929/1499/87
f 938/1501/787 937/1505/787 934/1502/787
f 932/1500/40 931/1506/40 936/1504/40
f 937/1505/788 936/1504/788 931/1506/788
f 942/1510/789 941/1521/790 939/1511/790
f 933/1503/791 939/1515/790 941/1513/790
f 929/1499/792 930/1520/792 942/1510/792
f 929/1514/2 940/1522/2 939/1515/2
f 941/1513/1 942/1523/1 930/1508/1
usemtl SpacialRoverExploreralumGray
f 10/253/51 140/254/52 139/255/53
f 2/256/54 137/257/55 131/258/56
f 3/259/57 134/260/58 137/257/59
f 5/261/60 135/262/61 140/254/52
f 6/263/62 132/264/63 135/262/64
f 138/265/65 9/266/66 133/267/67
f 133/267/68 7/268/69 141/269/70
f 136/270/71 12/271/72 142/272/73
f 142/272/74 10/253/51 139/255/53
f 4/273/75 131/258/56 132/264/63
f 11/274/76 141/269/70 7/268/69
f 8/275/77 134/260/58 1/276/78
f 10/253/51 5/261/60 140/254/52
f 2/256/54 3/259/79 137/257/55
f 3/259/57 1/276/78 134/260/58
f 5/261/60 6/263/80 135/262/61
f 6/263/62 4/273/75 132/264/63
f 138/265/81 8/275/77 9/266/82
f 133/267/68 9/266/83 7/268/69
f 136/270/84 11/277/76 12/271/85
f 142/272/74 12/271/86 10/253/51
f 4/273/75 2/256/54 131/258/56
f 11/274/76 136/278/84 141/269/70
f 8/275/77 138/265/81 134/260/58
f 349/279/87 317/280/87 348/281/88
f 317/280/87 349/279/87 350/282/89
f 317/280/87 316/283/88 348/281/88
f 350/282/89 318/284/89 317/280/87
f 316/283/88 347/285/34 348/281/88
f 350/282/89 351/286/90 318/284/89
f 316/283/88 315/287/34 347/285/34
f 351/286/90 319/288/90 318/284/89
f 351/286/90 352/289/91 319/288/90
f 352/289/91 320/290/91 319/288/90
f 315/287/34 346/291/92 347/285/34
f 346/291/92 315/287/34 314/292/92
f 352/289/91 353/293/93 320/290/91
f 353/293/93 321/294/93 320/290/91
f 346/291/92 314/292/92 345/295/40
f 314/292/92 313/296/40 345/295/40
f 313/296/40 344/297/94 345/295/40
f 353/293/93 354/298/45 321/294/93
f 313/296/40 312/299/94 344/297/94
f 354/298/45 322/300/45 321/294/93
f 354/298/45 355/301/95 322/300/45
f 344/297/94 312/299/94 343/302/96
f 312/299/94 311/303/96 343/302/96
f 322/300/45 355/301/95 323/304/95
f 311/303/96 342/305/97 343/302/96
f 323/304/95 355/301/95 324/306/15
f 311/303/96 310/307/97 342/305/97
f 324/306/15 355/301/95 356/308/15
f 310/307/97 341/309/98 342/305/97
f 341/309/98 310/307/97 309/310/98
f 324/306/15 356/308/15 325/311/99
f 325/311/99 293/312/99 324/306/15
f 325/311/99 326/313/50 293/312/99
f 341/309/98 309/310/98 340/314/100
f 340/314/100 309/310/98 308/315/100
f 293/312/99 326/313/50 294/316/50
f 294/316/50 326/313/50 327/317/101
f 294/316/50 327/317/101 295/318/101
f 340/314/100 308/315/100 339/319/48
f 308/320/100 307/321/48 339/322/48
f 307/321/48 338/323/102 339/322/48
f 295/318/101 327/317/101 328/324/103
f 307/321/48 306/325/102 338/323/102
f 295/318/101 328/324/103 296/326/103
f 338/323/102 306/325/102 337/327/27
f 296/326/103 328/324/103 329/328/104
f 296/326/103 329/328/104 297/329/104
f 337/327/27 306/325/102 305/330/27
f 297/329/104 329/328/104 330/331/105
f 337/327/27 305/330/27 336/332/106
f 297/329/104 330/331/105 298/333/105
f 336/332/106 305/330/27 304/334/106
f 298/333/105 330/331/105 331/335/107
f 336/332/106 304/334/106 335/336/26
f 298/333/105 331/335/107 299/337/107
f 335/336/26 304/334/106 303/338/26
f 299/337/107 331/335/107 332/339/108
f 335/336/26 303/338/26 334/340/109
f 334/340/109 303/338/26 302/341/109
f 299/337/107 332/339/108 300/342/108
f 334/340/109 302/341/109 333/343/110
f 300/342/108 332/339/108 333/343/110
f 333/343/110 302/341/109 301/344/110
f 300/342/108 333/343/110 301/344/110
f 785/345/111 808/346/112 809/347/111
f 791/348/113 816/349/114 792/350/114
f 782/351/115 795/352/116 806/353/115
f 788/354/117 813/355/118 789/356/118
f 785/345/111 810/357/119 786/358/119
f 781/359/116 816/349/114 795/352/116
f 782/360/115 807/361/120 783/362/120
f 789/356/118 814/363/121 790/364/121
f 787/365/122 810/357/119 811/366/122
f 783/367/120 808/346/112 784/368/112
f 790/364/121 815/369/113 791/348/113
f 787/365/122 812/370/117 788/354/117
f 455/371/123 433/372/124 456/373/123
f 451/374/125 454/375/126 452/376/125
f 447/377/127 450/378/128 448/379/127
f 451/380/129 911/381/130 449/382/129
f 443/383/131 446/384/132 444/385/131
f 439/386/133 442/387/134 440/388/133
f 435/389/135 438/390/136 436/391/135
f 477/392/27 480/393/137 478/394/137
f 473/395/138 476/396/139 474/397/139
f 469/398/140 472/399/141 470/400/141
f 466/401/142 467/402/93 468/403/142
f 461/404/143 464/405/144 462/406/144
f 457/407/145 459/408/146 460/409/145
f 775/410/147 468/411/142 778/412/147
f 759/413/148 476/414/139 762/415/148
f 453/416/149 900/417/150 903/418/150
f 907/419/151 476/414/151 475/420/151
f 447/421/152 919/422/153 445/423/152
f 439/424/154 893/425/155 437/426/154
f 444/427/156 774/428/157 779/429/157
f 450/430/158 763/431/159 452/432/158
f 896/433/151 462/434/151 747/435/151
f 883/436/160 733/437/160 734/438/160
f 882/439/160 734/438/160 735/440/160
f 889/441/161 461/404/162 896/442/161
f 884/443/163 459/408/164 458/444/164
f 433/445/165 739/446/166 436/447/165
f 735/440/167 737/448/168 740/449/167
f 889/441/169 464/450/169 463/451/169
f 890/452/169 744/453/169 889/454/169
f 895/455/151 747/435/151 748/456/151
f 897/457/170 477/392/171 902/458/170
f 891/459/172 895/460/173 894/461/172
f 747/435/174 464/450/144 744/453/174
f 440/462/175 746/463/176 741/464/176
f 742/465/177 748/456/178 743/466/178
f 902/467/40 478/468/40 755/469/40
f 903/470/40 753/471/40 754/472/40
f 900/473/104 750/474/104 899/475/104
f 898/476/104 752/477/104 897/478/104
f 904/479/179 898/480/180 901/481/180
f 755/469/181 480/482/137 752/477/181
f 454/483/182 749/484/183 456/485/182
f 753/471/184 751/486/185 750/474/184
f 905/487/186 909/488/187 912/489/186
f 757/490/188 761/491/189 764/492/190
f 908/493/151 762/415/151 907/494/151
f 907/419/191 473/395/192 910/495/191
f 913/496/193 469/398/194 918/497/193
f 909/498/169 759/413/169 760/499/169
f 918/500/195 470/501/195 771/502/195
f 917/503/195 771/502/195 772/504/195
f 913/496/160 472/505/160 471/506/160
f 914/507/160 768/508/160 913/509/160
f 915/510/196 917/511/197 920/512/196
f 771/502/198 472/505/141 768/508/198
f 448/513/199 770/514/200 765/515/200
f 766/516/201 772/504/202 767/517/202
f 924/518/104 466/519/104 775/410/104
f 923/520/104 775/410/104 776/521/104
f 773/522/203 777/523/204 780/524/203
f 924/525/205 467/402/206 465/526/206
f 443/527/207 921/528/208 441/529/207
f 922/530/209 928/531/210 923/532/210
f 592/533/211 434/534/124 455/371/123
f 591/535/211 569/536/110 592/537/211
f 590/538/212 455/371/123 453/539/126
f 589/540/212 592/537/211 590/541/212
f 588/542/213 453/539/126 451/374/125
f 579/543/143 598/544/143 580/545/143
f 586/546/214 451/374/125 449/547/128
f 585/548/214 588/549/213 586/550/214
f 584/551/215 449/547/128 447/377/127
f 583/552/215 586/550/214 584/553/215
f 582/554/216 447/377/127 445/555/132
f 581/556/216 584/553/215 582/557/216
f 580/558/217 445/555/132 443/383/131
f 573/559/2 593/560/2 571/561/2
f 441/562/134 580/558/217 443/383/131
f 578/563/218 579/564/217 580/565/217
f 576/566/99 441/562/134 439/386/133
f 576/567/99 577/568/218 578/563/218
f 574/569/219 439/386/133 437/570/136
f 573/571/219 576/567/99 574/572/219
f 572/573/220 437/570/136 435/389/135
f 590/574/146 603/575/146 589/576/146
f 569/577/110 435/578/135 434/534/124
f 570/579/110 572/580/220 569/577/110
f 601/581/160 604/582/160 602/583/160
f 597/584/169 600/585/169 598/586/169
f 593/560/104 596/587/104 594/588/104
f 590/574/1 602/589/1 604/590/1
f 574/591/93 595/592/93 573/593/93
f 587/594/2 603/595/2 601/581/2
f 582/596/1 598/544/1 600/597/1
f 587/594/140 602/589/140 588/598/140
f 582/596/138 599/599/138 581/600/138
f 581/600/2 597/584/2 579/601/2
f 571/561/27 594/602/27 572/603/27
f 572/603/1 596/604/1 574/591/1
f 881/605/160 735/440/160 736/606/160
f 891/459/169 743/466/169 890/607/169
f 892/608/169 742/465/169 891/609/169
f 894/610/151 748/456/151 745/611/151
f 893/612/151 745/611/151 746/613/151
f 899/614/104 751/486/104 898/480/104
f 904/615/40 756/616/40 753/471/40
f 901/617/40 755/469/40 756/616/40
f 912/618/169 760/499/169 757/490/169
f 911/619/169 757/490/169 758/620/169
f 905/487/151 761/491/151 908/621/151
f 906/622/151 764/492/151 905/623/151
f 915/510/160 767/517/160 914/624/160
f 916/625/160 766/516/160 915/626/160
f 920/627/195 772/504/195 769/628/195
f 919/629/195 769/628/195 770/514/195
f 922/630/104 776/521/104 773/522/104
f 921/631/104 773/522/104 774/428/104
f 735/440/167 739/446/166 736/606/166
f 738/632/221 734/438/168 733/437/221
f 742/465/177 746/613/176 745/611/177
f 744/453/174 748/456/178 747/435/174
f 750/474/184 754/472/183 753/471/184
f 752/477/181 756/616/185 755/469/181
f 764/492/190 758/620/159 757/490/188
f 762/415/148 760/499/189 759/413/148
f 766/516/201 770/514/200 769/628/201
f 771/502/198 767/517/202 772/504/202
f 780/524/203 774/428/157 773/522/203
f 778/412/147 776/521/204 775/410/147
f 733/437/221 460/633/145 738/632/221
f 792/634/211 570/579/110 591/635/211
f 791/636/222 591/635/211 589/637/212
f 790/638/98 589/637/212 587/639/213
f 789/640/214 587/639/213 585/641/214
f 788/642/215 585/641/214 583/643/215
f 787/644/87 583/643/215 581/645/216
f 786/646/223 581/645/216 579/647/217
f 577/648/218 786/646/223 579/647/217
f 784/649/99 577/648/218 575/650/99
f 783/362/224 575/650/99 573/651/219
f 782/360/225 573/651/219 571/652/220
f 781/653/110 571/654/220 570/579/110
f 301/655/1 819/656/1 848/657/1
f 315/658/1 847/659/1 314/660/1
f 300/661/1 848/657/1 846/662/1
f 314/660/1 845/663/1 313/664/1
f 299/665/1 846/662/1 844/666/1
f 313/664/1 843/667/1 312/668/1
f 298/669/1 844/666/1 842/670/1
f 311/671/1 843/667/1 841/672/1
f 324/673/1 829/674/1 840/675/1
f 297/676/1 842/670/1 839/677/1
f 311/671/1 838/678/1 310/679/1
f 323/680/1 840/675/1 837/681/1
f 296/682/1 839/677/1 836/683/1
f 310/679/1 835/684/1 309/685/1
f 323/680/1 834/686/1 322/687/1
f 295/688/1 836/683/1 833/689/1
f 309/685/1 832/690/1 308/691/1
f 322/687/1 831/692/1 321/693/1
f 294/694/1 833/689/1 830/695/1
f 308/691/1 828/696/1 307/697/1
f 321/693/1 827/698/1 320/699/1
f 294/694/1 829/674/1 293/700/1
f 306/701/1 828/696/1 826/702/1
f 320/699/1 825/703/1 319/704/1
f 305/705/1 826/702/1 824/706/1
f 319/704/1 823/707/1 318/708/1
f 304/709/1 824/706/1 822/710/1
f 318/708/1 821/711/1 317/712/1
f 303/713/1 822/710/1 820/714/1
f 317/712/1 818/715/1 316/716/1
f 302/717/1 820/714/1 819/656/1
f 316/716/1 817/718/1 315/658/1
f 326/719/2 880/720/2 849/721/2
f 327/722/2 849/721/2 850/723/2
f 327/722/2 851/724/2 328/725/2
f 328/725/2 852/726/2 329/727/2
f 329/727/2 853/728/2 330/729/2
f 330/729/2 854/730/2 331/731/2
f 331/731/2 855/732/2 332/733/2
f 332/733/2 856/734/2 333/735/2
f 333/735/2 857/736/2 334/737/2
f 334/737/2 858/738/2 335/739/2
f 335/739/2 859/740/2 336/741/2
f 336/741/2 860/742/2 337/743/2
f 337/743/2 861/744/2 338/745/2
f 338/745/2 862/746/2 339/747/2
f 339/747/2 863/748/2 340/749/2
f 340/749/2 864/750/2 341/751/2
f 341/751/2 865/752/2 342/753/2
f 342/753/2 866/754/2 343/755/2
f 343/755/2 867/756/2 344/757/2
f 345/758/2 867/756/2 868/759/2
f 346/760/2 868/759/2 869/761/2
f 347/762/2 869/761/2 870/763/2
f 348/764/2 870/763/2 871/765/2
f 349/766/2 871/765/2 872/767/2
f 350/768/2 872/767/2 873/769/2
f 351/770/2 873/769/2 874/771/2
f 352/772/2 874/771/2 875/773/2
f 353/774/2 875/773/2 876/775/2
f 354/776/2 876/775/2 877/777/2
f 355/778/2 877/777/2 878/779/2
f 356/780/2 878/779/2 879/781/2
f 325/782/2 879/781/2 880/720/2
f 881/605/160 433/445/160 434/783/160
f 436/447/195 886/784/195 435/785/195
f 440/786/169 892/787/169 439/424/169
f 438/788/151 893/789/151 746/613/151
f 884/790/160 457/791/160 733/437/160
f 456/485/104 900/417/104 455/792/104
f 454/483/40 903/793/40 754/472/40
f 452/432/151 906/794/151 451/380/151
f 450/430/169 911/795/169 758/620/169
f 448/513/160 916/796/160 447/421/160
f 446/797/195 919/798/195 770/514/195
f 442/799/104 921/800/104 774/428/104
f 444/427/40 926/801/40 443/527/40
f 884/802/163 888/803/226 887/804/163
f 894/805/172 892/608/155 891/609/172
f 896/806/161 890/452/173 889/454/161
f 904/807/179 900/473/150 899/475/179
f 902/808/170 898/476/180 897/478/170
f 905/623/186 911/809/130 906/622/130
f 910/810/191 908/493/187 907/494/191
f 920/811/196 916/625/153 915/626/196
f 913/509/193 917/812/197 914/507/197
f 925/813/209 921/814/208 926/815/208
f 927/816/205 923/817/210 928/818/210
f 435/785/227 881/819/228 434/820/227
f 897/457/104 480/482/104 479/821/104
f 886/822/195 740/449/195 885/823/195
f 885/824/195 737/448/195 888/825/195
f 888/803/195 738/632/195 887/804/195
f 887/826/195 460/633/195 459/408/195
f 910/827/169 474/828/169 759/413/169
f 886/822/228 882/829/229 881/830/228
f 883/831/226 885/824/230 888/825/226
f 926/815/40 780/524/40 925/813/40
f 925/832/40 777/523/40 928/531/40
f 928/818/40 778/412/40 927/816/40
f 927/833/40 468/411/40 467/402/40
f 785/345/111 784/368/112 808/346/112
f 791/348/113 815/369/113 816/349/114
f 782/351/115 781/359/116 795/352/116
f 788/354/117 812/370/117 813/355/118
f 785/345/111 809/347/111 810/357/119
f 781/359/116 792/350/114 816/349/114
f 782/360/115 806/834/115 807/361/120
f 789/356/118 813/355/118 814/363/121
f 787/365/122 786/358/119 810/357/119
f 783/367/120 807/835/120 808/346/112
f 790/364/121 814/363/121 815/369/113
f 787/365/122 811/366/122 812/370/117
f 455/371/123 434/534/124 433/372/124
f 451/374/125 453/539/126 454/375/126
f 447/377/127 449/547/128 450/378/128
f 451/380/129 906/794/130 911/381/130
f 443/383/131 445/555/132 446/384/132
f 439/386/133 441/562/134 442/387/134
f 435/389/135 437/570/136 438/390/136
f 477/392/27 479/821/27 480/393/137
f 473/395/138 475/420/138 476/396/139
f 469/398/140 471/506/140 472/399/141
f 466/401/142 465/526/93 467/402/93
f 461/404/143 463/451/143 464/405/144
f 457/407/145 458/444/146 459/408/146
f 775/410/147 466/519/142 468/411/142
f 759/413/148 474/828/139 476/414/139
f 453/416/149 455/792/149 900/417/150
f 907/419/151 762/415/151 476/414/151
f 447/421/152 916/796/153 919/422/153
f 439/424/154 892/787/155 893/425/155
f 444/427/156 442/799/156 774/428/157
f 450/430/158 758/620/159 763/431/159
f 896/433/151 461/836/151 462/434/151
f 883/436/160 884/837/160 733/437/160
f 882/439/160 883/838/160 734/438/160
f 889/441/161 463/451/162 461/404/162
f 884/443/163 887/826/163 459/408/164
f 433/445/165 736/606/166 739/446/166
f 735/440/167 734/438/168 737/448/168
f 889/441/169 744/453/169 464/450/169
f 890/452/169 743/466/169 744/453/169
f 895/455/151 896/839/151 747/435/151
f 897/457/170 479/821/171 477/392/171
f 891/459/172 890/607/173 895/460/173
f 747/435/174 462/434/144 464/450/144
f 440/462/175 438/840/175 746/463/176
f 742/465/177 745/611/177 748/456/178
f 902/467/40 477/841/40 478/468/40
f 903/470/40 904/842/40 753/471/40
f 900/473/104 749/484/104 750/474/104
f 898/476/104 751/486/104 752/477/104
f 904/479/179 899/614/179 898/480/180
f 755/469/181 478/468/137 480/482/137
f 454/483/182 754/472/183 749/484/183
f 753/471/184 756/616/185 751/486/185
f 905/487/186 908/621/187 909/488/187
f 757/490/188 760/499/189 761/491/189
f 908/493/151 761/491/151 762/415/151
f 907/419/191 475/420/192 473/395/192
f 913/496/193 471/506/194 469/398/194
f 909/498/169 910/843/169 759/413/169
f 918/500/195 469/844/195 470/501/195
f 917/503/195 918/845/195 771/502/195
f 913/496/160 768/508/160 472/505/160
f 914/507/160 767/517/160 768/508/160
f 915/510/196 914/624/197 917/511/197
f 771/502/198 470/501/141 472/505/141
f 448/513/199 446/797/199 770/514/200
f 766/516/201 769/628/201 772/504/202
f 924/518/104 465/846/104 466/519/104
f 923/520/104 924/847/104 775/410/104
f 773/522/203 776/521/204 777/523/204
f 924/525/205 927/833/205 467/402/206
f 443/527/207 926/801/208 921/528/208
f 922/530/209 925/832/209 928/531/210
f 592/533/211 569/577/110 434/534/124
f 591/535/211 570/848/110 569/536/110
f 590/538/212 592/533/211 455/371/123
f 589/540/212 591/535/211 592/537/211
f 588/542/213 590/538/212 453/539/126
f 579/543/143 597/849/143 598/544/143
f 586/546/214 588/542/213 451/374/125
f 585/548/214 587/850/213 588/549/213
f 584/551/215 586/546/214 449/547/128
f 583/552/215 585/548/214 586/550/214
f 582/554/216 584/551/215 447/377/127
f 581/556/216 583/552/215 584/553/215
f 580/558/217 582/554/216 445/555/132
f 573/559/2 595/851/2 593/560/2
f 441/562/134 578/852/218 580/558/217
f 578/563/218 577/568/218 579/564/217
f 576/566/99 578/852/218 441/562/134
f 576/567/99 575/853/99 577/568/218
f 574/569/219 576/566/99 439/386/133
f 573/571/219 575/853/99 576/567/99
f 572/573/220 574/569/219 437/570/136
f 590/574/146 604/590/146 603/575/146
f 569/577/110 572/580/220 435/578/135
f 570/579/110 571/654/220 572/580/220
f 601/581/160 603/595/160 604/582/160
f 597/584/169 599/599/169 600/585/169
f 593/560/104 595/851/104 596/587/104
f 590/574/1 588/598/1 602/589/1
f 574/591/93 596/604/93 595/592/93
f 587/594/2 589/854/2 603/595/2
f 582/596/1 580/545/1 598/544/1
f 587/594/140 601/581/140 602/589/140
f 582/596/138 600/597/138 599/599/138
f 581/600/2 599/599/2 597/584/2
f 571/561/27 593/560/27 594/602/27
f 572/603/1 594/602/1 596/604/1
f 881/605/160 882/855/160 735/440/160
f 891/459/169 742/465/169 743/466/169
f 892/608/169 741/856/169 742/465/169
f 894/610/151 895/857/151 748/456/151
f 893/612/151 894/858/151 745/611/151
f 899/614/104 750/474/104 751/486/104
f 904/615/40 901/859/40 756/616/40
f 901/617/40 902/860/40 755/469/40
f 912/618/169 909/861/169 760/499/169
f 911/619/169 912/862/169 757/490/169
f 905/487/151 764/492/151 761/491/151
f 906/622/151 763/431/151 764/492/151
f 915/510/160 766/516/160 767/517/160
f 916/625/160 765/515/160 766/516/160
f 920/627/195 917/863/195 772/504/195
f 919/629/195 920/864/195 769/628/195
f 922/630/104 923/865/104 776/521/104
f 921/631/104 922/866/104 773/522/104
f 735/440/167 740/449/167 739/446/166
f 738/632/221 737/448/168 734/438/168
f 742/465/177 741/856/176 746/613/176
f 744/453/174 743/466/178 748/456/178
f 750/474/184 749/484/183 754/472/183
f 752/477/181 751/486/185 756/616/185
f 764/492/190 763/431/159 758/620/159
f 762/415/148 761/491/189 760/499/189
f 766/516/201 765/515/200 770/514/200
f 771/502/198 768/508/198 767/517/202
f 780/524/203 779/429/157 774/428/157
f 778/412/147 777/523/204 776/521/204
f 733/437/221 457/791/145 460/633/145
f 792/634/211 781/653/110 570/579/110
f 791/636/222 792/634/211 591/635/211
f 790/638/98 791/636/222 589/637/212
f 789/640/214 790/638/98 587/639/213
f 788/642/215 789/640/214 585/641/214
f 787/644/87 788/642/215 583/643/215
f 786/646/223 787/644/87 581/645/216
f 577/648/218 785/867/218 786/646/223
f 784/649/99 785/867/218 577/648/218
f 783/362/224 784/649/99 575/650/99
f 782/360/225 783/362/224 573/651/219
f 781/653/110 782/868/225 571/654/220
f 301/655/1 302/717/1 819/656/1
f 315/658/1 817/718/1 847/659/1
f 300/661/1 301/655/1 848/657/1
f 314/660/1 847/659/1 845/663/1
f 299/665/1 300/661/1 846/662/1
f 313/664/1 845/663/1 843/667/1
f 298/669/1 299/665/1 844/666/1
f 311/671/1 312/668/1 843/667/1
f 324/673/1 293/700/1 829/674/1
f 297/676/1 298/669/1 842/670/1
f 311/671/1 841/672/1 838/678/1
f 323/680/1 324/673/1 840/675/1
f 296/682/1 297/676/1 839/677/1
f 310/679/1 838/678/1 835/684/1
f 323/680/1 837/681/1 834/686/1
f 295/688/1 296/682/1 836/683/1
f 309/685/1 835/684/1 832/690/1
f 322/687/1 834/686/1 831/692/1
f 294/694/1 295/688/1 833/689/1
f 308/691/1 832/690/1 828/696/1
f 321/693/1 831/692/1 827/698/1
f 294/694/1 830/695/1 829/674/1
f 306/701/1 307/697/1 828/696/1
f 320/699/1 827/698/1 825/703/1
f 305/705/1 306/701/1 826/702/1
f 319/704/1 825/703/1 823/707/1
f 304/709/1 305/705/1 824/706/1
f 318/708/1 823/707/1 821/711/1
f 303/713/1 304/709/1 822/710/1
f 317/712/1 821/711/1 818/715/1
f 302/717/1 303/713/1 820/714/1
f 316/716/1 818/715/1 817/718/1
f 326/719/2 325/782/2 880/720/2
f 327/722/2 326/719/2 849/721/2
f 327/722/2 850/723/2 851/724/2
f 328/725/2 851/724/2 852/726/2
f 329/727/2 852/726/2 853/728/2
f 330/729/2 853/728/2 854/730/2
f 331/731/2 854/730/2 855/732/2
f 332/733/2 855/732/2 856/734/2
f 333/735/2 856/734/2 857/736/2
f 334/737/2 857/736/2 858/738/2
f 335/739/2 858/738/2 859/740/2
f 336/741/2 859/740/2 860/742/2
f 337/743/2 860/742/2 861/744/2
f 338/745/2 861/744/2 862/746/2
f 339/747/2 862/746/2 863/748/2
f 340/749/2 863/748/2 864/750/2
f 341/751/2 864/750/2 865/752/2
f 342/753/2 865/752/2 866/754/2
f 343/755/2 866/754/2 867/756/2
f 345/758/2 344/757/2 867/756/2
f 346/760/2 345/758/2 868/759/2
f 347/762/2 346/760/2 869/761/2
f 348/764/2 347/762/2 870/763/2
f 349/766/2 348/764/2 871/765/2
f 350/768/2 349/766/2 872/767/2
f 351/770/2 350/768/2 873/769/2
f 352/772/2 351/770/2 874/771/2
f 353/774/2 352/772/2 875/773/2
f 354/776/2 353/774/2 876/775/2
f 355/778/2 354/776/2 877/777/2
f 356/780/2 355/778/2 878/779/2
f 325/782/2 356/780/2 879/781/2
f 881/605/160 736/606/160 433/445/160
f 436/447/195 739/446/195 886/784/195
f 440/786/169 741/856/169 892/787/169
f 438/788/151 437/869/151 893/789/151
f 884/790/160 458/870/160 457/791/160
f 456/485/104 749/484/104 900/417/104
f 454/483/40 453/871/40 903/793/40
f 452/432/151 763/431/151 906/794/151
f 450/430/169 449/872/169 911/795/169
f 448/513/160 765/515/160 916/796/160
f 446/797/195 445/873/195 919/798/195
f 442/799/104 441/874/104 921/800/104
f 444/427/40 779/429/40 926/801/40
f 884/802/163 883/875/226 888/803/226
f 894/805/172 893/876/155 892/608/155
f 896/806/161 895/877/173 890/452/173
f 904/807/179 903/878/150 900/473/150
f 902/808/170 901/879/180 898/476/180
f 905/623/186 912/880/186 911/809/130
f 910/810/191 909/881/187 908/493/187
f 920/811/196 919/882/153 916/625/153
f 913/509/193 918/883/193 917/812/197
f 925/813/209 922/884/209 921/814/208
f 927/816/205 924/885/205 923/817/210
f 435/785/227 886/784/228 881/819/228
f 897/457/104 752/477/104 480/482/104
f 886/822/195 739/446/195 740/449/195
f 885/824/195 740/449/195 737/448/195
f 888/803/195 737/448/195 738/632/195
f 887/826/195 738/632/195 460/633/195
f 910/827/169 473/886/169 474/828/169
f 886/822/228 885/823/230 882/829/229
f 883/831/226 882/887/229 885/824/230
f 926/815/40 779/429/40 780/524/40
f 925/832/40 780/524/40 777/523/40
f 928/818/40 777/523/40 778/412/40
f 927/833/40 778/412/40 468/411/40
usemtl SpacialRoverExploreralumBlack
f 138/888/231 162/889/232 134/890/233
f 142/891/234 170/892/235 136/893/236
f 135/894/237 173/895/238 160/896/239
f 141/897/240 170/898/235 166/899/241
f 163/900/242 177/901/243 159/902/242
f 165/903/244 178/904/245 164/905/246
f 166/906/247 176/907/248 165/903/248
f 172/908/249 159/902/250 158/909/251
f 161/910/252 181/911/253 175/912/254
f 160/913/255 167/914/256 179/915/255
f 170/916/257 174/917/258 166/906/259
f 175/912/260 169/918/261 171/919/261
f 161/910/252 179/915/262 180/920/263
f 173/921/264 158/909/251 167/914/256
f 164/905/246 177/901/243 162/922/265
f 171/919/266 168/923/267 170/924/257
f 133/925/268 164/926/269 138/888/231
f 133/925/268 166/899/241 165/927/270
f 137/928/271 172/929/272 131/930/273
f 135/894/237 161/931/274 140/932/275
f 139/933/276 161/931/274 175/934/277
f 142/891/234 175/934/277 171/935/278
f 131/930/273 173/895/238 132/936/279
f 137/928/271 162/889/232 163/937/280
f 138/888/231 164/926/269 162/889/232
f 142/891/234 171/935/278 170/892/235
f 135/894/237 132/936/279 173/895/238
f 141/897/240 136/938/236 170/898/235
f 163/900/242 162/922/265 177/901/243
f 165/903/244 176/907/244 178/904/245
f 166/906/259 174/917/258 176/907/248
f 172/908/249 163/900/250 159/902/250
f 161/910/252 180/920/263 181/911/253
f 160/913/255 173/921/264 167/914/256
f 170/916/257 168/939/267 174/917/258
f 175/912/254 181/911/253 169/918/261
f 161/910/252 160/913/262 179/915/262
f 173/921/264 172/908/249 158/909/251
f 164/905/246 178/904/245 177/901/243
f 171/919/266 169/918/266 168/923/267
f 133/925/268 165/927/270 164/926/269
f 133/925/268 141/897/240 166/899/241
f 137/928/271 163/937/280 172/929/272
f 135/894/237 160/896/239 161/931/274
f 139/933/276 140/932/275 161/931/274
f 142/891/234 139/933/276 175/934/277
f 131/930/273 172/929/272 173/895/238
f 137/928/271 134/890/233 162/889/232
usemtl SpacialRoverExploreralumGrayDeep
f 192/940/45 20/941/91 22/942/91
f 22/943/1 23/944/1 73/945/1
f 23/946/92 14/947/94 16/948/94
f 23/944/1 68/949/1 67/950/1
f 13/951/2 93/952/2 107/953/2
f 20/954/2 188/955/2 78/956/2
f 14/957/94 18/958/96 16/959/94
f 15/960/48 17/961/102 18/958/48
f 23/946/92 21/962/34 19/963/92
f 24/964/90 20/941/91 21/962/90
f 186/965/105 189/966/103 191/967/103
f 17/968/1 185/969/1 60/970/1
f 18/971/1 64/972/1 16/973/1
f 18/971/1 63/974/1 65/975/1
f 186/965/105 184/976/107 182/977/105
f 187/978/26 183/979/106 184/976/26
f 192/940/45 190/980/95 188/981/45
f 193/982/101 189/966/103 190/980/101
f 183/979/106 17/961/102 13/983/102
f 14/984/2 95/985/2 97/986/2
f 14/984/2 93/952/2 15/987/2
f 96/988/2 19/989/2 21/990/2
f 20/954/2 98/991/2 99/992/2
f 190/993/2 106/994/2 105/995/2
f 190/993/2 102/996/2 188/955/2
f 184/997/2 84/998/2 86/999/2
f 192/1000/1 51/1001/1 50/1002/1
f 192/1000/1 47/1003/1 193/1004/1
f 47/1003/1 191/1005/1 193/1004/1
f 71/1006/1 187/1007/1 186/1008/1
f 191/1005/1 43/1009/1 42/1010/281
f 70/1011/1 187/1007/1 71/1006/1
f 192/940/45 188/981/45 20/941/91
f 74/1012/1 56/1013/1 22/943/1
f 22/943/1 24/1014/1 23/944/1
f 23/944/1 72/1015/1 73/945/1
f 73/945/1 74/1012/1 22/943/1
f 23/946/92 19/963/92 14/947/94
f 66/1016/1 72/1015/1 23/944/1
f 23/944/1 16/973/1 64/972/1
f 23/944/1 64/972/1 68/949/1
f 67/950/1 66/1016/1 23/944/1
f 104/1017/2 103/1018/2 13/951/2
f 13/951/2 15/987/2 93/952/2
f 107/953/2 104/1017/2 13/951/2
f 76/1019/2 75/1020/2 20/954/2
f 188/955/2 102/996/2 101/1021/2
f 188/955/2 101/1021/2 100/1022/2
f 79/1023/2 76/1019/2 20/954/2
f 77/1024/2 79/1023/2 20/954/2
f 188/955/2 100/1022/2 78/956/2
f 78/956/2 77/1024/2 20/954/2
f 14/957/94 15/960/96 18/958/96
f 15/960/48 13/983/102 17/961/102
f 23/946/92 24/964/34 21/962/34
f 24/964/90 22/942/91 20/941/91
f 186/965/105 182/977/105 189/966/103
f 61/1025/1 63/974/1 17/968/1
f 185/969/1 70/1011/1 69/1026/1
f 185/969/1 69/1026/1 62/1027/1
f 59/1028/1 61/1025/1 17/968/1
f 58/1029/1 59/1028/1 17/968/1
f 185/969/1 62/1027/1 60/970/1
f 60/970/1 58/1029/1 17/968/1
f 65/975/1 64/972/1 18/971/1
f 18/971/1 17/968/1 63/974/1
f 186/965/105 187/978/107 184/976/107
f 187/978/26 185/1030/106 183/979/106
f 192/940/45 193/982/95 190/980/95
f 193/982/101 191/967/103 189/966/103
f 183/979/106 185/1030/106 17/961/102
f 94/1031/2 93/952/2 14/984/2
f 14/984/2 19/989/2 96/988/2
f 14/984/2 96/988/2 95/985/2
f 97/986/2 94/1031/2 14/984/2
f 96/988/2 21/990/2 20/954/2
f 20/954/2 75/1020/2 98/991/2
f 99/992/2 96/988/2 20/954/2
f 105/995/2 102/996/2 190/993/2
f 190/993/2 189/1032/2 106/994/2
f 91/1033/2 106/994/2 189/1032/2
f 189/1032/2 182/1034/2 184/997/2
f 184/997/2 183/1035/2 13/951/2
f 13/951/2 103/1018/2 85/1036/2
f 13/951/2 85/1036/2 83/1037/2
f 91/1033/2 189/1032/2 184/997/2
f 90/1038/2 91/1033/2 184/997/2
f 13/951/2 83/1037/2 81/1039/2
f 13/951/2 81/1039/2 80/1040/2
f 92/1041/2 90/1038/2 184/997/2
f 88/1042/2 92/1041/2 184/997/2
f 184/997/2 13/951/2 80/1040/2
f 184/997/2 80/1040/2 82/1043/282
f 89/1044/2 88/1042/2 184/997/2
f 87/1045/2 89/1044/2 184/997/2
f 184/997/2 82/1043/282 84/998/2
f 86/999/2 87/1045/2 184/997/2
f 46/1046/1 47/1003/1 192/1000/1
f 22/943/1 56/1013/1 53/1047/1
f 22/943/1 53/1047/1 48/1048/1
f 57/1049/1 46/1046/1 192/1000/1
f 49/1050/1 57/1049/1 192/1000/1
f 22/943/1 48/1048/1 54/1051/1
f 22/943/1 54/1051/1 51/1001/1
f 55/1052/1 49/1050/1 192/1000/1
f 52/1053/1 55/1052/1 192/1000/1
f 192/1000/1 22/943/1 51/1001/1
f 50/1002/1 52/1053/1 192/1000/1
f 71/1006/1 186/1008/1 191/1005/1
f 191/1005/1 47/1003/1 45/1054/1
f 191/1005/1 45/1054/1 44/1055/1
f 42/1010/281 71/1006/1 191/1005/1
f 191/1005/1 44/1055/1 43/1009/1
f 70/1011/1 185/969/1 187/1007/1
f 428/1056/225 499/1057/110 427/1058/110
f 456/373/123 481/1059/110 492/1060/211
f 491/1061/222 456/373/123 492/1060/211
f 452/376/125 491/1061/222 490/1062/98
f 450/378/128 490/1062/98 489/1063/214
f 448/379/127 489/1063/214 488/1064/215
f 446/384/132 488/1064/215 487/1065/87
f 444/385/131 487/1065/87 486/1066/223
f 485/1067/218 444/385/131 486/1066/223
f 484/1068/99 442/387/134 485/1067/218
f 438/390/136 484/1068/99 483/1069/224
f 436/391/135 483/1069/224 482/1070/225
f 433/372/124 482/1071/225 481/1059/110
f 421/1072/1 482/1073/1 422/1074/1
f 422/1074/1 483/1075/1 423/1076/1
f 423/1076/1 484/1077/1 424/1078/1
f 425/1079/1 484/1077/1 485/1080/1
f 425/1079/1 486/1081/1 426/1082/1
f 427/1083/1 486/1081/1 487/1084/1
f 427/1083/1 488/1085/1 428/1086/1
f 429/1087/1 488/1085/1 489/1088/1
f 429/1087/1 490/1089/1 430/1090/1
f 430/1090/1 491/1091/1 431/1092/1
f 431/1092/1 492/1093/1 432/1094/1
f 421/1072/1 492/1093/1 481/1095/1
f 496/1096/1 500/1097/1 504/1098/1
f 425/1099/222 496/1100/98 424/1101/98
f 432/1102/223 503/1103/218 431/1104/218
f 422/1105/215 493/1106/87 421/1107/87
f 429/1108/224 500/1109/225 428/1056/225
f 425/1099/222 498/1110/211 497/1111/222
f 421/1107/87 504/1112/223 432/1102/223
f 423/1113/214 494/1114/215 422/1115/215
f 430/1116/99 501/1117/224 429/1108/224
f 427/1058/110 498/1110/211 426/1118/211
f 424/1101/98 495/1119/214 423/1113/214
f 431/1104/218 502/1120/99 430/1116/99
f 794/1121/110 806/1122/225 795/1123/110
f 793/1124/225 807/361/224 806/834/225
f 796/1125/224 808/1126/99 807/361/224
f 797/1127/99 809/1128/218 808/1126/99
f 809/1128/218 799/1129/223 810/1130/223
f 799/1129/223 811/1131/87 810/1130/223
f 800/1132/87 812/1133/215 811/1131/87
f 801/1134/215 813/1135/214 812/1133/215
f 802/1136/214 814/1137/98 813/1135/214
f 803/1138/98 815/1139/222 814/1137/98
f 804/1140/2 800/1141/2 796/1125/2
f 804/1142/222 816/1143/211 815/1139/222
f 805/1144/211 795/1123/110 816/1143/211
f 428/1056/225 500/1109/225 499/1057/110
f 456/373/123 433/372/124 481/1059/110
f 491/1061/222 454/375/126 456/373/123
f 452/376/125 454/375/126 491/1061/222
f 450/378/128 452/376/125 490/1062/98
f 448/379/127 450/378/128 489/1063/214
f 446/384/132 448/379/127 488/1064/215
f 444/385/131 446/384/132 487/1065/87
f 485/1067/218 442/387/134 444/385/131
f 484/1068/99 440/388/133 442/387/134
f 438/390/136 440/388/133 484/1068/99
f 436/391/135 438/390/136 483/1069/224
f 433/372/124 436/1145/135 482/1071/225
f 421/1072/1 481/1095/1 482/1073/1
f 422/1074/1 482/1073/1 483/1075/1
f 423/1076/1 483/1075/1 484/1077/1
f 425/1079/1 424/1078/1 484/1077/1
f 425/1079/1 485/1080/1 486/1081/1
f 427/1083/1 426/1082/1 486/1081/1
f 427/1083/1 487/1084/1 488/1085/1
f 429/1087/1 428/1086/1 488/1085/1
f 429/1087/1 489/1088/1 490/1089/1
f 430/1090/1 490/1089/1 491/1091/1
f 431/1092/1 491/1091/1 492/1093/1
f 421/1072/1 432/1094/1 492/1093/1
f 504/1098/1 493/1146/1 494/1147/1
f 494/1147/1 495/1148/1 496/1096/1
f 496/1096/1 497/1149/1 498/1150/1
f 498/1150/1 499/1151/1 500/1097/1
f 500/1097/1 501/1152/1 502/1153/1
f 502/1153/1 503/1154/1 504/1098/1
f 504/1098/1 494/1147/1 496/1096/1
f 496/1096/1 498/1150/1 500/1097/1
f 500/1097/1 502/1153/1 504/1098/1
f 425/1099/222 497/1111/222 496/1100/98
f 432/1102/223 504/1112/223 503/1103/218
f 422/1105/215 494/1155/215 493/1106/87
f 429/1108/224 501/1117/224 500/1109/225
f 425/1099/222 426/1118/211 498/1110/211
f 421/1107/87 493/1106/87 504/1112/223
f 423/1113/214 495/1119/214 494/1114/215
f 430/1116/99 502/1120/99 501/1117/224
f 427/1058/110 499/1057/110 498/1110/211
f 424/1101/98 496/1100/98 495/1119/214
f 431/1104/218 503/1103/218 502/1120/99
f 794/1121/110 793/1156/225 806/1122/225
f 793/1124/225 796/1125/224 807/361/224
f 796/1125/224 797/1127/99 808/1126/99
f 797/1127/99 798/1157/218 809/1128/218
f 809/1128/218 798/1157/218 799/1129/223
f 799/1129/223 800/1132/87 811/1131/87
f 800/1132/87 801/1134/215 812/1133/215
f 801/1134/215 802/1136/214 813/1135/214
f 802/1136/214 803/1138/98 814/1137/98
f 803/1138/98 804/1142/222 815/1139/222
f 796/1125/2 793/1124/2 794/1158/2
f 794/1158/2 805/1159/2 804/1140/2
f 804/1140/2 803/1160/2 802/1161/2
f 802/1161/2 801/1162/2 800/1141/2
f 800/1141/2 799/1163/2 798/1164/2
f 798/1164/2 797/1165/2 796/1125/2
f 796/1125/2 794/1158/2 804/1140/2
f 804/1140/2 802/1161/2 800/1141/2
f 800/1141/2 798/1164/2 796/1125/2
f 804/1142/222 805/1144/211 816/1143/211
f 805/1144/211 794/1121/110 795/1123/110
usemtl SpacialRoverExplorerwheels
f 880/1166/2 388/1167/283 358/1168/284
f 879/1169/2 387/1170/285 388/1167/283
f 878/1171/2 386/1172/286 387/1170/285
f 877/1173/2 385/1174/287 386/1172/286
f 876/1175/2 384/1176/288 385/1174/287
f 875/1177/2 383/1178/289 384/1176/288
f 874/1179/2 382/1180/290 383/1178/289
f 873/1181/2 381/1182/290 382/1180/290
f 872/1183/2 380/1184/291 381/1182/290
f 871/1185/2 379/1186/292 380/1184/291
f 870/1187/2 378/1188/293 379/1186/292
f 869/1189/2 377/1190/294 378/1188/293
f 868/1191/2 376/1192/295 377/1193/294
f 866/1194/2 376/1192/295 867/1195/2
f 865/1196/2 375/1197/295 866/1194/2
f 864/1198/2 374/1199/296 865/1196/2
f 863/1200/2 373/1201/296 864/1198/2
f 862/1202/2 372/1203/297 863/1200/2
f 861/1204/2 371/1205/297 862/1202/2
f 860/1206/2 370/1207/298 861/1204/2
f 859/1208/2 369/1209/298 860/1206/2
f 858/1210/2 368/1211/299 859/1208/2
f 857/1212/2 367/1213/300 858/1210/2
f 856/1214/2 366/1215/301 857/1212/2
f 855/1216/2 365/1217/302 856/1214/2
f 854/1218/2 364/1219/303 855/1216/2
f 853/1220/2 363/1221/304 854/1218/2
f 852/1222/2 362/1223/305 853/1220/2
f 851/1224/2 361/1225/305 852/1226/2
f 851/1224/2 359/1227/306 360/1228/306
f 850/1229/2 357/1230/284 359/1227/306
f 849/1231/2 358/1168/284 357/1230/284
f 818/1232/1 411/1233/307 817/1234/1
f 819/1235/1 399/1236/308 398/1237/309
f 821/1238/1 412/1239/307 818/1232/1
f 820/1240/1 400/1241/310 399/1236/308
f 823/1242/1 413/1243/311 821/1238/1
f 822/1244/1 401/1245/312 400/1241/310
f 825/1246/1 414/1247/311 823/1242/1
f 824/1248/1 402/1249/313 401/1245/312
f 827/1250/1 415/1251/314 825/1246/1
f 826/1252/1 403/1253/315 402/1249/313
f 830/1254/1 389/1255/316 829/1256/1
f 831/1257/1 416/1258/317 827/1250/1
f 828/1259/1 404/1260/315 403/1253/315
f 833/1261/1 390/1262/316 830/1254/1
f 834/1263/1 417/1264/318 831/1257/1
f 835/1265/1 404/1260/315 832/1266/1
f 836/1267/1 391/1268/319 833/1261/1
f 837/1269/1 418/1270/320 834/1263/1
f 838/1271/1 405/1272/321 835/1265/1
f 839/1273/1 392/1274/319 836/1267/1
f 840/1275/1 419/1276/322 837/1269/1
f 841/1277/1 406/1278/323 838/1271/1
f 839/1279/1 394/1280/324 393/1281/324
f 829/1256/1 420/1282/325 840/1275/1
f 843/1283/1 407/1284/326 841/1277/1
f 842/1285/1 395/1286/327 394/1280/324
f 845/1287/1 408/1288/326 843/1283/1
f 844/1289/1 396/1290/328 395/1286/327
f 847/1291/1 409/1292/329 845/1293/1
f 846/1294/1 397/1295/330 396/1290/328
f 817/1234/1 410/1296/329 847/1291/1
f 848/1297/1 398/1237/309 397/1295/330
f 506/1298/331 415/1251/332 508/1299/333
f 510/1300/334 419/1276/335 512/1301/336
f 512/1301/337 704/1302/338 511/1303/339
f 516/1304/340 417/1264/341 514/1305/342
f 563/1306/343 606/1307/344 730/1308/345
f 511/1303/339 605/1309/346 387/1170/347
f 378/1188/293 615/1310/348 616/1311/349
f 562/1312/350 729/1313/351 697/1314/350
f 419/1276/322 667/1315/352 668/1316/352
f 530/1317/353 409/1318/354 524/1319/355
f 526/1320/356 411/1233/357 520/1321/358
f 522/1322/359 413/1243/360 518/1323/361
f 510/1300/362 703/1324/363 671/1325/364
f 561/1326/351 634/1327/365 729/1313/351
f 404/1260/366 532/1328/367 538/1329/368
f 406/1278/369 528/1330/370 534/1331/371
f 509/1332/372 608/1333/373 703/1324/363
f 380/1184/291 613/1334/374 614/1335/374
f 400/1241/375 540/1336/376 546/1337/377
f 402/1249/378 536/1338/379 542/1339/380
f 560/1340/381 728/1341/382 559/1342/383
f 417/1264/318 665/1343/384 666/1344/384
f 508/1299/385 702/1345/386 507/1346/387
f 559/1342/383 633/1347/388 359/1227/388
f 392/1274/389 556/1348/390 562/1312/391
f 394/1280/392 552/1349/393 558/1350/394
f 396/1290/395 548/1351/396 554/1352/397
f 398/1237/398 544/1353/399 550/1354/400
f 564/1355/401 389/1255/402 566/1356/403
f 507/1346/387 609/1357/404 383/1178/405
f 568/1358/406 391/1268/407 560/1340/408
f 382/1180/290 611/1359/409 612/1360/409
f 558/1350/410 727/1361/411 695/1362/412
f 415/1251/314 663/1363/413 664/1364/413
f 357/1230/414 559/1342/415 359/1227/414
f 567/1365/416 560/1340/408 559/1342/415
f 506/1298/417 701/1366/418 669/1367/419
f 557/1368/420 632/1369/421 727/1361/411
f 388/1167/422 565/1370/423 358/1168/422
f 563/1306/424 566/1356/403 565/1370/423
f 549/1371/425 367/1213/426 366/1215/426
f 550/1354/400 543/1372/427 549/1371/425
f 553/1373/428 365/1217/429 364/1219/429
f 554/1352/397 547/1374/430 553/1373/428
f 557/1368/431 363/1221/432 362/1223/432
f 558/1350/394 551/1375/433 557/1368/431
f 561/1326/434 361/1225/435 360/1228/435
f 562/1312/391 555/1376/436 561/1326/434
f 505/1377/437 612/1360/438 701/1366/418
f 384/1176/288 609/1357/439 610/1378/439
f 556/1379/440 726/1380/441 555/1381/442
f 413/1243/311 661/1382/443 662/1383/443
f 568/1358/444 637/1384/445 390/1262/446
f 555/1381/442 631/1385/447 361/1386/448
f 566/1356/449 638/1387/450 699/1388/449
f 386/1172/286 607/1389/451 608/1333/451
f 541/1390/452 371/1205/453 370/1207/453
f 542/1339/380 535/1391/454 541/1390/452
f 545/1392/455 369/1209/456 368/1211/456
f 546/1337/377 539/1393/457 545/1392/455
f 554/1352/458 725/1394/459 693/1395/458
f 411/1233/307 659/1396/460 660/1397/460
f 564/1355/461 667/1315/462 420/1282/463
f 553/1373/464 630/1398/465 725/1394/459
f 533/1399/466 375/1197/467 374/1199/467
f 534/1331/371 527/1400/468 533/1399/466
f 537/1401/469 373/1201/470 372/1203/470
f 538/1329/368 531/1402/471 537/1401/469
f 562/1312/350 639/1403/472 392/1274/472
f 388/1167/283 605/1309/473 606/1307/473
f 552/1349/474 724/1404/475 551/1375/476
f 409/1292/329 657/1405/477 658/1406/477
f 380/1184/478 517/1407/479 381/1182/478
f 521/1408/480 518/1323/361 517/1407/479
f 378/1188/481 519/1409/482 379/1186/483
f 525/1410/484 520/1321/358 519/1409/482
f 376/1192/485 523/1411/486 377/1193/485
f 529/1412/487 524/1319/355 523/1411/486
f 560/1340/381 640/1413/488 696/1414/381
f 551/1375/476 629/1415/489 363/1221/490
f 558/1350/410 641/1416/491 394/1280/492
f 550/1354/493 723/1417/494 691/1418/495
f 407/1284/326 655/1419/496 656/1420/496
f 556/1379/440 642/1421/497 694/1422/440
f 549/1371/498 628/1423/499 723/1417/494
f 554/1352/458 643/1424/500 396/1290/501
f 548/1351/502 722/1425/503 547/1374/504
f 406/1278/323 654/1426/505 405/1272/321
f 384/1176/506 513/1427/507 385/1174/506
f 515/1428/508 514/1305/342 513/1427/507
f 552/1349/474 644/1429/509 692/1430/474
f 547/1374/504 627/1431/510 365/1217/511
f 386/1172/512 511/1303/513 387/1170/512
f 509/1332/514 512/1301/336 511/1303/513
f 382/1180/515 507/1346/516 383/1178/517
f 505/1377/518 508/1299/333 507/1346/516
f 673/1432/519 665/1343/520 671/1325/521
f 670/1433/522 663/1363/523 674/1434/524
f 675/1435/525 661/1382/526 669/1367/527
f 676/1436/528 659/1396/529 677/1437/530
f 678/1438/531 657/1405/532 679/1439/533
f 680/1440/534 655/1419/535 681/1441/534
f 654/1426/536 683/1442/537 682/1443/538
f 652/1444/539 685/1445/540 684/1446/541
f 650/1447/542 687/1448/543 686/1449/544
f 648/1450/545 689/1451/546 688/1452/547
f 646/1453/548 691/1418/549 690/1454/550
f 644/1429/551 693/1395/552 692/1430/553
f 642/1421/554 695/1362/555 694/1422/556
f 640/1413/557 697/1314/558 696/1414/558
f 699/1388/559 637/1384/560 700/1455/561
f 672/1456/562 667/1315/563 698/1457/564
f 605/1309/565 730/1308/566 606/1307/565
f 704/1302/567 698/1457/564 730/1308/566
f 635/1458/568 732/1459/569 636/1460/568
f 731/1461/570 700/1455/561 732/1459/569
f 728/1341/571 634/1327/572 633/1347/572
f 696/1414/558 729/1313/571 728/1341/571
f 726/1380/573 632/1369/574 631/1385/574
f 694/1422/556 727/1361/575 726/1380/573
f 724/1404/576 630/1398/577 629/1415/577
f 692/1430/553 725/1394/578 724/1404/576
f 722/1425/579 628/1423/580 627/1431/580
f 690/1454/550 723/1417/581 722/1425/579
f 720/1462/582 626/1463/583 625/1464/583
f 688/1452/547 721/1465/584 720/1462/582
f 718/1466/585 624/1467/586 623/1468/586
f 686/1449/544 719/1469/587 718/1466/585
f 716/1470/588 622/1471/589 621/1472/589
f 684/1446/541 717/1473/590 716/1470/588
f 714/1474/591 620/1475/592 619/1476/592
f 682/1443/538 715/1477/593 714/1474/591
f 617/1478/594 713/1479/595 618/1480/594
f 680/1440/534 713/1479/595 712/1481/595
f 615/1310/596 711/1482/597 616/1311/596
f 710/1483/598 679/1439/533 711/1482/597
f 613/1334/599 709/1484/600 614/1335/599
f 708/1485/601 677/1437/530 709/1484/600
f 611/1359/602 701/1366/603 612/1360/602
f 707/1486/604 669/1367/527 701/1366/603
f 609/1357/605 706/1487/606 610/1378/605
f 702/1345/607 674/1434/524 706/1487/606
f 607/1389/608 703/1324/609 608/1333/608
f 705/1488/610 671/1325/521 703/1324/609
f 564/1355/461 730/1308/345 698/1457/461
f 375/1197/295 618/1480/611 376/1192/295
f 513/1427/612 607/1389/613 385/1174/614
f 565/1370/615 635/1458/616 358/1168/617
f 514/1305/618 705/1488/619 513/1427/612
f 566/1356/449 731/1461/620 565/1370/615
f 373/1201/296 620/1475/621 374/1199/296
f 515/1428/622 610/1378/623 706/1487/624
f 567/1365/625 636/1460/626 732/1459/627
f 516/1304/628 706/1487/624 674/1434/628
f 568/1358/444 732/1459/627 700/1455/629
f 371/1205/297 622/1471/630 372/1203/297
f 517/1407/631 611/1359/632 381/1182/633
f 518/1323/634 707/1486/635 517/1407/631
f 369/1209/298 624/1467/636 370/1207/298
f 519/1409/637 613/1334/638 379/1186/639
f 520/1321/640 708/1485/641 519/1409/637
f 367/1213/300 626/1463/642 368/1211/299
f 521/1408/643 614/1335/644 709/1484/645
f 522/1322/646 709/1484/645 677/1437/647
f 365/1217/302 628/1423/648 366/1215/301
f 523/1489/649 615/1310/650 377/1190/651
f 524/1490/652 710/1483/653 523/1489/649
f 506/1298/417 661/1382/654 414/1247/655
f 363/1221/304 630/1398/656 364/1219/303
f 525/1410/657 616/1311/658 711/1482/659
f 508/1299/385 664/1364/660 670/1433/661
f 526/1320/662 711/1482/659 679/1439/663
f 510/1300/362 665/1343/664 418/1270/665
f 361/1386/305 632/1369/666 362/1223/305
f 527/1400/667 617/1478/668 375/1197/669
f 512/1301/337 668/1316/670 672/1456/671
f 528/1330/672 712/1481/667 527/1400/667
f 514/1305/618 666/1344/673 673/1432/674
f 360/1228/306 633/1347/675 634/1327/675
f 529/1412/676 618/1480/677 713/1479/676
f 516/1304/628 663/1363/678 416/1258/679
f 530/1317/680 713/1479/676 681/1441/680
f 518/1323/634 662/1383/681 675/1435/634
f 357/1230/284 635/1458/682 636/1460/682
f 531/1402/683 619/1476/684 373/1201/685
f 520/1321/640 660/1397/686 676/1436/687
f 389/1255/316 637/1384/688 638/1387/688
f 532/1328/689 714/1474/690 531/1402/683
f 522/1322/646 659/1396/691 412/1239/692
f 533/1399/693 620/1475/694 715/1477/695
f 524/1490/652 658/1406/696 678/1438/652
f 392/1274/319 640/1413/697 391/1268/319
f 534/1331/698 715/1477/695 683/1442/699
f 526/1320/662 657/1405/700 410/1296/701
f 535/1391/702 621/1472/703 371/1205/704
f 528/1330/672 656/1420/705 680/1440/706
f 394/1280/324 642/1421/707 393/1281/324
f 536/1338/708 716/1470/709 535/1391/702
f 530/1317/680 655/1419/710 408/1288/711
f 537/1401/712 622/1471/713 717/1473/714
f 532/1328/689 654/1426/715 682/1443/689
f 396/1290/328 644/1429/716 395/1286/327
f 538/1329/717 717/1473/714 685/1445/717
f 534/1331/698 653/1491/718 406/1278/719
f 539/1393/720 623/1468/721 369/1209/722
f 536/1338/708 652/1444/723 684/1446/708
f 398/1237/309 646/1453/724 397/1295/330
f 540/1336/725 718/1466/726 539/1393/720
f 538/1329/717 651/1492/727 404/1260/728
f 541/1390/729 624/1467/730 719/1469/731
f 540/1336/725 650/1447/732 686/1449/733
f 400/1241/310 648/1450/734 399/1236/308
f 542/1339/735 719/1469/731 687/1448/736
f 542/1339/735 649/1493/737 402/1249/738
f 543/1372/739 625/1464/740 367/1213/741
f 544/1353/742 648/1450/743 688/1452/744
f 402/1249/313 650/1447/745 401/1245/312
f 544/1353/742 720/1462/746 543/1372/739
f 546/1337/747 647/1494/748 400/1241/749
f 545/1392/750 626/1463/751 721/1465/752
f 548/1351/502 646/1453/753 690/1454/502
f 404/1260/315 652/1444/754 403/1253/315
f 546/1337/747 721/1465/752 689/1451/755
f 550/1354/493 645/1495/756 398/1237/757
f 880/1166/2 879/1169/2 388/1167/283
f 879/1169/2 878/1171/2 387/1170/285
f 878/1171/2 877/1173/2 386/1172/286
f 877/1173/2 876/1175/2 385/1174/287
f 876/1175/2 875/1177/2 384/1176/288
f 875/1177/2 874/1179/2 383/1178/289
f 874/1179/2 873/1181/2 382/1180/290
f 873/1181/2 872/1183/2 381/1182/290
f 872/1183/2 871/1185/2 380/1184/291
f 871/1185/2 870/1187/2 379/1186/292
f 870/1187/2 869/1189/2 378/1188/293
f 869/1189/2 868/1496/2 377/1190/294
f 868/1191/2 867/1195/2 376/1192/295
f 866/1194/2 375/1197/295 376/1192/295
f 865/1196/2 374/1199/296 375/1197/295
f 864/1198/2 373/1201/296 374/1199/296
f 863/1200/2 372/1203/297 373/1201/296
f 862/1202/2 371/1205/297 372/1203/297
f 861/1204/2 370/1207/298 371/1205/297
f 860/1206/2 369/1209/298 370/1207/298
f 859/1208/2 368/1211/299 369/1209/298
f 858/1210/2 367/1213/300 368/1211/299
f 857/1212/2 366/1215/301 367/1213/300
f 856/1214/2 365/1217/302 366/1215/301
f 855/1216/2 364/1219/303 365/1217/302
f 854/1218/2 363/1221/304 364/1219/303
f 853/1220/2 362/1223/305 363/1221/304
f 852/1222/2 361/1386/305 362/1223/305
f 851/1224/2 360/1228/306 361/1225/305
f 851/1224/2 850/1229/2 359/1227/306
f 850/1229/2 849/1231/2 357/1230/284
f 849/1231/2 880/1166/2 358/1168/284
f 818/1232/1 412/1239/307 411/1233/307
f 819/1235/1 820/1240/1 399/1236/308
f 821/1238/1 413/1243/311 412/1239/307
f 820/1240/1 822/1244/1 400/1241/310
f 823/1242/1 414/1247/311 413/1243/311
f 822/1244/1 824/1248/1 401/1245/312
f 825/1246/1 415/1251/314 414/1247/311
f 824/1248/1 826/1252/1 402/1249/313
f 827/1250/1 416/1258/317 415/1251/314
f 826/1252/1 828/1259/1 403/1253/315
f 830/1254/1 390/1262/316 389/1255/316
f 831/1257/1 417/1264/318 416/1258/317
f 828/1259/1 832/1266/1 404/1260/315
f 833/1261/1 391/1268/319 390/1262/316
f 834/1263/1 418/1270/320 417/1264/318
f 835/1265/1 405/1272/321 404/1260/315
f 836/1267/1 392/1274/319 391/1268/319
f 837/1269/1 419/1276/322 418/1270/320
f 838/1271/1 406/1278/323 405/1272/321
f 839/1273/1 393/1497/324 392/1274/319
f 840/1275/1 420/1282/325 419/1276/322
f 841/1277/1 407/1284/326 406/1278/323
f 839/1279/1 842/1285/1 394/1280/324
f 829/1256/1 389/1255/316 420/1282/325
f 843/1283/1 408/1288/326 407/1284/326
f 842/1285/1 844/1289/1 395/1286/327
f 845/1287/1 409/1318/329 408/1288/326
f 844/1289/1 846/1294/1 396/1290/328
f 847/1291/1 410/1296/329 409/1292/329
f 846/1294/1 848/1297/1 397/1295/330
f 817/1234/1 411/1233/307 410/1296/329
f 848/1297/1 819/1235/1 398/1237/309
f 506/1298/331 414/1247/332 415/1251/332
f 510/1300/334 418/1270/335 419/1276/335
f 512/1301/337 672/1456/671 704/1302/338
f 516/1304/340 416/1258/341 417/1264/341
f 563/1306/343 388/1167/758 606/1307/344
f 511/1303/339 704/1302/338 605/1309/346
f 378/1188/293 377/1190/294 615/1310/348
f 562/1312/350 561/1326/351 729/1313/351
f 419/1276/322 420/1282/325 667/1315/352
f 530/1317/353 408/1288/354 409/1318/354
f 526/1320/356 410/1296/357 411/1233/357
f 522/1322/359 412/1239/360 413/1243/360
f 510/1300/362 509/1332/372 703/1324/363
f 561/1326/351 360/1228/759 634/1327/365
f 404/1260/366 405/1272/366 532/1328/367
f 406/1278/369 407/1284/369 528/1330/370
f 509/1332/372 386/1172/760 608/1333/373
f 380/1184/291 379/1186/292 613/1334/374
f 400/1241/375 401/1245/375 540/1336/376
f 402/1249/378 403/1253/378 536/1338/379
f 560/1340/381 696/1414/381 728/1341/382
f 417/1264/318 418/1270/320 665/1343/384
f 508/1299/385 670/1433/661 702/1345/386
f 559/1342/383 728/1341/382 633/1347/388
f 392/1274/389 393/1497/389 556/1348/390
f 394/1280/392 395/1286/392 552/1349/393
f 396/1290/395 397/1295/395 548/1351/396
f 398/1237/398 399/1236/398 544/1353/399
f 564/1355/401 420/1282/402 389/1255/402
f 507/1346/387 702/1345/386 609/1357/404
f 568/1358/406 390/1262/407 391/1268/407
f 382/1180/290 381/1182/290 611/1359/409
f 558/1350/410 557/1368/420 727/1361/411
f 415/1251/314 416/1258/317 663/1363/413
f 357/1230/414 567/1365/416 559/1342/415
f 567/1365/416 568/1358/406 560/1340/408
f 506/1298/417 505/1377/437 701/1366/418
f 557/1368/420 362/1223/761 632/1369/421
f 388/1167/422 563/1306/424 565/1370/423
f 563/1306/424 564/1355/401 566/1356/403
f 549/1371/425 543/1372/427 367/1213/426
f 550/1354/400 544/1353/399 543/1372/427
f 553/1373/428 547/1374/430 365/1217/429
f 554/1352/397 548/1351/396 547/1374/430
f 557/1368/431 551/1375/433 363/1221/432
f 558/1350/394 552/1349/393 551/1375/433
f 561/1326/434 555/1376/436 361/1225/435
f 562/1312/391 556/1348/390 555/1376/436
f 505/1377/437 382/1180/762 612/1360/438
f 384/1176/288 383/1178/289 609/1357/439
f 556/1379/440 694/1422/440 726/1380/441
f 413/1243/311 414/1247/311 661/1382/443
f 568/1358/444 700/1455/629 637/1384/445
f 555/1381/442 726/1380/441 631/1385/447
f 566/1356/449 389/1255/763 638/1387/450
f 386/1172/286 385/1174/287 607/1389/451
f 541/1390/452 535/1391/454 371/1205/453
f 542/1339/380 536/1338/379 535/1391/454
f 545/1392/455 539/1393/457 369/1209/456
f 546/1337/377 540/1336/376 539/1393/457
f 554/1352/458 553/1373/464 725/1394/459
f 411/1233/307 412/1239/307 659/1396/460
f 564/1355/461 698/1457/461 667/1315/462
f 553/1373/464 364/1219/764 630/1398/465
f 533/1399/466 527/1400/468 375/1197/467
f 534/1331/371 528/1330/370 527/1400/468
f 537/1401/469 531/1402/471 373/1201/470
f 538/1329/368 532/1328/367 531/1402/471
f 562/1312/350 697/1314/350 639/1403/472
f 388/1167/283 387/1170/285 605/1309/473
f 552/1349/474 692/1430/474 724/1404/475
f 409/1292/329 410/1296/329 657/1405/477
f 380/1184/478 521/1408/480 517/1407/479
f 521/1408/480 522/1322/359 518/1323/361
f 378/1188/481 525/1410/484 519/1409/482
f 525/1410/484 526/1320/356 520/1321/358
f 376/1192/485 529/1412/487 523/1411/486
f 529/1412/487 530/1317/353 524/1319/355
f 560/1340/381 391/1268/488 640/1413/488
f 551/1375/476 724/1404/475 629/1415/489
f 558/1350/410 695/1362/412 641/1416/491
f 550/1354/493 549/1371/498 723/1417/494
f 407/1284/326 408/1288/326 655/1419/496
f 556/1379/440 393/1281/765 642/1421/497
f 549/1371/498 366/1215/766 628/1423/499
f 554/1352/458 693/1395/458 643/1424/500
f 548/1351/502 690/1454/502 722/1425/503
f 406/1278/323 653/1491/505 654/1426/505
f 384/1176/506 515/1428/508 513/1427/507
f 515/1428/508 516/1304/340 514/1305/342
f 552/1349/474 395/1286/767 644/1429/509
f 547/1374/504 722/1425/503 627/1431/510
f 386/1172/512 509/1332/514 511/1303/513
f 509/1332/514 510/1300/334 512/1301/336
f 382/1180/515 505/1377/518 507/1346/516
f 505/1377/518 506/1298/331 508/1299/333
f 673/1432/519 666/1344/520 665/1343/520
f 670/1433/522 664/1364/523 663/1363/523
f 675/1435/525 662/1383/526 661/1382/526
f 676/1436/528 660/1397/529 659/1396/529
f 678/1438/531 658/1406/532 657/1405/532
f 680/1440/534 656/1420/535 655/1419/535
f 654/1426/536 653/1491/536 683/1442/537
f 652/1444/539 651/1492/539 685/1445/540
f 650/1447/542 649/1493/542 687/1448/543
f 648/1450/545 647/1494/545 689/1451/546
f 646/1453/548 645/1495/548 691/1418/549
f 644/1429/551 643/1424/551 693/1395/552
f 642/1421/554 641/1416/554 695/1362/555
f 640/1413/557 639/1403/557 697/1314/558
f 699/1388/559 638/1387/560 637/1384/560
f 672/1456/562 668/1316/563 667/1315/563
f 605/1309/565 704/1302/567 730/1308/566
f 704/1302/567 672/1456/562 698/1457/564
f 635/1458/568 731/1461/570 732/1459/569
f 731/1461/570 699/1388/559 700/1455/561
f 728/1341/571 729/1313/571 634/1327/572
f 696/1414/558 697/1314/558 729/1313/571
f 726/1380/573 727/1361/575 632/1369/574
f 694/1422/556 695/1362/555 727/1361/575
f 724/1404/576 725/1394/578 630/1398/577
f 692/1430/553 693/1395/552 725/1394/578
f 722/1425/579 723/1417/581 628/1423/580
f 690/1454/550 691/1418/549 723/1417/581
f 720/1462/582 721/1465/584 626/1463/583
f 688/1452/547 689/1451/546 721/1465/584
f 718/1466/585 719/1469/587 624/1467/586
f 686/1449/544 687/1448/543 719/1469/587
f 716/1470/588 717/1473/590 622/1471/589
f 684/1446/541 685/1445/540 717/1473/590
f 714/1474/591 715/1477/593 620/1475/592
f 682/1443/538 683/1442/537 715/1477/593
f 617/1478/594 712/1481/595 713/1479/595
f 680/1440/534 681/1441/534 713/1479/595
f 615/1310/596 710/1483/598 711/1482/597
f 710/1483/598 678/1438/531 679/1439/533
f 613/1334/599 708/1485/601 709/1484/600
f 708/1485/601 676/1436/528 677/1437/530
f 611/1359/602 707/1486/604 701/1366/603
f 707/1486/604 675/1435/525 669/1367/527
f 609/1357/605 702/1345/607 706/1487/606
f 702/1345/607 670/1433/522 674/1434/524
f 607/1389/608 705/1488/610 703/1324/609
f 705/1488/610 673/1432/519 671/1325/521
f 564/1355/461 563/1306/343 730/1308/345
f 375/1197/295 617/1478/611 618/1480/611
f 513/1427/612 705/1488/619 607/1389/613
f 565/1370/615 731/1461/620 635/1458/616
f 514/1305/618 673/1432/674 705/1488/619
f 566/1356/449 699/1388/449 731/1461/620
f 373/1201/296 619/1476/621 620/1475/621
f 515/1428/622 384/1176/768 610/1378/623
f 567/1365/625 357/1230/769 636/1460/626
f 516/1304/628 515/1428/622 706/1487/624
f 568/1358/444 567/1365/625 732/1459/627
f 371/1205/297 621/1472/630 622/1471/630
f 517/1407/631 707/1486/635 611/1359/632
f 518/1323/634 675/1435/634 707/1486/635
f 369/1209/298 623/1468/636 624/1467/636
f 519/1409/637 708/1485/641 613/1334/638
f 520/1321/640 676/1436/687 708/1485/641
f 367/1213/300 625/1464/642 626/1463/642
f 521/1408/643 380/1184/770 614/1335/644
f 522/1322/646 521/1408/643 709/1484/645
f 365/1217/302 627/1431/648 628/1423/648
f 523/1489/649 710/1483/653 615/1310/650
f 524/1490/652 678/1438/652 710/1483/653
f 506/1298/417 669/1367/419 661/1382/654
f 363/1221/304 629/1415/656 630/1398/656
f 525/1410/657 378/1188/771 616/1311/658
f 508/1299/385 415/1251/772 664/1364/660
f 526/1320/662 525/1410/657 711/1482/659
f 510/1300/362 671/1325/364 665/1343/664
f 361/1386/305 631/1385/666 632/1369/666
f 527/1400/667 712/1481/667 617/1478/668
f 512/1301/337 419/1276/773 668/1316/670
f 528/1330/672 680/1440/706 712/1481/667
f 514/1305/618 417/1264/774 666/1344/673
f 360/1228/306 359/1227/306 633/1347/675
f 529/1412/676 376/1192/677 618/1480/677
f 516/1304/628 674/1434/628 663/1363/678
f 530/1317/680 529/1412/676 713/1479/676
f 518/1323/634 413/1243/775 662/1383/681
f 357/1230/284 358/1168/284 635/1458/682
f 531/1402/683 714/1474/690 619/1476/684
f 520/1321/640 411/1233/776 660/1397/686
f 389/1255/316 390/1262/316 637/1384/688
f 532/1328/689 682/1443/689 714/1474/690
f 522/1322/646 677/1437/647 659/1396/691
f 533/1399/693 374/1199/777 620/1475/694
f 524/1490/652 409/1292/778 658/1406/696
f 392/1274/319 639/1403/697 640/1413/697
f 534/1331/698 533/1399/693 715/1477/695
f 526/1320/662 679/1439/663 657/1405/700
f 535/1391/702 716/1470/709 621/1472/703
f 528/1330/672 407/1284/705 656/1420/705
f 394/1280/324 641/1416/707 642/1421/707
f 536/1338/708 684/1446/708 716/1470/709
f 530/1317/680 681/1441/680 655/1419/710
f 537/1401/712 372/1203/779 622/1471/713
f 532/1328/689 405/1272/780 654/1426/715
f 396/1290/328 643/1424/716 644/1429/716
f 538/1329/717 537/1401/712 717/1473/714
f 534/1331/698 683/1442/699 653/1491/718
f 539/1393/720 718/1466/726 623/1468/721
f 536/1338/708 403/1253/781 652/1444/723
f 398/1237/309 645/1495/724 646/1453/724
f 540/1336/725 686/1449/733 718/1466/726
f 538/1329/717 685/1445/717 651/1492/727
f 541/1390/729 370/1207/782 624/1467/730
f 540/1336/725 401/1245/783 650/1447/732
f 400/1241/310 647/1494/734 648/1450/734
f 542/1339/735 541/1390/729 719/1469/731
f 542/1339/735 687/1448/736 649/1493/737
f 543/1372/739 720/1462/746 625/1464/740
f 544/1353/742 399/1236/784 648/1450/743
f 402/1249/313 649/1493/745 650/1447/745
f 544/1353/742 688/1452/744 720/1462/746
f 546/1337/747 689/1451/755 647/1494/748
f 545/1392/750 368/1211/785 626/1463/751
f 548/1351/502 397/1295/786 646/1453/753
f 404/1260/315 651/1492/754 652/1444/754
f 546/1337/747 545/1392/750 721/1465/752
f 550/1354/493 691/1418/495 645/1495/756
