# Blender 5.2.0 LTS
# www.blender.org
mtllib Llanta_trasera_derecha.mtl
o Llanta_Trasera_Cerca
v -1.937247 -1.728298 0.025076
v -2.013058 -1.651342 0.133076
v -1.959452 -1.705758 0.101444
v -2.043384 -1.620558 0.133076
v -2.119195 -1.543602 0.025076
v -2.096990 -1.566142 0.101444
v -2.013058 -1.651342 -0.126124
v -1.937247 -1.728298 -0.018124
v -1.959452 -1.705758 -0.094491
v -2.119195 -1.543602 -0.018124
v -2.043384 -1.620558 -0.126124
v -2.096990 -1.566142 -0.094491
v -2.746760 -1.876810 0.483475
v -2.742065 -2.159614 0.483475
v -2.802983 -2.019184 0.483475
v -2.742065 -2.159614 -0.476525
v -2.746760 -1.876810 -0.476525
v -2.802983 -2.019184 -0.476525
v -2.526442 -2.368196 0.483475
v -2.243637 -2.363501 0.483475
v -2.384067 -2.424419 0.483475
v -2.243637 -2.363502 -0.476525
v -2.526442 -2.368196 -0.476525
v -2.384067 -2.424419 -0.476525
v -0.240289 -0.325363 0.399475
v -0.809829 0.236439 0.399475
v -0.240289 -0.325363 0.207475
v -0.809829 0.236439 0.207475
v -2.592758 -2.499073 0.399475
v -2.309922 -2.497139 0.399475
v -2.502748 -2.550222 0.399475
v -2.399223 -2.549514 0.399475
v -2.879463 -1.935336 0.399475
v -2.877529 -2.218173 0.399475
v -2.930613 -2.025345 0.399475
v -2.929905 -2.128870 0.399475
v -2.592758 -2.499073 0.207475
v -2.502748 -2.550222 0.207475
v -2.877529 -2.218173 0.207475
v -2.929905 -2.128870 0.207475
v -2.930613 -2.025345 0.207475
v -2.216223 -1.659442 -0.476525
v -2.163741 -1.686384 -0.476525
v -2.117523 -1.723047 -0.476525
v -2.079346 -1.768022 -0.476525
v -2.032617 -1.875744 -0.476525
v -2.050676 -1.819582 -0.476525
v -2.263155 -2.233484 -0.476525
v -2.030668 -1.993147 -0.476525
v -2.110458 -2.148577 -0.476525
v -2.155434 -2.186755 -0.476525
v -2.073795 -2.102360 -0.476525
v -2.321761 -2.240240 -0.476525
v -2.206993 -2.215425 -0.476525
v -2.046853 -2.049877 -0.476525
v -2.325630 -2.239924 -0.476525
v -2.025860 -1.934349 -0.476525
v -2.543053 -1.730112 -0.476525
v -2.579716 -1.776329 -0.476525
v -2.498078 -1.691934 -0.476525
v -2.606658 -1.828812 -0.476525
v -2.446518 -1.663265 -0.476525
v -2.622844 -1.885542 -0.476525
v -2.620895 -2.002946 -0.476525
v -2.627651 -1.944340 -0.476525
v -2.535989 -2.155643 -0.476525
v -2.574166 -2.110666 -0.476525
v -2.602835 -2.059107 -0.476525
v -2.390357 -1.645205 -0.476525
v -2.331751 -1.638449 -0.476525
v -2.272954 -1.643257 -0.476525
v -2.489771 -2.192305 -0.476525
v -2.437289 -2.219247 -0.476525
v -2.380559 -2.235433 -0.476525
v -2.208243 -2.215827 0.483475
v -2.206993 -2.215425 0.483475
v -2.110458 -2.148577 0.483475
v -2.073795 -2.102360 0.483475
v -2.155434 -2.186755 0.483475
v -2.543053 -1.730112 0.483475
v -2.579716 -1.776329 0.483475
v -2.498078 -1.691934 0.483475
v -2.606658 -1.828812 0.483475
v -2.446518 -1.663265 0.483475
v -2.622844 -1.885542 0.483475
v -2.390357 -1.645205 0.483475
v -2.331751 -1.638449 0.483475
v -2.216223 -1.659442 0.483475
v -2.272954 -1.643257 0.483475
v -2.117523 -1.723047 0.483475
v -2.079346 -1.768022 0.483475
v -2.163741 -1.686384 0.483475
v -2.574166 -2.110666 0.483475
v -2.535989 -2.155643 0.483475
v -2.437289 -2.219247 0.483475
v -2.380559 -2.235433 0.483475
v -2.489771 -2.192305 0.483475
v -2.263155 -2.233484 0.483475
v -2.321761 -2.240240 0.483475
v -2.046853 -2.049877 0.483475
v -2.030668 -1.993147 0.483475
v -2.025860 -1.934349 0.483475
v -2.627651 -1.944340 0.483475
v -2.620895 -2.002946 0.483475
v -2.032617 -1.875744 0.483475
v -2.050676 -1.819582 0.483475
v -2.602835 -2.059107 0.483475
v -2.446518 -1.663265 0.207475
v -2.574166 -2.110666 0.207475
v -2.163741 -1.686384 0.207475
v -2.489771 -2.192305 0.207475
v -2.079346 -1.768022 0.207475
v -2.206993 -2.215425 0.207475
v -2.046853 -2.049877 0.207475
v -2.321761 -2.240240 0.207475
v -2.579716 -1.776329 0.399475
v -2.446518 -1.663265 0.399475
v -2.331751 -1.638449 0.399475
v -2.622844 -1.885542 0.399475
v -2.602835 -2.059107 0.399475
v -2.489771 -2.192305 0.399475
v -2.079346 -1.768022 0.399475
v -2.163741 -1.686384 0.399475
v -2.032617 -1.875744 0.399475
v -2.321761 -2.240240 0.399475
v -2.206993 -2.215425 0.399475
v -2.110458 -2.148577 0.399475
v -2.030668 -1.993147 0.399475
v -0.660594 -0.753543 0.399475
v -0.660594 -0.753543 0.207475
v -0.946736 -0.539839 0.133076
v -0.974847 -0.512139 0.133076
v -0.897046 -0.588803 -0.094491
v -0.876463 -0.609085 0.025076
v -1.024538 -0.463176 0.101444
v -0.974847 -0.512139 -0.126124
v -0.897046 -0.588803 0.101444
v -0.876463 -0.609085 -0.018124
v -1.045120 -0.442894 -0.018124
v -1.045120 -0.442894 0.025076
v -0.946736 -0.539839 -0.126124
v -1.024538 -0.463176 -0.094491
v 0.134218 -0.319115 0.399475
v 0.305067 -0.142425 0.399475
v 0.256221 -0.266139 0.399475
v 0.301022 0.101205 0.399475
v 0.124529 0.267737 0.399475
v 0.248134 0.221944 0.399475
v 0.305067 -0.142425 0.207475
v 0.134218 -0.319115 0.207475
v 0.256221 -0.266139 0.207475
v 0.124529 0.267737 0.207475
v 0.301022 0.101205 0.207475
v 0.248134 0.221944 0.207475
v -2.272954 -1.643257 0.207475
v -2.606658 -1.828812 0.207475
v -2.879463 -1.935336 0.207475
v -0.457462 -0.046249 0.188804
v -0.386346 -0.116207 0.143570
v -1.055500 -0.439837 0.143570
v -1.084957 -0.410859 0.034364
v -0.843579 -0.648307 0.034364
v -0.873037 -0.619330 0.143570
v -0.843579 -0.648307 -0.027412
v -0.873037 -0.619330 -0.136617
v -0.944152 -0.549371 -0.181852
v -0.497693 -0.006672 0.188804
v -0.497693 -0.006672 -0.181852
v -0.568809 0.063286 -0.136617
v -0.984384 -0.509795 -0.181852
v -1.055500 -0.439837 -0.136617
v -0.944152 -0.549371 0.188804
v -0.984384 -0.509795 0.188804
v -0.457462 -0.046249 -0.181852
v -1.084957 -0.410859 -0.027412
v -0.386346 -0.116207 -0.136617
v -0.356889 -0.145185 0.034364
v -0.356889 -0.145185 -0.027412
v -0.568809 0.063286 0.143570
v -0.598266 0.092263 0.034364
v -0.598266 0.092263 -0.027412
v -2.144221 -1.513578 0.483475
v -2.399490 -1.517816 0.483475
v -2.272733 -1.462829 0.483475
v -2.399490 -1.517816 -0.476525
v -2.144221 -1.513578 -0.476525
v -2.272733 -1.462829 -0.476525
v -1.896368 -2.004506 0.483475
v -1.900606 -1.749237 0.483475
v -1.845619 -1.875994 0.483475
v -1.900606 -1.749237 -0.476525
v -1.896368 -2.004506 -0.476525
v -1.845619 -1.875994 -0.476525
v -2.626300 -1.927809 0.207475
v -2.025860 -1.934349 0.207475
v -2.309922 -2.497139 0.207475
v -2.399223 -2.549514 0.207475
v -2.543053 -1.730112 0.207475
v -2.110458 -2.148577 0.207475
v 0.129373 -0.025689 0.399475
v 0.129373 -0.025689 0.207475
v -0.240289 -0.325363 -0.200525
v -0.809829 0.236439 -0.200525
v -0.240289 -0.325363 -0.392525
v -0.809829 0.236439 -0.392525
v -2.592758 -2.499073 -0.200525
v -2.309922 -2.497139 -0.200525
v -2.502748 -2.550222 -0.200525
v -2.399223 -2.549514 -0.200525
v -2.879463 -1.935336 -0.200525
v -2.877529 -2.218173 -0.200525
v -2.930613 -2.025345 -0.200525
v -2.929905 -2.128870 -0.200525
v -2.592758 -2.499073 -0.392525
v -2.502748 -2.550222 -0.392525
v -2.877529 -2.218173 -0.392525
v -2.929905 -2.128870 -0.392525
v -2.930613 -2.025345 -0.392525
v -2.446518 -1.663265 -0.392525
v -2.574166 -2.110666 -0.392525
v -2.163741 -1.686384 -0.392525
v -2.489771 -2.192305 -0.392525
v -2.079346 -1.768022 -0.392525
v -2.206993 -2.215425 -0.392525
v -2.046853 -2.049877 -0.392525
v -2.321761 -2.240240 -0.392525
v -2.579716 -1.776329 -0.200525
v -2.446518 -1.663265 -0.200525
v -2.331751 -1.638449 -0.200525
v -2.622844 -1.885542 -0.200525
v -2.602835 -2.059107 -0.200525
v -2.489771 -2.192305 -0.200525
v -2.079346 -1.768022 -0.200525
v -2.163741 -1.686384 -0.200525
v -2.032617 -1.875744 -0.200525
v -2.321761 -2.240240 -0.200525
v -2.206993 -2.215425 -0.200525
v -2.110458 -2.148577 -0.200525
v -2.030668 -1.993147 -0.200525
v -0.660594 -0.753543 -0.200525
v -0.660594 -0.753543 -0.392525
v 0.134218 -0.319115 -0.200525
v 0.305067 -0.142425 -0.200525
v 0.256221 -0.266139 -0.200525
v 0.301022 0.101205 -0.200525
v 0.124529 0.267737 -0.200525
v 0.248134 0.221944 -0.200525
v 0.305067 -0.142425 -0.392525
v 0.134218 -0.319115 -0.392525
v 0.256221 -0.266139 -0.392525
v 0.124529 0.267737 -0.392525
v 0.301022 0.101205 -0.392525
v 0.248134 0.221944 -0.392525
v -2.272954 -1.643257 -0.392525
v -2.606658 -1.828812 -0.392525
v -2.879463 -1.935336 -0.392525
v -2.626300 -1.927809 -0.392525
v -2.025860 -1.934349 -0.392525
v -2.309922 -2.497139 -0.392525
v -2.399223 -2.549514 -0.392525
v -2.543053 -1.730112 -0.392525
v -2.110458 -2.148577 -0.392525
v 0.129373 -0.025689 -0.200525
v 0.129373 -0.025689 -0.392525
v -2.025288 -1.993058 0.695474
v -2.068416 -2.102271 0.695474
v -2.150054 -2.186666 0.695474
v -2.257775 -2.233395 0.695474
v -2.431909 -2.219159 0.695474
v -2.530609 -2.155553 0.695474
v -2.597455 -2.059018 0.695474
v -2.622272 -1.944251 0.695474
v -2.601279 -1.828723 0.695474
v -2.537673 -1.730023 0.695474
v -2.441139 -1.663176 0.695474
v -2.326371 -1.638360 0.695474
v -2.158361 -1.686295 0.695474
v -2.073966 -1.767934 0.695474
v -2.027237 -1.875655 0.695474
v -2.025287 -1.993058 -0.560526
v -2.068415 -2.102272 -0.560526
v -2.201613 -2.215335 -0.560526
v -2.316380 -2.240151 -0.560526
v -2.431908 -2.219158 -0.560526
v -2.530609 -2.155553 -0.560526
v -2.615515 -2.002857 -0.560526
v -2.601278 -1.828723 -0.560526
v -2.537673 -1.730023 -0.560526
v -2.441138 -1.663176 -0.560526
v -2.267573 -1.643168 -0.560526
v -2.112143 -1.722958 -0.560526
v -2.027236 -1.875655 -0.560526
v -0.289093 -0.283886 0.194935
v -0.289093 -0.283886 -0.205065
v -0.662674 -0.186216 0.194935
v -0.564994 -0.283885 0.194935
v -0.565057 0.200452 0.194935
v -0.662706 0.104140 0.194935
v -0.564994 -0.283885 -0.205065
v -0.662674 -0.186216 -0.205065
v -0.662706 0.104140 -0.205065
v -0.565057 0.200452 -0.205065
v -0.013770 0.192793 0.194934
v 0.159912 0.152054 0.194934
v -0.013770 0.192793 -0.205066
v 0.159911 0.152054 -0.205066
v -3.226146 -1.954275 -1.675473
v -3.205952 -2.129452 -1.675473
v -3.151970 -2.297322 -1.675473
v -3.066276 -2.451435 -1.675473
v -2.952162 -2.585868 -1.675473
v -2.814015 -2.695458 -1.675473
v -2.657142 -2.775989 -1.675473
v -2.487573 -2.824369 -1.675473
v -2.311823 -2.838737 -1.675473
v -2.136647 -2.818543 -1.675473
v -1.968777 -2.764563 -1.675473
v -1.814664 -2.678866 -1.675473
v -1.680230 -2.564754 -1.675473
v -1.570642 -2.426605 -1.675473
v -1.490110 -2.269733 -1.675473
v -1.441730 -2.100165 -1.675473
v -1.427362 -1.924414 -1.675473
v -1.447556 -1.749239 -1.675473
v -1.501538 -1.581368 -1.675473
v -1.587232 -1.427255 -1.675473
v -1.701345 -1.292820 -1.675473
v -1.839493 -1.183232 -1.675473
v -1.996366 -1.102701 -1.675473
v -2.165935 -1.054321 -1.675473
v -2.341685 -1.039952 -1.675473
v -2.516861 -1.060146 -1.675473
v -2.684731 -1.114128 -1.675473
v -2.838844 -1.199822 -1.675473
v -2.973278 -1.313937 -1.675473
v -3.082866 -1.452083 -1.675473
v -3.163398 -1.608956 -1.675473
v -3.211778 -1.778525 -1.675473
v -3.226146 -1.954275 -0.635474
v -3.205952 -2.129451 -0.635474
v -3.151970 -2.297321 -0.635474
v -3.066276 -2.451434 -0.635474
v -2.952162 -2.585868 -0.635474
v -2.814015 -2.695458 -0.635474
v -2.657142 -2.775988 -0.635474
v -2.487573 -2.824368 -0.635474
v -2.311823 -2.838737 -0.635474
v -2.136647 -2.818542 -0.635474
v -1.968777 -2.764560 -0.635474
v -1.814664 -2.678866 -0.635474
v -1.680230 -2.564754 -0.635474
v -1.570642 -2.426605 -0.635474
v -1.490110 -2.269732 -0.635475
v -1.441730 -2.100163 -0.635474
v -1.427362 -1.924413 -0.635474
v -1.447556 -1.749237 -0.635474
v -1.501538 -1.581367 -0.635475
v -1.587232 -1.427254 -0.635474
v -1.701345 -1.292820 -0.635475
v -1.839493 -1.183232 -0.635474
v -1.996366 -1.102700 -0.635474
v -2.165935 -1.054321 -0.635474
v -2.341685 -1.039952 -0.635474
v -2.516861 -1.060146 -0.635474
v -2.684731 -1.114128 -0.635474
v -2.838844 -1.199822 -0.635474
v -2.973278 -1.313935 -0.635474
v -3.082866 -1.452083 -0.635474
v -3.163398 -1.608956 -0.635474
v -3.211777 -1.778525 -0.635474
v -3.327523 -2.157129 -0.635474
v -3.350416 -1.958546 -0.635474
v -3.266329 -2.347430 -0.635474
v -3.169184 -2.522136 -0.635474
v -3.039823 -2.674533 -0.635474
v -2.883216 -2.798764 -0.635474
v -2.705382 -2.890056 -0.635474
v -2.513154 -2.944901 -0.635474
v -2.313921 -2.961189 -0.635474
v -2.115338 -2.938296 -0.635474
v -1.925037 -2.877102 -0.635474
v -1.750331 -2.779957 -0.635474
v -1.597934 -2.650596 -0.635474
v -1.473702 -2.493990 -0.635474
v -1.382411 -2.316155 -0.635475
v -1.327566 -2.123927 -0.635474
v -1.311278 -1.924694 -0.635474
v -1.334171 -1.726111 -0.635474
v -1.395365 -1.535810 -0.635475
v -1.492510 -1.361104 -0.635474
v -1.621871 -1.208707 -0.635475
v -1.778478 -1.084476 -0.635474
v -1.956312 -0.993184 -0.635474
v -2.148540 -0.938340 -0.635474
v -2.347773 -0.922051 -0.635474
v -2.546356 -0.944944 -0.635474
v -2.736657 -1.006138 -0.635474
v -2.911362 -1.103283 -0.635474
v -3.063760 -1.232644 -0.635474
v -3.187991 -1.389251 -0.635474
v -3.279284 -1.567085 -0.635474
v -3.334127 -1.759313 -0.635474
v -3.355164 -1.956418 -1.675473
v -3.332073 -2.156723 -1.675473
v -3.270348 -2.348673 -1.675473
v -3.172360 -2.524894 -1.675473
v -3.041878 -2.678612 -1.675473
v -2.883913 -2.803921 -1.675473
v -2.704536 -2.896007 -1.675473
v -2.510642 -2.951325 -1.675473
v -2.309681 -2.967754 -1.675473
v -2.109376 -2.944664 -1.675473
v -1.917425 -2.882938 -1.675473
v -1.741205 -2.784951 -1.675473
v -1.587486 -2.654469 -1.675473
v -1.462177 -2.496503 -1.675473
v -1.370094 -2.317127 -1.675473
v -1.314774 -2.123233 -1.675473
v -1.298344 -1.922272 -1.675473
v -1.321435 -1.721968 -1.675473
v -1.383161 -1.530017 -1.675473
v -1.481148 -1.353795 -1.675473
v -1.611630 -1.200076 -1.675473
v -1.769595 -1.074767 -1.675473
v -1.948972 -0.982684 -1.675473
v -2.142866 -0.927364 -1.675473
v -2.343827 -0.910934 -1.675473
v -2.544132 -0.934026 -1.675473
v -2.736083 -0.995751 -1.675473
v -2.912303 -1.093737 -1.675473
v -3.066022 -1.224221 -1.675473
v -3.191331 -1.382187 -1.675473
v -3.283414 -1.561562 -1.675473
v -3.338734 -1.755457 -1.675473
v -2.328355 -1.842886 -1.615472
v -2.279911 -1.855008 -1.615472
v -2.244018 -1.889728 -1.615472
v -2.230295 -1.937744 -1.615472
v -2.242417 -1.986187 -1.615472
v -2.277137 -2.022082 -1.615472
v -2.325152 -2.035804 -1.615472
v -2.373596 -2.023682 -1.615472
v -2.409489 -1.988961 -1.615472
v -2.423213 -1.940946 -1.615472
v -2.411090 -1.892502 -1.615472
v -2.376370 -1.856609 -1.615472
v -2.330073 -1.739373 -1.492139
v -2.330073 -1.739373 -1.338805
v -2.229642 -1.764504 -1.338805
v -2.229642 -1.764504 -1.492139
v -2.155232 -1.836484 -1.338805
v -2.155232 -1.836484 -1.492139
v -2.126781 -1.936025 -1.338805
v -2.126781 -1.936025 -1.492139
v -2.151913 -2.036456 -1.338805
v -2.151913 -2.036456 -1.492139
v -2.223892 -2.110867 -1.338805
v -2.223892 -2.110867 -1.492139
v -2.323434 -2.139318 -1.338805
v -2.323434 -2.139318 -1.492139
v -2.423865 -2.114185 -1.338805
v -2.423865 -2.114185 -1.492139
v -2.498275 -2.042206 -1.338805
v -2.498275 -2.042206 -1.492139
v -2.526726 -1.942664 -1.338805
v -2.526726 -1.942664 -1.492139
v -2.501595 -1.842234 -1.338805
v -2.501595 -1.842234 -1.492139
v -2.429615 -1.767824 -1.338805
v -2.429615 -1.767824 -1.492139
v -2.160148 -1.060310 -0.992139
v -2.160148 -1.060310 -0.738806
v -2.059717 -1.085441 -0.738806
v -2.059717 -1.085441 -0.992139
v -1.482185 -1.644111 -0.738806
v -1.482185 -1.644112 -0.992139
v -1.453733 -1.743653 -0.738806
v -1.453733 -1.743653 -0.992139
v -1.648790 -2.523146 -0.738806
v -1.648790 -2.523146 -0.992139
v -1.720770 -2.597556 -0.738806
v -1.720770 -2.597556 -0.992139
v -2.493359 -2.818379 -0.738806
v -2.493359 -2.818379 -0.992139
v -2.593790 -2.793248 -0.738806
v -2.593790 -2.793248 -0.992139
v -3.171323 -2.234577 -0.738806
v -3.171323 -2.234578 -0.992139
v -3.199774 -2.135036 -0.738806
v -3.199774 -2.135037 -0.992139
v -3.004717 -1.355543 -0.738806
v -3.004717 -1.355543 -0.992139
v -2.932738 -1.281133 -0.738806
v -2.932738 -1.281134 -0.992139
v -2.330073 -1.739373 -1.615472
v -2.229642 -1.764504 -1.615472
v -2.155232 -1.836484 -1.615472
v -2.126781 -1.936025 -1.615472
v -2.151913 -2.036456 -1.615472
v -2.223892 -2.110868 -1.615472
v -2.323434 -2.139318 -1.615472
v -2.423865 -2.114186 -1.615472
v -2.498275 -2.042207 -1.615472
v -2.526726 -1.942664 -1.615472
v -2.501595 -1.842234 -1.615472
v -2.429615 -1.767824 -1.615472
v -2.328355 -1.842886 -1.515473
v -2.279911 -1.855008 -1.515473
v -2.244018 -1.889728 -1.515473
v -2.230295 -1.937744 -1.515473
v -2.242417 -1.986187 -1.515473
v -2.277137 -2.022081 -1.515473
v -2.325152 -2.035803 -1.515473
v -2.373596 -2.023682 -1.515473
v -2.409489 -1.988961 -1.515473
v -2.423213 -1.940946 -1.515473
v -2.411090 -1.892502 -1.515473
v -2.376370 -1.856609 -1.515473
v -2.567296 -0.841386 -0.964808
v -2.566480 -0.837383 -1.346141
v -2.777232 -0.908895 -0.964808
v -2.777022 -0.905086 -1.346141
v -3.275135 -1.331537 -0.964808
v -3.276360 -1.328947 -1.346141
v -3.375846 -1.527721 -0.964808
v -3.377361 -1.525695 -1.346141
v -3.138085 -1.158772 -0.964808
v -3.138915 -1.155683 -1.346141
v -2.969964 -1.016063 -0.964808
v -2.970309 -1.012563 -1.346141
v -2.348223 -0.816132 -0.964808
v -2.346776 -0.812055 -1.346141
v -1.916372 -0.894604 -0.964808
v -1.913680 -0.890754 -1.346141
v -2.128433 -0.834101 -0.964808
v -2.126353 -0.830077 -1.346141
v -1.547423 -1.132365 -0.964808
v -1.543668 -1.129201 -1.346141
v -1.720189 -0.995315 -0.964808
v -1.716932 -0.991756 -1.346141
v -1.297546 -1.493219 -0.964808
v -1.293071 -1.491094 -1.346141
v -1.404715 -1.300486 -0.964808
v -1.400548 -1.297807 -1.346141
v -1.204783 -1.922227 -0.964808
v -1.200041 -1.921339 -1.346141
v -1.230038 -1.703154 -0.964808
v -1.225368 -1.701635 -1.346141
v -1.283255 -2.354078 -0.964808
v -1.278739 -2.354435 -1.346141
v -1.222753 -2.142017 -0.964808
v -1.218062 -2.141762 -1.346141
v -1.521017 -2.723027 -0.964808
v -1.517186 -2.724447 -1.346140
v -1.383967 -2.550262 -0.964808
v -1.379741 -2.551183 -1.346140
v -1.881870 -2.972904 -0.964808
v -1.879079 -2.975044 -1.346140
v -1.689138 -2.865737 -0.964808
v -1.685791 -2.867568 -1.346140
v -2.310879 -3.065667 -0.964808
v -2.309324 -3.068075 -1.346140
v -2.091806 -3.040412 -0.964808
v -2.089620 -3.042748 -1.346140
v -2.742730 -2.987196 -0.964808
v -2.742420 -2.989376 -1.346140
v -2.530668 -3.047699 -0.964808
v -2.529747 -3.050053 -1.346140
v -3.111678 -2.749435 -0.964808
v -3.112432 -2.750929 -1.346140
v -2.938913 -2.886483 -0.964808
v -2.939168 -2.888374 -1.346140
v -3.361555 -2.388580 -0.964808
v -3.363029 -2.389036 -1.346140
v -3.254387 -2.581312 -0.964808
v -3.255552 -2.582325 -1.346140
v -3.436349 -1.739782 -0.964808
v -3.438038 -1.738368 -1.346141
v -3.454319 -1.959572 -0.964808
v -3.456059 -1.958791 -1.346141
v -3.429064 -2.178644 -0.964808
v -3.430732 -2.178496 -1.346141
v -2.330073 -1.739372 -0.901028
v -2.330073 -1.739372 -0.803250
v -2.229642 -1.764503 -0.803250
v -2.229642 -1.764503 -0.901028
v -2.155232 -1.836483 -0.803250
v -2.155232 -1.836483 -0.901028
v -2.126781 -1.936025 -0.803250
v -2.126781 -1.936025 -0.901028
v -2.151913 -2.036456 -0.803250
v -2.151913 -2.036456 -0.901028
v -2.223892 -2.110867 -0.803250
v -2.223892 -2.110867 -0.901028
v -2.323434 -2.139318 -0.803250
v -2.323434 -2.139318 -0.901028
v -2.423865 -2.114185 -0.803250
v -2.423865 -2.114185 -0.901028
v -2.498275 -2.042206 -0.803250
v -2.498275 -2.042206 -0.901028
v -2.526726 -1.942664 -0.803250
v -2.526726 -1.942664 -0.901028
v -2.501595 -1.842233 -0.803250
v -2.501595 -1.842233 -0.901028
v -2.429615 -1.767823 -0.803250
v -2.429615 -1.767823 -0.901028
v -1.742952 -1.261381 -0.803250
v -1.742952 -1.261381 -0.901028
v -1.668541 -1.333361 -0.803250
v -1.668541 -1.333361 -0.901028
v -2.031521 -2.783913 -0.803250
v -2.031521 -2.783913 -0.901028
v -2.131062 -2.812364 -0.803250
v -2.131062 -2.812364 -0.901028
v -3.205788 -1.772739 -0.803250
v -3.205788 -1.772739 -0.901028
v -3.180657 -1.672308 -0.803250
v -3.180657 -1.672308 -0.901028
v -3.322054 -1.550283 -0.640675
v -3.379366 -1.751160 -0.640675
v -3.096832 -1.200791 -0.640675
v -3.226655 -1.364446 -0.640675
v -2.755010 -0.964093 -0.640675
v -2.937577 -1.065609 -0.640675
v -2.348626 -0.876222 -0.640675
v -2.556146 -0.900145 -0.640675
v -1.939550 -0.950556 -0.640675
v -2.140428 -0.893243 -0.640675
v -1.590059 -1.175778 -0.640675
v -1.753714 -1.045956 -0.640675
v -1.353361 -1.517600 -0.640675
v -1.454877 -1.335033 -0.640675
v -1.265490 -1.923983 -0.640675
v -1.289412 -1.716465 -0.640675
v -1.339823 -2.333060 -0.640675
v -1.282511 -2.132182 -0.640675
v -1.565045 -2.682551 -0.640675
v -1.435223 -2.518896 -0.640675
v -1.906868 -2.919251 -0.640675
v -1.724300 -2.817733 -0.640675
v -2.313251 -3.007121 -0.640675
v -2.105732 -2.983198 -0.640675
v -2.722327 -2.932787 -0.640675
v -2.521450 -2.990099 -0.640675
v -3.071818 -2.707565 -0.640675
v -2.908164 -2.837387 -0.640675
v -3.308517 -2.365742 -0.640675
v -3.207001 -2.548310 -0.640675
v -3.396388 -1.959359 -0.640675
v -3.372465 -2.166878 -0.640675
v -3.377219 -2.166454 -1.670274
v -3.401350 -1.957134 -1.670274
v -3.210320 -2.551193 -1.670274
v -3.312716 -2.367042 -1.670274
v -2.908892 -2.842776 -1.670274
v -3.073966 -2.711828 -1.670273
v -2.518825 -2.996813 -1.670274
v -2.721444 -2.939004 -1.670274
v -2.099502 -2.989852 -1.670274
v -2.308821 -3.013982 -1.670274
v -1.714763 -2.822953 -1.670273
v -1.898914 -2.925349 -1.670273
v -1.423179 -2.521524 -1.670274
v -1.554127 -2.686597 -1.670274
v -1.269143 -2.131457 -1.670274
v -1.326952 -2.334078 -1.670274
v -1.276104 -1.712134 -1.670274
v -1.251974 -1.921452 -1.670274
v -1.443003 -1.327395 -1.670274
v -1.340607 -1.511546 -1.670274
v -1.744431 -1.035811 -1.670273
v -1.579358 -1.166758 -1.670274
v -2.134499 -0.881774 -1.670274
v -1.931879 -0.939583 -1.670274
v -2.553821 -0.888735 -1.670274
v -2.344503 -0.864605 -1.670274
v -2.938561 -1.055634 -1.670274
v -2.754410 -0.953238 -1.670274
v -3.230144 -1.357062 -1.670273
v -3.099196 -1.191989 -1.670274
v -3.384181 -1.747131 -1.670273
v -3.326372 -1.544511 -1.670274
v -2.590248 -0.727074 -1.344235
v -2.821843 -0.801547 -1.344235
v -3.371115 -1.267793 -1.344235
v -3.482217 -1.484218 -1.344235
v -3.219925 -1.077203 -1.344235
v -3.034459 -0.919771 -1.344235
v -2.348574 -0.699213 -1.344235
v -1.872168 -0.785781 -1.344235
v -2.106108 -0.719036 -1.344235
v -1.465155 -1.048072 -1.344235
v -1.655745 -0.896883 -1.344235
v -1.189498 -1.446155 -1.344235
v -1.307724 -1.233539 -1.344235
v -1.087165 -1.919424 -1.344235
v -1.115025 -1.677750 -1.344235
v -1.173733 -2.395830 -1.344234
v -1.106988 -2.161891 -1.344235
v -1.436024 -2.802843 -1.344234
v -1.284835 -2.612253 -1.344234
v -1.834107 -3.078499 -1.344234
v -1.621490 -2.960275 -1.344234
v -2.307376 -3.180833 -1.344234
v -2.065702 -3.152973 -1.344234
v -2.783782 -3.094266 -1.344234
v -2.549842 -3.161010 -1.344234
v -3.190794 -2.831975 -1.344234
v -3.000205 -2.983163 -1.344234
v -3.466451 -2.433891 -1.344234
v -3.348227 -2.646508 -1.344234
v -3.548962 -1.718156 -1.344235
v -3.568785 -1.960623 -1.344235
v -3.540925 -2.202296 -1.344235
v -2.591145 -0.731477 -0.966715
v -2.822075 -0.805737 -0.966715
v -3.369768 -1.270643 -0.966715
v -3.480550 -1.486445 -0.966715
v -3.219013 -1.080601 -0.966715
v -3.034080 -0.923621 -0.966715
v -2.350165 -0.703697 -0.966715
v -1.875129 -0.790016 -0.966715
v -2.108396 -0.723463 -0.966715
v -1.469285 -1.051554 -0.966715
v -1.659328 -0.900799 -0.966715
v -1.194421 -1.448492 -0.966715
v -1.312306 -1.236487 -0.966715
v -1.092381 -1.920401 -0.966715
v -1.120162 -1.679422 -0.966715
v -1.178701 -2.395438 -0.966715
v -1.112148 -2.162171 -0.966715
v -1.440238 -2.801282 -0.966715
v -1.289484 -2.611239 -0.966715
v -1.837177 -3.076146 -0.966715
v -1.625172 -2.958262 -0.966715
v -2.309086 -3.178186 -0.966715
v -2.068106 -3.150405 -0.966715
v -2.784122 -3.091867 -0.966715
v -2.550855 -3.158419 -0.966715
v -3.189966 -2.830329 -0.966715
v -2.999924 -2.981083 -0.966715
v -3.464830 -2.433390 -0.966715
v -3.346945 -2.645395 -0.966715
v -3.547104 -1.719713 -0.966715
v -3.566870 -1.961481 -0.966715
v -3.539089 -2.202460 -0.966715
v -2.207654 -1.250153 -1.311489
v -2.233193 -1.352215 -1.450058
v -2.257029 -1.447466 -1.534218
v -2.293289 -1.592373 -1.557080
v -2.132762 -1.377348 -1.450059
v -2.107223 -1.275285 -1.311489
v -2.192858 -1.617505 -1.557080
v -2.156597 -1.472598 -1.534218
v -1.981085 -1.894381 -1.557080
v -1.837461 -1.853331 -1.534218
v -1.743054 -1.826347 -1.450059
v -1.641896 -1.797434 -1.311489
v -1.865912 -1.753790 -1.534218
v -2.009536 -1.794840 -1.557080
v -1.670347 -1.697893 -1.311489
v -1.771505 -1.726807 -1.450059
v -2.538527 -1.662469 -1.557080
v -2.645890 -1.558612 -1.534218
v -2.716462 -1.490344 -1.450059
v -2.792081 -1.417195 -1.311489
v -2.717870 -1.633021 -1.534218
v -2.610507 -1.736879 -1.557080
v -2.864061 -1.491605 -1.311489
v -2.788442 -1.564755 -1.450059
v -2.787595 -2.124899 -1.534218
v -2.643971 -2.083850 -1.557080
v -2.983160 -2.180796 -1.311489
v -2.882003 -2.151883 -1.450059
v -2.910454 -2.052343 -1.450059
v -3.011612 -2.081256 -1.311489
v -2.672422 -1.984308 -1.557080
v -2.816046 -2.025359 -1.534218
v -2.460649 -2.261184 -1.557080
v -2.496910 -2.406091 -1.534219
v -2.520745 -2.501342 -1.450058
v -2.546285 -2.603405 -1.311489
v -2.396479 -2.431223 -1.534218
v -2.360218 -2.286316 -1.557080
v -2.445854 -2.628535 -1.311489
v -2.420314 -2.526474 -1.450058
v -1.935637 -2.245668 -1.534218
v -2.043000 -2.141811 -1.557080
v -1.789447 -2.387084 -1.311489
v -1.865065 -2.313935 -1.450059
v -1.937045 -2.388345 -1.450058
v -1.861427 -2.461494 -1.311489
v -2.114980 -2.216221 -1.557080
v -2.007617 -2.320078 -1.534219
v -2.330073 -1.739372 -0.282806
v -2.229642 -1.764503 -0.282806
v -2.155232 -1.836483 -0.282806
v -2.126781 -1.936025 -0.282806
v -2.151913 -2.036456 -0.282806
v -2.223892 -2.110867 -0.282806
v -2.323434 -2.139318 -0.282806
v -2.423865 -2.114185 -0.282806
v -2.498275 -2.042206 -0.282806
v -2.526726 -1.942664 -0.282806
v -2.501595 -1.842233 -0.282806
v -2.429615 -1.767823 -0.282806
v -2.200509 -1.712051 -0.001226
v -2.331069 -1.679380 -0.001226
v -2.331069 -1.679380 -0.282760
v -2.103776 -1.805625 -0.001226
v -2.066790 -1.935029 -0.001226
v -2.099460 -2.065589 -0.001226
v -2.193034 -2.162323 -0.001226
v -2.322438 -2.199308 -0.001226
v -2.452998 -2.166638 -0.001226
v -2.549731 -2.073064 -0.001226
v -2.586718 -1.943660 -0.001226
v -2.554047 -1.813100 -0.001226
v -2.460473 -1.716367 -0.001226
v -2.200509 -1.712051 -0.282760
v -2.103776 -1.805625 -0.282760
v -2.066790 -1.935029 -0.282760
v -2.099460 -2.065589 -0.282760
v -2.193034 -2.162323 -0.282760
v -2.322438 -2.199308 -0.282760
v -2.452998 -2.166638 -0.282760
v -2.549731 -2.073064 -0.282760
v -2.586718 -1.943660 -0.282760
v -2.554047 -1.813100 -0.282760
v -2.460473 -1.716367 -0.282760
v -1.972669 -1.042692 -1.675473
v -2.154401 -0.990842 -1.675473
v -2.123012 -2.881603 -1.675473
v -1.943101 -2.823750 -1.675473
v -2.342756 -0.975443 -1.675473
v -1.777934 -2.731910 -1.675473
v -2.530496 -0.997086 -1.675473
v -1.633858 -2.609612 -1.675473
v -2.710407 -1.054939 -1.675473
v -1.516409 -2.461555 -1.675473
v -2.875574 -1.146780 -1.675473
v -1.430102 -2.293431 -1.675473
v -3.290655 -1.955346 -1.675473
v -3.269012 -2.143088 -1.675473
v -3.019650 -1.269078 -1.675473
v -1.378252 -2.111699 -1.675473
v -3.211159 -2.322997 -1.675473
v -3.137099 -1.417134 -1.675473
v -1.362853 -1.923343 -1.675473
v -3.119318 -2.488165 -1.675473
v -3.223406 -1.585260 -1.675473
v -1.384496 -1.735602 -1.675473
v -2.997020 -2.632241 -1.675473
v -3.275256 -1.766991 -1.675473
v -1.442349 -1.555693 -1.675473
v -2.848964 -2.749690 -1.675473
v -1.534190 -1.390524 -1.675473
v -2.680839 -2.835998 -1.675473
v -1.656488 -1.246448 -1.675473
v -2.499107 -2.887847 -1.675473
v -1.804544 -1.129000 -1.675473
v -2.310752 -2.903246 -1.675473
v -3.266737 -2.143291 -0.635474
v -3.209149 -2.322375 -0.635474
v -3.117730 -2.486785 -0.635474
v -2.995993 -2.630200 -0.635474
v -2.848615 -2.747110 -0.635474
v -2.681262 -2.833022 -0.635474
v -2.500363 -2.884635 -0.635474
v -2.312872 -2.899963 -0.635474
v -2.125993 -2.878419 -0.635474
v -1.946907 -2.820831 -0.635474
v -1.782498 -2.729413 -0.635474
v -1.639082 -2.607674 -0.635474
v -1.522172 -2.460297 -0.635474
v -1.436260 -2.292944 -0.635475
v -1.384648 -2.112045 -0.635474
v -1.369320 -1.924553 -0.635474
v -1.390863 -1.737674 -0.635474
v -1.448452 -1.558589 -0.635475
v -1.539871 -1.394179 -0.635474
v -1.661608 -1.250764 -0.635475
v -1.808985 -1.133854 -0.635474
v -1.976339 -1.047942 -0.635474
v -2.157237 -0.996330 -0.635474
v -2.344729 -0.981001 -0.635474
v -2.531608 -1.002545 -0.635474
v -2.710694 -1.060133 -0.635474
v -2.875103 -1.151552 -0.635474
v -3.018519 -1.273290 -0.635474
v -3.135429 -1.420667 -0.635474
v -3.221341 -1.588021 -0.635474
v -3.272953 -1.768919 -0.635474
v -3.288281 -1.956411 -0.635474
v -2.301935 -1.626923 -1.388484
v -2.249887 -1.418928 -1.355670
v -2.240335 -1.380756 -1.321941
v -2.203676 -1.234258 -1.123044
v -2.149456 -1.444059 -1.355670
v -2.201504 -1.652054 -1.388484
v -2.103245 -1.259389 -1.123044
v -2.139904 -1.405887 -1.321941
v -1.626141 -1.792931 -1.123044
v -1.771340 -1.834432 -1.321941
v -1.809175 -1.845246 -1.355670
v -2.015328 -1.904169 -1.388484
v -2.043779 -1.804628 -1.388484
v -1.837625 -1.745705 -1.355670
v -1.799791 -1.734892 -1.321941
v -1.654592 -1.693390 -1.123044
v -2.803858 -1.405804 -1.123044
v -2.695317 -1.510800 -1.321941
v -2.667035 -1.538158 -1.355670
v -2.512929 -1.687230 -1.388484
v -2.767297 -1.585209 -1.321941
v -2.875838 -1.480214 -1.123044
v -2.584909 -1.761640 -1.388484
v -2.739015 -1.612568 -1.355670
v -2.844333 -2.033444 -1.355670
v -2.638179 -1.974520 -1.388484
v -3.027367 -2.085758 -1.123044
v -2.882167 -2.044258 -1.321941
v -2.853716 -2.143798 -1.321941
v -2.998915 -2.185300 -1.123044
v -2.609728 -2.074062 -1.388484
v -2.815882 -2.132985 -1.355670
v -2.550262 -2.619300 -1.123044
v -2.513604 -2.472803 -1.321941
v -2.504052 -2.434630 -1.355669
v -2.452004 -2.226635 -1.388484
v -2.413173 -2.497934 -1.321941
v -2.449831 -2.644431 -1.123044
v -2.351573 -2.251766 -1.388484
v -2.403621 -2.459762 -1.355669
v -2.068598 -2.117049 -1.388484
v -1.914492 -2.266122 -1.355670
v -1.886210 -2.293480 -1.321941
v -1.777669 -2.398476 -1.123044
v -1.986472 -2.340532 -1.355670
v -2.140578 -2.191460 -1.388484
v -1.849649 -2.472886 -1.123044
v -1.958190 -2.367890 -1.321941
vn -0.0000 -0.0000 -1.0000
vn -0.0000 -0.0000 1.0000
vn -0.7892 -0.6142 -0.0000
vn -0.6033 -0.7975 -0.0000
vn 0.6224 -0.7827 -0.0000
vn 0.2654 -0.9641 -0.0000
vn 0.0068 -1.0000 -0.0000
vn -0.4941 -0.8694 -0.0000
vn -0.8027 0.5964 -0.0000
vn -0.9677 0.2522 -0.0000
vn -1.0000 -0.0068 -0.0000
vn -0.8626 -0.5059 -0.0000
vn -0.0335 0.9994 -0.0000
vn 0.1600 0.9871 -0.0000
vn 0.9839 -0.1788 -0.0000
vn 0.9770 0.2131 -0.0000
vn 0.0167 -0.9999 -0.0000
vn 0.2116 -0.9774 -0.0000
vn 0.3983 -0.9173 -0.0000
vn 0.9301 -0.3672 -0.0000
vn 0.9160 0.4012 -0.0000
vn 0.3474 0.9377 -0.0000
vn 0.7136 -0.7005 -0.0000
vn 0.7201 -0.6939 -0.0000
vn -0.7239 0.6899 -0.0000
vn -0.3980 0.9174 -0.0000
vn -0.7187 0.6953 -0.0000
vn 0.1646 -0.9863 0.0067
vn 0.0151 -0.9999 -0.0019
vn 0.4412 -0.8974 -0.0067
vn -0.3240 -0.9461 0.0044
vn 0.0296 0.9996 0.0042
vn -0.3552 0.9348 -0.0044
vn -0.3673 -0.9301 -0.0000
vn 0.1788 0.9838 -0.0087
vn -0.7277 -0.6859 -0.0044
vn 0.5010 0.8654 0.0063
vn 0.6952 0.7187 -0.0091
vn -0.9168 -0.3993 0.0019
vn -0.6953 -0.7187 -0.0000
vn 0.8230 0.5681 0.0019
vn 0.8147 -0.5799 -0.0044
vn -0.9999 -0.0151 0.0019
vn -0.9774 -0.2113 -0.0091
vn 0.8406 -0.5417 -0.0000
vn 0.9666 0.2562 -0.0044
vn -0.9461 0.3240 -0.0044
vn -0.9301 0.3673 -0.0000
vn 0.5705 -0.8213 0.0019
vn 0.9774 0.2113 -0.0000
vn -0.0000 -1.0000 -0.0000
vn -0.7022 0.7120 -0.0000
vn -0.7071 -0.7071 -0.0000
vn -1.0000 -0.0001 -0.0000
vn 0.2284 0.9736 -0.0000
vn 0.1218 0.9925 -0.0000
vn 0.0139 0.9999 -0.0000
vn 0.6966 -0.7175 -0.0000
vn -0.7025 0.6844 -0.1951
vn -0.7041 0.6870 0.1798
vn -0.7041 0.6870 -0.1798
vn 0.1442 -0.1372 0.9800
vn 0.2973 -0.2852 0.9112
vn 0.1512 -0.1451 0.9778
vn 0.6708 -0.6359 0.3816
vn 0.7133 -0.6772 0.1808
vn 0.6777 -0.6446 0.3539
vn -0.7025 0.6844 0.1950
vn -0.6692 0.6529 0.3549
vn -0.2762 0.2663 0.9235
vn -0.1521 0.1478 0.9772
vn -0.2961 0.2879 0.9107
vn 0.7132 -0.6771 -0.1814
vn 0.6708 -0.6359 -0.3816
vn 0.6777 -0.6446 -0.3539
vn 0.2973 -0.2852 -0.9112
vn 0.1442 -0.1372 -0.9800
vn 0.1512 -0.1451 -0.9778
vn -0.1526 0.1482 -0.9771
vn -0.2762 0.2663 -0.9235
vn -0.2961 0.2879 -0.9107
vn -0.6692 0.6529 -0.3549
vn -0.1382 0.1333 0.9814
vn -0.1383 0.1333 -0.9814
vn 0.7120 -0.6748 -0.1942
vn 0.7120 -0.6748 0.1942
vn 0.2774 -0.2638 0.9238
vn -0.6624 0.6441 0.3827
vn 0.7134 -0.6773 -0.1800
vn 0.6706 -0.6356 -0.3826
vn 0.2774 -0.2638 -0.9238
vn -0.1516 0.1473 -0.9774
vn -0.2755 0.2656 -0.9239
vn -0.6624 0.6441 -0.3827
vn 0.0166 -0.9999 -0.0000
vn -0.1788 -0.9839 -0.0000
vn 0.2113 -0.9774 -0.0000
vn 0.3980 -0.9174 -0.0000
vn 0.5693 -0.8221 -0.0000
vn -0.5417 -0.8406 -0.0000
vn 0.7187 -0.6953 -0.0000
vn -0.8221 -0.5693 -0.0000
vn 0.9301 -0.3673 -0.0000
vn -0.9174 -0.3980 -0.0000
vn -0.9774 -0.2113 -0.0000
vn -0.9999 -0.0166 -0.0000
vn 0.9999 0.0166 -0.0000
vn -0.9839 0.1788 -0.0000
vn 0.9174 0.3980 -0.0000
vn -0.8406 0.5417 -0.0000
vn 0.8221 0.5693 -0.0000
vn 0.6953 0.7187 -0.0000
vn 0.5417 0.8406 -0.0000
vn -0.5693 0.8221 -0.0000
vn 0.3673 0.9301 -0.0000
vn 0.1788 0.9839 -0.0000
vn -0.2113 0.9774 -0.0000
vn -0.0166 0.9999 -0.0000
vn 0.0007 -0.0004 -1.0000
vn 0.0008 -0.0000 -1.0000
vn -0.0007 0.0004 -1.0000
vn -0.0004 0.0007 -1.0000
vn 0.0004 0.0007 -1.0000
vn -0.0000 0.0008 -1.0000
vn -0.0004 -0.0007 -1.0000
vn -0.0007 -0.0004 -1.0000
vn 0.0004 -0.0007 -1.0000
vn 0.0007 0.0004 -1.0000
vn -0.0008 -0.0000 -1.0000
vn -0.0000 -0.0008 -1.0000
vn -0.4360 0.9000 -0.0000
vn -0.1055 0.9944 -0.0000
vn -0.9974 0.0724 -0.0000
vn -0.9139 0.4059 -0.0000
vn -0.5614 -0.8275 -0.0000
vn -0.8085 -0.5886 -0.0000
vn -0.3788 -0.1083 0.9191
vn -0.1213 -0.0347 0.9920
vn 0.4360 -0.9000 -0.0000
vn 0.1055 -0.9944 -0.0000
vn 0.9974 -0.0724 -0.0000
vn 0.9139 -0.4059 -0.0000
vn 0.5614 0.8275 -0.0000
vn 0.8085 0.5886 -0.0000
vn -0.7188 0.6953 -0.0000
vn -0.6918 0.6692 -0.2714
vn -0.9615 -0.2748 -0.0000
vn -0.9254 -0.2645 -0.2714
vn -0.2427 -0.9701 -0.0000
vn -0.2336 -0.9337 -0.2714
vn 0.6918 -0.6692 -0.2714
vn 0.9615 0.2748 -0.0000
vn 0.9254 0.2645 -0.2714
vn 0.2336 0.9337 -0.2714
vn 0.2427 0.9701 -0.0000
vn 0.5934 -0.5740 -0.5643
vn -0.7938 -0.2269 -0.5643
vn -0.2831 0.2739 0.9191
vn -0.0907 0.0877 0.9920
vn -0.2748 0.9615 -0.0000
vn -0.0956 -0.3821 0.9191
vn -0.0306 -0.1224 0.9920
vn 0.3788 0.1083 0.9191
vn 0.1213 0.0347 0.9920
vn -0.2831 0.2739 -0.9191
vn -0.0907 0.0877 -0.9920
vn 0.3788 0.1083 -0.9191
vn 0.1213 0.0347 -0.9920
vn -0.9701 0.2427 -0.0000
vn -0.9701 0.2428 -0.0000
vn -0.8232 -0.2353 0.5167
vn -0.8713 -0.2490 0.4229
vn -0.2078 -0.8305 0.5167
vn -0.2200 -0.8791 0.4229
vn -0.0956 -0.3821 -0.9191
vn -0.0306 -0.1224 -0.9920
vn 0.1013 0.4046 -0.9089
vn 0.1767 0.7060 -0.6859
vn 0.2748 -0.9615 -0.0000
vn 0.6154 -0.5953 0.5167
vn 0.6513 -0.6300 0.4229
vn -0.4010 -0.1146 0.9089
vn -0.6997 -0.2000 0.6859
vn 0.7938 0.2269 -0.5643
vn -0.3788 -0.1083 -0.9191
vn -0.1213 -0.0347 -0.9920
vn 0.4010 0.1146 -0.9089
vn 0.6997 0.2000 -0.6859
vn 0.2998 -0.2900 0.9089
vn 0.5231 -0.5060 0.6859
vn -0.5934 0.5740 -0.5643
vn 0.2831 -0.2739 -0.9191
vn 0.0907 -0.0877 -0.9920
vn -0.2998 0.2900 -0.9089
vn -0.5231 0.5060 -0.6859
vn 0.4010 0.1146 0.9089
vn 0.6997 0.2000 0.6859
vn -0.4010 -0.1146 -0.9089
vn -0.6997 -0.2000 -0.6859
vn 0.8232 0.2353 0.5167
vn 0.8713 0.2490 0.4229
vn 0.2078 0.8305 0.5167
vn 0.2200 0.8791 0.4229
vn 0.9701 -0.2428 -0.0000
vn 0.9701 -0.2427 -0.0000
vn 0.1012 0.4046 0.9089
vn 0.1767 0.7060 0.6859
vn 0.1013 0.4046 0.9089
vn -0.2004 -0.8009 -0.5643
vn 0.0956 0.3821 -0.9191
vn 0.0306 0.1224 -0.9920
vn -0.1012 -0.4046 -0.9089
vn -0.1767 -0.7060 -0.6859
vn 0.2998 -0.2900 -0.9089
vn 0.5231 -0.5060 -0.6859
vn -0.6154 0.5953 0.5167
vn -0.6513 0.6300 0.4229
vn 0.2831 -0.2739 0.9191
vn 0.0907 -0.0877 0.9920
vn -0.2998 0.2900 0.9089
vn -0.5231 0.5060 0.6859
vn -0.5143 0.8576 -0.0000
vn -0.8275 0.5614 -0.0000
vn -0.9944 -0.1055 -0.0000
vn -0.8576 -0.5143 -0.0000
vn -0.4856 -0.8742 -0.0000
vn -0.0724 -0.9974 -0.0000
vn 0.5886 -0.8084 -0.0000
vn 0.8742 -0.4856 -0.0000
vn 0.8742 -0.4855 -0.0000
vn 0.9000 0.4360 -0.0000
vn 0.4059 0.9139 -0.0000
vn 0.2428 0.9701 -0.0000
vn -0.2428 -0.9701 -0.0000
vn 0.2004 0.8009 -0.5643
vn -0.8742 0.4855 -0.0000
vn 0.5143 -0.8576 -0.0000
vn 0.8576 0.5143 -0.0000
vn 0.4856 0.8742 -0.0000
vn -0.1767 -0.7060 0.6859
vn 0.0956 0.3821 0.9191
vn 0.0306 0.1224 0.9920
vn -0.1013 -0.4046 0.9089
vn -0.1012 -0.4046 0.9089
vn -0.7642 -0.6447 0.0168
vn -0.7643 -0.6447 -0.0169
vn -0.7642 -0.6447 -0.0168
vn -0.6510 -0.7568 0.0590
vn -0.6858 -0.7226 0.0870
vn -0.6850 -0.7233 0.0868
vn -0.6510 -0.7568 -0.0590
vn -0.6858 -0.7226 -0.0870
vn -0.6529 -0.7549 -0.0617
vn -0.7129 -0.6960 0.0862
vn -0.7115 -0.6974 0.0861
vn 0.6722 -0.6503 0.3539
vn 0.7070 -0.6839 0.1800
vn 0.6722 -0.6503 -0.3539
vn 0.7070 -0.6839 -0.1800
vn 0.7070 -0.6840 -0.1797
vn 0.1532 -0.1480 -0.9770
vn 0.2968 -0.2871 -0.9107
vn 0.1526 -0.1476 0.9772
vn 0.2968 -0.2871 0.9107
vn 0.1511 -0.1461 0.9777
vn -0.7070 0.6839 0.1800
vn -0.7070 0.6840 -0.1797
vn -0.7071 0.6840 -0.1794
vn -0.2968 0.2871 0.9107
vn -0.1526 0.1476 0.9772
vn -0.1511 0.1461 -0.9777
vn 0.1511 -0.1461 -0.9777
vn 0.1521 -0.1471 -0.9773
vn -0.7069 0.6838 -0.1807
vn -0.6722 0.6503 -0.3539
vn -0.6722 0.6503 0.3539
vn -0.7070 0.6840 0.1797
vn -0.1511 0.1461 0.9777
vn 0.7070 -0.6840 0.1797
vn -0.2968 0.2871 -0.9107
vn -0.1526 0.1476 -0.9772
vn -0.7449 -0.6647 0.0573
vn -0.7643 -0.6447 0.0169
vn -0.7429 -0.6668 0.0598
vn -0.7449 -0.6647 -0.0573
vn -0.7115 -0.6974 -0.0861
vn -0.7129 -0.6960 -0.0862
vn -0.6291 -0.7771 -0.0177
vn -0.6291 -0.7771 -0.0178
vn -0.6291 -0.7771 0.0178
vn -0.6291 -0.7771 0.0177
vn -0.6529 -0.7549 0.0617
vn -0.6850 -0.7233 -0.0868
vn -0.7429 -0.6668 -0.0598
vn 0.0014 0.0014 -1.0000
vn -0.8742 0.4856 -0.0000
vn 0.4855 0.8742 -0.0000
vn -0.4855 -0.8742 -0.0000
vn -0.0394 0.0112 0.9992
vn -0.0406 -0.0047 0.9992
vn -0.0393 0.0112 0.9992
vn -0.0321 0.0255 0.9992
vn -0.0321 0.0254 0.9992
vn -0.0199 0.0358 0.9992
vn -0.0047 0.0408 0.9992
vn -0.0047 0.0407 0.9992
vn 0.0113 0.0395 0.9992
vn 0.0255 0.0322 0.9992
vn 0.0359 0.0200 0.9992
vn 0.0408 0.0047 0.9992
vn 0.0395 -0.0113 0.9992
vn 0.0321 -0.0255 0.9992
vn 0.0322 -0.0255 0.9992
vn 0.0199 -0.0358 0.9992
vn 0.0047 -0.0406 0.9992
vn 0.0047 -0.0407 0.9992
vn -0.0112 -0.0393 0.9992
vn -0.0112 -0.0394 0.9992
vn -0.0254 -0.0320 0.9992
vn -0.0357 -0.0199 0.9992
vn 0.0111 0.0390 -0.9992
vn 0.0197 -0.0355 -0.9992
vn 0.0047 -0.0404 -0.9992
vn 0.0198 -0.0355 -0.9992
vn -0.0047 0.0403 -0.9992
vn 0.0318 -0.0252 -0.9992
vn -0.0046 0.0403 -0.9992
vn -0.0198 0.0355 -0.9992
vn 0.0390 -0.0111 -0.9992
vn -0.0405 -0.0047 -0.9992
vn -0.0197 0.0355 -0.9992
vn -0.0404 -0.0047 -0.9992
vn -0.0319 0.0253 -0.9992
vn -0.0356 -0.0198 -0.9992
vn -0.0318 0.0252 -0.9992
vn 0.0403 0.0046 -0.9992
vn -0.0391 0.0112 -0.9992
vn -0.0253 -0.0319 -0.9992
vn 0.0354 0.0197 -0.9992
vn -0.0112 -0.0391 -0.9992
vn 0.0252 0.0318 -0.9992
vn 0.0252 0.0317 -0.9992
vn -0.3031 0.9427 -0.1397
vn -0.2932 0.9118 -0.2875
vn -0.3032 0.9428 -0.1389
vn -0.8805 0.4520 -0.1429
vn -0.8513 0.4370 -0.2904
vn -0.8806 0.4520 -0.1422
vn 0.3678 0.9299 0.0039
vn 0.3668 0.9303 0.0037
vn 0.3666 0.9304 0.0037
vn -0.6406 0.7547 -0.1414
vn -0.6195 0.7298 -0.2890
vn -0.6407 0.7548 -0.1406
vn -0.1782 -0.9840 -0.0031
vn -0.1772 -0.9842 -0.0034
vn -0.1784 -0.9840 -0.0030
vn 0.3654 0.9308 0.0042
vn 0.3652 0.9309 0.0042
vn 0.0705 0.0888 0.9936
vn 0.0705 0.0888 0.9935
vn 0.5694 -0.8221 0.0005
vn 0.5692 -0.8222 0.0005
vn -0.1080 0.0308 -0.9937
vn 0.7553 0.6411 -0.1360
vn 0.7309 0.6204 -0.2844
vn 0.7553 0.6411 -0.1359
vn 0.4524 0.8813 -0.1368
vn 0.4378 0.8527 -0.2849
vn 0.4524 0.8813 -0.1364
vn 0.0807 0.9871 -0.1381
vn 0.0781 0.9550 -0.2860
vn 0.0807 0.9872 -0.1374
vn -0.5423 -0.8402 -0.0044
vn -0.5412 -0.8409 -0.0042
vn 0.5691 -0.8223 0.0005
vn 0.9554 -0.0781 -0.2849
vn 0.9873 -0.0807 -0.1368
vn 0.9874 -0.0807 -0.1364
vn 0.9127 0.2935 -0.2844
vn 0.9431 0.3033 -0.1360
vn 0.9432 0.3033 -0.1359
vn -0.5410 -0.8410 -0.0043
vn -0.5397 -0.8418 -0.0047
vn 0.0311 0.1090 0.9936
vn 0.6198 -0.7302 -0.2875
vn 0.6408 -0.7549 -0.1397
vn 0.6409 -0.7550 -0.1389
vn 0.8525 -0.4376 -0.2860
vn 0.8811 -0.4523 -0.1381
vn 0.8812 -0.4524 -0.1374
vn -0.3979 0.9174 0.0005
vn -0.3980 0.9174 0.0005
vn -0.3981 0.9174 0.0005
vn -0.0880 0.0698 -0.9937
vn -0.0879 0.0698 -0.9937
vn 0.9177 0.3972 0.0050
vn 0.9171 0.3986 0.0048
vn 0.9170 0.3988 0.0048
vn -0.3982 0.9173 0.0005
vn -0.7291 -0.6189 -0.2921
vn -0.7544 -0.6404 -0.1444
vn -0.7544 -0.6404 -0.1443
vn -0.4369 -0.8510 -0.2915
vn -0.4519 -0.8804 -0.1439
vn -0.4520 -0.8804 -0.1435
vn -0.0780 -0.9537 -0.2904
vn -0.0807 -0.9864 -0.1429
vn -0.0807 -0.9865 -0.1422
vn 0.2931 -0.9114 -0.2890
vn 0.3031 -0.9424 -0.1414
vn 0.3031 -0.9425 -0.1406
vn -0.9863 0.0806 -0.1439
vn -0.9534 0.0779 -0.2915
vn -0.9864 0.0806 -0.1435
vn 0.9163 0.4004 0.0054
vn 0.9162 0.4006 0.0054
vn -0.9420 -0.3029 -0.1444
vn -0.9105 -0.2928 -0.2921
vn -0.9420 -0.3029 -0.1443
vn -0.0130 0.1125 0.9936
vn 0.8408 -0.5414 0.0024
vn 0.8404 -0.5420 0.0023
vn -0.0545 0.0980 -0.9937
vn -0.9084 -0.2921 0.2992
vn -0.9409 -0.3026 0.1519
vn -0.9410 -0.3026 0.1518
vn -0.9776 -0.2106 -0.0048
vn -0.9773 -0.2120 -0.0046
vn 0.8403 -0.5421 0.0023
vn 0.8399 -0.5427 0.0025
vn -0.9508 0.0777 0.2997
vn -0.9850 0.0805 0.1527
vn -0.9851 0.0805 0.1523
vn 0.3024 -0.9404 0.1556
vn 0.2918 -0.9075 0.3022
vn 0.3024 -0.9405 0.1548
vn -0.0805 -0.9848 0.1540
vn -0.0777 -0.9505 0.3008
vn -0.0805 -0.9849 0.1533
vn -0.4513 -0.8792 0.1527
vn -0.4357 -0.8487 0.2997
vn -0.4514 -0.8793 0.1523
vn -0.7535 -0.6396 0.1519
vn -0.7275 -0.6175 0.2992
vn -0.7535 -0.6396 0.1518
vn -0.9772 -0.2122 -0.0046
vn -0.9769 -0.2138 -0.0052
vn -0.0550 0.0989 0.9936
vn -0.7189 0.6951 -0.0015
vn -0.7186 0.6954 -0.0014
vn -0.7186 0.6955 -0.0014
vn -0.0128 0.1113 -0.9937
vn 0.2111 -0.9775 -0.0015
vn 0.2106 -0.9776 -0.0016
vn 0.2105 -0.9776 -0.0016
vn -0.7182 0.6958 -0.0016
vn -0.7182 0.6959 -0.0016
vn -0.0162 0.9999 0.0024
vn -0.0154 0.9999 0.0025
vn -0.0886 0.0703 0.9936
vn 0.8783 -0.4509 0.1587
vn 0.8472 -0.4349 0.3052
vn 0.8472 -0.4349 0.3051
vn 0.8784 -0.4510 0.1580
vn 0.6391 -0.7529 0.1573
vn 0.6166 -0.7264 0.3038
vn 0.6392 -0.7530 0.1564
vn 0.9840 -0.1782 0.0039
vn 0.9838 -0.1793 0.0037
vn 0.9840 -0.1781 0.0039
vn 0.0307 0.1077 -0.9937
vn -0.1793 -0.9838 -0.0032
vn -0.1804 -0.9836 -0.0034
vn -0.1806 -0.9836 -0.0034
vn 0.9838 -0.1795 0.0037
vn 0.9835 -0.1808 0.0042
vn 0.9397 0.3022 0.1603
vn 0.9061 0.2914 0.3068
vn 0.9397 0.3022 0.1601
vn 0.9839 -0.0804 0.1598
vn 0.9488 -0.0776 0.3062
vn 0.9839 -0.0804 0.1593
vn 0.5695 -0.8220 0.0005
vn -0.1086 0.0310 0.9936
vn -0.9303 0.3668 -0.0032
vn -0.9299 0.3677 -0.0030
vn -0.9299 0.3678 -0.0031
vn 0.0696 0.0877 -0.9937
vn 0.0776 0.9491 0.3052
vn 0.0805 0.9840 0.1587
vn 0.0805 0.9842 0.1580
vn 0.4348 0.8469 0.3062
vn 0.4508 0.8782 0.1598
vn 0.4509 0.8783 0.1593
vn 0.7256 0.6159 0.3068
vn 0.7525 0.6388 0.1603
vn 0.7525 0.6388 0.1601
vn -0.3977 0.9175 0.0005
vn -0.9295 0.3688 -0.0034
vn -0.9294 0.3690 -0.0034
vn 0.8412 -0.5406 0.0025
vn 0.8413 -0.5405 0.0025
vn 0.9772 0.2121 0.0048
vn 0.9775 0.2107 0.0046
vn 0.0978 0.0544 -0.9937
vn -0.7193 0.6947 -0.0016
vn 0.9776 0.2105 0.0046
vn 0.9779 0.2089 0.0051
vn 0.9842 -0.1768 0.0041
vn 0.9843 -0.1766 0.0042
vn -0.9998 -0.0173 -0.0044
vn -0.9999 -0.0160 -0.0042
vn -0.9999 -0.0158 -0.0043
vn 0.1112 0.0128 -0.9937
vn -0.6169 0.7267 0.3022
vn -0.6393 0.7531 0.1556
vn -0.6393 0.7532 0.1548
vn -0.9307 0.3658 -0.0034
vn -0.9999 -0.0143 -0.0047
vn -0.9999 -0.0140 -0.0048
vn -0.8484 0.4355 0.3008
vn -0.8790 0.4512 0.1540
vn -0.8791 0.4513 0.1533
vn -0.2917 0.9070 0.3037
vn -0.3023 0.9401 0.1573
vn -0.3024 0.9403 0.1564
vn -0.7630 0.6053 -0.2269
vn -0.6982 0.5539 -0.4535
vn -0.7632 0.6055 -0.2256
vn -0.4735 0.8515 -0.2253
vn -0.4334 0.7795 -0.4523
vn -0.4736 0.8518 -0.2239
vn -0.1116 0.9683 -0.2236
vn -0.1022 0.8866 -0.4510
vn -0.1117 0.9686 -0.2223
vn 0.2675 0.9376 -0.2221
vn 0.2450 0.8588 -0.4500
vn 0.2676 0.9378 -0.2211
vn 0.6061 0.7641 -0.2209
vn 0.5552 0.6999 -0.4493
vn 0.6062 0.7642 -0.2204
vn 0.8525 0.4740 -0.2204
vn 0.7809 0.4342 -0.4490
vn 0.8875 0.1023 -0.4493
vn 0.9689 0.1117 -0.2209
vn 0.9690 0.1117 -0.2204
vn 0.8588 -0.2450 -0.4500
vn 0.9376 -0.2675 -0.2221
vn 0.9378 -0.2676 -0.2211
vn 0.6992 -0.5547 -0.4510
vn 0.7636 -0.6057 -0.2236
vn 0.7638 -0.6059 -0.2223
vn 0.4334 -0.7795 -0.4523
vn 0.4735 -0.8515 -0.2253
vn 0.4736 -0.8518 -0.2239
vn 0.1021 -0.8854 -0.4535
vn 0.1115 -0.9675 -0.2269
vn 0.1116 -0.9678 -0.2256
vn -0.2444 -0.8565 -0.4546
vn -0.2671 -0.9363 -0.2281
vn -0.2672 -0.9365 -0.2271
vn -0.5533 -0.6975 -0.4553
vn -0.6050 -0.7627 -0.2288
vn -0.6051 -0.7628 -0.2282
vn -0.7780 -0.4326 -0.4556
vn -0.8508 -0.4731 -0.2288
vn -0.9671 -0.1115 -0.2288
vn -0.8845 -0.1020 -0.4553
vn -0.9672 -0.1115 -0.2282
vn -0.9363 0.2671 -0.2281
vn -0.8565 0.2444 -0.4546
vn -0.9365 0.2672 -0.2271
vn -0.8528 0.2433 0.4622
vn -0.9341 0.2665 0.2377
vn -0.9343 0.2666 0.2367
vn -0.8813 -0.1016 0.4615
vn -0.9652 -0.1113 0.2366
vn -0.9653 -0.1113 0.2361
vn -0.8493 -0.4722 0.2360
vn -0.7755 -0.4312 0.4612
vn -0.6038 -0.7612 0.2366
vn -0.5513 -0.6950 0.4615
vn -0.6039 -0.7613 0.2361
vn -0.2665 -0.9341 0.2377
vn -0.2433 -0.8528 0.4622
vn -0.2666 -0.9343 0.2367
vn 0.1112 -0.9646 0.2392
vn 0.1015 -0.8804 0.4632
vn 0.1112 -0.9649 0.2380
vn 0.4717 -0.8482 0.2409
vn 0.4304 -0.7740 0.4645
vn 0.4304 -0.7740 0.4644
vn 0.4718 -0.8485 0.2395
vn 0.7601 -0.6029 0.2424
vn 0.6933 -0.5500 0.4657
vn 0.7603 -0.6031 0.2412
vn 0.9326 -0.2661 0.2436
vn 0.8505 -0.2426 0.4667
vn 0.9329 -0.2662 0.2427
vn 0.9633 0.1111 0.2443
vn 0.8782 0.1012 0.4674
vn 0.9634 0.1111 0.2438
vn 0.7725 0.4296 0.4676
vn 0.8475 0.4712 0.2444
vn 0.5494 0.6926 0.4674
vn 0.6026 0.7597 0.2443
vn 0.6027 0.7598 0.2438
vn 0.2426 0.8505 0.4667
vn 0.2661 0.9326 0.2437
vn 0.2427 0.8505 0.4667
vn 0.2662 0.9329 0.2427
vn -0.1013 0.8791 0.4657
vn -0.1111 0.9638 0.2424
vn -0.1111 0.9641 0.2412
vn -0.4304 0.7740 0.4645
vn -0.4717 0.8482 0.2409
vn -0.4718 0.8485 0.2395
vn -0.6943 0.5508 0.4632
vn -0.7607 0.6034 0.2392
vn -0.7609 0.6036 0.2380
vn 0.0991 0.0551 0.9935
vn 0.6946 0.7193 0.0046
vn 0.6935 0.7205 0.0051
vn 0.6933 0.7207 0.0052
vn -0.0170 0.9999 0.0023
vn -0.0178 0.9998 0.0025
vn -0.0180 0.9998 0.0026
vn 0.6958 0.7182 0.0048
vn 0.6948 0.7192 0.0046
vn -0.0169 0.9999 0.0023
vn 0.1127 0.0130 0.9935
vn -0.8216 -0.5700 -0.0048
vn -0.8206 -0.5714 -0.0053
vn -0.8218 -0.5698 -0.0048
vn 0.2116 -0.9774 -0.0014
vn 0.2121 -0.9773 -0.0016
vn 0.2115 -0.9774 -0.0014
vn -0.8226 -0.5686 -0.0050
vn 0.1090 -0.0311 0.9936
vn 0.9998 0.0174 0.0043
vn 0.9998 0.0189 0.0047
vn 0.9998 0.0191 0.0048
vn 0.9999 0.0159 0.0044
vn 0.9998 0.0172 0.0042
vn 0.0887 -0.0704 0.9936
vn 0.9303 -0.3668 0.0031
vn 0.9307 -0.3657 0.0034
vn 0.9308 -0.3656 0.0035
vn 0.9299 -0.3678 0.0032
vn 0.9303 -0.3669 0.0030
vn 0.0550 -0.0989 0.9936
vn -0.9840 0.1781 -0.0037
vn -0.9842 0.1768 -0.0042
vn -0.9840 0.1783 -0.0037
vn -0.9838 0.1794 -0.0039
vn 0.0129 -0.1123 0.9936
vn 0.7189 -0.6951 0.0014
vn 0.7193 -0.6947 0.0016
vn 0.7186 -0.6954 0.0014
vn -0.9779 -0.2089 -0.0051
vn -0.9780 -0.2086 -0.0051
vn -0.0310 -0.1086 0.9936
vn -0.8408 0.5413 -0.0023
vn -0.8413 0.5406 -0.0025
vn -0.8407 0.5414 -0.0023
vn 0.9184 0.3956 0.0053
vn -0.8404 0.5420 -0.0024
vn -0.5436 -0.8393 -0.0047
vn -0.5439 -0.8392 -0.0048
vn -0.0702 -0.0885 0.9936
vn 0.3979 -0.9174 -0.0005
vn 0.3977 -0.9175 -0.0005
vn 0.3691 0.9294 0.0041
vn 0.3679 0.9299 0.0039
vn 0.3980 -0.9174 -0.0005
vn 0.6971 0.7170 0.0051
vn 0.6959 0.7182 0.0048
vn -0.0987 -0.0549 0.9936
vn -0.5694 0.8221 -0.0005
vn -0.5695 0.8220 -0.0005
vn -0.5693 0.8221 -0.0005
vn -0.8236 -0.5672 -0.0053
vn -0.8237 -0.5669 -0.0053
vn -0.5692 0.8222 -0.0005
vn 0.9999 0.0143 0.0047
vn -0.1122 -0.0129 0.9936
vn 0.0162 -0.9999 -0.0023
vn 0.0154 -0.9999 -0.0025
vn 0.0152 -0.9999 -0.0026
vn 0.9295 -0.3688 0.0034
vn -0.1117 -0.0129 -0.9937
vn 0.0170 -0.9999 -0.0024
vn 0.0163 -0.9999 -0.0023
vn -0.9835 0.1807 -0.0041
vn -0.9835 0.1810 -0.0041
vn -0.2111 0.9775 0.0014
vn -0.2106 0.9776 0.0016
vn -0.2112 0.9775 0.0014
vn 0.7182 -0.6958 0.0015
vn 0.7186 -0.6954 0.0015
vn -0.0983 -0.0546 -0.9937
vn -0.2116 0.9774 0.0014
vn -0.2116 0.9774 0.0015
vn -0.8399 0.5427 -0.0025
vn -0.8398 0.5428 -0.0025
vn -0.3680 -0.9298 -0.0037
vn -0.3692 -0.9294 -0.0042
vn -0.3694 -0.9293 -0.0042
vn 0.3982 -0.9173 -0.0005
vn -0.0699 -0.0881 -0.9937
vn -0.3667 -0.9303 -0.0039
vn -0.3678 -0.9299 -0.0037
vn -0.5691 0.8223 -0.0005
vn -0.5690 0.8223 -0.0005
vn 0.1794 0.9838 0.0031
vn 0.1804 0.9836 0.0034
vn 0.1792 0.9838 0.0030
vn 0.0178 -0.9998 -0.0025
vn -0.0308 -0.1080 -0.9937
vn 0.1783 0.9840 0.0032
vn -0.2121 0.9772 0.0015
vn -0.2122 0.9772 0.0016
vn -0.6959 -0.7181 -0.0046
vn -0.6971 -0.7170 -0.0051
vn -0.6973 -0.7168 -0.0052
vn -0.3655 -0.9308 -0.0041
vn 0.0129 -0.1115 -0.9937
vn -0.6947 -0.7193 -0.0048
vn -0.6957 -0.7183 -0.0046
vn 0.1772 0.9842 0.0034
vn 0.1770 0.9842 0.0034
vn 0.5424 0.8401 0.0043
vn 0.5436 0.8393 0.0047
vn 0.5422 0.8403 0.0042
vn -0.6935 -0.7205 -0.0051
vn 0.0545 -0.0980 -0.9937
vn 0.5411 0.8409 0.0044
vn 0.5411 0.8410 0.0044
vn 0.5398 0.8418 0.0047
vn 0.5396 0.8419 0.0047
vn -0.9178 -0.3971 -0.0048
vn -0.9184 -0.3955 -0.0054
vn -0.9185 -0.3953 -0.0054
vn -0.9171 -0.3987 -0.0050
vn -0.9164 -0.4003 -0.0053
vn 0.0878 -0.0696 -0.9937
vn -0.9177 -0.3974 -0.0048
vn 0.8217 0.5699 0.0050
vn 0.8206 0.5714 0.0053
vn 0.8205 0.5716 0.0053
vn 0.8226 0.5685 0.0048
vn 0.8236 0.5671 0.0054
vn 0.8225 0.5688 0.0048
vn -0.9998 -0.0189 -0.0047
vn 0.1077 -0.0307 -0.9937
vn 0.8216 0.5700 0.0050
vn 0.9769 0.2138 0.0051
vn 0.9768 0.2140 0.0051
vn -0.1770 -0.9842 -0.0034
vn -0.5395 -0.8420 -0.0048
vn 0.8398 -0.5428 0.0026
vn -0.9768 -0.2141 -0.0052
vn -0.0152 0.9999 0.0025
vn 0.9835 -0.1810 0.0042
vn 0.9780 0.2086 0.0052
vn -0.9308 0.3656 -0.0034
vn -0.8205 -0.5717 -0.0054
vn 0.2122 -0.9772 -0.0016
vn -0.9843 0.1766 -0.0042
vn -0.8413 0.5405 -0.0026
vn 0.9185 0.3953 0.0054
vn 0.3694 0.9293 0.0042
vn 0.6973 0.7168 0.0052
vn 0.9999 0.0141 0.0047
vn 0.9294 -0.3690 0.0034
vn -0.2105 0.9776 0.0016
vn 0.7182 -0.6959 0.0016
vn -0.0982 -0.0546 -0.9937
vn 0.1806 0.9835 0.0035
vn 0.0180 -0.9998 -0.0025
vn -0.3652 -0.9309 -0.0041
vn 0.5438 0.8392 0.0048
vn -0.6933 -0.7207 -0.0051
vn -0.9162 -0.4006 -0.0053
vn 0.8238 0.5669 0.0054
vn -0.9998 -0.0191 -0.0047
vt 0.241622 0.510735
vt 0.262199 0.510897
vt 0.286090 0.562227
vt 0.489608 0.005306
vt 0.412377 0.408469
vt 0.393727 0.416523
vt 0.489280 0.541730
vt 0.476932 0.554704
vt 0.467015 0.487651
vt 0.355586 0.650679
vt 0.322106 0.581599
vt 0.355325 0.581474
vt 0.355122 0.527739
vt 0.321971 0.545776
vt 0.321904 0.527865
vt 0.355189 0.545651
vt 0.322039 0.563688
vt 0.322571 0.704539
vt 0.355721 0.686502
vt 0.355789 0.704413
vt 0.322503 0.686627
vt 0.355654 0.668590
vt 0.322435 0.668716
vt 0.359014 0.718922
vt 0.466215 0.740939
vt 0.359014 0.740939
vt 0.524386 0.718922
vt 0.496445 0.740938
vt 0.496445 0.718922
vt 0.465644 0.774585
vt 0.465073 0.808231
vt 0.597839 0.740938
vt 0.554889 0.718922
vt 0.597839 0.718922
vt 0.422129 0.652351
vt 0.465644 0.685276
vt 0.466215 0.718922
vt 0.554889 0.740938
vt 0.539637 0.718922
vt 0.539637 0.740938
vt 0.481330 0.718922
vt 0.481330 0.740938
vt 0.387036 0.496738
vt 0.390568 0.561476
vt 0.373158 0.557269
vt 0.360184 0.544921
vt 0.459751 0.559766
vt 0.413904 0.510586
vt 0.493487 0.524320
vt 0.289409 0.496661
vt 0.303742 0.557895
vt 0.316852 0.545313
vt 0.213057 0.493957
vt 0.216178 0.560147
vt 0.199008 0.555032
vt 0.186683 0.541999
vt 0.182530 0.524541
vt 0.480205 0.713200
vt 0.485803 0.699160
vt 0.485331 0.671223
vt 0.479258 0.657233
vt 0.465073 0.651630
vt 0.479258 0.802628
vt 0.485803 0.760701
vt 0.480205 0.746661
vt 0.485331 0.788638
vt 0.353162 0.008700
vt 0.320336 0.112629
vt 0.319944 0.008825
vt 0.353554 0.112504
vt 0.351243 0.008725
vt 0.015007 0.718923
vt 0.015007 0.740939
vt 0.182530 0.004687
vt 0.263125 0.406809
vt 0.242722 0.406644
vt 0.322372 0.007743
vt 0.069176 0.510735
vt 0.089753 0.510897
vt 0.113644 0.562227
vt 0.317162 0.005306
vt 0.239931 0.408469
vt 0.221281 0.416523
vt 0.316834 0.541730
vt 0.304486 0.554704
vt 0.294569 0.487651
vt 0.183140 0.650679
vt 0.149661 0.581599
vt 0.182879 0.581474
vt 0.182676 0.527740
vt 0.149525 0.545776
vt 0.149458 0.527865
vt 0.182744 0.545651
vt 0.149593 0.563688
vt 0.150125 0.704539
vt 0.183276 0.686502
vt 0.183343 0.704413
vt 0.150057 0.686627
vt 0.183208 0.668590
vt 0.149990 0.668716
vt 0.358473 0.718923
vt 0.465674 0.740939
vt 0.358473 0.740939
vt 0.523845 0.718922
vt 0.495904 0.740938
vt 0.495904 0.718922
vt 0.465103 0.774585
vt 0.464532 0.808231
vt 0.597298 0.740938
vt 0.554348 0.718922
vt 0.597298 0.718922
vt 0.421588 0.652351
vt 0.465103 0.685276
vt 0.465674 0.718922
vt 0.554348 0.740938
vt 0.539097 0.718922
vt 0.539097 0.740938
vt 0.480789 0.718922
vt 0.480790 0.740939
vt 0.214590 0.496738
vt 0.218122 0.561476
vt 0.200712 0.557269
vt 0.187738 0.544921
vt 0.287305 0.559766
vt 0.241458 0.510587
vt 0.321041 0.524320
vt 0.116963 0.496661
vt 0.131296 0.557895
vt 0.144407 0.545313
vt 0.040612 0.493957
vt 0.043732 0.560147
vt 0.026563 0.555032
vt 0.014238 0.541999
vt 0.010084 0.524541
vt 0.479664 0.713200
vt 0.485262 0.699160
vt 0.484790 0.671223
vt 0.478717 0.657233
vt 0.464532 0.651630
vt 0.478718 0.802628
vt 0.485262 0.760701
vt 0.479664 0.746661
vt 0.484790 0.788638
vt 0.180716 0.008700
vt 0.147890 0.112629
vt 0.147498 0.008825
vt 0.181108 0.112504
vt 0.178797 0.008725
vt 0.014467 0.718923
vt 0.014467 0.740940
vt 0.010084 0.004687
vt 0.090679 0.406809
vt 0.070276 0.406644
vt 0.149926 0.007743
vt 0.041319 0.640085
vt 0.048123 0.567897
vt 0.048068 0.640090
vt 0.091856 0.640067
vt 0.088455 0.567875
vt 0.095205 0.567872
vt 0.081814 0.640078
vt 0.034570 0.640080
vt 0.041374 0.567892
vt 0.081706 0.567885
vt 0.031332 0.567879
vt 0.074957 0.567895
vt 0.024528 0.640068
vt 0.021290 0.567867
vt 0.068316 0.640098
vt 0.075065 0.640088
vt 0.017778 0.640055
vt 0.112104 0.640045
vt 0.105247 0.567862
vt 0.111996 0.567852
vt 0.061567 0.640100
vt 0.064915 0.567905
vt 0.105355 0.640055
vt 0.011247 0.567842
vt 0.054872 0.567902
vt 0.054817 0.640095
vt 0.098605 0.640065
vt 0.118745 0.567842
vt 0.118853 0.640035
vt 0.203386 0.653880
vt 0.252675 0.674297
vt 0.216271 0.718655
vt 0.247843 0.705742
vt 0.199276 0.710525
vt 0.199276 0.657175
vt 0.375498 0.480017
vt 0.474507 0.468769
vt 0.471095 0.438735
vt 0.371238 0.460154
vt 0.459557 0.422014
vt 0.379579 0.431101
vt 0.432689 0.408165
vt 0.322368 0.650804
vt 0.355257 0.563563
vt 0.524386 0.740938
vt 0.422129 0.807510
vt 0.443938 0.507174
vt 0.203707 0.479271
vt 0.301010 0.479645
vt 0.305221 0.459500
vt 0.199888 0.459461
vt 0.204282 0.437423
vt 0.300863 0.438172
vt 0.223782 0.414267
vt 0.289721 0.421211
vt 0.203053 0.480017
vt 0.302061 0.468769
vt 0.298649 0.438735
vt 0.198792 0.460154
vt 0.287111 0.422014
vt 0.207133 0.431101
vt 0.260243 0.408165
vt 0.149922 0.650804
vt 0.182811 0.563562
vt 0.523845 0.740938
vt 0.421588 0.807510
vt 0.271492 0.507174
vt 0.031261 0.479271
vt 0.128564 0.479645
vt 0.132775 0.459500
vt 0.027442 0.459461
vt 0.031836 0.437423
vt 0.128417 0.438171
vt 0.051336 0.414267
vt 0.117276 0.421211
vt 0.011029 0.640034
vt 0.186631 0.674296
vt 0.192978 0.662422
vt 0.223036 0.649972
vt 0.235920 0.653880
vt 0.246328 0.662422
vt 0.252675 0.694331
vt 0.241545 0.710989
vt 0.229670 0.717336
vt 0.197762 0.710989
vt 0.186631 0.694331
vt 0.211151 0.650828
vt 0.224551 0.649509
vt 0.237435 0.653417
vt 0.247843 0.661959
vt 0.254190 0.673833
vt 0.254190 0.693868
vt 0.237435 0.714284
vt 0.224550 0.718192
vt 0.211151 0.716872
vt 0.190735 0.700117
vt 0.186826 0.687233
vt 0.190735 0.667583
vt 0.489863 0.632665
vt 0.457290 0.585440
vt 0.489863 0.585440
vt 0.556644 0.632665
vt 0.540452 0.585440
vt 0.556644 0.585440
vt 0.506172 0.632665
vt 0.540452 0.632665
vt 0.506172 0.585440
vt 0.545275 0.644195
vt 0.590017 0.689389
vt 0.545755 0.678472
vt 0.383404 0.632665
vt 0.362342 0.585440
vt 0.383404 0.585440
vt 0.621737 0.632665
vt 0.590017 0.528716
vt 0.621737 0.585440
vt 0.545755 0.539634
vt 0.557446 0.528264
vt 0.545275 0.573910
vt 0.557446 0.689842
vt 0.457290 0.632665
vt 0.362342 0.632665
vt 0.642307 0.580916
vt 0.642307 0.637190
vt 0.566835 0.188397
vt 0.972358 0.174418
vt 0.972430 0.185814
vt 0.565584 0.122015
vt 0.971579 0.102075
vt 0.971813 0.122275
vt 0.565029 0.100217
vt 0.971543 0.080541
vt 0.566762 0.177004
vt 0.972183 0.152884
vt 0.566458 0.155205
vt 0.971945 0.132683
vt 0.971603 0.069150
vt 0.565316 0.045226
vt 0.971864 0.047617
vt 0.566100 0.023436
vt 0.972308 0.027420
vt 0.972549 0.227551
vt 0.566808 0.210198
vt 0.972530 0.207349
vt 0.565899 0.133407
vt 0.566533 0.012048
vt 0.564916 0.067024
vt 0.564857 0.078417
vt 0.566527 0.232001
vt 0.972549 0.017014
vt 0.463198 0.188097
vt 0.370971 0.188097
vt 0.463198 0.172459
vt 0.463198 0.203734
vt 0.370971 0.172460
vt 0.370971 0.203734
vt 0.463198 0.156822
vt 0.463198 0.219372
vt 0.370971 0.156822
vt 0.370971 0.219372
vt 0.463198 0.235009
vt 0.370971 0.235009
vt 0.463198 0.141185
vt 0.370971 0.141185
vt 0.463198 0.250647
vt 0.370971 0.250647
vt 0.463198 0.125547
vt 0.370971 0.125547
vt 0.463198 0.109910
vt 0.463198 0.266284
vt 0.370971 0.109910
vt 0.370971 0.266284
vt 0.463198 0.281921
vt 0.463197 0.094272
vt 0.370971 0.094272
vt 0.370971 0.281921
vt 0.463198 0.078635
vt 0.370971 0.297559
vt 0.370971 0.078635
vt 0.463198 0.297559
vt 0.463197 0.062998
vt 0.370971 0.062998
vt 0.463198 0.313196
vt 0.370971 0.313196
vt 0.463198 0.328834
vt 0.463197 0.047360
vt 0.370971 0.047360
vt 0.370971 0.328834
vt 0.463198 0.344471
vt 0.370971 0.344471
vt 0.463197 0.031723
vt 0.370971 0.547757
vt 0.370971 0.532120
vt 0.463197 0.532120
vt 0.463197 0.516482
vt 0.463198 0.360108
vt 0.370971 0.516482
vt 0.370971 0.360108
vt 0.463197 0.500845
vt 0.463198 0.375746
vt 0.370971 0.375746
vt 0.370971 0.500845
vt 0.463198 0.391383
vt 0.463198 0.485208
vt 0.370971 0.391383
vt 0.370971 0.485208
vt 0.463198 0.407021
vt 0.463198 0.469570
vt 0.370971 0.407021
vt 0.370971 0.469570
vt 0.463198 0.422658
vt 0.463198 0.453933
vt 0.370971 0.453933
vt 0.370971 0.422658
vt 0.463198 0.438295
vt 0.370971 0.438295
vt 0.053261 0.802122
vt 0.035664 0.793556
vt 0.055556 0.793556
vt 0.037959 0.859227
vt 0.018438 0.857847
vt 0.024708 0.851577
vt 0.017057 0.823024
vt 0.008492 0.840620
vt 0.008492 0.820729
vt 0.074163 0.838325
vt 0.072783 0.857847
vt 0.066512 0.851576
vt 0.072783 0.803502
vt 0.066512 0.809773
vt 0.017057 0.838325
vt 0.759651 0.236742
vt 0.751085 0.219145
vt 0.759651 0.221440
vt 0.055556 0.867793
vt 0.053261 0.859227
vt 0.074163 0.823024
vt 0.082729 0.820729
vt 0.024708 0.809773
vt 0.037959 0.802122
vt 0.035664 0.867793
vt 0.082729 0.840620
vt 0.915727 0.083729
vt 0.938390 0.068427
vt 0.938390 0.083729
vt 0.915727 0.114331
vt 0.938390 0.099030
vt 0.938390 0.114331
vt 0.915727 0.144934
vt 0.938390 0.129633
vt 0.938390 0.144934
vt 0.385927 0.944544
vt 0.411633 0.913230
vt 0.411633 0.944544
vt 0.915727 0.175537
vt 0.938390 0.160235
vt 0.938390 0.175537
vt 0.915727 0.206139
vt 0.938390 0.190838
vt 0.938390 0.206139
vt 0.915727 0.236742
vt 0.938390 0.221440
vt 0.938390 0.236742
vt 0.392729 0.626002
vt 0.367023 0.587929
vt 0.392729 0.587929
vt 0.392739 0.626370
vt 0.367033 0.588297
vt 0.392739 0.588297
vt 0.392570 0.626370
vt 0.366864 0.588297
vt 0.392570 0.588297
vt 0.392065 0.586984
vt 0.366359 0.625057
vt 0.366358 0.586984
vt 0.392475 0.625222
vt 0.366769 0.587149
vt 0.392475 0.587149
vt 0.098480 0.984914
vt 0.128781 0.934861
vt 0.131181 0.983294
vt 0.324552 0.774464
vt 0.350258 0.659558
vt 0.350258 0.774464
vt 0.325226 0.775777
vt 0.350932 0.660871
vt 0.350932 0.775777
vt 0.411623 0.944176
vt 0.385917 0.912862
vt 0.411623 0.912862
vt 0.367033 0.731655
vt 0.367033 0.626370
vt 0.385758 0.944544
vt 0.411464 0.913230
vt 0.411464 0.944544
vt 0.385663 0.943396
vt 0.411369 0.912082
vt 0.411369 0.943396
vt 0.350258 0.928233
vt 0.324552 0.887298
vt 0.350258 0.887298
vt 0.325226 0.929546
vt 0.350932 0.888611
vt 0.350932 0.929546
vt 0.308861 0.730507
vt 0.324962 0.659723
vt 0.324962 0.774630
vt 0.203015 0.712239
vt 0.172547 0.742163
vt 0.169824 0.687207
vt 0.206741 0.688296
vt 0.167800 0.646359
vt 0.366769 0.730507
vt 0.392475 0.730507
vt 0.089444 0.802547
vt 0.096080 0.936481
vt 0.173330 0.559910
vt 0.134555 0.601420
vt 0.143669 0.554187
vt 0.137123 0.688827
vt 0.135099 0.647979
vt 0.350668 0.659723
vt 0.366769 0.625222
vt 0.375723 0.796911
vt 0.350668 0.774630
vt 0.375723 0.734902
vt 0.299907 0.796911
vt 0.324962 0.817830
vt 0.367023 0.731287
vt 0.392729 0.731287
vt 0.379575 0.815542
vt 0.405282 0.802674
vt 0.405282 0.815542
vt 0.352735 0.927365
vt 0.327029 0.886430
vt 0.352735 0.886430
vt 0.350668 0.849941
vt 0.350668 0.817830
vt 0.309115 0.731287
vt 0.325216 0.660503
vt 0.325216 0.775409
vt 0.282497 0.890651
vt 0.325216 0.850721
vt 0.325216 0.888243
vt 0.393641 0.890651
vt 0.350922 0.850721
vt 0.393641 0.836793
vt 0.375977 0.797691
vt 0.350922 0.775409
vt 0.375977 0.735682
vt 0.405536 0.816322
vt 0.379829 0.803453
vt 0.405536 0.803453
vt 0.350922 0.660503
vt 0.325216 0.929178
vt 0.350922 0.888243
vt 0.350922 0.929178
vt 0.350922 0.818610
vt 0.379839 0.816690
vt 0.405545 0.803821
vt 0.405545 0.816690
vt 0.325226 0.851088
vt 0.350932 0.818978
vt 0.350932 0.851088
vt 0.375987 0.798059
vt 0.375987 0.736050
vt 0.392739 0.731655
vt 0.366864 0.731655
vt 0.392570 0.731655
vt 0.300171 0.798059
vt 0.325226 0.818978
vt 0.308957 0.731655
vt 0.325057 0.660871
vt 0.325057 0.775777
vt 0.300003 0.798059
vt 0.325057 0.818978
vt 0.350764 0.660871
vt 0.366864 0.626370
vt 0.375818 0.798059
vt 0.350764 0.775777
vt 0.375818 0.736050
vt 0.379671 0.816690
vt 0.405377 0.803821
vt 0.405377 0.816690
vt 0.350764 0.929546
vt 0.325057 0.888611
vt 0.350764 0.888611
vt 0.350764 0.851089
vt 0.350764 0.818978
vt 0.308451 0.730342
vt 0.324552 0.659558
vt 0.299497 0.796746
vt 0.324552 0.817665
vt 0.324552 0.849775
vt 0.350258 0.817665
vt 0.350258 0.849775
vt 0.392065 0.730342
vt 0.392065 0.625057
vt 0.385253 0.943231
vt 0.410959 0.911917
vt 0.410959 0.943231
vt 0.404872 0.815377
vt 0.379166 0.802508
vt 0.404872 0.802508
vt 0.851024 0.083729
vt 0.915727 0.068427
vt 0.052560 0.968036
vt 0.067012 0.952734
vt 0.067012 0.968036
vt 0.851024 0.099030
vt 0.915727 0.099030
vt 0.052560 0.983337
vt 0.067012 0.983337
vt 0.851024 0.114331
vt 0.948007 0.533596
vt 0.557964 0.479113
vt 0.948007 0.479114
vt 0.851024 0.129633
vt 0.915727 0.129633
vt 0.021310 0.952709
vt 0.035762 0.937407
vt 0.035762 0.952709
vt 0.851024 0.144934
vt 0.021310 0.968010
vt 0.035762 0.968010
vt 0.851024 0.160235
vt 0.915727 0.160235
vt 0.021310 0.983311
vt 0.035762 0.983311
vt 0.851024 0.175537
vt 0.488059 0.282086
vt 0.520375 0.063579
vt 0.520375 0.282086
vt 0.915727 0.190838
vt 0.051522 0.897372
vt 0.066823 0.882920
vt 0.066823 0.897372
vt 0.851024 0.206139
vt 0.036221 0.897372
vt 0.051522 0.882920
vt 0.851024 0.221440
vt 0.915727 0.221440
vt 0.020919 0.882920
vt 0.020919 0.897372
vt 0.851024 0.236742
vt 0.589753 0.276734
vt 0.620275 0.058228
vt 0.620275 0.276734
vt 0.851024 0.068427
vt 0.915727 0.053126
vt 0.836572 0.068427
vt 0.851024 0.053126
vt 0.526915 0.058228
vt 0.494599 0.027706
vt 0.526916 0.027706
vt 0.557964 0.309259
vt 0.503482 0.366945
vt 0.503482 0.309259
vt 0.488059 0.033057
vt 0.520375 0.033058
vt 0.557437 0.058228
vt 0.589753 0.058228
vt 0.583213 0.282086
vt 0.613735 0.063579
vt 0.613735 0.282086
vt 0.526915 0.276734
vt 0.494599 0.058228
vt 0.948007 0.421428
vt 0.557964 0.421427
vt 0.557437 0.276734
vt 0.557964 0.366945
vt 0.948007 0.366945
vt 0.948007 0.309259
vt 0.550897 0.063579
vt 0.550897 0.282086
vt 0.583213 0.063579
vt 0.209319 0.591439
vt 0.163364 0.604294
vt 0.379575 0.802674
vt 0.393387 0.889871
vt 0.393387 0.836013
vt 0.296055 0.815542
vt 0.324962 0.849941
vt 0.282243 0.889871
vt 0.324962 0.887463
vt 0.379829 0.816322
vt 0.296309 0.816322
vt 0.325216 0.818610
vt 0.300161 0.797691
vt 0.296319 0.816690
vt 0.282507 0.891019
vt 0.325226 0.888611
vt 0.379839 0.803821
vt 0.393651 0.891019
vt 0.393651 0.837161
vt 0.379671 0.803821
vt 0.393483 0.891019
vt 0.393483 0.837161
vt 0.296150 0.816690
vt 0.325057 0.851089
vt 0.282338 0.891019
vt 0.295645 0.815377
vt 0.281833 0.889706
vt 0.139846 0.743783
vt 0.147088 0.889956
vt 0.759651 0.083729
vt 0.836572 0.083729
vt 0.759651 0.099030
vt 0.836572 0.099030
vt 0.759651 0.114331
vt 0.836572 0.114331
vt 0.759651 0.129633
vt 0.836572 0.129633
vt 0.759651 0.144934
vt 0.836572 0.144934
vt 0.759651 0.160235
vt 0.836572 0.160235
vt 0.759651 0.175536
vt 0.836572 0.175537
vt 0.836572 0.190838
vt 0.759651 0.206139
vt 0.836572 0.206139
vt 0.836572 0.221441
vt 0.836572 0.236742
vt 0.759651 0.068427
vt 0.836573 0.053126
vt 0.904258 0.728522
vt 0.918833 0.703896
vt 0.913384 0.731290
vt 0.674265 0.605589
vt 0.686645 0.579788
vt 0.692694 0.587160
vt 0.894285 0.752601
vt 0.902695 0.757096
vt 0.709869 0.564270
vt 0.714364 0.572680
vt 0.879805 0.774271
vt 0.887177 0.780320
vt 0.735674 0.553581
vt 0.738442 0.562707
vt 0.861377 0.792700
vt 0.867426 0.800071
vt 0.764004 0.557622
vt 0.763069 0.548132
vt 0.714364 0.807179
vt 0.735675 0.826278
vt 0.709869 0.815589
vt 0.839707 0.807179
vt 0.844202 0.815589
vt 0.791001 0.548132
vt 0.790067 0.557622
vt 0.692694 0.792700
vt 0.686645 0.800071
vt 0.815628 0.817153
vt 0.818396 0.826278
vt 0.818396 0.553581
vt 0.815628 0.562706
vt 0.666894 0.780321
vt 0.674265 0.774271
vt 0.790066 0.822237
vt 0.791001 0.831727
vt 0.844202 0.564270
vt 0.839706 0.572680
vt 0.651376 0.757096
vt 0.659786 0.752601
vt 0.764004 0.822237
vt 0.763070 0.831727
vt 0.867426 0.579788
vt 0.861377 0.587160
vt 0.640687 0.731291
vt 0.649812 0.728523
vt 0.738443 0.817153
vt 0.879805 0.605589
vt 0.887177 0.599539
vt 0.635238 0.703896
vt 0.644728 0.702961
vt 0.894285 0.627259
vt 0.902695 0.622764
vt 0.635238 0.675964
vt 0.644728 0.676899
vt 0.904258 0.651337
vt 0.913384 0.648569
vt 0.640687 0.648569
vt 0.649812 0.651337
vt 0.909343 0.676899
vt 0.918833 0.675964
vt 0.651376 0.622764
vt 0.659786 0.627259
vt 0.909343 0.702961
vt 0.666894 0.599539
vt 0.838989 0.809207
vt 0.866361 0.801933
vt 0.843243 0.817380
vt 0.814910 0.819181
vt 0.817556 0.828020
vt 0.790287 0.833444
vt 0.789349 0.824265
vt 0.762483 0.833444
vt 0.763286 0.824265
vt 0.735214 0.828020
vt 0.737725 0.819181
vt 0.709527 0.817380
vt 0.713646 0.809207
vt 0.686409 0.801933
vt 0.691976 0.794728
vt 0.666749 0.782273
vt 0.673547 0.776299
vt 0.651302 0.759155
vt 0.659068 0.754629
vt 0.640662 0.733468
vt 0.649094 0.730550
vt 0.635238 0.706199
vt 0.644010 0.704989
vt 0.635238 0.678395
vt 0.644010 0.678926
vt 0.640662 0.651126
vt 0.649094 0.653365
vt 0.651302 0.625439
vt 0.659068 0.629286
vt 0.666749 0.602321
vt 0.673547 0.607616
vt 0.686409 0.582661
vt 0.691976 0.589188
vt 0.709527 0.567214
vt 0.713646 0.574708
vt 0.735214 0.556574
vt 0.737725 0.564735
vt 0.762483 0.551150
vt 0.763286 0.559650
vt 0.789349 0.559650
vt 0.790287 0.551150
vt 0.814910 0.564735
vt 0.817556 0.556574
vt 0.838989 0.574708
vt 0.843243 0.567214
vt 0.860659 0.589188
vt 0.866361 0.582661
vt 0.879088 0.607616
vt 0.886021 0.602321
vt 0.893567 0.629287
vt 0.901468 0.625439
vt 0.903541 0.653365
vt 0.912108 0.651126
vt 0.908625 0.678927
vt 0.917532 0.678395
vt 0.908625 0.704989
vt 0.917532 0.706199
vt 0.903541 0.730551
vt 0.912108 0.733468
vt 0.893567 0.754629
vt 0.901468 0.759155
vt 0.879087 0.776299
vt 0.886021 0.782273
vt 0.860659 0.794728
vt 0.220160 0.554180
vt 0.099658 0.565221
vt 0.106630 0.529090
vt 0.350668 0.928398
vt 0.385663 0.912082
vt 0.324962 0.928398
vt 0.289967 0.912082
vt 0.195810 0.797276
vt 0.179790 0.888336
vt 0.385917 0.944176
vt 0.290221 0.912862
vt 0.385927 0.913230
vt 0.290231 0.913230
vt 0.385758 0.913230
vt 0.325057 0.929546
vt 0.290063 0.913230
vt 0.324552 0.928233
vt 0.289557 0.911916
vt 0.385253 0.911917
vt 0.077776 0.797520
vt 0.106569 0.717018
vt 0.110477 0.795900
vt 0.419094 0.836013
vt 0.401429 0.734902
vt 0.419347 0.836793
vt 0.401683 0.735682
vt 0.419357 0.891019
vt 0.401693 0.736050
vt 0.419189 0.837161
vt 0.401525 0.798059
vt 0.392977 0.835848
vt 0.418684 0.889706
vt 0.392977 0.889706
vt 0.375313 0.734737
vt 0.401019 0.796746
vt 0.375313 0.796746
vt 0.069997 0.559498
vt 0.076970 0.523366
vt 0.367023 0.626002
vt 0.081512 0.599051
vt 0.082293 0.665881
vt 0.100494 0.693560
vt 0.101305 0.709930
vt 0.122145 0.800926
vt 0.309125 0.731655
vt 0.325226 0.660871
vt 0.050395 0.666254
vt 0.049614 0.599424
vt 0.068604 0.711550
vt 0.379166 0.815377
vt 0.366359 0.730342
vt 0.751085 0.239037
vt 0.018437 0.803502
vt 0.308861 0.625222
vt 0.206923 0.791121
vt 0.207553 0.704666
vt 0.299907 0.734902
vt 0.327029 0.927365
vt 0.309116 0.626002
vt 0.282497 0.836793
vt 0.300171 0.736050
vt 0.308957 0.626370
vt 0.300002 0.736050
vt 0.308451 0.625057
vt 0.299497 0.734737
vt 0.052560 0.952734
vt 0.557964 0.533595
vt 0.021310 0.937407
vt 0.488059 0.063579
vt 0.851024 0.190838
vt 0.036221 0.882920
vt 0.494599 0.276734
vt 0.220160 0.653917
vt 0.350668 0.887463
vt 0.296055 0.802674
vt 0.282243 0.836013
vt 0.296309 0.803453
vt 0.300161 0.735682
vt 0.296319 0.803821
vt 0.282507 0.837160
vt 0.296150 0.803821
vt 0.282338 0.837161
vt 0.295645 0.802508
vt 0.281833 0.835848
vt 0.759651 0.190838
vt 0.759651 0.053126
vt 0.289967 0.943396
vt 0.202446 0.931211
vt 0.290221 0.944176
vt 0.290231 0.944544
vt 0.290063 0.944544
vt 0.289557 0.943231
vt 0.073868 0.718638
vt 0.419094 0.889871
vt 0.401429 0.796911
vt 0.419347 0.890651
vt 0.401683 0.797691
vt 0.419357 0.837161
vt 0.401693 0.798059
vt 0.419189 0.891019
vt 0.401525 0.736050
vt 0.418684 0.835848
vt 0.401019 0.734737
vt 0.309125 0.626370
vt 0.067793 0.695180
vt 0.232807 0.594563
vt 0.240762 0.603562
vt 0.232461 0.601632
vt 0.198973 0.580562
vt 0.209438 0.566528
vt 0.210555 0.575731
vt 0.197826 0.612659
vt 0.207263 0.627403
vt 0.191235 0.619333
vt 0.217574 0.576043
vt 0.210243 0.566457
vt 0.219474 0.566967
vt 0.057949 0.714444
vt 0.046703 0.646475
vt 0.058043 0.646457
vt 0.029269 0.714404
vt 0.040703 0.646467
vt 0.040609 0.714454
vt 0.018631 0.714308
vt 0.029363 0.646417
vt 0.068587 0.714377
vt 0.068682 0.646391
vt 0.096047 0.714255
vt 0.102141 0.646276
vt 0.102047 0.714263
vt 0.084706 0.714272
vt 0.074163 0.646352
vt 0.084801 0.646286
vt 0.013150 0.714255
vt 0.018725 0.646321
vt 0.113481 0.646325
vt 0.113387 0.714312
vt 0.096141 0.646268
vt 0.074068 0.714339
vt 0.046609 0.714462
vt 0.124119 0.646422
vt 0.124025 0.714408
vt 0.228709 0.581829
vt 0.241256 0.593453
vt 0.235398 0.575242
vt 0.227141 0.613906
vt 0.216500 0.627796
vt 0.215494 0.618578
vt 0.185140 0.601200
vt 0.193564 0.599979
vt 0.193817 0.592905
vt 0.185502 0.591086
vt 0.192875 0.573434
vt 0.209034 0.618303
vt 0.233155 0.621113
vt 0.211118 0.575686
vt 0.013244 0.646268
vt 0.210617 0.819606
vt 0.118606 0.996451
vt 0.118606 0.819606
vt 0.316598 0.638264
vt 0.295815 0.658845
vt 0.291751 0.641371
vt 0.062210 0.819606
vt 0.006945 0.996451
vt 0.006945 0.819605
vt 0.267978 0.641369
vt 0.273802 0.643137
vt 0.315475 0.638254
vt 0.285919 0.643221
vt 0.291742 0.641452
vt 0.243029 0.638456
vt 0.243338 0.586724
vt 0.249404 0.606719
vt 0.523274 0.996451
vt 0.495075 0.819605
vt 0.523274 0.819605
vt 0.495075 0.996451
vt 0.466877 0.819605
vt 0.090408 0.996451
vt 0.062210 0.996451
vt 0.090408 0.819606
vt 0.323961 0.819606
vt 0.261522 0.996451
vt 0.261522 0.819606
vt 0.244234 0.638171
vt 0.244241 0.586658
vt 0.249416 0.606634
vt 0.250272 0.652759
vt 0.262611 0.638499
vt 0.264856 0.658808
vt 0.254048 0.629934
vt 0.257908 0.634638
vt 0.349414 0.996451
vt 0.323961 0.996451
vt 0.349414 0.819605
vt 0.374867 0.996451
vt 0.236070 0.996451
vt 0.210617 0.996451
vt 0.236069 0.819606
vt 0.466877 0.996451
vt 0.294873 0.658884
vt 0.267968 0.641461
vt 0.273800 0.643230
vt 0.309443 0.652836
vt 0.262585 0.638580
vt 0.263919 0.658955
vt 0.249275 0.653010
vt 0.253970 0.629908
vt 0.257859 0.634689
vt 0.248790 0.573597
vt 0.267994 0.584120
vt 0.262630 0.586983
vt 0.257926 0.590834
vt 0.310013 0.573608
vt 0.308528 0.600913
vt 0.305660 0.595550
vt 0.316413 0.586632
vt 0.310337 0.618753
vt 0.310925 0.612692
vt 0.291735 0.584013
vt 0.310960 0.573486
vt 0.297807 0.568042
vt 0.262615 0.586884
vt 0.249695 0.573494
vt 0.262859 0.568042
vt 0.273803 0.582250
vt 0.267981 0.584016
vt 0.257911 0.590744
vt 0.297127 0.638494
vt 0.301533 0.634870
vt 0.310444 0.652850
vt 0.285921 0.643141
vt 0.279861 0.643735
vt 0.297106 0.638584
vt 0.301808 0.634724
vt 0.250949 0.624158
vt 0.251132 0.624484
vt 0.254062 0.595528
vt 0.251184 0.600892
vt 0.249389 0.618838
vt 0.248796 0.612795
vt 0.251180 0.624567
vt 0.254051 0.595447
vt 0.251183 0.600812
vt 0.249414 0.618744
vt 0.248819 0.612689
vt 0.374867 0.819605
vt 0.279861 0.643821
vt 0.261929 0.568160
vt 0.273814 0.582357
vt 0.296856 0.568160
vt 0.315465 0.586765
vt 0.305666 0.630021
vt 0.308532 0.624657
vt 0.279865 0.581764
vt 0.310296 0.618837
vt 0.310891 0.612784
vt 0.285917 0.582360
vt 0.291737 0.584125
vt 0.310294 0.606732
vt 0.297100 0.586992
vt 0.301801 0.590850
vt 0.297102 0.586875
vt 0.301886 0.634594
vt 0.305612 0.630063
vt 0.301807 0.590729
vt 0.305671 0.595429
vt 0.308548 0.624621
vt 0.308545 0.600796
vt 0.310320 0.606625
vt 0.285913 0.582248
vt 0.279858 0.581653
vt 0.228492 0.766132
vt 0.243272 0.773513
vt 0.228492 0.773513
vt 0.956618 0.068427
vt 0.956618 0.083729
vt 0.956618 0.099030
vt 0.956618 0.114331
vt 0.956618 0.129633
vt 0.956618 0.144934
vt 0.956618 0.160235
vt 0.956618 0.175537
vt 0.956618 0.190838
vt 0.956618 0.206139
vt 0.956618 0.221440
vt 0.956618 0.236742
vt 0.956618 0.053126
vt 0.256616 0.587695
vt 0.249486 0.570483
vt 0.260306 0.581303
vt 0.262738 0.562833
vt 0.266698 0.577613
vt 0.278039 0.562833
vt 0.274079 0.577613
vt 0.280471 0.581303
vt 0.291290 0.570483
vt 0.298941 0.583735
vt 0.284161 0.587695
vt 0.284161 0.595076
vt 0.298941 0.599036
vt 0.291290 0.612287
vt 0.280471 0.601468
vt 0.274079 0.605158
vt 0.278039 0.619938
vt 0.262738 0.619938
vt 0.266698 0.605158
vt 0.249486 0.612287
vt 0.260306 0.601468
vt 0.241836 0.599036
vt 0.256616 0.595076
vt 0.241836 0.583735
vt 0.150003 0.911632
vt 0.173858 0.918024
vt 0.156395 0.935487
vt 0.228492 0.788274
vt 0.243272 0.795655
vt 0.228492 0.795655
vt 0.228492 0.736609
vt 0.243272 0.743989
vt 0.228492 0.743989
vt 0.228492 0.721847
vt 0.243272 0.729228
vt 0.228492 0.729228
vt 0.228492 0.758751
vt 0.243272 0.766132
vt 0.243272 0.780893
vt 0.243272 0.788274
vt 0.243272 0.736609
vt 0.228492 0.803036
vt 0.243272 0.810416
vt 0.228492 0.810416
vt 0.228492 0.751370
vt 0.243272 0.758751
vt 0.228492 0.780893
vt 0.243272 0.803036
vt 0.243272 0.751370
vt 0.709475 0.020228
vt 0.751086 0.000337
vt 0.751086 0.020228
vt 0.709475 0.239037
vt 0.709475 0.219145
vt 0.751085 0.199254
vt 0.709475 0.199253
vt 0.751085 0.179362
vt 0.709475 0.159470
vt 0.751085 0.159470
vt 0.751085 0.139578
vt 0.709475 0.139578
vt 0.751085 0.119687
vt 0.709475 0.119687
vt 0.751085 0.099795
vt 0.709475 0.099795
vt 0.751085 0.079903
vt 0.709475 0.079903
vt 0.751085 0.060012
vt 0.662410 0.266209
vt 0.645184 0.201918
vt 0.709475 0.060012
vt 0.751085 0.040120
vt 0.709475 0.040120
vt 0.938390 0.053126
vt 0.150003 0.931796
vt 0.146312 0.925404
vt 0.146312 0.918024
vt 0.156395 0.907941
vt 0.163775 0.907941
vt 0.170167 0.911632
vt 0.173858 0.925404
vt 0.170167 0.931796
vt 0.163775 0.935487
vt 0.243272 0.721847
vt 0.709475 0.000336
vt 0.709475 0.179362
vt 0.699529 0.256264
vt 0.682302 0.266209
vt 0.645184 0.256264
vt 0.635238 0.239037
vt 0.635238 0.219145
vt 0.662410 0.191973
vt 0.682302 0.191973
vt 0.699529 0.201918
vt 0.049333 0.393103
vt 0.056719 0.367919
vt 0.057243 0.393467
vt 0.049014 0.367742
vt 0.058216 0.341468
vt 0.050214 0.341489
vt 0.056363 0.315434
vt 0.048549 0.315527
vt 0.056812 0.288256
vt 0.048704 0.288517
vt 0.053956 0.261559
vt 0.046032 0.261886
vt 0.053463 0.233539
vt 0.045241 0.234071
vt 0.049528 0.206077
vt 0.041484 0.206725
vt 0.047846 0.177070
vt 0.039481 0.178037
vt 0.042244 0.148682
vt 0.034042 0.149940
vt 0.038224 0.118329
vt 0.029619 0.120286
vt 0.028899 0.088586
vt 0.020130 0.091446
vt 0.018582 0.057989
vt 0.180339 0.484432
vt 0.200389 0.463003
vt 0.186607 0.488547
vt 0.199605 0.432092
vt 0.192339 0.459952
vt 0.206428 0.405494
vt 0.207244 0.434157
vt 0.209195 0.377809
vt 0.214289 0.406953
vt 0.213208 0.351192
vt 0.216807 0.378743
vt 0.214126 0.323709
vt 0.221057 0.351885
vt 0.216784 0.297118
vt 0.221776 0.324113
vt 0.216582 0.269747
vt 0.224696 0.297386
vt 0.218218 0.243158
vt 0.224315 0.269797
vt 0.216997 0.215890
vt 0.226228 0.243098
vt 0.217544 0.189326
vt 0.224825 0.215629
vt 0.215034 0.162241
vt 0.225652 0.188924
vt 0.213874 0.135800
vt 0.222937 0.161574
vt 0.208829 0.109207
vt 0.222050 0.134794
vt 0.203469 0.083531
vt 0.216702 0.107579
vt 0.191969 0.059762
vt 0.211380 0.080836
vt 0.038478 0.467473
vt 0.033685 0.493445
vt 0.026911 0.489005
vt 0.051199 0.444065
vt 0.046291 0.470494
vt 0.044019 0.442955
vt 0.053886 0.419402
vt 0.046359 0.418638
vt 0.167973 0.137966
vt 0.160215 0.105757
vt 0.169987 0.106548
vt 0.340828 0.188084
vt 0.330506 0.216454
vt 0.331876 0.187947
vt 0.169529 0.167784
vt 0.158204 0.137724
vt 0.339704 0.216743
vt 0.331817 0.245671
vt 0.168727 0.198273
vt 0.160191 0.167626
vt 0.340723 0.245998
vt 0.329767 0.274029
vt 0.170397 0.227292
vt 0.159283 0.198221
vt 0.338930 0.274543
vt 0.330324 0.303213
vt 0.169276 0.256968
vt 0.161321 0.227102
vt 0.339206 0.303762
vt 0.327577 0.331501
vt 0.165183 0.423701
vt 0.158650 0.395956
vt 0.167011 0.396460
vt 0.170358 0.285248
vt 0.160090 0.256773
vt 0.336719 0.332214
vt 0.327561 0.360707
vt 0.167260 0.449749
vt 0.156610 0.423578
vt 0.168619 0.314106
vt 0.161530 0.284878
vt 0.333693 0.389740
vt 0.336426 0.361379
vt 0.172467 0.476584
vt 0.158775 0.450670
vt 0.169061 0.341645
vt 0.159683 0.313716
vt 0.333784 0.418815
vt 0.324539 0.389054
vt 0.179868 0.501131
vt 0.164290 0.478478
vt 0.166835 0.369685
vt 0.160476 0.341108
vt 0.332774 0.447174
vt 0.324877 0.418477
vt 0.345704 0.039273
vt 0.332481 0.068820
vt 0.335382 0.037141
vt 0.158135 0.369184
vt 0.337202 0.475910
vt 0.323464 0.447492
vt 0.342453 0.069975
vt 0.329673 0.099297
vt 0.345704 0.502226
vt 0.328339 0.477886
vt 0.339303 0.099868
vt 0.331184 0.129587
vt 0.171549 0.075379
vt 0.169558 0.040345
vt 0.179868 0.044214
vt 0.340279 0.129776
vt 0.329987 0.158530
vt 0.160811 0.073588
vt 0.339275 0.158705
vt 0.122208 0.205692
vt 0.123136 0.223048
vt 0.124394 0.319278
vt 0.124473 0.335667
vt 0.094039 0.345321
vt 0.091575 0.336125
vt 0.124016 0.263348
vt 0.124518 0.280135
vt 0.090791 0.373249
vt 0.063041 0.365019
vt 0.093187 0.364097
vt 0.063050 0.344329
vt 0.025431 0.058675
vt 0.034882 0.082805
vt 0.124579 0.492912
vt 0.085944 0.477883
vt 0.120880 0.479912
vt 0.153167 0.366055
vt 0.153654 0.344209
vt 0.284971 0.491514
vt 0.338011 0.505703
vt 0.287163 0.521942
vt 0.116481 0.077424
vt 0.117514 0.099246
vt 0.119269 0.145264
vt 0.120497 0.163674
vt 0.093423 0.310040
vt 0.121824 0.309192
vt 0.080586 0.488869
vt 0.051830 0.469042
vt 0.288529 0.380899
vt 0.289873 0.363722
vt 0.284891 0.441480
vt 0.286154 0.422659
vt 0.091310 0.319398
vt 0.062713 0.312212
vt 0.044384 0.120545
vt 0.048767 0.144216
vt 0.293958 0.267009
vt 0.294468 0.250204
vt 0.291912 0.323620
vt 0.292899 0.306779
vt 0.122046 0.446629
vt 0.088026 0.455485
vt 0.086741 0.445265
vt 0.154532 0.310599
vt 0.154589 0.288215
vt 0.091636 0.235013
vt 0.088395 0.225482
vt 0.056788 0.448240
vt 0.127463 0.519765
vt 0.290543 0.092519
vt 0.289969 0.072326
vt 0.293109 0.153048
vt 0.292641 0.135540
vt 0.294368 0.210380
vt 0.294372 0.193449
vt 0.123454 0.374054
vt 0.123234 0.390341
vt 0.058784 0.236201
vt 0.121990 0.429225
vt 0.053480 0.179609
vt 0.056025 0.202191
vt 0.250092 0.064169
vt 0.286956 0.059755
vt 0.154724 0.253691
vt 0.154260 0.230697
vt 0.087978 0.427577
vt 0.088710 0.197639
vt 0.119002 0.195084
vt 0.249599 0.076052
vt 0.215524 0.076103
vt 0.090475 0.389861
vt 0.260283 0.193386
vt 0.260363 0.210602
vt 0.257423 0.136875
vt 0.258379 0.154564
vt 0.252556 0.095964
vt 0.073669 0.514976
vt 0.087042 0.207742
vt 0.060377 0.258030
vt 0.290913 0.015179
vt 0.242449 0.037870
vt 0.233582 0.024876
vt 0.153709 0.195132
vt 0.152942 0.171416
vt 0.151679 0.420572
vt 0.206209 0.055415
vt 0.198494 0.055508
vt 0.151994 0.398978
vt 0.120788 0.400249
vt 0.061882 0.291009
vt 0.259016 0.304525
vt 0.257893 0.321723
vt 0.260625 0.248994
vt 0.260078 0.266126
vt 0.259234 0.126821
vt 0.289845 0.124798
vt 0.152470 0.134410
vt 0.152454 0.109459
vt 0.226673 0.131285
vt 0.249583 0.418440
vt 0.246670 0.437584
vt 0.255515 0.360497
vt 0.253752 0.378056
vt 0.156992 0.476279
vt 0.256458 0.106076
vt 0.154813 0.069077
vt 0.160326 0.042484
vt 0.084004 0.167127
vt 0.081912 0.148324
vt 0.076492 0.104098
vt 0.072573 0.082226
vt 0.228403 0.513091
vt 0.237048 0.485294
vt 0.154006 0.454103
vt 0.119490 0.457566
vt 0.223724 0.109676
vt 0.325461 0.064592
vt 0.262623 0.183804
vt 0.291940 0.183036
vt 0.320481 0.475142
vt 0.318195 0.450976
vt 0.328964 0.039509
vt 0.286007 0.032051
vt 0.230527 0.185808
vt 0.324007 0.126238
vt 0.261221 0.164157
vt 0.319072 0.391933
vt 0.090849 0.281573
vt 0.090055 0.264429
vt 0.324113 0.102592
vt 0.288101 0.104167
vt 0.229639 0.164336
vt 0.122432 0.290433
vt 0.121263 0.233731
vt 0.121125 0.253054
vt 0.118734 0.174918
vt 0.115433 0.111831
vt 0.115812 0.133974
vt 0.114624 0.033729
vt 0.113107 0.063815
vt 0.281567 0.453098
vt 0.281768 0.477292
vt 0.284511 0.411384
vt 0.285166 0.391303
vt 0.322123 0.334359
vt 0.288321 0.353069
vt 0.288744 0.333824
vt 0.324378 0.277004
vt 0.291124 0.296305
vt 0.291055 0.277240
vt 0.325185 0.219577
vt 0.292381 0.239804
vt 0.291744 0.220726
vt 0.324675 0.161791
vt 0.290718 0.163688
vt 0.119608 0.418936
vt 0.122168 0.345666
vt 0.121138 0.364064
vt 0.061812 0.396549
vt 0.090939 0.418227
vt 0.060365 0.416966
vt 0.092547 0.399152
vt 0.262736 0.220137
vt 0.231244 0.240199
vt 0.231384 0.218722
vt 0.263338 0.239578
vt 0.262125 0.275717
vt 0.229832 0.294663
vt 0.230768 0.273137
vt 0.262067 0.295184
vt 0.259650 0.331438
vt 0.226341 0.349346
vt 0.228128 0.327705
vt 0.258942 0.351124
vt 0.255193 0.388103
vt 0.219866 0.404702
vt 0.223033 0.382717
vt 0.253669 0.408668
vt 0.213167 0.439072
vt 0.243700 0.473532
vt 0.206531 0.461756
vt 0.247497 0.448884
vt 0.072950 0.069125
vt 0.066559 0.039417
vt 0.083272 0.137458
vt 0.081278 0.114892
vt 0.087754 0.177017
vt 0.091945 0.254751
vt 0.093689 0.290894
vt 0.056664 0.025195
vt 0.119881 0.015179
vt 0.317968 0.414800
vt 0.320769 0.356954
vt 0.323472 0.299592
vt 0.324868 0.242232
vt 0.324821 0.184658
vt 0.009813 0.061933
vt 0.172648 0.504207
s 1
usemtl SpacialRoverExploreralumWhite
f 109/1/1 111/2/1 37/3/1
f 26/4/2 122/5/2 124/6/2
f 35/7/2 36/8/2 119/9/2
f 34/10/3 37/11/4 29/12/4
f 30/13/5 197/14/6 196/15/5
f 32/16/6 38/17/7 197/14/6
f 38/17/8 29/12/4 37/11/4
f 157/18/9 35/19/10 33/20/9
f 41/21/10 36/22/11 35/19/10
f 40/23/12 34/10/3 36/22/12
f 26/24/13 152/25/14 28/26/13
f 144/27/15 153/28/16 146/29/16
f 28/26/1 201/30/1 150/31/1
f 27/32/17 143/33/18 25/34/17
f 25/35/2 200/36/2 147/37/2
f 150/38/18 145/39/19 143/33/18
f 151/40/20 144/27/15 145/39/20
f 153/28/16 148/41/21 146/29/16
f 154/42/22 147/37/14 148/41/22
f 125/43/2 29/44/2 31/45/2
f 31/45/2 32/46/2 125/43/2
f 30/13/2 125/43/2 32/46/2
f 34/47/2 125/43/2 121/48/2
f 119/9/2 33/49/2 35/7/2
f 119/9/2 36/8/2 34/47/2
f 37/3/1 115/50/1 38/51/1
f 38/51/1 115/50/1 197/52/1
f 194/53/1 39/54/1 40/55/1
f 41/56/1 157/57/1 194/53/1
f 40/55/1 41/56/1 194/53/1
f 115/50/1 196/15/1 197/52/1
f 147/37/2 200/36/2 148/58/2
f 148/58/2 200/36/2 146/59/2
f 146/59/2 200/36/2 144/60/2
f 145/61/2 200/36/2 143/62/2
f 144/60/2 200/36/2 145/61/2
f 150/31/1 201/30/1 151/63/1
f 153/64/1 201/30/1 154/65/1
f 154/65/1 201/30/1 152/25/1
f 151/63/1 201/30/1 149/66/1
f 149/66/1 201/30/1 153/64/1
f 25/67/23 130/68/24 27/69/23
f 26/4/2 129/70/2 25/71/2
f 129/70/24 196/15/5 130/68/24
f 33/72/9 28/26/25 157/73/9
f 28/74/1 112/75/1 110/76/1
f 130/68/1 28/74/1 27/77/1
f 220/78/1 222/79/1 214/80/1
f 203/81/2 233/82/2 235/83/2
f 212/84/2 213/85/2 230/86/2
f 211/87/3 214/88/4 206/89/4
f 207/90/5 260/91/6 259/92/5
f 209/93/6 215/94/7 260/91/6
f 215/94/8 206/89/4 214/88/4
f 256/95/9 212/96/10 210/97/9
f 218/98/10 213/99/11 212/96/10
f 217/100/12 211/87/3 213/99/12
f 203/101/13 251/102/14 205/103/13
f 243/104/15 252/105/16 245/106/16
f 205/103/1 264/107/1 249/108/1
f 204/109/17 242/110/18 202/111/17
f 202/112/2 263/113/2 246/114/2
f 249/115/18 244/116/19 242/110/18
f 250/117/20 243/104/15 244/116/20
f 252/105/16 247/118/21 245/106/16
f 253/119/22 246/114/14 247/118/22
f 236/120/2 206/121/2 208/122/2
f 208/122/2 209/123/2 236/120/2
f 207/90/2 236/120/2 209/123/2
f 211/124/2 236/120/2 232/125/2
f 230/86/2 210/126/2 212/84/2
f 230/86/2 213/85/2 211/124/2
f 214/80/1 226/127/1 215/128/1
f 215/128/1 226/127/1 260/129/1
f 257/130/1 216/131/1 217/132/1
f 218/133/1 256/134/1 257/130/1
f 217/132/1 218/133/1 257/130/1
f 226/127/1 259/92/1 260/129/1
f 246/114/2 263/113/2 247/135/2
f 247/135/2 263/113/2 245/136/2
f 245/136/2 263/113/2 243/137/2
f 244/138/2 263/113/2 242/139/2
f 243/137/2 263/113/2 244/138/2
f 249/108/1 264/107/1 250/140/1
f 252/141/1 264/107/1 253/142/1
f 253/142/1 264/107/1 251/102/1
f 250/140/1 264/107/1 248/143/1
f 248/143/1 264/107/1 252/141/1
f 202/144/23 241/145/24 204/146/23
f 203/81/2 240/147/2 202/148/2
f 240/147/24 259/92/5 241/145/24
f 210/149/9 205/103/25 256/150/9
f 205/151/1 223/152/1 221/153/1
f 241/145/1 205/151/1 204/154/1
f 275/155/26 288/156/27 274/157/27
f 268/158/28 283/159/29 282/160/30
f 268/158/28 269/161/31 283/159/29
f 275/155/26 276/162/32 289/163/33
f 269/161/31 284/164/34 283/159/29
f 276/162/32 290/165/35 289/163/33
f 269/161/31 285/166/36 284/164/34
f 276/162/32 277/167/37 290/165/35
f 277/167/37 291/168/38 290/165/35
f 271/169/39 285/166/36 270/170/40
f 277/167/37 278/171/41 291/168/38
f 265/172/15 281/173/42 280/174/15
f 271/169/39 272/175/43 286/176/44
f 265/172/15 266/177/45 281/173/42
f 278/171/41 292/178/46 291/168/38
f 272/175/43 287/179/47 286/176/44
f 272/175/43 273/180/48 287/179/47
f 267/181/49 281/173/42 266/177/45
f 265/172/15 292/182/46 279/183/50
f 274/157/27 287/179/47 273/180/48
f 267/181/49 268/158/28 282/160/30
f 281/184/1 285/185/1 289/186/1
f 275/187/2 271/188/2 267/189/2
f 37/3/1 39/54/1 194/53/1
f 37/3/1 194/53/1 109/1/1
f 111/2/1 115/50/1 37/3/1
f 126/190/2 125/43/2 30/13/2
f 33/49/2 119/9/2 116/191/2
f 33/49/2 116/191/2 117/192/2
f 127/193/2 126/190/2 30/13/2
f 127/193/2 30/13/2 129/70/2
f 26/4/2 33/49/2 117/192/2
f 26/4/2 117/192/2 118/194/2
f 127/193/2 129/70/2 26/4/2
f 128/195/2 127/193/2 26/4/2
f 26/4/2 118/194/2 123/196/2
f 26/4/2 123/196/2 122/5/2
f 124/6/2 128/195/2 26/4/2
f 34/10/3 39/197/3 37/11/4
f 30/13/5 32/16/6 197/14/6
f 32/16/6 31/198/7 38/17/7
f 38/17/8 31/198/8 29/12/4
f 157/18/9 41/21/10 35/19/10
f 41/21/10 40/23/11 36/22/11
f 40/23/12 39/197/3 34/10/3
f 26/24/13 147/37/14 152/25/14
f 144/27/15 149/199/15 153/28/16
f 150/31/1 27/200/1 28/26/1
f 28/26/1 152/25/1 201/30/1
f 27/32/17 150/38/18 143/33/18
f 147/37/2 26/24/2 25/35/2
f 25/35/2 143/62/2 200/36/2
f 150/38/18 151/40/19 145/39/19
f 151/40/20 149/199/15 144/27/15
f 153/28/16 154/42/21 148/41/21
f 154/42/22 152/25/14 147/37/14
f 120/201/2 119/9/2 34/47/2
f 34/47/2 29/44/2 125/43/2
f 121/48/2 120/201/2 34/47/2
f 25/67/23 129/70/24 130/68/24
f 129/70/24 30/13/5 196/15/5
f 33/72/9 26/24/25 28/26/25
f 156/202/1 194/53/1 157/57/1
f 196/15/1 115/50/1 113/203/1
f 196/15/1 113/203/1 199/204/1
f 198/205/1 156/202/1 157/57/1
f 108/206/1 198/205/1 157/57/1
f 130/68/1 196/15/1 199/204/1
f 130/68/1 199/204/1 114/207/1
f 108/206/1 157/57/1 28/74/1
f 155/208/1 108/206/1 28/74/1
f 28/74/1 130/68/1 114/207/1
f 28/74/1 114/207/1 195/209/1
f 110/76/1 155/208/1 28/74/1
f 28/74/1 195/209/1 112/75/1
f 214/80/1 216/131/1 257/130/1
f 214/80/1 257/130/1 220/78/1
f 222/79/1 226/127/1 214/80/1
f 237/210/2 236/120/2 207/90/2
f 210/126/2 230/86/2 227/211/2
f 210/126/2 227/211/2 228/212/2
f 238/213/2 237/210/2 207/90/2
f 238/213/2 207/90/2 240/147/2
f 203/81/2 210/126/2 228/212/2
f 203/81/2 228/212/2 229/214/2
f 238/213/2 240/147/2 203/81/2
f 239/215/2 238/213/2 203/81/2
f 203/81/2 229/214/2 234/216/2
f 203/81/2 234/216/2 233/82/2
f 235/83/2 239/215/2 203/81/2
f 211/87/3 216/217/3 214/88/4
f 207/90/5 209/93/6 260/91/6
f 209/93/6 208/218/7 215/94/7
f 215/94/8 208/218/8 206/89/4
f 256/95/9 218/98/10 212/96/10
f 218/98/10 217/100/11 213/99/11
f 217/100/12 216/217/3 211/87/3
f 203/101/13 246/114/14 251/102/14
f 243/104/15 248/219/15 252/105/16
f 249/108/1 204/220/1 205/103/1
f 205/103/1 251/102/1 264/107/1
f 204/109/17 249/115/18 242/110/18
f 246/114/2 203/101/2 202/112/2
f 202/112/2 242/139/2 263/113/2
f 249/115/18 250/117/19 244/116/19
f 250/117/20 248/219/15 243/104/15
f 252/105/16 253/119/21 247/118/21
f 253/119/22 251/102/14 246/114/14
f 231/221/2 230/86/2 211/124/2
f 211/124/2 206/121/2 236/120/2
f 232/125/2 231/221/2 211/124/2
f 202/144/23 240/147/24 241/145/24
f 240/147/24 207/90/5 259/92/5
f 210/149/9 203/101/25 205/103/25
f 255/222/1 257/130/1 256/134/1
f 259/92/1 226/127/1 224/223/1
f 259/92/1 224/223/1 262/224/1
f 261/225/1 255/222/1 256/134/1
f 219/226/1 261/225/1 256/134/1
f 241/145/1 259/92/1 262/224/1
f 241/145/1 262/224/1 225/227/1
f 219/226/1 256/134/1 205/151/1
f 254/228/1 219/226/1 205/151/1
f 205/151/1 241/145/1 225/227/1
f 205/151/1 225/227/1 258/229/1
f 221/153/1 254/228/1 205/151/1
f 205/151/1 258/229/1 223/152/1
f 275/155/26 289/163/33 288/156/27
f 269/161/31 270/170/40 285/166/36
f 271/169/39 286/176/44 285/166/36
f 278/171/41 279/230/50 292/178/46
f 267/181/49 282/160/30 281/173/42
f 265/172/15 280/174/15 292/182/46
f 274/157/27 288/156/27 287/179/47
f 292/231/1 280/232/1 281/184/1
f 281/184/1 282/233/1 283/234/1
f 283/234/1 284/235/1 285/185/1
f 285/185/1 286/236/1 287/237/1
f 287/237/1 288/238/1 289/186/1
f 289/186/1 290/239/1 291/240/1
f 291/240/1 292/231/1 281/184/1
f 281/184/1 283/234/1 285/185/1
f 285/185/1 287/237/1 289/186/1
f 289/186/1 291/240/1 281/184/1
f 266/241/2 265/242/2 279/243/2
f 279/243/2 278/244/2 277/245/2
f 277/245/2 276/246/2 275/187/2
f 275/187/2 274/247/2 273/248/2
f 273/248/2 272/249/2 271/188/2
f 271/188/2 270/250/2 269/251/2
f 269/251/2 268/252/2 267/189/2
f 267/189/2 266/241/2 279/243/2
f 279/243/2 277/245/2 275/187/2
f 275/187/2 273/248/2 271/188/2
f 271/188/2 269/251/2 267/189/2
f 267/189/2 279/243/2 275/187/2
f 299/253/51 293/254/51 296/255/51
f 302/256/52 298/257/52 297/258/52
f 296/255/53 300/259/53 299/253/53
f 301/260/54 295/261/54 298/257/54
f 301/262/1 294/263/1 300/264/1
f 306/265/55 303/266/56 304/267/55
f 297/258/57 305/268/56 302/256/57
f 293/254/58 306/265/58 304/267/58
f 293/269/2 303/270/2 297/258/2
f 293/269/2 295/271/2 296/272/2
f 298/273/2 293/269/2 297/258/2
f 295/271/2 293/269/2 298/273/2
f 300/264/1 294/263/1 299/274/1
f 294/263/1 301/262/1 302/256/1
f 305/268/1 294/263/1 302/256/1
f 299/253/51 294/275/51 293/254/51
f 302/256/52 301/260/52 298/257/52
f 296/255/53 295/261/53 300/259/53
f 301/260/54 300/259/54 295/261/54
f 306/265/55 305/276/56 303/266/56
f 297/258/57 303/270/56 305/268/56
f 293/254/58 294/275/58 306/265/58
f 293/269/2 304/277/2 303/270/2
f 305/268/1 306/278/1 294/263/1
usemtl SpacialRoverExploreralumGray
f 10/279/59 140/280/60 139/281/61
f 2/282/62 137/283/63 131/284/64
f 3/285/65 134/286/66 137/283/67
f 5/287/68 135/288/69 140/280/60
f 6/289/70 132/290/71 135/288/72
f 138/291/73 9/292/74 133/293/75
f 133/293/76 7/294/77 141/295/78
f 136/296/79 12/297/80 142/298/81
f 142/298/82 10/279/59 139/281/61
f 4/299/83 131/284/64 132/290/71
f 11/300/84 141/295/78 7/294/77
f 8/301/85 134/286/66 1/302/86
f 10/279/59 5/287/68 140/280/60
f 2/282/62 3/285/87 137/283/63
f 3/285/65 1/302/86 134/286/66
f 5/287/68 6/289/88 135/288/69
f 6/289/70 4/299/83 132/290/71
f 138/291/89 8/301/85 9/292/90
f 133/293/76 9/292/91 7/294/77
f 136/296/92 11/303/84 12/297/93
f 142/298/82 12/297/94 10/279/59
f 4/299/83 2/282/62 131/284/64
f 11/300/84 136/304/92 141/295/78
f 8/301/85 138/291/89 134/286/66
f 363/305/95 331/306/95 362/307/96
f 331/306/95 363/305/95 364/308/97
f 331/306/95 330/309/96 362/307/96
f 364/308/97 332/310/97 331/306/95
f 330/309/96 361/311/34 362/307/96
f 364/308/97 365/312/98 332/310/97
f 330/309/96 329/313/34 361/311/34
f 365/312/98 333/314/98 332/310/97
f 365/312/98 366/315/99 333/314/98
f 366/315/99 334/316/99 333/314/98
f 329/313/34 360/317/100 361/311/34
f 360/317/100 329/313/34 328/318/100
f 366/315/99 367/319/101 334/316/99
f 367/319/101 335/320/101 334/316/99
f 360/317/100 328/318/100 359/321/40
f 328/318/100 327/322/40 359/321/40
f 327/322/40 358/323/102 359/321/40
f 367/319/101 368/324/45 335/320/101
f 327/322/40 326/325/102 358/323/102
f 368/324/45 336/326/45 335/320/101
f 368/324/45 369/327/103 336/326/45
f 358/323/102 326/325/102 357/328/104
f 326/325/102 325/329/104 357/328/104
f 336/326/45 369/327/103 337/330/103
f 325/329/104 356/331/105 357/328/104
f 337/330/103 369/327/103 338/332/15
f 325/329/104 324/333/105 356/331/105
f 338/332/15 369/327/103 370/334/15
f 324/333/105 355/335/106 356/331/105
f 355/335/106 324/333/105 323/336/106
f 338/332/15 370/334/15 339/337/107
f 339/337/107 307/338/107 338/332/15
f 339/337/107 340/339/50 307/338/107
f 355/335/106 323/336/106 354/340/108
f 354/340/108 323/336/106 322/341/108
f 307/338/107 340/339/50 308/342/50
f 308/342/50 340/339/50 341/343/109
f 308/342/50 341/343/109 309/344/109
f 354/340/108 322/341/108 353/345/48
f 322/346/108 321/347/48 353/348/48
f 321/347/48 352/349/110 353/348/48
f 309/344/109 341/343/109 342/350/111
f 321/347/48 320/351/110 352/349/110
f 309/344/109 342/350/111 310/352/111
f 352/349/110 320/351/110 351/353/27
f 310/352/111 342/350/111 343/354/112
f 310/352/111 343/354/112 311/355/112
f 351/353/27 320/351/110 319/356/27
f 311/355/112 343/354/112 344/357/113
f 351/353/27 319/356/27 350/358/114
f 311/355/112 344/357/113 312/359/113
f 350/358/114 319/356/27 318/360/114
f 312/359/113 344/357/113 345/361/115
f 350/358/114 318/360/114 349/362/26
f 312/359/113 345/361/115 313/363/115
f 349/362/26 318/360/114 317/364/26
f 313/363/115 345/361/115 346/365/116
f 349/362/26 317/364/26 348/366/117
f 348/366/117 317/364/26 316/367/117
f 313/363/115 346/365/116 314/368/116
f 348/366/117 316/367/117 347/369/118
f 314/368/116 346/365/116 347/369/118
f 347/369/118 316/367/117 315/370/118
f 314/368/116 347/369/118 315/370/118
f 799/371/119 822/372/120 823/373/119
f 805/374/121 830/375/122 806/376/122
f 796/377/123 809/378/124 820/379/123
f 802/380/125 827/381/126 803/382/126
f 799/371/119 824/383/127 800/384/127
f 795/385/124 830/375/122 809/378/124
f 796/386/123 821/387/128 797/388/128
f 803/382/126 828/389/129 804/390/129
f 801/391/130 824/383/127 825/392/130
f 797/393/128 822/372/120 798/394/120
f 804/390/129 829/395/121 805/374/121
f 801/391/130 826/396/125 802/380/125
f 469/397/131 447/398/132 470/399/131
f 465/400/133 468/401/134 466/402/133
f 461/403/135 464/404/136 462/405/135
f 465/406/137 925/407/138 463/408/137
f 457/409/139 460/410/140 458/411/139
f 453/412/141 456/413/142 454/414/141
f 449/415/143 452/416/144 450/417/143
f 491/418/145 494/419/146 492/420/146
f 487/421/147 490/422/148 488/423/148
f 483/424/149 486/425/150 484/426/150
f 480/427/151 481/428/101 482/429/151
f 475/430/152 478/431/153 476/432/153
f 471/433/154 473/434/155 474/435/154
f 789/436/156 482/437/151 792/438/156
f 773/439/157 490/440/148 776/441/157
f 467/442/158 914/443/159 917/444/159
f 921/445/160 490/440/160 489/446/160
f 461/447/161 933/448/162 459/449/161
f 453/450/163 907/451/164 451/452/163
f 458/453/165 788/454/166 793/455/166
f 464/456/167 777/457/168 466/458/167
f 910/459/160 476/460/160 761/461/160
f 897/462/169 747/463/169 748/464/170
f 896/465/170 748/464/170 749/466/169
f 903/467/171 475/430/172 910/468/171
f 898/469/173 473/434/174 472/470/174
f 447/471/175 753/472/176 450/473/175
f 749/466/177 751/474/178 754/475/177
f 903/467/179 478/476/179 477/477/179
f 904/478/179 758/479/179 903/480/179
f 909/481/160 761/461/160 762/482/160
f 911/483/180 491/418/181 916/484/180
f 905/485/182 909/486/183 908/487/182
f 761/461/184 478/476/153 758/479/184
f 454/488/185 760/489/186 755/490/186
f 756/491/187 762/482/188 757/492/188
f 916/493/40 492/494/40 769/495/40
f 917/496/40 767/497/40 768/498/40
f 914/499/112 764/500/112 913/501/112
f 912/502/112 766/503/112 911/504/112
f 918/505/189 912/506/190 915/507/190
f 769/495/191 494/508/146 766/503/191
f 468/509/192 763/510/193 470/511/192
f 767/497/194 765/512/195 764/500/194
f 919/513/196 923/514/197 926/515/196
f 771/516/198 775/517/199 778/518/198
f 922/519/160 776/441/160 921/520/160
f 921/445/200 487/421/201 924/521/200
f 927/522/202 483/424/203 932/523/202
f 923/524/179 773/439/179 774/525/179
f 932/526/204 484/527/204 785/528/204
f 931/529/205 785/528/204 786/530/205
f 927/522/170 486/531/170 485/532/170
f 928/533/169 782/534/169 927/535/170
f 929/536/206 931/537/207 934/538/208
f 785/528/209 486/531/150 782/534/209
f 462/539/210 784/540/211 779/541/211
f 780/542/212 786/530/213 781/543/213
f 938/544/112 480/545/112 789/436/112
f 937/546/112 789/436/112 790/547/112
f 787/548/214 791/549/215 794/550/214
f 938/551/216 481/428/217 479/552/217
f 457/553/218 935/554/219 455/555/218
f 936/556/220 942/557/221 937/558/221
f 606/559/222 448/560/132 469/397/131
f 605/561/222 583/562/118 606/563/222
f 604/564/223 469/397/131 467/565/134
f 603/566/223 606/563/222 604/567/223
f 602/568/224 467/565/134 465/400/133
f 593/569/152 612/570/152 594/571/152
f 600/572/225 465/400/133 463/573/136
f 599/574/225 602/575/224 600/576/225
f 598/577/226 463/573/136 461/403/135
f 597/578/226 600/576/225 598/579/226
f 596/580/227 461/403/135 459/581/140
f 595/582/227 598/579/226 596/583/227
f 594/584/228 459/581/140 457/409/139
f 587/585/2 607/586/2 585/587/2
f 455/588/142 594/584/228 457/409/139
f 592/589/229 593/590/228 594/591/228
f 590/592/107 455/588/142 453/412/141
f 590/593/107 591/594/230 592/589/229
f 588/595/231 453/412/141 451/596/144
f 587/597/231 590/593/107 588/598/231
f 586/599/232 451/596/144 449/415/143
f 604/600/233 617/601/233 603/602/233
f 583/603/118 449/604/143 448/560/132
f 584/605/118 586/606/232 583/603/118
f 615/607/169 618/608/169 616/609/169
f 611/610/179 614/611/179 612/612/179
f 607/586/112 610/613/112 608/614/112
f 604/600/1 616/615/1 618/616/1
f 588/617/101 609/618/101 587/619/101
f 601/620/2 617/621/2 615/607/2
f 596/622/1 612/570/1 614/623/1
f 601/620/149 616/615/234 602/624/149
f 596/622/147 613/625/147 595/626/147
f 595/626/2 611/610/2 593/627/2
f 585/587/27 608/628/27 586/629/27
f 586/629/1 610/630/1 588/617/1
f 895/631/169 749/466/169 750/632/169
f 905/485/179 757/492/179 904/633/179
f 906/634/179 756/491/179 905/635/179
f 908/636/160 762/482/160 759/637/160
f 907/638/160 759/637/160 760/639/160
f 913/640/112 765/512/112 912/506/112
f 918/641/40 770/642/40 767/497/40
f 915/643/40 769/495/40 770/642/40
f 926/644/179 774/525/179 771/516/179
f 925/645/179 771/516/179 772/646/179
f 919/513/160 775/517/160 922/647/160
f 920/648/160 778/518/160 919/649/160
f 929/536/169 781/543/169 928/650/169
f 930/651/170 780/542/169 929/652/169
f 934/653/205 786/530/205 783/654/205
f 933/655/204 783/654/205 784/540/204
f 936/656/112 790/547/112 787/548/112
f 935/657/112 787/548/112 788/454/112
f 749/466/177 753/472/176 750/632/176
f 752/658/235 748/464/178 747/463/235
f 756/491/187 760/639/186 759/637/187
f 758/479/184 762/482/188 761/461/184
f 764/500/194 768/498/193 767/497/194
f 766/503/191 770/642/195 769/495/191
f 778/518/198 772/646/168 771/516/198
f 776/441/157 774/525/199 773/439/157
f 780/542/212 784/540/211 783/654/212
f 785/528/209 781/543/213 786/530/213
f 794/550/214 788/454/166 787/548/214
f 792/438/156 790/547/215 789/436/156
f 747/463/235 474/659/154 752/658/235
f 806/660/222 584/605/118 605/661/222
f 805/662/236 605/661/222 603/663/223
f 804/664/106 603/663/223 601/665/224
f 803/666/225 601/665/224 599/667/225
f 802/668/226 599/667/225 597/669/226
f 801/670/95 597/669/226 595/671/227
f 800/672/237 595/671/227 593/673/228
f 591/674/230 800/672/237 593/673/228
f 798/675/107 591/674/230 589/676/107
f 797/388/238 589/676/107 587/677/231
f 796/386/239 587/677/231 585/678/232
f 795/679/118 585/680/232 584/605/118
f 315/681/1 833/682/1 862/683/1
f 329/684/1 861/685/1 328/686/1
f 314/687/1 862/683/1 860/688/1
f 328/686/1 859/689/1 327/690/1
f 313/691/1 860/688/1 858/692/1
f 327/690/1 857/693/1 326/694/1
f 312/695/1 858/692/1 856/696/1
f 325/697/1 857/693/1 855/698/1
f 338/699/1 843/700/1 854/701/1
f 311/702/1 856/696/1 853/703/1
f 325/697/1 852/704/1 324/705/1
f 337/706/1 854/701/1 851/707/1
f 310/708/1 853/703/1 850/709/1
f 324/705/1 849/710/1 323/711/1
f 337/706/1 848/712/1 336/713/1
f 309/714/1 850/709/1 847/715/1
f 323/711/1 846/716/1 322/717/1
f 336/713/1 845/718/1 335/719/1
f 308/720/1 847/715/1 844/721/1
f 322/717/1 842/722/1 321/723/1
f 335/719/1 841/724/1 334/725/1
f 308/720/1 843/700/1 307/726/1
f 320/727/1 842/722/1 840/728/1
f 334/725/1 839/729/1 333/730/1
f 319/731/1 840/728/1 838/732/1
f 333/730/1 837/733/1 332/734/1
f 318/735/1 838/732/1 836/736/1
f 332/734/1 835/737/1 331/738/1
f 317/739/1 836/736/1 834/740/1
f 331/738/1 832/741/1 330/742/1
f 316/743/1 834/740/1 833/682/1
f 330/742/1 831/744/1 329/684/1
f 340/745/2 894/746/2 863/747/2
f 341/748/2 863/747/2 864/749/2
f 341/748/2 865/750/2 342/751/2
f 342/751/2 866/752/2 343/753/2
f 343/753/2 867/754/2 344/755/2
f 344/755/2 868/756/2 345/757/2
f 345/757/2 869/758/2 346/759/2
f 346/759/2 870/760/2 347/761/2
f 347/761/2 871/762/2 348/763/2
f 348/763/2 872/764/2 349/765/2
f 349/765/2 873/766/2 350/767/2
f 350/767/2 874/768/2 351/769/2
f 351/769/2 875/770/2 352/771/2
f 352/771/2 876/772/2 353/773/2
f 353/773/2 877/774/2 354/775/2
f 354/775/2 878/776/2 355/777/2
f 355/777/2 879/778/2 356/779/2
f 356/779/2 880/780/2 357/781/2
f 357/781/2 881/782/2 358/783/2
f 359/784/2 881/782/2 882/785/2
f 360/786/2 882/785/2 883/787/2
f 361/788/2 883/787/2 884/789/2
f 362/790/2 884/789/2 885/791/2
f 363/792/2 885/791/2 886/793/2
f 364/794/2 886/793/2 887/795/2
f 365/796/2 887/795/2 888/797/2
f 366/798/2 888/797/2 889/799/2
f 367/800/2 889/799/2 890/801/2
f 368/802/2 890/801/2 891/803/2
f 369/804/2 891/803/2 892/805/2
f 370/806/2 892/805/2 893/807/2
f 339/808/2 893/807/2 894/746/2
f 895/631/169 447/471/169 448/809/169
f 450/473/205 900/810/205 449/811/205
f 454/812/179 906/813/179 453/450/179
f 452/814/160 907/815/160 760/639/160
f 898/816/169 471/817/170 747/463/169
f 470/511/112 914/443/112 469/818/112
f 468/509/40 917/819/40 768/498/40
f 466/458/160 920/820/160 465/406/160
f 464/456/179 925/821/179 772/646/179
f 462/539/170 930/822/170 461/447/170
f 460/823/204 933/824/204 784/540/204
f 456/825/112 935/826/112 788/454/112
f 458/453/40 940/827/40 457/553/40
f 898/828/173 902/829/240 901/830/173
f 908/831/182 906/634/164 905/635/182
f 910/832/171 904/478/183 903/480/171
f 918/833/189 914/499/159 913/501/189
f 916/834/180 912/502/190 911/504/180
f 919/649/196 925/835/138 920/648/138
f 924/836/200 922/519/197 921/520/200
f 934/837/208 930/651/162 929/652/206
f 927/535/202 931/838/207 928/533/207
f 939/839/220 935/840/219 940/841/219
f 941/842/216 937/843/221 942/844/221
f 449/811/241 895/845/242 448/846/241
f 911/483/112 494/508/112 493/847/112
f 900/848/205 754/475/204 899/849/204
f 899/850/204 751/474/204 902/851/205
f 902/829/205 752/658/205 901/830/204
f 901/852/204 474/659/204 473/434/204
f 924/853/179 488/854/179 773/439/179
f 900/848/242 896/855/243 895/856/242
f 897/857/240 899/850/244 902/851/240
f 940/841/40 794/550/40 939/839/40
f 939/858/40 791/549/40 942/557/40
f 942/844/40 792/438/40 941/842/40
f 941/859/40 482/437/40 481/428/40
f 799/371/119 798/394/120 822/372/120
f 805/374/121 829/395/121 830/375/122
f 796/377/123 795/385/124 809/378/124
f 802/380/125 826/396/125 827/381/126
f 799/371/119 823/373/119 824/383/127
f 795/385/124 806/376/122 830/375/122
f 796/386/123 820/860/123 821/387/128
f 803/382/126 827/381/126 828/389/129
f 801/391/130 800/384/127 824/383/127
f 797/393/128 821/861/128 822/372/120
f 804/390/129 828/389/129 829/395/121
f 801/391/130 825/392/130 826/396/125
f 469/397/131 448/560/132 447/398/132
f 465/400/133 467/565/134 468/401/134
f 461/403/135 463/573/136 464/404/136
f 465/406/137 920/820/138 925/407/138
f 457/409/139 459/581/140 460/410/140
f 453/412/141 455/588/142 456/413/142
f 449/415/143 451/596/144 452/416/144
f 491/418/145 493/847/145 494/419/146
f 487/421/147 489/446/147 490/422/148
f 483/424/149 485/532/149 486/425/150
f 480/427/151 479/552/101 481/428/101
f 475/430/152 477/477/152 478/431/153
f 471/433/154 472/470/155 473/434/155
f 789/436/156 480/545/151 482/437/151
f 773/439/157 488/854/148 490/440/148
f 467/442/158 469/818/158 914/443/159
f 921/445/160 776/441/160 490/440/160
f 461/447/161 930/822/162 933/448/162
f 453/450/163 906/813/164 907/451/164
f 458/453/165 456/825/165 788/454/166
f 464/456/167 772/646/168 777/457/168
f 910/459/160 475/862/160 476/460/160
f 897/462/169 898/863/169 747/463/169
f 896/465/170 897/864/169 748/464/170
f 903/467/171 477/477/172 475/430/172
f 898/469/173 901/852/173 473/434/174
f 447/471/175 750/632/176 753/472/176
f 749/466/177 748/464/178 751/474/178
f 903/467/179 758/479/179 478/476/179
f 904/478/179 757/492/179 758/479/179
f 909/481/160 910/865/160 761/461/160
f 911/483/180 493/847/181 491/418/181
f 905/485/182 904/633/183 909/486/183
f 761/461/184 476/460/153 478/476/153
f 454/488/185 452/866/185 760/489/186
f 756/491/187 759/637/187 762/482/188
f 916/493/40 491/867/40 492/494/40
f 917/496/40 918/868/40 767/497/40
f 914/499/112 763/510/112 764/500/112
f 912/502/112 765/512/112 766/503/112
f 918/505/189 913/640/189 912/506/190
f 769/495/191 492/494/146 494/508/146
f 468/509/192 768/498/193 763/510/193
f 767/497/194 770/642/195 765/512/195
f 919/513/196 922/647/197 923/514/197
f 771/516/198 774/525/199 775/517/199
f 922/519/160 775/517/160 776/441/160
f 921/445/200 489/446/201 487/421/201
f 927/522/202 485/532/203 483/424/203
f 923/524/179 924/869/179 773/439/179
f 932/526/204 483/870/204 484/527/204
f 931/529/205 932/871/204 785/528/204
f 927/522/170 782/534/169 486/531/170
f 928/533/169 781/543/169 782/534/169
f 929/536/206 928/650/207 931/537/207
f 785/528/209 484/527/150 486/531/150
f 462/539/210 460/823/210 784/540/211
f 780/542/212 783/654/212 786/530/213
f 938/544/112 479/872/112 480/545/112
f 937/546/112 938/873/112 789/436/112
f 787/548/214 790/547/215 791/549/215
f 938/551/216 941/859/216 481/428/217
f 457/553/218 940/827/219 935/554/219
f 936/556/220 939/858/220 942/557/221
f 606/559/222 583/603/118 448/560/132
f 605/561/222 584/874/118 583/562/118
f 604/564/223 606/559/222 469/397/131
f 603/566/223 605/561/222 606/563/222
f 602/568/224 604/564/223 467/565/134
f 593/569/152 611/875/152 612/570/152
f 600/572/225 602/568/224 465/400/133
f 599/574/225 601/876/224 602/575/224
f 598/577/226 600/572/225 463/573/136
f 597/578/226 599/574/225 600/576/225
f 596/580/227 598/577/226 461/403/135
f 595/582/227 597/578/226 598/579/226
f 594/584/228 596/580/227 459/581/140
f 587/585/2 609/877/2 607/586/2
f 455/588/142 592/878/229 594/584/228
f 592/589/229 591/594/230 593/590/228
f 590/592/107 592/878/229 455/588/142
f 590/593/107 589/879/107 591/594/230
f 588/595/231 590/592/107 453/412/141
f 587/597/231 589/879/107 590/593/107
f 586/599/232 588/595/231 451/596/144
f 604/600/233 618/616/233 617/601/233
f 583/603/118 586/606/232 449/604/143
f 584/605/118 585/680/232 586/606/232
f 615/607/169 617/621/169 618/608/169
f 611/610/179 613/625/179 614/611/179
f 607/586/112 609/877/112 610/613/112
f 604/600/1 602/624/1 616/615/1
f 588/617/101 610/630/101 609/618/101
f 601/620/2 603/880/2 617/621/2
f 596/622/1 594/571/1 612/570/1
f 601/620/149 615/607/234 616/615/234
f 596/622/147 614/623/147 613/625/147
f 595/626/2 613/625/2 611/610/2
f 585/587/27 607/586/27 608/628/27
f 586/629/1 608/628/1 610/630/1
f 895/631/169 896/881/170 749/466/169
f 905/485/179 756/491/179 757/492/179
f 906/634/179 755/882/179 756/491/179
f 908/636/160 909/883/160 762/482/160
f 907/638/160 908/884/160 759/637/160
f 913/640/112 764/500/112 765/512/112
f 918/641/40 915/885/40 770/642/40
f 915/643/40 916/886/40 769/495/40
f 926/644/179 923/887/179 774/525/179
f 925/645/179 926/888/179 771/516/179
f 919/513/160 778/518/160 775/517/160
f 920/648/160 777/457/160 778/518/160
f 929/536/169 780/542/169 781/543/169
f 930/651/170 779/541/170 780/542/169
f 934/653/205 931/889/205 786/530/205
f 933/655/204 934/890/205 783/654/205
f 936/656/112 937/891/112 790/547/112
f 935/657/112 936/892/112 787/548/112
f 749/466/177 754/475/177 753/472/176
f 752/658/235 751/474/178 748/464/178
f 756/491/187 755/882/186 760/639/186
f 758/479/184 757/492/188 762/482/188
f 764/500/194 763/510/193 768/498/193
f 766/503/191 765/512/195 770/642/195
f 778/518/198 777/457/168 772/646/168
f 776/441/157 775/517/199 774/525/199
f 780/542/212 779/541/211 784/540/211
f 785/528/209 782/534/209 781/543/213
f 794/550/214 793/455/166 788/454/166
f 792/438/156 791/549/215 790/547/215
f 747/463/235 471/817/154 474/659/154
f 806/660/222 795/679/118 584/605/118
f 805/662/236 806/660/222 605/661/222
f 804/664/106 805/662/236 603/663/223
f 803/666/225 804/664/106 601/665/224
f 802/668/226 803/666/225 599/667/225
f 801/670/95 802/668/226 597/669/226
f 800/672/237 801/670/95 595/671/227
f 591/674/230 799/893/229 800/672/237
f 798/675/107 799/893/229 591/674/230
f 797/388/238 798/675/107 589/676/107
f 796/386/239 797/388/238 587/677/231
f 795/679/118 796/894/239 585/680/232
f 315/681/1 316/743/1 833/682/1
f 329/684/1 831/744/1 861/685/1
f 314/687/1 315/681/1 862/683/1
f 328/686/1 861/685/1 859/689/1
f 313/691/1 314/687/1 860/688/1
f 327/690/1 859/689/1 857/693/1
f 312/695/1 313/691/1 858/692/1
f 325/697/1 326/694/1 857/693/1
f 338/699/1 307/726/1 843/700/1
f 311/702/1 312/695/1 856/696/1
f 325/697/1 855/698/1 852/704/1
f 337/706/1 338/699/1 854/701/1
f 310/708/1 311/702/1 853/703/1
f 324/705/1 852/704/1 849/710/1
f 337/706/1 851/707/1 848/712/1
f 309/714/1 310/708/1 850/709/1
f 323/711/1 849/710/1 846/716/1
f 336/713/1 848/712/1 845/718/1
f 308/720/1 309/714/1 847/715/1
f 322/717/1 846/716/1 842/722/1
f 335/719/1 845/718/1 841/724/1
f 308/720/1 844/721/1 843/700/1
f 320/727/1 321/723/1 842/722/1
f 334/725/1 841/724/1 839/729/1
f 319/731/1 320/727/1 840/728/1
f 333/730/1 839/729/1 837/733/1
f 318/735/1 319/731/1 838/732/1
f 332/734/1 837/733/1 835/737/1
f 317/739/1 318/735/1 836/736/1
f 331/738/1 835/737/1 832/741/1
f 316/743/1 317/739/1 834/740/1
f 330/742/1 832/741/1 831/744/1
f 340/745/2 339/808/2 894/746/2
f 341/748/2 340/745/2 863/747/2
f 341/748/2 864/749/2 865/750/2
f 342/751/2 865/750/2 866/752/2
f 343/753/2 866/752/2 867/754/2
f 344/755/2 867/754/2 868/756/2
f 345/757/2 868/756/2 869/758/2
f 346/759/2 869/758/2 870/760/2
f 347/761/2 870/760/2 871/762/2
f 348/763/2 871/762/2 872/764/2
f 349/765/2 872/764/2 873/766/2
f 350/767/2 873/766/2 874/768/2
f 351/769/2 874/768/2 875/770/2
f 352/771/2 875/770/2 876/772/2
f 353/773/2 876/772/2 877/774/2
f 354/775/2 877/774/2 878/776/2
f 355/777/2 878/776/2 879/778/2
f 356/779/2 879/778/2 880/780/2
f 357/781/2 880/780/2 881/782/2
f 359/784/2 358/783/2 881/782/2
f 360/786/2 359/784/2 882/785/2
f 361/788/2 360/786/2 883/787/2
f 362/790/2 361/788/2 884/789/2
f 363/792/2 362/790/2 885/791/2
f 364/794/2 363/792/2 886/793/2
f 365/796/2 364/794/2 887/795/2
f 366/798/2 365/796/2 888/797/2
f 367/800/2 366/798/2 889/799/2
f 368/802/2 367/800/2 890/801/2
f 369/804/2 368/802/2 891/803/2
f 370/806/2 369/804/2 892/805/2
f 339/808/2 370/806/2 893/807/2
f 895/631/169 750/632/169 447/471/169
f 450/473/205 753/472/204 900/810/205
f 454/812/179 755/882/179 906/813/179
f 452/814/160 451/895/160 907/815/160
f 898/816/169 472/896/170 471/817/170
f 470/511/112 763/510/112 914/443/112
f 468/509/40 467/897/40 917/819/40
f 466/458/160 777/457/160 920/820/160
f 464/456/179 463/898/179 925/821/179
f 462/539/170 779/541/170 930/822/170
f 460/823/204 459/899/204 933/824/204
f 456/825/112 455/900/112 935/826/112
f 458/453/40 793/455/40 940/827/40
f 898/828/173 897/901/240 902/829/240
f 908/831/182 907/902/164 906/634/164
f 910/832/171 909/903/183 904/478/183
f 918/833/189 917/904/159 914/499/159
f 916/834/180 915/905/190 912/502/190
f 919/649/196 926/906/196 925/835/138
f 924/836/200 923/907/197 922/519/197
f 934/837/208 933/908/162 930/651/162
f 927/535/202 932/909/202 931/838/207
f 939/839/220 936/910/220 935/840/219
f 941/842/216 938/911/216 937/843/221
f 449/811/241 900/810/242 895/845/242
f 911/483/112 766/503/112 494/508/112
f 900/848/205 753/472/204 754/475/204
f 899/850/204 754/475/204 751/474/204
f 902/829/205 751/474/204 752/658/205
f 901/852/204 752/658/205 474/659/204
f 924/853/179 487/912/179 488/854/179
f 900/848/242 899/849/244 896/855/243
f 897/857/240 896/913/243 899/850/244
f 940/841/40 793/455/40 794/550/40
f 939/858/40 794/550/40 791/549/40
f 942/844/40 791/549/40 792/438/40
f 941/859/40 792/438/40 482/437/40
usemtl SpacialRoverExploreralumBlack
f 138/914/245 162/915/246 134/916/247
f 142/917/248 170/918/249 136/919/250
f 135/920/251 173/921/252 160/922/253
f 141/923/254 170/924/249 166/925/255
f 163/926/256 177/927/257 159/928/256
f 165/929/258 178/930/259 164/931/260
f 166/932/261 176/933/262 165/929/262
f 172/934/263 159/928/264 158/935/265
f 161/936/266 181/937/267 175/938/268
f 160/939/269 167/940/270 179/941/269
f 170/942/271 174/943/272 166/932/273
f 175/938/274 169/944/275 171/945/275
f 161/936/266 179/941/276 180/946/277
f 173/947/278 158/935/265 167/940/270
f 164/931/260 177/927/257 162/948/279
f 171/945/280 168/949/281 170/950/271
f 133/951/282 164/952/283 138/914/245
f 133/951/282 166/925/255 165/953/284
f 137/954/285 172/955/286 131/956/287
f 135/920/251 161/957/288 140/958/289
f 139/959/290 161/957/288 175/960/291
f 142/917/248 175/960/291 171/961/292
f 131/956/287 173/921/252 132/962/293
f 137/954/285 162/915/246 163/963/294
f 138/914/245 164/952/283 162/915/246
f 142/917/248 171/961/292 170/918/249
f 135/920/251 132/962/293 173/921/252
f 141/923/254 136/964/250 170/924/249
f 163/926/256 162/948/279 177/927/257
f 165/929/258 176/933/258 178/930/259
f 166/932/273 174/943/272 176/933/262
f 172/934/263 163/926/264 159/928/264
f 161/936/266 180/946/277 181/937/267
f 160/939/269 173/947/278 167/940/270
f 170/942/271 168/965/281 174/943/272
f 175/938/268 181/937/267 169/944/275
f 161/936/266 160/939/276 179/941/276
f 173/947/278 172/934/263 158/935/265
f 164/931/260 178/930/259 177/927/257
f 171/945/280 169/944/280 168/949/281
f 133/951/282 165/953/284 164/952/283
f 133/951/282 141/923/254 166/925/255
f 137/954/285 163/963/294 172/955/286
f 135/920/251 160/922/253 161/957/288
f 139/959/290 140/958/289 161/957/288
f 142/917/248 139/959/290 175/960/291
f 131/956/287 172/955/286 173/921/252
f 137/954/285 134/916/247 162/915/246
usemtl SpacialRoverExploreralumGrayDeep
f 192/966/45 20/967/99 22/968/99
f 22/969/1 23/970/1 73/971/1
f 23/972/100 14/973/102 16/974/102
f 23/970/1 68/975/1 67/976/1
f 13/977/2 93/978/2 107/979/2
f 20/980/2 188/981/2 78/982/2
f 14/983/102 18/984/104 16/985/102
f 15/986/48 17/987/110 18/984/48
f 23/972/100 21/988/34 19/989/100
f 24/990/98 20/967/99 21/988/98
f 186/991/113 189/992/111 191/993/111
f 17/994/1 185/995/1 60/996/1
f 18/997/1 64/998/1 16/999/1
f 18/997/1 63/1000/1 65/1001/1
f 186/991/113 184/1002/115 182/1003/113
f 187/1004/26 183/1005/114 184/1002/26
f 192/966/45 190/1006/103 188/1007/45
f 193/1008/109 189/992/111 190/1006/109
f 183/1005/114 17/987/110 13/1009/110
f 14/1010/2 95/1011/2 97/1012/2
f 14/1010/2 93/978/2 15/1013/2
f 96/1014/2 19/1015/2 21/1016/2
f 20/980/2 98/1017/2 99/1018/2
f 190/1019/2 106/1020/2 105/1021/2
f 190/1019/2 102/1022/2 188/981/2
f 184/1023/2 84/1024/2 86/1025/2
f 192/1026/1 51/1027/1 50/1028/1
f 192/1026/1 47/1029/1 193/1030/1
f 47/1029/1 191/1031/1 193/1030/1
f 71/1032/1 187/1033/1 186/1034/1
f 191/1031/1 43/1035/1 42/1036/295
f 70/1037/1 187/1033/1 71/1032/1
f 192/966/45 188/1007/45 20/967/99
f 74/1038/1 56/1039/1 22/969/1
f 22/969/1 24/1040/1 23/970/1
f 23/970/1 72/1041/1 73/971/1
f 73/971/1 74/1038/1 22/969/1
f 23/972/100 19/989/100 14/973/102
f 66/1042/1 72/1041/1 23/970/1
f 23/970/1 16/999/1 64/998/1
f 23/970/1 64/998/1 68/975/1
f 67/976/1 66/1042/1 23/970/1
f 104/1043/2 103/1044/2 13/977/2
f 13/977/2 15/1013/2 93/978/2
f 107/979/2 104/1043/2 13/977/2
f 76/1045/2 75/1046/2 20/980/2
f 188/981/2 102/1022/2 101/1047/2
f 188/981/2 101/1047/2 100/1048/2
f 79/1049/2 76/1045/2 20/980/2
f 77/1050/2 79/1049/2 20/980/2
f 188/981/2 100/1048/2 78/982/2
f 78/982/2 77/1050/2 20/980/2
f 14/983/102 15/986/104 18/984/104
f 15/986/48 13/1009/110 17/987/110
f 23/972/100 24/990/34 21/988/34
f 24/990/98 22/968/99 20/967/99
f 186/991/113 182/1003/113 189/992/111
f 61/1051/1 63/1000/1 17/994/1
f 185/995/1 70/1037/1 69/1052/1
f 185/995/1 69/1052/1 62/1053/1
f 59/1054/1 61/1051/1 17/994/1
f 58/1055/1 59/1054/1 17/994/1
f 185/995/1 62/1053/1 60/996/1
f 60/996/1 58/1055/1 17/994/1
f 65/1001/1 64/998/1 18/997/1
f 18/997/1 17/994/1 63/1000/1
f 186/991/113 187/1004/115 184/1002/115
f 187/1004/26 185/1056/114 183/1005/114
f 192/966/45 193/1008/103 190/1006/103
f 193/1008/109 191/993/111 189/992/111
f 183/1005/114 185/1056/114 17/987/110
f 94/1057/2 93/978/2 14/1010/2
f 14/1010/2 19/1015/2 96/1014/2
f 14/1010/2 96/1014/2 95/1011/2
f 97/1012/2 94/1057/2 14/1010/2
f 96/1014/2 21/1016/2 20/980/2
f 20/980/2 75/1046/2 98/1017/2
f 99/1018/2 96/1014/2 20/980/2
f 105/1021/2 102/1022/2 190/1019/2
f 190/1019/2 189/1058/2 106/1020/2
f 91/1059/2 106/1020/2 189/1058/2
f 189/1058/2 182/1060/2 184/1023/2
f 184/1023/2 183/1061/2 13/977/2
f 13/977/2 103/1044/2 85/1062/2
f 13/977/2 85/1062/2 83/1063/2
f 91/1059/2 189/1058/2 184/1023/2
f 90/1064/2 91/1059/2 184/1023/2
f 13/977/2 83/1063/2 81/1065/2
f 13/977/2 81/1065/2 80/1066/2
f 92/1067/2 90/1064/2 184/1023/2
f 88/1068/2 92/1067/2 184/1023/2
f 184/1023/2 13/977/2 80/1066/2
f 184/1023/2 80/1066/2 82/1069/2
f 89/1070/2 88/1068/2 184/1023/2
f 87/1071/2 89/1070/2 184/1023/2
f 184/1023/2 82/1069/2 84/1024/2
f 86/1025/2 87/1071/2 184/1023/2
f 46/1072/1 47/1029/1 192/1026/1
f 22/969/1 56/1039/1 53/1073/1
f 22/969/1 53/1073/1 48/1074/1
f 57/1075/1 46/1072/1 192/1026/1
f 49/1076/1 57/1075/1 192/1026/1
f 22/969/1 48/1074/1 54/1077/1
f 22/969/1 54/1077/1 51/1027/1
f 55/1078/1 49/1076/1 192/1026/1
f 52/1079/1 55/1078/1 192/1026/1
f 192/1026/1 22/969/1 51/1027/1
f 50/1028/1 52/1079/1 192/1026/1
f 71/1032/1 186/1034/1 191/1031/1
f 191/1031/1 47/1029/1 45/1080/1
f 191/1031/1 45/1080/1 44/1081/1
f 42/1036/295 71/1032/1 191/1031/1
f 191/1031/1 44/1081/1 43/1035/1
f 70/1037/1 185/995/1 187/1033/1
f 442/1082/239 513/1083/118 441/1084/118
f 470/399/131 495/1085/118 506/1086/222
f 505/1087/296 470/399/131 506/1086/222
f 466/402/133 505/1087/296 504/1088/106
f 464/404/136 504/1088/106 503/1089/225
f 462/405/135 503/1089/225 502/1090/226
f 460/410/140 502/1090/226 501/1091/95
f 458/411/139 501/1091/95 500/1092/237
f 499/1093/229 458/411/139 500/1092/237
f 498/1094/107 456/413/142 499/1093/229
f 452/416/144 498/1094/107 497/1095/238
f 450/417/143 497/1095/238 496/1096/297
f 447/398/132 496/1097/297 495/1085/118
f 435/1098/1 496/1099/1 436/1100/1
f 436/1100/1 497/1101/1 437/1102/1
f 437/1102/1 498/1103/1 438/1104/1
f 439/1105/1 498/1103/1 499/1106/1
f 439/1105/1 500/1107/1 440/1108/1
f 441/1109/1 500/1107/1 501/1110/1
f 441/1109/1 502/1111/1 442/1112/1
f 443/1113/1 502/1111/1 503/1114/1
f 443/1113/1 504/1115/1 444/1116/1
f 444/1116/1 505/1117/1 445/1118/1
f 445/1118/1 506/1119/1 446/1120/1
f 435/1098/1 506/1119/1 495/1121/1
f 510/1122/1 514/1123/1 518/1124/1
f 439/1125/236 510/1126/106 438/1127/106
f 446/1128/237 517/1129/229 445/1130/229
f 436/1131/226 507/1132/95 435/1133/95
f 443/1134/238 514/1135/297 442/1082/239
f 439/1125/236 512/1136/222 511/1137/236
f 435/1133/95 518/1138/237 446/1128/237
f 437/1139/225 508/1140/298 436/1141/226
f 444/1142/107 515/1143/238 443/1134/238
f 441/1084/118 512/1136/222 440/1144/222
f 438/1127/106 509/1145/225 437/1139/225
f 445/1130/229 516/1146/107 444/1142/107
f 808/1147/118 820/1148/239 809/1149/118
f 807/1150/239 821/387/238 820/860/239
f 810/1151/238 822/1152/107 821/387/238
f 811/1153/107 823/1154/229 822/1152/107
f 823/1154/229 813/1155/237 824/1156/237
f 813/1155/237 825/1157/95 824/1156/237
f 814/1158/95 826/1159/226 825/1157/95
f 815/1160/226 827/1161/225 826/1159/226
f 816/1162/225 828/1163/106 827/1161/225
f 817/1164/106 829/1165/296 828/1163/106
f 818/1166/2 814/1167/2 810/1151/2
f 818/1168/296 830/1169/222 829/1165/296
f 819/1170/222 809/1149/118 830/1169/222
f 442/1082/239 514/1135/297 513/1083/118
f 470/399/131 447/398/132 495/1085/118
f 505/1087/296 468/401/134 470/399/131
f 466/402/133 468/401/134 505/1087/296
f 464/404/136 466/402/133 504/1088/106
f 462/405/135 464/404/136 503/1089/225
f 460/410/140 462/405/135 502/1090/226
f 458/411/139 460/410/140 501/1091/95
f 499/1093/229 456/413/142 458/411/139
f 498/1094/107 454/414/141 456/413/142
f 452/416/144 454/414/141 498/1094/107
f 450/417/143 452/416/144 497/1095/238
f 447/398/132 450/1171/143 496/1097/297
f 435/1098/1 495/1121/1 496/1099/1
f 436/1100/1 496/1099/1 497/1101/1
f 437/1102/1 497/1101/1 498/1103/1
f 439/1105/1 438/1104/1 498/1103/1
f 439/1105/1 499/1106/1 500/1107/1
f 441/1109/1 440/1108/1 500/1107/1
f 441/1109/1 501/1110/1 502/1111/1
f 443/1113/1 442/1112/1 502/1111/1
f 443/1113/1 503/1114/1 504/1115/1
f 444/1116/1 504/1115/1 505/1117/1
f 445/1118/1 505/1117/1 506/1119/1
f 435/1098/1 446/1120/1 506/1119/1
f 518/1124/1 507/1172/1 508/1173/1
f 508/1173/1 509/1174/1 510/1122/1
f 510/1122/1 511/1175/1 512/1176/1
f 512/1176/1 513/1177/1 514/1123/1
f 514/1123/1 515/1178/1 516/1179/1
f 516/1179/1 517/1180/1 518/1124/1
f 518/1124/1 508/1173/1 510/1122/1
f 510/1122/1 512/1176/1 514/1123/1
f 514/1123/1 516/1179/1 518/1124/1
f 439/1125/236 511/1137/236 510/1126/106
f 446/1128/237 518/1138/237 517/1129/229
f 436/1131/226 508/1181/298 507/1132/95
f 443/1134/238 515/1143/238 514/1135/297
f 439/1125/236 440/1144/222 512/1136/222
f 435/1133/95 507/1132/95 518/1138/237
f 437/1139/225 509/1145/225 508/1140/298
f 444/1142/107 516/1146/107 515/1143/238
f 441/1084/118 513/1083/118 512/1136/222
f 438/1127/106 510/1126/106 509/1145/225
f 445/1130/229 517/1129/229 516/1146/107
f 808/1147/118 807/1182/239 820/1148/239
f 807/1150/239 810/1151/238 821/387/238
f 810/1151/238 811/1153/107 822/1152/107
f 811/1153/107 812/1183/229 823/1154/229
f 823/1154/229 812/1183/229 813/1155/237
f 813/1155/237 814/1158/95 825/1157/95
f 814/1158/95 815/1160/226 826/1159/226
f 815/1160/226 816/1162/225 827/1161/225
f 816/1162/225 817/1164/106 828/1163/106
f 817/1164/106 818/1168/296 829/1165/296
f 810/1151/2 807/1150/2 808/1184/2
f 808/1184/2 819/1185/2 818/1166/2
f 818/1166/2 817/1186/2 816/1187/2
f 816/1187/2 815/1188/2 814/1167/2
f 814/1167/2 813/1189/2 812/1190/2
f 812/1190/2 811/1191/2 810/1151/2
f 810/1151/2 808/1184/2 818/1166/2
f 818/1166/2 816/1187/2 814/1167/2
f 814/1167/2 812/1190/2 810/1151/2
f 818/1168/296 819/1170/222 830/1169/222
f 819/1170/222 808/1147/118 809/1149/118
usemtl SpacialRoverExplorerwheels
f 894/1192/2 402/1193/299 372/1194/300
f 893/1195/2 401/1196/301 402/1193/299
f 892/1197/2 400/1198/302 401/1196/301
f 891/1199/2 399/1200/303 400/1198/302
f 890/1201/2 398/1202/304 399/1200/303
f 889/1203/2 397/1204/304 398/1202/304
f 888/1205/2 396/1206/305 397/1204/304
f 887/1207/2 395/1208/306 396/1206/305
f 886/1209/2 394/1210/307 395/1208/306
f 885/1211/2 393/1212/307 394/1210/307
f 884/1213/2 392/1214/308 393/1212/307
f 883/1215/2 391/1216/308 392/1214/308
f 882/1217/2 390/1218/309 391/1219/308
f 880/1220/2 390/1218/309 881/1221/2
f 879/1222/2 389/1223/309 880/1220/2
f 878/1224/2 388/1225/310 879/1222/2
f 877/1226/2 387/1227/310 878/1224/2
f 876/1228/2 386/1229/311 877/1226/2
f 875/1230/2 385/1231/311 876/1228/2
f 874/1232/2 384/1233/312 875/1230/2
f 873/1234/2 383/1235/313 874/1232/2
f 872/1236/2 382/1237/314 873/1234/2
f 871/1238/2 381/1239/314 872/1236/2
f 870/1240/2 380/1241/315 871/1238/2
f 869/1242/2 379/1243/316 870/1240/2
f 868/1244/2 378/1245/317 869/1242/2
f 867/1246/2 377/1247/318 868/1244/2
f 866/1248/2 376/1249/319 867/1246/2
f 865/1250/2 375/1251/319 866/1252/2
f 865/1250/2 373/1253/320 374/1254/320
f 864/1255/2 371/1256/300 373/1253/320
f 863/1257/2 372/1194/300 371/1256/300
f 832/1258/1 425/1259/321 831/1260/1
f 833/1261/1 413/1262/322 412/1263/323
f 835/1264/1 426/1265/321 832/1258/1
f 834/1266/1 414/1267/324 413/1262/322
f 837/1268/1 427/1269/325 835/1264/1
f 836/1270/1 415/1271/326 414/1267/324
f 839/1272/1 428/1273/327 837/1268/1
f 838/1274/1 416/1275/326 415/1271/326
f 841/1276/1 429/1277/328 839/1272/1
f 840/1278/1 417/1279/329 416/1275/326
f 844/1280/1 403/1281/330 843/1282/1
f 845/1283/1 430/1284/331 841/1276/1
f 842/1285/1 418/1286/329 417/1279/329
f 847/1287/1 404/1288/332 844/1280/1
f 848/1289/1 431/1290/333 845/1283/1
f 849/1291/1 418/1286/329 846/1292/1
f 850/1293/1 405/1294/334 847/1287/1
f 851/1295/1 432/1296/335 848/1289/1
f 852/1297/1 419/1298/336 849/1291/1
f 853/1299/1 406/1300/334 850/1293/1
f 854/1301/1 433/1302/337 851/1295/1
f 855/1303/1 420/1304/336 852/1297/1
f 853/1305/1 408/1306/338 407/1307/338
f 843/1282/1 434/1308/337 854/1301/1
f 857/1309/1 421/1310/339 855/1303/1
f 856/1311/1 409/1312/340 408/1306/338
f 859/1313/1 422/1314/339 857/1309/1
f 858/1315/1 410/1316/340 409/1312/340
f 861/1317/1 423/1318/341 859/1319/1
f 860/1320/1 411/1321/323 410/1316/340
f 831/1260/1 424/1322/342 861/1317/1
f 862/1323/1 412/1263/323 411/1321/323
f 520/1324/343 429/1277/344 522/1325/345
f 524/1326/346 433/1302/347 526/1327/348
f 526/1327/349 718/1328/350 525/1329/351
f 530/1330/352 431/1290/353 528/1331/354
f 577/1332/355 620/1333/356 744/1334/357
f 525/1329/351 619/1335/358 401/1196/359
f 392/1214/308 629/1336/360 630/1337/361
f 576/1338/362 743/1339/363 711/1340/362
f 433/1302/337 681/1341/364 682/1342/364
f 544/1343/365 423/1344/366 538/1345/367
f 540/1346/368 425/1259/369 534/1347/370
f 536/1348/371 427/1269/372 532/1349/373
f 524/1326/374 717/1350/375 685/1351/374
f 575/1352/363 648/1353/376 743/1339/363
f 418/1286/377 546/1354/378 552/1355/379
f 420/1304/380 542/1356/381 548/1357/382
f 523/1358/383 622/1359/384 717/1350/375
f 394/1210/307 627/1360/385 628/1361/385
f 414/1267/386 554/1362/387 560/1363/388
f 416/1275/389 550/1364/390 556/1365/391
f 574/1366/392 742/1367/393 573/1368/394
f 431/1290/333 679/1369/395 680/1370/396
f 522/1325/397 716/1371/398 521/1372/399
f 573/1368/394 647/1373/400 373/1253/400
f 406/1300/401 570/1374/402 576/1338/403
f 408/1306/404 566/1375/405 572/1376/406
f 410/1316/407 562/1377/408 568/1378/409
f 412/1263/410 558/1379/411 564/1380/412
f 578/1381/413 403/1281/414 580/1382/415
f 521/1372/399 623/1383/416 397/1204/417
f 582/1384/418 405/1294/419 574/1366/420
f 396/1206/305 625/1385/421 626/1386/421
f 572/1376/422 741/1387/423 709/1388/422
f 429/1277/328 677/1389/424 678/1390/424
f 371/1256/425 573/1368/426 373/1253/425
f 581/1391/427 574/1366/420 573/1368/426
f 520/1324/428 715/1392/429 683/1393/428
f 571/1394/430 646/1395/431 741/1387/423
f 402/1193/432 579/1396/433 372/1194/432
f 577/1332/434 580/1382/415 579/1396/433
f 563/1397/435 381/1239/436 380/1241/436
f 564/1380/412 557/1398/437 563/1397/435
f 567/1399/438 379/1243/439 378/1245/439
f 568/1378/409 561/1400/440 567/1399/438
f 571/1394/441 377/1247/442 376/1249/442
f 572/1376/406 565/1401/443 571/1394/441
f 575/1352/444 375/1251/445 374/1254/445
f 576/1338/403 569/1402/446 575/1352/444
f 519/1403/447 626/1386/448 715/1392/429
f 398/1202/304 623/1383/449 624/1404/449
f 570/1405/450 740/1406/451 569/1407/452
f 427/1269/325 675/1408/453 676/1409/453
f 582/1384/454 651/1410/455 404/1288/456
f 569/1407/452 645/1411/457 375/1412/458
f 580/1382/459 652/1413/460 713/1414/459
f 400/1198/302 621/1415/461 622/1359/461
f 555/1416/462 385/1231/463 384/1233/464
f 556/1365/391 549/1417/465 555/1416/462
f 559/1418/466 383/1235/467 382/1237/467
f 560/1363/388 553/1419/468 559/1418/466
f 568/1378/469 739/1420/470 707/1421/471
f 425/1259/321 673/1422/472 674/1423/472
f 578/1381/473 681/1341/474 434/1308/475
f 567/1399/476 644/1424/477 739/1420/470
f 547/1425/478 389/1223/479 388/1225/479
f 548/1357/382 541/1426/480 547/1425/478
f 551/1427/481 387/1227/482 386/1229/482
f 552/1355/379 545/1428/483 551/1427/481
f 576/1338/362 653/1429/484 406/1300/484
f 402/1193/299 619/1335/485 620/1333/485
f 566/1375/486 738/1430/487 565/1401/488
f 423/1318/341 671/1431/489 672/1432/489
f 394/1210/490 531/1433/491 395/1208/490
f 535/1434/492 532/1349/373 531/1433/491
f 392/1214/493 533/1435/494 393/1212/493
f 539/1436/495 534/1347/370 533/1435/494
f 390/1218/496 537/1437/497 391/1219/496
f 543/1438/498 538/1345/367 537/1437/497
f 574/1366/392 654/1439/499 710/1440/392
f 565/1401/488 643/1441/500 377/1247/501
f 572/1376/422 655/1442/502 408/1306/503
f 564/1380/504 737/1443/505 705/1444/504
f 421/1310/339 669/1445/506 670/1446/506
f 570/1405/450 656/1447/507 708/1448/450
f 563/1397/508 642/1449/509 737/1443/505
f 568/1378/469 657/1450/510 410/1316/511
f 562/1377/512 736/1451/513 561/1400/514
f 420/1304/336 668/1452/515 419/1298/336
f 398/1202/516 527/1453/517 399/1200/516
f 529/1454/518 528/1331/354 527/1453/517
f 566/1375/486 658/1455/519 706/1456/486
f 561/1400/514 641/1457/520 379/1243/521
f 400/1198/522 525/1329/523 401/1196/522
f 523/1358/524 526/1327/348 525/1329/523
f 396/1206/525 521/1372/526 397/1204/525
f 519/1403/527 522/1325/345 521/1372/526
f 687/1458/528 679/1369/529 685/1351/530
f 684/1459/531 677/1389/532 688/1460/533
f 689/1461/534 675/1408/535 683/1393/536
f 690/1462/537 673/1422/538 691/1463/539
f 692/1464/540 671/1431/541 693/1465/542
f 694/1466/543 669/1445/544 695/1467/543
f 668/1452/545 697/1468/546 696/1469/547
f 666/1470/548 699/1471/549 698/1472/550
f 664/1473/551 701/1474/552 700/1475/553
f 662/1476/554 703/1477/555 702/1478/556
f 660/1479/557 705/1444/558 704/1480/559
f 658/1455/560 707/1421/561 706/1456/562
f 656/1447/563 709/1388/564 708/1448/565
f 654/1439/566 711/1340/567 710/1440/567
f 713/1414/568 651/1410/569 714/1481/570
f 686/1482/571 681/1341/572 712/1483/573
f 619/1335/574 744/1334/575 620/1333/574
f 718/1328/576 712/1483/573 744/1334/575
f 649/1484/577 746/1485/578 650/1486/577
f 745/1487/579 714/1481/570 746/1485/578
f 742/1367/580 648/1353/581 647/1373/581
f 710/1440/567 743/1339/580 742/1367/580
f 740/1406/582 646/1395/583 645/1411/583
f 708/1448/565 741/1387/584 740/1406/582
f 738/1430/585 644/1424/586 643/1441/586
f 706/1456/562 739/1420/587 738/1430/585
f 736/1451/588 642/1449/589 641/1457/589
f 704/1480/559 737/1443/590 736/1451/588
f 734/1488/591 640/1489/592 639/1490/593
f 702/1478/556 735/1491/594 734/1488/591
f 732/1492/595 638/1493/596 637/1494/596
f 700/1475/553 733/1495/597 732/1492/595
f 730/1496/598 636/1497/599 635/1498/599
f 698/1472/550 731/1499/600 730/1496/598
f 728/1500/601 634/1501/602 633/1502/602
f 696/1469/547 729/1503/603 728/1500/601
f 631/1504/604 727/1505/605 632/1506/604
f 694/1466/543 727/1505/605 726/1507/605
f 629/1336/606 725/1508/607 630/1337/606
f 724/1509/608 693/1465/542 725/1508/607
f 627/1360/609 723/1510/610 628/1361/611
f 722/1511/612 691/1463/539 723/1510/610
f 625/1385/613 715/1392/614 626/1386/613
f 721/1512/615 683/1393/536 715/1392/614
f 623/1383/616 720/1513/617 624/1404/616
f 716/1371/618 688/1460/533 720/1513/617
f 621/1415/619 717/1350/620 622/1359/619
f 719/1514/621 685/1351/530 717/1350/620
f 578/1381/473 744/1334/357 712/1483/473
f 389/1223/309 632/1506/622 390/1218/309
f 527/1453/623 621/1415/624 399/1200/625
f 579/1396/626 649/1484/627 372/1194/628
f 528/1331/629 719/1514/630 527/1453/623
f 580/1382/459 745/1487/631 579/1396/626
f 387/1227/310 634/1501/632 388/1225/310
f 529/1454/633 624/1404/634 720/1513/635
f 581/1391/636 650/1486/637 746/1485/638
f 530/1330/639 720/1513/635 688/1460/639
f 582/1384/454 746/1485/638 714/1481/454
f 385/1231/311 636/1497/640 386/1229/311
f 531/1433/641 625/1385/642 395/1208/643
f 532/1349/644 721/1512/645 531/1433/641
f 383/1235/313 638/1493/646 384/1233/312
f 533/1435/647 627/1360/648 393/1212/649
f 534/1347/650 722/1511/651 533/1435/647
f 381/1239/314 640/1489/652 382/1237/314
f 535/1434/653 628/1361/654 723/1510/655
f 536/1348/656 723/1510/655 691/1463/656
f 379/1243/316 642/1449/657 380/1241/315
f 537/1515/658 629/1336/659 391/1216/659
f 538/1516/660 724/1509/658 537/1515/658
f 520/1324/428 675/1408/661 428/1273/662
f 377/1247/318 644/1424/663 378/1245/317
f 539/1436/664 630/1337/665 725/1508/666
f 522/1325/397 678/1390/667 684/1459/397
f 540/1346/668 725/1508/666 693/1465/668
f 524/1326/374 679/1369/669 432/1296/670
f 375/1412/319 646/1395/671 376/1249/319
f 541/1426/672 631/1504/673 389/1223/673
f 526/1327/349 682/1342/674 686/1482/675
f 542/1356/676 726/1507/672 541/1426/672
f 528/1331/629 680/1370/677 687/1458/678
f 374/1254/320 647/1373/679 648/1353/679
f 543/1438/680 632/1506/681 727/1505/682
f 530/1330/639 677/1389/683 430/1284/684
f 544/1343/685 727/1505/682 695/1467/685
f 532/1349/644 676/1409/686 689/1461/644
f 371/1256/300 649/1484/687 650/1486/687
f 545/1428/688 633/1502/689 387/1227/690
f 534/1347/650 674/1423/691 690/1462/650
f 403/1281/330 651/1410/692 652/1413/692
f 546/1354/693 728/1500/694 545/1428/688
f 536/1348/656 673/1422/695 426/1265/696
f 547/1425/697 634/1501/698 729/1503/699
f 538/1516/660 672/1432/700 692/1464/701
f 406/1300/334 654/1439/702 405/1294/334
f 548/1357/703 729/1503/699 697/1468/704
f 540/1346/668 671/1431/705 424/1322/706
f 549/1417/707 635/1498/708 385/1231/709
f 542/1356/676 670/1446/710 694/1466/676
f 408/1306/338 656/1447/711 407/1307/338
f 550/1364/712 730/1496/713 549/1417/707
f 544/1343/685 669/1445/714 422/1314/715
f 551/1427/716 636/1497/717 731/1499/718
f 546/1354/693 668/1452/719 696/1469/693
f 410/1316/340 658/1455/720 409/1312/340
f 552/1355/721 731/1499/718 699/1471/721
f 548/1357/703 667/1517/722 420/1304/723
f 553/1419/724 637/1494/725 383/1235/726
f 550/1364/712 666/1470/727 698/1472/712
f 412/1263/323 660/1479/728 411/1321/323
f 554/1362/729 732/1492/730 553/1419/724
f 552/1355/721 665/1518/731 418/1286/732
f 555/1416/733 638/1493/734 733/1495/735
f 554/1362/729 664/1473/736 700/1475/729
f 414/1267/324 662/1476/737 413/1262/322
f 556/1365/738 733/1495/735 701/1474/739
f 556/1365/738 663/1519/740 416/1275/741
f 557/1398/742 639/1490/743 381/1239/744
f 558/1379/745 662/1476/746 702/1478/745
f 416/1275/326 664/1473/747 415/1271/326
f 558/1379/745 734/1488/748 557/1398/742
f 560/1363/749 661/1520/750 414/1267/751
f 559/1418/752 640/1489/753 735/1491/754
f 562/1377/512 660/1479/755 704/1480/512
f 418/1286/329 666/1470/756 417/1279/329
f 560/1363/749 735/1491/754 703/1477/757
f 564/1380/504 659/1521/758 412/1263/759
f 894/1192/2 893/1195/2 402/1193/299
f 893/1195/2 892/1197/2 401/1196/301
f 892/1197/2 891/1199/2 400/1198/302
f 891/1199/2 890/1201/2 399/1200/303
f 890/1201/2 889/1203/2 398/1202/304
f 889/1203/2 888/1205/2 397/1204/304
f 888/1205/2 887/1207/2 396/1206/305
f 887/1207/2 886/1209/2 395/1208/306
f 886/1209/2 885/1211/2 394/1210/307
f 885/1211/2 884/1213/2 393/1212/307
f 884/1213/2 883/1215/2 392/1214/308
f 883/1215/2 882/1522/2 391/1216/308
f 882/1217/2 881/1221/2 390/1218/309
f 880/1220/2 389/1223/309 390/1218/309
f 879/1222/2 388/1225/310 389/1223/309
f 878/1224/2 387/1227/310 388/1225/310
f 877/1226/2 386/1229/311 387/1227/310
f 876/1228/2 385/1231/311 386/1229/311
f 875/1230/2 384/1233/312 385/1231/311
f 874/1232/2 383/1235/313 384/1233/312
f 873/1234/2 382/1237/314 383/1235/313
f 872/1236/2 381/1239/314 382/1237/314
f 871/1238/2 380/1241/315 381/1239/314
f 870/1240/2 379/1243/316 380/1241/315
f 869/1242/2 378/1245/317 379/1243/316
f 868/1244/2 377/1247/318 378/1245/317
f 867/1246/2 376/1249/319 377/1247/318
f 866/1248/2 375/1412/319 376/1249/319
f 865/1250/2 374/1254/320 375/1251/319
f 865/1250/2 864/1255/2 373/1253/320
f 864/1255/2 863/1257/2 371/1256/300
f 863/1257/2 894/1192/2 372/1194/300
f 832/1258/1 426/1265/321 425/1259/321
f 833/1261/1 834/1266/1 413/1262/322
f 835/1264/1 427/1269/325 426/1265/321
f 834/1266/1 836/1270/1 414/1267/324
f 837/1268/1 428/1273/327 427/1269/325
f 836/1270/1 838/1274/1 415/1271/326
f 839/1272/1 429/1277/328 428/1273/327
f 838/1274/1 840/1278/1 416/1275/326
f 841/1276/1 430/1284/331 429/1277/328
f 840/1278/1 842/1285/1 417/1279/329
f 844/1280/1 404/1288/332 403/1281/330
f 845/1283/1 431/1290/333 430/1284/331
f 842/1285/1 846/1292/1 418/1286/329
f 847/1287/1 405/1294/334 404/1288/332
f 848/1289/1 432/1296/335 431/1290/333
f 849/1291/1 419/1298/336 418/1286/329
f 850/1293/1 406/1300/334 405/1294/334
f 851/1295/1 433/1302/337 432/1296/335
f 852/1297/1 420/1304/336 419/1298/336
f 853/1299/1 407/1523/338 406/1300/334
f 854/1301/1 434/1308/337 433/1302/337
f 855/1303/1 421/1310/339 420/1304/336
f 853/1305/1 856/1311/1 408/1306/338
f 843/1282/1 403/1281/330 434/1308/337
f 857/1309/1 422/1314/339 421/1310/339
f 856/1311/1 858/1315/1 409/1312/340
f 859/1313/1 423/1344/341 422/1314/339
f 858/1315/1 860/1320/1 410/1316/340
f 861/1317/1 424/1322/342 423/1318/341
f 860/1320/1 862/1323/1 411/1321/323
f 831/1260/1 425/1259/321 424/1322/342
f 862/1323/1 833/1261/1 412/1263/323
f 520/1324/343 428/1273/344 429/1277/344
f 524/1326/346 432/1296/347 433/1302/347
f 526/1327/349 686/1482/675 718/1328/350
f 530/1330/352 430/1284/353 431/1290/353
f 577/1332/355 402/1193/760 620/1333/356
f 525/1329/351 718/1328/350 619/1335/358
f 392/1214/308 391/1216/308 629/1336/360
f 576/1338/362 575/1352/363 743/1339/363
f 433/1302/337 434/1308/337 681/1341/364
f 544/1343/365 422/1314/366 423/1344/366
f 540/1346/368 424/1322/369 425/1259/369
f 536/1348/371 426/1265/372 427/1269/372
f 524/1326/374 523/1358/383 717/1350/375
f 575/1352/363 374/1254/376 648/1353/376
f 418/1286/377 419/1298/377 546/1354/378
f 420/1304/380 421/1310/380 542/1356/381
f 523/1358/383 400/1198/761 622/1359/384
f 394/1210/307 393/1212/307 627/1360/385
f 414/1267/386 415/1271/386 554/1362/387
f 416/1275/389 417/1279/389 550/1364/390
f 574/1366/392 710/1440/392 742/1367/393
f 431/1290/333 432/1296/335 679/1369/395
f 522/1325/397 684/1459/397 716/1371/398
f 573/1368/394 742/1367/393 647/1373/400
f 406/1300/401 407/1523/401 570/1374/402
f 408/1306/404 409/1312/404 566/1375/405
f 410/1316/407 411/1321/407 562/1377/408
f 412/1263/410 413/1262/410 558/1379/411
f 578/1381/413 434/1308/414 403/1281/414
f 521/1372/399 716/1371/398 623/1383/416
f 582/1384/418 404/1288/419 405/1294/419
f 396/1206/305 395/1208/306 625/1385/421
f 572/1376/422 571/1394/430 741/1387/423
f 429/1277/328 430/1284/331 677/1389/424
f 371/1256/425 581/1391/427 573/1368/426
f 581/1391/427 582/1384/418 574/1366/420
f 520/1324/428 519/1403/447 715/1392/429
f 571/1394/430 376/1249/762 646/1395/431
f 402/1193/432 577/1332/434 579/1396/433
f 577/1332/434 578/1381/413 580/1382/415
f 563/1397/435 557/1398/437 381/1239/436
f 564/1380/412 558/1379/411 557/1398/437
f 567/1399/438 561/1400/440 379/1243/439
f 568/1378/409 562/1377/408 561/1400/440
f 571/1394/441 565/1401/443 377/1247/442
f 572/1376/406 566/1375/405 565/1401/443
f 575/1352/444 569/1402/446 375/1251/445
f 576/1338/403 570/1374/402 569/1402/446
f 519/1403/447 396/1206/763 626/1386/448
f 398/1202/304 397/1204/304 623/1383/449
f 570/1405/450 708/1448/450 740/1406/451
f 427/1269/325 428/1273/327 675/1408/453
f 582/1384/454 714/1481/454 651/1410/455
f 569/1407/452 740/1406/451 645/1411/457
f 580/1382/459 403/1281/764 652/1413/460
f 400/1198/302 399/1200/303 621/1415/461
f 555/1416/462 549/1417/465 385/1231/463
f 556/1365/391 550/1364/390 549/1417/465
f 559/1418/466 553/1419/468 383/1235/467
f 560/1363/388 554/1362/387 553/1419/468
f 568/1378/469 567/1399/476 739/1420/470
f 425/1259/321 426/1265/321 673/1422/472
f 578/1381/473 712/1483/473 681/1341/474
f 567/1399/476 378/1245/765 644/1424/477
f 547/1425/478 541/1426/480 389/1223/479
f 548/1357/382 542/1356/381 541/1426/480
f 551/1427/481 545/1428/483 387/1227/482
f 552/1355/379 546/1354/378 545/1428/483
f 576/1338/362 711/1340/362 653/1429/484
f 402/1193/299 401/1196/301 619/1335/485
f 566/1375/486 706/1456/486 738/1430/487
f 423/1318/341 424/1322/342 671/1431/489
f 394/1210/490 535/1434/492 531/1433/491
f 535/1434/492 536/1348/371 532/1349/373
f 392/1214/493 539/1436/495 533/1435/494
f 539/1436/495 540/1346/368 534/1347/370
f 390/1218/496 543/1438/498 537/1437/497
f 543/1438/498 544/1343/365 538/1345/367
f 574/1366/392 405/1294/499 654/1439/499
f 565/1401/488 738/1430/487 643/1441/500
f 572/1376/422 709/1388/422 655/1442/502
f 564/1380/504 563/1397/508 737/1443/505
f 421/1310/339 422/1314/339 669/1445/506
f 570/1405/450 407/1307/507 656/1447/507
f 563/1397/508 380/1241/766 642/1449/509
f 568/1378/469 707/1421/471 657/1450/510
f 562/1377/512 704/1480/512 736/1451/513
f 420/1304/336 667/1517/515 668/1452/515
f 398/1202/516 529/1454/518 527/1453/517
f 529/1454/518 530/1330/352 528/1331/354
f 566/1375/486 409/1312/767 658/1455/519
f 561/1400/514 736/1451/513 641/1457/520
f 400/1198/522 523/1358/524 525/1329/523
f 523/1358/524 524/1326/346 526/1327/348
f 396/1206/525 519/1403/527 521/1372/526
f 519/1403/527 520/1324/343 522/1325/345
f 687/1458/528 680/1370/529 679/1369/529
f 684/1459/531 678/1390/532 677/1389/532
f 689/1461/534 676/1409/535 675/1408/535
f 690/1462/537 674/1423/538 673/1422/538
f 692/1464/540 672/1432/541 671/1431/541
f 694/1466/543 670/1446/544 669/1445/544
f 668/1452/545 667/1517/545 697/1468/546
f 666/1470/548 665/1518/548 699/1471/549
f 664/1473/551 663/1519/551 701/1474/552
f 662/1476/554 661/1520/554 703/1477/555
f 660/1479/557 659/1521/557 705/1444/558
f 658/1455/560 657/1450/560 707/1421/561
f 656/1447/563 655/1442/563 709/1388/564
f 654/1439/566 653/1429/566 711/1340/567
f 713/1414/568 652/1413/569 651/1410/569
f 686/1482/571 682/1342/572 681/1341/572
f 619/1335/574 718/1328/576 744/1334/575
f 718/1328/576 686/1482/571 712/1483/573
f 649/1484/577 745/1487/579 746/1485/578
f 745/1487/579 713/1414/568 714/1481/570
f 742/1367/580 743/1339/580 648/1353/581
f 710/1440/567 711/1340/567 743/1339/580
f 740/1406/582 741/1387/584 646/1395/583
f 708/1448/565 709/1388/564 741/1387/584
f 738/1430/585 739/1420/587 644/1424/586
f 706/1456/562 707/1421/561 739/1420/587
f 736/1451/588 737/1443/590 642/1449/589
f 704/1480/559 705/1444/558 737/1443/590
f 734/1488/591 735/1491/594 640/1489/592
f 702/1478/556 703/1477/555 735/1491/594
f 732/1492/595 733/1495/597 638/1493/596
f 700/1475/553 701/1474/552 733/1495/597
f 730/1496/598 731/1499/600 636/1497/599
f 698/1472/550 699/1471/549 731/1499/600
f 728/1500/601 729/1503/603 634/1501/602
f 696/1469/547 697/1468/546 729/1503/603
f 631/1504/604 726/1507/605 727/1505/605
f 694/1466/543 695/1467/543 727/1505/605
f 629/1336/606 724/1509/608 725/1508/607
f 724/1509/608 692/1464/540 693/1465/542
f 627/1360/609 722/1511/612 723/1510/610
f 722/1511/612 690/1462/537 691/1463/539
f 625/1385/613 721/1512/615 715/1392/614
f 721/1512/615 689/1461/534 683/1393/536
f 623/1383/616 716/1371/618 720/1513/617
f 716/1371/618 684/1459/531 688/1460/533
f 621/1415/619 719/1514/621 717/1350/620
f 719/1514/621 687/1458/528 685/1351/530
f 578/1381/473 577/1332/355 744/1334/357
f 389/1223/309 631/1504/622 632/1506/622
f 527/1453/623 719/1514/630 621/1415/624
f 579/1396/626 745/1487/631 649/1484/627
f 528/1331/629 687/1458/678 719/1514/630
f 580/1382/459 713/1414/459 745/1487/631
f 387/1227/310 633/1502/632 634/1501/632
f 529/1454/633 398/1202/768 624/1404/634
f 581/1391/636 371/1256/769 650/1486/637
f 530/1330/639 529/1454/633 720/1513/635
f 582/1384/454 581/1391/636 746/1485/638
f 385/1231/311 635/1498/640 636/1497/640
f 531/1433/641 721/1512/645 625/1385/642
f 532/1349/644 689/1461/644 721/1512/645
f 383/1235/313 637/1494/646 638/1493/646
f 533/1435/647 722/1511/651 627/1360/648
f 534/1347/650 690/1462/650 722/1511/651
f 381/1239/314 639/1490/652 640/1489/652
f 535/1434/653 394/1210/770 628/1361/654
f 536/1348/656 535/1434/653 723/1510/655
f 379/1243/316 641/1457/657 642/1449/657
f 537/1515/658 724/1509/658 629/1336/659
f 538/1516/660 692/1464/701 724/1509/658
f 520/1324/428 683/1393/428 675/1408/661
f 377/1247/318 643/1441/663 644/1424/663
f 539/1436/664 392/1214/771 630/1337/665
f 522/1325/397 429/1277/772 678/1390/667
f 540/1346/668 539/1436/664 725/1508/666
f 524/1326/374 685/1351/374 679/1369/669
f 375/1412/319 645/1411/671 646/1395/671
f 541/1426/672 726/1507/672 631/1504/673
f 526/1327/349 433/1302/773 682/1342/674
f 542/1356/676 694/1466/676 726/1507/672
f 528/1331/629 431/1290/774 680/1370/677
f 374/1254/320 373/1253/320 647/1373/679
f 543/1438/680 390/1218/681 632/1506/681
f 530/1330/639 688/1460/639 677/1389/683
f 544/1343/685 543/1438/680 727/1505/682
f 532/1349/644 427/1269/775 676/1409/686
f 371/1256/300 372/1194/300 649/1484/687
f 545/1428/688 728/1500/694 633/1502/689
f 534/1347/650 425/1259/776 674/1423/691
f 403/1281/330 404/1288/332 651/1410/692
f 546/1354/693 696/1469/693 728/1500/694
f 536/1348/656 691/1463/656 673/1422/695
f 547/1425/697 388/1225/777 634/1501/698
f 538/1516/660 423/1318/778 672/1432/700
f 406/1300/334 653/1429/779 654/1439/702
f 548/1357/703 547/1425/697 729/1503/699
f 540/1346/668 693/1465/668 671/1431/705
f 549/1417/707 730/1496/713 635/1498/708
f 542/1356/676 421/1310/710 670/1446/710
f 408/1306/338 655/1442/711 656/1447/711
f 550/1364/712 698/1472/712 730/1496/713
f 544/1343/685 695/1467/685 669/1445/714
f 551/1427/716 386/1229/780 636/1497/717
f 546/1354/693 419/1298/781 668/1452/719
f 410/1316/340 657/1450/720 658/1455/720
f 552/1355/721 551/1427/716 731/1499/718
f 548/1357/703 697/1468/704 667/1517/722
f 553/1419/724 732/1492/730 637/1494/725
f 550/1364/712 417/1279/782 666/1470/727
f 412/1263/323 659/1521/728 660/1479/728
f 554/1362/729 700/1475/729 732/1492/730
f 552/1355/721 699/1471/721 665/1518/731
f 555/1416/733 384/1233/783 638/1493/734
f 554/1362/729 415/1271/784 664/1473/736
f 414/1267/324 661/1520/737 662/1476/737
f 556/1365/738 555/1416/733 733/1495/735
f 556/1365/738 701/1474/739 663/1519/740
f 557/1398/742 734/1488/748 639/1490/743
f 558/1379/745 413/1262/785 662/1476/746
f 416/1275/326 663/1519/747 664/1473/747
f 558/1379/745 702/1478/745 734/1488/748
f 560/1363/749 703/1477/757 661/1520/750
f 559/1418/752 382/1237/786 640/1489/753
f 562/1377/512 411/1321/787 660/1479/755
f 418/1286/329 665/1518/756 666/1470/756
f 560/1363/749 559/1418/752 735/1491/754
f 564/1380/504 705/1444/504 659/1521/758
