# Blender 5.2.0 LTS
# www.blender.org
mtllib Llanta_delantera_derecha.mtl
o Llanta_Frontal_Cerca
v 3.190311 -0.582443 -0.100379
v 3.214218 -0.520921 -0.072262
v 3.224120 -0.495437 -0.004379
v 3.214218 -0.520921 0.063503
v 3.190311 -0.582443 0.091621
v 3.166404 -0.643965 0.063503
v 3.156501 -0.669448 -0.004379
v 3.166404 -0.643965 -0.072262
v 3.263230 -0.634578 -0.119580
v 3.263231 -0.530897 -0.085838
v 3.218926 -0.508575 -0.085838
v 3.263231 -0.487952 -0.004379
v 3.230809 -0.477995 -0.004379
v 3.263231 -0.530897 0.077080
v 3.218926 -0.508575 0.077080
v 3.263230 -0.634578 0.110821
v 3.190238 -0.582402 0.110821
v 3.263231 -0.738259 0.077080
v 3.161550 -0.656229 0.077080
v 3.263231 -0.781203 -0.004379
v 3.149666 -0.686808 -0.004379
v 3.263231 -0.738259 -0.085838
v 3.161550 -0.656229 -0.085838
v 3.190238 -0.582402 -0.119580
v 3.487004 -0.919754 -0.343733
v 3.487004 -0.722316 -0.242870
v 3.574692 -0.919754 -0.332188
v 3.548587 -0.722316 -0.234762
v 3.656404 -0.919754 -0.298342
v 3.605973 -0.722316 -0.210992
v 3.726572 -0.919754 -0.244501
v 3.655251 -0.722316 -0.173180
v 3.780414 -0.919754 -0.174333
v 3.693064 -0.722316 -0.123901
v 3.814260 -0.919754 -0.092620
v 3.716834 -0.722316 -0.066515
v 3.825804 -0.919754 -0.004932
v 3.724941 -0.722316 -0.004932
v 3.814260 -0.919754 0.082755
v 3.716834 -0.722316 0.056650
v 3.780414 -0.919754 0.164467
v 3.693064 -0.722316 0.114036
v 3.726572 -0.919754 0.234635
v 3.655251 -0.722316 0.163314
v 3.656404 -0.919754 0.288477
v 3.605973 -0.722316 0.201127
v 3.574692 -0.919754 0.322323
v 3.548587 -0.722316 0.224897
v 3.487004 -0.919754 0.333867
v 3.487004 -0.722316 0.233005
v 3.399316 -0.919754 0.322323
v 3.425422 -0.722316 0.224897
v 3.317605 -0.919754 0.288477
v 3.368036 -0.722316 0.201127
v 3.247437 -0.919754 0.234635
v 3.318758 -0.722316 0.163314
v 3.193595 -0.919754 0.164467
v 3.261090 -0.722316 0.137830
v 3.159749 -0.919754 0.082755
v 3.261090 -0.722316 0.068967
v 3.148205 -0.919754 -0.004933
v 3.261090 -0.722316 -0.004933
v 3.159749 -0.919754 -0.092620
v 3.261090 -0.722316 -0.078832
v 3.193595 -0.919754 -0.174333
v 3.261090 -0.722316 -0.147695
v 3.247437 -0.919754 -0.244500
v 3.318758 -0.722316 -0.173180
v 3.317604 -0.919754 -0.298342
v 3.368036 -0.722316 -0.210992
v 3.399316 -0.919754 -0.332189
v 3.425422 -0.722316 -0.234762
v 3.487005 -1.009754 -0.242093
v 3.548386 -1.009754 -0.234012
v 3.605585 -1.009754 -0.210320
v 3.654702 -1.009754 -0.172630
v 3.692391 -1.009754 -0.123513
v 3.716084 -1.009754 -0.066314
v 3.724165 -1.009754 -0.004933
v 3.716084 -1.009754 0.056449
v 3.692391 -1.009754 0.113647
v 3.654702 -1.009754 0.162765
v 3.605585 -1.009754 0.200454
v 3.548386 -1.009754 0.224146
v 3.487005 -1.009754 0.232227
v 3.425623 -1.009754 0.224146
v 3.368425 -1.009754 0.200454
v 3.319307 -1.009754 0.162765
v 3.281618 -1.009754 0.113647
v 3.257926 -1.009754 0.056449
v 3.249845 -1.009754 -0.004933
v 3.257926 -1.009754 -0.066314
v 3.281618 -1.009754 -0.123513
v 3.319307 -1.009754 -0.172630
v 3.368425 -1.009754 -0.210320
v 3.425623 -1.009754 -0.234012
v 3.574692 -0.722316 -0.332188
v 3.487004 -0.722316 -0.343733
v 3.656404 -0.722316 -0.298342
v 3.726572 -0.722316 -0.244501
v 3.780414 -0.722316 -0.174333
v 3.814260 -0.722316 -0.092620
v 3.825804 -0.722316 -0.004932
v 3.814260 -0.722316 0.082755
v 3.780414 -0.722316 0.164467
v 3.726572 -0.722316 0.234635
v 3.656404 -0.722316 0.288477
v 3.574692 -0.722316 0.322323
v 3.487004 -0.722316 0.333867
v 3.399316 -0.722316 0.322323
v 3.317605 -0.722316 0.288477
v 3.247437 -0.722316 0.234635
v 3.193595 -0.722316 0.164467
v 3.159749 -0.722316 0.082755
v 3.148205 -0.722316 -0.004933
v 3.159749 -0.722316 -0.092620
v 3.193595 -0.722316 -0.174333
v 3.247437 -0.722316 -0.244500
v 3.317604 -0.722316 -0.298342
v 3.399316 -0.722316 -0.332189
v 3.531344 -0.392317 -0.170410
v 3.487004 -0.392317 -0.176248
v 3.572662 -0.392317 -0.153296
v 3.608143 -0.392317 -0.126071
v 3.635368 -0.392317 -0.090590
v 3.652482 -0.392317 -0.049272
v 3.658319 -0.392317 -0.004933
v 3.652482 -0.392317 0.039407
v 3.635368 -0.392317 0.080725
v 3.608143 -0.392317 0.116205
v 3.572662 -0.392317 0.143430
v 3.531344 -0.392317 0.160545
v 3.487004 -0.392317 0.166382
v 3.442665 -0.392317 0.160545
v 3.401347 -0.392317 0.143430
v 3.365867 -0.392317 0.116205
v 3.264346 -0.392317 0.097856
v 3.264346 -0.392317 0.048275
v 3.264346 -0.392317 -0.004933
v 3.264346 -0.392317 -0.058140
v 3.264346 -0.392317 -0.107721
v 3.365867 -0.392317 -0.126071
v 3.401347 -0.392317 -0.153296
v 3.442665 -0.392317 -0.170410
v 3.487004 -0.522316 -0.343733
v 3.487004 -0.522316 0.333867
v 3.399316 -0.522316 0.322323
v 3.317605 -0.522316 0.288477
v 3.399316 -0.522316 -0.332189
v 3.317604 -0.522316 -0.298342
v 3.487004 -0.522316 -0.242870
v 3.487004 -0.522316 0.233005
v 3.425422 -0.522316 0.224897
v 3.368036 -0.522316 0.201127
v 3.425422 -0.522316 -0.234762
v 3.368036 -0.522316 -0.210992
v 0.371802 0.177684 0.288477
v 0.371802 0.577684 0.288477
v 0.371802 0.177682 -0.210992
v 0.371802 0.177682 -0.298342
v 0.371802 0.577683 -0.210992
v 0.371802 0.577683 -0.298342
v 1.945616 -0.242316 -0.298342
v 1.945616 -0.042316 -0.298342
v 1.945616 -0.242316 -0.210992
v 1.945616 -0.042316 -0.210992
v 1.945616 -0.239316 0.201127
v 1.945616 -0.039316 0.201127
v 1.945616 -0.039316 0.288477
v 1.945616 -0.239316 0.288477
v 1.945776 -0.332316 0.201127
v 1.945776 0.017684 0.288477
v 1.945776 0.017684 0.201127
v 1.945776 -0.332316 0.288477
v 1.945776 -0.332316 -0.298342
v 1.945776 -0.332316 -0.210992
v 1.945776 0.017684 -0.298342
v 1.945776 0.017684 -0.210992
v 0.770448 0.308430 -0.100379
v 0.789796 0.372219 -0.072262
v 0.797810 0.398641 -0.004379
v 0.789796 0.372219 0.063503
v 0.770448 0.308430 0.091621
v 0.751101 0.244642 0.063503
v 0.743087 0.218220 -0.004379
v 0.751101 0.244642 -0.072262
v 0.320082 0.610916 -0.108918
v 0.290287 0.512682 -0.152219
v 0.850475 0.274386 -0.152219
v 0.332424 0.651607 -0.004379
v 0.320082 0.610916 0.100159
v 0.290287 0.512682 0.143461
v 0.260492 0.414448 0.100159
v 0.248150 0.373758 -0.004379
v 0.260492 0.414447 -0.108918
v 0.880271 0.372622 -0.108918
v 0.892613 0.413313 -0.004379
v 0.880271 0.372622 0.100159
v 0.850475 0.274388 0.143461
v 0.820680 0.176154 0.100159
v 0.808339 0.135464 -0.004379
v 0.820680 0.176154 -0.108918
v 0.371802 0.577684 0.201127
v 0.371802 0.177684 0.201127
v 0.607898 0.101184 0.288477
v 0.607898 0.493684 0.201127
v 0.607897 0.493684 0.288477
v 0.607897 0.101184 0.201127
v 0.607897 0.101182 -0.298342
v 0.607897 0.101182 -0.210992
v 0.607898 0.493682 -0.298342
v 0.607898 0.493682 -0.210992
v 0.374162 0.175062 0.405841
v 0.374162 0.581622 0.405841
v 0.374162 0.581621 -0.415705
v 0.374162 0.175060 -0.415705
v 0.605537 0.097305 -0.415705
v 0.605537 0.496245 0.405841
v 0.605537 0.097307 0.405841
v 0.605537 0.496243 -0.415705
v 0.374162 0.549319 -0.415705
v 0.371802 0.545458 -0.298342
v 0.371802 0.209458 -0.298342
v 0.374162 0.207809 -0.415705
v 0.371802 0.545460 0.288477
v 0.374162 0.549321 0.405841
v 0.374162 0.207811 0.405841
v 0.371802 0.209460 0.288477
v -0.128178 0.545458 -0.298342
v -0.228198 0.445406 -0.298342
v -0.198903 0.516153 -0.298342
v -0.228198 0.309468 -0.298342
v -0.128178 0.209458 -0.298342
v -0.198903 0.238751 -0.298342
v -0.225838 0.449265 -0.415705
v -0.125817 0.549319 -0.415705
v -0.196542 0.520014 -0.415705
v -0.125817 0.207809 -0.415705
v -0.225838 0.307818 -0.415705
v -0.196542 0.237102 -0.415705
v -0.228198 0.445406 0.288477
v -0.128178 0.545460 0.288477
v -0.198903 0.516155 0.288477
v -0.128178 0.209460 0.288477
v -0.228198 0.309470 0.288477
v -0.198903 0.238753 0.288477
v -0.125817 0.549321 0.405841
v -0.225838 0.449267 0.405841
v -0.196542 0.520016 0.405841
v -0.225838 0.307820 0.405841
v -0.125817 0.207811 0.405841
v -0.196542 0.237103 0.405841
v -0.128178 0.377459 -0.298342
v -0.125817 0.378564 -0.415705
v 3.365867 -0.392317 -0.004933
v 0.337005 0.532952 0.201127
v -0.243466 0.532952 0.201127
v 0.334314 0.532950 -0.210881
v -0.246157 0.532950 -0.210881
v -0.243466 0.282416 0.201127
v 0.237005 0.282416 0.201127
v -0.246157 0.282414 -0.210881
v 0.234314 0.282414 -0.210881
v 0.029498 0.282416 0.106046
v 0.099498 0.282416 0.036046
v -0.120100 0.282416 0.036046
v -0.050100 0.282416 0.106046
v 0.099498 0.282416 -0.033792
v 0.029498 0.282415 -0.103792
v -0.050100 0.282415 -0.103792
v -0.120100 0.282416 -0.033792
v -0.050100 -0.117584 0.106046
v -0.120100 -0.117584 0.036046
v 0.099498 -0.117584 0.036046
v 0.029498 -0.117584 0.106046
v -0.120100 -0.117584 -0.033792
v -0.050100 -0.117584 -0.103792
v 0.029498 -0.117584 -0.103792
v 0.099498 -0.117584 -0.033792
v 0.371802 0.177684 0.288477
v 0.371802 0.577684 0.288477
v 0.371802 0.177682 -0.210992
v 0.371802 0.177682 -0.298342
v 0.371802 0.577683 -0.210992
v 0.371802 0.577683 -0.298342
v 0.371802 0.577684 0.201127
v 0.371802 0.177684 0.201127
v -0.328198 0.237684 0.288477
v -0.268198 0.177684 0.288477
v -0.310624 0.195258 0.288477
v -0.268198 0.577684 0.288477
v -0.328198 0.517684 0.288477
v -0.310624 0.560112 0.288477
v -0.328198 0.237682 -0.210992
v -0.268198 0.177682 -0.210992
v -0.310624 0.195257 -0.210992
v -0.268198 0.177682 -0.298342
v -0.328198 0.237682 -0.298342
v -0.310624 0.195257 -0.298342
v -0.268198 0.577683 -0.210992
v -0.328198 0.517684 -0.210992
v -0.310624 0.560111 -0.210992
v -0.328198 0.517684 -0.298342
v -0.268198 0.577683 -0.298342
v -0.310624 0.560111 -0.298342
v -0.328198 0.517684 0.201127
v -0.268198 0.577684 0.201127
v -0.310624 0.560112 0.201127
v -0.268198 0.177684 0.201127
v -0.328198 0.237684 0.201127
v -0.310624 0.195258 0.201127
v -0.268198 0.377684 0.201127
v -0.268198 0.377684 0.288477
v -0.268198 0.377683 -0.210992
v -0.268198 0.377683 -0.298342
v 3.592402 -2.554142 0.862889
v 3.727186 -2.554152 0.862889
v 3.642271 -2.577610 0.862889
v 3.691605 -2.577614 0.862889
v 3.379543 -2.297715 0.862889
v 3.418581 -2.425923 0.862889
v 3.367251 -2.338353 0.862889
v 3.381539 -2.385280 0.862889
v 3.727186 -2.554152 0.670889
v 3.592402 -2.554142 0.670889
v 3.691605 -2.577614 0.670889
v 3.642271 -2.577610 0.670889
v 3.418581 -2.425923 0.670889
v 3.379543 -2.297715 0.670889
v 3.381539 -2.385280 0.670889
v 3.367251 -2.338353 0.670889
v 3.994284 -1.458859 0.862889
v 3.994284 -1.458859 0.670889
v 4.341926 -1.715297 0.670889
v 4.341926 -1.715297 0.862889
v 4.272265 -1.079882 0.862889
v 4.272265 -1.079882 0.670889
v 3.595748 -0.585345 0.862889
v 3.394148 -0.586292 0.862889
v 3.258116 -0.771746 0.862889
v 3.317767 -0.964321 0.862889
v 3.240129 -0.832963 0.862889
v 3.261963 -0.903450 0.862889
v 3.394148 -0.586292 0.670889
v 3.595748 -0.585345 0.670889
v 3.317767 -0.964321 0.670889
v 3.258116 -0.771746 0.670889
v 3.261963 -0.903450 0.670889
v 3.240129 -0.832963 0.670889
v 4.402631 -1.176048 0.670889
v 4.501616 -1.497590 0.670889
v 4.495421 -1.277790 0.670889
v 4.531653 -1.395483 0.670889
v 4.501616 -1.497589 0.862889
v 4.402631 -1.176047 0.862889
v 4.531653 -1.395482 0.862889
v 4.495421 -1.277789 0.862889
v 3.487006 -0.893239 -0.429033
v 3.487006 -0.718824 -0.429033
v 3.596616 -0.893239 -0.414602
v 3.596616 -0.718824 -0.414602
v 3.698756 -0.893239 -0.372294
v 3.698756 -0.718824 -0.372294
v 3.786466 -0.893239 -0.304993
v 3.786466 -0.718824 -0.304993
v 3.853768 -0.893239 -0.217283
v 3.853768 -0.718824 -0.217283
v 3.896075 -0.893239 -0.115143
v 3.896075 -0.718824 -0.115143
v 3.910506 -0.893239 -0.005533
v 3.910506 -0.718824 -0.005533
v 3.896075 -0.893239 0.104077
v 3.896075 -0.718824 0.104077
v 3.853768 -0.893239 0.206217
v 3.853768 -0.718824 0.206217
v 3.786466 -0.893239 0.293927
v 3.786466 -0.718824 0.293927
v 3.698756 -0.893239 0.361229
v 3.698756 -0.718824 0.361229
v 3.596616 -0.893239 0.403537
v 3.596616 -0.718824 0.403537
v 3.487006 -0.893239 0.417967
v 3.487006 -0.718824 0.417967
v 3.377396 -0.893239 0.403537
v 3.377396 -0.718824 0.403537
v 3.275256 -0.893239 0.361229
v 3.275256 -0.718824 0.361229
v 3.187546 -0.893239 0.293927
v 3.187546 -0.718824 0.293927
v 3.120244 -0.893239 0.206217
v 3.120244 -0.718824 0.206217
v 3.077937 -0.893239 0.104077
v 3.077937 -0.718824 0.104077
v 3.063506 -0.893239 -0.005533
v 3.063506 -0.718824 -0.005533
v 3.077937 -0.893239 -0.115143
v 3.077937 -0.718824 -0.115143
v 3.120244 -0.893239 -0.217283
v 3.120244 -0.718824 -0.217283
v 3.187546 -0.893239 -0.304992
v 3.187546 -0.718824 -0.304992
v 3.275256 -0.893239 -0.372294
v 3.275256 -0.718824 -0.372294
v 3.377396 -0.893239 -0.414602
v 3.377396 -0.718824 -0.414602
v 3.159751 -0.718824 -0.093221
v 3.247439 -0.718824 -0.245101
v 3.193597 -0.718824 -0.174933
v 3.399318 -0.718824 -0.332789
v 3.317606 -0.718824 -0.298942
v 3.574694 -0.718824 -0.332789
v 3.487006 -0.718824 -0.344333
v 3.159751 -0.718824 0.082155
v 3.247439 -0.718824 0.234035
v 3.193597 -0.718824 0.163867
v 3.399318 -0.718824 0.321723
v 3.574694 -0.718824 0.321723
v 3.487006 -0.718824 0.333267
v 3.317606 -0.718824 0.287876
v 3.726574 -0.718824 -0.245101
v 3.726574 -0.718824 0.234035
v 3.825806 -0.718824 -0.005533
v 3.814262 -0.718824 -0.093221
v 3.780416 -0.718824 0.163867
v 3.814262 -0.718824 0.082155
v 3.780416 -0.718824 -0.174933
v 3.148206 -0.718824 -0.005533
v 3.656407 -0.718824 0.287876
v 3.656407 -0.718824 -0.298943
v 3.487006 -0.893239 -0.344333
v 3.656407 -0.893239 -0.298943
v 3.574694 -0.893239 -0.332789
v 3.814262 -0.893239 -0.093221
v 3.780416 -0.893239 -0.174933
v 3.825806 -0.893239 -0.005533
v 3.726574 -0.893239 -0.245101
v 3.317606 -0.893239 0.287876
v 3.487006 -0.893239 0.333267
v 3.399318 -0.893239 0.321723
v 3.656407 -0.893239 0.287876
v 3.574694 -0.893239 0.321723
v 3.780416 -0.893239 0.163867
v 3.726574 -0.893239 0.234035
v 3.148206 -0.893239 -0.005533
v 3.159751 -0.893239 0.082155
v 3.159751 -0.893239 -0.093221
v 3.317606 -0.893239 -0.298942
v 3.247439 -0.893239 -0.245101
v 3.193597 -0.893239 0.163867
v 3.193597 -0.893239 -0.174933
v 3.247439 -0.893239 0.234035
v 3.814262 -0.893239 0.082155
v 3.399318 -0.893239 -0.332789
v 3.596616 -0.893239 0.508347
v 3.596616 -0.718824 0.508347
v 3.487006 -0.893239 0.508347
v 3.487006 -0.718824 0.508347
v 3.377396 -0.893239 0.508347
v 3.377396 -0.718824 0.508347
v 3.756787 -2.468302 0.670889
v 3.829992 -2.395097 0.670889
v 3.856787 -2.295096 0.670889
v 3.829992 -2.195096 0.670889
v 3.456787 -2.295096 0.670889
v 3.483582 -2.195096 0.670889
v 3.556787 -2.121891 0.670889
v 3.483582 -2.395097 0.670889
v 3.556787 -2.468302 0.670889
v 3.756787 -2.121891 0.670889
v 3.700951 -2.483263 0.670889
v 3.656787 -2.095096 0.670889
v 3.656787 -2.495097 0.670889
v 3.829992 -2.395097 0.862889
v 3.483582 -2.195096 0.862889
v 3.656787 -2.095096 0.862889
v 3.556787 -2.121891 0.862889
v 3.656787 -2.495097 0.862889
v 3.756787 -2.468302 0.862889
v 3.672623 -2.490854 0.862889
v 3.856787 -2.295096 0.862889
v 3.456787 -2.295096 0.862889
v 3.756787 -2.121891 0.862889
v 3.483582 -2.395097 0.862889
v 3.556787 -2.468302 0.862889
v 3.572623 -2.472545 0.862889
v 3.829992 -2.195096 0.862889
v 3.456758 -0.774833 0.862889
v 3.456758 -0.774833 0.670889
v 3.487004 -0.919754 -0.343733
v 3.574692 -0.919754 -0.332188
v 3.487005 -1.009754 -0.242093
v 3.487004 -0.919754 0.333867
v 3.487005 -1.009754 0.232227
v 3.425623 -1.009754 0.224146
v 3.193595 -0.919754 0.164467
v 3.319307 -1.009754 0.162765
v 3.193595 -0.919754 -0.174333
v 3.247437 -0.919754 -0.244500
v 3.281618 -1.009754 -0.123513
v 3.780414 -0.919754 -0.174333
v 3.654702 -1.009754 -0.172630
v 3.780414 -0.919754 0.164467
v 3.726572 -0.919754 0.234635
v 3.692391 -1.009754 0.113647
v 3.399316 -0.919754 -0.332189
v 3.425623 -1.009754 -0.234012
v 3.281618 -1.009754 0.113647
v 3.257926 -1.009754 0.056449
v 3.692391 -1.009754 -0.123513
v 3.716084 -1.009754 -0.066314
v 3.257926 -1.009754 -0.066314
v 3.780414 -0.722316 0.164467
v 3.726572 -0.722316 0.234635
v 3.193595 -0.722316 0.164467
v 3.159749 -0.722316 0.082755
v 3.531344 -0.392317 -0.170410
v 3.572662 -0.392317 -0.153296
v 3.264346 -0.392317 0.097856
v 3.264346 -0.392317 0.048275
v 3.487004 -0.392317 -0.176248
v 3.425422 -0.522316 0.224897
v 3.368036 -0.522316 0.201127
v 3.574692 -0.722316 -0.332188
v 3.487004 -0.722316 -0.343733
v 3.656404 -0.722316 -0.298342
v 0.607897 0.101182 -0.298342
v 0.607897 0.101182 -0.210992
v 0.371802 0.577683 -0.210992
v 0.607898 0.493682 -0.210992
v 0.371802 0.577683 -0.298342
v 1.945776 0.017684 -0.298342
v 1.945776 0.017684 -0.210992
v 0.607898 0.493682 -0.298342
v 0.605537 0.097305 -0.415705
v 0.374162 0.549319 -0.415705
v 0.605537 0.496243 -0.415705
v 0.374162 0.175060 -0.415705
v 0.371802 0.545460 0.288477
v 0.374162 0.549321 0.405841
v -0.125817 0.549321 0.405841
v -0.228198 0.445406 0.288477
v -0.225838 0.307820 0.405841
v -0.228198 0.309470 0.288477
v -0.198903 0.238753 0.288477
v -0.128178 0.545460 0.288477
v -0.196542 0.520016 0.405841
v -0.125817 0.207811 0.405841
v -0.128178 0.209458 -0.298342
v -0.196542 0.237102 -0.415705
v -0.198903 0.238751 -0.298342
v -0.225838 0.449267 0.405841
v -0.198903 0.516155 0.288477
v -0.128178 0.377459 -0.298342
v 3.548386 -1.009754 -0.234012
v 3.654702 -1.009754 0.162765
v 3.399316 -0.919754 0.322323
v 3.159749 -0.919754 0.082755
v 3.814260 -0.919754 -0.092620
v 3.487004 -0.522316 -0.343733
v 3.399316 -0.522316 -0.332189
v 3.635368 -0.392317 0.080725
v 3.608143 -0.392317 0.116205
v 3.572662 -0.392317 0.143430
v 3.487004 -0.522316 -0.242870
v 1.945616 -0.039316 0.288477
v 1.945616 -0.239316 0.288477
v 0.374162 0.207809 -0.415705
v -0.125817 0.207809 -0.415705
v 0.371802 0.209460 0.288477
v 3.190311 -0.582443 -0.100379
v 0.751101 0.244642 -0.072262
v 3.166404 -0.643965 -0.072262
v 0.770448 0.308430 -0.100379
v 3.214218 -0.520921 -0.072262
v 0.743087 0.218220 -0.004379
v 3.786466 -0.718824 -0.304993
v 3.853768 -0.893239 -0.217283
v 3.896075 -0.718824 0.104077
v 3.853768 -0.893239 0.206217
v 3.187546 -0.718824 0.293927
v 3.120244 -0.893239 0.206217
v 3.077937 -0.718824 -0.115143
v 3.120244 -0.893239 -0.217283
v 3.814262 -0.718824 -0.093221
v 3.780416 -0.718824 -0.174933
v 3.596616 -0.718824 0.403537
v 3.596616 -0.893239 0.508347
v 3.487006 -0.718824 0.417967
v 3.596616 -0.718824 0.508347
v 3.853768 -0.718824 -0.217283
v 3.853768 -0.718824 0.206217
v 3.120244 -0.718824 0.206217
v 3.120244 -0.718824 -0.217283
v 3.896075 -0.718824 -0.115143
v 3.656407 -0.718824 -0.298943
v 3.726574 -0.718824 -0.245101
v 3.825806 -0.718824 -0.005533
v 3.726574 -0.718824 0.234035
v 3.780416 -0.718824 0.163867
v 3.656407 -0.718824 0.287876
v 3.159751 -0.718824 0.082155
v 3.148206 -0.718824 -0.005533
v 3.193597 -0.718824 0.163867
v 3.317606 -0.893239 0.287876
v 3.399318 -0.893239 0.321723
v 3.247439 -0.893239 0.234035
v 3.159751 -0.893239 0.082155
v 3.193597 -0.893239 0.163867
v 3.312559 -1.464056 0.510824
v 3.157045 -1.547179 0.510824
v 3.020735 -1.659046 -0.529176
v 3.020735 -1.659046 0.510824
v 4.292842 -1.659046 -0.529176
v 4.156533 -1.547180 -0.529176
v 4.292842 -1.659046 0.510824
v 4.404710 -1.795356 0.510824
v 2.908868 -1.795356 0.510824
v 2.908869 -1.795356 -0.529176
v 4.487834 -1.950871 0.510824
v 2.825744 -2.639331 0.510824
v 2.908868 -2.794844 0.510824
v 3.020735 -2.931154 -0.529176
v 3.020735 -2.931154 0.510824
v 4.292842 -2.931154 -0.529176
v 4.292842 -2.931154 0.510824
v 4.404710 -2.794844 -0.529176
v 3.157045 -3.043020 0.510824
v 4.156533 -3.043020 0.510824
v 3.157045 -3.043020 -0.529176
v 4.001019 -3.126144 0.510824
v 3.829994 -2.395100 0.863493
v 3.881956 -2.425100 0.863539
v 3.916789 -2.295100 0.863539
v 3.756789 -2.468305 0.863492
v 3.786789 -2.520267 0.863538
v 3.656789 -2.095100 -0.345841
v 3.556789 -2.121896 -0.192508
v 3.556789 -2.121896 -0.345841
v 3.483584 -2.395100 -0.192508
v 3.456789 -2.295100 -0.192508
v 3.371618 -2.425102 -0.242186
v 2.807436 -2.576273 0.407493
v 2.807436 -2.576273 0.154159
v 2.780641 -2.476274 0.154159
v 3.837962 -1.418952 0.154159
v 3.937962 -1.445748 0.154159
v 3.937962 -1.445748 0.407493
v 4.359736 -2.160336 0.023254
v 4.332941 -2.060336 0.023254
v 3.756789 -2.121896 -0.345841
v 3.796008 -1.975528 -0.410783
v 3.860082 -1.736399 -0.303760
v 3.834669 -1.831243 -0.387921
v 4.213867 -2.199421 -0.175643
v 3.188607 -1.753712 0.023254
v 3.115402 -1.826917 0.023254
v 3.270811 -1.982327 -0.387921
v 3.401619 -2.113135 -0.242186
v 3.376435 -2.087951 -0.410783
v 3.295390 -1.860496 -0.175643
v 3.137719 -2.380594 -0.209371
v 3.164514 -2.480594 -0.209371
v 3.126506 -2.490779 -0.175643
v 3.071294 -2.398393 -0.303760
v 3.166136 -2.372980 -0.387921
v 2.953843 -2.429864 0.023254
v 2.980638 -2.529865 0.023254
v 3.422025 -2.971251 0.023254
v 3.522025 -2.998047 0.023254
v 3.461110 -2.825383 -0.175644
v 4.038992 -2.750508 -0.303760
v 3.969562 -2.681079 -0.387921
v 4.324969 -2.890075 0.407492
v 4.198177 -2.763283 0.023254
v 4.251764 -2.963280 0.407492
v 3.829994 -2.395100 -0.192508
v 3.756789 -2.468305 -0.192508
v 3.911959 -2.477065 -0.242186
v 3.656789 -2.095100 0.245270
v 3.556789 -2.121896 0.343048
v 3.556789 -2.121896 0.245270
v 3.483584 -2.395100 0.245270
v 3.483584 -2.395100 0.343048
v 3.456789 -2.295100 0.245270
v 3.556789 -2.468305 0.245270
v 3.756789 -2.468305 0.245270
v 3.856789 -2.295100 0.245270
v 3.829994 -2.395100 0.343048
v 3.829994 -2.395100 0.245270
v 3.656789 -2.095100 0.343048
v 3.756789 -2.121896 0.245270
v 2.780641 -2.113926 0.343048
v 2.780641 -2.113926 0.245270
v 2.807436 -2.013927 0.245270
v 4.251764 -1.626920 0.343048
v 4.251764 -1.626920 0.245270
v 4.324969 -1.700125 0.245270
v 2.807436 -2.013927 0.343048
v 4.120647 -2.117220 -0.387921
v 4.149064 -2.109606 -0.209371
v 4.215489 -2.091807 -0.303760
v 3.941961 -2.165099 -0.242186
v 3.976362 -2.155881 -0.410783
v 3.250009 -1.961525 -0.209371
v 3.201382 -1.912899 -0.303760
v 3.099711 -2.390779 -0.175643
v 3.344823 -2.325101 -0.242186
v 3.578909 -2.785753 -0.387921
v 3.571294 -2.814171 -0.209372
v 3.553496 -2.880595 -0.303760
v 3.626788 -2.607066 -0.242186
v 3.617570 -2.641467 -0.410783
v 3.483584 -2.395100 0.863493
v 3.456789 -2.295100 0.343048
v 3.556789 -2.468305 0.863492
v 3.756789 -2.468305 0.343048
v 3.856789 -2.295100 0.863493
v 4.338462 -1.613425 -0.529176
v 4.458354 -1.759511 -0.529176
v 4.547440 -1.926181 -0.529176
v 2.975114 -2.976775 -0.529176
v 3.121200 -3.096665 -0.529176
v 2.766138 -2.664019 -0.529176
v 2.855224 -2.830688 -0.529176
v 2.975114 -1.613425 -0.529176
v 3.121200 -1.493536 -0.529176
v 4.338462 -2.976775 -0.529176
v 4.458354 -2.830688 -0.529176
v 2.713550 -2.483414 0.510824
v 2.695111 -2.296203 0.510824
v 2.768157 -2.663431 0.510824
v 2.856835 -2.829336 0.510824
v 4.021951 -3.182770 0.510824
v 4.187856 -3.094092 0.510824
v 4.541291 -1.928977 0.510824
v 4.452612 -1.763072 0.510824
v 3.287496 -1.409637 0.510824
v 3.467513 -1.355030 0.510824
v 3.686791 -1.983134 -0.242186
v 3.656789 -2.095100 -0.192507
v 3.791553 -1.592154 0.023254
v 3.787312 -1.607981 -0.165192
v 3.561110 -2.852178 -0.175644
v 3.990365 -2.701880 -0.209372
v 3.838754 -2.550270 -0.242186
v 3.842284 -1.802825 -0.209371
v 3.852468 -1.764817 -0.175643
v 3.786791 -2.009928 -0.242186
v 3.742284 -1.776031 -0.209371
v 4.018188 -2.729705 -0.175644
v 3.483584 -2.395100 -0.345841
v 3.829994 -2.395100 -0.345841
v 2.780641 -2.476274 0.407493
v 4.324969 -2.890075 0.154159
v 3.837962 -1.418952 0.407493
v 3.696008 -1.948733 -0.410782
v 2.969670 -2.425623 -0.165192
v 4.324969 -1.700125 0.343048
v 4.063570 -2.628675 -0.209371
v 3.887312 -1.634777 -0.165192
v 4.113385 -2.824901 -0.165192
v 4.025709 -1.404449 -0.529176
v 4.192378 -1.493536 -0.529176
v 3.287869 -1.404449 -0.529176
v 3.844863 -1.349590 -0.529176
v 3.841935 -3.237378 0.510824
v 4.595898 -2.108992 0.510824
v 3.190238 -0.582402 0.110821
v 3.161550 -0.656229 0.077080
v 3.190238 -0.582402 -0.119580
v 3.218926 -0.508575 -0.085838
v 3.161550 -0.656229 -0.085838
v 3.263230 -0.634578 -0.119580
v 3.263231 -0.738259 -0.085838
v 3.263231 -0.530897 -0.085838
v 0.260492 0.414448 0.100159
v 0.850475 0.274388 0.143461
v 0.820680 0.176154 0.100159
v 0.808339 0.135464 -0.004379
v 0.820680 0.176154 -0.108918
v 0.248150 0.373758 -0.004379
v 3.726572 -0.722316 -0.244501
v 3.780414 -0.722316 -0.174333
v 3.814260 -0.722316 0.082755
v 3.574692 -0.722316 0.322323
v 3.487004 -0.722316 0.333867
v 3.247437 -0.722316 0.234635
v 3.159749 -0.722316 -0.092620
v 3.193595 -0.722316 -0.174333
v 3.399316 -0.722316 -0.332189
v 3.592402 -2.554142 0.670889
v 3.700951 -2.483263 0.670889
v 3.656787 -2.495097 0.670889
v 3.994284 -1.458859 0.670889
v 3.656787 -2.095096 0.670889
v 3.756787 -2.121891 0.670889
v 3.656787 -2.495097 0.862889
v 3.672623 -2.490854 0.862889
v 3.727186 -2.554152 0.862889
v 3.727186 -2.554152 0.670889
v 3.691605 -2.577614 0.670889
v 3.642271 -2.577610 0.670889
v 3.469956 -0.658533 0.947263
v 3.516417 -0.951876 0.947263
v 3.346514 -0.828435 0.947263
v 3.317767 -0.964321 0.670889
v 4.341926 -1.715297 0.670889
v 4.501616 -1.497590 0.670889
v 4.531653 -1.395483 0.670889
v 3.317767 -0.964321 0.862889
v 3.261963 -0.903450 0.670889
v 4.495421 -1.277790 0.670889
v 4.402631 -1.176048 0.670889
v 4.272265 -1.079882 0.670889
v 3.456758 -0.774833 0.862889
v 3.261963 -0.903450 0.862889
v 3.456758 -0.774833 0.670889
v 3.240129 -0.832963 0.670889
v 3.483582 -2.395097 0.670889
v 3.418581 -2.425923 0.670889
v 3.556787 -2.468302 0.670889
v 3.829992 -2.395097 0.670889
v 3.856787 -2.295096 0.670889
v 3.483582 -2.195096 0.670889
v 3.556787 -2.121891 0.670889
v 3.829992 -2.195096 0.670889
v 3.572623 -2.472545 0.862889
v 3.756787 -2.468302 0.862889
v 3.691605 -2.577614 0.862889
v 3.829992 -2.395097 0.862889
v 4.341926 -1.715297 0.862889
v 3.469956 -0.658533 0.506464
v 3.580472 -0.685066 0.947263
v 3.639858 -0.781974 0.947263
v 3.656789 -2.095100 -0.469174
v 3.556789 -2.121896 -0.469174
v 3.483584 -2.395100 -0.469174
v 3.456789 -2.295100 -0.469174
v 3.756789 -2.121896 -0.469174
v 3.740337 -2.343336 -0.469174
v 3.829994 -2.395100 -0.469174
v 3.856789 -2.295100 -0.469174
v 3.705025 -2.378647 -0.469174
v 3.756789 -2.468305 -0.469174
v 3.753262 -2.295100 -0.369174
v 3.740337 -2.343336 -0.369174
v 3.705025 -2.378647 -0.369174
v 3.786789 -2.069933 1.145072
v 3.786789 -2.069933 0.863539
v 3.881956 -2.165100 0.863539
v 3.526789 -2.520267 1.145072
v 3.526789 -2.520267 0.863538
v 3.431623 -2.425100 0.863539
v 3.656789 -2.035100 1.145072
v 3.881956 -2.165100 1.145072
v 3.431623 -2.425100 1.145072
v 2.931616 -1.576264 0.510824
v 2.856835 -1.763072 0.510824
v 2.804801 -1.730788 0.510824
v 2.976175 -1.617656 0.510824
v 4.373703 -1.576264 0.510824
v 4.187856 -1.498316 0.510824
v 4.219179 -1.449450 0.510824
v 4.333273 -1.617656 0.510824
v 4.373702 -3.018352 0.510824
v 4.333273 -2.974753 0.510824
v 2.931615 -3.018352 0.510824
v 2.976175 -2.974753 0.510824
v 4.384084 -3.022398 -0.529176
v 4.192378 -3.096665 -0.529176
v 4.511998 -2.866533 -0.529176
v 2.929493 -1.567805 -0.529176
v 2.855224 -1.759511 -0.529176
v 2.929493 -3.022396 -0.529176
v 3.085356 -3.150311 -0.529176
v 4.384084 -1.567805 -0.529176
v 3.028706 -1.357764 -0.199843
v 2.857748 -1.498066 -0.199843
v 2.623719 -2.985211 -0.197936
v 2.625019 -2.984120 0.179584
v 4.593515 -1.669024 -0.199843
v 4.453214 -1.498066 -0.199843
v 2.718628 -2.921582 0.181491
v 2.766555 -2.889370 0.505624
v 2.896858 -1.535027 -0.523976
v 2.763189 -1.697903 -0.523976
v 3.434505 -3.399916 0.181491
v 3.435387 -3.402287 -0.199843
v 2.717446 -2.922575 -0.199843
v 3.434505 -1.193301 0.181491
v 3.412483 -1.083011 0.179584
v 3.444678 -1.252237 0.505624
v 3.244780 -1.312875 0.505624
v 3.060553 -1.411346 0.505624
v 2.858526 -3.092048 0.181491
v 2.899076 -3.050848 0.505624
v 4.278940 -3.231947 0.181491
v 4.282256 -3.233835 -0.199843
v 3.412483 -3.510288 0.179584
v 3.444678 -3.342479 0.505624
v 4.757274 -2.516070 0.181491
v 4.761968 -2.515893 -0.199843
v 4.416906 -1.535027 -0.523977
v 4.254029 -1.401357 -0.523976
v 4.449407 -1.501168 0.181490
v 2.858526 -1.501168 0.181491
v 3.028993 -1.361269 0.181491
v 3.223477 -1.257315 0.181491
v 3.223751 -1.253511 -0.199843
v 2.778051 -1.418252 -0.197937
v 2.623719 -1.606307 -0.197936
v 4.533063 -1.418252 -0.197937
v 4.345010 -1.263921 -0.197936
v 2.668083 -2.705143 0.505624
v 2.510669 -2.770188 0.179584
v 4.060352 -3.281839 0.505624
v 4.127429 -3.439872 0.179584
v 4.244579 -3.183368 0.505624
v 4.637048 -1.889571 0.505624
v 4.538577 -1.705344 0.505624
v 4.682764 -1.609179 0.179584
v 2.966420 -1.267776 0.179584
v 2.899076 -1.543866 0.505624
v 2.778907 -1.421664 0.179584
v 4.500516 -2.863827 0.510824
v 4.538577 -2.889370 0.505624
v 3.873428 -1.193301 0.181491
v 3.895299 -1.083011 0.179584
v 3.860454 -1.252237 0.505624
v 4.406056 -1.543868 0.505624
v 3.086138 -3.145165 0.510824
v 3.060552 -3.183368 0.505624
v 4.589305 -1.671635 0.181491
v 4.687395 -1.606307 -0.197936
v 2.896858 -3.055074 -0.523976
v 4.867529 -2.538056 0.179584
v 4.697687 -2.505244 0.505624
v 4.449407 -3.092048 0.181491
v 4.406056 -3.050848 0.505624
v 4.416906 -3.055074 -0.523976
v 4.341362 -3.325521 0.179584
v 4.345008 -3.327596 -0.197936
v 2.801580 -1.723667 -0.529176
v 4.228221 -1.439890 -0.529176
v 4.453213 -3.093534 -0.199843
v 2.857748 -3.093534 -0.199843
v 3.180353 -1.153428 0.179584
v 3.435387 -1.189312 -0.199843
v 3.875575 -1.189312 -0.199843
v 3.059735 -3.188744 -0.523976
v 2.966105 -3.327596 -0.197936
v 4.550576 -2.892197 -0.523977
v 4.687395 -2.985211 -0.197937
v 4.797113 -1.823112 0.179584
v 3.261090 -0.722316 0.137830
v 3.605585 -1.009754 -0.210320
v 3.605585 -1.009754 0.200454
v 3.693064 -0.722316 -0.123901
v 3.716834 -0.722316 -0.066515
v 3.693064 -0.722316 0.114036
v 3.656404 -0.722316 0.288477
v 3.148205 -0.722316 -0.004933
v 3.261090 -0.722316 -0.147695
v 3.247437 -0.722316 -0.244500
v 3.487004 -0.722316 -0.242870
v 3.425422 -0.722316 -0.234762
v 3.425422 -0.522316 -0.234762
v 3.655251 -0.722316 0.163314
v 3.264346 -0.392317 -0.004933
v 3.635368 -0.392317 -0.090590
v 3.608143 -0.392317 -0.126071
v 3.487004 -0.722316 0.233005
v 3.487004 -0.392317 0.166382
v 3.264346 -0.392317 -0.107721
v 3.487004 -0.522316 0.333867
v 3.487004 -0.522316 0.233005
v 3.425422 -0.722316 0.224897
v 0.605537 0.496245 0.405841
v 0.605537 0.097307 0.405841
v 3.548587 -0.722316 -0.234762
v 1.945616 -0.039316 0.201127
v 1.945616 -0.239316 0.201127
v 0.374162 0.581621 -0.415705
v 0.374162 0.207811 0.405841
v -0.225838 0.307818 -0.415705
v 3.365867 -0.392317 -0.004933
v 3.548386 -1.009754 0.224146
v 3.249845 -1.009754 -0.004933
v 3.261090 -0.722316 0.068967
v 3.318758 -0.722316 -0.173180
v 3.442665 -0.392317 -0.170410
v 3.401347 -0.392317 -0.153296
v 3.399316 -0.522316 0.322323
v 0.371802 0.545458 -0.298342
v -0.196542 0.237103 0.405841
v 0.789796 0.372219 -0.072262
v 3.224120 -0.495437 -0.004379
v 3.487006 -0.893239 -0.429033
v 3.487006 -0.718824 -0.429033
v 3.596616 -0.893239 -0.414602
v 3.896075 -0.893239 -0.115143
v 3.786466 -0.893239 0.293927
v 3.487006 -0.893239 0.417967
v 3.487006 -0.893239 0.508347
v 3.377396 -0.893239 0.403537
v 3.377396 -0.893239 0.508347
v 3.077937 -0.893239 0.104077
v 3.187546 -0.893239 -0.304992
v 3.377396 -0.718824 -0.414602
v 3.377396 -0.893239 -0.414602
v 3.814262 -0.718824 0.082155
v 3.159751 -0.718824 -0.093221
v 3.193597 -0.718824 -0.174933
v 3.247439 -0.718824 0.234035
v 3.317606 -0.718824 0.287876
v 3.487006 -0.893239 -0.344333
v 3.574694 -0.893239 -0.332789
v 3.399318 -0.893239 -0.332789
v 3.487006 -0.893239 0.333267
v 3.574694 -0.893239 0.321723
v 3.159751 -0.893239 -0.093221
v 3.193597 -0.893239 -0.174933
v 4.156533 -1.547180 0.510824
v 4.001019 -1.464056 -0.529176
v 2.825744 -1.950871 0.510824
v 2.825744 -1.950871 -0.529176
v 4.487834 -2.639331 -0.529176
v 4.404710 -2.794844 0.510824
v 3.312559 -3.126144 0.510824
v 3.312559 -3.126144 -0.529176
v 3.656789 -2.555100 0.863538
v 4.251764 -2.963280 0.154159
v 3.456789 -2.295100 -0.345841
v 3.310422 -2.334319 -0.410783
v 3.222185 -1.933701 -0.175643
v 4.186590 -2.751696 -0.165192
v 4.091393 -2.656500 -0.175643
v 3.756789 -2.121896 -0.192508
v 4.175859 -2.209605 -0.209371
v 3.323214 -1.888319 -0.209371
v 3.471295 -2.787375 -0.209372
v 3.556789 -2.121896 0.863493
v 3.656789 -2.095100 0.863493
v 3.756789 -2.121896 0.343048
v 3.287869 -3.185751 -0.529176
v 4.547440 -2.664021 -0.529176
v 3.121592 -1.498314 0.510824
v 3.337217 -2.434319 -0.410783
v 3.937143 -2.502249 -0.410783
v 3.891553 -1.618948 0.023254
v 2.996465 -2.525623 -0.165192
v 4.124972 -2.836488 0.023254
v 3.656789 -2.495100 0.863492
v 3.756789 -2.468305 -0.345841
v 3.752468 -1.738023 -0.175643
v 4.187072 -2.099422 -0.175643
v 2.766138 -1.926181 -0.529176
v 3.656789 -1.331067 -0.529176
v 0.850475 0.274386 -0.152219
v 3.230809 -0.477995 -0.004379
v 3.263231 -0.738259 0.077080
v 3.263231 -0.781203 -0.004379
v 3.149666 -0.686808 -0.004379
v 3.263231 -0.487952 -0.004379
v 0.260492 0.414447 -0.108918
v 3.642271 -2.577610 0.862889
v 3.373047 -0.717918 0.506464
v 3.580472 -0.685066 0.506464
v 3.639858 -0.781974 0.506464
v 3.346514 -0.828435 0.506464
v 3.240129 -0.832963 0.862889
v 3.258116 -0.771746 0.670889
v 4.402631 -1.176047 0.862889
v 3.405900 -0.925343 0.506464
v 3.483584 -2.195101 -0.469174
v 3.829994 -2.195101 -0.469174
v 3.656789 -2.391572 -0.469174
v 3.656789 -2.035100 0.863539
v 3.396789 -2.295100 0.863539
v 3.608553 -2.378647 -0.369174
v 3.656789 -2.391572 -0.369174
v 3.396789 -2.295100 1.145072
v 3.431623 -2.165100 1.145072
v 3.526789 -2.069933 1.145072
v 2.768157 -1.928976 0.510824
v 2.710570 -1.907082 0.510824
v 4.021952 -1.409637 0.510824
v 4.042884 -1.355218 0.510824
v 4.452612 -2.829336 0.510824
v 3.121592 -3.094092 0.510824
v 4.607047 -2.688709 -0.529176
v 3.263179 -3.245358 -0.529176
v 4.244580 -1.411346 0.505624
v 4.593516 -2.922575 -0.199843
v 4.697769 -2.727530 -0.199843
v 3.028706 -3.233834 -0.199843
v 3.223751 -3.338089 -0.199843
v 3.413453 -1.078624 -0.197937
v 3.028993 -3.231947 0.181491
v 3.262433 -3.239397 0.510824
v 2.766555 -1.705344 0.505624
v 4.589305 -2.921582 0.181491
v 4.594747 -2.687534 0.510824
v 3.413453 -3.512894 -0.197936
v 2.763189 -2.892197 -0.523976
v 4.084456 -1.257315 0.181491
v 2.778051 -3.173265 -0.197936
v 3.447192 -3.349234 -0.523976
v 2.614674 -1.866119 0.181491
v 4.896536 -2.295758 -0.197937
v 4.872693 -2.053655 -0.197937
v 4.533063 -3.173265 -0.197937
v 3.655557 -3.536740 -0.197936
v 3.897660 -3.512894 -0.197936
v 2.438421 -2.053655 -0.197936
v 2.510669 -1.823112 0.179584
v 2.440253 -2.055241 0.179584
v 3.653891 -3.534064 0.179584
v 3.895299 -3.510288 0.179584
v 4.891306 -2.296649 0.179584
v 4.867529 -2.055241 0.179584
v 2.966105 -1.263921 -0.197936
v 3.897660 -1.078624 -0.197937
v 3.447192 -1.240867 -0.523976
v 2.717447 -1.669024 -0.199843
v 3.866572 -1.240867 -0.523976
v 4.282256 -1.357764 -0.199843
v 4.550575 -1.697903 -0.523976
v 4.872693 -2.537863 -0.197937
v 4.711065 -2.504740 -0.523976
v 4.254029 -3.188745 -0.523976
v 2.706531 -1.901490 -0.529176
v 4.050398 -1.344842 -0.529176
v 2.718628 -1.671635 0.181491
v 4.278940 -1.361269 0.181491
v 3.148205 -0.919754 -0.004933
v 3.724165 -1.009754 -0.004933
v 3.317605 -0.919754 0.288477
v 3.319307 -1.009754 -0.172630
v 3.368425 -1.009754 -0.210320
v 3.401347 -0.392317 0.143430
v 3.658319 -0.392317 -0.004933
v 0.371802 0.577684 0.201127
v 0.607898 0.493684 0.201127
v 0.371802 0.177684 0.201127
v 1.945616 -0.242316 -0.298342
v 1.945616 -0.242316 -0.210992
v 1.945616 -0.042316 -0.298342
v 1.945776 -0.332316 0.201127
v 1.945776 0.017684 0.288477
v 1.945776 0.017684 0.201127
v 0.607897 0.101184 0.201127
v 0.607898 0.101184 0.288477
v -0.225838 0.449265 -0.415705
v -0.196542 0.520014 -0.415705
v -0.125817 0.378564 -0.415705
v 3.264346 -0.392317 -0.058140
v 3.825804 -0.919754 -0.004932
v 3.656404 -0.919754 -0.298342
v 3.317604 -0.919754 -0.298342
v 3.656404 -0.919754 0.288477
v 3.317605 -0.522316 0.288477
v 3.531344 -0.392317 0.160545
v 3.368036 -0.522316 -0.210992
v 1.945776 -0.332316 0.288477
v 3.214218 -0.520921 0.063503
v 0.789796 0.372219 0.063503
v 0.797810 0.398641 -0.004379
v 3.487006 -0.718824 0.508347
v 3.377396 -0.718824 0.508347
v 3.596616 -0.718824 -0.414602
v 3.786466 -0.718824 0.293927
v 3.077937 -0.718824 0.104077
v 3.187546 -0.718824 -0.304992
v 3.698756 -0.718824 -0.372294
v 3.275256 -0.718824 -0.372294
v 3.063506 -0.718824 -0.005533
v 3.275256 -0.718824 0.361229
v 3.377396 -0.718824 0.403537
v 3.698756 -0.718824 0.361229
v 3.247439 -0.718824 -0.245101
v 3.317606 -0.718824 -0.298942
v 3.656407 -0.893239 -0.298943
v 3.726574 -0.893239 -0.245101
v 3.317606 -0.893239 -0.298942
v 3.247439 -0.893239 -0.245101
v 3.832276 -1.412868 -0.529176
v 4.001019 -1.464056 0.510824
v 2.774557 -2.119613 -0.529176
v 4.539021 -2.470587 -0.529176
v 4.487834 -2.639331 0.510824
v 3.481302 -3.177332 0.510824
v 3.481302 -3.177332 -0.529176
v 3.526789 -2.069933 0.863539
v 3.483584 -2.195101 -0.345841
v 3.656789 -2.495100 -0.345841
v 3.829994 -2.195101 -0.345841
v 4.317113 -2.064577 -0.165192
v 3.126988 -1.838505 -0.165192
v 3.474824 -2.039930 -0.242186
v 3.526266 -2.982219 -0.165192
v 3.483584 -2.195101 -0.192508
v 3.937963 -3.144454 0.245270
v 3.656789 -2.495100 -0.192508
v 3.829994 -2.195101 0.343048
v 3.829994 -2.195101 -0.192508
v 3.656789 -2.495100 0.343048
v 3.937963 -3.144454 0.343048
v 3.968755 -2.265098 -0.242186
v 3.526788 -2.580271 -0.242186
v 3.456789 -2.295100 0.863493
v 3.483584 -2.195101 0.343048
v 3.756789 -2.121896 0.863493
v 3.844863 -3.240611 -0.529176
v 3.656789 -3.259135 -0.529176
v 3.468715 -3.240611 -0.529176
v 2.711279 -2.107026 -0.529176
v 4.025709 -3.185751 -0.529176
v 3.863938 -2.575454 -0.410783
v 4.620822 -2.295100 -0.529176
v 4.602299 -2.107026 -0.529176
v 0.880271 0.372622 -0.108918
v 0.320082 0.610916 -0.108918
v 0.892613 0.413313 -0.004379
v 0.290287 0.512682 -0.152219
v 0.332424 0.651607 -0.004379
v 3.814260 -0.722316 -0.092620
v 3.399316 -0.722316 0.322323
v 3.613325 -0.892490 0.506464
v 4.531653 -1.395482 0.862889
v 4.501616 -1.497589 0.862889
v 3.856787 -2.295096 0.862889
v 3.613325 -0.892490 0.947263
v 3.608553 -2.378647 -0.469174
v 3.656789 -2.495100 -0.469174
v 3.556789 -2.468305 -0.469174
v 3.431623 -2.165100 0.863539
v 2.713550 -2.108992 0.510824
v 2.652543 -2.098372 0.510824
v 3.841935 -1.355030 0.510824
v 3.851594 -1.297191 0.510824
v 4.541291 -2.663431 0.510824
v 3.287496 -3.182770 0.510824
v 4.665577 -2.495760 -0.529176
v 3.456128 -3.303889 -0.529176
v 2.613193 -1.864069 -0.199843
v 2.550659 -2.077147 0.181491
v 2.607445 -2.089470 0.505624
v 2.668083 -1.889571 0.505624
v 2.663863 -1.883729 -0.523976
v 2.602699 -2.085361 -0.523976
v 4.087211 -1.253511 -0.199843
v 3.652566 -1.231761 0.505624
v 2.529044 -2.296608 0.181491
v 2.527316 -2.295799 -0.199843
v 3.653967 -3.421531 0.181491
v 2.778907 -3.171633 0.179584
v 4.068204 -1.302032 -0.523976
v 4.778889 -2.296608 0.181491
v 3.223477 -3.335901 0.181491
v 3.244780 -3.281839 0.505624
v 3.655481 -3.423965 -0.199843
v 3.652566 -3.362953 0.505624
v 4.130458 -1.149242 -0.197937
v 2.414576 -2.295758 -0.197936
v 2.438421 -2.537863 -0.197936
v 2.509040 -1.820855 -0.197936
v 2.586970 -2.297357 0.505624
v 2.607445 -2.505244 0.505624
v 2.440253 -2.538056 0.179584
v 2.416476 -2.296649 0.179584
v 3.860453 -3.342479 0.505624
v 4.718162 -2.297357 0.505624
v 4.697687 -2.089470 0.505624
v 4.652775 -2.496243 0.510824
v 4.060352 -1.312875 0.505624
v 4.528875 -1.421664 0.179584
v 3.453723 -3.297423 0.510824
v 4.783645 -2.295799 -0.199843
v 4.693260 -2.727098 0.181490
v 4.637048 -2.705143 0.505624
v 3.245560 -3.288069 -0.523976
v 4.528875 -3.171633 0.179584
v 4.649901 -2.706372 -0.523977
v 3.857449 -1.286311 -0.529176
v 2.648000 -2.094440 -0.529176
v 2.548994 -2.075706 -0.199843
v 3.653891 -1.059234 0.179584
v 3.655557 -1.054777 -0.197936
v 3.724941 -0.722316 -0.004932
v 3.368036 -0.722316 -0.210992
v 3.605973 -0.722316 0.201127
v 3.652482 -0.392317 -0.049272
v 3.442665 -0.392317 0.160545
v 3.365867 -0.392317 -0.126071
v 3.368036 -0.722316 0.201127
v 3.605973 -0.722316 -0.210992
v 1.945616 -0.042316 -0.210992
v 0.607897 0.493684 0.288477
v -0.125817 0.549319 -0.415705
v -0.128178 0.209460 0.288477
v 3.716084 -1.009754 0.056449
v 3.261090 -0.722316 -0.004933
v 3.190311 -0.582443 0.091621
v 0.770448 0.308430 0.091621
v 3.698756 -0.893239 -0.372294
v 3.910506 -0.893239 -0.005533
v 3.698756 -0.893239 0.361229
v 3.275256 -0.893239 0.361229
v 3.063506 -0.893239 -0.005533
v 3.275256 -0.893239 -0.372294
v 3.399318 -0.718824 0.321723
v 3.487006 -0.718824 0.333267
v 3.896075 -0.893239 0.104077
v 3.596616 -0.893239 0.403537
v 3.187546 -0.893239 0.293927
v 3.077937 -0.893239 -0.115143
v 3.786466 -0.893239 -0.304993
v 3.656407 -0.893239 0.287876
v 3.726574 -0.893239 0.234035
v 3.656789 -1.395583 -0.529176
v 3.832276 -1.412868 0.510824
v 2.774557 -2.119613 0.510824
v 2.757273 -2.295100 0.510824
v 4.539021 -2.470587 0.510824
v 4.556305 -2.295100 -0.529176
v 3.656789 -3.194617 0.510824
v 3.656789 -3.194617 -0.529176
v 3.829994 -2.195101 0.245270
v 2.692755 -2.295100 -0.529176
v 4.602299 -2.483173 -0.529176
v 3.483584 -2.195101 0.245270
v 3.656789 -2.495100 0.245270
v 3.218926 -0.508575 0.077080
v 3.263231 -0.530897 0.077080
v 3.379543 -2.297715 0.862889
v 3.379543 -2.297715 0.670889
v 3.367251 -2.338353 0.862889
v 3.516417 -0.951876 0.506464
v 4.272265 -1.079882 0.862889
v 3.595748 -0.585345 0.862889
v 3.394148 -0.586292 0.670889
v 4.495421 -1.277789 0.862889
v 3.595748 -0.585345 0.670889
v 3.994284 -1.458859 0.862889
v 3.456787 -2.295096 0.670889
v 3.367251 -2.338353 0.670889
v 3.381539 -2.385280 0.670889
v 3.829992 -2.195096 0.862889
v 3.608553 -2.211552 -0.369174
v 3.573242 -2.343336 -0.469174
v 3.656789 -2.555100 1.145072
v 3.560317 -2.295100 -0.369174
v 3.573242 -2.343336 -0.369174
v 3.916789 -2.295100 1.145072
v 3.881956 -2.425100 1.145072
v 3.654724 -1.336591 0.510824
v 3.652659 -1.277598 0.510824
v 4.595898 -2.483414 0.510824
v 3.467513 -3.237378 0.510824
v 3.656789 -3.323652 -0.529176
v 3.652659 -3.317018 0.510824
v 4.672368 -2.297307 0.510824
v 3.653967 -1.171686 0.181491
v 3.180654 -3.442276 -0.197936
v 4.802073 -2.770662 -0.197937
v 3.180353 -3.439872 0.179584
v 4.797113 -2.770188 0.179584
v 4.127430 -1.153428 0.179584
v 3.180654 -1.149242 -0.197937
v 3.245560 -1.302032 -0.523977
v 3.059735 -1.401356 -0.523976
v 4.731718 -2.295050 -0.523977
v 3.656882 -3.369886 -0.523976
v 3.656789 -1.266548 -0.529176
v 4.685340 -2.295100 -0.529176
v 3.159749 -0.919754 -0.092620
v 3.368425 -1.009754 0.200454
v 3.726572 -0.919754 -0.244501
v 3.317604 -0.522316 -0.298342
v 0.371802 0.177684 0.288477
v 0.374162 0.175062 0.405841
v -0.128178 0.545458 -0.298342
v -0.198903 0.516153 -0.298342
v 3.574692 -0.919754 0.322323
v 3.814260 -0.919754 0.082755
v 3.247437 -0.919754 0.234635
v 3.166404 -0.643965 0.063503
v 0.751101 0.244642 0.063503
v 3.910506 -0.718824 -0.005533
v 3.399318 -0.718824 -0.332789
v 3.487006 -0.718824 -0.344333
v 3.574694 -0.718824 0.321723
v 3.814262 -0.893239 -0.093221
v 3.780416 -0.893239 -0.174933
v 3.825806 -0.893239 -0.005533
v 3.656789 -1.395585 0.510824
v 3.481302 -1.412868 0.510824
v 3.481302 -1.412868 -0.529176
v 4.556305 -2.295099 0.510824
v 4.539021 -2.119613 -0.529176
v 2.757273 -2.295100 -0.529176
v 2.774557 -2.470587 0.510824
v 2.774557 -2.470587 -0.529176
v 3.832276 -3.177332 -0.529176
v 2.988609 -1.700125 0.407493
v 2.988609 -1.700125 0.154159
v 3.061814 -1.626920 0.154159
v 3.475616 -3.171248 0.407492
v 3.475616 -3.171248 0.154159
v 3.375616 -3.144454 0.154159
v 4.506142 -2.013927 0.407493
v 4.506142 -2.013927 0.154159
v 4.532937 -2.113926 0.154159
v 3.556789 -2.468305 -0.192508
v 3.856789 -2.295100 -0.192508
v 3.760082 -1.709605 -0.303760
v 4.003157 -2.255882 -0.410783
v 3.192931 -2.472980 -0.387921
v 3.517570 -2.614672 -0.410783
v 4.042767 -2.607872 -0.387921
v 3.837963 -3.171248 0.245270
v 3.837963 -3.171248 0.343048
v 3.098089 -2.498394 -0.303760
v 4.112197 -2.677303 -0.303760
v 3.483584 -2.195101 0.863493
v 3.556789 -2.468305 0.343048
v 3.829994 -2.195101 0.863493
v 3.856789 -2.295100 0.343048
v 3.061814 -1.626920 0.407493
v 3.375616 -3.144454 0.407492
v 4.532937 -2.113926 0.407493
v 3.449640 -2.014746 -0.410783
v 3.344017 -1.909122 -0.387921
v 4.147441 -2.217221 -0.387921
v 3.478909 -2.758959 -0.387921
v 2.711279 -2.483173 -0.529176
v 3.468715 -1.349590 -0.529176
v 0.880271 0.372622 0.100159
v 3.825804 -0.722316 -0.004932
v 3.317605 -0.722316 0.288477
v 3.317604 -0.722316 -0.298342
v 3.418581 -2.425923 0.862889
v 3.381539 -2.385280 0.862889
v 3.456787 -2.295096 0.862889
v 3.483582 -2.395097 0.862889
v 3.405900 -0.925343 0.947263
v 3.656789 -2.198627 -0.469174
v 3.705025 -2.211552 -0.469174
v 3.560317 -2.295100 -0.469174
v 3.656789 -2.198627 -0.369174
v 3.608553 -2.211552 -0.469174
v 3.705025 -2.211552 -0.369174
v 3.453723 -1.297191 0.510824
v 4.614337 -2.296203 0.510824
v 3.654724 -3.255816 0.510824
v 2.652543 -2.496243 0.510824
v 2.710570 -2.687534 0.510824
v 2.632949 -2.297307 0.510824
v 2.628237 -2.295100 -0.529176
v 3.857449 -3.303889 -0.529176
v 3.655481 -1.167634 -0.199843
v 2.625019 -1.609179 0.179584
v 2.614674 -2.727098 0.181491
v 2.966420 -3.325521 0.179584
v 3.873428 -3.399916 0.181491
v 3.875575 -3.402287 -0.199843
v 3.656882 -1.220215 -0.523976
v 4.757274 -2.077147 0.181491
v 4.761968 -2.075706 -0.199843
v 4.665577 -2.094440 -0.529176
v 2.602699 -2.504740 -0.523976
v 4.652775 -2.098372 0.510824
v 3.851594 -3.297423 0.510824
v 4.341362 -1.267776 0.179584
v 2.582046 -2.295050 -0.523976
v 4.682764 -2.984120 0.179584
v 3.456128 -1.286311 -0.529176
v 2.648000 -2.495760 -0.529176
v 2.550659 -2.516070 0.181491
v 4.711065 -2.085361 -0.523976
v 3.866572 -3.349234 -0.523976
v 3.318758 -0.722316 0.163314
v 3.261090 -0.722316 -0.078832
v 3.548587 -0.722316 0.224897
v 3.716834 -0.722316 0.056650
v 3.652482 -0.392317 0.039407
v 0.371802 0.577684 0.288477
v 0.374162 0.581622 0.405841
v -0.228198 0.445406 -0.298342
v -0.228198 0.309468 -0.298342
v 3.655251 -0.722316 -0.173180
v 0.371802 0.209458 -0.298342
v 3.156501 -0.669448 -0.004379
v 3.780416 -0.893239 0.163867
v 3.814262 -0.893239 0.082155
v 3.312559 -1.464056 -0.529176
v 4.487834 -1.950871 -0.529176
v 4.539021 -2.119613 0.510824
v 2.825744 -2.639331 -0.529176
v 3.832276 -3.177332 0.510824
v 4.001019 -3.126144 -0.529176
v 3.734669 -1.804447 -0.387921
v 4.242284 -2.191808 -0.303760
v 3.274587 -1.839694 -0.303760
v 3.453496 -2.853801 -0.303760
v 3.856789 -2.295100 -0.345841
v 3.556789 -2.468305 -0.345841
v 3.263230 -0.634578 0.110821
v 0.320082 0.610916 0.100159
v 3.394148 -0.586292 0.862889
v 3.483582 -2.195096 0.862889
v 3.556787 -2.121891 0.862889
v 3.756787 -2.121891 0.862889
v 3.740337 -2.246864 -0.469174
v 3.573242 -2.246864 -0.469174
v 3.740337 -2.246864 -0.369174
v 3.573242 -2.246864 -0.369174
v 3.786789 -2.520267 1.145072
v 3.262433 -1.355218 0.510824
v 4.050398 -3.245359 -0.529176
v 4.697770 -1.864069 -0.199843
v 4.087211 -3.338089 -0.199843
v 4.042884 -3.239397 0.510824
v 2.548994 -2.515893 -0.199843
v 4.594747 -1.907082 0.510824
v 3.263179 -1.344842 -0.529176
v 2.706531 -2.688709 -0.529176
v 4.607047 -1.901490 -0.529176
v 3.365867 -0.392317 0.116205
v 0.371802 0.177682 -0.210992
v 1.945776 -0.332316 -0.298342
v 1.945776 -0.332316 -0.210992
v 0.371802 0.177682 -0.298342
v 3.574694 -0.718824 -0.332789
v 3.157045 -1.547179 -0.529176
v 4.404710 -1.795356 -0.529176
v 2.908868 -2.794844 -0.529176
v 4.156533 -3.043020 -0.529176
v 4.343908 -2.164577 -0.165192
v 3.200193 -1.765300 -0.165192
v 3.426266 -2.955425 -0.165192
v 0.290287 0.512682 0.143461
v 3.656787 -2.095096 0.862889
v 3.258116 -0.771746 0.862889
v 3.556787 -2.468302 0.862889
v 3.753262 -2.295100 -0.469174
v 3.086138 -1.449450 0.510824
v 2.804801 -2.863828 0.510824
v 4.228221 -3.150311 -0.529176
v 2.613193 -2.727530 -0.199843
v 4.084456 -3.335901 0.181491
v 4.693260 -1.866119 0.181490
v 4.649901 -1.883729 -0.523977
v 4.802074 -1.820855 -0.197937
v 4.500516 -1.730788 0.510824
v 4.219179 -3.145165 0.510824
v 2.801579 -2.866533 -0.529176
v 2.663863 -2.706372 -0.523976
v 4.068204 -3.288069 -0.523976
v 3.085356 -1.439890 -0.529176
v 4.511998 -1.723667 -0.529176
v 3.148206 -0.893239 -0.005533
v 3.592402 -2.554142 0.862889
v 3.373047 -0.717918 0.947263
v 3.756787 -2.468302 0.670889
v 2.509040 -2.770662 -0.197936
v 4.130458 -3.442276 -0.197936
vn 0.4804 -0.1605 -0.8622
vn 0.4016 -0.1140 -0.9087
vn 0.2029 -0.1582 -0.9663
vn -0.1716 0.7487 0.6404
vn -0.0000 0.7487 0.6629
vn -0.0000 1.0000 -0.0000
vn -0.0000 0.7487 -0.6629
vn 0.1716 0.7487 -0.6403
vn 0.6629 0.7487 -0.0000
vn 0.6403 0.7487 -0.1716
vn 0.1716 0.7487 0.6403
vn 0.3315 0.7487 0.5741
vn -0.6404 0.7487 0.1716
vn -0.6403 0.7487 0.1716
vn -0.6629 0.7487 -0.0000
vn -0.3315 0.7487 -0.5741
vn -0.1716 0.7487 -0.6403
vn 0.5741 0.7487 -0.3315
vn 0.4688 0.7487 -0.4688
vn 0.4688 0.7487 0.4688
vn 0.5741 0.7487 0.3315
vn -0.5741 0.7487 0.3315
vn -0.4688 0.7487 0.4688
vn -0.4688 0.7487 -0.4688
vn -0.5741 0.7487 -0.3315
vn 0.3315 0.7487 -0.5741
vn 0.6403 0.7487 0.1716
vn -0.3315 0.7487 0.5741
vn -0.6403 0.7487 -0.1716
vn 0.2588 -0.0000 0.9659
vn 0.0438 -0.0000 0.9990
vn 0.1305 -0.0000 0.9914
vn -0.0000 -1.0000 -0.0000
vn 0.2588 -0.0000 -0.9659
vn 0.3723 -0.0000 -0.9281
vn 0.1751 0.0017 -0.9845
vn -0.1305 -0.0000 -0.9914
vn -0.2588 -0.0000 -0.9659
vn -0.8489 -0.1979 -0.4901
vn -0.6931 -0.1979 -0.6931
vn 0.2537 -0.1979 0.9468
vn -0.0000 -0.1979 0.9802
vn -0.4901 -0.1979 0.8489
vn -0.2537 -0.1979 0.9468
vn 1.0000 -0.0099 -0.0000
vn -0.4901 -0.1979 -0.8489
vn -0.6931 -0.1979 0.6931
vn -0.2537 -0.1979 -0.9468
vn -0.8489 -0.1979 0.4901
vn -0.0000 -0.1979 -0.9802
vn -0.9468 -0.1979 0.2537
vn 0.2537 -0.1979 -0.9468
vn -0.9802 -0.1979 -0.0000
vn 0.4804 -0.1605 0.8622
vn 0.4069 -0.1858 0.8944
vn 0.2030 -0.1582 0.9663
vn 0.4901 -0.1979 -0.8489
vn -0.9468 -0.1979 -0.2537
vn 0.4901 -0.1979 0.8489
vn 0.4069 -0.1858 -0.8944
vn -0.1246 -0.9896 -0.0720
vn -0.1239 -0.9897 0.0715
vn -0.1877 -0.9760 0.1106
vn -0.2588 -0.0000 0.9659
vn -0.1305 -0.0000 0.9914
vn -0.2177 -0.0000 0.9760
vn 0.0438 -0.0000 -0.9990
vn -0.2176 -0.0000 -0.9760
vn -0.1777 -0.0012 -0.9841
vn 0.3722 -0.0000 0.9282
vn -1.0000 -0.0000 -0.0000
vn -0.9998 -0.0000 -0.0201
vn -0.0000 -0.0000 1.0000
vn 0.3082 0.9513 -0.0000
vn 0.3107 0.9505 -0.0104
vn 0.3125 0.9498 -0.0107
vn -0.3352 -0.9421 -0.0000
vn -0.2370 -0.6662 0.7071
vn -0.3051 -0.8462 0.4369
vn -0.3334 -0.9426 0.0199
vn -0.3352 -0.9421 0.0046
vn -0.3382 -0.9409 0.0206
vn 0.2180 0.6727 0.7071
vn 0.2744 0.8469 0.4555
vn -0.0000 -0.0000 -1.0000
vn -0.3197 -0.9475 0.0069
vn 0.3150 0.9326 -0.1763
vn 0.2335 0.6674 0.7071
vn 0.2341 0.6699 0.7046
vn 0.1762 -0.0000 0.9844
vn -0.1897 -0.9761 -0.1062
vn -0.2348 -0.6670 0.7071
vn -0.2354 -0.6695 0.7046
vn 0.3205 0.9290 0.1851
vn 0.3161 0.9310 0.1825
vn 0.3215 0.9469 0.0070
vn -0.1767 -0.0000 0.9843
vn 0.3107 0.9505 0.0104
vn -0.3459 -0.9375 -0.0384
vn -0.3382 -0.9409 -0.0206
vn 0.3183 0.9472 -0.0377
vn 0.3111 0.9501 -0.0214
vn -0.9998 -0.0000 0.0201
vn 0.3111 0.9502 0.0214
vn 0.7217 -0.0000 0.6922
vn 0.9998 -0.0000 -0.0201
vn 0.9998 -0.0000 0.0201
vn 0.7049 -0.0000 0.7093
vn -0.0000 -0.9995 0.0329
vn 0.1919 -0.9810 0.0284
vn -0.0000 -0.9995 -0.0329
vn 0.1983 -0.9797 -0.0282
vn 0.1919 -0.9810 -0.0284
vn -0.0000 0.9999 -0.0140
vn 0.1923 0.9813 -0.0099
vn -0.0000 0.9999 0.0140
vn 0.1978 0.9802 0.0098
vn 0.1923 0.9813 0.0099
vn 0.9802 0.1972 -0.0169
vn 0.9811 0.1929 -0.0170
vn 0.9816 -0.1906 -0.0135
vn 0.9816 -0.1906 0.0135
vn 0.9811 0.1929 0.0170
vn 0.9802 0.1972 0.0169
vn 0.3827 -0.9236 -0.0227
vn 0.9239 -0.3826 0.0060
vn 0.9798 -0.1994 0.0131
vn 0.9238 0.3827 0.0132
vn 0.3827 0.9239 -0.0053
vn 0.1978 0.9802 -0.0098
vn 0.9798 -0.1994 -0.0131
vn 0.9239 -0.3826 -0.0060
vn 0.3827 -0.9236 0.0227
vn 0.1983 -0.9797 0.0282
vn 0.3827 0.9239 0.0053
vn 0.3826 0.9239 0.0053
vn 0.9238 0.3827 -0.0132
vn 0.4016 -0.1140 0.9087
vn 0.1305 -0.0000 -0.9914
vn 0.1903 0.5872 0.7868
vn -0.3352 -0.9421 -0.0046
vn -0.3459 -0.9375 0.0384
vn -0.2072 -0.5824 0.7860
vn 0.1530 -0.0876 -0.9843
vn -0.4548 -0.8833 0.1139
vn -0.2289 -0.6543 0.7207
vn -0.2335 -0.6674 0.7071
vn 0.3144 0.9318 -0.1815
vn 0.3268 0.9283 0.1774
vn 0.2302 0.6539 0.7207
vn 0.2348 0.6670 0.7071
vn -0.1507 0.0907 -0.9844
vn 0.3183 0.9472 0.0377
vn 0.7066 -0.0000 0.7076
vn 0.6408 -0.0000 0.7677
vn 0.6925 -0.0000 0.7214
vn 0.6968 -0.0000 0.7173
vn 0.6496 -0.0000 0.7603
vn 0.7110 -0.0000 0.7032
vn -0.0000 -0.0000 -0.0000
vn 0.1345 0.3653 0.9211
vn 0.1353 0.3679 0.9200
vn 0.1353 0.3678 0.9200
vn 0.3199 0.8696 0.3762
vn 0.3202 0.8706 0.3735
vn 0.3202 0.8706 0.3736
vn 0.3202 0.8706 -0.3736
vn 0.3202 0.8706 -0.3735
vn 0.3199 0.8696 -0.3762
vn 0.1353 0.3678 -0.9200
vn 0.1353 0.3679 -0.9200
vn 0.1345 0.3653 -0.9211
vn -0.1354 -0.3678 -0.9200
vn -0.1346 -0.3653 -0.9211
vn -0.3207 -0.8704 -0.3736
vn -0.3207 -0.8704 -0.3735
vn -0.3204 -0.8694 -0.3762
vn -0.3204 -0.8694 0.3762
vn -0.3207 -0.8704 0.3735
vn -0.3207 -0.8704 0.3736
vn -0.1346 -0.3653 0.9211
vn -0.1354 -0.3678 0.9200
vn -1.0000 -0.0000 0.0065
vn 0.9287 -0.3707 -0.0061
vn 1.0000 -0.0000 -0.0000
vn -0.7071 -0.0000 -0.7071
vn -0.7071 -0.0000 0.7071
vn 0.7071 -0.0000 0.7071
vn 0.7071 -0.0000 -0.7071
vn -0.9239 -0.3827 -0.0000
vn -0.3827 -0.9239 -0.0000
vn -0.9239 0.3827 -0.0000
vn -0.3827 0.9239 -0.0000
vn 0.1345 0.3652 0.9211
vn 0.3199 0.8695 0.3762
vn 0.3199 0.8695 -0.3762
vn -0.1345 -0.3652 -0.9211
vn -0.1345 -0.3652 0.9211
vn -0.5000 -0.0000 0.8660
vn -0.8660 -0.0000 0.5000
vn -0.9659 -0.0000 0.2588
vn -0.9659 -0.0000 -0.2588
vn -0.8660 -0.0000 -0.5000
vn -0.5000 -0.0000 -0.8660
vn -0.3827 -0.0000 -0.9239
vn -0.0000 0.7071 0.7071
vn 0.3827 -0.0000 -0.9239
vn 0.5000 -0.0000 -0.8660
vn 0.8660 -0.0000 -0.5000
vn 0.9659 -0.0000 -0.2588
vn 0.9659 -0.0000 0.2588
vn 0.8660 -0.0000 0.5000
vn 0.5000 -0.0000 0.8660
vn -0.0021 -0.7372 0.6757
vn -0.0000 -0.7348 0.6783
vn -0.0000 0.7348 0.6783
vn -0.0000 -0.7071 0.7071
vn -0.0000 0.4020 0.9157
vn 0.0146 -0.7357 0.6772
vn 0.0222 -0.7361 0.6765
vn -0.0003 0.7351 0.6780
vn 0.0005 0.7318 0.6815
vn 0.3257 -0.0000 0.9455
vn -0.3257 -0.0000 0.9455
vn -0.0000 -0.4020 0.9157
vn -0.5860 -0.1714 -0.7920
vn -0.3346 0.4632 -0.8207
vn -0.1436 0.9279 -0.3442
vn -0.1436 0.9278 0.3442
vn -0.3346 0.4632 0.8207
vn 0.9310 -0.3651 -0.0030
vn 0.9305 -0.3663 -0.0000
vn 0.9321 -0.3622 0.0043
vn 0.9310 -0.3651 0.0030
vn 0.9332 -0.3592 0.0031
vn 0.9337 -0.3581 -0.0000
vn 0.9321 -0.3622 -0.0043
vn 0.9332 -0.3593 -0.0031
vn 0.9332 -0.3593 0.0031
vn 0.9332 -0.3592 -0.0031
vn 0.2382 0.3139 0.9191
vn 0.0918 0.1138 0.9893
vn 0.1410 0.1838 0.9728
vn 0.5885 0.7215 0.3648
vn 0.3182 0.3828 0.8673
vn 0.3868 0.4701 0.7934
vn 0.4613 0.5550 0.6922
vn 0.4678 0.5628 0.6815
vn 0.5958 0.7168 -0.3622
vn 0.4945 0.6130 0.6162
vn 0.2828 0.3506 0.8928
vn 0.2506 0.3108 -0.9168
vn -0.2403 -0.3362 0.9106
vn -0.2831 -0.3960 0.8735
vn -0.2263 -0.3166 -0.9212
vn -0.1528 -0.3034 0.9405
vn -0.3503 -0.6952 0.6277
vn -0.4139 -0.8216 -0.3919
vn -0.3775 -0.8279 0.4149
vn -0.2234 -0.4435 0.8680
vn -0.1971 -0.5403 0.8180
vn -0.2043 -0.3172 0.9261
vn -0.0847 -0.1185 0.9893
vn -0.1114 -0.1887 0.9757
vn -0.0804 -0.1890 0.9787
vn -0.1529 -0.3594 0.9206
vn -0.2216 -0.5210 0.8243
vn -0.3629 -0.8531 0.3749
vn -0.3629 -0.8531 -0.3749
vn -0.1529 -0.3594 -0.9206
vn 0.1529 0.3594 -0.9206
vn 0.3629 0.8531 -0.3749
vn 0.2216 0.5210 0.8243
vn 0.3629 0.8531 0.3749
vn 0.0804 0.1890 0.9787
vn 0.1529 0.3594 0.9206
vn -0.7449 -0.5873 -0.3165
vn -0.7449 -0.5873 0.3165
vn -0.5860 -0.1714 0.7920
vn -0.1436 0.9278 -0.3442
vn -0.1436 0.9279 0.3442
vn 0.2341 0.3274 0.9154
vn 0.5862 0.7266 0.3583
vn 0.5827 0.7222 -0.3726
vn 0.5930 0.7215 -0.3573
vn 0.5862 0.7266 -0.3583
vn 0.2248 0.3144 -0.9223
vn 0.2474 0.3216 -0.9140
vn 0.2341 0.3274 -0.9154
vn -0.1653 -0.3280 -0.9301
vn -0.2178 -0.3344 -0.9169
vn -0.1770 -0.3514 -0.9193
vn -0.2664 -0.8675 -0.4200
vn -0.3915 -0.8412 -0.3730
vn -0.2724 -0.8870 -0.3727
vn -0.2724 -0.8870 0.3727
vn -0.1770 -0.3514 0.9193
vn -0.0755 -0.1774 0.9812
vn -0.2160 -0.5077 0.8340
vn -0.3082 -0.7245 0.6166
vn -0.3203 -0.7529 0.5750
vn -0.3697 -0.8690 0.3289
vn -0.3664 -0.8614 0.3519
vn 0.3697 0.8690 0.3289
vn 0.3664 0.8614 0.3519
vn 0.3082 0.7245 0.6166
vn 0.3203 0.7529 0.5750
vn 0.2160 0.5077 0.8340
vn 0.0755 0.1774 0.9812
vn 0.8947 -0.4467 -0.0000
vn 0.8066 -0.5911 -0.0000
vn 0.6696 0.7427 -0.0000
vn 0.5122 0.8589 -0.0000
vn -0.1129 -0.0000 0.9936
vn -0.6894 0.7244 -0.0000
vn -0.5505 0.8348 -0.0000
vn 0.0001 1.0000 -0.0000
vn 0.2182 0.9759 -0.0000
vn 0.9572 -0.2895 -0.0000
vn 0.9566 0.2913 -0.0000
vn 0.8691 0.4946 -0.0000
vn 0.8691 0.4945 -0.0000
vn 0.5901 0.8073 -0.0000
vn 0.6669 0.7452 -0.0000
vn -0.8065 0.5913 -0.0000
vn -0.6694 -0.7429 -0.0000
vn -0.5919 -0.8060 -0.0000
vn -0.5901 -0.8073 -0.0000
vn 0.8963 -0.4433 -0.0000
vn 0.8063 -0.5915 -0.0000
vn 0.8672 0.4979 -0.0000
vn 0.9552 0.2959 -0.0000
vn 0.9594 -0.2819 -0.0000
vn -0.6695 -0.7429 -0.0000
vn -0.8683 -0.4960 -0.0000
vn -0.9557 -0.2942 -0.0000
vn -0.9594 0.2822 -0.0000
vn -0.8963 0.4435 -0.0000
vn 0.0047 -1.0000 -0.0000
vn -0.1227 -0.0000 -0.9924
vn 0.8964 -0.4433 -0.0000
vn -0.4804 0.1605 0.8622
vn -0.2029 0.1582 0.9663
vn -0.4016 0.1140 0.9087
vn 0.1716 -0.7487 -0.6404
vn -0.0000 -0.7487 -0.6629
vn -0.0000 -0.7487 0.6629
vn -0.1716 -0.7487 0.6403
vn -0.6629 -0.7487 -0.0000
vn -0.6403 -0.7487 0.1716
vn -0.1716 -0.7487 -0.6403
vn -0.3315 -0.7487 -0.5741
vn 0.6404 -0.7487 -0.1716
vn 0.6629 -0.7487 -0.0000
vn 0.6403 -0.7487 -0.1716
vn 0.3315 -0.7487 0.5741
vn 0.1716 -0.7487 0.6403
vn -0.5741 -0.7487 0.3315
vn -0.4688 -0.7487 0.4688
vn -0.4688 -0.7487 -0.4688
vn -0.5741 -0.7487 -0.3315
vn 0.5741 -0.7487 -0.3315
vn 0.4688 -0.7487 -0.4688
vn 0.4688 -0.7487 0.4688
vn 0.5741 -0.7487 0.3315
vn -0.3315 -0.7487 0.5741
vn -0.6403 -0.7487 -0.1716
vn 0.3315 -0.7487 -0.5741
vn 0.6403 -0.7487 0.1716
vn -0.0438 -0.0000 -0.9990
vn -0.1761 -0.0000 0.9844
vn -0.3723 -0.0000 0.9281
vn 0.8489 0.1979 0.4901
vn 0.6931 0.1979 0.6931
vn -0.2537 0.1979 -0.9468
vn -0.0000 0.1979 -0.9802
vn 0.4901 0.1979 -0.8489
vn 0.2537 0.1979 -0.9468
vn -1.0000 0.0099 -0.0000
vn 0.4901 0.1979 0.8489
vn 0.6931 0.1979 -0.6931
vn 0.2537 0.1979 0.9468
vn 0.8489 0.1979 -0.4901
vn -0.0000 0.1979 0.9802
vn 0.9468 0.1979 -0.2537
vn -0.2537 0.1979 0.9468
vn 0.9802 0.1979 -0.0000
vn -0.4804 0.1605 -0.8622
vn -0.2030 0.1582 -0.9663
vn -0.4069 0.1858 -0.8944
vn -0.4901 0.1979 0.8489
vn 0.9468 0.1979 0.2537
vn -0.4901 0.1979 -0.8489
vn -0.4069 0.1858 0.8944
vn 0.1246 0.9896 0.0720
vn 0.1239 0.9897 -0.0715
vn 0.1886 0.9764 -0.1056
vn 0.2177 -0.0000 -0.9760
vn -0.0438 -0.0000 0.9990
vn 0.1767 -0.0000 0.9843
vn 0.2176 -0.0000 0.9760
vn -0.3722 -0.0000 -0.9282
vn -0.3082 -0.9513 -0.0000
vn -0.3082 -0.9513 0.0075
vn -0.3107 -0.9505 0.0104
vn 0.3352 0.9421 -0.0000
vn 0.3012 0.8356 0.4593
vn 0.2370 0.6662 0.7071
vn 0.3391 0.9406 -0.0157
vn 0.3382 0.9409 -0.0206
vn 0.3352 0.9421 -0.0046
vn -0.2761 -0.8520 0.4449
vn -0.2180 -0.6727 0.7071
vn 0.3298 0.9440 -0.0073
vn -0.3150 -0.9326 0.1763
vn -0.2324 -0.6652 0.7096
vn -0.1762 -0.0000 -0.9844
vn 0.1897 0.9761 0.1062
vn 0.2337 0.6647 0.7096
vn -0.3167 -0.9318 -0.1772
vn -0.3317 -0.9434 -0.0073
vn -0.3161 -0.9310 -0.1825
vn 0.1767 -0.0000 -0.9843
vn -0.3107 -0.9505 -0.0104
vn 0.3382 0.9409 0.0206
vn 0.3459 0.9375 0.0384
vn -0.3111 -0.9502 0.0214
vn -0.3183 -0.9472 0.0377
vn -0.3111 -0.9502 -0.0214
vn -0.7073 -0.0000 0.7069
vn -0.7192 -0.0000 0.6948
vn -0.0000 0.9995 -0.0329
vn -0.1919 0.9810 -0.0284
vn -0.0000 0.9995 0.0329
vn -0.1919 0.9810 0.0284
vn -0.1983 0.9797 0.0282
vn -0.0000 -0.9999 0.0140
vn -0.1923 -0.9813 0.0099
vn -0.0000 -0.9999 -0.0140
vn -0.1923 -0.9813 -0.0099
vn -0.1978 -0.9802 -0.0098
vn -0.9802 -0.1972 0.0169
vn -0.9816 0.1906 0.0135
vn -0.9811 -0.1929 0.0170
vn -0.9816 0.1906 -0.0135
vn -0.9802 -0.1972 -0.0169
vn -0.9811 -0.1929 -0.0170
vn -0.3827 0.9236 0.0227
vn -0.9239 0.3826 -0.0060
vn -0.9798 0.1994 -0.0131
vn -0.9238 -0.3827 -0.0132
vn -0.3827 -0.9239 0.0053
vn -0.1978 -0.9802 0.0098
vn -0.9798 0.1994 0.0131
vn -0.9239 0.3826 0.0060
vn -0.3827 0.9236 -0.0227
vn -0.1983 0.9797 -0.0282
vn -0.3826 -0.9239 -0.0053
vn -0.3827 -0.9239 -0.0053
vn -0.9238 -0.3827 0.0132
vn -0.4016 0.1140 -0.9087
vn -0.1900 -0.5827 0.7902
vn 0.3352 0.9421 0.0046
vn 0.3459 0.9375 -0.0384
vn 0.2148 0.5964 0.7734
vn 0.1763 -0.0000 0.9843
vn 0.1888 0.9763 -0.1054
vn 0.2301 0.6602 0.7149
vn -0.3144 -0.9318 0.1815
vn -0.3167 -0.9318 -0.1771
vn -0.2313 -0.6580 0.7167
vn -0.1759 -0.0000 0.9844
vn -0.3183 -0.9472 -0.0377
vn -0.6925 -0.0000 0.7214
vn -0.7066 -0.0000 0.7076
vn -0.6536 -0.0000 0.7568
vn -0.7110 -0.0000 0.7032
vn -0.6968 -0.0000 0.7173
vn -0.6368 -0.0000 0.7710
vn -0.1345 -0.3653 -0.9211
vn -0.1353 -0.3678 -0.9200
vn -0.1353 -0.3679 -0.9200
vn -0.3199 -0.8696 -0.3762
vn -0.3202 -0.8706 -0.3736
vn -0.3202 -0.8706 -0.3735
vn -0.3202 -0.8706 0.3736
vn -0.3199 -0.8696 0.3762
vn -0.3202 -0.8706 0.3735
vn -0.1353 -0.3678 0.9200
vn -0.1345 -0.3653 0.9211
vn -0.1353 -0.3679 0.9200
vn 0.1354 0.3678 0.9200
vn 0.1346 0.3653 0.9211
vn 0.3207 0.8704 0.3736
vn 0.3204 0.8694 0.3762
vn 0.3207 0.8704 0.3735
vn 0.3204 0.8694 -0.3762
vn 0.3207 0.8704 -0.3736
vn 0.3207 0.8704 -0.3735
vn 0.1346 0.3653 -0.9211
vn 0.1354 0.3678 -0.9200
vn -0.3199 -0.8695 -0.3762
vn -0.3199 -0.8695 0.3762
vn 0.1345 0.3652 -0.9211
vn 0.3827 -0.0000 0.9239
vn -0.3827 -0.0000 0.9239
vn -0.0008 0.7378 0.6750
vn 0.0146 0.7338 0.6792
vn -0.0222 0.7331 0.6797
vn 0.0003 -0.7345 0.6786
vn 0.0027 -0.7340 0.6792
vn -0.1951 -0.9808 -0.0000
vn 0.1951 -0.9808 -0.0000
vn 0.3827 -0.9239 -0.0000
vn 0.5556 -0.8315 -0.0000
vn -0.5556 -0.8315 -0.0000
vn 0.7071 -0.7071 -0.0000
vn -0.7071 -0.7071 -0.0000
vn -0.8315 -0.5556 -0.0000
vn 0.8315 -0.5556 -0.0000
vn 0.9239 -0.3827 -0.0000
vn -0.9808 -0.1951 -0.0000
vn 0.9808 -0.1951 -0.0000
vn 0.9808 0.1951 -0.0000
vn -0.9808 0.1951 -0.0000
vn 0.9239 0.3827 -0.0000
vn -0.8315 0.5556 -0.0000
vn 0.8315 0.5556 -0.0000
vn -0.7071 0.7071 -0.0000
vn 0.7071 0.7071 -0.0000
vn 0.5556 0.8315 -0.0000
vn -0.5556 0.8315 -0.0000
vn 0.3827 0.9239 -0.0000
vn 0.1951 0.9808 -0.0000
vn -0.1951 0.9808 -0.0000
vn 0.0007 -0.0004 -1.0000
vn 0.0008 -0.0000 -1.0000
vn -0.0007 0.0004 -1.0000
vn -0.0004 0.0007 -1.0000
vn 0.0004 0.0007 -1.0000
vn -0.0000 0.0008 -1.0000
vn -0.0004 -0.0007 -1.0000
vn -0.0007 -0.0004 -1.0000
vn 0.0004 -0.0007 -1.0000
vn 0.0007 0.0004 -1.0000
vn -0.0008 -0.0000 -1.0000
vn -0.0000 -0.0008 -1.0000
vn -0.4210 0.9071 -0.0000
vn -0.0890 0.9960 -0.0000
vn -0.9960 0.0890 -0.0000
vn -0.9071 0.4210 -0.0000
vn -0.5751 -0.8181 -0.0000
vn -0.8181 -0.5751 -0.0000
vn -0.3805 -0.1020 0.9191
vn -0.1219 -0.0327 0.9920
vn 0.4210 -0.9071 -0.0000
vn 0.0890 -0.9960 -0.0000
vn 0.9960 -0.0890 -0.0000
vn 0.9071 -0.4210 -0.0000
vn 0.5751 0.8181 -0.0000
vn 0.8181 0.5751 -0.0000
vn -0.6806 0.6806 -0.2714
vn -0.9659 -0.2588 -0.0000
vn -0.9297 -0.2491 -0.2714
vn -0.2588 -0.9659 -0.0000
vn -0.2491 -0.9297 -0.2714
vn 0.6806 -0.6806 -0.2714
vn 0.9659 0.2588 -0.0000
vn 0.9297 0.2491 -0.2714
vn 0.2491 0.9297 -0.2714
vn 0.2588 0.9659 -0.0000
vn 0.5838 -0.5838 -0.5643
vn -0.7974 -0.2137 -0.5643
vn -0.2785 0.2785 0.9191
vn -0.0892 0.0892 0.9920
vn -0.2588 0.9659 -0.0000
vn -0.1020 -0.3805 0.9191
vn -0.0327 -0.1219 0.9920
vn 0.3805 0.1020 0.9191
vn 0.1219 0.0327 0.9920
vn -0.2785 0.2785 -0.9191
vn -0.0892 0.0892 -0.9920
vn 0.3805 0.1020 -0.9191
vn 0.1219 0.0327 -0.9920
vn -0.9659 0.2588 -0.0000
vn -0.8270 -0.2216 0.5167
vn -0.8753 -0.2345 0.4229
vn -0.2216 -0.8270 0.5167
vn -0.2345 -0.8753 0.4229
vn -0.1020 -0.3805 -0.9191
vn -0.0327 -0.1219 -0.9920
vn 0.1080 0.4029 -0.9089
vn 0.1883 0.7029 -0.6859
vn 0.2588 -0.9659 -0.0000
vn 0.6054 -0.6054 0.5167
vn 0.6408 -0.6408 0.4229
vn -0.4029 -0.1080 0.9089
vn -0.7029 -0.1884 0.6859
vn 0.7974 0.2137 -0.5643
vn -0.3805 -0.1020 -0.9191
vn -0.1219 -0.0327 -0.9920
vn 0.4029 0.1080 -0.9089
vn 0.7029 0.1883 -0.6859
vn 0.2949 -0.2949 0.9089
vn 0.5146 -0.5146 0.6859
vn -0.5838 0.5838 -0.5643
vn 0.2785 -0.2785 -0.9191
vn 0.0892 -0.0892 -0.9920
vn -0.2949 0.2949 -0.9089
vn -0.5146 0.5146 -0.6859
vn 0.4029 0.1080 0.9089
vn 0.7029 0.1884 0.6859
vn -0.4029 -0.1080 -0.9089
vn -0.7029 -0.1883 -0.6859
vn 0.8270 0.2216 0.5167
vn 0.8753 0.2345 0.4229
vn 0.2216 0.8270 0.5167
vn 0.2345 0.8753 0.4229
vn 0.9659 -0.2588 -0.0000
vn 0.1080 0.4029 0.9089
vn 0.1884 0.7029 0.6859
vn -0.2137 -0.7974 -0.5643
vn 0.1020 0.3805 -0.9191
vn 0.0327 0.1219 -0.9920
vn -0.1080 -0.4029 -0.9089
vn -0.1884 -0.7029 -0.6859
vn 0.2949 -0.2949 -0.9089
vn 0.5146 -0.5146 -0.6859
vn -0.6054 0.6054 0.5167
vn -0.6408 0.6408 0.4229
vn 0.2785 -0.2785 0.9191
vn 0.0892 -0.0892 0.9920
vn -0.2949 0.2949 0.9089
vn -0.5146 0.5146 0.6859
vn -0.5000 0.8660 -0.0000
vn -0.8181 0.5751 -0.0000
vn -0.9960 -0.0890 -0.0000
vn -0.8660 -0.5000 -0.0000
vn -0.5000 -0.8660 -0.0000
vn -0.0890 -0.9960 -0.0000
vn 0.5751 -0.8181 -0.0000
vn 0.8660 -0.5000 -0.0000
vn 0.9071 0.4210 -0.0000
vn 0.4210 0.9071 -0.0000
vn 0.2137 0.7974 -0.5643
vn 0.4029 0.1079 -0.9089
vn -0.7029 -0.1884 -0.6859
vn -0.8660 0.5000 -0.0000
vn 0.5000 -0.8660 -0.0000
vn 0.8660 0.5000 -0.0000
vn 0.5000 0.8660 -0.0000
vn -0.1884 -0.7029 0.6859
vn 0.1020 0.3805 0.9191
vn 0.0327 0.1219 0.9920
vn -0.1080 -0.4029 0.9089
vn 0.5860 0.1714 0.7920
vn 0.3346 -0.4632 0.8207
vn 0.1436 -0.9279 0.3442
vn 0.1436 -0.9278 -0.3442
vn 0.3346 -0.4632 -0.8207
vn -0.9310 0.3651 0.0030
vn -0.9305 0.3663 -0.0000
vn -0.9321 0.3622 -0.0043
vn -0.9310 0.3651 -0.0030
vn -0.9332 0.3592 -0.0031
vn -0.9337 0.3581 -0.0000
vn -0.9321 0.3622 0.0043
vn -0.9332 0.3593 0.0031
vn -0.9332 0.3593 -0.0031
vn -0.9332 0.3592 0.0031
vn -0.2382 -0.3139 -0.9191
vn -0.5472 -0.7129 -0.4386
vn -0.2828 -0.3506 0.8928
vn -0.5885 -0.7215 -0.3648
vn -0.5667 -0.6887 0.4522
vn -0.4678 -0.5628 0.6815
vn -0.3126 -0.3869 0.8676
vn -0.5885 -0.7215 0.3648
vn -0.3182 -0.3828 0.8673
vn -0.1047 -0.1487 0.9833
vn -0.2382 -0.3139 0.9191
vn -0.0918 -0.1138 0.9893
vn 0.0565 0.1335 0.9894
vn 0.2043 0.3172 0.9261
vn 0.0847 0.1185 0.9893
vn 0.0585 0.2767 0.9592
vn 0.3775 0.8279 0.4149
vn 0.2234 0.4435 0.8680
vn 0.3775 0.8279 -0.4149
vn 0.2972 0.8148 0.4977
vn 0.3503 0.6952 0.6277
vn 0.2043 0.3172 -0.9261
vn 0.4758 0.8062 -0.3516
vn 0.2831 0.3960 0.8735
vn 0.3909 0.9190 0.0512
vn 0.3286 0.7725 0.5433
vn -0.3286 -0.7725 0.5433
vn -0.3909 -0.9190 0.0512
vn 0.7449 0.5873 0.3165
vn 0.7449 0.5873 -0.3165
vn 0.5860 0.1714 -0.7920
vn 0.1436 -0.9278 0.3442
vn 0.1436 -0.9279 -0.3442
vn -0.2341 -0.3274 -0.9154
vn -0.5862 -0.7266 -0.3583
vn -0.5903 -0.7174 0.3699
vn -0.5862 -0.7266 0.3583
vn -0.2389 -0.3113 0.9198
vn -0.2341 -0.3274 0.9154
vn 0.1945 0.3296 0.9239
vn 0.1770 0.3514 0.9193
vn 0.3154 0.8649 0.3905
vn 0.2724 0.8870 0.3727
vn 0.3774 0.8280 0.4148
vn 0.2724 0.8870 -0.3727
vn 0.1770 0.3514 -0.9193
vn 0.2082 0.4895 0.8468
vn 0.0759 0.1783 0.9810
vn -0.0759 -0.1783 0.9810
vn -0.2082 -0.4895 0.8468
vn -0.8947 0.4467 -0.0000
vn -0.8066 0.5911 -0.0000
vn 0.0068 -0.0000 -1.0000
vn -0.6696 -0.7427 -0.0000
vn -0.5122 -0.8589 -0.0000
vn 0.6894 -0.7244 -0.0000
vn 0.5505 -0.8348 -0.0000
vn -0.0001 -1.0000 -0.0000
vn -0.2182 -0.9759 -0.0000
vn -0.9572 0.2895 -0.0000
vn -0.9566 -0.2913 -0.0000
vn -0.8691 -0.4946 -0.0000
vn -0.8691 -0.4945 -0.0000
vn -0.5225 0.8526 -0.0000
vn 0.2334 0.9724 -0.0000
vn 0.8526 0.5225 -0.0000
vn 0.9724 -0.2334 -0.0000
vn 0.5225 -0.8526 -0.0000
vn -0.2334 -0.9724 -0.0000
vn -0.8526 -0.5225 -0.0000
vn -0.9724 0.2334 -0.0000
vn -0.6669 -0.7452 -0.0000
vn 0.8065 -0.5913 -0.0000
vn 0.6694 0.7429 -0.0000
vn 0.5919 0.8060 -0.0000
vn -0.8964 0.4433 -0.0000
vn -0.8063 0.5915 -0.0000
vn -0.8672 -0.4979 -0.0000
vn -0.9552 -0.2959 -0.0000
vn -0.9594 0.2819 -0.0000
vn 0.8683 0.4960 -0.0000
vn 0.6695 0.7429 -0.0000
vn 0.9557 0.2942 -0.0000
vn 0.9594 -0.2822 -0.0000
vn 0.8963 -0.4435 -0.0000
vn -0.0047 1.0000 -0.0000
vn -0.0392 0.0119 0.9992
vn -0.0407 -0.0040 0.9992
vn -0.0391 0.0119 0.9992
vn -0.0317 0.0260 0.9992
vn -0.0316 0.0259 0.9992
vn -0.0193 0.0362 0.9992
vn -0.0193 0.0361 0.9992
vn -0.0040 0.0408 0.9992
vn 0.0119 0.0393 0.9992
vn 0.0261 0.0318 0.9992
vn 0.0260 0.0317 0.9992
vn 0.0362 0.0194 0.9992
vn 0.0409 0.0040 0.9992
vn 0.0393 -0.0119 0.9992
vn 0.0317 -0.0260 0.9992
vn 0.0193 -0.0361 0.9992
vn 0.0193 -0.0362 0.9992
vn 0.0040 -0.0407 0.9992
vn 0.0040 -0.0408 0.9992
vn -0.0119 -0.0391 0.9992
vn -0.0119 -0.0392 0.9992
vn -0.0259 -0.0316 0.9992
vn -0.0360 -0.0193 0.9992
vn 0.0118 0.0388 -0.9992
vn 0.0191 -0.0358 -0.9992
vn 0.0040 -0.0405 -0.9992
vn 0.0192 -0.0359 -0.9992
vn -0.0040 0.0404 -0.9992
vn 0.0313 -0.0257 -0.9992
vn 0.0314 -0.0258 -0.9992
vn -0.0192 0.0359 -0.9992
vn 0.0388 -0.0118 -0.9992
vn -0.0405 -0.0040 -0.9992
vn -0.0191 0.0358 -0.9992
vn -0.0315 0.0258 -0.9992
vn -0.0359 -0.0192 -0.9992
vn -0.0314 0.0258 -0.9992
vn 0.0403 0.0040 -0.9992
vn -0.0390 0.0118 -0.9992
vn 0.0404 0.0040 -0.9992
vn -0.0258 -0.0315 -0.9992
vn -0.0389 0.0118 -0.9992
vn 0.0357 0.0191 -0.9992
vn -0.0118 -0.0389 -0.9992
vn -0.0118 -0.0390 -0.9992
vn 0.0257 0.0313 -0.9992
vn 0.0040 -0.0404 -0.9992
vn -0.2874 0.9476 -0.1397
vn -0.2780 0.9165 -0.2875
vn -0.2875 0.9477 -0.1389
vn -0.8729 0.4666 -0.1429
vn -0.8439 0.4511 -0.2904
vn -0.8730 0.4666 -0.1422
vn 0.3832 0.9236 0.0039
vn 0.3822 0.9241 0.0037
vn 0.3820 0.9241 0.0037
vn -0.6280 0.7652 -0.1414
vn -0.6073 0.7400 -0.2890
vn -0.6281 0.7653 -0.1406
vn -0.1945 -0.9809 -0.0031
vn -0.1935 -0.9811 -0.0034
vn -0.1947 -0.9809 -0.0030
vn 0.3808 0.9246 0.0042
vn 0.3806 0.9247 0.0042
vn 0.0719 0.0876 0.9936
vn 0.5556 -0.8314 0.0005
vn 0.5555 -0.8315 0.0005
vn -0.1075 0.0326 -0.9937
vn 0.7658 0.6285 -0.1360
vn 0.7411 0.6082 -0.2844
vn 0.7658 0.6285 -0.1359
vn 0.4670 0.8736 -0.1368
vn 0.4519 0.8454 -0.2849
vn 0.4670 0.8737 -0.1364
vn 0.0971 0.9856 -0.1381
vn 0.0939 0.9536 -0.2860
vn 0.0971 0.9857 -0.1374
vn -0.5561 -0.8311 -0.0044
vn -0.5551 -0.8318 -0.0042
vn -0.5562 -0.8310 -0.0044
vn 0.5553 -0.8316 0.0005
vn 0.9539 -0.0940 -0.2849
vn 0.9858 -0.0971 -0.1368
vn 0.9859 -0.0971 -0.1364
vn 0.9174 0.2783 -0.2844
vn 0.9480 0.2876 -0.1360
vn 0.9481 0.2876 -0.1359
vn -0.5549 -0.8319 -0.0043
vn -0.5536 -0.8327 -0.0047
vn 0.0329 0.1084 0.9936
vn 0.6076 -0.7404 -0.2875
vn 0.6282 -0.7654 -0.1397
vn 0.6282 -0.7655 -0.1389
vn 0.8451 -0.4517 -0.2860
vn 0.8735 -0.4669 -0.1381
vn 0.8736 -0.4669 -0.1374
vn -0.3826 0.9239 0.0005
vn -0.3827 0.9239 0.0005
vn -0.3828 0.9238 0.0005
vn -0.0868 0.0712 -0.9937
vn 0.9242 0.3820 0.0050
vn 0.9236 0.3833 0.0048
vn 0.9235 0.3835 0.0048
vn -0.3829 0.9238 0.0005
vn -0.7393 -0.6067 -0.2921
vn -0.7649 -0.6277 -0.1444
vn -0.7649 -0.6278 -0.1443
vn -0.4509 -0.8436 -0.2915
vn -0.4665 -0.8727 -0.1439
vn -0.4665 -0.8728 -0.1435
vn -0.0938 -0.9523 -0.2904
vn -0.0970 -0.9850 -0.1429
vn -0.0970 -0.9851 -0.1422
vn 0.2779 -0.9161 -0.2890
vn 0.2874 -0.9473 -0.1414
vn 0.2874 -0.9474 -0.1406
vn -0.9848 0.0970 -0.1439
vn -0.9520 0.0938 -0.2915
vn -0.9849 0.0970 -0.1435
vn 0.9229 0.3851 0.0054
vn 0.9228 0.3854 0.0054
vn -0.9469 -0.2872 -0.1444
vn -0.9152 -0.2776 -0.2921
vn -0.9469 -0.2872 -0.1443
vn -0.0111 0.1127 0.9936
vn 0.8317 -0.5553 0.0024
vn 0.8313 -0.5558 0.0023
vn 0.8317 -0.5552 0.0024
vn -0.0529 0.0989 -0.9937
vn -0.9131 -0.2770 0.2992
vn -0.9458 -0.2869 0.1519
vn -0.9459 -0.2869 0.1518
vn -0.9809 -0.1944 -0.0048
vn -0.9807 -0.1957 -0.0046
vn -0.9809 -0.1943 -0.0048
vn 0.8312 -0.5559 0.0023
vn 0.8308 -0.5566 0.0025
vn -0.9494 0.0935 0.2997
vn -0.9835 0.0969 0.1527
vn -0.9836 0.0969 0.1523
vn 0.2867 -0.9453 0.1556
vn 0.2767 -0.9122 0.3022
vn 0.2868 -0.9454 0.1548
vn -0.0968 -0.9833 0.1540
vn -0.0935 -0.9491 0.3008
vn -0.0969 -0.9834 0.1533
vn -0.4659 -0.8716 0.1527
vn -0.4497 -0.8414 0.2997
vn -0.4659 -0.8716 0.1523
vn -0.7640 -0.6270 0.1519
vn -0.7376 -0.6053 0.2992
vn -0.7641 -0.6270 0.1518
vn -0.9806 -0.1960 -0.0046
vn -0.9803 -0.1976 -0.0052
vn -0.0533 0.0998 0.9936
vn -0.7073 0.7069 -0.0014
vn -0.7070 0.7072 -0.0014
vn -0.7069 0.7073 -0.0014
vn -0.0110 0.1115 -0.9937
vn 0.1949 -0.9808 -0.0014
vn 0.1944 -0.9809 -0.0016
vn 0.1943 -0.9809 -0.0016
vn -0.7066 0.7076 -0.0016
vn -0.7065 0.7077 -0.0016
vn 0.0004 1.0000 0.0024
vn 0.0012 1.0000 0.0025
vn -0.0874 0.0717 0.9936
vn 0.8707 -0.4654 0.1587
vn 0.8399 -0.4489 0.3052
vn 0.8708 -0.4655 0.1580
vn 0.6265 -0.7634 0.1573
vn 0.6044 -0.7365 0.3037
vn 0.6266 -0.7635 0.1564
vn 0.9809 -0.1945 0.0039
vn 0.9807 -0.1956 0.0037
vn 0.0325 0.1072 -0.9937
vn -0.1956 -0.9807 -0.0032
vn -0.1967 -0.9805 -0.0034
vn -0.1969 -0.9804 -0.0034
vn 0.9806 -0.1958 0.0037
vn 0.9804 -0.1971 0.0042
vn 0.9446 0.2865 0.1603
vn 0.9108 0.2763 0.3068
vn 0.9446 0.2865 0.1601
vn 0.9824 -0.0968 0.1598
vn 0.9474 -0.0933 0.3062
vn 0.9825 -0.0968 0.1593
vn 0.5558 -0.8313 0.0005
vn -0.1081 0.0328 0.9936
vn -0.9241 0.3822 -0.0032
vn -0.9237 0.3831 -0.0030
vn -0.9237 0.3832 -0.0031
vn 0.0710 0.0865 -0.9937
vn 0.0933 0.9477 0.3052
vn 0.0968 0.9826 0.1587
vn 0.0968 0.9827 0.1580
vn 0.4488 0.8396 0.3062
vn 0.4653 0.8706 0.1598
vn 0.4654 0.8707 0.1593
vn 0.7357 0.6038 0.3068
vn 0.7630 0.6262 0.1603
vn 0.7630 0.6262 0.1601
vn -0.3825 0.9240 0.0005
vn -0.9232 0.3842 -0.0034
vn -0.9232 0.3844 -0.0034
vn 0.8321 -0.5545 0.0025
vn 0.8322 -0.5544 0.0025
vn 0.9806 0.1958 0.0048
vn 0.9809 0.1945 0.0046
vn 0.9806 0.1959 0.0048
vn 0.0987 0.0528 -0.9937
vn -0.7076 0.7066 -0.0015
vn -0.7073 0.7069 -0.0015
vn 0.9809 0.1942 0.0046
vn 0.9813 0.1926 0.0051
vn 0.9812 -0.1931 0.0041
vn 0.9812 -0.1929 0.0042
vn -1.0000 -0.0007 -0.0044
vn -1.0000 0.0006 -0.0042
vn -1.0000 0.0008 -0.0043
vn 0.1114 0.0110 -0.9937
vn -0.6047 0.7369 0.3022
vn -0.6267 0.7636 0.1556
vn -0.6267 0.7637 0.1548
vn -0.9245 0.3812 -0.0034
vn -1.0000 0.0023 -0.0047
vn -1.0000 0.0026 -0.0048
vn -0.8411 0.4496 0.3008
vn -0.8714 0.4658 0.1540
vn -0.8715 0.4658 0.1533
vn -0.2766 0.9117 0.3037
vn -0.2867 0.9450 0.1573
vn -0.2867 0.9452 0.1564
vn -0.7529 0.6179 -0.2269
vn -0.6889 0.5654 -0.4535
vn -0.7531 0.6180 -0.2256
vn -0.4593 0.8592 -0.2253
vn -0.4204 0.7866 -0.4523
vn -0.4594 0.8595 -0.2239
vn -0.0955 0.9700 -0.2236
vn -0.0875 0.8882 -0.4510
vn -0.0956 0.9703 -0.2223
vn 0.2830 0.9330 -0.2221
vn 0.2592 0.8546 -0.4500
vn 0.2831 0.9333 -0.2211
vn 0.6187 0.7539 -0.2209
vn 0.5668 0.6906 -0.4493
vn 0.6188 0.7540 -0.2204
vn 0.8602 0.4598 -0.2204
vn 0.7880 0.4212 -0.4490
vn 0.8891 0.0876 -0.4493
vn 0.9706 0.0956 -0.2209
vn 0.9707 0.0956 -0.2204
vn 0.8546 -0.2592 -0.4500
vn 0.9330 -0.2830 -0.2221
vn 0.9333 -0.2831 -0.2211
vn 0.6899 -0.5662 -0.4510
vn 0.7534 -0.6183 -0.2236
vn 0.7537 -0.6185 -0.2223
vn 0.4204 -0.7866 -0.4523
vn 0.4593 -0.8592 -0.2253
vn 0.4594 -0.8595 -0.2239
vn 0.0874 -0.8869 -0.4535
vn 0.0955 -0.9692 -0.2269
vn 0.0955 -0.9695 -0.2256
vn -0.2586 -0.8523 -0.4546
vn -0.2826 -0.9317 -0.2281
vn -0.2827 -0.9319 -0.2271
vn -0.5648 -0.6882 -0.4553
vn -0.6176 -0.7525 -0.2288
vn -0.6176 -0.7526 -0.2282
vn -0.7851 -0.4196 -0.4556
vn -0.8585 -0.4589 -0.2288
vn -0.9688 -0.0954 -0.2288
vn -0.8860 -0.0873 -0.4553
vn -0.9689 -0.0954 -0.2282
vn -0.9317 0.2826 -0.2281
vn -0.8523 0.2586 -0.4546
vn -0.9319 0.2827 -0.2271
vn -0.8486 0.2574 0.4622
vn -0.9295 0.2820 0.2377
vn -0.9297 0.2820 0.2367
vn -0.8829 -0.0870 0.4615
vn -0.9669 -0.0952 0.2366
vn -0.9671 -0.0952 0.2361
vn -0.8570 -0.4581 0.2360
vn -0.7825 -0.4183 0.4612
vn -0.6164 -0.7511 0.2366
vn -0.5628 -0.6858 0.4615
vn -0.6165 -0.7512 0.2361
vn -0.2820 -0.9295 0.2377
vn -0.2574 -0.8486 0.4622
vn -0.2820 -0.9297 0.2367
vn 0.0952 -0.9663 0.2392
vn 0.0869 -0.8820 0.4632
vn 0.0952 -0.9666 0.2380
vn 0.4575 -0.8560 0.2409
vn 0.4175 -0.7810 0.4645
vn 0.4577 -0.8562 0.2395
vn 0.7499 -0.6155 0.2424
vn 0.6841 -0.5614 0.4657
vn 0.7502 -0.6157 0.2412
vn 0.9281 -0.2815 0.2436
vn 0.8463 -0.2567 0.4667
vn 0.9283 -0.2816 0.2427
vn 0.9650 0.0950 0.2443
vn 0.8798 0.0867 0.4674
vn 0.9652 0.0951 0.2438
vn 0.7795 0.4167 0.4676
vn 0.8552 0.4571 0.2444
vn 0.5608 0.6834 0.4674
vn 0.6152 0.7496 0.2443
vn 0.6152 0.7497 0.2438
vn 0.2567 0.8463 0.4667
vn 0.2815 0.9281 0.2436
vn 0.2816 0.9283 0.2427
vn -0.0867 0.8807 0.4657
vn -0.0951 0.9655 0.2424
vn -0.0951 0.9658 0.2412
vn -0.4175 0.7810 0.4645
vn -0.4575 0.8560 0.2409
vn -0.4577 0.8563 0.2395
vn -0.6851 0.5622 0.4632
vn -0.7506 0.6160 0.2392
vn -0.7508 0.6162 0.2380
vn 0.1000 0.0535 0.9935
vn 0.7065 0.7077 0.0046
vn 0.7053 0.7089 0.0051
vn 0.7051 0.7091 0.0052
vn -0.0004 1.0000 0.0023
vn -0.0012 1.0000 0.0025
vn -0.0014 1.0000 0.0026
vn 0.7076 0.7066 0.0048
vn 0.7067 0.7075 0.0046
vn -0.0003 1.0000 0.0023
vn 0.1128 0.0111 0.9936
vn -0.8309 -0.5563 -0.0048
vn -0.8300 -0.5577 -0.0053
vn -0.8311 -0.5561 -0.0048
vn 0.1953 -0.9807 -0.0014
vn 0.1958 -0.9806 -0.0016
vn -0.8319 -0.5549 -0.0050
vn 0.1948 -0.9808 -0.0015
vn 0.1084 -0.0329 0.9936
vn 1.0000 0.0008 0.0043
vn 1.0000 0.0023 0.0048
vn 1.0000 0.0026 0.0048
vn 1.0000 -0.0007 0.0044
vn 1.0000 0.0006 0.0042
vn 0.0875 -0.0718 0.9936
vn 0.9241 -0.3822 0.0031
vn 0.9245 -0.3811 0.0034
vn 0.9246 -0.3810 0.0035
vn 0.9237 -0.3831 0.0032
vn 0.9240 -0.3823 0.0030
vn 0.0533 -0.0998 0.9936
vn -0.9809 0.1944 -0.0037
vn -0.9812 0.1931 -0.0042
vn -0.9809 0.1946 -0.0037
vn -0.9807 0.1957 -0.0039
vn 0.0111 -0.1125 0.9936
vn 0.7073 -0.7069 0.0014
vn 0.7077 -0.7066 0.0016
vn 0.7077 -0.7065 0.0016
vn 0.7069 -0.7073 0.0014
vn 0.7072 -0.7070 0.0014
vn -0.9813 -0.1927 -0.0051
vn -0.9813 -0.1924 -0.0051
vn -0.0328 -0.1081 0.9936
vn -0.8317 0.5552 -0.0023
vn -0.8322 0.5545 -0.0025
vn -0.8316 0.5553 -0.0023
vn 0.9249 0.3803 0.0053
vn 0.9242 0.3819 0.0050
vn -0.8313 0.5559 -0.0024
vn -0.8312 0.5559 -0.0024
vn -0.5575 -0.8302 -0.0047
vn -0.5577 -0.8300 -0.0047
vn -0.0716 -0.0873 0.9936
vn 0.3826 -0.9239 -0.0005
vn 0.3824 -0.9240 -0.0005
vn 0.3845 0.9231 0.0041
vn 0.3833 0.9236 0.0039
vn 0.3828 -0.9238 -0.0005
vn 0.7088 0.7053 0.0051
vn 0.7077 0.7065 0.0048
vn -0.0996 -0.0532 0.9936
vn -0.5556 0.8314 -0.0005
vn -0.5558 0.8313 -0.0005
vn -0.8329 -0.5534 -0.0053
vn -0.8331 -0.5532 -0.0054
vn -0.5555 0.8315 -0.0005
vn 1.0000 -0.0023 0.0047
vn 1.0000 -0.0008 0.0044
vn -0.1124 -0.0111 0.9936
vn -0.0004 -1.0000 -0.0023
vn -0.0012 -1.0000 -0.0025
vn -0.0014 -1.0000 -0.0026
vn 0.9232 -0.3842 0.0034
vn 0.9237 -0.3832 0.0032
vn -0.1119 -0.0110 -0.9937
vn 0.0004 -1.0000 -0.0024
vn -0.0003 -1.0000 -0.0023
vn -0.9804 0.1971 -0.0041
vn -0.9803 0.1973 -0.0041
vn -0.1948 0.9808 0.0014
vn -0.1943 0.9809 0.0016
vn -0.1949 0.9808 0.0014
vn 0.7066 -0.7076 0.0015
vn 0.7069 -0.7073 0.0015
vn -0.0992 -0.0530 -0.9937
vn -0.1953 0.9807 0.0014
vn -0.1953 0.9807 0.0015
vn -0.8308 0.5566 -0.0025
vn -0.8307 0.5567 -0.0025
vn -0.3833 -0.9236 -0.0037
vn -0.3846 -0.9231 -0.0042
vn -0.3848 -0.9230 -0.0042
vn 0.3829 -0.9238 -0.0005
vn -0.0713 -0.0869 -0.9937
vn -0.3821 -0.9241 -0.0039
vn -0.3832 -0.9237 -0.0037
vn -0.5554 0.8316 -0.0005
vn -0.5553 0.8316 -0.0005
vn 0.1957 0.9807 0.0031
vn 0.1967 0.9805 0.0034
vn 0.1955 0.9807 0.0030
vn 0.0012 -1.0000 -0.0025
vn -0.0326 -0.1075 -0.9937
vn 0.1946 0.9809 0.0032
vn -0.1958 0.9806 0.0015
vn -0.1959 0.9806 0.0016
vn -0.7077 -0.7065 -0.0046
vn -0.7089 -0.7053 -0.0052
vn -0.7091 -0.7051 -0.0052
vn -0.3808 -0.9246 -0.0041
vn 0.0110 -0.1117 -0.9937
vn -0.7066 -0.7076 -0.0048
vn -0.7075 -0.7066 -0.0046
vn 0.1935 0.9811 0.0034
vn 0.1933 0.9811 0.0034
vn 0.5562 0.8310 0.0043
vn 0.5575 0.8302 0.0047
vn 0.5560 0.8311 0.0042
vn -0.7053 -0.7089 -0.0051
vn -0.7065 -0.7077 -0.0048
vn 0.0529 -0.0989 -0.9937
vn 0.5550 0.8318 0.0044
vn 0.5549 0.8319 0.0044
vn 0.5537 0.8327 0.0047
vn 0.5534 0.8329 0.0047
vn -0.9242 -0.3818 -0.0048
vn -0.9249 -0.3803 -0.0053
vn -0.9250 -0.3800 -0.0054
vn -0.9236 -0.3834 -0.0050
vn -0.9229 -0.3851 -0.0053
vn -0.9235 -0.3834 -0.0050
vn 0.0866 -0.0711 -0.9937
vn -0.9241 -0.3821 -0.0048
vn 0.8310 0.5562 0.0050
vn 0.8300 0.5577 0.0053
vn 0.8299 0.5580 0.0053
vn 0.8320 0.5548 0.0048
vn 0.8329 0.5534 0.0054
vn 0.8318 0.5550 0.0048
vn -1.0000 -0.0023 -0.0047
vn -1.0000 -0.0008 -0.0044
vn 0.1072 -0.0325 -0.9937
vn 0.8310 0.5563 0.0050
vn 0.9803 0.1975 0.0051
vn 0.9802 0.1978 0.0051
vn -0.1933 -0.9811 -0.0034
vn 0.9539 -0.0939 -0.2849
vn -0.5534 -0.8329 -0.0048
vn 0.8307 -0.5567 0.0026
vn -0.9802 -0.1978 -0.0052
vn 0.0014 1.0000 0.0025
vn 0.9803 -0.1973 0.0042
vn -0.3824 0.9240 0.0005
vn -0.7077 0.7065 -0.0016
vn 0.9813 0.1924 0.0052
vn -0.9246 0.3810 -0.0034
vn -0.8299 -0.5579 -0.0054
vn 0.1959 -0.9806 -0.0016
vn -0.9812 0.1929 -0.0042
vn -0.8322 0.5544 -0.0026
vn 0.9250 0.3800 0.0054
vn 0.3847 0.9230 0.0042
vn 0.7090 0.7051 0.0051
vn 1.0000 -0.0025 0.0047
vn 0.9232 -0.3844 0.0034
vn -0.1942 0.9810 0.0016
vn 0.7065 -0.7077 0.0016
vn 0.1969 0.9804 0.0034
vn 0.0014 -1.0000 -0.0025
vn -0.3806 -0.9247 -0.0041
vn 0.5577 0.8300 0.0048
vn -0.7051 -0.7091 -0.0052
vn -0.9228 -0.3853 -0.0054
vn 0.8331 0.5531 0.0054
vn -1.0000 -0.0025 -0.0047
vt 0.158491 0.932821
vt 0.164577 0.949018
vt 0.236822 0.926542
vt 0.141144 0.497956
vt 0.139172 0.518034
vt 0.170140 0.518034
vt 0.272475 0.481245
vt 0.185908 0.517102
vt 0.260245 0.574143
vt 0.314867 0.591543
vt 0.293126 0.569490
vt 0.282148 0.578375
vt 0.202555 0.613260
vt 0.221839 0.619191
vt 0.228006 0.588844
vt 0.141144 0.538112
vt 0.146983 0.557424
vt 0.175607 0.545607
vt 0.184794 0.432376
vt 0.202075 0.458074
vt 0.214508 0.451376
vt 0.281333 0.422434
vt 0.269652 0.451114
vt 0.282148 0.457693
vt 0.241907 0.621258
vt 0.261994 0.619382
vt 0.256115 0.588977
vt 0.156467 0.575230
vt 0.169233 0.590852
vt 0.191182 0.569006
vt 0.169233 0.445217
vt 0.156467 0.460838
vt 0.182246 0.477997
vt 0.261994 0.416686
vt 0.241907 0.414810
vt 0.242054 0.445777
vt 0.281333 0.613634
vt 0.299185 0.604235
vt 0.184794 0.603692
vt 0.214508 0.584692
vt 0.171520 0.532089
vt 0.171520 0.503980
vt 0.175607 0.490462
vt 0.202555 0.422808
vt 0.228006 0.447224
vt 0.299184 0.431833
vt 0.293126 0.466578
vt 0.242054 0.590291
vt 0.182246 0.558071
vt 0.191182 0.467062
vt 0.256115 0.447091
vt 0.269652 0.584954
vt 0.202075 0.577995
vt 0.146983 0.478645
vt 0.221839 0.416877
vt 0.355951 0.674789
vt 0.331741 0.674789
vt 0.331741 0.729534
vt 0.292802 0.853465
vt 0.281298 0.833540
vt 0.265293 0.845822
vt 0.272936 0.873331
vt 0.281561 0.862091
vt 0.267514 0.886421
vt 0.253011 0.861828
vt 0.265665 0.900469
vt 0.245291 0.880467
vt 0.242657 0.900469
vt 0.245290 0.920471
vt 0.272936 0.927606
vt 0.267514 0.914516
vt 0.253011 0.939110
vt 0.265293 0.955115
vt 0.281561 0.938847
vt 0.281298 0.967397
vt 0.356133 0.729666
vt 0.380343 0.729666
vt 0.380343 0.674921
vt 0.303026 0.871163
vt 0.287456 0.870483
vt 0.283061 0.895406
vt 0.322059 0.870992
vt 0.305232 0.896374
vt 0.326898 0.891571
vt 0.346583 0.881324
vt 0.331314 0.859962
vt 0.362945 0.866331
vt 0.351179 0.836287
vt 0.341247 0.848124
vt 0.360434 0.825257
vt 0.374868 0.847615
vt 0.381542 0.826450
vt 0.382510 0.804279
vt 0.353925 0.791268
vt 0.357298 0.806484
vt 0.304133 0.674789
vt 0.287130 0.674789
vt 0.287130 0.729534
vt 0.137404 0.836450
vt 0.138260 0.850593
vt 0.214768 0.843977
vt 0.162255 0.712532
vt 0.156678 0.725557
vt 0.228028 0.753951
vt 0.147576 0.752382
vt 0.221476 0.773266
vt 0.224503 0.763524
vt 0.169701 0.961063
vt 0.240512 0.935215
vt 0.139844 0.864672
vt 0.215908 0.854115
vt 0.144077 0.766112
vt 0.218956 0.783151
vt 0.175200 0.973990
vt 0.244471 0.944522
vt 0.142154 0.878651
vt 0.217571 0.864180
vt 0.141291 0.780004
vt 0.216950 0.793154
vt 0.180699 0.986916
vt 0.248430 0.953829
vt 0.145183 0.892492
vt 0.219752 0.874145
vt 0.139226 0.794021
vt 0.215464 0.803246
vt 0.185823 0.998961
vt 0.252120 0.962501
vt 0.148922 0.906158
vt 0.222444 0.883985
vt 0.137888 0.808126
vt 0.214500 0.813402
vt 0.175388 0.687433
vt 0.241500 0.726502
vt 0.252120 0.704389
vt 0.153362 0.919613
vt 0.225641 0.893672
vt 0.137280 0.822282
vt 0.214062 0.823594
vt 0.168497 0.699813
vt 0.236539 0.735416
vt 0.229334 0.903182
vt 0.214152 0.833795
vt 0.232044 0.744574
vt 0.151780 0.738852
vt 0.296054 0.819148
vt 0.256976 0.751463
vt 0.237437 0.785305
vt 0.352529 0.647548
vt 0.335527 0.647548
vt 0.331923 0.674921
vt 0.368952 0.643148
vt 0.356133 0.674921
vt 0.368770 0.761307
vt 0.379336 0.735800
vt 0.355951 0.729534
vt 0.335345 0.756907
vt 0.352347 0.756907
vt 0.287312 0.729666
vt 0.304315 0.729666
vt 0.304315 0.674921
vt 0.270310 0.729666
vt 0.287312 0.674921
vt 0.331923 0.729666
vt 0.270128 0.674789
vt 0.270128 0.729534
vt 0.380161 0.674789
vt 0.304133 0.729534
vt 0.956039 0.781802
vt 0.932111 0.769751
vt 0.893884 0.852332
vt 0.890865 0.898939
vt 0.833885 0.894386
vt 0.857526 0.982512
vt 0.319939 0.846194
vt 0.319939 0.823187
vt 0.299937 0.825820
vt 0.305892 0.848043
vt 0.305892 0.952894
vt 0.292802 0.947472
vt 0.319939 0.954743
vt 0.299937 0.975117
vt 0.319939 0.977751
vt 0.933060 0.769976
vt 0.935547 0.750207
vt 0.879378 0.743141
vt 0.895048 0.851037
vt 0.838153 0.845521
vt 0.836230 0.865353
vt 0.835472 0.874525
vt 0.892452 0.879077
vt 0.937430 0.723339
vt 0.881155 0.717178
vt 0.878987 0.736985
vt 0.876891 0.762910
vt 0.027237 0.272773
vt 0.012606 0.315985
vt 0.355043 0.316332
vt 0.038157 0.252523
vt 0.369674 0.273121
vt 0.023486 0.336257
vt 0.355043 0.336257
vt 0.038551 0.379319
vt 0.370109 0.379319
vt 0.039338 0.273096
vt 0.371122 0.272756
vt 0.371101 0.252831
vt 0.024232 0.316144
vt 0.013381 0.336432
vt 0.356037 0.335729
vt 0.356017 0.315804
vt 0.028138 0.379600
vt 0.370794 0.378897
vt 0.324265 0.104617
vt 0.324265 0.124542
vt 0.404101 0.124543
vt 0.404102 0.106439
vt 0.324265 0.106439
vt 0.324265 0.126364
vt 0.000348 0.124541
vt 0.030359 0.208893
vt 0.351027 0.029399
vt 0.030359 0.020265
vt 0.351594 0.009483
vt 0.030927 0.000348
vt 0.000348 0.104616
vt 0.351026 0.031221
vt 0.030359 0.022088
vt 0.000348 0.106440
vt 0.351594 0.221499
vt 0.351027 0.201582
vt 0.030359 0.210717
vt 0.000348 0.126365
vt 0.835720 0.899164
vt 0.912984 0.985458
vt 0.889841 0.897450
vt 0.589710 0.208842
vt 0.475662 0.130942
vt 0.475662 0.169892
vt 0.833846 0.892038
vt 0.938656 0.723597
vt 0.883411 0.716663
vt 0.938656 0.977793
vt 0.915886 0.891205
vt 0.935261 0.743146
vt 0.876765 0.763676
vt 0.837807 0.847835
vt 0.830450 0.847439
vt 0.826533 0.891137
vt 0.876003 0.715704
vt 0.869336 0.762890
vt 0.873627 0.770455
vt 0.588812 0.132482
vt 0.589350 0.105696
vt 0.475302 0.105696
vt 0.589171 0.104156
vt 0.475123 0.104156
vt 0.589171 0.027512
vt 0.589710 0.000738
vt 0.475662 0.000739
vt 0.588811 0.001021
vt 0.474763 0.001022
vt 0.475302 0.027795
vt 0.440380 0.027718
vt 0.439841 0.000945
vt 0.408834 0.001132
vt 0.458631 0.202443
vt 0.474764 0.132481
vt 0.451948 0.155304
vt 0.459169 0.099011
vt 0.452487 0.050608
vt 0.409194 0.027402
vt 0.440201 0.027590
vt 0.440740 0.000816
vt 0.374265 0.027129
vt 0.391728 0.027205
vt 0.391010 0.000424
vt 0.408476 0.000620
vt 0.457662 0.027580
vt 0.458200 0.000806
vt 0.475123 0.027512
vt 0.408116 0.027914
vt 0.391369 0.001329
vt 0.390650 0.028110
vt 0.373906 0.001405
vt 0.457302 0.000954
vt 0.457840 0.027728
vt 0.475123 0.065834
vt 0.458990 0.034194
vt 0.452308 0.081333
vt 0.458990 0.097471
vt 0.452308 0.050325
vt 0.459529 0.137626
vt 0.452846 0.153764
vt 0.459529 0.202160
vt 0.475662 0.208842
vt 0.452846 0.186029
vt 0.304147 0.812937
vt 0.327305 0.804844
vt 0.327305 0.795419
vt 0.327305 0.785305
vt 0.327305 0.775191
vt 0.304147 0.785305
vt 0.327305 0.765766
vt 0.304147 0.757673
vt 0.196624 0.491231
vt 0.189563 0.503461
vt 0.218840 0.474184
vt 0.206610 0.481245
vt 0.246604 0.470528
vt 0.232481 0.470528
vt 0.260245 0.474183
vt 0.289522 0.503461
vt 0.282461 0.491230
vt 0.293177 0.531224
vt 0.293177 0.517102
vt 0.282461 0.557095
vt 0.289522 0.544865
vt 0.272475 0.567081
vt 0.232482 0.577798
vt 0.246604 0.577798
vt 0.206610 0.567081
vt 0.218841 0.574143
vt 0.189563 0.544865
vt 0.196624 0.557095
vt 0.185908 0.531224
vt 0.314867 0.444525
vt 0.377707 0.782613
vt 0.183637 0.672223
vt 0.276515 0.746227
vt 0.266401 0.747559
vt 0.296054 0.751463
vt 0.286629 0.747559
vt 0.276515 0.824383
vt 0.286629 0.823051
vt 0.256976 0.819147
vt 0.266401 0.823051
vt 0.242673 0.804844
vt 0.248883 0.812937
vt 0.238769 0.795419
vt 0.242673 0.765766
vt 0.238769 0.775191
vt 0.248883 0.757673
vt 0.379518 0.668655
vt 0.270310 0.674921
vt 0.380161 0.729534
vt 0.918428 0.863051
vt 0.914063 0.985413
vt 0.893125 0.870869
vt 0.369714 0.253196
vt 0.028445 0.252831
vt 0.404101 0.104618
vt 0.404102 0.126364
vt 0.351026 0.199760
vt 0.030927 0.230633
vt 0.855531 0.974503
vt 0.857431 0.981727
vt 0.589710 0.130942
vt 0.828132 0.874130
vt 0.828935 0.864453
vt 0.872190 0.742210
vt 0.871778 0.736223
vt 0.840903 0.841148
vt 0.589350 0.027795
vt 0.588811 0.209125
vt 0.474764 0.209125
vt 0.451948 0.186312
vt 0.458631 0.139166
vt 0.452487 0.082873
vt 0.459169 0.034477
vt 0.373547 0.000348
vt 0.373188 0.028186
vt 0.071802 0.403474
vt 0.072027 0.979730
vt 0.085879 0.981510
vt 0.057838 0.403204
vt 0.058079 0.978995
vt 0.044131 0.979741
vt 0.030281 0.981533
vt 0.043874 0.403485
vt 0.016430 0.983325
vt 0.029923 0.404157
vt 0.113680 0.984027
vt 0.127630 0.983289
vt 0.127630 0.404792
vt 0.099703 0.404793
vt 0.099731 0.983290
vt 0.085753 0.404133
vt 0.984733 0.357220
vt 0.961131 0.475824
vt 0.961131 0.357220
vt 0.616959 0.323785
vt 0.553909 0.274002
vt 0.638455 0.290060
vt 0.735649 0.249787
vt 0.703948 0.185710
vt 0.755537 0.218417
vt 0.684060 0.217080
vt 0.668548 0.356492
vt 0.690044 0.322768
vt 0.828763 0.357220
vt 0.808055 0.475824
vt 0.808055 0.357220
vt 0.704386 0.019305
vt 0.725304 0.082156
vt 0.659530 0.105997
vt 0.931778 0.357220
vt 0.911070 0.475824
vt 0.911070 0.357220
vt 0.881717 0.357220
vt 0.881717 0.475824
vt 0.858115 0.475824
vt 0.828762 0.475824
vt 0.778702 0.357220
vt 0.778702 0.475824
vt 0.858116 0.357220
vt 0.997191 0.332046
vt 0.780315 0.302446
vt 0.997191 0.302446
vt 0.780315 0.234672
vt 0.997191 0.137298
vt 0.780315 0.137298
vt 0.780315 0.069524
vt 0.996757 0.332673
vt 0.779881 0.303073
vt 0.996758 0.303073
vt 0.996758 0.167525
vt 0.779881 0.137925
vt 0.996758 0.137925
vt 0.997191 0.166898
vt 0.654309 0.137298
vt 0.749192 0.166898
vt 0.654309 0.166898
vt 0.653875 0.167525
vt 0.748758 0.137925
vt 0.748758 0.167525
vt 0.764320 0.332673
vt 0.748758 0.303073
vt 0.764320 0.303073
vt 0.749192 0.302446
vt 0.764754 0.332046
vt 0.749192 0.332046
vt 0.764754 0.302446
vt 0.780315 0.332046
vt 0.764320 0.167525
vt 0.764320 0.137925
vt 0.779881 0.167525
vt 0.780315 0.166898
vt 0.764754 0.137298
vt 0.764754 0.166898
vt 0.749192 0.137298
vt 0.779881 0.070151
vt 0.779881 0.332673
vt 0.765504 0.173480
vt 0.779881 0.235299
vt 0.779881 0.002377
vt 0.765504 0.008333
vt 0.765504 0.297118
vt 0.759549 0.282741
vt 0.759549 0.187857
vt 0.759549 0.022710
vt 0.759549 0.117593
vt 0.765504 0.131970
vt 0.780315 0.001750
vt 0.765938 0.007705
vt 0.759983 0.022082
vt 0.765938 0.131343
vt 0.759983 0.116966
vt 0.765938 0.172853
vt 0.759983 0.187230
vt 0.765938 0.296490
vt 0.759983 0.282114
vt 0.740296 0.392630
vt 0.710143 0.414319
vt 0.630014 0.416402
vt 0.578425 0.383695
vt 0.610616 0.382179
vt 0.607502 0.367837
vt 0.613886 0.357912
vt 0.628228 0.354798
vt 0.636936 0.360398
vt 0.619324 0.387780
vt 0.640050 0.374741
vt 0.633666 0.384666
vt 0.997191 0.001750
vt 0.653875 0.137925
vt 0.748758 0.332673
vt 0.996758 0.002377
vt 0.015973 0.404828
vt 0.113666 0.405066
vt 0.984733 0.475824
vt 0.546978 0.310493
vt 0.638612 0.085079
vt 0.638612 0.043146
vt 0.662453 0.019305
vt 0.725304 0.040223
vt 0.701463 0.105997
vt 0.931778 0.475824
vt 0.462786 0.548643
vt 0.504802 0.548643
vt 0.504803 0.522010
vt 0.462786 0.522010
vt 0.504802 0.495378
vt 0.462786 0.495378
vt 0.504803 0.468745
vt 0.462786 0.468745
vt 0.504803 0.442112
vt 0.462786 0.442112
vt 0.504803 0.415480
vt 0.462786 0.415480
vt 0.504803 0.388847
vt 0.462786 0.388847
vt 0.504803 0.362214
vt 0.462786 0.362214
vt 0.504803 0.335581
vt 0.462786 0.335581
vt 0.504803 0.308949
vt 0.462786 0.308949
vt 0.504803 0.282316
vt 0.462786 0.282316
vt 0.504803 0.255684
vt 0.752572 0.761246
vt 0.735466 0.744140
vt 0.714721 0.764886
vt 0.776049 0.743232
vt 0.756212 0.723395
vt 0.462786 0.841603
vt 0.504803 0.841603
vt 0.504803 0.814970
vt 0.462786 0.814970
vt 0.504803 0.788337
vt 0.462786 0.788337
vt 0.504803 0.761704
vt 0.462786 0.761705
vt 0.504803 0.735072
vt 0.462786 0.735072
vt 0.504803 0.708439
vt 0.462786 0.708439
vt 0.504803 0.681806
vt 0.462786 0.681806
vt 0.504803 0.655174
vt 0.462786 0.655174
vt 0.504803 0.628541
vt 0.462786 0.628541
vt 0.504803 0.601908
vt 0.874472 0.666967
vt 0.909258 0.657632
vt 0.894344 0.657632
vt 0.874472 0.535011
vt 0.909258 0.544346
vt 0.945275 0.544332
vt 0.462786 0.601908
vt 0.504803 0.575276
vt 0.462786 0.575276
vt 0.929130 0.666439
vt 0.894344 0.657104
vt 0.858327 0.657118
vt 0.874472 0.534483
vt 0.909258 0.543818
vt 0.945275 0.543804
vt 0.827074 0.686744
vt 0.809968 0.669638
vt 0.789223 0.690384
vt 0.809060 0.710221
vt 0.701547 0.817734
vt 0.734558 0.784723
vt 0.850551 0.668730
vt 0.830714 0.648893
vt 0.462786 0.255683
vt 0.923664 0.653771
vt 0.911122 0.671792
vt 0.929130 0.666967
vt 0.892480 0.671792
vt 0.867022 0.646314
vt 0.858327 0.657646
vt 0.879938 0.653771
vt 0.856476 0.635768
vt 0.835823 0.628318
vt 0.845144 0.644463
vt 0.830998 0.591667
vt 0.830998 0.610310
vt 0.845144 0.557514
vt 0.835823 0.573660
vt 0.858327 0.544332
vt 0.911122 0.530185
vt 0.892480 0.530185
vt 0.929130 0.535011
vt 0.967779 0.573660
vt 0.958458 0.557514
vt 0.972604 0.610310
vt 0.972604 0.591667
vt 0.958458 0.644463
vt 0.967779 0.628318
vt 0.945275 0.657646
vt 0.936580 0.646314
vt 0.947126 0.635768
vt 0.849018 0.622852
vt 0.845158 0.608446
vt 0.954584 0.622852
vt 0.845158 0.593532
vt 0.958444 0.608446
vt 0.958444 0.593532
vt 0.849018 0.579126
vt 0.856476 0.566209
vt 0.954584 0.579126
vt 0.867022 0.555663
vt 0.947126 0.566209
vt 0.936580 0.555663
vt 0.879938 0.548206
vt 0.894344 0.544346
vt 0.923664 0.548206
vt 0.909258 0.657104
vt 0.923664 0.653244
vt 0.892480 0.671264
vt 0.911122 0.671264
vt 0.874472 0.666439
vt 0.879938 0.653244
vt 0.867022 0.645787
vt 0.856476 0.635241
vt 0.835823 0.627790
vt 0.845144 0.643935
vt 0.830998 0.591140
vt 0.830998 0.609783
vt 0.845144 0.556987
vt 0.835823 0.573132
vt 0.858327 0.543804
vt 0.911122 0.529658
vt 0.892480 0.529658
vt 0.929130 0.534483
vt 0.967779 0.573132
vt 0.958458 0.556987
vt 0.972604 0.609783
vt 0.972604 0.591140
vt 0.958458 0.643935
vt 0.967779 0.627790
vt 0.945275 0.657118
vt 0.936580 0.645787
vt 0.947127 0.635241
vt 0.849018 0.622324
vt 0.845158 0.607918
vt 0.954584 0.622324
vt 0.845158 0.593004
vt 0.958444 0.607918
vt 0.958444 0.593004
vt 0.849018 0.578598
vt 0.856476 0.565682
vt 0.954584 0.578598
vt 0.867022 0.555136
vt 0.947126 0.565682
vt 0.936580 0.555136
vt 0.879938 0.547679
vt 0.894344 0.543818
vt 0.923664 0.547679
vt 0.681710 0.797897
vt 0.568572 0.944563
vt 0.553971 0.936334
vt 0.537280 0.956369
vt 0.543062 0.923611
vt 0.520480 0.936775
vt 0.537210 0.907906
vt 0.511467 0.912589
vt 0.537156 0.891146
vt 0.511384 0.886778
vt 0.616123 0.936055
vt 0.632994 0.955938
vt 0.649618 0.936193
vt 0.153748 0.658318
vt 0.143872 0.648442
vt 0.140500 0.649839
vt 0.153748 0.624599
vt 0.152351 0.621227
vt 0.140500 0.633079
vt 0.167715 0.624599
vt 0.177591 0.634475
vt 0.180963 0.633078
vt 0.167715 0.658318
vt 0.169112 0.661690
vt 0.180963 0.649839
vt 0.152351 0.661690
vt 0.143872 0.634475
vt 0.169112 0.621227
vt 0.177591 0.648442
vt 0.294410 0.628061
vt 0.303163 0.654603
vt 0.316404 0.638658
vt 0.278832 0.634244
vt 0.288540 0.664224
vt 0.271053 0.665000
vt 0.250979 0.659843
vt 0.262587 0.638365
vt 0.359108 0.604284
vt 0.379236 0.599341
vt 0.366040 0.585149
vt 0.343253 0.611702
vt 0.352748 0.595358
vt 0.324403 0.613094
vt 0.329650 0.622718
vt 0.309410 0.620584
vt 0.348497 0.964209
vt 0.511184 0.964209
vt 0.511384 0.938399
vt 0.348697 0.938399
vt 0.348697 0.886778
vt 0.820237 0.989670
vt 0.820037 0.963860
vt 0.657349 0.963860
vt 0.819836 0.938050
vt 0.657149 0.938050
vt 0.819753 0.912240
vt 0.657066 0.912240
vt 0.819836 0.886429
vt 0.348296 0.990018
vt 0.510984 0.990018
vt 0.585097 0.947359
vt 0.559766 0.969040
vt 0.585214 0.973346
vt 0.610623 0.968811
vt 0.601597 0.944414
vt 0.626918 0.923233
vt 0.246051 0.641100
vt 0.339204 0.605230
vt 0.348780 0.912589
vt 0.657549 0.989670
vt 0.657149 0.886429
vt 0.994327 0.817174
vt 0.962802 0.817174
vt 0.962802 0.831297
vt 0.994327 0.831297
vt 0.962802 0.845419
vt 0.994327 0.845419
vt 0.962802 0.859541
vt 0.994327 0.859541
vt 0.962802 0.873664
vt 0.994327 0.873664
vt 0.962802 0.887786
vt 0.994327 0.887786
vt 0.962802 0.901908
vt 0.994327 0.901908
vt 0.962802 0.916030
vt 0.994327 0.916030
vt 0.962802 0.930153
vt 0.994327 0.930153
vt 0.962802 0.944275
vt 0.994327 0.944275
vt 0.962802 0.958397
vt 0.994327 0.958397
vt 0.962802 0.972519
vt 0.994327 0.972519
vt 0.962802 0.986642
vt 0.994327 0.647707
vt 0.962802 0.647707
vt 0.962802 0.661830
vt 0.994327 0.661830
vt 0.962802 0.675952
vt 0.994327 0.675952
vt 0.962802 0.690074
vt 0.994327 0.690074
vt 0.962802 0.704196
vt 0.994327 0.704196
vt 0.962802 0.718319
vt 0.994327 0.718319
vt 0.962802 0.732441
vt 0.994327 0.732441
vt 0.962802 0.746563
vt 0.994327 0.746563
vt 0.962802 0.760685
vt 0.994327 0.760685
vt 0.962802 0.774808
vt 0.994327 0.774808
vt 0.962802 0.788930
vt 0.994327 0.788930
vt 0.962802 0.803052
vt 0.994327 0.803052
vt 0.994327 0.986642
vt 0.446808 0.427699
vt 0.446808 0.232841
vt 0.410834 0.232841
vt 0.632238 0.759429
vt 0.654210 0.752382
vt 0.645887 0.751305
vt 0.731374 0.612328
vt 0.661621 0.693659
vt 0.675901 0.700636
vt 0.410834 0.455149
vt 0.410834 0.495619
vt 0.446808 0.495619
vt 0.647416 0.873419
vt 0.643953 0.860497
vt 0.641549 0.860400
vt 0.587853 0.715344
vt 0.624784 0.807560
vt 0.639049 0.803549
vt 0.410834 0.523174
vt 0.446808 0.523174
vt 0.446808 0.515189
vt 0.410834 0.515189
vt 0.446808 0.505945
vt 0.410834 0.505945
vt 0.410834 0.427699
vt 0.410834 0.435654
vt 0.446808 0.435654
vt 0.410834 0.444845
vt 0.446808 0.444845
vt 0.409193 0.770086
vt 0.445168 0.770086
vt 0.445168 0.613073
vt 0.446808 0.718033
vt 0.511272 0.709819
vt 0.516326 0.724022
vt 0.409193 0.303589
vt 0.409193 0.333941
vt 0.445168 0.333941
vt 0.803258 0.634256
vt 0.810877 0.620505
vt 0.409193 0.490953
vt 0.643705 0.508671
vt 0.649788 0.519243
vt 0.675929 0.496407
vt 0.445168 0.571820
vt 0.445168 0.528727
vt 0.409193 0.528727
vt 0.409193 0.613073
vt 0.445168 0.597601
vt 0.409193 0.597601
vt 0.445168 0.583775
vt 0.409193 0.583775
vt 0.691303 0.620627
vt 0.659919 0.613819
vt 0.688667 0.630854
vt 0.445168 0.303589
vt 0.445168 0.277788
vt 0.409193 0.277788
vt 0.445168 0.254716
vt 0.410834 0.788563
vt 0.446808 0.788563
vt 0.446808 0.768621
vt 0.410834 0.718033
vt 0.445168 0.490953
vt 0.545606 0.663188
vt 0.515499 0.692915
vt 0.527848 0.677830
vt 0.540381 0.753649
vt 0.809447 0.602372
vt 0.799349 0.584717
vt 0.773224 0.660494
vt 0.783655 0.566654
vt 0.688311 0.611999
vt 0.667573 0.586410
vt 0.638721 0.587662
vt 0.681110 0.639941
vt 0.702069 0.473570
vt 0.672978 0.467211
vt 0.647394 0.489562
vt 0.642829 0.497807
vt 0.647369 0.768129
vt 0.654682 0.766645
vt 0.639301 0.765414
vt 0.622106 0.732277
vt 0.611302 0.733713
vt 0.629119 0.745322
vt 0.623592 0.716622
vt 0.608660 0.718547
vt 0.608168 0.725816
vt 0.612460 0.713653
vt 0.664270 0.753134
vt 0.680071 0.741511
vt 0.631744 0.702529
vt 0.686275 0.728331
vt 0.645516 0.694305
vt 0.684831 0.713384
vt 0.446808 0.455149
vt 0.656846 0.858385
vt 0.653952 0.869601
vt 0.640468 0.874677
vt 0.627981 0.858829
vt 0.683110 0.836855
vt 0.680651 0.831336
vt 0.677140 0.850338
vt 0.681898 0.843797
vt 0.658707 0.857833
vt 0.667501 0.846861
vt 0.634156 0.872213
vt 0.614647 0.844878
vt 0.669580 0.831894
vt 0.610803 0.831574
vt 0.664838 0.817303
vt 0.614447 0.817895
vt 0.653698 0.807071
vt 0.409193 0.571820
vt 0.409193 0.254716
vt 0.410834 0.768621
vt 0.463198 0.188097
vt 0.370971 0.188097
vt 0.463198 0.172459
vt 0.463198 0.203734
vt 0.370971 0.172460
vt 0.370971 0.203734
vt 0.463198 0.156822
vt 0.463198 0.219372
vt 0.370971 0.156822
vt 0.370971 0.219372
vt 0.463198 0.235009
vt 0.370971 0.235009
vt 0.463198 0.141185
vt 0.370971 0.141185
vt 0.463198 0.250647
vt 0.370971 0.250647
vt 0.463198 0.125547
vt 0.370971 0.125547
vt 0.463198 0.109910
vt 0.463198 0.266284
vt 0.370971 0.109910
vt 0.370971 0.266284
vt 0.463198 0.281921
vt 0.463197 0.094272
vt 0.370971 0.094272
vt 0.370971 0.281921
vt 0.463198 0.078635
vt 0.370971 0.297559
vt 0.370971 0.078635
vt 0.463198 0.297559
vt 0.463197 0.062998
vt 0.370971 0.062998
vt 0.463198 0.313196
vt 0.370971 0.313196
vt 0.463198 0.328834
vt 0.463197 0.047360
vt 0.370971 0.047360
vt 0.370971 0.328834
vt 0.463198 0.344471
vt 0.370971 0.344471
vt 0.463197 0.031723
vt 0.370971 0.547757
vt 0.370971 0.532120
vt 0.463197 0.532120
vt 0.463197 0.516482
vt 0.463198 0.360108
vt 0.370971 0.516482
vt 0.370971 0.360108
vt 0.463197 0.500845
vt 0.463198 0.375746
vt 0.370971 0.375746
vt 0.370971 0.500845
vt 0.463198 0.391383
vt 0.463198 0.485208
vt 0.370971 0.391383
vt 0.370971 0.485208
vt 0.463198 0.407021
vt 0.463198 0.469570
vt 0.370971 0.407021
vt 0.370971 0.469570
vt 0.463198 0.422658
vt 0.463198 0.453933
vt 0.370971 0.453933
vt 0.370971 0.422658
vt 0.463198 0.438295
vt 0.370971 0.438295
vt 0.053261 0.802122
vt 0.035664 0.793556
vt 0.055556 0.793556
vt 0.037959 0.859227
vt 0.018438 0.857847
vt 0.024708 0.851577
vt 0.017057 0.823024
vt 0.008492 0.840620
vt 0.008492 0.820729
vt 0.074163 0.838325
vt 0.072783 0.857847
vt 0.066512 0.851576
vt 0.072783 0.803502
vt 0.066512 0.809773
vt 0.017057 0.838325
vt 0.759651 0.236742
vt 0.751085 0.219145
vt 0.759651 0.221440
vt 0.055556 0.867793
vt 0.053261 0.859227
vt 0.074163 0.823024
vt 0.082729 0.820729
vt 0.024708 0.809773
vt 0.037959 0.802122
vt 0.035664 0.867793
vt 0.082729 0.840620
vt 0.915727 0.083729
vt 0.938390 0.068427
vt 0.938390 0.083729
vt 0.915727 0.114331
vt 0.938390 0.099030
vt 0.938390 0.114331
vt 0.915727 0.144934
vt 0.938390 0.129633
vt 0.938390 0.144934
vt 0.385927 0.944544
vt 0.411633 0.913230
vt 0.411633 0.944544
vt 0.915727 0.175537
vt 0.938390 0.160235
vt 0.938390 0.175537
vt 0.915727 0.206139
vt 0.938390 0.190838
vt 0.938390 0.206139
vt 0.915727 0.236742
vt 0.938390 0.221440
vt 0.938390 0.236742
vt 0.392729 0.626002
vt 0.367023 0.587929
vt 0.392729 0.587929
vt 0.392739 0.626370
vt 0.367033 0.588297
vt 0.392739 0.588297
vt 0.392570 0.626370
vt 0.366864 0.588297
vt 0.392570 0.588297
vt 0.392065 0.586984
vt 0.366359 0.625057
vt 0.366358 0.586984
vt 0.392475 0.625222
vt 0.366769 0.587149
vt 0.392475 0.587149
vt 0.098480 0.984914
vt 0.128781 0.934861
vt 0.131181 0.983294
vt 0.324552 0.774464
vt 0.350258 0.659558
vt 0.350258 0.774464
vt 0.325226 0.775777
vt 0.350932 0.660871
vt 0.350932 0.775777
vt 0.411623 0.944176
vt 0.385917 0.912862
vt 0.411623 0.912862
vt 0.367033 0.731655
vt 0.367033 0.626370
vt 0.385758 0.944544
vt 0.411464 0.913230
vt 0.411464 0.944544
vt 0.385663 0.943396
vt 0.411369 0.912082
vt 0.411369 0.943396
vt 0.350258 0.928233
vt 0.324552 0.887298
vt 0.350258 0.887298
vt 0.325226 0.929546
vt 0.350932 0.888611
vt 0.350932 0.929546
vt 0.308861 0.730507
vt 0.324962 0.659723
vt 0.324962 0.774630
vt 0.203015 0.712239
vt 0.172547 0.742163
vt 0.169824 0.687207
vt 0.206741 0.688296
vt 0.167800 0.646359
vt 0.366769 0.730507
vt 0.392475 0.730507
vt 0.089444 0.802547
vt 0.096080 0.936481
vt 0.173330 0.559910
vt 0.134555 0.601420
vt 0.143669 0.554187
vt 0.137123 0.688827
vt 0.135099 0.647979
vt 0.350668 0.659723
vt 0.366769 0.625222
vt 0.375723 0.796911
vt 0.350668 0.774630
vt 0.375723 0.734902
vt 0.299907 0.796911
vt 0.324962 0.817830
vt 0.367023 0.731287
vt 0.392729 0.731287
vt 0.379575 0.815542
vt 0.405282 0.802674
vt 0.405282 0.815542
vt 0.352735 0.927365
vt 0.327029 0.886430
vt 0.352735 0.886430
vt 0.350668 0.849941
vt 0.350668 0.817830
vt 0.309115 0.731287
vt 0.325216 0.660503
vt 0.325216 0.775409
vt 0.282497 0.890651
vt 0.325216 0.850721
vt 0.325216 0.888243
vt 0.393641 0.890651
vt 0.350922 0.850721
vt 0.393641 0.836793
vt 0.375977 0.797691
vt 0.350922 0.775409
vt 0.375977 0.735682
vt 0.405536 0.816322
vt 0.379829 0.803453
vt 0.405536 0.803453
vt 0.350922 0.660503
vt 0.325216 0.929178
vt 0.350922 0.888243
vt 0.350922 0.929178
vt 0.350922 0.818610
vt 0.379839 0.816690
vt 0.405545 0.803821
vt 0.405545 0.816690
vt 0.325226 0.851088
vt 0.350932 0.818978
vt 0.350932 0.851088
vt 0.375987 0.798059
vt 0.375987 0.736050
vt 0.392739 0.731655
vt 0.366864 0.731655
vt 0.392570 0.731655
vt 0.300171 0.798059
vt 0.325226 0.818978
vt 0.308957 0.731655
vt 0.325057 0.660871
vt 0.325057 0.775777
vt 0.300003 0.798059
vt 0.325057 0.818978
vt 0.350764 0.660871
vt 0.366864 0.626370
vt 0.375818 0.798059
vt 0.350764 0.775777
vt 0.375818 0.736050
vt 0.379671 0.816690
vt 0.405377 0.803821
vt 0.405377 0.816690
vt 0.350764 0.929546
vt 0.325057 0.888611
vt 0.350764 0.888611
vt 0.350764 0.851089
vt 0.350764 0.818978
vt 0.308451 0.730342
vt 0.324552 0.659558
vt 0.299497 0.796746
vt 0.324552 0.817665
vt 0.324552 0.849775
vt 0.350258 0.817665
vt 0.350258 0.849775
vt 0.392065 0.730342
vt 0.392065 0.625057
vt 0.385253 0.943231
vt 0.410959 0.911917
vt 0.410959 0.943231
vt 0.404872 0.815377
vt 0.379166 0.802508
vt 0.404872 0.802508
vt 0.851024 0.083729
vt 0.915727 0.068427
vt 0.052560 0.968036
vt 0.067012 0.952734
vt 0.067012 0.968036
vt 0.851024 0.099030
vt 0.915727 0.099030
vt 0.052560 0.983337
vt 0.067012 0.983337
vt 0.851024 0.114331
vt 0.948007 0.533596
vt 0.557964 0.479113
vt 0.948007 0.479114
vt 0.851024 0.129633
vt 0.915727 0.129633
vt 0.021310 0.952709
vt 0.035762 0.937407
vt 0.035762 0.952709
vt 0.851024 0.144934
vt 0.021310 0.968010
vt 0.035762 0.968010
vt 0.851024 0.160235
vt 0.915727 0.160235
vt 0.021310 0.983311
vt 0.035762 0.983311
vt 0.851024 0.175537
vt 0.488059 0.282086
vt 0.520375 0.063579
vt 0.520375 0.282086
vt 0.915727 0.190838
vt 0.051522 0.897372
vt 0.066823 0.882920
vt 0.066823 0.897372
vt 0.851024 0.206139
vt 0.036221 0.897372
vt 0.051522 0.882920
vt 0.851024 0.221440
vt 0.915727 0.221440
vt 0.020919 0.882920
vt 0.020919 0.897372
vt 0.851024 0.236742
vt 0.589753 0.276734
vt 0.620275 0.058228
vt 0.620275 0.276734
vt 0.851024 0.068427
vt 0.915727 0.053126
vt 0.836572 0.068427
vt 0.851024 0.053126
vt 0.526915 0.058228
vt 0.494599 0.027706
vt 0.526916 0.027706
vt 0.557964 0.309259
vt 0.503482 0.366945
vt 0.503482 0.309259
vt 0.488059 0.033057
vt 0.520375 0.033058
vt 0.557437 0.058228
vt 0.589753 0.058228
vt 0.583213 0.282086
vt 0.613735 0.063579
vt 0.613735 0.282086
vt 0.526915 0.276734
vt 0.494599 0.058228
vt 0.948007 0.421428
vt 0.557964 0.421427
vt 0.557437 0.276734
vt 0.557964 0.366945
vt 0.948007 0.366945
vt 0.948007 0.309259
vt 0.550897 0.063579
vt 0.550897 0.282086
vt 0.583213 0.063579
vt 0.209319 0.591439
vt 0.163364 0.604294
vt 0.379575 0.802674
vt 0.393387 0.889871
vt 0.393387 0.836013
vt 0.296055 0.815542
vt 0.324962 0.849941
vt 0.282243 0.889871
vt 0.324962 0.887463
vt 0.379829 0.816322
vt 0.296309 0.816322
vt 0.325216 0.818610
vt 0.300161 0.797691
vt 0.296319 0.816690
vt 0.282507 0.891019
vt 0.325226 0.888611
vt 0.379839 0.803821
vt 0.393651 0.891019
vt 0.393651 0.837161
vt 0.379671 0.803821
vt 0.393483 0.891019
vt 0.393483 0.837161
vt 0.296150 0.816690
vt 0.325057 0.851089
vt 0.282338 0.891019
vt 0.295645 0.815377
vt 0.281833 0.889706
vt 0.139846 0.743783
vt 0.147088 0.889956
vt 0.759651 0.083729
vt 0.836572 0.083729
vt 0.759651 0.099030
vt 0.836572 0.099030
vt 0.759651 0.114331
vt 0.836572 0.114331
vt 0.759651 0.129633
vt 0.836572 0.129633
vt 0.759651 0.144934
vt 0.836572 0.144934
vt 0.759651 0.160235
vt 0.836572 0.160235
vt 0.759651 0.175536
vt 0.836572 0.175537
vt 0.836572 0.190838
vt 0.759651 0.206139
vt 0.836572 0.206139
vt 0.836572 0.221441
vt 0.836572 0.236742
vt 0.759651 0.068427
vt 0.836573 0.053126
vt 0.904258 0.728522
vt 0.918833 0.703896
vt 0.913384 0.731290
vt 0.674265 0.605589
vt 0.686645 0.579788
vt 0.692694 0.587160
vt 0.894285 0.752601
vt 0.902695 0.757096
vt 0.709869 0.564270
vt 0.714364 0.572680
vt 0.879805 0.774271
vt 0.887177 0.780320
vt 0.735674 0.553581
vt 0.738442 0.562707
vt 0.861377 0.792700
vt 0.867426 0.800071
vt 0.764004 0.557622
vt 0.763069 0.548132
vt 0.714364 0.807179
vt 0.735675 0.826278
vt 0.709869 0.815589
vt 0.839707 0.807179
vt 0.844202 0.815589
vt 0.791001 0.548132
vt 0.790067 0.557622
vt 0.692694 0.792700
vt 0.686645 0.800071
vt 0.815628 0.817153
vt 0.818396 0.826278
vt 0.818396 0.553581
vt 0.815628 0.562706
vt 0.666894 0.780321
vt 0.674265 0.774271
vt 0.790066 0.822237
vt 0.791001 0.831727
vt 0.844202 0.564270
vt 0.839706 0.572680
vt 0.651376 0.757096
vt 0.659786 0.752601
vt 0.764004 0.822237
vt 0.763070 0.831727
vt 0.867426 0.579788
vt 0.861377 0.587160
vt 0.640687 0.731291
vt 0.649812 0.728523
vt 0.738443 0.817153
vt 0.879805 0.605589
vt 0.887177 0.599539
vt 0.635238 0.703896
vt 0.644728 0.702961
vt 0.894285 0.627259
vt 0.902695 0.622764
vt 0.635238 0.675964
vt 0.644728 0.676899
vt 0.904258 0.651337
vt 0.913384 0.648569
vt 0.640687 0.648569
vt 0.649812 0.651337
vt 0.909343 0.676899
vt 0.918833 0.675964
vt 0.651376 0.622764
vt 0.659786 0.627259
vt 0.909343 0.702961
vt 0.666894 0.599539
vt 0.838989 0.809207
vt 0.866361 0.801933
vt 0.843243 0.817380
vt 0.814910 0.819181
vt 0.817556 0.828020
vt 0.790287 0.833444
vt 0.789349 0.824265
vt 0.762483 0.833444
vt 0.763286 0.824265
vt 0.735214 0.828020
vt 0.737725 0.819181
vt 0.709527 0.817380
vt 0.713646 0.809207
vt 0.686409 0.801933
vt 0.691976 0.794728
vt 0.666749 0.782273
vt 0.673547 0.776299
vt 0.651302 0.759155
vt 0.659068 0.754629
vt 0.640662 0.733468
vt 0.649094 0.730550
vt 0.635238 0.706199
vt 0.644010 0.704989
vt 0.635238 0.678395
vt 0.644010 0.678926
vt 0.640662 0.651126
vt 0.649094 0.653365
vt 0.651302 0.625439
vt 0.659068 0.629286
vt 0.666749 0.602321
vt 0.673547 0.607616
vt 0.686409 0.582661
vt 0.691976 0.589188
vt 0.709527 0.567214
vt 0.713646 0.574708
vt 0.735214 0.556574
vt 0.737725 0.564735
vt 0.762483 0.551150
vt 0.763286 0.559650
vt 0.789349 0.559650
vt 0.790287 0.551150
vt 0.814910 0.564735
vt 0.817556 0.556574
vt 0.838989 0.574708
vt 0.843243 0.567214
vt 0.860659 0.589188
vt 0.866361 0.582661
vt 0.879088 0.607616
vt 0.886021 0.602321
vt 0.893567 0.629287
vt 0.901468 0.625439
vt 0.903541 0.653365
vt 0.912108 0.651126
vt 0.908625 0.678927
vt 0.917532 0.678395
vt 0.908625 0.704989
vt 0.917532 0.706199
vt 0.903541 0.730551
vt 0.912108 0.733468
vt 0.893567 0.754629
vt 0.901468 0.759155
vt 0.879087 0.776299
vt 0.886021 0.782273
vt 0.860659 0.794728
vt 0.220160 0.554180
vt 0.099658 0.565221
vt 0.106630 0.529090
vt 0.350668 0.928398
vt 0.385663 0.912082
vt 0.324962 0.928398
vt 0.289967 0.912082
vt 0.195810 0.797276
vt 0.179790 0.888336
vt 0.385917 0.944176
vt 0.290221 0.912862
vt 0.385927 0.913230
vt 0.290231 0.913230
vt 0.385758 0.913230
vt 0.325057 0.929546
vt 0.290063 0.913230
vt 0.324552 0.928233
vt 0.289557 0.911916
vt 0.385253 0.911917
vt 0.077776 0.797520
vt 0.106569 0.717018
vt 0.110477 0.795900
vt 0.419094 0.836013
vt 0.401429 0.734902
vt 0.419347 0.836793
vt 0.401683 0.735682
vt 0.419357 0.891019
vt 0.401693 0.736050
vt 0.419189 0.837161
vt 0.401525 0.798059
vt 0.392977 0.835848
vt 0.418684 0.889706
vt 0.392977 0.889706
vt 0.375313 0.734737
vt 0.401019 0.796746
vt 0.375313 0.796746
vt 0.069997 0.559498
vt 0.076970 0.523366
vt 0.367023 0.626002
vt 0.081512 0.599051
vt 0.082293 0.665881
vt 0.100494 0.693560
vt 0.101305 0.709930
vt 0.122145 0.800926
vt 0.309125 0.731655
vt 0.325226 0.660871
vt 0.050395 0.666254
vt 0.049614 0.599424
vt 0.068604 0.711550
vt 0.379166 0.815377
vt 0.366359 0.730342
vt 0.751085 0.239037
vt 0.018437 0.803502
vt 0.308861 0.625222
vt 0.206923 0.791121
vt 0.207553 0.704666
vt 0.299907 0.734902
vt 0.327029 0.927365
vt 0.309116 0.626002
vt 0.282497 0.836793
vt 0.300171 0.736050
vt 0.308957 0.626370
vt 0.300002 0.736050
vt 0.308451 0.625057
vt 0.299497 0.734737
vt 0.052560 0.952734
vt 0.557964 0.533595
vt 0.021310 0.937407
vt 0.488059 0.063579
vt 0.851024 0.190838
vt 0.036221 0.882920
vt 0.494599 0.276734
vt 0.220160 0.653917
vt 0.350668 0.887463
vt 0.296055 0.802674
vt 0.282243 0.836013
vt 0.296309 0.803453
vt 0.300161 0.735682
vt 0.296319 0.803821
vt 0.282507 0.837160
vt 0.296150 0.803821
vt 0.282338 0.837161
vt 0.295645 0.802508
vt 0.281833 0.835848
vt 0.759651 0.190838
vt 0.759651 0.053126
vt 0.289967 0.943396
vt 0.202446 0.931211
vt 0.290221 0.944176
vt 0.290231 0.944544
vt 0.290063 0.944544
vt 0.289557 0.943231
vt 0.073868 0.718638
vt 0.419094 0.889871
vt 0.401429 0.796911
vt 0.419347 0.890651
vt 0.401683 0.797691
vt 0.419357 0.837161
vt 0.401693 0.798059
vt 0.419189 0.891019
vt 0.401525 0.736050
vt 0.418684 0.835848
vt 0.401019 0.734737
vt 0.309125 0.626370
vt 0.067793 0.695180
vt 0.604324 0.568977
vt 0.529992 0.588143
vt 0.529992 0.568977
vt 0.604324 0.607309
vt 0.529992 0.607309
vt 0.604324 0.453982
vt 0.529992 0.473148
vt 0.529992 0.453982
vt 0.604324 0.473148
vt 0.529992 0.492313
vt 0.604324 0.492314
vt 0.529992 0.511479
vt 0.604324 0.530645
vt 0.529992 0.530645
vt 0.581610 0.823235
vt 0.560098 0.875168
vt 0.508165 0.853656
vt 0.529992 0.549811
vt 0.604324 0.549811
vt 0.531428 0.800321
vt 0.583361 0.821833
vt 0.561849 0.873766
vt 0.604324 0.588143
vt 0.604324 0.511479
vt 0.508165 0.823234
vt 0.529676 0.801723
vt 0.560098 0.801723
vt 0.581610 0.853657
vt 0.529676 0.875168
vt 0.531428 0.873766
vt 0.509916 0.852255
vt 0.509916 0.821833
vt 0.561850 0.800321
vt 0.583361 0.852255
vt 0.228492 0.766132
vt 0.243272 0.773513
vt 0.228492 0.773513
vt 0.956618 0.068427
vt 0.956618 0.083729
vt 0.956618 0.099030
vt 0.956618 0.114331
vt 0.956618 0.129633
vt 0.956618 0.144934
vt 0.956618 0.160235
vt 0.956618 0.175537
vt 0.956618 0.190838
vt 0.956618 0.206139
vt 0.956618 0.221440
vt 0.956618 0.236742
vt 0.956618 0.053126
vt 0.256616 0.587695
vt 0.249486 0.570483
vt 0.260306 0.581303
vt 0.262738 0.562833
vt 0.266698 0.577613
vt 0.278039 0.562833
vt 0.274079 0.577613
vt 0.280471 0.581303
vt 0.291290 0.570483
vt 0.298941 0.583735
vt 0.284161 0.587695
vt 0.284161 0.595076
vt 0.298941 0.599036
vt 0.291290 0.612287
vt 0.280471 0.601468
vt 0.274079 0.605158
vt 0.278039 0.619938
vt 0.262738 0.619938
vt 0.266698 0.605158
vt 0.249486 0.612287
vt 0.260306 0.601468
vt 0.241836 0.599036
vt 0.256616 0.595076
vt 0.241836 0.583735
vt 0.150003 0.911632
vt 0.173858 0.918024
vt 0.156395 0.935487
vt 0.228492 0.788274
vt 0.243272 0.795655
vt 0.228492 0.795655
vt 0.228492 0.736609
vt 0.243272 0.743989
vt 0.228492 0.743989
vt 0.228492 0.721847
vt 0.243272 0.729228
vt 0.228492 0.729228
vt 0.228492 0.758751
vt 0.243272 0.766132
vt 0.243272 0.780893
vt 0.243272 0.788274
vt 0.243272 0.736609
vt 0.228492 0.803036
vt 0.243272 0.810416
vt 0.228492 0.810416
vt 0.228492 0.751370
vt 0.243272 0.758751
vt 0.228492 0.780893
vt 0.243272 0.803036
vt 0.243272 0.751370
vt 0.709475 0.020228
vt 0.751086 0.000337
vt 0.751086 0.020228
vt 0.709475 0.239037
vt 0.709475 0.219145
vt 0.751085 0.199254
vt 0.709475 0.199253
vt 0.751085 0.179362
vt 0.709475 0.159470
vt 0.751085 0.159470
vt 0.751085 0.139578
vt 0.709475 0.139578
vt 0.751085 0.119687
vt 0.709475 0.119687
vt 0.751085 0.099795
vt 0.709475 0.099795
vt 0.751085 0.079903
vt 0.709475 0.079903
vt 0.751085 0.060012
vt 0.662410 0.266209
vt 0.645184 0.201918
vt 0.709475 0.060012
vt 0.751085 0.040120
vt 0.709475 0.040120
vt 0.938390 0.053126
vt 0.150003 0.931796
vt 0.146312 0.925404
vt 0.146312 0.918024
vt 0.156395 0.907941
vt 0.163775 0.907941
vt 0.170167 0.911632
vt 0.173858 0.925404
vt 0.170167 0.931796
vt 0.163775 0.935487
vt 0.243272 0.721847
vt 0.709475 0.000336
vt 0.709475 0.179362
vt 0.699529 0.256264
vt 0.682302 0.266209
vt 0.645184 0.256264
vt 0.635238 0.239037
vt 0.635238 0.219145
vt 0.662410 0.191973
vt 0.682302 0.191973
vt 0.699529 0.201918
vt 0.049333 0.393103
vt 0.056719 0.367919
vt 0.057243 0.393467
vt 0.049014 0.367742
vt 0.058216 0.341468
vt 0.050214 0.341489
vt 0.056363 0.315434
vt 0.048549 0.315527
vt 0.056812 0.288256
vt 0.048704 0.288517
vt 0.053956 0.261559
vt 0.046032 0.261886
vt 0.053463 0.233539
vt 0.045241 0.234071
vt 0.049528 0.206077
vt 0.041484 0.206725
vt 0.047846 0.177070
vt 0.039481 0.178037
vt 0.042244 0.148682
vt 0.034042 0.149940
vt 0.038224 0.118329
vt 0.029619 0.120286
vt 0.028899 0.088586
vt 0.020130 0.091446
vt 0.018582 0.057989
vt 0.180339 0.484432
vt 0.200389 0.463003
vt 0.186607 0.488547
vt 0.199605 0.432092
vt 0.192339 0.459952
vt 0.206428 0.405494
vt 0.207244 0.434157
vt 0.209195 0.377809
vt 0.214289 0.406953
vt 0.213208 0.351192
vt 0.216807 0.378743
vt 0.214126 0.323709
vt 0.221057 0.351885
vt 0.216784 0.297118
vt 0.221776 0.324113
vt 0.216582 0.269747
vt 0.224696 0.297386
vt 0.218218 0.243158
vt 0.224315 0.269797
vt 0.216997 0.215890
vt 0.226228 0.243098
vt 0.217544 0.189326
vt 0.224825 0.215629
vt 0.215034 0.162241
vt 0.225652 0.188924
vt 0.213874 0.135800
vt 0.222937 0.161574
vt 0.208829 0.109207
vt 0.222050 0.134794
vt 0.203469 0.083531
vt 0.216702 0.107579
vt 0.191969 0.059762
vt 0.211380 0.080836
vt 0.038478 0.467473
vt 0.033685 0.493445
vt 0.026911 0.489005
vt 0.051199 0.444065
vt 0.046291 0.470494
vt 0.044019 0.442955
vt 0.053886 0.419402
vt 0.046359 0.418638
vt 0.167973 0.137966
vt 0.160215 0.105757
vt 0.169987 0.106548
vt 0.340828 0.188084
vt 0.330506 0.216454
vt 0.331876 0.187947
vt 0.169529 0.167784
vt 0.158204 0.137724
vt 0.339704 0.216743
vt 0.331817 0.245671
vt 0.168727 0.198273
vt 0.160191 0.167626
vt 0.340723 0.245998
vt 0.329767 0.274029
vt 0.170397 0.227292
vt 0.159283 0.198221
vt 0.338930 0.274543
vt 0.330324 0.303213
vt 0.169276 0.256968
vt 0.161321 0.227102
vt 0.339206 0.303762
vt 0.327577 0.331501
vt 0.165183 0.423701
vt 0.158650 0.395956
vt 0.167011 0.396460
vt 0.170358 0.285248
vt 0.160090 0.256773
vt 0.336719 0.332214
vt 0.327561 0.360707
vt 0.167260 0.449749
vt 0.156610 0.423578
vt 0.168619 0.314106
vt 0.161530 0.284878
vt 0.333693 0.389740
vt 0.336426 0.361379
vt 0.172467 0.476584
vt 0.158775 0.450670
vt 0.169061 0.341645
vt 0.159683 0.313716
vt 0.333784 0.418815
vt 0.324539 0.389054
vt 0.179868 0.501131
vt 0.164290 0.478478
vt 0.166835 0.369685
vt 0.160476 0.341108
vt 0.332774 0.447174
vt 0.324877 0.418477
vt 0.345704 0.039273
vt 0.332481 0.068820
vt 0.335382 0.037141
vt 0.158135 0.369184
vt 0.337202 0.475910
vt 0.323464 0.447492
vt 0.342453 0.069975
vt 0.329673 0.099297
vt 0.345704 0.502226
vt 0.328339 0.477886
vt 0.339303 0.099868
vt 0.331184 0.129587
vt 0.171549 0.075379
vt 0.169558 0.040345
vt 0.179868 0.044214
vt 0.340279 0.129776
vt 0.329987 0.158530
vt 0.160811 0.073588
vt 0.339275 0.158705
vt 0.122208 0.205692
vt 0.123136 0.223048
vt 0.124394 0.319278
vt 0.124473 0.335667
vt 0.094039 0.345321
vt 0.091575 0.336125
vt 0.124016 0.263348
vt 0.124518 0.280135
vt 0.090791 0.373249
vt 0.063041 0.365019
vt 0.093187 0.364097
vt 0.063050 0.344329
vt 0.025431 0.058675
vt 0.034882 0.082805
vt 0.124579 0.492912
vt 0.085944 0.477883
vt 0.120880 0.479912
vt 0.153167 0.366055
vt 0.153654 0.344209
vt 0.284971 0.491514
vt 0.338011 0.505703
vt 0.287163 0.521942
vt 0.116481 0.077424
vt 0.117514 0.099246
vt 0.119269 0.145264
vt 0.120497 0.163674
vt 0.093423 0.310040
vt 0.121824 0.309192
vt 0.080586 0.488869
vt 0.051830 0.469042
vt 0.288529 0.380899
vt 0.289873 0.363722
vt 0.284891 0.441480
vt 0.286154 0.422659
vt 0.091310 0.319398
vt 0.062713 0.312212
vt 0.044384 0.120545
vt 0.048767 0.144216
vt 0.293958 0.267009
vt 0.294468 0.250204
vt 0.291912 0.323620
vt 0.292899 0.306779
vt 0.122046 0.446629
vt 0.088026 0.455485
vt 0.086741 0.445265
vt 0.154532 0.310599
vt 0.154589 0.288215
vt 0.091636 0.235013
vt 0.088395 0.225482
vt 0.056788 0.448240
vt 0.127463 0.519765
vt 0.290543 0.092519
vt 0.289969 0.072326
vt 0.293109 0.153048
vt 0.292641 0.135540
vt 0.294368 0.210380
vt 0.294372 0.193449
vt 0.123454 0.374054
vt 0.123234 0.390341
vt 0.058784 0.236201
vt 0.121990 0.429225
vt 0.053480 0.179609
vt 0.056025 0.202191
vt 0.250092 0.064169
vt 0.286956 0.059755
vt 0.154724 0.253691
vt 0.154260 0.230697
vt 0.087978 0.427577
vt 0.088710 0.197639
vt 0.119002 0.195084
vt 0.249599 0.076052
vt 0.215524 0.076103
vt 0.090475 0.389861
vt 0.260283 0.193386
vt 0.260363 0.210602
vt 0.257423 0.136875
vt 0.258379 0.154564
vt 0.252556 0.095964
vt 0.073669 0.514976
vt 0.087042 0.207742
vt 0.060377 0.258030
vt 0.290913 0.015179
vt 0.242449 0.037870
vt 0.233582 0.024876
vt 0.153709 0.195132
vt 0.152942 0.171416
vt 0.151679 0.420572
vt 0.206209 0.055415
vt 0.198494 0.055508
vt 0.151994 0.398978
vt 0.120788 0.400249
vt 0.061882 0.291009
vt 0.259016 0.304525
vt 0.257893 0.321723
vt 0.260625 0.248994
vt 0.260078 0.266126
vt 0.259234 0.126821
vt 0.289845 0.124798
vt 0.152470 0.134410
vt 0.152454 0.109459
vt 0.226673 0.131285
vt 0.249583 0.418440
vt 0.246670 0.437584
vt 0.255515 0.360497
vt 0.253752 0.378056
vt 0.156992 0.476279
vt 0.256458 0.106076
vt 0.154813 0.069077
vt 0.160326 0.042484
vt 0.084004 0.167127
vt 0.081912 0.148324
vt 0.076492 0.104098
vt 0.072573 0.082226
vt 0.228403 0.513091
vt 0.237048 0.485294
vt 0.154006 0.454103
vt 0.119490 0.457566
vt 0.223724 0.109676
vt 0.325461 0.064592
vt 0.262623 0.183804
vt 0.291940 0.183036
vt 0.320481 0.475142
vt 0.318195 0.450976
vt 0.328964 0.039509
vt 0.286007 0.032051
vt 0.230527 0.185808
vt 0.324007 0.126238
vt 0.261221 0.164157
vt 0.319072 0.391933
vt 0.090849 0.281573
vt 0.090055 0.264429
vt 0.324113 0.102592
vt 0.288101 0.104167
vt 0.229639 0.164336
vt 0.122432 0.290433
vt 0.121263 0.233731
vt 0.121125 0.253054
vt 0.118734 0.174918
vt 0.115433 0.111831
vt 0.115812 0.133974
vt 0.114624 0.033729
vt 0.113107 0.063815
vt 0.281567 0.453098
vt 0.281768 0.477292
vt 0.284511 0.411384
vt 0.285166 0.391303
vt 0.322123 0.334359
vt 0.288321 0.353069
vt 0.288744 0.333824
vt 0.324378 0.277004
vt 0.291124 0.296305
vt 0.291055 0.277240
vt 0.325185 0.219577
vt 0.292381 0.239804
vt 0.291744 0.220726
vt 0.324675 0.161791
vt 0.290718 0.163688
vt 0.119608 0.418936
vt 0.122168 0.345666
vt 0.121138 0.364064
vt 0.061812 0.396549
vt 0.090939 0.418227
vt 0.060365 0.416966
vt 0.092547 0.399152
vt 0.262736 0.220137
vt 0.231244 0.240199
vt 0.231384 0.218722
vt 0.263338 0.239578
vt 0.262125 0.275717
vt 0.229832 0.294663
vt 0.230768 0.273137
vt 0.262067 0.295184
vt 0.259650 0.331438
vt 0.226341 0.349346
vt 0.228128 0.327705
vt 0.258942 0.351124
vt 0.255193 0.388103
vt 0.219866 0.404702
vt 0.223033 0.382717
vt 0.253669 0.408668
vt 0.213167 0.439072
vt 0.243700 0.473532
vt 0.206531 0.461756
vt 0.247497 0.448884
vt 0.072950 0.069125
vt 0.066559 0.039417
vt 0.083272 0.137458
vt 0.081278 0.114892
vt 0.087754 0.177017
vt 0.091945 0.254751
vt 0.093689 0.290894
vt 0.056664 0.025195
vt 0.119881 0.015179
vt 0.317968 0.414800
vt 0.320769 0.356954
vt 0.323472 0.299592
vt 0.324868 0.242232
vt 0.324821 0.184658
vt 0.009813 0.061933
vt 0.172648 0.504207
s 1
usemtl SpacialRoverExploreralumWhite
f 56/1/1 58/2/2 137/3/3
f 27/4/4 25/5/5 73/6/5
f 80/7/6 96/8/6 88/9/6
f 49/10/7 85/11/7 86/12/8
f 61/13/9 59/14/10 90/15/10
f 71/16/11 69/17/12 95/18/12
f 35/19/13 78/20/14 79/21/15
f 45/22/16 83/23/16 84/24/17
f 57/25/18 55/26/19 88/27/19
f 67/28/20 65/29/21 93/30/21
f 33/31/22 31/32/23 76/33/23
f 43/34/24 41/35/25 81/36/25
f 53/37/26 51/38/8 86/12/8
f 63/39/27 61/13/9 91/40/9
f 25/5/5 71/16/11 96/41/11
f 27/4/4 74/42/4 75/43/28
f 37/44/15 79/21/15 80/45/29
f 47/46/17 84/24/17 85/47/7
f 57/25/18 89/48/18 90/15/10
f 67/28/20 94/49/20 95/18/12
f 33/31/22 77/50/22 78/20/14
f 43/34/24 82/51/24 83/23/16
f 53/37/26 87/52/26 88/27/19
f 65/29/21 63/39/27 92/53/27
f 31/32/23 29/54/28 75/43/28
f 39/55/29 80/45/29 81/36/25
f 120/56/30 98/57/31 145/58/32
f 30/59/33 99/60/33 100/61/33
f 34/62/33 32/63/33 100/61/33
f 36/64/33 34/62/33 101/65/33
f 38/66/33 36/64/33 102/67/33
f 38/66/33 103/68/33 104/69/33
f 42/70/33 40/71/33 104/69/33
f 42/70/33 105/72/33 106/73/33
f 44/74/33 106/73/33 107/75/33
f 110/76/34 111/77/35 148/78/36
f 56/79/33 54/80/33 111/81/33
f 58/82/33 56/79/33 112/83/33
f 58/82/33 113/84/33 114/85/33
f 60/86/33 114/85/33 115/87/33
f 64/88/33 62/89/33 115/87/33
f 66/90/33 64/88/33 116/91/33
f 66/90/33 117/92/33 118/93/33
f 70/94/33 68/95/33 118/93/33
f 26/96/37 72/97/38 155/98/38
f 42/99/39 44/100/40 130/101/40
f 72/102/41 26/103/42 122/104/42
f 30/105/43 123/106/43 121/107/44
f 60/108/45 138/109/45 137/3/45
f 44/100/40 46/110/46 131/111/46
f 32/112/47 124/113/47 123/106/43
f 62/114/45 139/115/45 138/109/45
f 46/110/46 48/116/48 132/117/48
f 34/118/49 125/119/49 124/113/47
f 62/114/45 64/120/45 140/121/45
f 48/116/48 50/122/50 133/123/50
f 36/124/51 126/125/51 125/119/49
f 64/120/45 66/126/45 141/127/45
f 52/128/52 134/129/52 133/123/50
f 36/124/51 38/130/53 127/131/53
f 68/132/54 142/133/55 141/134/56
f 54/135/57 135/136/57 134/129/52
f 38/130/53 40/137/58 128/138/58
f 68/132/54 70/139/59 143/140/59
f 56/1/1 136/141/60 135/136/57
f 40/137/58 42/99/39 129/142/39
f 70/139/59 72/102/41 144/143/41
f 28/144/44 121/107/44 122/104/42
f 135/145/33 123/146/33 127/147/33
f 153/148/33 152/149/33 146/150/33
f 154/151/61 153/148/33 147/152/33
f 156/153/62 150/154/63 149/155/33
f 151/156/33 155/157/33 149/155/33
f 52/158/64 50/159/65 152/160/65
f 54/161/66 52/158/64 153/162/64
f 109/163/67 110/76/34 147/152/34
f 72/97/38 70/164/68 156/165/69
f 119/166/70 120/56/30 149/155/30
f 98/57/71 26/96/71 151/167/71
f 205/168/72 219/169/72 218/170/72
f 206/171/73 203/172/73 204/173/73
f 109/163/71 146/150/71 152/160/71
f 26/174/33 98/175/33 97/176/33
f 26/174/33 97/176/33 28/177/33
f 107/75/33 48/178/33 46/179/33
f 28/177/33 99/60/33 30/59/33
f 28/177/33 97/176/33 99/60/33
f 50/180/33 48/178/33 108/181/33
f 109/182/33 50/180/33 108/181/33
f 108/181/33 48/178/33 107/75/33
f 210/183/74 209/184/75 160/185/76
f 212/186/77 161/187/78 162/188/79
f 158/189/80 207/190/81 218/170/82
f 208/191/74 204/192/83 157/193/84
f 212/186/85 210/183/85 159/194/85
f 206/171/77 207/190/81 158/189/80
f 156/195/69 70/196/68 165/197/85
f 150/198/63 156/195/62 166/199/86
f 119/200/87 163/201/88 165/197/89
f 150/202/90 164/203/73 163/201/73
f 148/204/91 169/205/92 168/206/93
f 111/207/94 54/208/95 167/209/96
f 148/204/36 111/207/35 170/210/85
f 154/211/97 168/212/73 167/209/73
f 172/213/71 173/214/71 171/215/71
f 176/216/71 178/217/71 177/218/71
f 173/214/73 206/219/73 208/220/73
f 172/213/85 174/221/85 205/222/85
f 171/223/74 208/224/74 205/222/98
f 172/213/77 207/225/81 206/219/77
f 178/217/85 176/226/85 210/227/85
f 177/218/77 178/217/77 212/228/77
f 176/229/74 175/230/74 209/231/75
f 177/218/73 211/232/73 209/231/73
f 221/233/73 217/234/73 220/235/73
f 224/236/73 236/237/73 254/238/73
f 162/188/79 215/239/99 220/235/100
f 209/184/75 217/240/101 216/241/102
f 209/242/103 211/243/103 220/235/103
f 205/244/98 157/193/84 213/245/104
f 158/189/105 214/246/106 226/247/106
f 221/248/107 215/239/107 162/188/107
f 160/185/108 216/241/107 224/249/107
f 227/250/106 213/245/106 157/193/106
f 227/251/85 218/170/85 219/169/85
f 225/252/109 226/253/109 247/254/110
f 222/255/111 229/256/112 236/237/113
f 223/257/114 224/258/114 238/259/115
f 228/260/116 244/261/117 251/262/118
f 250/263/119 245/264/120 241/265/121
f 246/266/73 242/267/73 241/268/73
f 249/269/85 251/262/85 250/270/85
f 230/271/122 232/272/123 239/273/124
f 229/274/112 231/275/125 237/276/125
f 231/275/126 230/271/122 235/277/127
f 239/273/124 232/272/123 234/278/128
f 240/279/129 234/278/129 233/280/130
f 248/281/131 241/265/121 243/282/132
f 249/283/133 243/282/133 242/284/134
f 244/261/117 246/285/135 252/286/136
f 246/285/137 245/264/120 250/263/119
f 222/255/85 233/280/85 253/287/85
f 233/280/85 234/288/85 253/287/85
f 230/289/85 231/290/85 253/287/85
f 231/290/85 229/256/85 253/287/85
f 234/288/85 232/291/85 253/287/85
f 232/291/85 230/289/85 253/287/85
f 236/237/73 237/292/73 254/238/73
f 237/292/73 235/293/73 254/238/73
f 240/294/73 238/295/73 254/238/73
f 235/293/73 239/296/73 254/238/73
f 239/296/73 240/294/73 254/238/73
f 136/297/33 137/298/33 138/299/33
f 139/300/33 140/301/33 255/302/33
f 140/301/33 141/303/33 142/304/33
f 138/299/33 139/300/33 255/302/33
f 56/1/1 137/3/3 136/141/60
f 27/4/4 73/6/5 74/42/4
f 96/8/6 74/305/6 73/306/6
f 74/305/6 76/307/6 75/308/6
f 76/307/6 78/309/6 77/310/6
f 78/309/6 80/7/6 79/311/6
f 80/7/6 82/312/6 81/313/6
f 82/312/6 84/314/6 83/315/6
f 84/314/6 86/316/6 85/317/6
f 86/316/6 88/9/6 87/318/6
f 88/9/6 90/319/6 89/320/6
f 90/319/6 92/321/6 91/322/6
f 92/321/6 94/323/6 93/324/6
f 94/323/6 96/8/6 95/325/6
f 96/8/6 76/307/6 74/305/6
f 76/307/6 80/7/6 78/309/6
f 80/7/6 84/314/6 82/312/6
f 84/314/6 88/9/6 86/316/6
f 88/9/6 92/321/6 90/319/6
f 92/321/6 96/8/6 94/323/6
f 96/8/6 80/7/6 76/307/6
f 80/7/6 88/9/6 84/314/6
f 88/9/6 96/8/6 92/321/6
f 49/10/7 86/12/8 51/38/8
f 61/13/9 90/15/10 91/40/9
f 71/16/11 95/18/12 96/41/11
f 35/19/13 79/21/15 37/44/15
f 45/22/16 84/24/17 47/46/17
f 57/25/18 88/27/19 89/48/18
f 67/28/20 93/30/21 94/49/20
f 33/31/22 76/33/23 77/50/22
f 43/34/24 81/36/25 82/51/24
f 53/37/26 86/12/8 87/52/26
f 63/39/27 91/40/9 92/53/27
f 25/5/5 96/41/11 73/6/5
f 27/4/4 75/43/28 29/54/28
f 37/44/15 80/45/29 39/55/29
f 47/46/17 85/47/7 49/326/7
f 57/25/18 90/15/10 59/14/10
f 67/28/20 95/18/12 69/17/12
f 33/31/22 78/20/14 35/19/13
f 43/34/24 83/23/16 45/22/16
f 53/37/26 88/27/19 55/26/19
f 65/29/21 92/53/27 93/30/21
f 31/32/23 75/43/28 76/33/23
f 39/55/29 81/36/25 41/35/25
f 120/56/30 145/58/32 149/155/30
f 30/59/33 100/61/33 32/63/33
f 34/62/33 100/61/33 101/65/33
f 36/64/33 101/65/33 102/67/33
f 38/66/33 102/67/33 103/68/33
f 38/66/33 104/69/33 40/71/33
f 42/70/33 104/69/33 105/72/33
f 42/70/33 106/73/33 44/74/33
f 44/74/33 107/75/33 46/179/33
f 110/76/34 148/78/36 147/152/34
f 56/79/33 111/81/33 112/83/33
f 58/82/33 112/83/33 113/84/33
f 58/82/33 114/85/33 60/86/33
f 60/86/33 115/87/33 62/89/33
f 64/88/33 115/87/33 116/91/33
f 66/90/33 116/91/33 117/92/33
f 66/90/33 118/93/33 68/95/33
f 70/94/33 118/93/33 119/327/33
f 26/96/37 155/98/38 151/167/37
f 42/99/39 130/101/40 129/142/39
f 72/102/41 122/104/42 144/143/41
f 30/105/43 121/107/44 28/144/44
f 60/108/45 137/3/45 58/2/45
f 44/100/40 131/111/46 130/101/40
f 32/112/47 123/106/43 30/105/43
f 62/114/45 138/109/45 60/108/45
f 46/110/46 132/117/48 131/111/46
f 34/118/49 124/113/47 32/112/47
f 62/114/45 140/121/45 139/115/45
f 48/116/48 133/123/50 132/117/48
f 36/124/51 125/119/49 34/118/49
f 64/120/45 141/127/45 140/121/45
f 52/128/52 133/123/50 50/122/50
f 36/124/51 127/131/53 126/125/51
f 68/132/54 141/134/56 66/328/138
f 54/135/57 134/129/52 52/128/52
f 38/130/53 128/138/58 127/131/53
f 68/132/54 143/140/59 142/133/55
f 56/1/1 135/136/57 54/135/57
f 40/137/58 129/142/39 128/138/58
f 70/139/59 144/143/41 143/140/59
f 28/144/44 122/104/42 26/103/42
f 123/146/33 122/329/33 121/330/33
f 122/329/33 143/331/33 144/332/33
f 143/331/33 255/302/33 142/304/33
f 255/302/33 135/145/33 136/297/33
f 135/145/33 133/333/33 134/334/33
f 133/333/33 131/335/33 132/336/33
f 131/335/33 129/337/33 130/338/33
f 129/337/33 127/147/33 128/339/33
f 127/147/33 125/340/33 126/341/33
f 125/340/33 123/146/33 124/342/33
f 123/146/33 143/331/33 122/329/33
f 143/331/33 135/145/33 255/302/33
f 135/145/33 131/335/33 133/333/33
f 131/335/33 127/147/33 129/337/33
f 127/147/33 123/146/33 125/340/33
f 123/146/33 135/145/33 143/331/33
f 135/145/33 127/147/33 131/335/33
f 153/148/33 146/150/33 147/152/33
f 154/151/61 147/152/33 148/343/91
f 156/153/62 149/155/33 155/157/33
f 151/156/33 149/155/33 145/58/33
f 52/158/64 152/160/65 153/162/64
f 54/161/66 153/162/64 154/344/97
f 109/163/67 147/152/34 146/150/139
f 72/97/38 156/165/69 155/98/38
f 119/166/70 149/155/30 150/345/90
f 98/57/71 151/167/71 145/58/71
f 205/168/72 218/170/72 207/346/72
f 206/171/73 204/173/73 208/347/73
f 109/163/71 152/160/71 50/159/71
f 210/183/74 160/185/140 159/194/83
f 212/186/77 162/188/79 211/348/141
f 158/189/80 218/170/82 214/246/142
f 208/191/74 157/193/84 205/244/98
f 212/186/85 159/194/73 161/187/73
f 206/171/77 158/189/143 203/172/78
f 156/195/144 165/197/85 166/199/73
f 150/198/145 166/199/146 164/349/147
f 119/200/87 165/197/89 70/196/148
f 150/202/90 163/201/73 119/200/70
f 148/204/91 168/206/93 154/350/61
f 111/207/149 167/209/150 170/210/151
f 148/204/152 170/210/85 169/205/73
f 154/211/97 167/209/73 54/208/66
f 172/213/71 171/215/71 174/351/71
f 176/216/71 177/218/71 175/352/71
f 173/214/73 208/220/73 171/353/73
f 172/213/85 205/222/85 207/225/85
f 171/223/74 205/222/98 174/221/74
f 172/213/77 206/219/77 173/214/77
f 178/217/85 210/227/85 212/228/85
f 177/218/77 212/228/77 211/232/141
f 176/229/74 209/231/75 210/354/74
f 177/218/73 209/231/73 175/230/73
f 217/234/73 224/355/73 216/356/73
f 221/233/73 220/235/73 215/239/73
f 217/234/73 221/233/73 224/355/73
f 236/237/73 224/236/73 221/357/73
f 224/236/73 254/238/73 238/295/73
f 162/188/79 220/235/100 211/348/141
f 209/184/75 216/241/102 160/185/76
f 209/242/103 220/235/103 217/234/103
f 205/244/98 213/245/104 219/169/153
f 158/189/105 226/247/106 225/358/154
f 221/248/107 162/188/155 222/359/156
f 160/185/108 224/249/107 223/360/157
f 227/250/106 157/193/158 228/361/159
f 218/170/85 226/362/85 214/246/85
f 227/251/85 219/169/85 213/245/85
f 218/170/85 227/251/85 226/362/85
f 225/252/109 247/254/110 242/267/134
f 222/255/111 236/237/113 221/357/111
f 223/257/114 238/259/115 233/280/130
f 228/260/116 251/262/118 227/363/116
f 250/263/119 241/265/121 248/281/131
f 242/267/73 228/364/73 225/252/73
f 228/364/73 246/266/73 244/365/73
f 246/266/73 241/268/73 245/366/73
f 241/268/73 242/267/73 243/367/73
f 242/267/73 246/266/73 228/364/73
f 251/262/85 226/253/85 227/363/85
f 226/253/85 249/269/85 247/254/85
f 249/269/85 250/270/85 248/368/85
f 250/270/85 251/262/85 252/369/85
f 251/262/85 249/269/85 226/253/85
f 230/271/122 239/273/124 235/277/127
f 229/274/112 237/276/125 236/370/113
f 231/275/126 235/277/127 237/276/126
f 239/273/124 234/278/128 240/279/128
f 240/279/129 233/280/130 238/259/115
f 248/281/131 243/282/132 249/283/132
f 249/283/133 242/284/134 247/371/110
f 244/261/117 252/286/136 251/262/118
f 246/285/137 250/263/119 252/286/137
f 233/280/85 222/255/73 223/257/160
f 222/255/85 253/287/85 229/256/85
f 136/297/33 138/299/33 255/302/33
f 140/301/33 142/304/33 255/302/33
f 1483/1/342 518/3/343 955/2/344
f 490/4/345 491/6/346 489/5/346
f 1302/7/33 496/9/33 506/8/33
f 492/10/347 494/12/348 493/11/347
f 1136/13/349 508/15/350 557/14/350
f 505/16/351 1140/18/352 1160/17/352
f 558/19/353 1137/21/354 510/20/355
f 1161/22/356 987/24/357 957/23/356
f 495/25/358 496/27/359 1387/26/359
f 498/28/360 499/30/361 497/29/361
f 500/31/362 501/33/363 1379/32/363
f 503/34/364 504/36/365 502/35/365
f 1138/37/366 494/12/348 556/38/348
f 1377/39/367 988/40/349 1136/13/349
f 489/5/346 506/41/351 505/16/351
f 490/4/345 956/43/368 554/42/345
f 1158/44/354 1302/45/369 1137/21/354
f 1385/46/357 493/47/347 987/24/357
f 495/25/358 508/15/350 507/48/358
f 498/28/360 1140/18/352 1139/49/360
f 500/31/362 510/20/355 509/50/362
f 503/34/364 957/23/356 555/51/364
f 1138/37/366 496/27/359 1378/52/366
f 497/29/361 511/53/367 1377/39/367
f 1379/32/363 956/43/368 1159/54/368
f 1386/55/369 504/36/365 1302/45/369
f 790/56/38 559/58/37 524/57/370
f 1297/59/6 782/61/6 525/60/6
f 958/62/6 782/61/6 1492/63/6
f 959/64/6 783/65/6 958/62/6
f 1290/66/6 1227/67/6 959/64/6
f 1290/66/6 784/69/6 1440/68/6
f 960/70/6 784/69/6 1486/71/6
f 960/70/6 513/73/6 512/72/6
f 968/74/6 961/75/6 513/73/6
f 1228/76/64 1162/78/371 1441/77/372
f 1483/79/6 1441/81/6 1296/80/6
f 955/82/6 787/83/6 1483/79/6
f 955/82/6 515/85/6 514/84/6
f 989/86/6 962/87/6 515/85/6
f 1484/88/6 962/87/6 1303/89/6
f 963/90/6 788/91/6 1484/88/6
f 963/90/6 964/93/6 789/92/6
f 1291/94/6 964/93/6 990/95/6
f 965/96/32 967/98/30 966/97/30
f 960/99/373 562/101/374 968/100/374
f 966/102/375 520/104/376 965/103/376
f 1297/105/377 516/107/378 517/106/377
f 989/108/379 518/3/379 519/109/379
f 968/100/374 563/111/380 1292/110/380
f 1492/112/381 517/106/377 971/113/381
f 1303/114/379 519/109/379 969/115/379
f 1292/110/380 1163/117/382 1485/116/382
f 958/118/383 971/113/381 970/119/383
f 1303/114/379 1157/121/379 1484/120/379
f 1485/116/382 973/123/384 972/122/384
f 959/124/385 970/119/383 1293/125/385
f 1484/120/379 974/127/379 963/126/379
f 977/128/386 973/123/384 1294/129/386
f 959/124/385 1142/131/387 1290/130/387
f 990/132/388 974/134/389 1295/133/390
f 1296/135/391 1294/129/386 1141/136/391
f 1290/130/387 1487/138/392 1486/137/392
f 990/132/388 992/140/393 1291/139/393
f 1483/1/342 1141/136/391 1530/141/394
f 1486/137/392 561/142/373 960/99/373
f 1291/139/393 991/143/375 966/102/375
f 980/144/378 520/104/376 516/107/378
f 1141/145/6 1142/147/6 517/146/6
f 521/148/6 975/150/6 976/149/6
f 522/151/395 993/152/6 521/148/6
f 1164/153/396 560/155/6 1380/154/397
f 564/156/6 560/155/6 967/157/6
f 977/158/34 976/160/139 972/159/139
f 1296/161/398 521/162/34 977/158/34
f 786/163/399 993/152/64 1228/76/64
f 966/97/30 1164/165/400 1291/164/401
f 1442/166/402 560/155/38 790/56/38
f 524/57/185 564/167/185 965/96/185
f 1153/168/107 978/170/107 979/169/107
f 1144/171/85 1145/173/85 1143/172/73
f 786/163/185 976/160/185 975/150/185
f 965/174/6 523/176/6 524/175/6
f 965/174/6 980/177/6 523/176/6
f 961/75/6 1292/179/6 1485/178/6
f 980/177/6 1297/59/6 525/60/6
f 980/177/6 525/60/6 523/176/6
f 972/180/6 785/181/6 1485/178/6
f 786/182/6 785/181/6 972/180/6
f 785/181/6 961/75/6 1485/178/6
f 527/183/403 1534/185/404 526/184/405
f 529/186/406 530/188/407 528/187/408
f 1488/189/409 978/170/410 1299/190/411
f 1152/191/403 1381/193/412 1145/192/413
f 529/186/73 1531/194/73 527/183/73
f 1144/171/406 1488/189/409 1299/190/411
f 1164/195/400 1147/197/73 1291/196/401
f 1380/198/397 1298/199/414 1164/195/396
f 1442/200/415 1147/197/416 1146/201/147
f 1380/202/417 1146/201/85 1148/203/73
f 1162/204/418 981/206/419 565/205/151
f 1441/207/420 982/209/421 1296/208/422
f 1162/204/371 566/210/73 1441/207/372
f 522/211/423 982/209/85 981/212/73
f 1150/213/185 1149/215/185 1151/214/185
f 1533/216/185 531/218/185 532/217/185
f 1151/214/85 1152/220/85 1144/219/85
f 1150/213/73 1153/222/73 1165/221/73
f 1149/223/403 1153/222/424 1152/224/403
f 1150/213/406 1144/219/406 1299/225/411
f 532/217/73 527/227/73 1533/226/73
f 531/218/406 529/228/406 532/217/406
f 1533/229/403 526/231/405 1532/230/403
f 531/218/85 526/231/85 533/232/85
f 535/233/85 536/235/85 534/234/85
f 567/236/85 1156/238/85 1300/237/85
f 530/188/407 536/235/425 983/239/426
f 526/184/405 537/241/427 534/240/428
f 526/242/106 536/235/106 533/243/106
f 1153/244/424 1382/245/429 1381/193/412
f 1488/189/430 539/247/103 1489/246/103
f 535/248/72 530/188/72 983/239/72
f 1534/185/431 567/249/72 537/241/72
f 984/250/103 1381/193/103 1382/245/103
f 984/251/73 979/169/73 978/170/73
f 538/252/432 540/254/433 539/253/432
f 994/255/434 1300/237/435 1383/256/436
f 1493/257/437 568/259/438 567/258/437
f 569/260/439 547/262/440 1301/261/441
f 542/263/442 541/265/443 543/264/444
f 544/266/85 541/268/85 545/267/85
f 546/269/73 542/270/73 547/262/73
f 1490/271/445 985/273/446 1491/272/447
f 1383/274/436 1155/276/448 1384/275/448
f 1384/275/449 1154/277/450 1490/271/445
f 985/273/446 550/278/451 1491/272/447
f 549/279/452 548/280/453 550/278/452
f 551/281/454 552/282/455 541/265/443
f 546/283/456 545/284/457 552/282/456
f 1301/261/441 995/286/458 544/285/459
f 544/285/460 542/263/442 543/264/444
f 994/255/73 553/287/73 548/280/73
f 548/280/73 553/287/73 550/288/73
f 1490/289/73 553/287/73 1384/290/73
f 1384/290/73 553/287/73 1383/256/73
f 550/288/73 553/287/73 1491/291/73
f 1491/291/73 553/287/73 1490/289/73
f 1300/237/85 1156/238/85 1155/292/85
f 1155/292/85 1156/238/85 1154/293/85
f 549/294/85 1156/238/85 568/295/85
f 1154/293/85 1156/238/85 985/296/85
f 985/296/85 1156/238/85 549/294/85
f 1530/297/6 519/299/6 518/298/6
f 969/300/6 986/302/6 1157/301/6
f 1157/301/6 1295/304/6 974/303/6
f 519/299/6 986/302/6 969/300/6
f 1483/1/342 1530/141/394 518/3/343
f 490/4/345 554/42/345 491/6/346
f 506/8/33 491/306/33 554/305/33
f 554/305/33 956/308/33 501/307/33
f 501/307/33 509/310/33 510/309/33
f 510/309/33 1137/311/33 1302/7/33
f 1302/7/33 504/313/33 555/312/33
f 555/312/33 957/315/33 987/314/33
f 987/314/33 493/317/33 494/316/33
f 494/316/33 1378/318/33 496/9/33
f 496/9/33 507/320/33 508/319/33
f 508/319/33 988/322/33 511/321/33
f 511/321/33 499/324/33 1139/323/33
f 1139/323/33 1140/325/33 506/8/33
f 506/8/33 554/305/33 501/307/33
f 501/307/33 510/309/33 1302/7/33
f 1302/7/33 555/312/33 987/314/33
f 987/314/33 494/316/33 496/9/33
f 496/9/33 508/319/33 511/321/33
f 511/321/33 1139/323/33 506/8/33
f 506/8/33 501/307/33 1302/7/33
f 1302/7/33 987/314/33 496/9/33
f 496/9/33 511/321/33 506/8/33
f 492/10/347 556/38/348 494/12/348
f 1136/13/349 988/40/349 508/15/350
f 505/16/351 506/41/351 1140/18/352
f 558/19/353 1158/44/354 1137/21/354
f 1161/22/356 1385/46/357 987/24/357
f 495/25/358 507/48/358 496/27/359
f 498/28/360 1139/49/360 499/30/361
f 500/31/362 509/50/362 501/33/363
f 503/34/364 555/51/364 504/36/365
f 1138/37/366 1378/52/366 494/12/348
f 1377/39/367 511/53/367 988/40/349
f 489/5/346 491/6/346 506/41/351
f 490/4/345 1159/54/368 956/43/368
f 1158/44/354 1386/55/369 1302/45/369
f 1385/46/357 492/326/347 493/47/347
f 495/25/358 557/14/350 508/15/350
f 498/28/360 1160/17/352 1140/18/352
f 500/31/362 558/19/353 510/20/355
f 503/34/364 1161/22/356 957/23/356
f 1138/37/366 1387/26/359 496/27/359
f 497/29/361 499/30/361 511/53/367
f 1379/32/363 501/33/363 956/43/368
f 1386/55/369 502/35/365 504/36/365
f 790/56/38 560/155/38 559/58/37
f 1297/59/6 1492/63/6 782/61/6
f 958/62/6 783/65/6 782/61/6
f 959/64/6 1227/67/6 783/65/6
f 1290/66/6 1440/68/6 1227/67/6
f 1290/66/6 1486/71/6 784/69/6
f 960/70/6 512/72/6 784/69/6
f 960/70/6 968/74/6 513/73/6
f 968/74/6 1292/179/6 961/75/6
f 1228/76/64 993/152/64 1162/78/371
f 1483/79/6 787/83/6 1441/81/6
f 955/82/6 514/84/6 787/83/6
f 955/82/6 989/86/6 515/85/6
f 989/86/6 1303/89/6 962/87/6
f 1484/88/6 788/91/6 962/87/6
f 963/90/6 789/92/6 788/91/6
f 963/90/6 990/95/6 964/93/6
f 1291/94/6 1442/327/6 964/93/6
f 965/96/32 564/167/32 967/98/30
f 960/99/373 561/142/373 562/101/374
f 966/102/375 991/143/375 520/104/376
f 1297/105/377 980/144/378 516/107/378
f 989/108/379 955/2/379 518/3/379
f 968/100/374 562/101/374 563/111/380
f 1492/112/381 1297/105/377 517/106/377
f 1303/114/379 989/108/379 519/109/379
f 1292/110/380 563/111/380 1163/117/382
f 958/118/383 1492/112/381 971/113/381
f 1303/114/379 969/115/379 1157/121/379
f 1485/116/382 1163/117/382 973/123/384
f 959/124/385 958/118/383 970/119/383
f 1484/120/379 1157/121/379 974/127/379
f 977/128/386 972/122/384 973/123/384
f 959/124/385 1293/125/385 1142/131/387
f 990/132/388 963/328/461 974/134/389
f 1296/135/391 977/128/386 1294/129/386
f 1290/130/387 1142/131/387 1487/138/392
f 990/132/388 1295/133/390 992/140/393
f 1483/1/342 1296/135/391 1141/136/391
f 1486/137/392 1487/138/392 561/142/373
f 1291/139/393 992/140/393 991/143/375
f 980/144/378 965/103/376 520/104/376
f 517/146/6 516/330/6 520/329/6
f 520/329/6 991/332/6 992/331/6
f 992/331/6 1295/304/6 986/302/6
f 986/302/6 1530/297/6 1141/145/6
f 1141/145/6 1294/334/6 973/333/6
f 973/333/6 1163/336/6 563/335/6
f 563/335/6 562/338/6 561/337/6
f 561/337/6 1487/339/6 1142/147/6
f 1142/147/6 1293/341/6 970/340/6
f 970/340/6 971/342/6 517/146/6
f 517/146/6 520/329/6 992/331/6
f 992/331/6 986/302/6 1141/145/6
f 1141/145/6 973/333/6 563/335/6
f 563/335/6 561/337/6 1142/147/6
f 1142/147/6 970/340/6 517/146/6
f 517/146/6 992/331/6 1141/145/6
f 1141/145/6 563/335/6 1142/147/6
f 521/148/6 993/152/6 975/150/6
f 522/151/395 1162/343/418 993/152/6
f 1164/153/396 967/157/6 560/155/6
f 564/156/6 559/58/6 560/155/6
f 977/158/34 521/162/34 976/160/139
f 1296/161/398 522/344/423 521/162/34
f 786/163/399 975/150/65 993/152/64
f 966/97/30 967/98/30 1164/165/400
f 1442/166/402 1380/345/417 560/155/38
f 524/57/185 559/58/185 564/167/185
f 1153/168/107 1299/346/107 978/170/107
f 1144/171/85 1152/347/85 1145/173/85
f 786/163/185 972/159/185 976/160/185
f 527/183/403 1531/194/413 1534/185/462
f 529/186/406 533/348/463 530/188/407
f 1488/189/409 1489/246/464 978/170/410
f 1152/191/403 1153/244/424 1381/193/412
f 529/186/73 528/187/73 1531/194/73
f 1144/171/406 1143/172/408 1488/189/465
f 1164/195/466 1298/199/73 1147/197/73
f 1380/198/467 1148/349/88 1298/199/468
f 1442/200/415 1291/196/469 1147/197/416
f 1380/202/417 1442/200/402 1146/201/85
f 1162/204/418 522/350/395 981/206/419
f 1441/207/470 566/210/92 982/209/471
f 1162/204/472 565/205/73 566/210/73
f 522/211/423 1296/208/398 982/209/85
f 1150/213/185 1165/351/185 1149/215/185
f 1533/216/185 1532/352/185 531/218/185
f 1151/214/85 1149/353/85 1152/220/85
f 1150/213/73 1299/225/73 1153/222/73
f 1149/223/403 1165/221/403 1153/222/424
f 1150/213/406 1151/214/406 1144/219/406
f 532/217/73 529/228/73 527/227/73
f 531/218/406 533/232/463 529/228/406
f 1533/229/403 527/354/403 526/231/405
f 531/218/85 1532/230/85 526/231/85
f 534/234/85 537/356/85 567/355/85
f 535/233/85 983/239/85 536/235/85
f 534/234/85 567/355/85 535/233/85
f 1300/237/85 535/357/85 567/236/85
f 567/236/85 568/295/85 1156/238/85
f 530/188/407 533/348/463 536/235/425
f 526/184/405 1534/185/404 537/241/427
f 526/242/106 534/234/106 536/235/106
f 1153/244/424 979/169/473 1382/245/429
f 1488/189/430 538/358/474 539/247/103
f 535/248/72 994/359/475 530/188/476
f 1534/185/431 1493/360/477 567/249/72
f 984/250/103 569/361/478 1381/193/479
f 978/170/73 1489/246/73 539/362/73
f 984/251/73 1382/245/73 979/169/73
f 978/170/73 539/362/73 984/251/73
f 538/252/432 545/267/457 540/254/433
f 994/255/434 535/357/434 1300/237/435
f 1493/257/437 548/280/453 568/259/438
f 569/260/439 984/363/439 547/262/440
f 542/263/442 551/281/454 541/265/443
f 545/267/85 538/252/160 569/364/73
f 569/364/85 1301/365/85 544/266/85
f 544/266/85 543/366/85 541/268/85
f 541/268/85 552/367/85 545/267/85
f 545/267/85 569/364/85 544/266/85
f 547/262/73 984/363/73 539/253/73
f 539/253/73 540/254/73 546/269/73
f 546/269/73 551/368/73 542/270/73
f 542/270/73 995/369/73 547/262/73
f 547/262/73 539/253/73 546/269/73
f 1490/271/445 1154/277/450 985/273/446
f 1383/274/436 1300/370/435 1155/276/448
f 1384/275/449 1155/276/449 1154/277/450
f 985/273/446 549/279/451 550/278/451
f 549/279/452 568/259/438 548/280/453
f 551/281/454 546/283/455 552/282/455
f 546/283/456 540/371/433 545/284/457
f 1301/261/441 547/262/440 995/286/458
f 544/285/460 995/286/460 542/263/442
f 548/280/73 1493/257/73 994/255/73
f 994/255/73 1383/256/73 553/287/73
f 1530/297/6 986/302/6 519/299/6
f 1157/301/6 986/302/6 1295/304/6
f 204/173/73 203/172/73 1143/172/73 1145/173/85
f 159/194/83 160/185/140 1534/185/462 1531/194/413
f 165/197/89 163/201/88 1146/201/147 1147/197/416
f 161/187/73 159/194/73 1531/194/73 528/187/73
f 163/201/73 164/203/73 1148/203/73 1146/201/85
f 170/210/151 167/209/150 982/209/471 566/210/92
f 222/359/156 162/188/155 530/188/476 994/359/475
f 168/206/93 169/205/92 565/205/151 981/206/419
f 166/199/73 165/197/85 1147/197/73 1298/199/73
f 203/172/78 158/189/143 1488/189/465 1143/172/408
f 158/189/105 225/358/154 538/358/474 1488/189/430
f 223/257/160 222/255/73 994/255/73 1493/257/73
f 228/361/159 157/193/158 1381/193/479 569/361/478
f 164/349/147 166/199/146 1298/199/468 1148/349/88
f 169/205/73 170/210/85 566/210/73 565/205/73
f 225/252/73 228/364/73 569/364/73 538/252/160
f 167/209/73 168/212/73 981/212/73 982/209/85
f 160/185/108 223/360/157 1493/360/477 1534/185/431
f 157/193/84 204/192/83 1145/192/413 1381/193/412
f 162/188/79 161/187/78 528/187/408 530/188/407
usemtl SpacialRoverExploreralumGray
f 186/372/161 8/373/162 1/374/163
f 185/375/164 7/376/165 8/373/166
f 6/377/167 7/376/168 185/375/169
f 5/378/170 6/377/171 184/379/172
f 4/380/173 5/378/173 183/381/174
f 3/382/175 4/383/176 182/384/177
f 180/385/178 2/386/179 3/382/180
f 179/387/181 1/374/182 2/386/182
f 269/388/85 277/389/85 270/390/85
f 263/391/85 259/392/85 258/393/85
f 257/394/183 262/395/183 260/396/183
f 257/394/6 258/393/6 259/397/6
f 261/398/184 258/393/184 256/399/184
f 265/400/185 279/401/185 268/402/185
f 273/403/33 277/404/33 279/405/33
f 271/406/71 273/407/71 266/408/71
f 277/389/186 271/406/186 270/390/186
f 267/409/187 273/407/187 272/410/187
f 265/400/188 275/411/188 274/412/188
f 269/413/189 279/401/189 278/414/189
f 267/409/73 275/411/73 264/415/73
f 282/416/33 297/417/33 283/418/33
f 283/418/85 297/417/85 315/419/85
f 284/420/73 300/421/73 314/422/73
f 280/423/33 309/424/33 287/425/33
f 286/426/6 291/427/6 281/428/6
f 285/429/6 300/421/6 284/420/6
f 294/430/71 303/431/71 298/432/71
f 310/433/71 292/434/71 306/435/71
f 290/436/190 310/437/190 311/438/190
f 298/439/190 296/440/190 294/441/190
f 299/442/191 295/443/191 296/440/191
f 292/434/192 308/444/192 306/435/192
f 293/445/193 307/446/193 308/444/193
f 304/447/193 302/448/193 300/421/193
f 305/449/192 301/450/192 302/448/192
f 281/428/73 291/427/73 313/451/73
f 289/452/191 311/438/191 309/424/191
f 308/453/85 307/446/85 312/454/85
f 289/455/73 313/451/73 290/456/73
f 312/454/85 286/426/85 287/425/85
f 312/454/85 309/424/85 311/457/85
f 310/458/85 306/459/85 312/454/85
f 311/457/85 310/458/85 312/454/85
f 312/454/85 306/459/85 308/453/85
f 290/456/73 313/451/73 288/460/73
f 292/461/73 313/451/73 293/462/73
f 288/460/73 313/451/73 292/461/73
f 293/462/73 313/451/73 291/427/73
f 295/463/73 314/422/73 296/464/73
f 296/464/73 314/422/73 294/465/73
f 302/466/73 314/422/73 300/421/73
f 294/465/73 314/422/73 301/467/73
f 301/467/73 314/422/73 302/466/73
f 304/447/85 315/419/85 305/468/85
f 305/468/85 315/419/85 303/469/85
f 299/470/85 315/419/85 297/417/85
f 303/469/85 315/419/85 298/471/85
f 298/471/85 315/419/85 299/470/85
f 261/398/73 257/472/73 260/473/73
f 260/474/33 262/475/33 271/476/33
f 271/476/33 262/475/33 270/477/33
f 263/391/33 269/478/33 262/475/33
f 269/478/33 263/391/33 268/479/33
f 268/479/33 263/391/33 261/398/33
f 265/480/33 268/479/33 261/398/33
f 260/474/33 271/476/33 266/481/33
f 264/482/33 265/480/33 261/398/33
f 260/474/33 266/481/33 267/483/33
f 260/474/33 267/483/33 264/482/33
f 260/474/33 264/482/33 261/398/33
f 269/478/33 270/477/33 262/475/33
f 282/416/33 295/443/33 297/417/33
f 304/447/85 285/429/85 315/419/85
f 285/429/85 283/418/85 315/419/85
f 295/463/73 282/484/73 314/422/73
f 282/484/73 284/420/73 314/422/73
f 280/423/33 289/452/33 309/424/33
f 286/426/6 307/446/6 291/427/6
f 285/429/6 304/447/6 300/421/6
f 294/430/71 301/450/71 303/431/71
f 310/433/71 288/485/71 292/434/71
f 290/436/190 288/486/190 310/437/190
f 298/439/190 299/442/190 296/440/190
f 299/442/191 297/417/191 295/443/191
f 292/434/192 293/445/192 308/444/192
f 293/445/193 291/427/193 307/446/193
f 304/447/193 305/449/193 302/448/193
f 305/449/192 303/431/192 301/450/192
f 289/455/73 280/487/73 313/451/73
f 280/487/73 281/428/73 313/451/73
f 289/452/191 290/436/191 311/438/191
f 287/425/85 309/424/85 312/454/85
f 312/454/85 307/446/85 286/426/85
f 186/372/161 1/374/163 179/387/194
f 185/375/164 8/373/166 186/372/195
f 6/377/167 185/375/169 184/379/196
f 5/378/170 184/379/172 183/381/172
f 4/380/173 183/381/174 182/488/197
f 3/382/175 182/384/177 181/489/177
f 180/385/178 3/382/180 181/489/178
f 179/387/181 2/386/182 180/385/198
f 269/388/85 278/490/85 277/389/85
f 263/391/85 262/491/85 259/392/85
f 257/394/183 259/397/183 262/395/183
f 257/394/6 256/399/6 258/393/6
f 261/398/184 263/391/184 258/393/184
f 265/400/185 274/412/185 279/401/185
f 279/405/33 274/492/33 275/493/33
f 275/493/33 272/494/33 273/403/33
f 273/403/33 276/495/33 277/404/33
f 277/404/33 278/496/33 279/405/33
f 279/405/33 275/493/33 273/403/33
f 271/406/71 276/497/71 273/407/71
f 277/389/186 276/497/186 271/406/186
f 267/409/187 266/408/187 273/407/187
f 265/400/188 264/415/188 275/411/188
f 269/413/189 268/402/189 279/401/189
f 267/409/73 272/410/73 275/411/73
f 261/398/73 256/399/73 257/472/73
f 359/498/73 358/499/73 360/500/64
f 361/501/64 360/500/64 362/502/199
f 363/503/199 362/502/199 364/504/187
f 365/505/187 364/504/187 366/506/200
f 367/507/200 366/506/200 368/508/201
f 369/509/201 368/508/201 370/510/71
f 371/511/71 370/510/71 372/512/202
f 373/513/202 372/512/202 374/514/203
f 375/515/203 374/514/203 376/516/186
f 377/517/186 376/516/186 378/518/204
f 379/519/204 378/518/204 380/520/205
f 382/521/6 456/522/206 454/523/206
f 382/521/6 384/524/6 458/525/6
f 385/526/207 384/527/207 386/528/208
f 387/529/208 386/528/208 388/530/189
f 389/531/189 388/530/189 390/532/209
f 391/533/209 390/532/209 392/534/210
f 393/535/210 392/534/210 394/536/185
f 395/537/185 394/536/185 396/538/211
f 397/539/211 396/538/211 398/540/212
f 399/541/212 398/540/212 400/542/188
f 401/543/188 400/542/188 402/544/213
f 365/545/33 423/546/214 426/547/215
f 395/548/33 415/549/215 387/550/33
f 403/551/213 402/544/213 404/552/30
f 405/553/30 404/552/30 358/499/73
f 364/554/6 433/555/216 372/556/6
f 388/557/6 445/558/216 396/559/6
f 383/560/33 457/561/217 459/562/217
f 384/524/185 385/563/185 459/562/185
f 381/564/71 380/565/71 454/523/71
f 383/560/33 381/566/33 455/567/33
f 359/498/73 360/500/64 361/501/64
f 361/501/64 362/502/199 363/503/199
f 363/503/199 364/504/187 365/505/187
f 365/505/187 366/506/200 367/507/200
f 367/507/200 368/508/201 369/509/201
f 369/509/201 370/510/71 371/511/71
f 371/511/71 372/512/202 373/513/202
f 373/513/202 374/514/203 375/515/203
f 375/515/203 376/516/186 377/517/186
f 377/517/186 378/518/204 379/519/204
f 379/519/204 380/520/205 381/568/205
f 382/521/6 454/523/206 380/565/6
f 382/521/6 458/525/218 456/522/206
f 385/526/207 386/528/208 387/529/208
f 387/529/208 388/530/189 389/531/189
f 389/531/189 390/532/209 391/533/209
f 391/533/209 392/534/210 393/535/210
f 393/535/210 394/536/185 395/537/185
f 395/537/185 396/538/211 397/539/211
f 397/539/211 398/540/212 399/541/212
f 399/541/212 400/542/188 401/543/188
f 401/543/188 402/544/213 403/551/213
f 422/569/215 369/570/33 371/571/33
f 369/570/33 365/545/33 367/572/33
f 365/545/33 429/573/215 363/574/33
f 365/545/33 420/575/215 429/573/215
f 422/569/215 365/545/33 369/570/33
f 423/546/214 365/545/33 422/569/215
f 365/545/33 426/547/215 420/575/215
f 411/576/215 363/574/33 429/573/215
f 363/574/33 359/577/33 361/578/33
f 359/577/33 403/579/33 405/580/33
f 403/579/33 399/581/33 401/582/33
f 399/581/33 395/548/33 397/583/33
f 395/548/33 391/584/33 393/585/33
f 391/584/33 387/550/33 389/586/33
f 387/550/33 383/587/33 385/588/33
f 383/587/33 379/589/33 381/590/33
f 379/589/33 375/591/33 377/592/33
f 375/591/33 371/571/33 373/593/33
f 371/571/33 425/594/215 422/569/215
f 371/571/33 424/595/215 425/594/215
f 379/589/33 371/571/33 375/591/33
f 387/550/33 379/589/33 383/587/33
f 395/548/33 387/550/33 391/584/33
f 403/579/33 395/548/33 399/581/33
f 363/574/33 403/579/33 359/577/33
f 412/596/219 363/574/33 411/576/215
f 409/597/215 363/574/33 412/596/219
f 379/589/33 424/595/215 371/571/33
f 379/589/33 421/598/215 424/595/215
f 409/597/215 403/579/33 363/574/33
f 410/599/215 403/579/33 409/597/215
f 379/589/33 428/600/215 421/598/215
f 379/589/33 417/601/215 428/600/215
f 407/602/215 403/579/33 410/599/215
f 408/603/215 403/579/33 407/602/215
f 387/550/33 417/601/215 379/589/33
f 387/550/33 418/604/220 417/601/215
f 408/603/215 395/548/33 403/579/33
f 406/605/215 395/548/33 408/603/215
f 387/550/33 416/606/215 418/604/220
f 387/550/33 419/607/215 416/606/215
f 427/608/215 395/548/33 406/605/215
f 413/609/215 395/548/33 427/608/215
f 387/550/33 414/610/215 419/607/215
f 415/549/215 395/548/33 413/609/215
f 387/550/33 415/549/215 414/610/215
f 403/551/213 404/552/30 405/553/30
f 405/553/30 358/499/73 359/498/73
f 434/611/216 364/554/6 436/612/216
f 364/554/6 368/613/6 366/614/6
f 368/613/6 372/556/6 370/615/6
f 372/556/6 435/616/216 452/617/216
f 433/555/216 364/554/6 434/611/216
f 372/556/6 433/555/216 435/616/216
f 364/554/6 372/556/6 368/613/6
f 442/618/216 372/556/6 452/617/216
f 372/556/6 376/619/6 374/620/6
f 376/619/6 380/621/6 378/622/6
f 380/621/6 384/623/6 382/624/6
f 384/623/6 388/557/6 386/625/6
f 388/557/6 392/626/6 390/627/6
f 392/626/6 396/559/6 394/628/6
f 396/559/6 400/629/6 398/630/6
f 400/629/6 404/631/6 402/632/6
f 404/631/6 360/633/6 358/634/6
f 360/633/6 364/554/6 362/635/6
f 364/554/6 431/636/216 436/612/216
f 364/554/6 432/637/216 431/636/216
f 404/631/6 364/554/6 360/633/6
f 396/559/6 404/631/6 400/629/6
f 388/557/6 396/559/6 392/626/6
f 380/621/6 388/557/6 384/623/6
f 372/556/6 380/621/6 376/619/6
f 443/638/221 372/556/6 442/618/216
f 440/639/216 372/556/6 443/638/221
f 404/631/6 432/637/216 364/554/6
f 404/631/6 430/640/216 432/637/216
f 440/639/216 380/621/6 372/556/6
f 441/641/216 380/621/6 440/639/216
f 404/631/6 453/642/216 430/640/216
f 404/631/6 447/643/216 453/642/216
f 438/644/216 380/621/6 441/641/216
f 439/645/216 380/621/6 438/644/216
f 396/559/6 447/643/216 404/631/6
f 396/559/6 448/646/222 447/643/216
f 439/645/216 388/557/6 380/621/6
f 437/647/216 388/557/6 439/645/216
f 396/559/6 450/648/216 448/646/222
f 396/559/6 446/649/216 450/648/216
f 451/650/216 388/557/6 437/647/216
f 449/651/216 388/557/6 451/650/216
f 396/559/6 444/652/216 446/649/216
f 445/558/216 388/557/6 449/651/216
f 396/559/6 445/558/216 444/652/216
f 383/560/33 459/562/217 385/563/33
f 384/524/185 459/562/223 458/525/188
f 381/564/71 454/523/224 455/653/187
f 383/560/33 455/567/225 457/561/217
f 571/372/480 570/374/481 572/373/482
f 575/375/483 572/373/484 1494/376/485
f 1388/377/486 575/375/487 1494/376/488
f 1304/378/489 1389/379/490 1388/377/491
f 1166/380/492 1305/381/493 1304/378/492
f 997/382/494 1167/384/495 1166/383/496
f 996/385/497 997/382/498 574/386/499
f 573/387/500 574/386/501 570/374/501
f 571/372/480 573/387/197 570/374/481
f 575/375/483 571/372/502 572/373/484
f 1388/377/486 1389/379/503 575/375/487
f 1304/378/489 1305/381/490 1389/379/490
f 1166/380/492 1167/488/194 1305/381/493
f 997/382/494 1168/489/495 1167/384/495
f 996/385/497 1168/489/497 997/382/498
f 573/387/500 996/385/504 574/386/501
f 999/498/85 1000/500/34 998/499/85
f 1171/501/34 1306/502/208 1000/500/34
f 1175/503/208 1318/504/189 1306/502/208
f 576/505/189 577/506/209 1318/504/189
f 590/507/209 1001/508/210 577/506/209
f 594/509/210 1307/510/185 1001/508/210
f 1390/511/185 1314/512/211 1307/510/185
f 578/513/211 579/514/212 1314/512/211
f 591/515/212 1002/516/188 579/514/212
f 1172/517/188 1308/518/213 1002/516/188
f 1180/519/213 1315/520/505 1308/518/213
f 1003/521/33 587/523/217 1004/522/217
f 1003/521/33 1006/525/33 1005/524/33
f 1179/526/506 1309/528/199 1005/527/506
f 1178/529/199 1316/530/187 1309/528/199
f 580/531/187 581/532/200 1316/530/187
f 592/533/200 1007/534/201 581/532/200
f 1173/535/201 1310/536/71 1007/534/201
f 1177/537/71 1317/538/202 1310/536/71
f 582/539/202 583/540/203 1317/538/202
f 593/541/203 1008/542/186 583/540/203
f 1174/543/186 1311/544/204 1008/542/186
f 576/545/6 585/547/216 584/546/507
f 1177/548/6 1178/550/6 603/549/216
f 1176/551/204 1010/552/38 1311/544/204
f 1009/553/38 998/499/85 1010/552/38
f 1318/554/33 1314/556/33 1394/555/215
f 1316/557/33 1317/559/33 607/558/215
f 588/560/6 1170/562/206 1169/561/206
f 1005/524/71 1170/562/71 1179/563/71
f 586/564/185 587/523/185 1315/565/185
f 588/560/6 589/567/6 586/566/6
f 999/498/85 1171/501/34 1000/500/34
f 1171/501/34 1175/503/208 1306/502/208
f 1175/503/208 576/505/189 1318/504/189
f 576/505/189 590/507/209 577/506/209
f 590/507/209 594/509/210 1001/508/210
f 594/509/210 1390/511/185 1307/510/185
f 1390/511/185 578/513/211 1314/512/211
f 578/513/211 591/515/212 579/514/212
f 591/515/212 1172/517/188 1002/516/188
f 1172/517/188 1180/519/213 1308/518/213
f 1180/519/213 586/568/505 1315/520/505
f 1003/521/33 1315/565/33 587/523/217
f 1003/521/33 1004/522/217 1006/525/225
f 1179/526/506 1178/529/199 1309/528/199
f 1178/529/199 580/531/187 1316/530/187
f 580/531/187 592/533/200 581/532/200
f 592/533/200 1173/535/201 1007/534/201
f 1173/535/201 1177/537/71 1310/536/71
f 1177/537/71 582/539/202 1317/538/202
f 582/539/202 593/541/203 583/540/203
f 593/541/203 1174/543/186 1008/542/186
f 1174/543/186 1176/551/204 1311/544/204
f 597/569/216 1390/571/6 594/570/6
f 594/570/6 590/572/6 576/545/6
f 576/545/6 1175/574/6 595/573/216
f 576/545/6 595/573/216 596/575/216
f 597/569/216 594/570/6 576/545/6
f 584/546/507 597/569/216 576/545/6
f 576/545/6 596/575/216 585/547/216
f 1535/576/216 595/573/216 1175/574/6
f 1175/574/6 1171/578/6 999/577/6
f 999/577/6 1009/580/6 1176/579/6
f 1176/579/6 1174/582/6 593/581/6
f 593/581/6 582/583/6 1177/548/6
f 1177/548/6 1173/585/6 592/584/6
f 592/584/6 580/586/6 1178/550/6
f 1178/550/6 1179/588/6 588/587/6
f 588/587/6 586/590/6 1180/589/6
f 1180/589/6 1172/592/6 591/591/6
f 591/591/6 578/593/6 1390/571/6
f 1390/571/6 597/569/216 1011/594/216
f 1390/571/6 1011/594/216 599/595/216
f 1180/589/6 591/591/6 1390/571/6
f 1178/550/6 588/587/6 1180/589/6
f 1177/548/6 592/584/6 1178/550/6
f 1176/579/6 593/581/6 1177/548/6
f 1175/574/6 999/577/6 1176/579/6
f 1392/596/508 1535/576/216 1175/574/6
f 1391/597/216 1392/596/508 1175/574/6
f 1180/589/6 1390/571/6 599/595/216
f 1180/589/6 599/595/216 598/598/216
f 1391/597/216 1175/574/6 1176/579/6
f 1182/599/216 1391/597/216 1176/579/6
f 1180/589/6 598/598/216 600/600/216
f 1180/589/6 600/600/216 1393/601/216
f 1181/602/216 1182/599/216 1176/579/6
f 1013/603/216 1181/602/216 1176/579/6
f 1178/550/6 1180/589/6 1393/601/216
f 1178/550/6 1393/601/216 1313/604/509
f 1013/603/216 1176/579/6 1177/548/6
f 1012/605/216 1013/603/216 1177/548/6
f 1178/550/6 1313/604/509 1312/606/216
f 1178/550/6 1312/606/216 1015/607/216
f 602/608/216 1012/605/216 1177/548/6
f 601/609/216 602/608/216 1177/548/6
f 1178/550/6 1015/607/216 1014/610/216
f 603/549/216 601/609/216 1177/548/6
f 1178/550/6 1014/610/216 603/549/216
f 1176/551/204 1009/553/38 1010/552/38
f 1009/553/38 999/498/85 998/499/85
f 1395/611/215 1184/612/215 1318/554/33
f 1318/554/33 577/614/33 1001/613/33
f 1001/613/33 1307/615/33 1314/556/33
f 1314/556/33 1496/617/215 1396/616/215
f 1394/555/215 1395/611/215 1318/554/33
f 1314/556/33 1396/616/215 1394/555/215
f 1318/554/33 1001/613/33 1314/556/33
f 1495/618/215 1496/617/215 1314/556/33
f 1314/556/33 579/620/33 1002/619/33
f 1002/619/33 1308/622/33 1315/621/33
f 1315/621/33 1003/624/33 1005/623/33
f 1005/623/33 1309/625/33 1316/557/33
f 1316/557/33 581/627/33 1007/626/33
f 1007/626/33 1310/628/33 1317/559/33
f 1317/559/33 583/630/33 1008/629/33
f 1008/629/33 1311/632/33 1010/631/33
f 1010/631/33 998/634/33 1000/633/33
f 1000/633/33 1306/635/33 1318/554/33
f 1318/554/33 1184/612/215 1183/636/215
f 1318/554/33 1183/636/215 1017/637/215
f 1010/631/33 1000/633/33 1318/554/33
f 1317/559/33 1008/629/33 1010/631/33
f 1316/557/33 1007/626/33 1317/559/33
f 1315/621/33 1005/623/33 1316/557/33
f 1314/556/33 1002/619/33 1315/621/33
f 1320/638/510 1495/618/215 1314/556/33
f 1319/639/215 1320/638/510 1314/556/33
f 1010/631/33 1318/554/33 1017/637/215
f 1010/631/33 1017/637/215 1016/640/215
f 1319/639/215 1314/556/33 1315/621/33
f 1020/641/215 1319/639/215 1315/621/33
f 1010/631/33 1016/640/215 1018/642/215
f 1010/631/33 1018/642/215 1185/643/215
f 1019/644/215 1020/641/215 1315/621/33
f 605/645/215 1019/644/215 1315/621/33
f 1317/559/33 1010/631/33 1185/643/215
f 1317/559/33 1185/643/215 1186/646/511
f 605/645/215 1315/621/33 1316/557/33
f 604/647/215 605/645/215 1316/557/33
f 1317/559/33 1186/646/511 1022/648/215
f 1317/559/33 1022/648/215 1021/649/215
f 606/650/215 604/647/215 1316/557/33
f 608/651/215 606/650/215 1316/557/33
f 1317/559/33 1021/649/215 1563/652/215
f 607/558/215 608/651/215 1316/557/33
f 1317/559/33 1563/652/215 607/558/215
f 588/560/6 1179/563/6 1170/562/206
f 1005/524/71 1006/525/187 1170/562/224
f 586/564/185 589/653/188 587/523/223
f 588/560/6 1169/561/206 589/567/218
f 1397/891/33 1321/892/33 1322/893/512
f 1321/892/33 1397/891/33 1398/894/513
f 1321/892/33 1187/895/512 1322/893/512
f 1398/894/513 1399/896/513 1321/892/33
f 1187/895/512 1188/897/191 1322/893/512
f 1398/894/513 609/898/514 1399/896/513
f 1187/895/512 1024/899/191 1188/897/191
f 609/898/514 1497/900/514 1399/896/513
f 609/898/514 610/901/515 1497/900/514
f 610/901/515 1536/902/515 1497/900/514
f 1024/899/191 1023/903/516 1188/897/191
f 1023/903/516 1024/899/191 614/904/516
f 610/901/515 612/905/517 1536/902/515
f 612/905/517 611/906/517 1536/902/515
f 1023/903/516 614/904/516 615/907/518
f 614/904/516 613/908/518 615/907/518
f 613/908/518 616/909/519 615/907/518
f 612/905/517 617/910/520 611/906/517
f 613/908/518 1537/911/519 616/909/519
f 617/910/520 618/912/520 611/906/517
f 617/910/520 1025/913/521 618/912/520
f 616/909/519 1537/911/519 619/914/190
f 1537/911/519 1498/915/190 619/914/190
f 618/912/520 1025/913/521 1026/916/521
f 1498/915/190 1499/917/522 619/914/190
f 1026/916/521 1025/913/521 1189/918/523
f 1498/915/190 1401/919/522 1499/917/522
f 1189/918/523 1025/913/521 1323/920/523
f 1401/919/522 1400/921/71 1499/917/522
f 1400/921/71 1401/919/522 1326/922/71
f 1189/918/523 1323/920/523 1324/923/185
f 1324/923/185 1402/924/185 1189/918/523
f 1324/923/185 1403/925/524 1402/924/185
f 1400/921/71 1326/922/71 1325/926/525
f 1325/926/525 1326/922/71 1190/927/525
f 1402/924/185 1403/925/524 1404/928/524
f 1404/928/524 1403/925/524 620/929/526
f 1404/928/524 620/929/526 1500/930/526
f 1325/926/525 1190/927/525 1191/931/192
f 1190/932/525 1027/933/192 1191/934/192
f 1027/933/192 1028/935/527 1191/934/192
f 1500/930/526 620/929/526 621/936/528
f 1027/933/192 626/937/527 1028/935/527
f 1500/930/526 621/936/528 1538/938/528
f 1028/935/527 626/937/527 625/939/529
f 1538/938/528 621/936/528 623/940/530
f 1538/938/528 623/940/530 622/941/530
f 625/939/529 626/937/527 624/942/529
f 622/941/530 623/940/530 627/943/531
f 625/939/529 624/942/529 628/944/532
f 622/941/530 627/943/531 629/945/531
f 628/944/532 624/942/529 1539/946/532
f 629/945/531 627/943/531 1029/947/533
f 628/944/532 1539/946/532 630/948/193
f 629/945/531 1029/947/533 1030/949/533
f 630/948/193 1539/946/532 1502/950/193
f 1030/949/533 1029/947/533 1192/951/534
f 630/948/193 1502/950/193 1501/952/535
f 1501/952/535 1502/950/193 1405/953/535
f 1030/949/533 1192/951/534 1193/954/534
f 1501/952/535 1405/953/535 1327/955/6
f 1193/954/534 1192/951/534 1327/955/6
f 1327/955/6 1405/953/535 1328/956/6
f 1193/954/534 1327/955/6 1328/956/6
f 631/957/536 633/958/537 632/959/536
f 1426/960/538 1194/961/539 1042/962/539
f 1213/963/540 1078/964/541 849/965/540
f 715/966/542 853/967/543 713/968/543
f 631/957/536 635/969/544 634/970/544
f 1043/971/541 1194/961/539 1078/964/541
f 1213/972/540 850/973/545 1428/974/545
f 713/968/543 1079/975/546 1211/976/546
f 1053/977/547 635/969/544 1031/978/547
f 1428/979/545 633/958/537 717/980/537
f 1211/976/546 1237/981/538 1426/960/538
f 1053/977/547 852/982/542 715/966/542
f 637/983/548 636/984/549 638/985/548
f 640/986/550 1195/987/551 1033/988/550
f 1415/989/552 751/990/553 1508/991/552
f 640/992/554 641/993/555 639/994/554
f 677/995/556 1196/996/557 1054/997/556
f 1416/998/558 752/999/559 1507/1000/558
f 1038/1001/560 1197/1002/561 650/1003/560
f 1406/1004/529 1408/1005/562 1407/1006/562
f 642/1007/563 644/1008/564 643/1009/564
f 1409/1010/565 1411/1011/566 1410/1012/566
f 754/1013/567 675/1014/517 1032/1015/567
f 1412/1016/568 1414/1017/569 1413/1018/569
f 645/1019/570 647/1020/571 646/1021/570
f 1036/1022/572 1032/1023/567 761/1024/572
f 1051/1025/573 644/1026/564 757/1027/573
f 1202/1028/574 1200/1029/575 658/1030/575
f 666/1031/576 644/1026/576 753/1032/576
f 1415/1033/577 711/1034/578 1204/1035/577
f 1416/1036/579 702/1037/580 1206/1038/579
f 1054/1039/581 1049/1040/582 1219/1041/582
f 751/1042/583 1034/1043/584 1033/1044/583
f 649/1045/576 1413/1046/576 1198/1047/576
f 1055/1048/585 742/1049/585 1417/1050/585
f 749/1051/585 1417/1050/585 1503/1052/585
f 648/1053/586 1412/1016/587 649/1054/586
f 741/1055/588 647/1020/589 755/1056/589
f 636/1057/590 651/1058/591 650/1059/590
f 1503/1052/592 652/1060/593 653/1061/592
f 648/1053/594 1414/1062/594 1432/1063/594
f 654/1064/594 1540/1065/594 648/1066/594
f 1056/1067/576 1198/1047/576 701/1068/576
f 655/1069/595 1406/1004/596 656/1070/595
f 1039/1071/597 1056/1072/598 700/1073/597
f 1198/1047/599 1414/1062/569 1540/1065/599
f 1507/1074/600 703/1075/601 1418/1076/601
f 1435/1077/602 701/1068/603 1504/1078/603
f 656/1079/518 1407/1080/518 1199/1081/518
f 658/1082/518 657/1083/518 659/1084/518
f 1200/1085/530 1434/1086/530 1040/1087/530
f 660/1088/530 1541/1089/530 655/1090/530
f 704/1091/604 660/1092/605 1035/1093/605
f 1199/1081/606 1408/1094/562 1541/1089/606
f 1195/1095/607 1433/1096/608 638/1097/607
f 657/1083/609 1505/1098/610 1434/1086/609
f 661/1099/611 663/1100/612 662/1101/611
f 1419/1102/613 664/1103/614 665/1104/613
f 706/1105/576 757/1027/576 666/1106/576
f 666/1031/615 642/1007/616 667/1107/615
f 668/1108/617 1409/1010/618 669/1109/617
f 663/1110/594 1051/1025/594 1424/1111/594
f 669/1112/619 1410/1113/619 1201/1114/619
f 743/1115/619 1201/1114/619 710/1116/619
f 668/1108/585 1411/1117/585 1431/1118/585
f 670/1119/585 1542/1120/585 668/1121/585
f 1041/1122/620 743/1123/621 709/1124/620
f 1201/1114/622 1411/1117/566 1542/1120/622
f 1508/1125/623 712/1126/624 1420/1127/624
f 1436/1128/625 710/1116/626 1506/1129/626
f 674/1130/530 754/1131/530 1036/1022/530
f 1037/1132/530 1036/1022/530 1425/1133/530
f 1421/1134/627 671/1135/628 672/1136/627
f 674/1137/629 675/1014/630 673/1138/630
f 677/1139/631 678/1140/632 676/1141/631
f 759/1142/633 750/1143/634 1037/1144/634
f 681/1145/635 740/1146/549 637/983/548
f 680/1147/635 679/1148/6 681/1149/635
f 1332/1150/636 637/983/548 1202/1151/551
f 1212/1152/636 681/1149/635 1332/1153/636
f 684/1154/637 1202/1151/551 640/986/550
f 716/1155/568 1203/1156/568 686/1157/568
f 682/1158/638 640/986/550 639/1159/553
f 683/1160/638 684/1161/637 682/1162/638
f 685/1163/639 639/1159/553 1415/989/552
f 1427/1164/639 682/1162/638 685/1165/639
f 1333/1166/640 1415/989/552 1204/1167/557
f 1207/1168/640 685/1165/639 1333/1169/640
f 686/1170/641 1204/1167/557 677/995/556
f 1205/1171/73 695/1172/73 1044/1173/73
f 676/1174/559 686/1170/641 677/995/556
f 689/1175/642 716/1176/641 686/1177/641
f 687/1178/185 676/1174/559 1416/998/558
f 687/1179/185 688/1180/642 689/1175/642
f 1329/1181/643 1416/998/558 1206/1182/561
f 1205/1183/643 687/1179/185 1329/1184/643
f 691/1185/644 1206/1182/561 1038/1001/560
f 1332/1186/571 698/1187/571 1212/1188/571
f 679/1189/6 1038/1190/560 740/1146/549
f 690/1191/6 691/1192/644 679/1189/6
f 692/1193/585 694/1194/585 693/1195/585
f 1208/1196/594 1422/1197/594 1203/1198/594
f 695/1172/530 697/1199/530 696/1200/530
f 1332/1186/85 693/1201/85 694/1202/85
f 1329/1203/517 758/1204/517 1205/1205/517
f 714/1206/73 698/1207/73 692/1193/73
f 1333/1208/85 1203/1156/85 1422/1209/85
f 714/1206/565 693/1201/565 684/1210/565
f 1333/1208/563 1423/1211/563 1207/1212/563
f 1207/1212/73 1208/1196/73 716/1213/73
f 1044/1173/529 696/1214/529 691/1215/529
f 691/1215/85 697/1216/85 1329/1203/85
f 739/1217/585 1503/1052/585 756/1218/585
f 1039/1071/594 1504/1078/594 654/1219/594
f 1209/1220/594 1435/1077/594 1039/1221/594
f 700/1222/576 701/1068/576 699/1223/576
f 702/1224/576 699/1223/576 703/1225/576
f 1040/1226/530 1505/1098/530 660/1092/530
f 704/1227/518 705/1228/518 657/1083/518
f 1035/1229/518 1199/1081/518 705/1228/518
f 662/1230/594 1424/1111/594 1419/1102/594
f 641/1231/594 1419/1102/594 1048/1232/594
f 661/1099/576 664/1103/576 706/1233/576
f 707/1234/576 665/1104/576 661/1235/576
f 1041/1122/585 1506/1129/585 670/1236/585
f 1210/1237/585 1436/1128/585 1041/1238/585
f 709/1239/619 710/1116/619 708/1240/619
f 711/1241/619 708/1240/619 712/1126/619
f 759/1242/530 1425/1133/530 1421/1134/530
f 678/1243/530 1421/1134/530 1049/1040/530
f 1503/1052/592 651/1058/591 756/1218/591
f 760/1244/645 1417/1050/593 742/1049/645
f 1435/1077/602 703/1225/601 699/1223/646
f 1540/1065/599 701/1068/603 1198/1047/599
f 1434/1086/609 659/1084/608 657/1083/609
f 1541/1089/606 705/1228/610 1199/1081/606
f 665/1104/613 1048/1232/584 1419/1102/613
f 757/1027/573 1424/1111/647 1051/1025/573
f 1436/1128/625 712/1126/624 708/1240/625
f 1201/1114/622 1506/1129/626 710/1116/626
f 672/1136/627 1049/1040/582 1421/1134/627
f 761/1024/572 1425/1133/628 1036/1022/572
f 742/1049/645 646/1245/570 760/1244/645
f 1042/1246/635 690/1191/6 680/1247/635
f 1426/1248/648 680/1247/635 1212/1249/636
f 1211/1250/71 1212/1249/636 714/1251/637
f 713/1252/638 714/1251/637 683/1253/638
f 715/1254/639 683/1253/638 1427/1255/639
f 1053/1256/33 1427/1255/639 1207/1257/640
f 634/1258/649 1207/1257/640 716/1259/641
f 688/1260/642 634/1258/649 716/1259/641
f 717/1261/185 688/1260/642 1429/1262/185
f 1428/974/650 1429/1262/185 1205/1263/643
f 1213/972/651 1205/1263/643 1044/1264/644
f 1043/1265/6 1044/1266/644 690/1191/6
f 1328/1267/85 1214/1268/85 1215/1269/85
f 1024/1270/85 763/1271/85 614/1272/85
f 1193/1273/85 1215/1269/85 1216/1274/85
f 614/1272/85 718/1275/85 613/1276/85
f 1030/1277/85 1216/1274/85 1045/1278/85
f 613/1276/85 719/1279/85 1537/1280/85
f 629/1281/85 1045/1278/85 722/1282/85
f 1498/1283/85 719/1279/85 720/1284/85
f 1189/1285/85 1330/1286/85 1217/1287/85
f 622/1288/85 722/1282/85 721/1289/85
f 1498/1283/85 1221/1290/85 1401/1291/85
f 1026/1292/85 1217/1287/85 1057/1293/85
f 1538/1294/85 721/1289/85 724/1295/85
f 1401/1291/85 1220/1296/85 1326/1297/85
f 1026/1292/85 873/1298/85 618/1299/85
f 1500/1300/85 724/1295/85 723/1301/85
f 1326/1297/85 1331/1302/85 1190/1303/85
f 618/1299/85 725/1304/85 611/1305/85
f 1404/1306/85 723/1301/85 1437/1307/85
f 1190/1303/85 1046/1308/85 1027/1309/85
f 611/1305/85 726/1310/85 1536/1311/85
f 1404/1306/85 1330/1286/85 1402/1312/85
f 626/1313/85 1046/1308/85 728/1314/85
f 1536/1311/85 764/1315/85 1497/1316/85
f 624/1317/85 728/1314/85 727/1318/85
f 1497/1316/85 1438/1319/85 1399/1320/85
f 1539/1321/85 727/1318/85 870/1322/85
f 1399/1320/85 1058/1323/85 1321/1324/85
f 1502/1325/85 870/1322/85 1218/1326/85
f 1321/1324/85 765/1327/85 1187/1328/85
f 1405/1329/85 1218/1326/85 1214/1268/85
f 1187/1328/85 762/1330/85 1024/1270/85
f 1403/1331/73 730/1332/73 729/1333/73
f 620/1334/73 729/1333/73 731/1335/73
f 620/1334/73 732/1336/73 621/1337/73
f 621/1337/73 868/1338/73 623/1339/73
f 623/1339/73 1090/1340/73 627/1341/73
f 627/1341/73 1243/1342/73 1029/1343/73
f 1029/1343/73 1360/1344/73 1192/1345/73
f 1192/1345/73 1456/1346/73 1327/1347/73
f 1327/1347/73 766/1348/73 1501/1349/73
f 1501/1349/73 733/1350/73 630/1351/73
f 630/1351/73 734/1352/73 628/1353/73
f 628/1353/73 866/1354/73 625/1355/73
f 625/1355/73 1089/1356/73 1028/1357/73
f 1028/1357/73 1242/1358/73 1191/1359/73
f 1191/1359/73 1359/1360/73 1325/1361/73
f 1325/1361/73 1455/1362/73 1400/1363/73
f 1400/1363/73 767/1364/73 1499/1365/73
f 1499/1365/73 735/1366/73 619/1367/73
f 619/1367/73 736/1368/73 616/1369/73
f 615/1370/73 736/1368/73 864/1371/73
f 1023/1372/73 864/1371/73 862/1373/73
f 1188/1374/73 862/1373/73 1087/1375/73
f 1322/1376/73 1087/1375/73 1240/1377/73
f 1397/1378/73 1240/1377/73 1357/1379/73
f 1398/1380/73 1357/1379/73 738/1381/73
f 609/1382/73 738/1381/73 737/1383/73
f 610/1384/73 737/1383/73 1047/1385/73
f 612/1386/73 1047/1385/73 860/1387/73
f 617/1388/73 860/1387/73 858/1389/73
f 1025/1390/73 858/1389/73 1085/1391/73
f 1323/1392/73 1085/1391/73 1238/1393/73
f 1324/1394/73 1238/1393/73 730/1332/73
f 739/1217/585 636/1057/585 740/1395/585
f 650/1059/619 748/1396/619 1038/1397/619
f 1507/1398/594 1209/1399/594 1416/1036/594
f 1197/1400/576 702/1401/576 703/1225/576
f 741/1402/585 645/1403/585 742/1049/585
f 638/1097/530 1200/1029/530 637/1404/530
f 1195/1095/518 658/1405/518 659/1084/518
f 1033/1044/576 707/1406/576 640/992/576
f 751/1042/594 641/1407/594 1048/1232/594
f 1508/1125/585 1210/1408/585 1415/1033/585
f 1196/1409/619 711/1410/619 712/1126/619
f 752/1411/530 678/1412/530 1049/1040/530
f 1054/1039/518 745/1413/518 677/1139/518
f 741/1414/588 747/1415/652 1050/1416/588
f 700/1417/597 1209/1220/580 1039/1221/597
f 649/1418/586 654/1064/598 648/1066/586
f 704/1419/604 1200/1085/575 1040/1087/604
f 656/1420/595 660/1088/605 655/1090/595
f 661/1235/611 641/1421/555 707/1234/555
f 667/1422/615 706/1105/612 666/1106/615
f 709/1423/620 1210/1237/578 1041/1238/620
f 668/1121/617 743/1424/621 670/1119/621
f 744/1425/633 678/1426/632 745/1427/632
f 1052/1428/629 1037/1429/634 750/1430/634
f 1038/1397/653 739/1431/654 740/1432/653
f 655/1069/530 1408/1094/530 1430/1433/530
f 748/1434/619 653/1061/619 746/1435/619
f 746/1436/619 652/1060/619 747/1437/619
f 747/1415/619 760/1244/619 1050/1416/619
f 1050/1438/619 646/1245/619 647/1020/619
f 667/1439/594 643/1440/594 1051/1025/594
f 748/1434/654 749/1441/655 739/1442/654
f 1055/1443/652 746/1436/655 747/1437/652
f 745/1427/518 672/1136/518 744/1425/518
f 744/1444/518 671/1135/518 750/1143/518
f 750/1430/518 761/1024/518 1052/1428/518
f 1052/1445/518 1032/1023/518 675/1014/518
f 631/957/536 717/980/537 633/958/537
f 1426/960/538 1237/981/538 1194/961/539
f 1213/963/540 1043/971/541 1078/964/541
f 715/966/542 852/982/542 853/967/543
f 631/957/536 632/959/536 635/969/544
f 1043/971/541 1042/962/539 1194/961/539
f 1213/972/540 849/1446/540 850/973/545
f 713/968/543 853/967/543 1079/975/546
f 1053/977/547 634/970/544 635/969/544
f 1428/979/545 850/1447/545 633/958/537
f 1211/976/546 1079/975/546 1237/981/538
f 1053/977/547 1031/978/547 852/982/542
f 637/983/548 740/1146/549 636/984/549
f 640/986/550 1202/1151/551 1195/987/551
f 1415/989/552 639/1159/553 751/990/553
f 640/992/554 707/1406/555 641/993/555
f 677/995/556 1204/1167/557 1196/996/557
f 1416/998/558 676/1174/559 752/999/559
f 1038/1001/560 1206/1182/561 1197/1002/561
f 1406/1004/529 1430/1433/529 1408/1005/562
f 642/1007/563 753/1032/563 644/1008/564
f 1409/1010/565 1431/1118/565 1411/1011/566
f 754/1013/567 673/1138/517 675/1014/517
f 1412/1016/568 1432/1063/568 1414/1017/569
f 645/1019/570 755/1056/571 647/1020/571
f 1036/1022/572 754/1131/567 1032/1023/567
f 1051/1025/573 643/1440/564 644/1026/564
f 1202/1028/574 637/1404/574 1200/1029/575
f 666/1031/576 757/1027/576 644/1026/576
f 1415/1033/577 1210/1408/578 711/1034/578
f 1416/1036/579 1209/1399/580 702/1037/580
f 1054/1039/581 752/1411/581 1049/1040/582
f 751/1042/583 1048/1232/584 1034/1043/584
f 649/1045/576 1412/1448/576 1413/1046/576
f 1055/1048/585 741/1449/585 742/1049/585
f 749/1051/585 1055/1450/585 1417/1050/585
f 648/1053/586 1432/1063/587 1412/1016/587
f 741/1055/588 1050/1438/588 647/1020/589
f 636/1057/590 756/1218/591 651/1058/591
f 1503/1052/592 1417/1050/593 652/1060/593
f 648/1053/594 1540/1065/594 1414/1062/594
f 654/1064/594 1504/1078/594 1540/1065/594
f 1056/1067/576 649/1451/576 1198/1047/576
f 655/1069/595 1430/1433/596 1406/1004/596
f 1039/1071/597 654/1219/598 1056/1072/598
f 1198/1047/599 1413/1046/569 1414/1062/569
f 1507/1074/600 1197/1452/600 703/1075/601
f 1435/1077/602 699/1223/646 701/1068/603
f 656/1079/518 1406/1453/518 1407/1080/518
f 658/1082/518 704/1454/518 657/1083/518
f 1200/1085/530 1433/1096/530 1434/1086/530
f 660/1088/530 1505/1098/530 1541/1089/530
f 704/1091/604 1040/1226/604 660/1092/605
f 1199/1081/606 1407/1080/562 1408/1094/562
f 1195/1095/607 659/1084/608 1433/1096/608
f 657/1083/609 705/1228/610 1505/1098/610
f 661/1099/611 706/1233/612 663/1100/612
f 1419/1102/613 1424/1111/647 664/1103/614
f 706/1105/576 664/1103/576 757/1027/576
f 666/1031/615 753/1032/616 642/1007/616
f 668/1108/617 1431/1118/618 1409/1010/618
f 663/1110/594 667/1455/594 1051/1025/594
f 669/1112/619 1409/1456/619 1410/1113/619
f 743/1115/619 669/1457/619 1201/1114/619
f 668/1108/585 1542/1120/585 1411/1117/585
f 670/1119/585 1506/1129/585 1542/1120/585
f 1041/1122/620 670/1236/621 743/1123/621
f 1201/1114/622 1410/1113/566 1411/1117/566
f 1508/1125/623 1196/1409/623 712/1126/624
f 1436/1128/625 708/1240/625 710/1116/626
f 674/1130/530 673/1458/530 754/1131/530
f 1037/1132/530 674/1459/530 1036/1022/530
f 1421/1134/627 1425/1133/628 671/1135/628
f 674/1137/629 1052/1445/629 675/1014/630
f 677/1139/631 745/1413/632 678/1140/632
f 759/1142/633 744/1444/633 750/1143/634
f 681/1145/635 679/1189/6 740/1146/549
f 680/1147/635 690/1460/6 679/1148/6
f 1332/1150/636 681/1145/635 637/983/548
f 1212/1152/636 680/1147/635 681/1149/635
f 684/1154/637 1332/1150/636 1202/1151/551
f 716/1155/568 1208/1461/568 1203/1156/568
f 682/1158/638 684/1154/637 640/986/550
f 683/1160/638 714/1462/637 684/1161/637
f 685/1163/639 682/1158/638 639/1159/553
f 1427/1164/639 683/1160/638 682/1162/638
f 1333/1166/640 685/1163/639 1415/989/552
f 1207/1168/640 1427/1164/639 685/1165/639
f 686/1170/641 1333/1166/640 1204/1167/557
f 1205/1171/73 758/1463/73 695/1172/73
f 676/1174/559 689/1464/642 686/1170/641
f 689/1175/642 688/1180/642 716/1176/641
f 687/1178/185 689/1464/642 676/1174/559
f 687/1179/185 1429/1465/185 688/1180/642
f 1329/1181/643 687/1178/185 1416/998/558
f 1205/1183/643 1429/1465/185 687/1179/185
f 691/1185/644 1329/1181/643 1206/1182/561
f 1332/1186/571 694/1202/571 698/1187/571
f 679/1189/6 691/1192/644 1038/1190/560
f 690/1191/6 1044/1266/644 691/1192/644
f 692/1193/585 698/1207/585 694/1194/585
f 1208/1196/594 1423/1211/594 1422/1197/594
f 695/1172/530 758/1463/530 697/1199/530
f 1332/1186/85 684/1210/85 693/1201/85
f 1329/1203/517 697/1216/517 758/1204/517
f 714/1206/73 1212/1466/73 698/1207/73
f 1333/1208/85 686/1157/85 1203/1156/85
f 714/1206/565 692/1193/565 693/1201/565
f 1333/1208/563 1422/1209/563 1423/1211/563
f 1207/1212/73 1423/1211/73 1208/1196/73
f 1044/1173/529 695/1172/529 696/1214/529
f 691/1215/85 696/1214/85 697/1216/85
f 739/1217/585 749/1467/585 1503/1052/585
f 1039/1071/594 1435/1077/594 1504/1078/594
f 1209/1220/594 1418/1468/594 1435/1077/594
f 700/1222/576 1056/1469/576 701/1068/576
f 702/1224/576 700/1470/576 699/1223/576
f 1040/1226/530 1434/1086/530 1505/1098/530
f 704/1227/518 1035/1471/518 705/1228/518
f 1035/1229/518 656/1472/518 1199/1081/518
f 662/1230/594 663/1473/594 1424/1111/594
f 641/1231/594 662/1474/594 1419/1102/594
f 661/1099/576 665/1104/576 664/1103/576
f 707/1234/576 1034/1043/576 665/1104/576
f 1041/1122/585 1436/1128/585 1506/1129/585
f 1210/1237/585 1420/1127/585 1436/1128/585
f 709/1239/619 743/1475/619 710/1116/619
f 711/1241/619 709/1476/619 708/1240/619
f 759/1242/530 1037/1477/530 1425/1133/530
f 678/1243/530 759/1478/530 1421/1134/530
f 1503/1052/592 653/1061/592 651/1058/591
f 760/1244/645 652/1060/593 1417/1050/593
f 1435/1077/602 1418/1468/601 703/1225/601
f 1540/1065/599 1504/1078/603 701/1068/603
f 1434/1086/609 1433/1096/608 659/1084/608
f 1541/1089/606 1505/1098/610 705/1228/610
f 665/1104/613 1034/1043/584 1048/1232/584
f 757/1027/573 664/1103/614 1424/1111/647
f 1436/1128/625 1420/1127/624 712/1126/624
f 1201/1114/622 1542/1120/622 1506/1129/626
f 672/1136/627 1219/1041/582 1049/1040/582
f 761/1024/572 671/1135/628 1425/1133/628
f 742/1049/645 645/1403/570 646/1245/570
f 1042/1246/635 1043/1265/6 690/1191/6
f 1426/1248/648 1042/1246/635 680/1247/635
f 1211/1250/71 1426/1248/648 1212/1249/636
f 713/1252/638 1211/1250/71 714/1251/637
f 715/1254/639 713/1252/638 683/1253/638
f 1053/1256/33 715/1254/639 1427/1255/639
f 634/1258/649 1053/1256/33 1207/1257/640
f 688/1260/642 631/1479/642 634/1258/649
f 717/1261/185 631/1479/642 688/1260/642
f 1428/974/650 717/1261/185 1429/1262/185
f 1213/972/651 1428/974/650 1205/1263/643
f 1043/1265/6 1213/1480/651 1044/1266/644
f 1328/1267/85 1405/1329/85 1214/1268/85
f 1024/1270/85 762/1330/85 763/1271/85
f 1193/1273/85 1328/1267/85 1215/1269/85
f 614/1272/85 763/1271/85 718/1275/85
f 1030/1277/85 1193/1273/85 1216/1274/85
f 613/1276/85 718/1275/85 719/1279/85
f 629/1281/85 1030/1277/85 1045/1278/85
f 1498/1283/85 1537/1280/85 719/1279/85
f 1189/1285/85 1402/1312/85 1330/1286/85
f 622/1288/85 629/1281/85 722/1282/85
f 1498/1283/85 720/1284/85 1221/1290/85
f 1026/1292/85 1189/1285/85 1217/1287/85
f 1538/1294/85 622/1288/85 721/1289/85
f 1401/1291/85 1221/1290/85 1220/1296/85
f 1026/1292/85 1057/1293/85 873/1298/85
f 1500/1300/85 1538/1294/85 724/1295/85
f 1326/1297/85 1220/1296/85 1331/1302/85
f 618/1299/85 873/1298/85 725/1304/85
f 1404/1306/85 1500/1300/85 723/1301/85
f 1190/1303/85 1331/1302/85 1046/1308/85
f 611/1305/85 725/1304/85 726/1310/85
f 1404/1306/85 1437/1307/85 1330/1286/85
f 626/1313/85 1027/1309/85 1046/1308/85
f 1536/1311/85 726/1310/85 764/1315/85
f 624/1317/85 626/1313/85 728/1314/85
f 1497/1316/85 764/1315/85 1438/1319/85
f 1539/1321/85 624/1317/85 727/1318/85
f 1399/1320/85 1438/1319/85 1058/1323/85
f 1502/1325/85 1539/1321/85 870/1322/85
f 1321/1324/85 1058/1323/85 765/1327/85
f 1405/1329/85 1502/1325/85 1218/1326/85
f 1187/1328/85 765/1327/85 762/1330/85
f 1403/1331/73 1324/1394/73 730/1332/73
f 620/1334/73 1403/1331/73 729/1333/73
f 620/1334/73 731/1335/73 732/1336/73
f 621/1337/73 732/1336/73 868/1338/73
f 623/1339/73 868/1338/73 1090/1340/73
f 627/1341/73 1090/1340/73 1243/1342/73
f 1029/1343/73 1243/1342/73 1360/1344/73
f 1192/1345/73 1360/1344/73 1456/1346/73
f 1327/1347/73 1456/1346/73 766/1348/73
f 1501/1349/73 766/1348/73 733/1350/73
f 630/1351/73 733/1350/73 734/1352/73
f 628/1353/73 734/1352/73 866/1354/73
f 625/1355/73 866/1354/73 1089/1356/73
f 1028/1357/73 1089/1356/73 1242/1358/73
f 1191/1359/73 1242/1358/73 1359/1360/73
f 1325/1361/73 1359/1360/73 1455/1362/73
f 1400/1363/73 1455/1362/73 767/1364/73
f 1499/1365/73 767/1364/73 735/1366/73
f 619/1367/73 735/1366/73 736/1368/73
f 615/1370/73 616/1369/73 736/1368/73
f 1023/1372/73 615/1370/73 864/1371/73
f 1188/1374/73 1023/1372/73 862/1373/73
f 1322/1376/73 1188/1374/73 1087/1375/73
f 1397/1378/73 1322/1376/73 1240/1377/73
f 1398/1380/73 1397/1378/73 1357/1379/73
f 609/1382/73 1398/1380/73 738/1381/73
f 610/1384/73 609/1382/73 737/1383/73
f 612/1386/73 610/1384/73 1047/1385/73
f 617/1388/73 612/1386/73 860/1387/73
f 1025/1390/73 617/1388/73 858/1389/73
f 1323/1392/73 1025/1390/73 1085/1391/73
f 1324/1394/73 1323/1392/73 1238/1393/73
f 739/1217/585 756/1218/585 636/1057/585
f 650/1059/619 651/1058/619 748/1396/619
f 1507/1398/594 1418/1468/594 1209/1399/594
f 1197/1400/576 1206/1481/576 702/1401/576
f 741/1402/585 755/1482/585 645/1403/585
f 638/1097/530 1433/1096/530 1200/1029/530
f 1195/1095/518 1202/1483/518 658/1405/518
f 1033/1044/576 1034/1043/576 707/1406/576
f 751/1042/594 639/1484/594 641/1407/594
f 1508/1125/585 1420/1127/585 1210/1408/585
f 1196/1409/619 1204/1485/619 711/1410/619
f 752/1411/530 676/1486/530 678/1412/530
f 1054/1039/518 1219/1041/518 745/1413/518
f 741/1414/588 1055/1487/652 747/1415/652
f 700/1417/597 702/1488/580 1209/1220/580
f 649/1418/586 1056/1489/598 654/1064/598
f 704/1419/604 658/1490/575 1200/1085/575
f 656/1420/595 1035/1491/605 660/1088/605
f 661/1235/611 662/1492/611 641/1421/555
f 667/1422/615 663/1493/612 706/1105/612
f 709/1423/620 711/1494/578 1210/1237/578
f 668/1121/617 669/1495/617 743/1424/621
f 744/1425/633 759/1496/633 678/1426/632
f 1052/1428/629 674/1497/629 1037/1429/634
f 1038/1397/653 748/1396/654 739/1431/654
f 655/1069/530 1541/1089/530 1408/1094/530
f 748/1434/619 651/1058/619 653/1061/619
f 746/1436/619 653/1061/619 652/1060/619
f 747/1415/619 652/1060/619 760/1244/619
f 1050/1438/619 760/1244/619 646/1245/619
f 667/1439/594 642/1498/594 643/1440/594
f 748/1434/654 746/1435/655 749/1441/655
f 1055/1443/652 749/1499/655 746/1436/655
f 745/1427/518 1219/1041/518 672/1136/518
f 744/1444/518 672/1136/518 671/1135/518
f 750/1430/518 671/1135/518 761/1024/518
f 1052/1445/518 761/1024/518 1032/1023/518
f 459/562/217 457/561/217 1169/561/206 1170/562/206
f 423/546/214 422/569/215 597/569/216 584/546/507
f 452/617/216 435/616/216 1396/616/215 1496/617/215
f 422/569/215 425/594/215 1011/594/216 597/569/216
f 434/611/216 436/612/216 1184/612/215 1395/611/215
f 406/605/215 408/603/215 1013/603/216 1012/605/216
f 442/618/216 452/617/216 1496/617/215 1495/618/215
f 409/597/215 412/596/219 1392/596/508 1391/597/216
f 427/608/215 406/605/215 1012/605/216 602/608/216
f 443/638/221 442/618/216 1495/618/215 1320/638/510
f 410/599/215 409/597/215 1391/597/216 1182/599/216
f 419/607/215 414/610/215 1014/610/216 1015/607/216
f 458/525/188 459/562/223 1170/562/224 1006/525/187
f 428/600/215 417/601/215 1393/601/216 600/600/216
f 414/610/215 415/549/215 603/549/216 1014/610/216
f 417/601/215 418/604/220 1313/604/509 1393/601/216
f 432/637/216 430/640/216 1016/640/215 1017/637/215
f 433/555/216 434/611/216 1395/611/215 1394/555/215
f 430/640/216 453/642/216 1018/642/215 1016/640/215
f 435/616/216 433/555/216 1394/555/215 1396/616/215
f 438/644/216 441/641/216 1020/641/215 1019/644/215
f 424/595/215 421/598/215 598/598/216 599/595/216
f 449/651/216 451/650/216 606/650/215 608/651/215
f 439/645/216 438/644/216 1019/644/215 605/645/215
f 421/598/215 428/600/215 600/600/216 598/598/216
f 450/648/216 446/649/216 1021/649/215 1022/648/215
f 413/609/215 427/608/215 602/608/216 601/609/216
f 455/653/187 454/523/224 587/523/223 589/653/188
f 415/549/215 413/609/215 601/609/216 603/549/216
f 437/647/216 439/645/216 605/645/215 604/647/215
f 451/650/216 437/647/216 604/647/215 606/650/215
f 445/558/216 449/651/216 608/651/215 607/558/215
f 446/649/216 444/652/216 1563/652/215 1021/649/215
f 444/652/216 445/558/216 607/558/215 1563/652/215
f 426/547/215 423/546/214 584/546/507 585/547/216
f 411/576/215 429/573/215 595/573/216 1535/576/216
f 456/522/206 458/525/218 1006/525/225 1004/522/217
f 425/594/215 424/595/215 599/595/216 1011/594/216
f 418/604/220 416/606/215 1312/606/216 1313/604/509
f 416/606/215 419/607/215 1015/607/216 1312/606/216
f 429/573/215 420/575/215 596/575/216 595/573/216
f 420/575/215 426/547/215 585/547/216 596/575/216
f 412/596/219 411/576/215 1535/576/216 1392/596/508
f 440/639/216 443/638/221 1320/638/510 1319/639/215
f 441/641/216 440/639/216 1319/639/215 1020/641/215
f 448/646/222 450/648/216 1022/648/215 1186/646/511
f 407/602/215 410/599/215 1182/599/216 1181/602/216
f 408/603/215 407/602/215 1181/602/216 1013/603/216
f 436/612/216 431/636/216 1183/636/215 1184/612/215
f 431/636/216 432/637/216 1017/637/215 1183/636/215
f 453/642/216 447/643/216 1185/643/215 1018/642/215
f 447/643/216 448/646/222 1186/646/511 1185/643/215
f 454/523/206 456/522/206 1004/522/217 587/523/217
f 457/561/217 455/567/225 589/567/218 1169/561/206
usemtl SpacialRoverExploreralumBlack
f 186/654/226 179/655/226 189/656/226
f 179/655/227 180/657/227 196/658/227
f 180/657/228 181/659/228 197/660/228
f 182/661/229 198/662/229 197/660/229
f 183/663/230 199/664/230 198/665/230
f 8/666/231 7/667/232 21/668/232
f 5/669/233 17/670/233 19/671/234
f 4/672/235 3/673/236 13/674/236
f 1/675/237 24/676/237 11/677/238
f 1/675/237 8/666/231 23/678/231
f 6/679/234 19/671/234 21/668/232
f 5/669/233 4/672/235 15/680/239
f 2/681/240 11/677/238 13/674/236
f 23/682/241 22/683/242 9/684/243
f 21/685/244 20/686/245 22/683/246
f 18/687/247 20/686/248 21/685/249
f 16/688/250 18/687/251 19/689/252
f 14/690/253 16/691/254 17/692/255
f 12/693/256 14/690/257 15/694/258
f 11/695/259 10/696/260 12/693/261
f 24/697/262 9/684/263 10/696/264
f 188/698/265 189/699/266 196/700/266
f 187/701/267 196/700/268 197/660/268
f 197/660/269 198/662/269 191/702/269
f 198/703/270 199/704/270 192/705/270
f 199/704/271 200/706/271 193/707/271
f 200/706/272 201/708/272 194/709/272
f 194/709/273 201/708/274 202/710/274
f 195/711/275 202/712/276 189/699/276
f 185/713/277 186/654/277 202/714/277
f 185/713/278 201/715/278 200/716/278
f 184/717/279 200/716/279 199/664/279
f 186/654/226 189/656/226 202/714/226
f 179/655/227 196/658/227 189/656/227
f 180/657/228 197/660/228 196/658/280
f 182/661/229 197/660/229 181/659/281
f 183/663/230 198/665/230 182/718/230
f 8/666/231 21/668/232 23/678/231
f 5/669/233 19/671/234 6/679/234
f 4/672/235 13/674/236 15/680/239
f 1/675/237 11/677/238 2/681/240
f 1/675/237 23/678/231 24/676/237
f 6/679/234 21/668/232 7/667/232
f 5/669/233 15/680/239 17/670/233
f 2/681/240 13/674/236 3/673/236
f 23/682/241 9/684/243 24/697/282
f 21/685/244 22/683/246 23/682/283
f 18/687/284 21/685/285 19/689/286
f 16/688/287 19/689/288 17/719/289
f 14/690/290 17/692/291 15/694/292
f 12/693/293 15/694/294 13/720/295
f 11/695/259 12/693/261 13/720/296
f 24/697/262 10/696/264 11/695/297
f 188/698/265 196/700/266 187/701/298
f 187/701/267 197/660/268 190/721/299
f 197/660/269 191/702/300 190/721/301
f 198/703/270 192/705/302 191/722/303
f 199/704/271 193/707/304 192/705/305
f 200/706/272 194/709/306 193/707/307
f 194/709/273 202/710/274 195/723/308
f 195/711/275 189/699/276 188/698/309
f 185/713/277 202/714/277 201/715/277
f 185/713/278 200/716/278 184/717/278
f 184/717/279 199/664/279 183/663/279
f 571/654/656 1059/656/656 573/655/656
f 573/655/657 1222/658/657 996/657/657
f 996/657/658 1224/660/658 1168/659/658
f 1167/661/659 1224/660/659 1439/662/659
f 1305/663/660 1439/665/660 777/664/660
f 572/666/661 1063/668/662 1494/667/662
f 1304/669/663 769/671/664 768/670/663
f 1166/672/665 1060/674/666 997/673/666
f 570/675/667 771/677/668 770/676/667
f 570/675/667 772/678/661 572/666/661
f 1388/679/664 1063/668/662 769/671/664
f 1304/669/663 1334/680/669 1166/672/665
f 574/681/670 1060/674/666 771/677/668
f 772/682/671 773/684/672 774/683/673
f 1063/685/674 774/683/675 1062/686/676
f 1061/687/677 1063/685/678 1062/686/679
f 1509/688/680 769/689/681 1061/687/682
f 1335/690/683 768/692/684 1509/691/685
f 1064/693/686 1334/694/687 1335/690/688
f 771/695/689 1064/693/690 775/696/691
f 770/697/692 775/696/693 773/684/694
f 1225/698/695 1222/700/271 1059/699/271
f 1223/701/696 1224/660/272 1222/700/272
f 1224/660/274 1510/702/274 1439/662/274
f 1439/703/276 1543/705/276 777/704/276
f 777/704/266 776/707/266 778/706/266
f 778/706/268 781/709/268 779/708/268
f 781/709/697 780/710/269 779/708/269
f 1065/711/698 1059/699/270 780/712/270
f 575/713/699 780/714/699 571/654/699
f 575/713/700 778/716/700 779/715/700
f 1389/717/701 777/664/701 778/716/701
f 571/654/656 780/714/656 1059/656/656
f 573/655/657 1059/656/657 1222/658/657
f 996/657/658 1222/658/702 1224/660/658
f 1167/661/659 1168/659/703 1224/660/659
f 1305/663/660 1167/718/660 1439/665/660
f 572/666/661 772/678/661 1063/668/662
f 1304/669/663 1388/679/664 769/671/664
f 1166/672/665 1334/680/669 1060/674/666
f 570/675/667 574/681/670 771/677/668
f 570/675/667 770/676/667 772/678/661
f 1388/679/664 1494/667/662 1063/668/662
f 1304/669/663 768/670/663 1334/680/669
f 574/681/670 997/673/666 1060/674/666
f 772/682/671 770/697/704 773/684/672
f 1063/685/674 772/682/705 774/683/675
f 1061/687/706 769/689/707 1063/685/678
f 1509/688/708 768/719/709 769/689/681
f 1335/690/710 1334/694/711 768/692/684
f 1064/693/712 1060/720/713 1334/694/714
f 771/695/689 1060/720/715 1064/693/690
f 770/697/692 771/695/716 775/696/693
f 1225/698/695 1223/701/305 1222/700/271
f 1223/701/696 1226/721/307 1224/660/272
f 1224/660/274 1226/721/308 1510/702/717
f 1439/703/276 1510/722/309 1543/705/718
f 777/704/266 1543/705/298 776/707/719
f 778/706/268 776/707/299 781/709/720
f 781/709/697 1065/723/301 780/710/269
f 1065/711/698 1225/698/303 1059/699/270
f 575/713/699 779/715/699 780/714/699
f 575/713/700 1389/717/700 778/716/700
f 1389/717/701 1305/663/701 777/664/701
f 20/686/248 18/687/247 1061/687/677 1062/686/679
f 22/683/246 20/686/245 1062/686/676 774/683/675
f 14/690/257 12/693/256 1064/693/686 1335/690/688
f 12/693/261 10/696/260 775/696/691 1064/693/690
f 188/698/265 187/701/298 1223/701/305 1225/698/695
f 18/687/251 16/688/250 1509/688/680 1061/687/682
f 187/701/267 190/721/299 1226/721/307 1223/701/696
f 9/684/243 22/683/242 774/683/673 773/684/672
f 195/711/275 188/698/309 1225/698/303 1065/711/698
f 194/709/273 195/723/308 1065/723/301 781/709/697
f 10/696/264 9/684/263 773/684/694 775/696/693
f 16/691/254 14/690/253 1335/690/683 1509/691/685
f 192/705/305 193/707/304 776/707/719 1543/705/298
f 190/721/301 191/702/300 1510/702/717 1226/721/308
f 193/707/307 194/709/306 781/709/720 776/707/299
f 191/722/303 192/705/302 1543/705/718 1510/722/309
usemtl SpacialRoverExploreralumOrange
f 98/724/31 25/725/73 27/726/64
f 97/727/64 27/726/64 29/728/199
f 99/729/199 29/728/199 31/730/187
f 100/731/187 31/730/187 33/732/200
f 101/733/200 33/732/200 35/734/201
f 102/735/201 35/734/201 37/736/71
f 103/737/71 37/736/71 39/738/202
f 104/739/202 39/738/202 41/740/203
f 105/741/203 41/740/203 43/742/186
f 106/743/186 43/742/186 45/744/204
f 107/745/204 45/744/204 47/746/38
f 108/747/38 47/746/38 49/748/85
f 109/749/67 49/750/85 51/751/34
f 110/752/34 51/751/34 53/753/208
f 111/754/35 53/753/208 55/755/189
f 112/756/189 55/755/189 57/757/209
f 113/758/209 57/757/209 59/759/210
f 114/760/210 59/759/210 61/761/185
f 115/762/185 61/761/185 63/763/211
f 116/764/211 63/763/211 65/765/212
f 117/766/212 65/765/212 67/767/188
f 118/768/188 67/767/188 69/769/213
f 119/770/70 69/769/213 71/771/30
f 120/772/30 71/771/30 25/725/73
f 98/724/31 27/726/64 97/727/64
f 97/727/64 29/728/199 99/729/199
f 99/729/199 31/730/187 100/731/187
f 100/731/187 33/732/200 101/733/200
f 101/733/200 35/734/201 102/735/201
f 102/735/201 37/736/71 103/737/71
f 103/737/71 39/738/202 104/739/202
f 104/739/202 41/740/203 105/741/203
f 105/741/203 43/742/186 106/743/186
f 106/743/186 45/744/204 107/745/204
f 107/745/204 47/746/38 108/747/38
f 108/747/38 49/748/85 109/773/67
f 109/749/67 51/751/34 110/752/34
f 110/752/34 53/753/208 111/754/35
f 111/754/35 55/755/189 112/756/189
f 112/756/189 57/757/209 113/758/209
f 113/758/209 59/759/210 114/760/210
f 114/760/210 61/761/185 115/762/185
f 115/762/185 63/763/211 116/764/211
f 116/764/211 65/765/212 117/766/212
f 117/766/212 67/767/188 118/768/188
f 118/768/188 69/769/213 119/770/70
f 119/770/70 71/771/30 120/772/30
f 120/772/30 25/725/73 98/724/31
f 524/724/370 490/726/34 489/725/85
f 523/727/34 1159/728/208 490/726/34
f 525/729/208 1379/730/189 1159/728/208
f 782/731/189 500/732/209 1379/730/189
f 783/733/209 558/734/210 500/732/209
f 1227/735/210 1158/736/185 558/734/210
f 1440/737/185 1386/738/211 1158/736/185
f 784/739/211 502/740/212 1386/738/211
f 512/741/212 503/742/188 502/740/212
f 513/743/188 1161/744/213 503/742/188
f 961/745/213 1385/746/30 1161/744/213
f 785/747/30 492/748/73 1385/746/30
f 786/749/399 556/751/64 492/750/73
f 1228/752/64 1138/753/199 556/751/64
f 1441/754/372 1387/755/187 1138/753/199
f 787/756/187 495/757/200 1387/755/187
f 514/758/200 557/759/201 495/757/200
f 515/760/201 1136/761/71 557/759/201
f 962/762/71 1377/763/202 1136/761/71
f 788/764/202 497/765/203 1377/763/202
f 789/766/203 498/767/186 497/765/203
f 964/768/186 1160/769/204 498/767/186
f 1442/770/402 505/771/38 1160/769/204
f 790/772/38 489/725/85 505/771/38
f 524/724/370 523/727/34 490/726/34
f 523/727/34 525/729/208 1159/728/208
f 525/729/208 782/731/189 1379/730/189
f 782/731/189 783/733/209 500/732/209
f 783/733/209 1227/735/210 558/734/210
f 1227/735/210 1440/737/185 1158/736/185
f 1440/737/185 784/739/211 1386/738/211
f 784/739/211 512/741/212 502/740/212
f 512/741/212 513/743/188 503/742/188
f 513/743/188 961/745/213 1161/744/213
f 961/745/213 785/747/30 1385/746/30
f 785/747/30 786/773/399 492/748/73
f 786/749/399 1228/752/64 556/751/64
f 1228/752/64 1441/754/372 1138/753/199
f 1441/754/372 787/756/187 1387/755/187
f 787/756/187 514/758/200 495/757/200
f 514/758/200 515/760/201 557/759/201
f 515/760/201 962/762/71 1136/761/71
f 962/762/71 788/764/202 1377/763/202
f 788/764/202 789/766/203 497/765/203
f 789/766/203 964/768/186 498/767/186
f 964/768/186 1442/770/402 1160/769/204
f 1442/770/402 790/772/38 505/771/38
f 790/772/38 524/724/370 489/725/85
usemtl SpacialRoverExploreralumGrayDeep
f 329/774/310 333/775/311 332/776/311
f 325/777/73 470/778/73 472/779/73
f 333/780/73 471/781/73 469/782/73
f 321/783/312 316/784/313 325/785/313
f 318/786/85 477/787/85 479/788/314
f 332/789/85 482/790/85 475/791/85
f 317/792/315 324/793/315 326/794/316
f 319/795/317 326/794/317 327/796/318
f 318/797/318 327/796/318 325/785/313
f 329/774/310 320/798/310 322/799/319
f 331/800/320 322/799/320 323/801/321
f 330/802/322 323/801/321 321/783/312
f 332/803/323 333/804/323 346/805/324
f 334/806/325 324/793/315 317/792/315
f 356/807/85 354/808/85 332/789/85
f 355/809/326 336/810/327 337/811/327
f 351/812/73 353/813/73 333/780/73
f 337/811/327 336/810/327 338/814/328
f 348/815/73 346/816/73 488/817/73
f 347/818/329 344/819/330 339/820/330
f 341/821/324 346/805/324 348/822/331
f 343/823/331 348/822/331 349/824/332
f 342/825/333 349/824/333 347/818/329
f 342/826/85 487/827/85 343/828/85
f 355/809/326 350/829/334 352/830/335
f 357/831/335 352/830/335 353/832/336
f 356/833/337 353/834/337 351/835/338
f 351/835/338 334/806/325 335/836/325
f 339/820/339 344/819/339 345/837/339
f 487/827/85 336/838/85 332/789/85
f 357/839/85 356/807/85 332/789/85
f 332/789/85 355/840/85 357/839/85
f 332/789/85 336/838/85 355/840/85
f 354/808/85 335/841/85 332/789/85
f 352/842/73 350/843/73 333/780/73
f 353/813/73 352/842/73 333/780/73
f 333/780/73 334/844/73 351/812/73
f 350/843/73 337/845/73 333/780/73
f 340/846/85 339/847/85 487/827/85
f 339/847/85 338/848/85 487/827/85
f 487/827/85 342/826/85 340/846/85
f 487/827/85 341/849/85 343/828/85
f 488/817/73 333/780/73 337/845/73
f 488/817/73 345/850/73 344/851/73
f 344/851/73 347/852/73 488/817/73
f 347/852/73 349/853/73 488/817/73
f 349/853/73 348/815/73 488/817/73
f 329/774/310 332/776/311 320/798/310
f 470/778/73 326/854/73 324/855/73
f 326/854/73 325/777/73 327/856/73
f 325/777/73 467/857/73 328/858/73
f 325/777/73 468/859/73 467/857/73
f 470/778/73 325/777/73 326/854/73
f 325/777/73 472/779/73 468/859/73
f 464/860/73 328/858/73 467/857/73
f 328/858/73 331/861/73 330/862/73
f 331/861/73 333/780/73 329/863/73
f 324/855/73 460/864/73 470/778/73
f 324/855/73 461/865/73 460/864/73
f 464/860/73 331/861/73 328/858/73
f 465/866/73 331/861/73 464/860/73
f 334/844/73 461/865/73 324/855/73
f 334/844/73 462/867/73 461/865/73
f 465/866/73 333/780/73 331/861/73
f 466/868/73 333/780/73 465/866/73
f 333/780/73 462/867/73 334/844/73
f 333/780/73 463/869/73 462/867/73
f 471/781/73 333/780/73 466/868/73
f 333/780/73 469/782/73 463/869/73
f 321/783/312 325/785/313 328/870/312
f 485/871/340 318/786/85 316/872/85
f 318/786/85 479/788/314 319/873/85
f 477/787/85 318/786/85 485/871/340
f 478/874/85 319/873/85 479/788/314
f 332/789/85 322/875/85 320/876/85
f 322/875/85 321/877/85 323/878/85
f 316/872/85 484/879/85 485/871/340
f 316/872/85 483/880/85 484/879/85
f 322/875/85 316/872/85 321/877/85
f 478/874/85 317/881/85 319/873/85
f 473/882/85 317/881/85 478/874/85
f 322/875/85 483/880/85 316/872/85
f 322/875/85 481/883/85 483/880/85
f 473/882/85 335/841/85 317/881/85
f 480/884/85 335/841/85 473/882/85
f 322/875/85 474/885/85 481/883/85
f 332/789/85 474/885/85 322/875/85
f 480/884/85 332/789/85 335/841/85
f 486/886/85 332/789/85 480/884/85
f 332/789/85 476/887/85 474/885/85
f 332/789/85 475/791/85 476/887/85
f 482/790/85 332/789/85 486/886/85
f 317/792/315 326/794/316 319/795/316
f 319/795/317 327/796/318 318/797/318
f 318/797/318 325/785/313 316/784/313
f 329/774/310 322/799/319 331/800/319
f 331/800/320 323/801/321 330/802/322
f 330/802/322 321/783/312 328/870/312
f 332/803/323 346/805/324 341/821/324
f 334/806/325 317/792/315 335/836/325
f 355/809/326 337/811/327 350/829/334
f 337/811/327 338/814/328 345/837/328
f 347/818/329 339/820/330 340/888/341
f 341/821/324 348/822/331 343/823/331
f 343/823/331 349/824/332 342/825/332
f 342/825/333 347/818/329 340/888/341
f 355/809/326 352/830/335 357/831/335
f 357/831/335 353/832/336 356/889/336
f 356/833/337 351/835/338 354/890/338
f 351/835/338 335/836/325 354/890/338
f 339/820/339 345/837/339 338/814/339
f 336/838/85 487/827/85 338/848/85
f 487/827/85 332/789/85 341/849/85
f 333/780/73 488/817/73 346/816/73
f 488/817/73 337/845/73 345/850/73
f 1337/774/721 1345/776/722 794/775/722
f 791/777/85 793/779/85 792/778/723
f 794/780/85 796/782/85 795/781/85
f 1443/783/724 791/785/725 1564/784/725
f 1066/786/73 798/788/73 797/787/73
f 1345/789/73 1544/791/73 1514/790/73
f 799/792/726 801/794/727 800/793/726
f 829/795/728 802/796/729 801/794/728
f 1066/797/729 791/785/725 802/796/729
f 1337/774/721 1338/799/730 1336/798/721
f 1347/800/731 1444/801/732 1338/799/731
f 1348/802/733 1443/783/724 1444/801/732
f 1565/1500/734 832/1501/734 1067/1502/734
f 832/1501/735 833/1503/735 1068/1504/735
f 833/1505/736 1069/1506/736 1068/1507/736
f 834/1508/737 1229/1509/737 1069/1506/737
f 1233/1510/738 1339/1511/738 1229/1509/738
f 1339/1511/739 1447/1512/739 1074/1513/739
f 803/1514/73 805/1515/73 804/1516/73
f 1447/1512/740 1070/1517/740 1074/1513/740
f 805/1518/741 1067/1502/741 1070/1517/741
f 1345/803/328 806/805/742 794/804/328
f 807/806/743 799/792/726 800/793/726
f 1230/807/73 1345/789/73 1231/808/73
f 1073/809/744 814/811/745 1340/810/745
f 808/812/85 794/780/85 809/813/85
f 814/811/745 1341/814/323 1340/810/745
f 811/815/85 817/817/85 806/816/85
f 1072/818/746 1511/820/747 1342/819/747
f 810/821/742 811/822/748 806/805/742
f 816/823/748 818/824/749 811/822/748
f 1071/825/750 1072/818/746 818/824/750
f 1071/826/73 816/828/73 815/827/73
f 1073/809/744 812/830/751 813/829/752
f 1343/831/751 809/832/753 812/830/751
f 1230/833/754 808/835/755 809/834/754
f 808/835/755 831/836/743 807/806/743
f 1068/1519/85 1229/1520/85 1074/1521/85
f 1511/820/756 1344/837/756 1342/819/756
f 815/827/73 1345/789/73 1340/838/73
f 1343/839/73 1345/789/73 1230/807/73
f 1345/789/73 1343/839/73 1073/840/73
f 1345/789/73 1073/840/73 1340/838/73
f 1231/808/73 1345/789/73 831/841/73
f 812/842/85 794/780/85 813/843/85
f 809/813/85 794/780/85 812/842/85
f 794/780/85 808/812/85 807/844/85
f 813/843/85 794/780/85 814/845/85
f 1545/846/73 815/827/73 1511/847/73
f 1511/847/73 815/827/73 1341/848/73
f 815/827/73 1545/846/73 1071/826/73
f 815/827/73 816/828/73 810/849/73
f 817/817/85 814/845/85 794/780/85
f 817/817/85 1342/851/85 1344/850/85
f 1342/851/85 817/817/85 1072/852/85
f 1072/852/85 817/817/85 818/853/85
f 818/853/85 817/817/85 811/815/85
f 1337/774/721 1336/798/721 1345/776/722
f 792/778/723 800/855/85 801/854/85
f 801/854/85 802/856/85 791/777/85
f 791/777/85 820/858/85 819/857/85
f 791/777/85 819/857/85 821/859/85
f 792/778/723 801/854/85 791/777/85
f 791/777/85 821/859/85 793/779/85
f 1346/860/85 819/857/85 820/858/85
f 820/858/85 1348/862/85 1347/861/85
f 1347/861/85 1337/863/85 794/780/85
f 800/855/85 792/778/723 1566/864/85
f 800/855/85 1566/864/85 822/865/85
f 1346/860/85 820/858/85 1347/861/85
f 824/866/85 1346/860/85 1347/861/85
f 807/844/85 800/855/85 822/865/85
f 807/844/85 822/865/85 823/867/85
f 824/866/85 1347/861/85 794/780/85
f 825/868/85 824/866/85 794/780/85
f 794/780/85 807/844/85 823/867/85
f 794/780/85 823/867/85 826/869/85
f 795/781/85 825/868/85 794/780/85
f 794/780/85 826/869/85 796/782/85
f 1443/783/724 820/870/724 791/785/725
f 827/871/73 1564/872/73 1066/786/73
f 1066/786/73 829/873/73 798/788/73
f 797/787/73 827/871/73 1066/786/73
f 828/874/73 798/788/73 829/873/73
f 1345/789/73 1336/876/73 1338/875/73
f 1338/875/73 1444/878/73 1443/877/73
f 1564/872/73 827/871/73 1546/879/73
f 1564/872/73 1546/879/73 1446/880/73
f 1338/875/73 1443/877/73 1564/872/73
f 828/874/73 829/873/73 799/881/73
f 830/882/73 828/874/73 799/881/73
f 1338/875/73 1564/872/73 1446/880/73
f 1338/875/73 1446/880/73 1445/883/73
f 830/882/73 799/881/73 831/841/73
f 1232/884/73 830/882/73 831/841/73
f 1338/875/73 1445/883/73 1512/885/73
f 1345/789/73 1338/875/73 1512/885/73
f 1232/884/73 831/841/73 1345/789/73
f 1349/886/73 1232/884/73 1345/789/73
f 1345/789/73 1512/885/73 1513/887/73
f 1345/789/73 1513/887/73 1544/791/73
f 1514/790/73 1349/886/73 1345/789/73
f 799/792/726 829/795/727 801/794/727
f 829/795/728 1066/797/729 802/796/729
f 1066/797/729 1564/784/725 791/785/725
f 1337/774/721 1347/800/730 1338/799/730
f 1347/800/731 1348/802/733 1444/801/732
f 1348/802/733 820/870/724 1443/783/724
f 1565/1500/734 803/1522/734 832/1501/734
f 832/1501/735 803/1522/735 833/1503/735
f 833/1505/736 834/1508/736 1069/1506/736
f 834/1508/737 1233/1510/737 1229/1509/737
f 1233/1510/738 804/1523/738 1339/1511/738
f 1339/1511/739 804/1523/739 1447/1512/739
f 804/1516/73 1233/1524/73 834/1525/73
f 834/1525/73 833/1526/73 803/1514/73
f 803/1514/73 1565/1527/73 805/1515/73
f 805/1515/73 1447/1528/73 804/1516/73
f 804/1516/73 834/1525/73 803/1514/73
f 1447/1512/740 805/1518/740 1070/1517/740
f 805/1518/741 1565/1500/741 1067/1502/741
f 1345/803/328 810/821/742 806/805/742
f 807/806/743 831/836/743 799/792/726
f 1073/809/744 813/829/752 814/811/745
f 814/811/745 1344/837/323 1341/814/323
f 1072/818/746 1545/888/746 1511/820/747
f 810/821/742 816/823/748 811/822/748
f 816/823/748 1071/825/749 818/824/749
f 1071/825/750 1545/888/746 1072/818/746
f 1073/809/744 1343/831/751 812/830/751
f 1343/831/751 1230/889/753 809/832/753
f 1230/833/754 1231/890/755 808/835/755
f 808/835/755 1231/890/755 831/836/743
f 1074/1521/85 1070/1529/85 1067/1530/85
f 1067/1530/85 832/1531/85 1068/1519/85
f 1068/1519/85 1069/1532/85 1229/1520/85
f 1229/1520/85 1339/1533/85 1074/1521/85
f 1074/1521/85 1067/1530/85 1068/1519/85
f 1511/820/756 1341/814/756 1344/837/756
f 1340/838/73 1341/848/73 815/827/73
f 815/827/73 810/849/73 1345/789/73
f 794/780/85 806/816/85 817/817/85
f 817/817/85 1344/850/85 814/845/85
f 1234/1534/651 1081/1535/6 1077/1536/6
f 638/985/548 835/1537/6 836/1538/635
f 1075/1539/648 638/985/548 836/1538/635
f 1033/988/550 1075/1539/648 838/1540/71
f 751/990/553 838/1540/71 837/1541/638
f 1508/991/552 837/1541/638 1236/1542/639
f 1196/996/557 1236/1542/639 1235/1543/33
f 1054/997/556 1235/1543/33 844/1544/649
f 841/1545/642 1054/997/556 844/1544/649
f 842/1546/185 752/999/559 841/1545/642
f 1197/1002/561 842/1546/185 1076/1547/650
f 650/1003/560 1076/1547/650 839/1548/651
f 636/984/549 839/1549/651 835/1537/6
f 1448/1550/85 839/1551/85 1449/1552/85
f 1449/1552/85 1076/1553/85 1515/1554/85
f 1515/1554/85 842/1555/85 1547/1556/85
f 840/1557/85 842/1555/85 841/1558/85
f 840/1557/85 844/1559/85 843/1560/85
f 1077/1561/85 844/1559/85 1235/1562/85
f 1077/1561/85 1236/1563/85 1234/1564/85
f 1351/1565/85 1236/1563/85 837/1566/85
f 1351/1565/85 838/1567/85 1450/1568/85
f 1450/1568/85 1075/1569/85 1516/1570/85
f 1516/1570/85 836/1571/85 1452/1572/85
f 1448/1550/85 836/1571/85 835/1573/85
f 845/1574/85 1080/1575/85 1350/1576/85
f 840/1577/648 845/1578/71 1547/1579/71
f 1452/1580/649 1518/1581/642 1516/1582/642
f 1449/1583/639 1451/1584/33 1448/1585/33
f 1351/1586/650 1080/1587/651 1234/1534/651
f 840/1577/648 847/1588/635 846/1589/648
f 1448/1585/33 1350/1590/649 1452/1580/649
f 1515/1591/638 1453/1592/639 1449/1593/639
f 1450/1594/185 1354/1595/650 1351/1586/650
f 1077/1536/6 847/1588/635 843/1596/635
f 1547/1579/71 1517/1597/638 1515/1591/638
f 1516/1582/642 1353/1598/185 1450/1594/185
f 854/1599/6 849/1600/651 1078/1601/6
f 848/1602/651 850/973/650 849/1446/651
f 855/1603/650 633/1604/185 850/973/650
f 1355/1605/185 632/1606/642 633/1604/185
f 632/1606/642 1519/1607/649 635/1608/649
f 1519/1607/649 1031/1609/33 635/1608/649
f 1352/1610/33 852/1611/639 1031/1609/33
f 851/1612/639 853/1613/638 852/1611/639
f 856/1614/638 1079/1615/71 853/1613/638
f 1082/1616/71 1237/1617/648 1079/1615/71
f 1083/1618/73 1352/1619/73 855/1603/73
f 1083/1620/648 1194/1621/635 1237/1617/648
f 1084/1622/635 1078/1601/6 1194/1621/635
f 1234/1534/651 1080/1587/651 1081/1535/6
f 638/985/548 636/984/549 835/1537/6
f 1075/1539/648 1195/987/551 638/985/548
f 1033/988/550 1195/987/551 1075/1539/648
f 751/990/553 1033/988/550 838/1540/71
f 1508/991/552 751/990/553 837/1541/638
f 1196/996/557 1508/991/552 1236/1542/639
f 1054/997/556 1196/996/557 1235/1543/33
f 841/1545/642 752/999/559 1054/997/556
f 842/1546/185 1507/1000/558 752/999/559
f 1197/1002/561 1507/1000/558 842/1546/185
f 650/1003/560 1197/1002/561 1076/1547/650
f 636/984/549 650/1623/560 839/1549/651
f 1448/1550/85 835/1573/85 839/1551/85
f 1449/1552/85 839/1551/85 1076/1553/85
f 1515/1554/85 1076/1553/85 842/1555/85
f 840/1557/85 1547/1556/85 842/1555/85
f 840/1557/85 841/1558/85 844/1559/85
f 1077/1561/85 843/1560/85 844/1559/85
f 1077/1561/85 1235/1562/85 1236/1563/85
f 1351/1565/85 1234/1564/85 1236/1563/85
f 1351/1565/85 837/1566/85 838/1567/85
f 1450/1568/85 838/1567/85 1075/1569/85
f 1516/1570/85 1075/1569/85 836/1571/85
f 1448/1550/85 1452/1572/85 836/1571/85
f 1350/1576/85 1451/1624/85 1453/1625/85
f 1453/1625/85 1517/1626/85 845/1574/85
f 845/1574/85 846/1627/85 847/1628/85
f 847/1628/85 1081/1629/85 1080/1575/85
f 1080/1575/85 1354/1630/85 1353/1631/85
f 1353/1631/85 1518/1632/85 1350/1576/85
f 1350/1576/85 1453/1625/85 845/1574/85
f 845/1574/85 847/1628/85 1080/1575/85
f 1080/1575/85 1353/1631/85 1350/1576/85
f 840/1577/648 846/1589/648 845/1578/71
f 1452/1580/649 1350/1590/649 1518/1581/642
f 1449/1583/639 1453/1633/639 1451/1584/33
f 1351/1586/650 1354/1595/650 1080/1587/651
f 840/1577/648 843/1596/635 847/1588/635
f 1448/1585/33 1451/1584/33 1350/1590/649
f 1515/1591/638 1517/1597/638 1453/1592/639
f 1450/1594/185 1353/1598/185 1354/1595/650
f 1077/1536/6 1081/1535/6 847/1588/635
f 1547/1579/71 845/1578/71 1517/1597/638
f 1516/1582/642 1518/1581/642 1353/1598/185
f 854/1599/6 848/1634/651 849/1600/651
f 848/1602/651 855/1603/650 850/973/650
f 855/1603/650 1355/1605/185 633/1604/185
f 1355/1605/185 1356/1635/642 632/1606/642
f 632/1606/642 1356/1635/642 1519/1607/649
f 1519/1607/649 1352/1610/33 1031/1609/33
f 1352/1610/33 851/1612/639 852/1611/639
f 851/1612/639 856/1614/638 853/1613/638
f 856/1614/638 1082/1616/71 1079/1615/71
f 1082/1616/71 1083/1620/648 1237/1617/648
f 855/1603/73 848/1602/73 854/1636/73
f 854/1636/73 1084/1637/73 1083/1618/73
f 1083/1618/73 1082/1638/73 856/1639/73
f 856/1639/73 851/1640/73 1352/1619/73
f 1352/1619/73 1519/1641/73 1356/1642/73
f 1356/1642/73 1355/1643/73 855/1603/73
f 855/1603/73 854/1636/73 1083/1618/73
f 1083/1618/73 856/1639/73 1352/1619/73
f 1352/1619/73 1356/1642/73 855/1603/73
f 1083/1620/648 1084/1622/635 1194/1621/635
f 1084/1622/635 854/1599/6 1078/1601/6
f 478/874/85 479/788/314 798/788/73 828/874/73
f 477/787/85 485/871/340 827/871/73 797/787/73
f 481/883/85 474/885/85 1512/885/73 1445/883/73
f 474/885/85 476/887/85 1513/887/73 1512/885/73
f 482/790/85 486/886/85 1349/886/73 1514/790/73
f 475/791/85 482/790/85 1514/790/73 1544/791/73
f 466/868/73 465/866/73 824/866/85 825/868/85
f 473/882/85 478/874/85 828/874/73 830/882/73
f 483/880/85 481/883/85 1445/883/73 1446/880/73
f 480/884/85 473/882/85 830/882/73 1232/884/73
f 467/857/73 468/859/73 821/859/85 819/857/85
f 469/782/73 471/781/73 795/781/85 796/782/85
f 479/788/314 477/787/85 797/787/73 798/788/73
f 484/879/85 483/880/85 1446/880/73 1546/879/73
f 476/887/85 475/791/85 1544/791/73 1513/887/73
f 472/779/73 470/778/73 792/778/723 793/779/85
f 463/869/73 469/782/73 796/782/85 826/869/85
f 468/859/73 472/779/73 793/779/85 821/859/85
f 470/778/73 460/864/73 1566/864/85 792/778/723
f 460/864/73 461/865/73 822/865/85 1566/864/85
f 464/860/73 467/857/73 819/857/85 1346/860/85
f 461/865/73 462/867/73 823/867/85 822/865/85
f 465/866/73 464/860/73 1346/860/85 824/866/85
f 485/871/340 484/879/85 1546/879/73 827/871/73
f 486/886/85 480/884/85 1232/884/73 1349/886/73
f 462/867/73 463/869/73 826/869/85 823/867/85
f 471/781/73 466/868/73 825/868/85 795/781/85
usemtl SpacialRoverExplorerwheels
f 730/1644/73 1239/1645/757 1459/1646/758
f 1238/1647/73 1086/1648/759 1239/1645/757
f 1085/1649/73 859/1650/760 1086/1648/759
f 858/1651/73 857/1652/761 859/1650/760
f 860/1653/73 1548/1654/762 857/1652/761
f 1047/1655/73 1520/1656/763 1548/1654/762
f 737/1657/73 1454/1658/764 1520/1656/763
f 738/1659/73 1358/1660/764 1454/1658/764
f 1357/1661/73 1241/1662/765 1358/1660/764
f 1240/1663/73 1088/1664/765 1241/1662/765
f 1087/1665/73 863/1666/766 1088/1664/765
f 862/1667/73 861/1668/767 863/1666/766
f 864/1669/73 1556/1670/768 861/1671/767
f 735/1672/73 1556/1670/768 736/1673/73
f 767/1674/73 1526/1675/768 735/1672/73
f 1455/1676/73 1473/1677/769 767/1674/73
f 1359/1678/73 1363/1679/769 1455/1676/73
f 1242/1680/73 1275/1681/770 1359/1678/73
f 1089/1682/73 1103/1683/770 1242/1680/73
f 866/1684/73 925/1685/771 1089/1682/73
f 734/1686/73 865/1687/771 866/1684/73
f 733/1688/73 1557/1689/772 734/1686/73
f 766/1690/73 1524/1691/773 733/1688/73
f 1456/1692/73 1474/1693/774 766/1690/73
f 1360/1694/73 1362/1695/775 1456/1692/73
f 1243/1696/73 1278/1697/776 1360/1694/73
f 1090/1698/73 1100/1699/777 1243/1696/73
f 868/1700/73 931/1701/778 1090/1698/73
f 732/1702/73 867/1703/778 868/1704/73
f 732/1702/73 1458/1705/779 1549/1706/779
f 731/1707/73 1457/1708/758 1458/1705/779
f 729/1709/73 1459/1646/758 1457/1708/758
f 765/1710/85 1133/1711/780 762/1712/85
f 1214/1713/85 1521/1714/781 1461/1715/782
f 1058/1716/85 1285/1717/780 765/1710/85
f 1218/1718/85 1550/1719/783 1521/1714/781
f 1438/1720/85 1375/1721/784 1058/1716/85
f 870/1722/85 869/1723/785 1550/1719/783
f 764/1724/85 1478/1725/784 1438/1720/85
f 727/1726/85 871/1727/786 869/1723/785
f 726/1728/85 1527/1729/787 764/1724/85
f 728/1730/85 1091/1731/788 871/1727/786
f 1437/1732/85 1460/1733/789 1330/1734/85
f 725/1735/85 1561/1736/790 726/1728/85
f 1046/1737/85 1244/1738/788 1091/1731/788
f 723/1739/85 1479/1740/789 1437/1732/85
f 873/1741/85 872/1742/791 725/1735/85
f 1220/1743/85 1244/1738/788 1331/1744/85
f 724/1745/85 1528/1746/792 723/1739/85
f 1057/1747/85 943/1748/793 873/1741/85
f 1221/1749/85 1376/1750/794 1220/1743/85
f 721/1751/85 1558/1752/792 724/1745/85
f 1217/1753/85 1132/1754/795 1057/1747/85
f 720/1755/85 1471/1756/796 1221/1749/85
f 721/1757/85 875/1758/797 874/1759/797
f 1330/1734/85 1286/1760/798 1217/1753/85
f 719/1761/85 1529/1762/799 720/1755/85
f 722/1763/85 1092/1764/800 875/1758/797
f 718/1765/85 1562/1766/799 719/1761/85
f 1045/1767/85 1245/1768/801 1092/1764/800
f 763/1769/85 876/1770/802 718/1771/85
f 1216/1772/85 1361/1773/803 1245/1768/801
f 762/1712/85 944/1774/802 763/1769/85
f 1215/1775/85 1461/1715/782 1361/1773/803
f 948/1776/804 1527/1729/805 909/1777/806
f 1125/1778/807 1132/1754/808 1246/1779/809
f 1246/1779/810 1116/1780/811 1109/1781/812
f 877/1782/813 872/1742/814 878/1783/815
f 1247/1784/816 1248/1785/817 1117/1786/818
f 1109/1781/812 1249/1787/819 1086/1648/820
f 863/1666/766 930/1788/821 1093/1789/821
f 889/1790/822 880/1791/823 879/1792/822
f 1132/1754/795 1251/1793/824 1250/1794/824
f 881/1795/825 876/1796/826 882/1797/827
f 1127/1798/828 1133/1711/829 1252/1799/830
f 949/1800/831 1375/1721/832 1462/1801/833
f 1125/1778/834 1463/1802/835 911/1803/836
f 883/1804/823 884/1805/837 880/1791/823
f 1244/1738/838 1279/1806/839 902/1807/840
f 1471/1756/841 1522/1808/842 1470/1809/843
f 1134/1810/844 1101/1811/845 1463/1802/835
f 1241/1662/765 1276/1812/846 929/1813/846
f 1550/1719/847 945/1814/848 898/1815/849
f 871/1727/850 1095/1816/851 1094/1817/852
f 1551/1818/853 915/1819/854 1464/1820/855
f 872/1742/791 886/1821/856 885/1822/856
f 909/1777/857 947/1823/858 908/1824/859
f 1464/1820/855 914/1825/860 1458/1705/860
f 1558/1752/861 946/1826/862 889/1790/863
f 875/1758/864 1097/1827/865 1096/1828/866
f 1245/1768/867 1262/1829/868 888/1830/869
f 1461/1715/870 1523/1831/871 1467/1832/872
f 1287/1833/873 1460/1733/874 1255/1834/875
f 908/1824/859 893/1835/876 1520/1656/877
f 1525/1836/878 1528/1746/879 1551/1818/880
f 1454/1658/764 1253/1837/881 892/1838/881
f 1096/1828/882 1465/1839/883 951/1840/884
f 1527/1729/787 1372/1841/885 1371/1842/885
f 1457/1708/886 1464/1820/887 1458/1705/886
f 1480/1843/888 1551/1818/880 1464/1820/887
f 948/1776/889 891/1844/890 1098/1845/891
f 1099/1846/892 932/1847/893 1465/1839/883
f 1239/1645/894 1254/1848/895 1459/1646/894
f 1247/1784/896 1255/1834/875 1254/1848/895
f 1466/1849/897 1524/1691/898 1474/1693/898
f 1467/1832/872 1552/1850/899 1466/1849/897
f 887/1851/900 1362/1695/901 1278/1697/901
f 888/1830/869 1256/1852/902 887/1851/900
f 1099/1846/903 1100/1699/904 931/1701/904
f 1096/1828/866 1260/1853/905 1099/1846/903
f 883/1804/906 867/1703/907 1549/1706/907
f 889/1790/863 895/1854/908 883/1804/906
f 890/1855/909 892/1838/910 891/1844/890
f 1548/1654/762 893/1835/911 894/1856/911
f 946/1857/912 1257/1858/913 895/1859/914
f 1375/1721/784 1124/1860/915 1468/1861/915
f 1525/1836/916 1472/1862/917 1479/1740/918
f 895/1859/914 896/1863/919 867/1864/920
f 1255/1834/921 1476/1865/922 1265/1866/921
f 859/1650/760 923/1867/923 1101/1811/923
f 1102/1868/924 1103/1683/925 925/1685/925
f 1094/1817/852 1280/1869/926 1102/1868/924
f 897/1870/927 865/1687/928 1557/1689/928
f 898/1815/849 938/1871/929 897/1870/927
f 888/1830/930 899/1872/931 1104/1873/930
f 1133/1711/780 1126/1874/932 1258/1875/932
f 1287/1833/933 1251/1793/934 1286/1760/935
f 887/1851/936 900/1876/937 899/1872/931
f 1469/1877/938 1526/1675/939 1473/1677/939
f 1470/1809/843 1553/1878/940 1469/1877/938
f 901/1879/941 1363/1679/942 1275/1681/942
f 902/1807/840 1259/1880/943 901/1879/941
f 889/1790/822 1105/1881/944 1558/1752/944
f 1239/1645/757 1249/1787/945 1248/1785/945
f 1097/1827/946 1367/1882/947 1260/1853/948
f 876/1770/802 904/1883/949 903/1884/949
f 1241/1662/950 1364/1885/951 1358/1660/950
f 927/1886/952 1462/1801/833 1364/1885/951
f 863/1666/953 1106/1887/954 1088/1664/953
f 1135/1888/955 1252/1799/830 1106/1887/954
f 1556/1670/956 905/1889/957 861/1671/956
f 933/1890/958 882/1797/827 905/1889/957
f 1551/1818/853 1559/1891/959 1567/1892/853
f 1260/1853/948 1261/1893/960 1100/1699/961
f 1096/1828/882 950/1894/962 875/1758/963
f 1467/1832/964 1119/1895/965 1114/1896/966
f 1529/1762/799 1128/1897/967 1554/1898/967
f 946/1857/912 935/1899/968 1107/1900/969
f 1466/1849/970 1272/1901/971 1119/1895/965
f 888/1830/930 1108/1902/972 1245/1768/973
f 1262/1829/974 1118/1903/975 1256/1852/976
f 1471/1756/796 1373/1904/977 1376/1750/794
f 1548/1654/978 906/1905/979 857/1652/978
f 907/1906/980 878/1783/815 906/1905/979
f 1097/1827/946 1282/1907/981 1365/1908/946
f 1256/1852/976 1263/1909/982 1362/1695/983
f 859/1650/984 1109/1781/985 1086/1648/984
f 1134/1810/986 1246/1779/809 1109/1781/985
f 1454/1658/987 908/1824/988 1520/1656/987
f 890/1855/989 909/1777/806 908/1824/988
f 910/1910/990 886/1821/991 911/1803/992
f 1370/1911/993 1372/1841/994 1122/1912/995
f 1289/1913/996 1124/1860/997 1098/1845/998
f 1264/1914/999 1126/1874/1000 1123/1915/1001
f 912/1916/1002 904/1883/1003 913/1917/1004
f 1555/1918/1005 1128/1897/1006 934/1919/1005
f 1373/1904/1007 1111/1920/1008 1110/1921/1009
f 1284/1922/1010 1129/1923/1011 1366/1924/1012
f 940/1925/1013 953/1926/1014 1112/1927/1015
f 1560/1928/1016 942/1929/1017 1568/1930/1018
f 1374/1931/1019 1114/1896/1020 1113/1932/1021
f 1282/1907/1022 1104/1873/1023 1365/1908/1024
f 935/1899/1025 951/1840/1026 1107/1900/1027
f 1559/1891/1028 879/1792/1029 1567/1892/1029
f 1265/1866/1030 1472/1862/1031 1266/1933/1032
f 1267/1934/1033 1251/1793/1034 1115/1935/1035
f 1249/1787/1036 1117/1786/1037 1248/1785/1036
f 1116/1780/1038 1115/1935/1035 1117/1786/1037
f 1268/1936/1039 1270/1937/1040 1269/1938/1039
f 1271/1939/1041 1266/1933/1032 1270/1937/1040
f 915/1819/1042 884/1805/1043 914/1825/1043
f 1567/1892/1029 880/1791/1042 915/1819/1042
f 1257/1858/1044 932/1847/1045 896/1863/1045
f 1107/1900/1027 1465/1839/1046 1257/1858/1044
f 1367/1882/1047 900/1876/1048 1261/1893/1048
f 1365/1908/1024 899/1872/1049 1367/1882/1047
f 1118/1903/1050 1272/1901/1051 1263/1909/1051
f 1113/1932/1021 1119/1895/1052 1118/1903/1050
f 917/1940/1053 918/1941/1054 916/1942/1054
f 1568/1930/1018 941/1943/1055 917/1940/1053
f 1283/1944/1056 926/1945/1057 939/1946/1057
f 1112/1927/1015 1477/1947/1058 1283/1944/1056
f 1368/1948/1059 937/1949/1060 1281/1950/1060
f 1366/1924/1012 936/1951/1061 1368/1948/1059
f 1120/1952/1062 1274/1953/1063 1273/1954/1063
f 1110/1921/1009 1121/1955/1064 1120/1952/1062
f 919/1956/1065 921/1957/1066 920/1958/1065
f 1555/1918/1005 921/1957/1066 954/1959/1066
f 930/1788/1067 1475/1960/1068 1093/1789/1067
f 1277/1961/1069 913/1917/1004 1475/1960/1068
f 1276/1812/1070 928/1962/1071 929/1813/1070
f 1369/1963/1072 1123/1915/1001 928/1962/1071
f 1253/1837/1073 891/1844/1074 892/1838/1073
f 1288/1964/1075 1098/1845/998 891/1844/1074
f 893/1835/1076 922/1965/1077 894/1856/1076
f 947/1823/1078 1122/1912/995 922/1965/1077
f 923/1867/1079 1463/1802/1080 1101/1811/1079
f 924/1966/1081 911/1803/992 1463/1802/1080
f 1287/1833/933 1117/1786/818 1115/1935/933
f 1526/1675/768 920/1958/1082 1556/1670/768
f 906/1905/1083 923/1867/1084 857/1652/1085
f 1254/1848/1086 1268/1936/1087 1459/1646/1088
f 878/1783/1089 924/1966/1090 906/1905/1083
f 1255/1834/921 1271/1939/1091 1254/1848/1086
f 1363/1679/769 1274/1953/1092 1473/1677/769
f 907/1906/1093 894/1856/1094 922/1965/1095
f 1480/1843/1096 1269/1938/1097 1270/1937/1096
f 877/1782/1098 922/1965/1095 1122/1912/1098
f 1525/1836/916 1270/1937/1096 1266/1933/1099
f 1103/1683/770 937/1949/1100 1275/1681/770
f 1364/1885/1101 1253/1837/1102 1358/1660/1103
f 1462/1801/1104 1288/1964/1105 1364/1885/1101
f 865/1687/771 926/1945/1106 925/1685/771
f 1106/1887/1107 1276/1812/1108 1088/1664/1109
f 1252/1799/1110 1369/1963/1111 1106/1887/1107
f 1524/1691/773 918/1941/1112 1557/1689/772
f 927/1886/1113 929/1813/1114 928/1962/1115
f 949/1800/1116 928/1962/1115 1123/1915/1116
f 1362/1695/775 1272/1901/1117 1474/1693/774
f 905/1967/1118 930/1788/1119 861/1668/1120
f 882/1968/1121 1277/1961/1122 905/1967/1118
f 948/1776/889 1124/1860/1123 1478/1725/1124
f 1100/1699/777 900/1876/1125 1278/1697/776
f 1135/1888/1126 1093/1789/1127 1475/1960/1128
f 909/1777/857 1371/1842/1129 1370/1911/1130
f 1127/1798/1131 1475/1960/1128 913/1917/1132
f 1125/1778/834 886/1821/1133 943/1748/1134
f 867/1864/778 932/1847/1135 931/1701/778
f 1553/1878/1136 919/1956/1137 1526/1675/1137
f 1246/1779/810 1250/1794/1138 1267/1934/1139
f 1522/1808/1140 954/1959/1136 1553/1878/1136
f 878/1783/1089 885/1822/1141 910/1910/1142
f 1549/1706/779 914/1825/1143 884/1805/1143
f 933/1890/1144 920/1958/1145 921/1957/1144
f 877/1782/1098 1372/1841/1146 1561/1736/1147
f 881/1795/1148 921/1957/1144 934/1919/1148
f 1462/1801/1104 1468/1861/1149 1289/1913/1150
f 1457/1708/758 1268/1936/1151 1269/1938/1151
f 1259/1880/1152 1273/1954/1153 1363/1679/1154
f 1252/1799/1110 1258/1875/1155 1264/1914/1156
f 1460/1733/789 1472/1862/1157 1476/1865/1157
f 1279/1806/1158 1120/1952/1159 1259/1880/1152
f 949/1800/1116 1126/1874/1160 1285/1717/1161
f 1469/1877/1162 1274/1953/1163 1121/1955/1164
f 882/1968/1121 903/1884/1165 912/1916/1166
f 1558/1752/792 1559/1891/1167 1528/1746/792
f 1470/1809/1168 1121/1955/1164 1111/1920/1169
f 1127/1798/1131 904/1883/1170 944/1774/1171
f 1280/1869/1172 1281/1950/1173 1103/1683/1174
f 1522/1808/1140 1554/1898/1175 1555/1918/1140
f 875/1758/797 935/1899/1176 874/1759/797
f 1095/1816/1177 1368/1948/1178 1280/1869/1172
f 881/1795/1148 1128/1897/1179 1562/1766/1180
f 901/1879/1181 937/1949/1182 936/1951/1183
f 1279/1806/1158 1373/1904/1184 1110/1921/1158
f 1245/1768/801 1282/1907/1185 1092/1764/800
f 902/1807/1186 936/1951/1183 1129/1923/1186
f 1470/1809/1168 1481/1969/1187 1471/1756/1188
f 938/1871/1189 939/1946/1190 865/1687/1191
f 1095/1816/1177 1284/1922/1192 1366/1924/1177
f 1461/1715/782 1374/1931/1193 1361/1773/803
f 945/1814/1194 1283/1944/1195 938/1871/1189
f 902/1807/1186 1130/1970/1196 1244/1738/1197
f 1102/1868/1198 926/1945/1199 1477/1947/1200
f 945/1814/1194 940/1925/1201 1112/1927/1202
f 1550/1719/783 1560/1928/1203 1521/1714/781
f 1094/1817/1204 1477/1947/1200 953/1926/1205
f 1094/1817/1204 952/1971/1206 871/1727/1207
f 1552/1850/1208 916/1942/1209 1524/1691/1210
f 1523/1831/1211 1560/1928/1212 1568/1930/1213
f 871/1727/786 940/1925/1214 869/1723/785
f 1523/1831/1211 917/1940/1215 1552/1850/1208
f 898/1815/1216 1131/1972/1217 1550/1719/1218
f 897/1870/1219 918/1941/1220 941/1943/1221
f 1262/1829/974 1374/1931/1222 1113/1932/1223
f 1244/1738/788 1284/1922/1224 1091/1731/788
f 898/1815/1216 941/1943/1221 942/1929/1225
f 1467/1832/964 1482/1973/1226 1461/1715/1227
f 730/1644/73 1238/1647/73 1239/1645/757
f 1238/1647/73 1085/1649/73 1086/1648/759
f 1085/1649/73 858/1651/73 859/1650/760
f 858/1651/73 860/1653/73 857/1652/761
f 860/1653/73 1047/1655/73 1548/1654/762
f 1047/1655/73 737/1657/73 1520/1656/763
f 737/1657/73 738/1659/73 1454/1658/764
f 738/1659/73 1357/1661/73 1358/1660/764
f 1357/1661/73 1240/1663/73 1241/1662/765
f 1240/1663/73 1087/1665/73 1088/1664/765
f 1087/1665/73 862/1667/73 863/1666/766
f 862/1667/73 864/1974/73 861/1668/767
f 864/1669/73 736/1673/73 1556/1670/768
f 735/1672/73 1526/1675/768 1556/1670/768
f 767/1674/73 1473/1677/769 1526/1675/768
f 1455/1676/73 1363/1679/769 1473/1677/769
f 1359/1678/73 1275/1681/770 1363/1679/769
f 1242/1680/73 1103/1683/770 1275/1681/770
f 1089/1682/73 925/1685/771 1103/1683/770
f 866/1684/73 865/1687/771 925/1685/771
f 734/1686/73 1557/1689/772 865/1687/771
f 733/1688/73 1524/1691/773 1557/1689/772
f 766/1690/73 1474/1693/774 1524/1691/773
f 1456/1692/73 1362/1695/775 1474/1693/774
f 1360/1694/73 1278/1697/776 1362/1695/775
f 1243/1696/73 1100/1699/777 1278/1697/776
f 1090/1698/73 931/1701/778 1100/1699/777
f 868/1700/73 867/1864/778 931/1701/778
f 732/1702/73 1549/1706/779 867/1703/778
f 732/1702/73 731/1707/73 1458/1705/779
f 731/1707/73 729/1709/73 1457/1708/758
f 729/1709/73 730/1644/73 1459/1646/758
f 765/1710/85 1285/1717/780 1133/1711/780
f 1214/1713/85 1218/1718/85 1521/1714/781
f 1058/1716/85 1375/1721/784 1285/1717/780
f 1218/1718/85 870/1722/85 1550/1719/783
f 1438/1720/85 1478/1725/784 1375/1721/784
f 870/1722/85 727/1726/85 869/1723/785
f 764/1724/85 1527/1729/787 1478/1725/784
f 727/1726/85 728/1730/85 871/1727/786
f 726/1728/85 1561/1736/790 1527/1729/787
f 728/1730/85 1046/1737/85 1091/1731/788
f 1437/1732/85 1479/1740/789 1460/1733/789
f 725/1735/85 872/1742/791 1561/1736/790
f 1046/1737/85 1331/1744/85 1244/1738/788
f 723/1739/85 1528/1746/792 1479/1740/789
f 873/1741/85 943/1748/793 872/1742/791
f 1220/1743/85 1376/1750/794 1244/1738/788
f 724/1745/85 1558/1752/792 1528/1746/792
f 1057/1747/85 1132/1754/795 943/1748/793
f 1221/1749/85 1471/1756/796 1376/1750/794
f 721/1751/85 874/1975/797 1558/1752/792
f 1217/1753/85 1286/1760/798 1132/1754/795
f 720/1755/85 1529/1762/799 1471/1756/796
f 721/1757/85 722/1763/85 875/1758/797
f 1330/1734/85 1460/1733/789 1286/1760/798
f 719/1761/85 1562/1766/799 1529/1762/799
f 722/1763/85 1045/1767/85 1092/1764/800
f 718/1765/85 876/1796/802 1562/1766/799
f 1045/1767/85 1216/1772/85 1245/1768/801
f 763/1769/85 944/1774/802 876/1770/802
f 1216/1772/85 1215/1775/85 1361/1773/803
f 762/1712/85 1133/1711/780 944/1774/802
f 1215/1775/85 1214/1713/85 1461/1715/782
f 948/1776/804 1478/1725/805 1527/1729/805
f 1125/1778/807 943/1748/808 1132/1754/808
f 1246/1779/810 1267/1934/1139 1116/1780/811
f 877/1782/813 1561/1736/814 872/1742/814
f 1247/1784/816 1239/1645/1228 1248/1785/817
f 1109/1781/812 1116/1780/811 1249/1787/819
f 863/1666/766 861/1668/767 930/1788/821
f 889/1790/822 883/1804/823 880/1791/823
f 1132/1754/795 1286/1760/798 1251/1793/824
f 881/1795/825 1562/1766/826 876/1796/826
f 1127/1798/828 944/1774/829 1133/1711/829
f 949/1800/831 1285/1717/832 1375/1721/832
f 1125/1778/834 1134/1810/844 1463/1802/835
f 883/1804/823 1549/1706/837 884/1805/837
f 1244/1738/838 1376/1750/1229 1279/1806/839
f 1471/1756/841 1529/1762/841 1522/1808/842
f 1134/1810/844 859/1650/1230 1101/1811/845
f 1241/1662/765 1088/1664/765 1276/1812/846
f 1550/1719/847 869/1723/847 945/1814/848
f 871/1727/850 1091/1731/850 1095/1816/851
f 1551/1818/853 1567/1892/853 915/1819/854
f 872/1742/791 943/1748/793 886/1821/856
f 909/1777/857 1370/1911/1130 947/1823/858
f 1464/1820/855 915/1819/854 914/1825/860
f 1558/1752/861 874/1975/861 946/1826/862
f 875/1758/864 1092/1764/864 1097/1827/865
f 1245/1768/867 1361/1773/867 1262/1829/868
f 1461/1715/870 1521/1714/870 1523/1831/871
f 1287/1833/873 1286/1760/874 1460/1733/874
f 908/1824/859 947/1823/858 893/1835/876
f 1525/1836/878 1479/1740/879 1528/1746/879
f 1454/1658/764 1358/1660/764 1253/1837/881
f 1096/1828/882 1099/1846/892 1465/1839/883
f 1527/1729/787 1561/1736/790 1372/1841/885
f 1457/1708/886 1480/1843/888 1464/1820/887
f 1480/1843/888 1525/1836/878 1551/1818/880
f 948/1776/889 890/1855/909 891/1844/890
f 1099/1846/892 931/1701/1231 932/1847/893
f 1239/1645/894 1247/1784/896 1254/1848/895
f 1247/1784/896 1287/1833/873 1255/1834/875
f 1466/1849/897 1552/1850/899 1524/1691/898
f 1467/1832/872 1523/1831/871 1552/1850/899
f 887/1851/900 1256/1852/902 1362/1695/901
f 888/1830/869 1262/1829/868 1256/1852/902
f 1099/1846/903 1260/1853/905 1100/1699/904
f 1096/1828/866 1097/1827/865 1260/1853/905
f 883/1804/906 895/1854/908 867/1703/907
f 889/1790/863 946/1826/862 895/1854/908
f 890/1855/909 1454/1658/1232 892/1838/910
f 1548/1654/762 1520/1656/763 893/1835/911
f 946/1857/912 1107/1900/969 1257/1858/913
f 1375/1721/784 1478/1725/784 1124/1860/915
f 1525/1836/916 1266/1933/1099 1472/1862/917
f 895/1859/914 1257/1858/913 896/1863/919
f 1255/1834/921 1460/1733/1233 1476/1865/922
f 859/1650/760 857/1652/761 923/1867/923
f 1102/1868/924 1280/1869/926 1103/1683/925
f 1094/1817/852 1095/1816/851 1280/1869/926
f 897/1870/927 938/1871/929 865/1687/928
f 898/1815/849 945/1814/848 938/1871/929
f 888/1830/930 887/1851/936 899/1872/931
f 1133/1711/780 1285/1717/780 1126/1874/932
f 1287/1833/933 1115/1935/933 1251/1793/934
f 887/1851/936 1278/1697/1234 900/1876/937
f 1469/1877/938 1553/1878/940 1526/1675/939
f 1470/1809/843 1522/1808/842 1553/1878/940
f 901/1879/941 1259/1880/943 1363/1679/942
f 902/1807/840 1279/1806/839 1259/1880/943
f 889/1790/822 879/1792/822 1105/1881/944
f 1239/1645/757 1086/1648/759 1249/1787/945
f 1097/1827/946 1365/1908/946 1367/1882/947
f 876/1770/802 944/1774/802 904/1883/949
f 1241/1662/950 927/1886/952 1364/1885/951
f 927/1886/952 949/1800/831 1462/1801/833
f 863/1666/953 1135/1888/955 1106/1887/954
f 1135/1888/955 1127/1798/828 1252/1799/830
f 1556/1670/956 933/1890/958 905/1889/957
f 933/1890/958 881/1795/825 882/1797/827
f 1551/1818/853 1528/1746/1235 1559/1891/959
f 1260/1853/948 1367/1882/947 1261/1893/960
f 1096/1828/882 951/1840/884 950/1894/962
f 1467/1832/964 1466/1849/970 1119/1895/965
f 1529/1762/799 1562/1766/799 1128/1897/967
f 946/1857/912 874/1759/1236 935/1899/968
f 1466/1849/970 1474/1693/1237 1272/1901/971
f 888/1830/930 1104/1873/930 1108/1902/972
f 1262/1829/974 1113/1932/1223 1118/1903/975
f 1471/1756/796 1481/1969/977 1373/1904/977
f 1548/1654/978 907/1906/980 906/1905/979
f 907/1906/980 877/1782/813 878/1783/815
f 1097/1827/946 1092/1764/1238 1282/1907/981
f 1256/1852/976 1118/1903/975 1263/1909/982
f 859/1650/984 1134/1810/986 1109/1781/985
f 1134/1810/986 1125/1778/807 1246/1779/809
f 1454/1658/987 890/1855/989 908/1824/988
f 890/1855/989 948/1776/804 909/1777/806
f 910/1910/990 885/1822/991 886/1821/991
f 1370/1911/993 1371/1842/994 1372/1841/994
f 1289/1913/996 1468/1861/997 1124/1860/997
f 1264/1914/999 1258/1875/1000 1126/1874/1000
f 912/1916/1002 903/1884/1003 904/1883/1003
f 1555/1918/1005 1554/1898/1006 1128/1897/1006
f 1373/1904/1007 1481/1969/1007 1111/1920/1008
f 1284/1922/1010 1130/1970/1010 1129/1923/1011
f 940/1925/1013 952/1971/1013 953/1926/1014
f 1560/1928/1016 1131/1972/1016 942/1929/1017
f 1374/1931/1019 1482/1973/1019 1114/1896/1020
f 1282/1907/1022 1108/1902/1022 1104/1873/1023
f 935/1899/1025 950/1894/1025 951/1840/1026
f 1559/1891/1028 1105/1881/1028 879/1792/1029
f 1265/1866/1030 1476/1865/1031 1472/1862/1031
f 1267/1934/1033 1250/1794/1034 1251/1793/1034
f 1249/1787/1036 1116/1780/1038 1117/1786/1037
f 1116/1780/1038 1267/1934/1033 1115/1935/1035
f 1268/1936/1039 1271/1939/1041 1270/1937/1040
f 1271/1939/1041 1265/1866/1030 1266/1933/1032
f 915/1819/1042 880/1791/1042 884/1805/1043
f 1567/1892/1029 879/1792/1029 880/1791/1042
f 1257/1858/1044 1465/1839/1046 932/1847/1045
f 1107/1900/1027 951/1840/1026 1465/1839/1046
f 1367/1882/1047 899/1872/1049 900/1876/1048
f 1365/1908/1024 1104/1873/1023 899/1872/1049
f 1118/1903/1050 1119/1895/1052 1272/1901/1051
f 1113/1932/1021 1114/1896/1020 1119/1895/1052
f 917/1940/1053 941/1943/1055 918/1941/1054
f 1568/1930/1018 942/1929/1017 941/1943/1055
f 1283/1944/1056 1477/1947/1058 926/1945/1057
f 1112/1927/1015 953/1926/1014 1477/1947/1058
f 1368/1948/1059 936/1951/1061 937/1949/1060
f 1366/1924/1012 1129/1923/1011 936/1951/1061
f 1120/1952/1062 1121/1955/1064 1274/1953/1063
f 1110/1921/1009 1111/1920/1008 1121/1955/1064
f 919/1956/1065 954/1959/1066 921/1957/1066
f 1555/1918/1005 934/1919/1005 921/1957/1066
f 930/1788/1067 1277/1961/1069 1475/1960/1068
f 1277/1961/1069 912/1916/1002 913/1917/1004
f 1276/1812/1070 1369/1963/1072 928/1962/1071
f 1369/1963/1072 1264/1914/999 1123/1915/1001
f 1253/1837/1073 1288/1964/1075 891/1844/1074
f 1288/1964/1075 1289/1913/996 1098/1845/998
f 893/1835/1076 947/1823/1078 922/1965/1077
f 947/1823/1078 1370/1911/993 1122/1912/995
f 923/1867/1079 924/1966/1081 1463/1802/1080
f 924/1966/1081 910/1910/990 911/1803/992
f 1287/1833/933 1247/1784/816 1117/1786/818
f 1526/1675/768 919/1956/1082 920/1958/1082
f 906/1905/1083 924/1966/1090 923/1867/1084
f 1254/1848/1086 1271/1939/1091 1268/1936/1087
f 878/1783/1089 910/1910/1142 924/1966/1090
f 1255/1834/921 1265/1866/921 1271/1939/1091
f 1363/1679/769 1273/1954/1092 1274/1953/1092
f 907/1906/1093 1548/1654/1239 894/1856/1094
f 1480/1843/1096 1457/1708/1240 1269/1938/1097
f 877/1782/1098 907/1906/1093 922/1965/1095
f 1525/1836/916 1480/1843/1096 1270/1937/1096
f 1103/1683/770 1281/1950/1100 937/1949/1100
f 1364/1885/1101 1288/1964/1105 1253/1837/1102
f 1462/1801/1104 1289/1913/1150 1288/1964/1105
f 865/1687/771 939/1946/1106 926/1945/1106
f 1106/1887/1107 1369/1963/1111 1276/1812/1108
f 1252/1799/1110 1264/1914/1156 1369/1963/1111
f 1524/1691/773 916/1942/1112 918/1941/1112
f 927/1886/1113 1241/1662/1241 929/1813/1114
f 949/1800/1116 927/1886/1113 928/1962/1115
f 1362/1695/775 1263/1909/1117 1272/1901/1117
f 905/1967/1118 1277/1961/1122 930/1788/1119
f 882/1968/1121 912/1916/1166 1277/1961/1122
f 948/1776/889 1098/1845/891 1124/1860/1123
f 1100/1699/777 1261/1893/1125 900/1876/1125
f 1135/1888/1126 863/1666/1242 1093/1789/1127
f 909/1777/857 1527/1729/1243 1371/1842/1129
f 1127/1798/1131 1135/1888/1126 1475/1960/1128
f 1125/1778/834 911/1803/836 886/1821/1133
f 867/1864/778 896/1863/1135 932/1847/1135
f 1553/1878/1136 954/1959/1136 919/1956/1137
f 1246/1779/810 1132/1754/1244 1250/1794/1138
f 1522/1808/1140 1555/1918/1140 954/1959/1136
f 878/1783/1089 872/1742/1245 885/1822/1141
f 1549/1706/779 1458/1705/779 914/1825/1143
f 933/1890/1144 1556/1670/1145 920/1958/1145
f 877/1782/1098 1122/1912/1098 1372/1841/1146
f 881/1795/1148 933/1890/1144 921/1957/1144
f 1462/1801/1104 1375/1721/1246 1468/1861/1149
f 1457/1708/758 1459/1646/758 1268/1936/1151
f 1259/1880/1152 1120/1952/1159 1273/1954/1153
f 1252/1799/1110 1133/1711/1247 1258/1875/1155
f 1460/1733/789 1479/1740/789 1472/1862/1157
f 1279/1806/1158 1110/1921/1158 1120/1952/1159
f 949/1800/1116 1123/1915/1116 1126/1874/1160
f 1469/1877/1162 1473/1677/1248 1274/1953/1163
f 882/1968/1121 876/1770/1249 903/1884/1165
f 1558/1752/792 1105/1881/1167 1559/1891/1167
f 1470/1809/1168 1469/1877/1162 1121/1955/1164
f 1127/1798/1131 913/1917/1132 904/1883/1170
f 1280/1869/1172 1368/1948/1178 1281/1950/1173
f 1522/1808/1140 1529/1762/1175 1554/1898/1175
f 875/1758/797 950/1894/1176 935/1899/1176
f 1095/1816/1177 1366/1924/1177 1368/1948/1178
f 881/1795/1148 934/1919/1148 1128/1897/1179
f 901/1879/1181 1275/1681/1250 937/1949/1182
f 1279/1806/1158 1376/1750/1251 1373/1904/1184
f 1245/1768/801 1108/1902/1185 1282/1907/1185
f 902/1807/1186 901/1879/1181 936/1951/1183
f 1470/1809/1168 1111/1920/1169 1481/1969/1187
f 938/1871/1189 1283/1944/1195 939/1946/1190
f 1095/1816/1177 1091/1731/1252 1284/1922/1192
f 1461/1715/782 1482/1973/1193 1374/1931/1193
f 945/1814/1194 1112/1927/1202 1283/1944/1195
f 902/1807/1186 1129/1923/1186 1130/1970/1196
f 1102/1868/1198 925/1685/1253 926/1945/1199
f 945/1814/1194 869/1723/1254 940/1925/1201
f 1550/1719/783 1131/1972/1203 1560/1928/1203
f 1094/1817/1204 1102/1868/1198 1477/1947/1200
f 1094/1817/1204 953/1926/1205 952/1971/1206
f 1552/1850/1208 917/1940/1215 916/1942/1209
f 1523/1831/1211 1521/1714/1255 1560/1928/1212
f 871/1727/786 952/1971/1214 940/1925/1214
f 1523/1831/1211 1568/1930/1213 917/1940/1215
f 898/1815/1216 942/1929/1225 1131/1972/1217
f 897/1870/1219 1557/1689/1256 918/1941/1220
f 1262/1829/974 1361/1773/1257 1374/1931/1222
f 1244/1738/788 1130/1970/1224 1284/1922/1224
f 898/1815/1216 897/1870/1219 941/1943/1221
f 1467/1832/964 1114/1896/966 1482/1973/1226
